"id"	"family"	"title"	"doi"	"tei_path"	"openalex_cited_by_count"	"openalex_id"	"citation_retrieved_at"	"citation_tier"	"screening_decision"	"screening_reason"	"primary_parametric_dgp_analysis"	"influential_contextual_stratum"	"monte_carlo_status"	"n_simulation_experiments"	"n_dgp_structures"	"n_cells_by_experiment"	"n_dgp_cells_main_text"	"cell_count_status"	"n_replications_by_experiment"	"internal_bootstrap_counts"	"randomization_counts"	"real_data_status"	"n_real_datasets"	"real_dataset_class"	"real_dataset_names"	"real_data_role"	"n_real_with_perf"	"out_of_sample_evaluation"	"validation_scheme"	"method_proposed"	"comparators"	"metrics"	"simulation_sections_reviewed"	"simulation_text_characters_reviewed"	"simulation_scope_note"	"simulation_evidence_section"	"simulation_evidence_excerpt"	"real_data_evidence_section"	"real_data_evidence_excerpt"	"coding_status"	"coder_notes"	"axis_sample_size"	"axis_spatial_dependence"	"axis_weights_geometry"	"axis_noise_snr"	"axis_error_distribution"	"axis_heteroskedasticity"	"axis_nonlinearity"	"axis_x_correlation"	"axis_spatial_scale"	"axis_measurement_error"	"axis_missing_data"
"C01"	"complementary"	"A tuning parameter free test for properties of space-time covariance functions"	"10.1016/j.jspi.2009.05.008"	"corpus\papers\tei\C01.tei.xml"	"9"	"https://openalex.org/W2094878231"	"2026-09-17"	"below_200"	"candidate_review"	"simulation evidence found; confirm methodological contribution"	"yes"	"no"	"yes"	"multiple size/power experiments for univariate and multivariate symmetry/separability tests"	"univariate and multivariate space-time autoregressive processes under null and alternatives"	"grid size × time length × temporal correlation × null/alternative configurations"	"unclear"	"table_reconstruction_required"	"3000 per cell"	"none_explicitly_found"	"none_explicitly_found"	"yes"	"2"	"2"	"Pacific Ocean wind; Irish wind data"	"two real-data illustrations"	"unclear"	"no"	"in-sample hypothesis-test calibration"	"self-normalized tests of space-time symmetry and separability"	"two proposed self-normalized statistics; Li et al. subsampling-based test"	"empirical size; size-adjusted power"	"Simulation studies"	"352"	"DGP replications; bootstrap/randomization must be kept separate during manual verification."	"Simulation studies"	"In this section, we use the same simulation settings in Li et al. (2007 Li et al. ( , 2008) ) and make a thorough comparison with their tests in terms of finite-sample size and power. For the sake of readership, we present the details of the simulation setup. Throughout simulations, the significance level is 5% and the number of replications is 3000."	"Real data illustration"	"[Real data illustration] We revisit the two real data sets analyzed in Li et al. (2007) . For the Pacific Ocean wind data, it contains the east-west wind velocity from a region over the tropical western Pacific Ocean for the period from November 1992 to February 1993. The winds are given every 6 h and at a 17 × 17 grid with grid interval of about 210 km. Following Li et al. (2007) , we remove the time-averaged mean for each grid location and choose the same spatio-temporal testing lags as used in their paper, which results in q = 15. Tables 5 and 6 show the test results for full symmetry and separability, respectively. Note that the 90%, 95%, 97.5%, 99%, 99.5% upper critical values of U 15 are 1662, 1957, 2261, 2658 and 2956, respectively; see Table 1 in Lobato (2001) . In our table, we only give a range for the p-values of our tests, but the exact p-values can be obtained through simulations when necessary. Compared to Li et al.'s test, the p-value corresponding to our test seems larger, which may lead to different conclusions. For example, in the case of symmetry test, when h = (10, 11, 12) and u = (1, 3, 5, 7, 9), our test would fail to reject the null hypothesis at 5% level, while Li et al.'s test rejects. Nevertheless, since the truth is unknown (i.e. whether the symmetry holds in this case), it is difficult to make judgement on the validity of the different conclusions d…"	"simulation_manually_verified"	"Simulation design checked against full TEI; uncertainty is explicitly retained where tables do not permit an exact total."	"yes_candidate"	"unclear"	"unclear"	"unclear"	"unclear"	"unclear"	"unclear"	"unclear"	"unclear"	"unclear"	"unclear"
"C02"	"complementary"	"Spatial measurement error and correction by spatial SIMEX in linear regression models when using predicted air pollution exposures"	"10.1093/biostatistics/kxv048"	"corpus\papers\tei\C02.tei.xml"	"44"	"https://openalex.org/W2305331653"	"2026-09-17"	"below_200"	"candidate_review"	"simulation evidence found; confirm methodological contribution"	"yes"	"no"	"yes"	"4"	"correct kriging models (constant/covariate means, smooth/rough fields); omitted-covariate misspecification; estimated error covariance; non-Gaussian covariates"	"monitor counts 20/40 × exposure-surface/mean-model and misspecification settings × SIMEX assumptions"	"not uniquely enumerable from reported scenario descriptions"	"verified_complex_design_replication_count_not_reported"	"not reported in the article text"	"200 per spatial-SIMEX standard-error calculation"	"none_explicitly_found"	"yes"	"1"	"1"	"Massachusetts birth registry and PM2.5 exposure study"	"empirical analysis"	"unclear"	"yes"	"held-out monitors used to estimate classical-error covariance in designated scenarios; bootstrap kept separate from DGP repetitions"	"spatial SIMEX for misspecified exposure models"	"naive plug-in; Berkson-error analysis; linear and quadratic spatial SIMEX"	"health-effect bias; standard error; confidence-interval coverage"	"Simulation Step. | Simulation Study"	"5188"	"DGP replications; bootstrap/randomization must be kept separate during manual verification."	"Simulation Study"	"We conduct a simulation study to explore the degree of bias for small sample estimation error when the exposure model is correctly specified. We consider a small number of monitors, m = 20 and m = 40. In scenario IA, we assume a constant mean model, so all of the exposure variability comes from the spatially correlated residuals. First, we consider a smooth surface that satisfies the smoothness conditions needed in our Taylor expansion. For our Matérn covariance function, we chose covaria"	"Data Example: Association between air pollution and low birthweight"	"[Data Example: Association between air pollution and low birthweight] We applied our spatial SIMEX method to a study of birthweight and particulate matter exposure during pregnancy in Massachusetts. The objective of the study was to estimate the association between birthweight and PM 2.5 exposure during the second and third trimesters. The study population included all singleton live births in Massachusetts from the Massachusetts Birth Registry during 2008 (January 1 to December 31), a total of 70,340 births. Individual-level data on the mother and baby come from the Massachusetts Birth Registry. Confounders in the health model include maternal age, gestational age, number of cigarettes smoked during and before pregnancy, chronic conditions of mother or conditions of pregnancy (lung disease, hypertension, gestational diabetes and non-gestational diabetes), and socioeconomic measures (mother's race, mother's years of education, and the Kotelchuck index of adequacy of prenatal care utilization). Area-level socioeconomic status is controlled by census-tract median household income using data from the United States Census Bureau of 2000 for each census tract in Massachusetts. These covariates are consistent with the published literature on birthweight and particulate matter (Dadvand and others, 2013) . Some studies also adjust for co-pollutant exposures, such as ozone, although th…"	"simulation_manually_verified"	"Full TEI rechecked. Four scenario families and their subsettings are described, but a total DGP replication count is not reported. K=200 is the bootstrap standard-error step inside spatial SIMEX and is not a DGP replication count."	"unclear"	"yes_candidate"	"yes_candidate"	"unclear"	"yes_candidate"	"unclear"	"unclear"	"unclear"	"unclear"	"unclear"	"unclear"
"C03"	"complementary"	"A double fixed rank kriging approach to spatial regression models with covariate measurement error"	"10.1002/env.2771"	"corpus\papers\tei\C03.tei.xml"	"3"	"https://openalex.org/W4306408135"	"2026-09-17"	"below_200"	"candidate_review"	"simulation evidence found; confirm methodological contribution"	"yes"	"no"	"yes"	"1 principal factorial plus supplementary sensitivity experiments"	"2 response distributions (Poisson; binomial) with spatial covariate measurement error and residual spatial effect"	"2 responses × 3 measurement-error levels × 3 sample sizes = 18 principal cells"	"18"	"exact_principal_design"	"1000 per sample-size/response/error setting"	"none_explicitly_found"	"none_explicitly_found"	"yes"	"1"	"1"	"Carolina wren presence-absence and PRISM climate data"	"empirical application"	"unclear"	"yes"	"simulation parameter recovery; empirical train/test prediction in Carolina-wren application"	"double fixed-rank kriging (dFRK)"	"dFRK; corrected nonspatial; naive spatial FRK; naive nonspatial"	"coefficient bias; estimated-to-empirical SD ratio; predictive MSE; predictive deviance; AUC"	"SIMULATION STUDY"	"10065"	"DGP replications; bootstrap/randomization must be kept separate during manual verification."	"SIMULATION STUDY"	"s i = (s i1 , s i2 ); i = 1, … , 22,500 in the unit square [0, 1] 2 . Given the set of s i 's, we then generated two true error-free spatially correlated covariates as follows. We simulated the first vector {x 1 (s 1 ), … , x 1 (s 22,500 )} from a Gaussian field with Matérn covariance for two spatial locations s, s * , where 𝜁 2 is the marginal variance, 𝜐 is the smoothness parameter controlling the mean-square differentiability of a Gaussian process with said covariance function, 𝜏 is the spatial range parameter, and K 𝜐 (⋅) is the modified Bessel function of the second kind of order 𝜐. We set 𝜁 2 = 0.5, 𝜐 = 1, 𝜏 = 0.1 where the spatial ran…"	"APPLICATION TO CAROLINA WREN PRESENCE-ABSENCE DATA"	"[APPLICATION TO CAROLINA WREN PRESENCE-ABSENCE DATA] We illustrate an application of the proposed double FRK method on our motivating Carolina wren presence-absence data. Recall that, alongside the response, we have data from the PRISM project on spatially indexed climate variables that we use as covariates. Briefly, PRISM is a weighted, local regression technique that accounts for physiographic factors affecting spatial climate variations, and has been used extensively in the United States, Europe and Asia (Bishop & Beier, 2013; Daly et al., 2003 Daly et al., , 2008)) . In constructing estimates of climate variables, PRISM takes into account factors such as distance, elevation, coastal proximity, vertical atmospheric layer and topographic position among others. For the purposes of this article, we obtained (from the authors of Stoklosa et al., 2015) model-generated 1971-2000 mean minimum temperatures in January and 1971-2000 mean maximum temperatures in July for a conterminous USA, both at a grid cell resolution of 30 arcs (averages to about 800 m on a side). These values, as well as their corresponding measurement errors, are displayed in Figure 3 . Because in this particular application we have knowledge of the measurement errors, we will make use of this in comparing double FRK to some other measurement error methods that rely on this information. Note interestingly though…"	"simulation_manually_verified"	"Simulation design checked against full TEI; uncertainty is explicitly retained where tables do not permit an exact total."	"yes_candidate"	"yes_candidate"	"yes_candidate"	"yes_candidate"	"yes_candidate"	"unclear"	"unclear"	"unclear"	"yes_candidate"	"yes_candidate"	"unclear"
"C04"	"complementary"	"PDE-regularised spatial quantile regression"	"10.1016/j.jmva.2024.105381"	"corpus\papers\tei\C04.tei.xml"	"8"	"https://openalex.org/W4403714627"	"2026-09-17"	"below_200"	"candidate_review"	"simulation evidence found; confirm methodological contribution"	"yes"	"no"	"yes"	"2"	"heteroskedastic fields on irregular horseshoe domain; anisotropic fields on square domain"	"3 heteroskedastic scenarios + 3 anisotropy scenarios = 6, each evaluated at 5 quantiles"	"6"	"exact_dgp_scenarios"	"100 per scenario"	"none_explicitly_found"	"none_explicitly_found"	"yes"	"2"	"2"	"Switzerland rainfall; Gulf of Mexico sea-surface conductivity"	"two empirical applications"	"unclear"	"no"	"in-sample recovery of known quantile fields"	"spatial quantile regression with PDE regularization (SQR-PDE)"	"SOAP/H-SOAP; TPS/H-TPS; quantile smoothing splines; isotropic/anisotropic SQR-PDE"	"quantile-surface RMSE; computation time"	"Simulation studies | First simulation setup: field over irregular domain | Second simulation setup: anisotropic field over regular domain"	"8220"	"DGP replications; bootstrap/randomization must be kept separate during manual verification."	"Simulation studies"	"In this section, we present the results of two simulation studies, in order to assess the performance of the proposed method and to compare it with alternative existing approaches. We consider heteroscedastic data generating models, defined as with 𝑖 ∈ {1, … , 𝑛}, and where 𝜇 ∶ 𝛺 → R is the spatial mean surface, and 𝜎 ∶ 𝛺 → R + is the standard deviation surface. In the first simulation, we consider three combinations of mean and standard deviation surfaces defined over a non-trivial horseshoe domain. In the second simulat"	"Switzerland rainfall data | Sea surface conductivity in the Gulf of Mexico"	"[Switzerland rainfall data] We apply the proposed spatial quantile regression method to the Switzerland rainfall data, illustrated in Figs. 1 and 9 , collecting 467 rainfall measurements (in 1∕10 mm units) recorded on May 8, 1986 . This dataset has already been analysed in, e.g., [12, 64, 65] . In these works the authors estimated the underlying spatial field employing several geostatistical approaches, taking into account the macroscopic southwest-northeast directional anisotropy characterising the spatial mean of the underlying data-generating process. These works are restricted to mean field estimation. In our work, we instead explore quantile levels, therefore obtaining additional insights, and highlighting areas of exceedingly high or low precipitation. Indeed, meteorological data cannot be solely characterised by a spatially varying mean. Precipitation, temperature, pressure, humidity, and possibly other climatic variables, often have distributions manifesting heteroscedasticity and local skewness, as well as fat tails and extreme values. This is the case also for the Switzerland rainfall data, for which we can observe a highly heteroscedastic spatial distribution, where regions showing higher precipitation levels also have higher variability. For the sake of illustration, we first replicate the analysis proposed by [64] , which developed an anisotropic spatial linear re…"	"simulation_manually_verified"	"Simulation design checked against full TEI; uncertainty is explicitly retained where tables do not permit an exact total."	"yes_candidate"	"unclear"	"yes_candidate"	"unclear"	"yes_candidate"	"yes_candidate"	"unclear"	"unclear"	"unclear"	"unclear"	"unclear"
"C05"	"complementary"	"Quantile regression for partially linear varying coefficient spatial autoregressive models"	"10.1080/03610918.2022.2154365"	"corpus\papers\tei\C05.tei.xml"	"9"	"https://openalex.org/W2484874274"	"2026-09-17"	"below_200"	"candidate_review"	"simulation evidence found; confirm methodological contribution"	"yes"	"no"	"yes"	"2"	"homoskedastic and heteroskedastic partially linear varying-coefficient SAR"	"2 DGPs × 4 sample sizes × 3 quantiles = 24 principal estimation cells; test-power alternatives reported separately"	"24"	"exact_principal_design"	"1000 per cell"	"none_explicitly_found"	"none_explicitly_found"	"yes"	"1"	"1"	"Boston housing"	"empirical illustration"	"unclear"	"no"	"in-sample estimation and hypothesis-test calibration"	"instrumental-variable quantile regression for PLVCSAR"	"IVQR; ordinary quantile regression; constant-coefficient SAR"	"bias; RMSE; mean absolute deviation error; confidence intervals; test size; power"	"Monte Carlo simulations"	"336"	"DGP replications; bootstrap/randomization must be kept separate during manual verification."	"Monte Carlo simulations"	"In this section, we conduct Monte Carlo simulations to investigate the finite sample performance of the proposed estimation and inference methods. The Monte Carlo simulations are repeated 1000 times for each sample size n = 100, 200, 500, 800. The quantile regression based estimators are calculated for quantiles τ = (0.25, 0.5, 0.75)."	"Illustration"	"[Illustration] In this section, we apply the proposed estimation method to the Boston housing price data, 5 . From Table 5 , we can see that the effect of X 2 is varying at quantile 0.2-0.9, the effect of X 3 is varying at quantile 0.6, the effect of X 5 is varying at quantile 0.4-0.8, and the coefficients of the other two variables are constant at all quantile levels. It is noted that the result is a little different from Sun, et al. (2014) . In which, coefficients of where w ij is the (i, j)th element of W , W is the spatial weight matrix generated by the longitude and latitude of the 506 observations (LeSage, 1999, p68). Table 7 reports the estimates of the constant coefficients ρ, γ 1 , γ 3 and γ 4 , which shows the per capita crime rate by town (X 1 ) and full-value property-tax rate per $10,000 dollar (X 4 ) has negative impact on house price, the index of accessibility to radial highways (X 3 ) has positive impact on house price. Besides, the coefficient of spatial correlation is 0.1 at τ = 0.1, 0.3, 0.7, 0.05 at τ = 0.5, and -0.25 at τ = 0.9, which indicates the house prices in a neighborhood do affect each other. Table 4: Size and power for testing H 0 : β = 0 and H 0 : γ 1 (u) = γ 1 at τ = 0.5 and n = 200. Here the nominal significance level is 0.05. Example 1 Example 2 Example 1 Example 2 β QR IVQR QR IVQR η QR IVQR QR IVQR 0 0.0619 0.0530 0.0548 0.0486 0 0.0400 0.0…"	"simulation_manually_verified"	"Simulation design checked against full TEI; uncertainty is explicitly retained where tables do not permit an exact total."	"yes_candidate"	"unclear"	"unclear"	"unclear"	"unclear"	"unclear"	"unclear"	"unclear"	"unclear"	"unclear"	"unclear"
"E01"	"spatial_econometrics"	"A Generalized Moments Estimator for the Autoregressive Parameter in a Spatial Model"	"10.1111/1468-2354.00027"	"corpus\papers\tei\E01.tei.xml"	"1493"	"https://openalex.org/W2144751663"	"2026-09-17"	"very_high_500_plus"	"candidate_review"	"simulation evidence found; confirm methodological contribution"	"yes"	"no"	"yes"	"2"	"1"	"45; 63"	"108"	"exact"	"500; 500"	"none_explicitly_found"	"none_explicitly_found"	"no"	"0"	"0"	""	"none"	"unclear"	"no"	"unclear"	"generalized moments estimator"	"GMM; QML; NLS; OLS"	"bias; RMSE; interquantile dispersion"	"A Monte Carlo Model Study"	"20124"	"DGP replications; bootstrap/randomization must be kept separate during manual verification."	"A Monte Carlo Model Study"	"em with those of the (quasi) maximum likelihood estimator ρQML defined as the maximizer of the normal log-likelihood function (3). 15 For this purpose we have conducted a two part Monte Carlo study. The first part of the Monte Carlo study is based on ""idealized"" weighting matrices M which differ in size and in the number of neighbors. For these idealized weighting matrices the number of neighbors per unit is taken to be the same in each of the respective matrices. For future reference, we note that, for a given sample size, the number of neighbors per unit can be viewed as a measure of the sparseness of that matrix. In using these idealized…"	"An Application to the Generalized Least Squares Model"	"[An Application to the Generalized Least Squares Model] As discussed, the vector u defined in (1) will often represent the vector of disturbances of some econometric model. In such cases ρ will often be a nuisance parameter in the sense that the asymptotic distribution of some estimator of the model parameters of interest will be the same if ρ is known or if ρ is replaced by a consistent estimator. In many of these cases it will be possible to estimate the disturbances N 1/2 -consistently in a first step. The force of Theorem 1 is that based on those estimated disturbances a simple and consistent estimator of ρ is available. In the following we illustrate this point within the context of a linear regression model with spatially autoregressive disturbances. In particular, consider the following model: where y is the N × 1 vector of observations on the dependent variable, X is the N × K matrix of observations on the explanatory variables, β is the K×1 vector of unknown model parameters and u is the vector of disturbances assumed to be generated by (1) . As discussed in Section 2, in general, the elements of u and hence those of y will depend on N . For reasons of generality we also permit the elements of X to depend on N , but again we do not indicate this possible dependence on N explicitly. We maintain the following typical assumptions for the regressor matrix X and the varian…"	"simulation_manually_verified"	"Simulation design checked against full TEI; uncertainty is explicitly retained where tables do not permit an exact total."	"yes_candidate"	"yes_candidate"	"unclear"	"unclear"	"yes_candidate"	"unclear"	"unclear"	"unclear"	"unclear"	"unclear"	"unclear"
"E02"	"spatial_econometrics"	"GMM and 2SLS estimation of mixed regressive, spatial autoregressive models"	"10.1016/j.jeconom.2005.10.004"	"corpus\papers\tei\E02.tei.xml"	"466"	"https://openalex.org/W2117420831"	"2026-09-17"	"high_200_499"	"exclude_no_monte_carlo"	"Methodological theory article; prior full-text screening found neither Monte Carlo experiment nor empirical application."	"no"	"no"	"no"	"0"	"0"	"0"	"0"	"not_applicable"	"not_applicable"	"none_explicitly_found"	"none_explicitly_found"	"no"	"0"	"0"	""	"none"	"unclear"	"unclear"	"unclear"	"unclear"	"unclear"	"unclear"	""	"0"	"DGP replications; bootstrap/randomization must be kept separate during manual verification."	""	""	""	""	"screening_resolved_no_simulation"	"Resolved at screening: no simulation or empirical application. This record has no TEI among the current 67-file corpus and is outside the quantitative denominator."	"unclear"	"unclear"	"unclear"	"unclear"	"unclear"	"unclear"	"unclear"	"unclear"	"unclear"	"unclear"	"unclear"
"E03"	"spatial_econometrics"	"GMM estimation of spatial autoregressive models with unknown heteroskedasticity"	"10.1016/j.jeconom.2009.10.035"	"corpus\papers\tei\E03.tei.xml"	"266"	"https://openalex.org/W2112531842"	"2026-09-17"	"high_200_499"	"candidate_review"	"simulation evidence found; confirm methodological contribution"	"yes"	"no"	"yes"	"2"	"2 variance structures"	"8 main estimation cells; test design reported separately"	"lower_bound_8"	"lower_bound"	"1000; 1000"	"none_explicitly_found"	"none_explicitly_found"	"yes"	"1"	"1"	"US county teenage-pregnancy rates"	"empirical illustration"	"unclear"	"no"	"unclear"	"heteroskedasticity-robust GMM"	"MLE; GMME; robust GMME; 2SLS/B2SLS; Hausman and LM tests"	"mean; bias; SD; RMSE; empirical size; power"	"Monte Carlo Study | Monte Carlo Results for the Tests"	"11462"	"DGP replications; bootstrap/randomization must be kept separate during manual verification."	"Monte Carlo Study"	"Some Monte Carlo experiments are designed to study the finite sample properties of the various robust and non-robust estimators. We focus on the case of group interactions. The data generating process is as follows. There are two regressors in addition to the intercept term, which are generated as x ir,1 ∼ N (3, 1) and x ir,2 ∼ U (-1, 2). The size of each group is determined by a uniform U (3, 20) variable (round to the closest integer), so the mean group size is about 11. The erro"	"Application to County Teenage Pregnancy Rates"	"[Application to County Teenage Pregnancy Rates] Teenage pregnancy is one of the contexts where social interaction effects are believed to be most important. Jencks and Mayer (1990) , for example, conclude that, ""neighborhoods and classmates probably have a stronger effect on sexual behavior than on cognitive skills, school enrollment decisions, or even criminal activity."" Many studies, including Hogan and Kitagawa (1985) , Crane (1991) , Case and Katz (1991) and Evans et al., (1992) , analyze neighborhood effects in teenage pregnancy by using micro-data. It would be of interest to study the spatial effects at more aggregated levels and see how county teenage pregnancy rates are affected by each other. We suspect the possible presence of unknown heteoskedasticity in this aggregated data. Therefore, we apply the RGMM 18 In the variance design V-D1, the group size variable in the variance function is nonlinear and complicated. So the linear index specification of the variance for the LM test provides only an approximation to the true variance function. Our intention is to see whether a linear index approximation can capture the alternative in its power function, since in practice we may not know the exact variance function. 19 The results of the Hausman-type tests reported in Table 6 are those with the Moore-Penrose generalized inverse. 20 This may indicate that the linear index…"	"simulation_manually_verified"	"Simulation design checked against full TEI; uncertainty is explicitly retained where tables do not permit an exact total."	"unclear"	"yes_candidate"	"yes_candidate"	"unclear"	"unclear"	"yes_candidate"	"yes_candidate"	"unclear"	"unclear"	"unclear"	"unclear"
"E04"	"spatial_econometrics"	"Specification and estimation of spatial autoregressive models with autoregressive and heteroskedastic disturbances"	"10.1016/j.jeconom.2009.10.025"	"corpus\papers\tei\E04.tei.xml"	"1080"	"https://openalex.org/W3121675824"	"2026-09-17"	"very_high_500_plus"	"candidate_review"	"simulation evidence found; confirm methodological contribution"	"yes"	"no"	"yes"	"1"	"homoskedastic; heteroskedastic"	"unclear"	"not reported"	"not_reported_in_article"	"not reported in this article; details referred to Kelejian and Prucha (2007b)"	"none_explicitly_found"	"none_explicitly_found"	"no"	"0"	"0"	""	"none"	"unclear"	"no"	"unclear"	"GS2SLS/GM for SARAR"	"GS2SLS/GM; ML"	"bias; rejection rate"	"Some Monte Carlo results"	"1465"	"DGP replications; bootstrap/randomization must be kept separate during manual verification."	"Some Monte Carlo results"	"In order to obtain some insights relating to the small sample properties of our suggested estimators, as well as the quasi-maximum likelihood estimator, we undertook a limited Monte Carlo study. Because of space constraints we do not report the details of that study here; however, those details can be found in Kelejian and Prucha (2007b) . In essence the results of that Monte Carlo study were quite consistent with the theoretical results presented above. Specifically, in our considered cases with heteroskedastic innovations the generalized spatial 2SLS/GM estimators had very little bias even in small samples. In contrast, the ML estimators w…"	""	""	"simulation_manually_verified"	"Full TEI rechecked. Section 5 states that the limited Monte Carlo details are omitted for space and deferred to Kelejian and Prucha (2007b); no cell or replication total can be reconstructed from this article."	"yes_candidate"	"unclear"	"unclear"	"unclear"	"unclear"	"yes_candidate"	"unclear"	"unclear"	"unclear"	"unclear"	"unclear"
"E05"	"spatial_econometrics"	"A Spatial Cliff-Ord-Type Model With Heteroskedastic Innovations: Small and Large Sample Results"	"10.1111/j.1467-9787.2009.00618.x"	"corpus\papers\tei\10_1111_j_1467_9787_2009_00618_x.tei.xml"	"266"	"https://openalex.org/W2166856702"	"2026-09-17"	"high_200_499"	"candidate_review"	"simulation evidence found; confirm methodological contribution"	"yes"	"no"	"yes"	"1"	"homoskedastic; heteroskedastic"	"multiple W/sample/parameter cells across Tables 2-14"	"unclear"	"table_reconstruction_required"	"2000"	"none_explicitly_found"	"none_explicitly_found"	"no"	"0"	"0"	""	"none"	"unclear"	"no"	"unclear"	"heteroskedasticity-robust GS2SLS/GM"	"GS2SLS/GM; ML"	"bias; SD; RMSE; rejection rate"	"Monte Carlo Experiments | Monte Carlo Results"	"9367"	"DGP replications; bootstrap/randomization must be kept separate during manual verification."	"Monte Carlo Experiments"	"In this section we give Monte Carlo results which suggest that our estimators and corresponding test statistics behave well in finite samples. Our Monte Carlo model is a special case of the one specified in (1) and ( 2 ). Our experimental design is somewhat similar to those used in the literature by Kelejian and Prucha (1999, 2007a) and by Anselin and Florax (1995) ."	""	""	"simulation_manually_verified"	"Simulation design checked against full TEI; uncertainty is explicitly retained where tables do not permit an exact total."	"yes_candidate"	"yes_candidate"	"yes_candidate"	"unclear"	"unclear"	"yes_candidate"	"unclear"	"unclear"	"unclear"	"unclear"	"unclear"
"E06"	"spatial_econometrics"	"Efficient estimation of the semiparametric spatial autoregressive model"	"10.1016/j.jeconom.2009.10.031"	"corpus\papers\tei\E06.tei.xml"	"46"	"https://openalex.org/W2149504484"	"2026-09-17"	"below_200"	"candidate_review"	"simulation evidence found; confirm methodological contribution"	"yes"	"no"	"yes"	"1"	"multiple error distributions"	"unclear"	"unclear"	"table_reconstruction_required"	"1000"	"none_explicitly_found"	"none_explicitly_found"	"no"	"0"	"0"	""	"none"	"unclear"	"no"	"unclear"	"adaptive semiparametric SAR estimator"	"adaptive estimator; OLS; benchmark likelihood-based estimators"	"bias; MSE"	"Finite Sample Performance"	"7613"	"DGP replications; bootstrap/randomization must be kept separate during manual verification."	"Finite Sample Performance"	"The behaviour of our adaptive estimates in …nite sample sizes was examined in a small Monte Carlo study. The spatial weight matrix W given by (1.4) was employed, with three di¤erent choices of (p; q): (8,12), (11,18), (14,28). These correspond to n = 96, 198 and 392, and are intended to represent a slow approach to the asymptotic behaviour of (3.1). For each n, scalar explanatory variables x 1 ; :::; x n were generated as iid uniform (0; 1) observations, and then kept …xed throughout the study, to conform to the non-stochastic aspect of Assumption 2. The "" i we"	""	""	"simulation_manually_verified"	"Simulation design checked against full TEI; uncertainty is explicitly retained where tables do not permit an exact total."	"unclear"	"unclear"	"yes_candidate"	"unclear"	"yes_candidate"	"unclear"	"unclear"	"unclear"	"unclear"	"unclear"	"unclear"
"E07"	"spatial_econometrics"	"On Two-Step Estimation of a Spatial Autoregressive Model with Autoregressive Disturbances and Endogenous Regressors"	"10.1080/07474938.2013.741020"	"corpus\papers\tei\E07.tei.xml"	"232"	"https://openalex.org/W1999854284"	"2026-09-17"	"high_200_499"	"candidate_review"	"simulation evidence found; confirm methodological contribution"	"yes"	"no"	"yes"	"1"	"1 SARAR with endogenous regressor"	"four lattice/sample configurations × parameter settings"	"unclear"	"table_reconstruction_required"	"2500"	"none_explicitly_found"	"none_explicitly_found"	"no"	"0"	"0"	""	"none"	"unclear"	"no"	"unclear"	"two-step estimator for SARAR with endogenous regressors"	"proposed estimator and associated tests"	"bias; SD; estimated SD; rejection rate; R2"	"Monte Carlo Study | Monte Carlo Experiments | Monte Carlo Results"	"6702"	"DGP replications; bootstrap/randomization must be kept separate during manual verification."	"Monte Carlo Experiments"	"The model we employ in our Monte Carlo analysis is a special case of the one specified in (1) and ( 2 ) with M  = W  , one outside endogenous variable in Y  = e y  and one exogenous variable in X  = x  : We have dropped the zero subscripts used to identify the true parameter values to simplify the notation. The outside endogenous variable is assumed to be generated as: where e x  is an exogenous variable, e ²  is an  × 1 vector of innovations, and e  and e  are coefficients. To simulate the d"	""	""	"simulation_manually_verified"	"Simulation design checked against full TEI; uncertainty is explicitly retained where tables do not permit an exact total."	"yes_candidate"	"unclear"	"yes_candidate"	"unclear"	"yes_candidate"	"unclear"	"unclear"	"unclear"	"unclear"	"unclear"	"unclear"
"E08"	"spatial_econometrics"	"GMM estimation of spatial autoregressive models with moving average disturbances"	"10.1016/j.regsciurbeco.2013.09.002"	"corpus\papers\tei\E08.tei.xml"	"25"	"https://openalex.org/W3126137460"	"2026-09-17"	"below_200"	"candidate_review"	"simulation evidence found; confirm methodological contribution"	"yes"	"no"	"yes"	"1"	"2"	"SARMA(1,1); SARMA(0,1), each with parameter settings"	"lower_bound_2"	"lower_bound"	"1000"	"none_explicitly_found"	"none_explicitly_found"	"yes"	"1"	"1"	"bilateral trade-flow gravity data"	"empirical illustration"	"unclear"	"no"	"unclear"	"best GMM estimator (BGMME)"	"BGMME; MLE; QMLE; GS2SLSE"	"bias; RMSE; precision/efficiency"	"Introduction | Design | Results"	"15778"	"DGP replications; bootstrap/randomization must be kept separate during manual verification."	"Results"	"e bias, while the GS2SLSE of ρ 0 has positive bias. The additional moment functions exploited by the BGMME of ρ 0 seem to improve the precision of the estimator in both cases. The simulation results for β 10 and β 20 are presented in Tables 5 through 8 . We find that all estimators impose almost no bias on β 1 and β 2 , except for the MLE and the QMLE when λ 0 = -0.6. Both BGMME and GS2SLSE are as precise as the MLE in case (1). In case (2), the BGMME is more efficient than both QMLE and GS2SLSE as indicated by RMSEs. This result indicates that the additional moment functions considered for the BGMME are more useful for the estimation of the…"	"Empirical illustration"	"[Empirical illustration] The empirical illustration replicates columns 1-3 of Table 2 in Behrens et al. (2012), which estimates the so-called gravity equation system using techniques borrowed from spatial econometrics. The gravity equation system yields convenient regression specifications for the analysis of bilateral trade flows. However, estimation is not straightforward owing to the problem of how to account for the interdependence between trade flows. Some earlier studies try to control for interdependence by employing ad hoc regional remoteness indices or by including origin and destination specific fixed effects. Such approaches implicitly assume that trade flows between any two trading partners are independent from the rest of the world, which has no theoretical foundation. Behrens et al. (2012) makes the observation that structural estimation of gravity equation systems depends on the correct treatment of the unobservable price indices. Their idea is to utilize, instead, some other observed factor that has one-to-one correspondence with unobserved price indices. To do so, they derive a gravity equation from the quantity-based version of the constant elasticity of substitution (CES) model by making the observation that price indices in this model are implicit functions of trade flows. Conveniently, the solution yields an econometric specification that properly accounts…"	"simulation_manually_verified"	"Simulation design checked against full TEI; uncertainty is explicitly retained where tables do not permit an exact total."	"yes_candidate"	"yes_candidate"	"yes_candidate"	"unclear"	"yes_candidate"	"unclear"	"unclear"	"unclear"	"unclear"	"yes_candidate"	"unclear"
"E09"	"spatial_econometrics"	"Spatial autoregressive models with unknown heteroskedasticity: A comparison of Bayesian and robust GMM approach"	"10.1016/j.regsciurbeco.2013.12.003"	"corpus\papers\tei\E09.tei.xml"	"22"	"https://openalex.org/W2025757672"	"2026-09-17"	"below_200"	"candidate_review"	"simulation evidence found; confirm methodological contribution"	"yes"	"no"	"yes"	"1"	"heteroskedastic SAR"	"4 spatial-layout combinations × parameter settings"	"lower_bound_4"	"lower_bound"	"1000"	"none"	"none_explicitly_found"	"yes"	"2"	"2"	"Boston housing; dual gravity/trade data"	"two illustrative applications"	"unclear"	"no"	"unclear"	"robust GMM and Bayesian MCMC estimators"	"MLE; RGMME; Bayesian BE1; Bayesian BE2"	"bias; SD; RMSE; direct/indirect/total effects"	"Monte Carlo experiments | Simulation results"	"8563"	"DGP replications; bootstrap/randomization must be kept separate during manual verification."	"Introduction"	"present study, we evaluate the performance of various heteroskedasticity robust estimators suggested in the literature for spatial autoregressive models. To this end, we conduct a Monte Carlo study and provide two empirical illustrations to show how these estimators perform in applied research. In the presence of heteroskedastic disturbances, the ML and GMM estimators are generally inconsistent. The ML estimator is inconsistent if heteroskedasticity is not incorporated into estimation, because the likelihood function is not maximized at the true parameter values. 2 The GMM estimators are also inconsistent since the moment functions are often…"	"Housing price model | Dual gravity model"	"[Housing price model] In the first illustrative application, the Harrison and Rubinfeld (1978) data set described in Gilley and Kelley Pace (1996) is used to estimate a hedonic housing-price model for a sample of 506 observations of census tracts in the Boston Standard Metropolitan Area in 1970. This data set has been used by many authors to illustrate various econometric techniques, see for example LeSage (1999) and Baltagi (2008). In this application, the median house price is explained by thirteen variables that are described more fully in Table 9 of Appendix C: per-capita crime rate by town, proportion of residential land zoned for lots over 25,000 ft 2 , proportion of non-retail business acres per town, Charles River dummy variable, nitric oxides concentration parts per 10 million, average number of rooms per dwelling, proportion of owner-occupied units built prior to 1940, weighted distance to five Boston employment centers, index of accessibility to radial highways, full-value property tax rate, pupil-teacher ratio by town, proportion of blacks per town, and proportion of lower class per town. 37 We construct a contiguity weight matrix following LeSage (1999, p.115). 38 The estimation results are given in Table 1 . First of all, the null hypothesis of no heteroskedasticity is rejected as indicated by the Breusch-Pagan LM tests and its Koenker version. 39 The presence of…"	"simulation_manually_verified"	"Simulation design checked against full TEI; uncertainty is explicitly retained where tables do not permit an exact total."	"yes_candidate"	"yes_candidate"	"yes_candidate"	"unclear"	"yes_candidate"	"yes_candidate"	"unclear"	"unclear"	"unclear"	"unclear"	"unclear"
"E10"	"spatial_econometrics"	"Estimating a spatial autoregressive model with an endogenous spatial weight matrix"	"10.1016/j.jeconom.2014.08.008"	"corpus\papers\tei\E10.tei.xml"	"312"	"https://openalex.org/W2075346238"	"2026-09-17"	"high_200_499"	"candidate_review"	"simulation evidence found; confirm methodological contribution"	"yes"	"no"	"yes"	"1"	"1 endogenous-W SAR"	"3 endogeneity levels × 2 spatial-dependence levels = 6, before other settings"	"lower_bound_6"	"lower_bound"	"1000"	"none_explicitly_found"	"none_explicitly_found"	"no"	"0"	"0"	""	"none"	"unclear"	"no"	"unclear"	"IV/QML/GMM estimators for endogenous W"	"two-stage IV; QMLE; GMM; conventional SAR with alternative W"	"mean; bias; empirical SD; estimated SE"	"Data generating process | Monte Carlo results"	"3723"	"DGP replications; bootstrap/randomization must be kept separate during manual verification."	"Data generating process"	"In this section, we evaluate four estimation methods of a SAR with an endogenous W n . The data generating process (DGP) is where x i,n = (x i1,n , x i2,n ) ′ with x i1,n = 1 and x i2,n ∼ N(0, 1); β 1 = β 2 = 1. Here we let X 1n = X 2n = X n . The endogenous, row-normalized W n = (w ij,n ) is constructed as follows: In the simulation, we compare four different estimation methods: conventional IV, 2SIV, conventional MLE of SAR, and the MLE in Section 3.2. The conventional method refers to the case of treating W n as exogenous. We refer to these four methods as IV, 2SIV, SAR, and"	""	""	"simulation_manually_verified"	"Simulation design checked against full TEI; uncertainty is explicitly retained where tables do not permit an exact total."	"yes_candidate"	"yes_candidate"	"yes_candidate"	"unclear"	"unclear"	"unclear"	"unclear"	"unclear"	"unclear"	"unclear"	"unclear"
"E11"	"spatial_econometrics"	"Modified QML estimation of spatial autoregressive models with unknown heteroskedasticity and nonnormality"	"10.1016/j.regsciurbeco.2015.02.003"	"corpus\papers\tei\E11.tei.xml"	"42"	"https://openalex.org/W2740655325"	"2026-09-17"	"below_200"	"candidate_review"	"simulation evidence found; confirm methodological contribution"	"yes"	"no"	"yes"	"2"	"3 error DGPs plus SARAR extension"	"main SAR factorial; smaller SARAR comparison"	"unclear"	"table_reconstruction_required"	"1000; 1000"	"none_explicitly_found"	"none_explicitly_found"	"no"	"0"	"0"	""	"none"	"unclear"	"no"	"unclear"	"modified QMLE"	"QMLE; MQMLE; GMME; RGMME; ORGMME; 2SLSE; root estimator; three-step SARAR estimator"	"mean; bias; RMSE; SD; robust estimated SE"	"Monte Carlo Study"	"1505"	"DGP replications; bootstrap/randomization must be kept separate during manual verification."	"Monte Carlo Study"	"Extensive Monte Carlo experiments were conducted to (i) investigate the finite sample behaviour of the original QMLE λn and the modified QMLE (MQMLE) λn proposed in this paper, and their impacts on the estimators of β and σ 2 , with respect to the changes in the sample size, spatial layouts, error distributions and the model parameters when the models are heteroskedastic; and (ii) compare the QMLE and the MQMLE with the non-robust generalized method of moments estimator (GMME) of Lee (2"	""	""	"simulation_manually_verified"	"Simulation design checked against full TEI; uncertainty is explicitly retained where tables do not permit an exact total."	"yes_candidate"	"yes_candidate"	"yes_candidate"	"unclear"	"unclear"	"yes_candidate"	"unclear"	"unclear"	"unclear"	"unclear"	"unclear"
"E12"	"spatial_econometrics"	"A spatial autoregressive model with a nonlinear transformation of the dependent variable"	"10.1016/j.jeconom.2014.12.005"	"corpus\papers\tei\E12.tei.xml"	"47"	"https://openalex.org/W2090343436"	"2026-09-17"	"below_200"	"candidate_review"	"simulation evidence found; confirm methodological contribution"	"yes"	"no"	"yes"	"2"	"nonlinear transformations and misspecification/test alternatives"	"estimation designs; functional-form test pairs"	"unclear"	"table_reconstruction_required"	"1000; 1000"	"500"	"none_explicitly_found"	"no"	"0"	"0"	""	"none"	"unclear"	"no"	"unclear"	"MLE; IV/2SLS and simulated optimal IV for nonlinear SAR"	"MLE; IV; 2SLS; simulated optimal IV"	"bias; SD; RMSE; prediction; empirical size; power"	"Introduction | The MLE and its large sample properties | IV and two stage least square estimation | Estimation | Testing functional forms"	"26130"	"DGP replications; bootstrap/randomization must be kept separate during manual verification."	"Estimation"	"In this section, we conduct some Monte Carlo experiments to study the finite sample properties and the robustness of our estimators. Specifically, we would like to investigate the following four issues in the experiments: (1) comparing the marginal effects of nonlinear and linear models; (2) the precision of predictions from nonlinear and linear models if the true model is nonlinear; (3) the finite sample performance of our estimators; and (4) the robustness of the QMLE if ϵ i is not normally distributed. In"	""	""	"simulation_manually_verified"	"Simulation design checked against full TEI; uncertainty is explicitly retained where tables do not permit an exact total."	"yes_candidate"	"yes_candidate"	"yes_candidate"	"unclear"	"yes_candidate"	"unclear"	"yes_candidate"	"yes_candidate"	"unclear"	"unclear"	"unclear"
"E13"	"spatial_econometrics"	"Estimators of Binary Spatial Autoregressive Models: A Monte Carlo Study"	"10.1111/jors.12116"	"corpus\papers\tei\E13.tei.xml"	"42"	"https://openalex.org/W2153553798"	"2026-09-17"	"below_200"	"candidate_review"	"simulation evidence found; confirm methodological contribution"	"yes"	"no"	"yes"	"1"	"1 binary SAR"	"2 sample sizes × 4 rho levels = 8"	"8"	"exact"	"1000"	"none_explicitly_found"	"none_explicitly_found"	"no"	"0"	"0"	""	"none"	"unclear"	"no"	"unclear"	"comparative study of binary SAR estimators"	"EM; Gibbs; RIS; GMM; linearized GMM"	"mean bias; SD; computation/feasibility"	"Monte Carlo simulations"	"11163"	"DGP replications; bootstrap/randomization must be kept separate during manual verification."	"Monte Carlo simulations"	"In order to make up for the lack of simulation studies for BSAR models (Fleming, 2004) , in this section we compare the properties of these five estimators by Monte Carlo simulations. The set up of the simulations is primarily based on the literature on policy and regime diffusion (e.g. Gleditsch and Ward, 2006; Baturo and Gray, 2009) and on broad similarity with simulations as published in accompaniment of the proposals of estimators discussed in this paper (e.g. McMillen, 1995b; Beron and Vijverberg, 2004; Kl"	""	""	"simulation_manually_verified"	"Simulation design checked against full TEI; uncertainty is explicitly retained where tables do not permit an exact total."	"yes_candidate"	"unclear"	"yes_candidate"	"unclear"	"yes_candidate"	"unclear"	"unclear"	"unclear"	"unclear"	"unclear"	"unclear"
"E14"	"spatial_econometrics"	"Approximate likelihood estimation of spatial probit models"	"10.1016/j.regsciurbeco.2017.02.002"	"corpus\papers\tei\E14.tei.xml"	"59"	"https://openalex.org/W2590808118"	"2026-09-17"	"below_200"	"candidate_review"	"simulation evidence found; confirm methodological contribution"	"yes"	"no"	"yes"	"3"	"2 (SAR probit; SEM probit)"	"2; 8; 84"	"94"	"exact"	"1000; 1000; 1000"	"none_explicitly_found"	"none_explicitly_found"	"yes"	"1"	"1"	"Urbansimul parcel data, Provence"	"empirical performance illustration"	"unclear"	"no"	"unclear"	"approximate full/conditional likelihood for spatial probit"	"RIS; CLUC reorderings; full likelihood; conditional likelihood; standard probit"	"bias; SD; RMSE; log-likelihood; computation time"	"Monte Carlo simulations | Experiment 1: Reordering scheme and a comparison with existing algorithms | Experiment 2: Conditional vs. full-likelihood method | Experiment 3: Conditional-likelihood estimations for big sample sizes"	"10514"	"DGP replications; bootstrap/randomization must be kept separate during manual verification."	"Monte Carlo simulations"	"We planned three Monte Carlo experiments: 1. the first experiment compares the performance of the RIS estimator of Beron and Vijverberg (2004) and three CLUC methods with different reordering schemes. 2. the second experiment is intended to compare the full-likelihood method vs. the condition method; 3. the third experiment tests the performance of the conditional method in terms of accuracy and estimation time for increasing sample sizes. In all the three experiments, the simulated data are g"	"Numerical considerations for application to large samples | Empirical application"	"[Numerical considerations for application to large samples] The numerical approximation presented in the preceding paragraph can be directly used to compute the likelihood associated to SAR and SEM probit models through Eqs. (4) and (7). Nevertheless, there are a few further precautions that we adopted in order to reduce the computation time of the algorithm and improve the quality of the approximation: • use of sparse matrices and sparse linear algebra, especially for the computations relative to the spatial weight matrices W and M, that have dimension n×n, but usually high sparsity (lot of zero entries); • the inverse matrices I ρW ( -) n -1 and I λM ( -) n -1 are approximated (when n > 1000) with their Taylor expansion I ρW I ρW ρ W ρ W ( -) ∼ + + + + ⋯ n n -1 2 2 3 3 and similarly for I λM ( -) n -1 . This is possible since W (resp. M) is row-standardised and the spatial lag parameter ρ (resp. spatial error parameter λ) is contained in the [ -1, 1] interval, hence all of the eigenvalues of ρW (resp. λM ) have absolute value smaller than 1. We will denote with o W the order of the Taylor approximation of I ρW ( -) n -1 and . A discussion on the appropriate value of the order of approximation o W , based on the results of a Monte Carlo experiment, is proposed in the Appendix C. • the most time-consuming part of the entire algorithm is the Cholesky decomposition of the sparse…"	"simulation_manually_verified"	"Simulation design checked against full TEI; uncertainty is explicitly retained where tables do not permit an exact total."	"yes_candidate"	"yes_candidate"	"yes_candidate"	"unclear"	"unclear"	"unclear"	"unclear"	"unclear"	"unclear"	"unclear"	"unclear"
"G01"	"GWR_MGWR_SVC"	"Geographically Weighted Regression: A Method for Exploring Spatial Nonstationarity"	"10.1111/j.1538-4632.1996.tb00936.x"	"corpus\papers\tei\G01.tei.xml"	"3571"	"https://openalex.org/W2047120335"	"2026-09-17"	"very_high_500_plus"	"retain_influential_contextual_stratum"	"Foundational GWR article retained for historical context; randomization-based assessment is not a parametric DGP Monte Carlo experiment."	"no"	"yes"	"randomization_only"	"0"	"0"	"0"	"0"	"not_applicable"	"not_applicable"	"none_explicitly_found"	"none_explicitly_found"	"yes"	"1"	"1"	"Tyne and Wear car-ownership wards"	"case study"	"unclear"	"yes"	"unclear"	"unclear"	"Thus, the observed values of / 3 or si could be compared TABLE 1 Variables Used in GWR Example Dependent or Variable Numerator Denominator Independent Male Unemployment Male Population Population I Seeking Work Economically Active Social Class I Households with Total Households I Head in Social Class I Cars per Households Number of Cars Number of D Households (100s) to these randomization distributions in order to p… | or si will also give a significance test when compared with the observed statistics."	"standard deviation; standard error"	"Testing For Spatial Nonstationarity | Application of GWR"	"9187"	"DGP replications; bootstrap/randomization must be kept separate during manual verification."	"Testing For Spatial Nonstationarity"	"distributions under the null hypothesis that model (1) holds. Although it is proposed to consider theoretical properties of these distributions in the future, for the time being a Monte Carlo approach will be adopted. Under the null hypothesis, any permutation of (.i,yi) pairs among the geographical sampling points i are equally likely to occur. Thus, the observed values of / 3 or si could be compared TABLE 1 Variables Used in GWR Example Dependent or Variable Numerator Denominator Independent Male Unemployment Male Population Population I Seeking Work Economically Active Social Class I Households with Total Households I Head in Social Class…"	"Application of GWR"	"[Application of GWR] As GWR is a sample-point-based technique, the variables associated with each ward are assumed to be samples taken at the centroid of that ward so that the point i is defined as the centroid of ward i. In this way, distance decay TABLE 2 Global OLS Regression Results Parameter Estimated Value Standard Error t value Intercept Social Class Unemployment R2 = .83 88.5 1.88 -1.83 2.89 0.33 0.11 30.6 5.7 16.6 effects will still apply, with the influence of each ward on the estimate of aik being reduced as the distance of the ward centroid from i increases. This also provides a useful means of mapping the results of the analysis: if aik is estimated for each ward centroid, and that value is assigned to the relevant ward, then a choropleth map of the variation in the coefficients may be drawn. These coefficient values may then also be used as a basis for the significance tests described above. GWR models with the spatial weighting function described in (9) with various values of B were .applied to the data described in Table 1 and in Figures 2 3 4 . The value of the cross-validation sum of squared errors CVSS is graphed as a function of B in Figure 5 . From this it may be seen that there is a globally optimal value of /3 at around 0.303 which was confirmed by a Golden Section optimization routine. At this value the CV score is roughly half that for the global regre…"	"screening_resolved_contextual"	"Retained outside the parametric-DGP denominator. No TEI for this record is present among the current 67-file corpus; classification follows the previously verified distinction requested by the user."	"unclear"	"unclear"	"unclear"	"unclear"	"unclear"	"unclear"	"unclear"	"unclear"	"unclear"	"unclear"	"unclear"
"G02"	"GWR_MGWR_SVC"	"Geographically Weighted Regression"	"10.1111/1467-9884.00145"	"corpus\papers\tei\G02.tei.xml"	"1588"	"https://openalex.org/W2045066934"	"2026-09-17"	"very_high_500_plus"	"retain_influential_contextual_stratum"	"Foundational GWR article retained for historical context; randomization-based assessment is not a parametric DGP Monte Carlo experiment."	"no"	"yes"	"randomization_only"	"0"	"0"	"0"	"0"	"not_applicable"	"not_applicable"	"none_explicitly_found"	"none_explicitly_found"	"yes"	"1"	"1"	"limiting long-term illness data"	"worked empirical example"	"unclear"	"unclear"	"unclear"	"unclear"	"In this section, we shall consider the development of a hypothesis test for against One useful statistic to measure the variability of â ij as i varies for a ®xed j is the variance of â ij across i: where a dot in a subscript position denotes averaging over that subscript. | Therefore, using Monte Carlo tests it should be possible to compare the distribution of the v j under the randomization hypothesis. | By carrying out a randomization test similar to that set out above, it is possible to compare simulated s-values, chosen to optimize equation ( 10 ), with those for the actual data."	"standard error"	"Testing the geographically weighted regression hypothesis | Alternative methods for assessing the spatial variability of coef®cients | Results of geographically weighted regression"	"8203"	"DGP replications; bootstrap/randomization must be kept separate during manual verification."	"Testing the geographically weighted regression hypothesis"	"f®cient corresponding to v j is ®xed. For individual variables, hypothesis (11) could be tested if the null distribution of v j were known. Unfortunately this is not the case, but Monte Carlo techniques (Hope, 1968 ) offer an alternative approach. For this particular problem a randomization test may be carried out. Under hypothesis H 0 we assume that the â ij do not vary with i for variable j. This suggests that, if the GWR model were to be calibrated with the locations of the observations randomly assigned to the predictor and response variables, there should be little difference in the patterns of â ij Ðif the â ij are ®xed over space then…"	""	""	"screening_resolved_contextual"	"Retained outside the parametric-DGP denominator. No TEI for this record is present among the current 67-file corpus; classification follows the previously verified distinction requested by the user."	"unclear"	"unclear"	"unclear"	"unclear"	"yes_candidate"	"unclear"	"unclear"	"unclear"	"yes_candidate"	"unclear"	"unclear"
"G03"	"GWR_MGWR_SVC"	"A Simulation-Based Study of Geographically Weighted Regression as a Method for Investigating Spatially Varying Relationships"	"10.1068/a44111"	"corpus\papers\tei\G03.tei.xml"	"242"	"https://openalex.org/W2002607717"	"2026-09-17"	"high_200_499"	"candidate_review"	"simulation evidence found; confirm methodological contribution"	"yes"	"no"	"yes"	"2"	"2 (stationary coefficients; spatially varying coefficients)"	"14 DGP cells; 14 DGP cells"	"28"	"exact"	"100 per cell; 100 per cell"	"none_explicitly_found"	"none_explicitly_found"	"no"	"0"	"0"	""	"none"	"unclear"	"unclear"	"unclear"	"GWR reliability assessment"	"global regression; standard GWR; locally linear GWR"	"coefficient accuracy; coefficient correlation; prediction error; false-positive behavior"	"Experimental design"	"17285"	"Each experiment crosses 2 spatial systems (Georgia and Toronto) with 7 predictor-correlation levels, giving 14 DGP cells. Kernel, cross-validation and estimator variants are method settings, not additional DGP cells. The second experiment restricts estimator variants for Toronto but retains the same 14 DGP cells."	"Previous research"	"led numerical experiments. Wheeler and Tiefelsdorf (2005) first sought to elucidate the link between collinearity in GWR and correlation of estimated regression coefficients using simulation studies. For their investigation Wheeler and Tiefelsdorf (2005) designed the data-generating process by fixing the true regression coefficients to global constants (set to 1) and selecting a pair of explanatory variables and disturbances based on the eigenvectors of a transformation of the spatial connectivity matrix of the 159 counties of Georgia, USA. The explanatory variables in this experiment had a spatial pattern but were uncorrelated with each oth…"	""	""	"simulation_manually_verified"	"Full TEI rechecked. The text explicitly states 100 independent realizations for every correlation level; exact DGP-cell total reconstructed without counting estimator settings."	"yes_candidate"	"unclear"	"yes_candidate"	"unclear"	"yes_candidate"	"unclear"	"unclear"	"unclear"	"yes_candidate"	"unclear"	"unclear"
"G04"	"GWR_MGWR_SVC"	"Multiscale Geographically Weighted Regression (MGWR)"	"10.1080/24694452.2017.1352480"	"corpus\papers\tei\fotheringham2017_Wenbai Yang, and Wei Kang.tei.xml"	"1370"	"https://openalex.org/W2747207142"	"2026-09-17"	"very_high_500_plus"	"candidate_review"	"simulation evidence found; confirm methodological contribution"	"yes"	"no"	"yes"	"2"	"2 (unequal spatial heterogeneity; equal spatial heterogeneity)"	"1; 1"	"2"	"exact"	"100; 100"	"none_explicitly_found"	"none_explicitly_found"	"yes"	"1"	"1"	"Irish Famine electoral divisions"	"empirical illustration"	"unclear"	"no"	"unclear"	"MGWR"	"OLS; GWR; MGWR"	"bandwidth recovery; parameter-surface RMSE; residual sum of squares; computation time"	"Simulation Design | Simulation Design 1 | Simulation Design 2 | Simulation Design 1 | Simulation Design 2"	"4667"	"DGP replications; bootstrap/randomization must be kept separate during manual verification."	"Simulation Design"	"imates of the response variable than GWR? 4. MGWR is a big model-how much longer does it take to run than GWR? These questions are examined by applying MGWR and GWR to a series of simulated data sets with known properties and varying levels of spatial heterogeneity across local parameter surfaces. To construct these simulated databases, the basis for the data generating process (DGP) is the GWR-like linear model in Equation ( 1 ). The spatial layout consists of a regular 25 £ 25 lattice. 3 We produced m parameter surfaces of different levels of spatial heterogeneity, generated normally distributed predictor variables x as well as a normally…"	"An Empirical Example of the Irish Famine"	"[An Empirical Example of the Irish Famine] To provide an empirical application of MGWR to real data, we used data on population change between 1841 and 1851 for 2,317 electoral divisions (EDs) in the Republic of Ireland, which covers the period of the Great Famine (1845-1850), during which there was a large but spatially uneven decline in the population of Ireland due to death and emigration. To examine the spatial variation in population loss, for each ED we have data on eight predictor variables shown to be significantly related to population change in an earlier study by Fotheringham, Kelly, and Charlton (2013) and described in Table 3 . 5 An adaptive bandwidth was used for both the GWR and MGWR calibrations. The GWR calibration yielded an optimal bandwidth of 136 nearest neighbors, implying fairly localized processes. The MGWR model calibration converged after forty iterations and variation), and ""mean elevation"" (local variation), respectively. In Figure 16 it can be seen that the local parameter estimates for the variable ""distance to the coast"" derived from the MGWR model are uniformly negative across the country and are close to zero, indicating that proximity to the coast had little or no effect on population decline throughout the whole of the country. In contrast, the GWR estimates suggest that there is some spatial variation in the effect of distance to the coast,…"	"simulation_manually_verified"	"Simulation design checked against full TEI; uncertainty is explicitly retained where tables do not permit an exact total."	"unclear"	"unclear"	"unclear"	"unclear"	"yes_candidate"	"unclear"	"unclear"	"unclear"	"yes_candidate"	"unclear"	"unclear"
"G05"	"GWR_MGWR_SVC"	"Structure identification and variable selection in geographically weighted regression models"	"10.1080/00949655.2017.1311896"	"corpus\papers\tei\Structure identification and variable selection in geographically weighted regression models.tei.xml"	"14"	"https://openalex.org/W2607436425"	"2026-09-17"	"below_200"	"candidate_review"	"simulation evidence found; confirm methodological contribution"	"yes"	"no"	"yes"	"2"	"3 GWR coefficient structures"	"18 principal settings; same settings for bootstrap tests"	"18"	"exact_main_design"	"200; 200"	"1000 per Monte Carlo replication"	"none_explicitly_found"	"yes"	"1"	"1"	"Dublin voter-turnout data"	"empirical illustration"	"unclear"	"no"	"unclear"	"GWGlasso"	"GWGlasso; two residual-based bootstrap tests"	"classification/selection frequency; Type I error; rejection rate; AICc"	"Simulation study | Design of the experiment | Simulation analysis of the GWGlasso method | Simulation analysis of the residual-based bootstrap tests"	"7997"	"DGP replications; bootstrap/randomization must be kept separate during manual verification."	"Simulation study"	"In this section, the simulation study is to show that the GWGlasso method is a better computational procedure than the residual-based bootstrap test of Mei et al. [9] . Concerning the bootstrap test, Mei et al. [9] have proposed two types of the residual-based bootstrap tests. The first bootstrap test is to detect the constant coefficients in a GWR model. Furthermore, the second bootstrap test is developed for judging whether some of constant coefficients are zero in a mixed GWR model. Therefore,"	"Analysis of Dublin voter turnout data set"	"[Analysis of Dublin voter turnout data set] To further illustrate the usefulness of the GWGlasso algorithm, we apply the method to the Dublin voter turnout data set, which has been analysed by Kavanagh et al. [22] and Gollini et al. [23] , and is publicly available in the R package called GWmodel. The data set includes the nine percentage variables which measures the voter turnout in the Irish 2004 Dáil elections and eight characteristics of social structures in 322 Electoral Divisions of Greater Dublin. Following Gollini et al. [23] , we take GEI (the proportion of the electorate who turned out on voting night to cast their vote in the 2004 General Election in Ireland) as the response variable, the geographical locations (u, v) as the index variable, and the following variables as the explanatory variables: MDA: one year migrants, that is, moved to a different address one year ago; • LAR: local authority renters; • SCO: social class one; • UEP: unemployed; • LOE: without any formal educational; • AGY: age group 18-24; • AGM: age group 25-44; • AGO: age group 45-64. The eight explanatory variables reflect measures of migration, public housing, high social class, unemployment, educational attainment and three adult age groups. As pointed out in Gollini et al. [23] , although the eight explanatory variables measured on the same scale, the variables are not of a similar magnitude…"	"simulation_manually_verified"	"Simulation design checked against full TEI; uncertainty is explicitly retained where tables do not permit an exact total."	"yes_candidate"	"yes_candidate"	"unclear"	"unclear"	"yes_candidate"	"unclear"	"unclear"	"unclear"	"yes_candidate"	"unclear"	"unclear"
"G06"	"GWR_MGWR_SVC"	"Estimation and inference in spatially varying coefficient models"	"10.1002/env.2485"	"corpus\papers\tei\Estimation and inference in spatially varying coefficient models.tei.xml"	"51"	"https://openalex.org/W2771875082"	"2026-09-17"	"below_200"	"candidate_review"	"simulation evidence found; confirm methodological contribution"	"yes"	"no"	"yes"	"2"	"2 spatial domains/coefficient systems"	"study 1: n=500,1000,2000 plus test settings; study 2: n=2000,5000"	"lower_bound_5"	"lower_bound"	"500; 500"	"100 per test replication"	"none_explicitly_found"	"yes"	"1"	"1"	"PM2.5 and meteorological data"	"empirical analysis"	"unclear"	"yes"	"unclear"	"BST/BPST spatially varying coefficient estimation and tests"	"BST; BPST; GWR"	"MSE; MSPE; bias; computation time; Type I error; power"	"SIMULATION | Simulation study 1 | Simulation study 2"	"9960"	"DGP replications; bootstrap/randomization must be kept separate during manual verification."	"Simulation study 1"	"lly when the sample size is small, and the difference between the BST and the BPST estimators is getting smaller as the sample size increases. Supporting Information provides more simulation results with different triangulations, which suggest that the number of triangles or the number of basis functions only has a little effect on the BPST estimator, especially when there is a sufficient number of triangles. Figure 2 visualizes the estimated surfaces of 𝛽 0 (•) and 𝛽 1 (•) using BST, BPST, and GWR, which are based on one typical replication with n = 2000. These plots suggest that the BPST method is able to estimate the spatial pattern with…"	"APPLICATION TO AIR POLLUTION DATA ANALYSIS"	"[APPLICATION TO AIR POLLUTION DATA ANALYSIS] Recently, fine particles (PM 2.5 , which is a particulate matter with a diameter of 2.5 μm or less) has become a major air quality concern because it poses significant risks to human health, such as asthma, chronic bronchitis, lung cancer, and atherosclerosis. Many recent research works (Hu et al., 2013; Russell, Wang, & McMahan, 2017; Tai, Mickley, & Jacob, 2010) suggest that PM 2.5 concentrations depend on meteorological conditions. To improve current pollution control strategies, there is an urgent need for a more comprehensive understanding of PM 2.5 and a more accurate quantification between the meteorological drivers and the levels of PM 2.5 . In this section, we show the applicability of the proposed SVCM on a meteorological data set to study the effects of meteorological characteristics on air quality. In our study, daily mean surface concentrations of total PM 2.5 for the year 2011 are obtained from the United States Environmental Protection Agency; meteorological drivers are provided by the National Oceanic and Atmospheric Administration ( http://www.esrl.noaa.gov/psd/ ); daily total gridded precipitation (PPTN), surface wind speed (WS), surface daily minimum air temperature (T min ), and surface daily maximum air temperature (T max ) are acquired from Livneh et al. (2013) ; air relative humidity (RH) and total column clou…"	"simulation_manually_verified"	"Simulation design checked against full TEI; uncertainty is explicitly retained where tables do not permit an exact total."	"yes_candidate"	"yes_candidate"	"yes_candidate"	"unclear"	"unclear"	"unclear"	"unclear"	"unclear"	"unclear"	"unclear"	"unclear"
"G07"	"GWR_MGWR_SVC"	"Inference in Multiscale Geographically Weighted Regression"	"10.1111/gean.12189"	"corpus\papers\tei\G07.tei.xml"	"413"	"https://openalex.org/W2912855477"	"2026-09-17"	"high_200_499"	"candidate_review"	"simulation evidence found; confirm methodological contribution"	"yes"	"no"	"yes"	"1"	"1 MGWR coefficient-surface DGP"	"1"	"1"	"exact"	"1000"	"none_explicitly_found"	"none_explicitly_found"	"yes"	"1"	"1"	"Georgia educational-attainment data"	"worked empirical example"	"unclear"	"no"	"unclear"	"analytical inference for MGWR"	"analytical MGWR standard errors versus experimental Monte Carlo standard errors"	"local coefficient SD/SE; confidence-interval behavior"	"An example using simulated data"	"870"	"DGP replications; bootstrap/randomization must be kept separate during manual verification."	"An example using simulated data"	"To demonstrate the validity of the analytical results provided above, we construct a simulation experiment as follows. Consider a model with two covariates of the following form: (32) where values of the covariates are randomly drawn from a normal distribution (0, 2) for 625 locations on a regular 25 × 25 grid. The local parameter values, 1i and 2i , are obtained from pre-specified surfaces (see Fig. 1 ). The values of y are derived from Equation ( 36 ) with i set to zero for all i. Given the values of y i , x 1i , and x 2i for all locations, we calibrate the"	"An example of educational attainment in Georgia"	"[An example of educational attainment in Georgia] To demonstrate the calculation of local standard errors in a model calibrated by MGWR, we establish a simple model in which the percentage of people with a bachelor's degree is regressed on three covariates: the percentage of foreign-born residents, the percentage of people classified (a) (b) The covariates used here were checked extensively for local multicollinearity using local correlations, local VIFs, and local condition numbers from both GWR and MGWR and no problems were identified. 5 The global OLS model calibration results are shown in Table 1 and indicate that higher proportions of people with a bachelor's degree are associated with counties having higher proportions of residents who are foreign-born and lower proportions of rural population. The proportion of African Americans in each county has no impact on the proportion of people with a bachelor's education. The AICc for this model is 885 and the adjusted r-squared value is 0.54. In order to demonstrate the validity of Equation ( 24 ) in deriving the standard errors of the local parameter estimates from MGWR, the model described above was calibrated by GWR (where the standard error formulation is well-known) and MGWR. Both calibrations utilize an adaptive bandwidth using a bisquare weighting function (Fotheringham, Brunsdon, and Charlton 2002) . Both produce four s…"	"simulation_manually_verified"	"Simulation design checked against full TEI; uncertainty is explicitly retained where tables do not permit an exact total."	"unclear"	"unclear"	"yes_candidate"	"unclear"	"yes_candidate"	"unclear"	"unclear"	"unclear"	"unclear"	"unclear"	"unclear"
"G08"	"GWR_MGWR_SVC"	"Backfitting Estimation for Geographically Weighted Regression Models with Spatial Autocorrelation in the Response"	"10.1111/gean.12289"	"corpus\papers\tei\G08.tei.xml"	"17"	"https://openalex.org/W3152900914"	"2026-09-17"	"below_200"	"candidate_review"	"simulation evidence found; confirm methodological contribution"	"yes"	"no"	"yes"	"2"	"complete GWR-Lag; omitted-covariate GWR-Lag"	"8; 4"	"12"	"exact"	"500; 500"	"none_explicitly_found"	"none_explicitly_found"	"yes"	"1"	"1"	"Boston housing"	"empirical illustration"	"unclear"	"no"	"unclear"	"backfitting GWR-Lag estimator"	"backfitting; GWR maximum likelihood"	"average estimate; absolute bias; SD; RMSE"	"Simulation study | The models for generating the experimental data | Simulation results and interpretations"	"7048"	"DGP replications; bootstrap/randomization must be kept separate during manual verification."	"Simulation study"	"In order to assess the performance of the backfitting method on tackling the multiscale problem and estimating the coefficients, a simulation experiment with a comparison of the GWR-ML estimation is designed. Moreover, an additional model is built to examine the impact of ignoring an explanatory variable that is correlated with some explanatory variables in the model on the estimators of the coefficients."	"A real-life application"	"[A real-life application] In this section, the proposed backfitting estimation is applied to the well-known Boston housing price data set given in Hurrison and Rubinfeld (1978) and corrected for a few minor errors by Gilley and Pace (1996) . The data set consists of the median value (MEDV in $1,000) of owner-occupied homes and 13 explanatory variables in 506 U.S. census tracts in 1970, and is available in the R package spdep ( http://cran.r-proje ct.org/ ). Since the focus of this example is to demonstrate the applicability of the proposed backfitting calibration method, only the following explanatory variables are considered here: • CRIM: per capita crime rate by town; • RM: average number of rooms in owner-occupied homes per dwelling; • DIS: weighted distances to five Boston employment centers; • PTRATIO: pupil-teacher ration by town school district; • LSTAT: proportion of the lower status population. Through fitting a GWR-Lag model by the GWR-LM method, the statistical test developed by Li, Mei, and Wang (2019) has demonstrated that there exists significant autocorrelation among the observations of MEDV, although more explanatory variables were used in that article. Based on this finding, we then consider the following GWR-Lag model: where the spatial weight matrix W = (w ij ) n×n was formulated in the binary way according to the given neighbor list of each census tract. Th…"	"simulation_manually_verified"	"Simulation design checked against full TEI; uncertainty is explicitly retained where tables do not permit an exact total."	"yes_candidate"	"yes_candidate"	"yes_candidate"	"unclear"	"yes_candidate"	"unclear"	"unclear"	"unclear"	"yes_candidate"	"unclear"	"unclear"
"G09"	"GWR_MGWR_SVC"	"On the local modeling of count data: multiscale geographically weighted Poisson regression"	"10.1080/13658816.2023.2250838"	"corpus\papers\tei\G09.tei.xml"	"25"	"https://openalex.org/W4386465669"	"2026-09-17"	"below_200"	"candidate_review"	"simulation evidence found; confirm methodological contribution"	"yes"	"no"	"yes"	"1"	"1 multiscale Poisson DGP with three coefficient surfaces"	"1"	"1"	"exact"	"1000"	"none_explicitly_found"	"none_explicitly_found"	"yes"	"1"	"1"	"New York City COVID-19 ZCTA counts"	"empirical illustration"	"unclear"	"no"	"unclear"	"MGWPR"	"Poisson GLM; GWPR; MGWPR"	"bandwidth/scale recovery; surface RMSE; AICc; deviance explained; response replication; computation time"	"A simulation experiment | Simulation design | Simulation results"	"2555"	"DGP replications; bootstrap/randomization must be kept separate during manual verification."	"Simulation design"	"Three surfaces of parameters representing processes with varying degrees of spatial heterogeneity were constructed. Local surfaces for b 0 and b 1 were simulated using a two-dimensional spatial random field (SRF) with a Gaussian covariance model on a 25 by 25 grid (n ¼ 625). The Gaussian variogram employed to construct the processes is: where length-scale (h), the distance parameter ðkÞ controlling the range of spatial autocorrelation and variance ðr 2 Þ control the amount of spatial heterogeneity in the surfaces with larger values of h corresponding to lower spatial heterogeneity and higher values of r 2 resulting in great"	"An empirical example of the use of MGWPR in analyzing the spatial distribution of COVID-19 counts"	"[An empirical example of the use of MGWPR in analyzing the spatial distribution of COVID-19 counts] This section contains an empirical example of the MGWPR model using COVID-19 positive cases data in the early phase of the pandemic in New York City at the Zip Code Tabulation Area (ZCTA) level. In order to demonstrate the value of local modeling with count data, this example expands an existing study undertaken by DiMaggio et al. (2020) using a global Poisson model. Using similar data sources, model specification and discussions from DiMaggio et al. (2020), we can test the MGWPR model and showcase the importance of estimating covariate-specific indicators of scale of the spatial heterogeneity of the different processes being modeled. It is worth noting that there are two limitations of the data that restrict our findings from this analysis. First, the data are collected for only 183 areal units, which is too few to properly showcase the outputs from local models to the fullest extent but serves the purpose here of demonstrating how the new local modeling framework works. Second, the temporal span for which data are collected (from 3 April to 22 April 2020, representing the first phase of the pandemic), is extremely narrow and is not expected to represent the true variation in the phenomenon. While a number of recent studies have investigated the ecological risk factors associat…"	"simulation_manually_verified"	"Simulation design checked against full TEI; uncertainty is explicitly retained where tables do not permit an exact total."	"unclear"	"unclear"	"yes_candidate"	"unclear"	"yes_candidate"	"unclear"	"unclear"	"unclear"	"yes_candidate"	"unclear"	"unclear"
"G10"	"GWR_MGWR_SVC"	"Adaptive estimation for spatially varying coefficient models"	"10.3934/math.2023713"	"corpus\papers\tei\G10.tei.xml"	"1"	"https://openalex.org/W4365794483"	"2026-09-17"	"below_200"	"candidate_review"	"simulation evidence found; confirm methodological contribution"	"yes"	"no"	"yes"	"1"	"4 error distributions"	"4 error distributions × 2 sample sizes = 8"	"8"	"exact"	"100"	"none_explicitly_found"	"none_explicitly_found"	"yes"	"2"	"2"	"Dublin voter turnout; England and Wales house prices"	"prediction with test sets"	"unclear"	"yes"	"unclear"	"adaptive spatially varying coefficient estimator"	"adaptive estimator; local-linear estimator; GWR"	"RASE; standard error; MSPE in empirical holdout"	"Simulation study"	"4810"	"DGP replications; bootstrap/randomization must be kept separate during manual verification."	"Simulation study"	"This section simulates the proposed adaptive estimation method and compares it with that of the local linear geographically weighted regression (LL) [24] and the Geographically Weighted Regression Model (GWR). In numerical experiments, the following four designs of error structure are considered: 1) ε ∼ N(0, 1); 2) ε ∼ t 3 ; 3) ε ∼ 0.5N(-1, 0.5 2 ) + 0.5N(1, 0.5 2 ); 4) ε ∼ e T -E(e T ), where T ∼ N(0, 1). The first is the standard normal distribution as a benchmark for comparison, and t"	""	""	"simulation_manually_verified"	"Simulation design checked against full TEI; uncertainty is explicitly retained where tables do not permit an exact total."	"yes_candidate"	"unclear"	"yes_candidate"	"unclear"	"yes_candidate"	"unclear"	"unclear"	"unclear"	"unclear"	"unclear"	"unclear"
"G11"	"GWR_MGWR_SVC"	"Scale and correlation in multiscale geographically weighted regression (MGWR)"	"10.1007/s10109-025-00468-1"	"corpus\papers\tei\10_1007_s10109_025_00468_1.tei.xml"	"19"	"https://openalex.org/W4411091431"	"2026-09-17"	"below_200"	"candidate_review"	"simulation evidence found; confirm methodological contribution"	"yes"	"no"	"yes"	"2"	"2 parameter-surface/sample-size systems"	"factorial levels of spatial autocorrelation × collinearity, plus higher-noise sensitivity"	"unclear"	"table_reconstruction_required"	"100 per parameter combination"	"none_explicitly_found"	"none_explicitly_found"	"no"	"0"	"0"	""	"none"	"unclear"	"no"	"unclear"	"diagnostic study of scale and correlation in GWR/MGWR"	"GWR; MGWR"	"bandwidth; relative RMSE; MAPE; local condition number"	"Data generating process | Simulation experiment one | Simulation experiment two"	"2293"	"DGP replications; bootstrap/randomization must be kept separate during manual verification."	"Two types of correlation: spatial autocorrelation and collinearity"	"The two covariates used in the DGP are constructed to potentially have both spatial autocorrelation and collinearity. After simulating the first explanatory variable ( X 1 ) using the spatial autoregressive model in Eq. ( 5 ), the same formula is also used to generate an intermediate variable Z . Then, the second explanatory variable ( X 2 ) is simulated using Z so that both explanatory variables will be approximately corre- lated with a set level denoted by a given Pearson's r value, as well as spa"	""	""	"simulation_manually_verified"	"Simulation design checked against full TEI; uncertainty is explicitly retained where tables do not permit an exact total."	"yes_candidate"	"unclear"	"unclear"	"unclear"	"yes_candidate"	"unclear"	"unclear"	"unclear"	"yes_candidate"	"unclear"	"unclear"
"S01"	"geostatistics_GP"	"Spatial Modelling Using a New Class of Nonstationary Covariance Functions"	"10.1002/env.785"	"corpus\papers\tei\S01.tei.xml"	"494"	"https://openalex.org/W2041178793"	"2026-09-17"	"high_200_499"	"candidate_review"	"simulation evidence found; confirm methodological contribution"	"yes"	"no"	"yes"	"1"	"2 (stationary; nonstationary response surfaces)"	"2 simulated datasets"	"2"	"exact"	"50 fits per simulated dataset"	"none_explicitly_found"	"none_explicitly_found"	"yes"	"1"	"1"	"Colorado climatological stations"	"kriging case study"	"unclear"	"yes"	"simulated test locations; repeated training fits; empirical holdout (120 train/30 test per year)"	"nonstationary Gaussian-process regression"	"stationary GP; standard smoothers; Bayesian adaptive-basis alternatives"	"out-of-sample predictive error; interval behavior"	"Simulations"	"560"	"DGP replications; bootstrap/randomization must be kept separate during manual verification."	"Simulations"	"We compare the performance of the nonstationary GP model to several alternatives, most importantly a stationary GP model, on two simulated datasets. The first dataset is a stationary function, with similar variability throughout the domain, while the second is a nonstationary function. The first group of alternatives includes standard methods that can be easily performed in R, most using library functions. The second group comprises Bayesian methods that in theory can adapt to heterogeneity in the function by sampling the basis functions within the MCMC."	"Illustration"	"[Illustration] Climatological data for Colorado provide a nice illustration of a simple application of nonstationary kriging. To first approximation, Colorado is divided into a mountainous western portion, west of Denver and the I-25 corridor, and a flat plains portion in the east (Fig. 1 ). The Geophysical Statistics Project at the National Center for Atmospheric Research ( http://www.cgd.ucar.edu /stats /Data /US.monthly.met) has posted a useful subset of the United States climate record over the past century from a large network of weather stations. Areas of complex topography are a particular challenge for making predictions off the observation network, and even for the continental U.S. the observation record is quite sparse relative to the resolution needed for understanding impacts of changing climate. For this illustration, we take the log-transformed annual precipitation in Colorado for 1981, the year for which the most stations without any missing monthly values (217) were available, and compare kriging with model (1) using both stationary and nonstationary covariances. For stationary kriging, we use a Matérn covariance with anisotropic distance (2), where Σ = ΓΛΓ T , with Γ an eigenvector (rotation) matrix parameterized by Givens angle ψ, and Λ a diagonal eigenvalue matrix with eigenvalues (squared correlation range parameters), ρ 2 1 and ρ 2 2 . After integrating th…"	"simulation_manually_verified"	"Simulation design checked against full TEI; uncertainty is explicitly retained where tables do not permit an exact total."	"unclear"	"unclear"	"unclear"	"unclear"	"unclear"	"unclear"	"unclear"	"unclear"	"unclear"	"unclear"	"unclear"
"S02"	"geostatistics_GP"	"Covariance Tapering for Interpolation of Large Spatial Datasets"	"10.1198/106186006X132178"	"corpus\papers\tei\S02.tei.xml"	"750"	"https://openalex.org/W2061320421"	"2026-09-17"	"very_high_500_plus"	"candidate_review"	"simulation evidence found; confirm methodological contribution"	"yes"	"no"	"yes"	"2"	"stationary Matérn covariance with smoothness/range settings"	"experiment 1: sample sizes 49–784 × 3 smoothness values × random/regular designs where applicable; experiment 2: taper type/support × covariance smoothness/range"	"unclear"	"continuous_or_figure_grid_not_fully_enumerated"	"100 random location configurations per sample-size setting; deterministic fixed grid"	"none_explicitly_found"	"none_explicitly_found"	"yes"	"1"	"1"	"US April 1948 precipitation stations"	"kriging application"	"unclear"	"yes"	"prediction at a fixed unobserved center location"	"covariance tapering for kriging"	"exact BLUP; tapered predictor; nearest-neighbor kriging; hard-threshold taper"	"MSE ratios; naive-versus-actual MSE; computation time"	"Finite Sample Accuracy and Numerical Efficiency | Simulations"	"5404"	"DGP replications; bootstrap/randomization must be kept separate during manual verification."	"Simulations"	"Throughout this section, we will focus on the stationary Matérn covariance function in R 2 . The factors in the simulation related to the covariance are the smoothness ν, the range α and the taper length θ. As data we select n locations within the unit square D = [0, 1] 2 sampled randomly and, if n is a perfect square, locations on a regular grid. The spatial prediction is for the center location x * = (0.5, 0.5) and the following quantities are calculated: the root mean squared error (MSE) for estimates of Z(0.5, 0.5) using the actual and tapered covariance, i.e. MSE(x * , C α,ν ), MS"	"Application"	"[Application] In this section we apply covariance tapering in kriging to a large irregularly spaced dataset. We use aggregated monthly precipitation for April 1948 at 5,909 stations in the US 4 . For a detailed description of 4 Available at http://www.cgd.ucar.edu/stats/Data/US.monthly.met.html . Figure 5 : Influence of ordering on the performance. The top row shows the structure of the covariance matrix, the bottom row its upper triangular Cholesky factor. The first column is for an arbitrary numbering, the second for a row-by-row numbering, the third column is after a reverse Cuthill-McKee reordering, the last after a minimum-degree reordering. We considered an equispaced 50 × 50 grid in the unit square with taper length 0.05. The indicated time is for solving 100 linear systems in Matlab and nz states the number of nonzero elements in the matrix. the data we refer to Johns et al. (2003) . Instead of working with the raw data, we standardize the square root values. The resulting values represent anomalies and are closer to a Gaussian distribution than the raw data (Johns et al., 2003) . Further, there is evidence that the anomaly field is closer to being second order stationary compared to the raw scale (Fuentes et al., 1998) . For the estimation of the second order structure of the anomalies we refer again to Johns et al. (2003) . They justify a slight anisotropy of 0.85 in…"	"simulation_manually_verified"	"Simulation design checked against full TEI; uncertainty is explicitly retained where tables do not permit an exact total."	"yes_candidate"	"unclear"	"yes_candidate"	"unclear"	"unclear"	"unclear"	"unclear"	"unclear"	"unclear"	"unclear"	"unclear"
"S03"	"geostatistics_GP"	"Covariance Tapering for Likelihood-Based Estimation in Large Spatial Data Sets"	"10.1198/016214508000000959"	"corpus\papers\tei\S03.tei.xml"	"490"	"https://openalex.org/W2013627498"	"2026-09-17"	"high_200_499"	"candidate_review"	"simulation evidence found; confirm methodological contribution"	"yes"	"no"	"yes"	"1"	"1 stationary exponential Gaussian process"	"3 taper ranges, with MLE and one-/two-taper estimators"	"3"	"exact_for_dgp_parameter_cells"	"1000"	"none_explicitly_found"	"none_explicitly_found"	"yes"	"1"	"1"	"NCDC US precipitation anomalies"	"data example"	"unclear"	"no"	"in-sample parameter-estimation Monte Carlo"	"one-taper and two-taper likelihood estimators"	"full maximum likelihood; one-taper; two-taper"	"bias; empirical variance; information-based variance estimates"	"SIMULATION STUDY"	"4826"	"DGP replications; bootstrap/randomization must be kept separate during manual verification."	"SIMULATION STUDY"	"We used Monte Carlo simulation to investigate three issues concerning the tapering estimators. First, how does their performance compare with that of the MLE? Second, how does the choice of the taper range γ affect the distributions of the tapering estimators? Finally, are the variance estimators proposed in Section 4 good estimators of sampling variability? We simulated 1,000 data sets, each consisting of a multivariate normal vector of length 300. Note that here n is small enough to"	"DATA EXAMPLE"	"[DATA EXAMPLE] Sizeable computational gains can be achieved by applying the tapering methods to large, irregularly spaced spatial data sets. An example of such a data set is a collection of observations from weather stations in the United States. We consider precipitation data from the National Climatic Data Center for the years 1895 to 1997. This data set was examined in detail by Johns et al. (2003) , who focused on imputing missing observations. In this analysis we consider yearly total precipitation anomalies, that is, yearly totals standardized by the long-run mean and standard deviation for each station. We illustrate the tapering methods using the precipitation anomalies from 1962, because this year had one of the most complete data records, with 7,352 stations. In addition, it showed no obvious nonstationarity or anisotropy, which would require a more careful choice of tapering function than is considered here. To calculate the anomalies, we included the full data set computed by Johns et al. (2003) ; however, our analysis considers the anomalies from only those stations with a complete observational record for this year. The data and computer code needed to carry out the analysis in the example are available at http://www.image.ucar.edu/Data/precip_tapering/ . For sparse matrix calculations, we used the spam package in R, available at http://cran.r-project.org/ under…"	"simulation_manually_verified"	"Simulation design checked against full TEI; uncertainty is explicitly retained where tables do not permit an exact total."	"unclear"	"unclear"	"yes_candidate"	"unclear"	"yes_candidate"	"unclear"	"unclear"	"unclear"	"unclear"	"unclear"	"unclear"
"S04"	"geostatistics_GP"	"Gaussian Predictive Process Models for Large Spatial Data Sets"	"10.1111/j.1467-9868.2008.00663.x"	"corpus\papers\tei\S04.tei.xml"	"1036"	"https://openalex.org/W2004807582"	"2026-09-17"	"very_high_500_plus"	"candidate_review"	"simulation evidence found; confirm methodological contribution"	"yes"	"no"	"yes"	"2"	"2 (stationary anisotropic; nonstationary spatial process)"	"example 1: n=3000 × several knot sizes/configurations; example 2: n=15000 × predictive-process configurations"	"unclear"	"table_reconstruction_required"	"one generated realization per example; no repeated-DGP count reported"	"none"	"none_explicitly_found"	"yes"	"1"	"1"	"USDA Forest Inventory and Analysis biomass"	"spatial regression application"	"unclear"	"yes"	"held-out simulated locations; MCMC iterations are computational draws, not DGP replications"	"Gaussian predictive process"	"parent full GP; predictive-process variants"	"parameter recovery; DIC/model fit; predictive error; computation time"	"Simulation studies | Simulation example 1 | Simulation example 2"	"9259"	"DGP replications; bootstrap/randomization must be kept separate during manual verification."	"Simulation example 1"	"Here, we simulated the response Y.s/ by using model (1) from 3000 irregularly scattered locations over a 1000 × 1000 domain. In this case we can fit model (1) without resorting to the predictive process; comparison with various choices of m and knot design can be made. The regression component included only an intercept, whereas the spatial process w.s/ was generated by using a stationary anisotropic Matérn covariance function given by where d.s, s / = .s -s / T Σ -1 .s -s /. We furt"	""	""	"simulation_manually_verified"	"Simulation design checked against full TEI; uncertainty is explicitly retained where tables do not permit an exact total."	"unclear"	"yes_candidate"	"yes_candidate"	"unclear"	"unclear"	"unclear"	"unclear"	"unclear"	"unclear"	"unclear"	"unclear"
"S05"	"geostatistics_GP"	"Local likelihood estimation for nonstationary random fields"	"10.1016/j.jmva.2010.10.010"	"corpus\papers\tei\S05.tei.xml"	"50"	"https://openalex.org/W2024547890"	"2026-09-17"	"below_200"	"candidate_review"	"simulation evidence found; confirm methodological contribution"	"yes"	"no"	"yes"	"3"	"2 principal nonstationary covariance systems (variance modulation; spatially varying smoothness)"	"two smoothness settings for variance modulation; one varying-smoothness field; joint variance/smoothness estimation"	"lower_bound_4"	"lower_bound"	"single realizations; no repeated-DGP count reported"	"none_explicitly_found"	"none_explicitly_found"	"no"	"0"	"0"	""	"none"	"unclear"	"no"	"in-sample recovery of known spatial parameter surfaces"	"local likelihood estimation of nonstationary covariance parameters"	"alternative bandwidth selectors and bias-corrected local estimators"	"parameter-surface bias/error; likelihood risk"	"Introduction | Variance modulation | Bandwidth selection | Estimating a local fractional index in 2 dimensions | Remark."	"21840"	"DGP replications; bootstrap/randomization must be kept separate during manual verification."	"Bandwidth selection"	"ucting a reasonable estimate λ. We then present our interpretation of this heuristic in terms of two different estimates of λ. At the end of this section we present some numerical simulations to illustrate their behavior. We make no claim of optimality or any theoretical justification other than heuristics. Our heuristic for the bandwidth estimator says that one should choose the bandwidth to maximize the spatial variability in θλ beyond what is expected from the realization of the random field itself. The idea is that there are two sources of spatial variability in θλ . The first is the spatial variability from the true local parameter func…"	""	""	"simulation_manually_verified"	"Simulation design checked against full TEI; uncertainty is explicitly retained where tables do not permit an exact total."	"unclear"	"yes_candidate"	"yes_candidate"	"unclear"	"yes_candidate"	"unclear"	"unclear"	"unclear"	"yes_candidate"	"unclear"	"unclear"
"S06"	"geostatistics_GP"	"A Full Scale Approximation of Covariance Functions for Large Spatial Data Sets"	"10.1111/j.1467-9868.2011.01007.x"	"corpus\papers\tei\S06.tei.xml"	"237"	"https://openalex.org/W1794957547"	"2026-09-17"	"high_200_499"	"candidate_review"	"simulation evidence found; confirm methodological contribution"	"yes"	"no"	"yes"	"2"	"2 nonstationary parameter configurations"	"n=2000 benchmark with fixed knots/taper; n=8000 prediction comparison for 2 parameter sets across knot numbers/taper ranges"	"lower_bound_3"	"lower_bound_continuous_tuning_grid"	"one generated realization per parameter configuration; no repeated-DGP count reported"	"none_explicitly_found"	"none_explicitly_found"	"yes"	"1"	"1"	"NCDC US precipitation anomalies"	"real-data analysis"	"unclear"	"yes"	"500 held-out locations in n=2000 study; 7000 train/1000 holdout in n=8000 study; MCMC iterations excluded from DGP repetitions"	"full-scale covariance approximation"	"full covariance model; predictive process; covariance tapering"	"posterior parameter summaries; MSPE; computation time"	"Simulation study"	"5341"	"DGP replications; bootstrap/randomization must be kept separate during manual verification."	"Simulation study"	"We considered a nonstationary random field that Banerjee et al. (2008) used in their simulation study on predictive process and for comparison purpose, we considered a Bayesian implementation of the full-scale approximation. We randomly selected 2,000 locations from the region [0, 1000] × [0, 1000] which in turn is partitioned into three subregions as shown in Fig. 4 . We simulated a realization of the spatial process Y (s) at these 2,000 locations using model (1). Three different intercepts were assigned to the three subregions. We adopted a nonstationary ve"	"Real data analysis"	"[Real data analysis] We next illustrate our method using annual total precipitation anomalies at 7352 weather stations from the year 1962 in the United States. The annual precipitation anomalies are the annual rainfall totals standardized by subtracting the long-run mean and dividing the standard deviation for each station using the precipitation data from the National Climatic Data Center (NCDC) for the years 1895 to 1997 (Johns et al., 2003) , Kaufman et al. (2008) noticed no obvious nonstationarity or anisotropy in this spatial data set. Therefore, we fit to data the spatial regression model (1) with the exponential covariance function, which is stationary and isotropic. Our approach requires choice of the knot intensity and the taper range. It is evident that selection of knots and taper range involves tradeoff analysis between inference accuracy and computational cost. A full discussion on this issue is beyond the scope of this paper. For this data set, we did a crude tradeoff analysis using a training subset of size 2,000 and a test subset of size 1,000. Our pilot analysis calculated the MSPE on the test subset and the corresponding run time for prediction over different choices of m and γ. Weighing the tradeoff between MSPE and run time, we chose m = 460 and γ = 25 kilometers for further analysis on the full data set. The resulting tapered covariance matrix [i.e., (21)]…"	"simulation_manually_verified"	"Simulation design checked against full TEI; uncertainty is explicitly retained where tables do not permit an exact total."	"unclear"	"yes_candidate"	"yes_candidate"	"unclear"	"unclear"	"unclear"	"unclear"	"unclear"	"unclear"	"unclear"	"yes_candidate"
"S07"	"geostatistics_GP"	"Hierarchical Nearest-Neighbor Gaussian Process Models for Large Geostatistical Datasets"	"10.1080/01621459.2015.1044091"	"corpus\papers\tei\S07.tei.xml"	"649"	"https://openalex.org/W1898904249"	"2026-09-17"	"very_high_500_plus"	"candidate_review"	"simulation evidence found; confirm methodological contribution"	"yes"	"no"	"yes"	"1"	"1 stationary Gaussian-process regression"	"NNGP m=10 and 20; GPP knot settings; full GP"	"lower_bound_4"	"lower_bound_method_configuration_count"	"one synthetic dataset; no repeated-DGP count reported"	"none_explicitly_found"	"none_explicitly_found"	"yes"	"1"	"1"	"USDA Forest Inventory and Analysis biomass"	"empirical analysis"	"unclear"	"yes"	"out-of-sample predictions; 25000 MCMC iterations excluded from DGP repetitions"	"nearest-neighbor Gaussian process (NNGP)"	"NNGP variants; Gaussian predictive process; full GP"	"posterior parameter summaries; DIC; RMSPE; predictive-interval width; computation time"	"Simulation Experiment"	"6050"	"DGP replications; bootstrap/randomization must be kept separate during manual verification."	"Simulation Experiment"	"ction. The first column in Table 1 gives the true values used to generate the responses. Figure 2(a) illustrates the w(t) surface interpolated over the domain. Table . Univariate synthetic data analysis parameter estimates and computing time in minutes for NNGP and full GP models. Parameter posterior summary  (., .) percentiles. NNGP (S = T ) NNGP (S = T ) True m = 10, k = 2000 m = 20, k = 2000 m = 10 m = 20 β 0  . (., .) . (., .) . (., .) . (., .) β 1  . (., .) . (., .) . (., .) . (., .) σ 2  . (., .) . (., .) . (., .) . (., …"	"Forest Biomass Data Analysis"	"[Forest Biomass Data Analysis] Information about the spatial distribution of forest biomass is needed to support global, regional, and local scale decisions, including assessment of current carbon stock and flux, bio-feedstock for emerging bio-economies, and impact of deforestation. In the United States, the Forest Inventory and Analysis (FIA) program of the USDA Forest Service collects the data needed to support these assessments. The program has established field plot centers in permanent locations using a sampling design that produces an equal probability sample (Bechtold and Patterson 2005) . Field crews recorded stem measurements for all trees with diameter at breast height (DBH; 1.37 m above the forest floor) of 12.7 cm or greater. Given these data, established allometric equations were used to estimate each plot's forest biomass. For the subsequent analysis, plot biomass was scaled to metric tons per ha then square root transformed. The transformation ensures that back transformation of subsequent predicted values have support greater than zero and helps to meet basic regression models assumptions. Figure 3 A July 2006 Normalized Difference Vegetation Index (NDVI) image from the MODerate-resolution Imaging Spectroradiometer (MODIS; http://glcf.umd.edu/data/ndvi ) sensor was used as a single predictor. NDVI is calculated from the visible and nearinfrared light reflected…"	"simulation_manually_verified"	"Simulation design checked against full TEI; uncertainty is explicitly retained where tables do not permit an exact total."	"unclear"	"yes_candidate"	"yes_candidate"	"unclear"	"yes_candidate"	"unclear"	"unclear"	"unclear"	"unclear"	"unclear"	"unclear"
"S08"	"geostatistics_GP"	"A Multi-Resolution Approximation for Massive Spatial Datasets"	"10.1080/01621459.2015.1123632"	"corpus\papers\tei\S08.tei.xml"	"178"	"https://openalex.org/W2271554986"	"2026-09-17"	"below_200"	"candidate_review"	"simulation evidence found; confirm methodological contribution"	"yes"	"no"	"yes"	"2"	"2 (one-dimensional Matérn; two-dimensional exponential)"	"1D: sample sizes about 2000–1966080 × fixed/increasing domain × approximation resolutions; 2D: n=3211264 × approximation settings"	"unclear"	"continuous_or_figure_grid_not_fully_enumerated"	"5; unclear/single realization"	"none_explicitly_found"	"none_explicitly_found"	"yes"	"1"	"1"	"MIRS satellite total precipitable water"	"real-data comparison"	"unclear"	"no"	"likelihood approximation on generated data; fixed- and increasing-domain sequences"	"multi-resolution approximation (M-RA)"	"exact GP/0-RA; one-resolution/full-scale approximations; M-RA variants"	"log-score; computation time"	"Simulation study"	"4663"	"DGP replications; bootstrap/randomization must be kept separate during manual verification."	"Simulation study"	"We simulated five datasets, each roughly of size 2 million (specifically, n max = 1,966,080) from a Gaussian process with mean zero and covariance function where I(•) is the indicator function and is a Matérn correlation function with smoothness parameter 1.5, which is also used for the real-data example below in Section 4.2. The data were simulated on an equidistant grid on a one-dimensional domain D = [0, 1], which permitted fast simulation using the Davies-Harte algorithm an"	""	""	"simulation_manually_verified"	"Simulation design checked against full TEI; uncertainty is explicitly retained where tables do not permit an exact total."	"yes_candidate"	"unclear"	"yes_candidate"	"unclear"	"yes_candidate"	"unclear"	"unclear"	"unclear"	"unclear"	"unclear"	"unclear"
"S09"	"geostatistics_GP"	"Modeling spatial data using local likelihood estimation and a Matérn to spatial autoregressive translation"	"10.1002/env.2652"	"corpus\papers\tei\S09.tei.xml"	"18"	"https://openalex.org/W3048803434"	"2026-09-17"	"below_200"	"candidate_review"	"simulation evidence found; confirm methodological contribution"	"yes"	"no"	"yes"	"1 Monte Carlo experiment plus 2 deterministic calibration experiments"	"stationary Matérn fields with smoothness 1 or 2 and varying ranges/windows/replicate counts"	"11 × 4 × 2 × 9 = 792 Monte Carlo cells"	"792"	"exact"	"100 per cell"	"none_explicitly_found"	"none_explicitly_found"	"yes"	"1"	"1"	"CESM Large Ensemble climate fields"	"climate-data application"	"unclear"	"no"	"in-sample parameter recovery; deterministic calibration runs kept separate from DGP repetitions"	"local Matérn estimation with Matérn-to-SAR numerical calibration"	"Matérn covariance; calibrated SAR representation"	"percent error in range estimates; correlation-matrix approximation error"	"INTRODUCTION | The SAR model | Local estimation strategy | A numerical study of local Matérn estimation | F I G U R E 5 | A visual comparison | Transformation to white noise"	"20956"	"DGP replications; bootstrap/randomization must be kept separate during manual verification."	"INTRODUCTION"	"covariance. The major challenges are in specifying a flexible nonstationary model that is amenable to estimation for large datasets, but also allows for computationally efficient simulation. We investigate a two-stage approach to estimating and modeling nonstationary covariances, similar to the methodology in Nychka, Hammerling, Krock, and Wiens (2018) . First, assuming the field is approximately locally stationary, we perform moving window local likelihood estimation to infer spatially varying Matérn covariance parameters. In the approach of Nychka et al. (2018) these parameters are mapped into those of the LatticeKrig model (Nychka, Bandyo…"	"CLIMATE DATA APPLICATION"	"[CLIMATE DATA APPLICATION] The data set from the CESM LENS project (Kay et al., 2015) is comprised of 30 spatial fields that can be assumed to be independent replicates from the same distribution. This well-known feature is based on the highly nonlinear properties of a global climate model run over a long period and started with different initial conditions. This feature is also termed sensitive dependence on initial conditions and is a hallmark of chaotic dynamical systems. Nychka et al. (2018) first analyzed these data using the LatticeKrig model, and this article details the climate science application. The data locations are on a 288 × 192 grid with approximately one degree resolution, covering the entire globe. The specific dataset used in this application is publically available in R binary format from the LatticeKrig github repository 1 Details about the pattern scaling approach to statistical emulation can also be found in Alexeeff, Nychka, Sain, and Tebaldi (2018) . Briefly, each field is a measure of how the local temperature average is affected by a global temperature average increase of 1 • C. Generating this ensemble of only 30 members was an expensive computational campaign, requiring dedicated super computing resources over a period of months. The statistical task is to represent these spatial fields with a probability distribution where it is more efficient to…"	"simulation_manually_verified"	"Simulation design checked against full TEI; uncertainty is explicitly retained where tables do not permit an exact total."	"yes_candidate"	"yes_candidate"	"yes_candidate"	"unclear"	"yes_candidate"	"yes_candidate"	"unclear"	"unclear"	"yes_candidate"	"unclear"	"unclear"
"S10"	"geostatistics_GP"	"A Vecchia approximation for high-dimensional Gaussian cumulative distribution functions arising from spatial data"	"10.1080/00949655.2021.2016759"	"corpus\papers\tei\S10.tei.xml"	"5"	"https://openalex.org/W3045941984"	"2026-09-17"	"below_200"	"candidate_review"	"simulation evidence found; confirm methodological contribution"	"yes"	"no"	"yes"	"1"	"2 exponential Gaussian processes (range 1; range 5)"	"5 grid sizes × 2 ranges = 10 DGP scenarios; algorithms evaluated at 4 neighbor sizes or 2 quasi-Monte-Carlo sizes"	"10"	"exact_dgp_scenarios"	"one Gaussian-process dataset/scenario; no repeated-DGP count reported"	"none"	"5 stochastic algorithm repetitions per calculation (not DGP repetitions)"	"yes"	"1"	"1"	"European weekly maximum precipitation"	"empirical application"	"unclear"	"no"	"numerical agreement with quasi-Monte-Carlo benchmark; five algorithm replications separated from DGP replication"	"Vecchia approximation to high-dimensional Gaussian CDFs"	"Vecchia conditioning schemes; Genz-Bretz quasi-Monte-Carlo"	"estimated log CDF; numerical variability; computation time"	"Simulation Study"	"3975"	"DGP replications; bootstrap/randomization must be kept separate during manual verification."	"Simulation Study"	"To assess the accuracy and speed of this approximation, and to explore the trade-off inherent in the choice of m, we conduct a simulation study. Since the true value of the cdf is not available, the best we can do to check for accuracy is to see whether it is consistent with results obtained from direct use of the Genz and Bretz [9] QM approach. We simulate a Gaussian process observed on equally spaced grids of five different sizes, 15 × 15, 30 × 30, 50 × 50, 75 × 75 and 100 × 100. We try two different covariance functions for the Gaussian process to see whether this has an impact on the cdf estimati"	"Precipitation Over Europe"	"[Precipitation Over Europe] Our dataset consists of weekly maximum precipitation observations between January, 2000 and April, 2019, in the western and central region of continental Europe, north of the mountain ranges the Pyrenees, Alps, and Carpathians. The 6 countries we consider are Germany, Poland, Netherlands, Belgium, Czech Republic, and France. Figure 8 shows the locations of the observation stations distributed over Europe. This dataset consists of 1,006 weekly maxima from D = 528 weather stations. For context, the computational bottleneck from the Gaussian cdf limited the analysis in Huser et al. [14] to a dataset of D = 12 locations, even though analysis was performed on a large high-performance computing cluster. We use the weekly maximum daily accumulations at each location to break temporal dependence that might arise from storms that persist for more than one day. Out of the 531,168 total observations, 32.6% were missing values. For each weekly maximum, only the available data was used for estimation, and all missing observations were disregarded. The covariance model we use for the underlying Gaussian processes is an anisotropic exponential, Σ ij (θ) = exp{-h ij /ρ}, where ρ is the range parameter and h ij is the Mahalanobis distance between locations s i and s j . The Mahalanois distance is parametrized as h 2 ij = Ω T Ω, where Ω = (s i -s j ) T cos(φ) -sin(φ)…"	"simulation_manually_verified"	"Simulation design checked against full TEI; uncertainty is explicitly retained where tables do not permit an exact total."	"yes_candidate"	"unclear"	"yes_candidate"	"unclear"	"yes_candidate"	"unclear"	"unclear"	"unclear"	"yes_candidate"	"unclear"	"unclear"
"T01"	"spatiotemporal_panel"	"Panel data models with spatially correlated error components"	"10.1016/j.jeconom.2006.09.004"	"corpus\papers\tei\T01.tei.xml"	"821"	"https://openalex.org/W2161162628"	"2026-09-17"	"very_high_500_plus"	"candidate_review"	"simulation evidence found; confirm methodological contribution"	"yes"	"no"	"yes"	"1"	"1 spatial panel error-components model"	"7 spatial-autoregressive values × 3 W matrices = 21"	"21"	"exact"	"1000 per cell"	"none_explicitly_found"	"none_explicitly_found"	"no"	"0"	"0"	""	"none"	"unclear"	"no"	"in-sample parameter-estimation Monte Carlo"	"GM estimators and feasible GLS for spatial panel error components"	"three GM variants; iterated GM/FGLS; maximum likelihood"	"robust RMSE based on median and interquantile range"	"A Monte Carlo Investigation"	"9952"	"DGP replications; bootstrap/randomization must be kept separate during manual verification."	"A Monte Carlo Investigation"	"In the following we report on a small Monte Carlo study of the small sample properties of the estimators suggested in this paper. We consider the three suggested GM estimators of the spatial autoregressive parameter ρ and variances σ 2 μ and σ 2 1 , and corresponding feasible GLS estimators for β. We also consider iterated versions of these estimators. For purposes of comparison, we also consider the maximum likelihood estimator of these parameters. A larger Monte Carlo study relating to a wider set of experiments"	""	""	"simulation_manually_verified"	"Simulation design checked against full TEI; uncertainty is explicitly retained where tables do not permit an exact total."	"unclear"	"yes_candidate"	"yes_candidate"	"unclear"	"yes_candidate"	"unclear"	"unclear"	"unclear"	"unclear"	"unclear"	"unclear"
"T02"	"spatiotemporal_panel"	"QML Estimation of Spatial Dynamic Panel Data Models with Time Varying Spatial Weights Matrices"	"10.1080/17421772.2011.647057"	"corpus\papers\tei\T02.tei.xml"	"101"	"https://openalex.org/W2077685031"	"2026-09-17"	"below_200"	"candidate_review"	"simulation evidence found; confirm methodological contribution"	"yes"	"no"	"yes"	"2"	"2 time-varying W patterns (left-right/queen; rook/queen)"	"2 parameter vectors × 2 n × 2 T = 8 per W pattern; estimations under correct and four misspecified W specifications"	"16"	"exact_dgp_cells_lower_bound_if_supplementary_designs_counted"	"500 per cell"	"none_explicitly_found"	"none_explicitly_found"	"no"	"0"	"0"	""	"none"	"unclear"	"no"	"in-sample parameter estimation under W misspecification"	"bias-corrected ML for panels with time-varying spatial weights"	"uncorrected MLE; bias-corrected MLE under correct, averaged, left-right, queen and rook W"	"bias; SD; RMSE; coverage probability"	"Monte Carlo"	"5445"	"DGP replications; bootstrap/randomization must be kept separate during manual verification."	"Monte Carlo"	"We conduct a Monte Carlo experiment to evaluate the performance of MLEs and the bias corrected estimator with time varying spatial weights matrices. The DGP is (1): t ¼ 1; 2; :::; T : We generate samples using h a 0 ¼ ð0:1; 0:2; 1; 0:5; 1Þ 0 and h b 0 ¼ ð0:4; 0:2; 1; 0:2; 1Þ, where h , and X nt , c n0 , a t0 and V nt are generated from independent normal distributions. 12 We use T010, 50, and n 049, 196. For time varying spatial weights matrices, we choose an alternating pattern. When t is"	""	""	"simulation_manually_verified"	"Simulation design checked against full TEI; uncertainty is explicitly retained where tables do not permit an exact total."	"unclear"	"unclear"	"yes_candidate"	"unclear"	"yes_candidate"	"unclear"	"unclear"	"unclear"	"unclear"	"unclear"	"unclear"
"T03"	"spatiotemporal_panel"	"Spatial dynamic panel data models with interactive fixed effects"	"10.1016/j.jeconom.2016.12.001"	"corpus\papers\tei\T03.tei.xml"	"131"	"https://openalex.org/W2579228981"	"2026-09-17"	"below_200"	"candidate_review"	"simulation evidence found; confirm methodological contribution"	"yes"	"no"	"yes"	"3"	"4 principal dynamic spatial-panel parameter specifications plus factor-number/noise sensitivity"	"4 specifications × 3 n × 3 T = 36 principal cells; additional redundant-factor and factor-strength cells"	"lower_bound_36"	"lower_bound"	"1000 per design"	"none_explicitly_found"	"none_explicitly_found"	"yes"	"1"	"1"	"US state HECM mortgage originations"	"empirical application"	"unclear"	"no"	"in-sample parameter recovery and model-dimension selection"	"bias-corrected QML for dynamic spatial panels with interactive effects"	"QMLE; bias-corrected QMLE; multiple factor-number criteria"	"bias; coverage probability; factor-number selection accuracy"	"Monte Carlo results"	"4935"	"DGP replications; bootstrap/randomization must be kept separate during manual verification."	"Monte Carlo results"	"1000 Monte Carlo replications are carried out for each design. The numerical maximization routine starts at multiple values, because the objective function is not concave and multiple local maxima might exist. The baseline specification is θ a 0 = (0.3, 0.3, 0.3, 0.3, 1, 1) for θ = (λ , γ, ρ, α, β 1 , β 2 ). We then consider the cases with negative spatial interaction (θ b 0 = (-0.3, 0.3, 0.3, 0.3, 1, 1)), no spatial correlation in disturbances (θ c 0 = (0.3, 0.3, 0.3, 0, 1, 1)), a"	"Empirical application: spatial spillovers in mortgage originations"	"[Empirical application: spatial spillovers in mortgage originations] Our empirical application is motivated by Haurin et al. (2016) , which analyzes the effect of house prices on state-level origination rates of the Home Equity Conversion Mortgage (HECM), but does not consider spatial spillovers. HECM is the predominant type of reverse mortgages which enable senior homeowners to withdraw their home equity without home sale or monthly payments. HECMs are insured and regulated by the federal government, although the private market originates the loans. The insurance is provided by the Federal Housing Administration through the mutual mortgage insurance fund, which guarantees that the borrower can have access to the loan fund in the future even when the lender is no longer in business, and the lender can be fully repaid when the loan terminates even if the house value is less than the loan balance. The borrower pays mortgage insurance premium both at loan closing and monthly over the lifetime of the loan. Haurin et al. (2016) find that states with past volatile house prices and current house price levels above long term norms have higher origination rates. This is consistent with the hypothesis that households use HECMs to insure against house price declines and therefore the mortgage insurance should take into account this behavioral response to house price dynamics, as the insu…"	"simulation_manually_verified"	"Simulation design checked against full TEI; uncertainty is explicitly retained where tables do not permit an exact total."	"yes_candidate"	"yes_candidate"	"unclear"	"unclear"	"unclear"	"unclear"	"unclear"	"unclear"	"unclear"	"unclear"	"unclear"
"T04"	"spatiotemporal_panel"	"QML estimation of spatial dynamic panel data models with endogenous time varying spatial weights matrices"	"10.1016/j.jeconom.2016.11.004"	"corpus\papers\tei\T04.tei.xml"	"75"	"https://openalex.org/W2560597405"	"2026-09-17"	"below_200"	"candidate_review"	"simulation evidence found; confirm methodological contribution"	"yes"	"no"	"yes"	"1"	"1 endogenous time-varying-W spatial panel with three endogeneity levels"	"3 endogeneity levels × 2 T values = 6 principal DGP cells (n=100)"	"6"	"exact_principal_design"	"500 per cell"	"none_explicitly_found"	"none_explicitly_found"	"yes"	"1"	"1"	"US state cigarette demand"	"empirical illustration"	"unclear"	"no"	"in-sample parameter estimation under correct and misspecified W endogeneity"	"QMLE for endogenous time-varying spatial weights"	"correct endogenous-W QMLE; exogenous-W QMLE; direct and transformation approaches; bias corrections"	"bias; SD; RMSE; coverage probability"	"Monte Carlo"	"3629"	"DGP replications; bootstrap/randomization must be kept separate during manual verification."	"Monte Carlo"	"We conduct Monte Carlo experiments to investigate the …nite sample performance of QML estimates. The value of 0 = 1 0 v 0 in the DGP can be 0, 0.5 and 0.8, which correspond, respectively, to exogenous, mild endogenous, and strong endogenous W nt . We estimate the parameters using the QML estimation taking into account endogenous W nt , and compare them with the estimates using the exogenous W nt speci…cation in Lee and Yu (2012) . We expect to see that (i) for the DGP with endogenous W n"	"Empirical Application"	"[Empirical Application] We consider the dynamic demand for cigarette consumption as our empirical illustration. Baltagi and Levin (1986, 1992) …nd that there is signi…cant price elasticity but the income elasticity is small. The ""bootlegging"" e¤ect is found to be signi…cant so that the minimum price of neighboring states in ‡uences the cigarette sale in a state. However, this bootlegging speci…cation ignores the possibility that cross border shopping can take place in di¤erent neighboring states, but not just the minimum price of neighboring states. For these di¤erent neighboring states, only those with a lower price might a¤ect the demand of the home state. Similar to Kelejian and Piras (2014) , we propose the following equation for estimation Here, C nt is the cigarette sales in packs per capita, I nt is per capita disposable income, and P nt is price per pack of cigarettes. The sample includes 46 states 18 and 30 years (1983-1992). We allow the endogeneity of spatial weights matrices by the following equation where P op16 nt is the ratio of population with age over 16, which is the legal age to smoke. For identi…cation purposes, as long as the ln P nt includes di¤erent exogenous variables such as ln P n;t 1 or P op16 nt , 2 will be identi…ed. 19 We have two speci…cations of the spatial weights matrix. The …rst one speci…ed as where d ijt is a dummy variable speci…es the des…"	"simulation_manually_verified"	"Simulation design checked against full TEI; uncertainty is explicitly retained where tables do not permit an exact total."	"unclear"	"unclear"	"yes_candidate"	"unclear"	"unclear"	"unclear"	"unclear"	"unclear"	"unclear"	"unclear"	"unclear"
"T05"	"spatiotemporal_panel"	"A spatial panel data model with time varying endogenous weights matrices and common factors"	"10.1016/j.regsciurbeco.2017.03.007"	"corpus\papers\tei\T05.tei.xml"	"29"	"https://openalex.org/W2605298442"	"2026-09-17"	"below_200"	"candidate_review"	"simulation evidence found; confirm methodological contribution"	"yes"	"no"	"yes"	"2"	"endogenous time-varying-W spatial panel with factor-number sensitivity"	"4 spatial-interaction levels × 2 endogeneity levels × reported n/T settings; additional factor-number misspecification cells"	"lower_bound_8"	"lower_bound"	"1000 per design"	"none_explicitly_found"	"none_explicitly_found"	"yes"	"1"	"1"	"US state HECM mortgage originations"	"empirical application"	"unclear"	"no"	"in-sample parameter recovery and misspecification analysis"	"bias-corrected QML with endogenous spatial weights and interactive effects"	"original and bias-corrected QMLE; exogenous-W misspecification; alternative factor counts"	"bias; SD; RMSE; coverage probability"	"Monte Carlo results"	"3301"	"DGP replications; bootstrap/randomization must be kept separate during manual verification."	"Monte Carlo results"	"1000 Monte Carlo replications are carried out. The numerical maximization routine starts at multiple values, because the objective function is not concave and multiple local maxima may exist. We vary the degree of spatial interaction (λ = -0.6, -0.2, 0.2, 0.6) and endo- geneity (ρ = 0.2, 0.6). α ξ denotes σ ξ -1 and α denotes Σϵ -1 2 . Tables 1-4 report the Monte Carlo results for the original QML estimators and their bias corrected counterparts. The magnitude of biases generally d"	"Empirical application: spatial spillovers in mortgage originations"	"[Empirical application: spatial spillovers in mortgage originations] Our empirical application is motivated by Haurin et al. (2016) which analyzes the effect of house prices on state-level origination rates of the Home Equity Conversion Mortgage (HECM). HECM is the predominant type of reverse mortgages in the United States, which enable senior homeowners to withdraw their home equity without home sale or monthly payments. HECMs are insured and regulated by the federal government, although the private market originates the loans. The insurance is provided by the Federal Housing Administration through the mutual mortgage insurance fund, which guarantees that the borrower can have access to the loan fund in the future even when the lender is no longer in business, and the lender can be fully repaid when the loan terminates even if the house value is less than the loan balance. The borrower pays mortgage insurance premium both at loan closing and monthly over the lifetime of the loan. Haurin et al. (2016) find that states with past volatile house prices and current house price levels above long term norms have higher origination rates. This is consistent with the hypothesis that households use HECMs to insure against house price declines and therefore the mortgage insurance should take into account this behavioral response to house price dynamics, as the insurance fund will face h…"	"simulation_manually_verified"	"Simulation design checked against full TEI; uncertainty is explicitly retained where tables do not permit an exact total."	"yes_candidate"	"yes_candidate"	"yes_candidate"	"unclear"	"unclear"	"unclear"	"unclear"	"unclear"	"unclear"	"unclear"	"unclear"
"T06"	"spatiotemporal_panel"	"Estimation of fixed effects spatial dynamic panel data models with small T and unknown heteroskedasticity"	"10.1016/j.regsciurbeco.2020.103520"	"corpus\papers\tei\T06.tei.xml"	"16"	"https://openalex.org/W3003943162"	"2026-09-17"	"below_200"	"candidate_review"	"simulation evidence found; confirm methodological contribution"	"yes"	"no"	"yes"	"3"	"3 FE-SDPD DGPs (general model; spatial Durbin extension; SL/STL comparison)"	"DGP × 2 heteroskedasticity patterns/homoskedastic case × 3 error distributions × 2 T × 4 N × SNR/parameter settings"	"unclear"	"large_factorial_not_fully_enumerated"	"2000 per parameter combination"	"none_explicitly_found"	"none_explicitly_found"	"yes"	"1"	"1"	"sovereign bond spreads for 51 countries"	"empirical application"	"unclear"	"no"	"in-sample parameter and variance-estimator Monte Carlo"	"robust M-estimator for fixed-effects spatial dynamic panels"	"conditional QMLE; homoskedastic M-estimator; robust optimal GMM"	"empirical mean; SD; robust estimated SE; bias; efficiency"	"Monte Carlo Study"	"6685"	"DGP replications; bootstrap/randomization must be kept separate during manual verification."	"Monte Carlo Study"	"Monte Carlo experiments are carried out to investigate the finite sample performance of the proposed M-estimator of the FE-SDPD model with unknown heteroskedasticity and the finite sample performance of the corresponding VC matrix estimator. Further, the proposed robust M-estimator is compared with the M-estimator of Yang (2018) under homoskedasticity for efficiency purpose. It is also compared with the robust optimal GMM estimator of Kuersteiner and Prucha (2018) . Finally, a"	"Empirical Application: Sovereign Risk Spillover"	"[Empirical Application: Sovereign Risk Spillover] This section presents an empirical application of the proposed M-estimator for the FE-SDPD model under small T and unknown heteroskedasticity. We investigate international spillover of the sovereign bond spreads of 51 countries from 2007 to 2012, and we find that it is important to allow for heteroskedasticity in the estimation. All of these works are under the assumption that disturbances are homoskedastic. However, as different financial sectors vary greatly in size and depth, different countries vary greatly in so many aspects such as population, location, completeness of financial market, bureaucratic quality, government stability, openness to trade, and other social-economical characteristics, it is natural to think that we should allow the innovations to be heteroskedastic. Our data covers 51 countries, including both advanced and emerging markets over six years from 2007 to 2012. The list of countries included in our analysis is presented in table E1. Bond yield spread, credit default swap and credit ratings are three commonly used measures of sovereign risk in the literature. We follow the main body of the literature to measure the sovereign risk by sovereign bond yields spreads. For advanced economies, the spread is computed as the difference between the 10-year bond yields on the secondary market and the 10-year US tr…"	"simulation_manually_verified"	"Simulation design checked against full TEI; uncertainty is explicitly retained where tables do not permit an exact total."	"yes_candidate"	"yes_candidate"	"yes_candidate"	"yes_candidate"	"yes_candidate"	"yes_candidate"	"yes_candidate"	"unclear"	"unclear"	"unclear"	"unclear"
"T07"	"spatiotemporal_panel"	"Spatial dynamic panel data models with correlated random effects"	"10.1016/j.jeconom.2020.05.016"	"corpus\papers\tei\T07.tei.xml"	"27"	"https://openalex.org/W2898278465"	"2026-09-17"	"below_200"	"candidate_review"	"simulation evidence found; confirm methodological contribution"	"yes"	"no"	"yes"	"3"	"3 correlated/random-effects spatial dynamic panel DGPs"	"DGP × 3 W schemes × 3 error distributions × 2 T × 4 N × spatial-parameter settings"	"unclear"	"large_factorial_not_fully_enumerated"	"2000 per parameter combination"	"none_explicitly_found"	"none_explicitly_found"	"yes"	"1"	"1"	"political competition across Chinese cities"	"empirical application"	"unclear"	"no"	"in-sample parameter and standard-error recovery"	"M-estimator and robust covariance estimator for CRE-SDPD"	"conditional QMLE; M-estimator; full QMLE in spatial-error special case"	"empirical mean; SD; robust estimated SE; bias; efficiency"	"Monte Carlo study"	"5352"	"DGP replications; bootstrap/randomization must be kept separate during manual verification."	"Monte Carlo study"	"Extensive Monte Carlo experiments are run to investigate the finite sample performance of the proposed M-estimator of the CRE-SDPD model, and the finite sample performance of the proposed estimate of the VC matrix of the M-estimator. As in the special case of a RE-SDPD model with only spatial errors the full QMLE is available from Su and Yang (2015) , a comparison is made between the full QMLE and the proposed M-estimator. We use the following three data generating processes (DGPs): whe"	"Empirical application: Political competition in China"	"[Empirical application: Political competition in China] In this section, we apply the estimation and inference methods for the CRE-SDPD model proposed in this paper to investigate strategic interactions in political competitions across Chinese cities. The tournament competition among Chinese local government leaders has been well documented. The competitions have been found over primary policy issues such as economic growth and fiscal budget, as well as over second-dimensional policy issues such as coal mine safety (Li and Zhou, 2005; Yao and Zhang, 2015; Yu et al., 2016; Shi and Xi, 2018) . The provincial superiors can evaluate and promote local leaders based on their performance, and local leaders compete with each other for positions at higher levels. We analyze the annual total investments (in RMB) of 338 prefecture-level cities (of which 80 are autonomous) in the 27 provincial level administrative regions (in short, provinces) in mainland China, from 2010 to 2013. The list of cities can be found in the Supplementary Appendix. The time-lagged dependent variable y t-1 measures policy stability. The spatial lag term Wy t captures the competition among cities, reflecting how investment decisions of the neighboring cities affect 7 The detail is: ∑ T t=-m ε t , and e ∼ N(0, σ 2 2 I n ). Let θ x = (g, φ 1 , φ 2 , σ 1 , σ 2 ). 8 The Rook and Queen schemes are standard. For group…"	"simulation_manually_verified"	"Simulation design checked against full TEI; uncertainty is explicitly retained where tables do not permit an exact total."	"unclear"	"yes_candidate"	"yes_candidate"	"unclear"	"yes_candidate"	"unclear"	"unclear"	"unclear"	"unclear"	"unclear"	"unclear"
"T08"	"spatiotemporal_panel"	"Estimation and model selection in general spatial dynamic panel data models"	"10.1073/pnas.1917411117"	"corpus\papers\tei\T08.tei.xml"	"28"	"https://openalex.org/W3007529866"	"2026-09-17"	"below_200"	"candidate_review"	"simulation evidence found; confirm methodological contribution"	"yes"	"no"	"yes"	"1"	"2 error distributions (normal; t(3)) in high-dimensional spatial dynamic panel"	"3 (n,T) settings × 2 error distributions = 6"	"6"	"exact"	"1000 per cell"	"none_explicitly_found"	"none_explicitly_found"	"yes"	"1"	"1"	"Pittsburgh monthly crime counts by census tract"	"real-data analysis"	"unclear"	"no"	"in-sample estimation and variable-selection recovery"	"EDLS+ penalized estimation and model selection"	"oracle; LASSO; MCP; SCAD; OGA+; instrumental-variable method"	"MSE; correct zeros; incorrectly removed nonzeros; computation time"	"Data Examples Simulations."	"9651"	"DGP replications; bootstrap/randomization must be kept separate during manual verification."	"Data Examples Simulations."	"ion to the EDLS+ using both SCAD and MCP penalty functions, some other estimation methods are also considered for estimating θ o , including the oracle estimator (as G is known in simulations), the Least Absolute Shrinkage and Selection Operator (LASSO) estimator (17) , and the estimator obtained by using the orthogonal greedy algorithm (OGA) plus high-dimensional Hannan-Quinn criterion (HDHQ) plus trimming (TRIM) (OGA+HDHQ+TRIM) (18) that is simplified as OGA+ in this paper. It is noted that OGA is a forward stepwise regression method, HDHQ is used to choose a set of regressors along the OGA path by minimizing HDHQ, and TRIM is to exclude i…"	"Data Examples Simulations."	"[Data Examples Simulations.] Let A = (aij )n×n be an adjacency matrix such that aii = 0, aij = aji , j = i. We generate aij , i > j , using Bernoulli distribution B (1, 10/n). We define the weight matrix Wn = D -1 A, where D = diag( n j =1 a1j , n j =1 a2j , . . . , n j =1 anj ), and each row sum of Wn is scaled to one. In the model Eq. 1, let Z be an n × 2 matrix and Zt = (y t-1 , Xt , Xt-1), where Z are generated from the multivariate normal distribution with zero mean vector and covariance matrix I2, Xt is a n × 2 dimension matrix, Xt are generated from the multivariate normal distribution with zero mean vector and covariance matrix given by Σ0 = (cij )2×2 with cij = 0.5 |i-j | , and the error terms εt are iid from normal distribution N (0, 1) or t distribution t(3). Denote θ = (ρ, α, γ 0 , β 0 , γ , β ) , whose true value is θ o = (0.2, 0.5, 0, 0, -1.5, 2.5, 0.3, 0, 0, 0, 0, 0.5, -1, 2, 0, 0) 16×1 Table 1. Performance of EDLS+ and the IV method for estimating θ N(0,1) t(3) Method (n, T) ρ MSE CR ICR ρ MSE CR ICR EDLS+ Oracle (50,50) 0.205 0.037 8.000 0.000 0.200 0.039 8.000 0.000 LASSO 0.248 0.094 2.949 0.000 0.246 0.095 2.981 0.002 MCP 0.199 0.060 6.658 0.111 0.200 0.060 6.665 0.097 SCAD 0.198 0.060 6.711 0.112 0.198 0.060 6.693 0.102 OGA+ 0.142 0.099 7.945 0.395 0.146 0.094 7.943 0.369 Oracle (50,100) 0.203 0.018 8.000 0.000 0.200 0.018 8.000 0.000 LASSO 0.231 0.045 2.96…"	"simulation_manually_verified"	"Simulation design checked against full TEI; uncertainty is explicitly retained where tables do not permit an exact total."	"yes_candidate"	"yes_candidate"	"yes_candidate"	"unclear"	"yes_candidate"	"unclear"	"unclear"	"unclear"	"unclear"	"unclear"	"yes_candidate"
"T09"	"spatiotemporal_panel"	"Minimum distance quantile regression for spatial autoregressive panel data models with fixed effects"	"10.1371/journal.pone.0261144"	"corpus\papers\tei\T09.tei.xml"	"7"	"https://openalex.org/W4200558551"	"2026-09-17"	"below_200"	"candidate_review"	"simulation evidence found; confirm methodological contribution"	"yes"	"no"	"yes"	"2"	"homoskedastic and heteroskedastic spatial dynamic quantile panel"	"2 variance structures × 3 N × 2 T × 3 quantiles = 36"	"36"	"exact"	"1000 per cell"	"none_explicitly_found"	"none_explicitly_found"	"yes"	"1"	"1"	"US state cigarette demand"	"empirical illustration"	"unclear"	"no"	"in-sample finite-sample parameter performance"	"IV minimum-distance quantile regression"	"IV-MDQR; MDQR; IV fixed-effects quantile regression"	"bias; RMSE; computation time"	"Monte Carlo simulations"	"6980"	"DGP replications; bootstrap/randomization must be kept separate during manual verification."	"Monte Carlo simulations"	"In this section, we conduct Monte Carlo simulations to investigate the finite sample performance of the IV-MDQR estimator. We report results for average bias and root mean squared error (RMSE). We are mainly interested in comparing the performances of the IV-MDQR estimator and other two QR estimators, such as MDQR and IV-FEQR. The Monte Carlo simulations are repeated 1000 times. We consider several sample sizes and quantiles, where N 2 {50, 100, 200}, T 2 {50, 100}, and τ 2 {0.25, 0.5, 0.75}. For IV-MDQR"	"Illustration"	"[Illustration] In this section, we employ the cigarette demand data set ( https://spatial-panels.com/software/ ) to illustrate our methodologies. The cigarette demand data set has been analyzed by many authors (see, [9, [23] [24] [25] [26] [27] ). The data set is based on a panel of 46 states and covers 1963 to 1992. The spatial weight matrix W is also given in the data set. We take the following two variables as explanatory variables, such as the logarithm average retail price of a pack of cigarettes measured in real terms, (X 1 ), and the logarithm real per capita disposable income (X 2 ). The dependent variable y it is the logarithm real per capita sales of cigarettes by persons of smoking age (14 years and older). Firstly, the Kolmogorov-Smirnov test is employed to test whether the standardized y follows the standard normal distribution. The result shows that the normality assumption is rejected at the 0.05 significance level. Fig 1 gives the p.d.f. plot of response y, which shows that the density of y has larger kurtosis than N(0, 1). Following, we employ the spatial autoregressive panel data model for analysis. The fitted model takes the form: where D it ¼ P N j¼1 w ij y jt . We estimate the parameters using the IV-MDQR, IV-FEQR, MLE, and OLS methods. The results are presented in Table 5 . The first three columns are the IV-MDQR estimates for τ = 0.25, 0.5, 0.75, the mid…"	"simulation_manually_verified"	"Simulation design checked against full TEI; uncertainty is explicitly retained where tables do not permit an exact total."	"yes_candidate"	"yes_candidate"	"yes_candidate"	"unclear"	"yes_candidate"	"yes_candidate"	"unclear"	"unclear"	"unclear"	"unclear"	"unclear"
"T10"	"spatiotemporal_panel"	"Modeling Nonstationarity in Space and Time"	"10.1111/biom.12656"	"corpus\papers\tei\T10.tei.xml"	"29"	"https://openalex.org/W2581987418"	"2026-09-17"	"below_200"	"candidate_review"	"simulation evidence found; confirm methodological contribution"	"yes"	"no"	"yes"	"2"	"2 (separable; nonseparable latent-dimension space-time covariance)"	"3 separable parameter settings; 2×2×2=8 nonseparable settings; large-data subsampling experiment"	"11 principal covariance cells plus 1 large-data setting"	"exact_principal_design"	"200 per covariance cell; 100 in large-data experiment"	"none_explicitly_found"	"none_explicitly_found"	"yes"	"1"	"1"	"USGS streamflow, Northern Illinois and Wisconsin"	"empirical application"	"unclear"	"yes"	"drop-one prediction; large-data experiment evaluates 100 randomly dropped observations"	"dimension expansion for nonstationary space-time covariance"	"true model; stationary model; BSZ; BSZ plus stationary temporal model"	"drop-one MSPE; log score"	"Introduction | Extend Dimension Expansion to Space-Time | Learning Latent Dimensions and Model Fitting | Basic Setup | Numerical Results | Discussion"	"27850"	"DGP replications; bootstrap/randomization must be kept separate during manual verification."	"Basic Setup"	"We perform simulation studies to demonstrate the advantages of using our method when the data are nonstationary in both space and time. Two space-time covariance functions are used to simulate spatio-temporal processes. One is the separable model in (2) and the other is the nonseparable model in (3). For each model type, we set parameters at different values to eliminate the effect of particular parameters on the simulation results. Specifically, as shown in Table 1 , we set φ t = φ s ="	"Application to Streamflow Data"	"[Application to Streamflow Data] To further illustrate that our nonstationary space-time covariance model can be useful in practice, we apply it to a streamflow dataset. Daily average discharge of streams from 28 stations in Northern Illinois and Wisconsin during June through October 2013 was obtained from the US Geologi- The dimensions of each model and the notation of LS follow those in Table 1 . cal Survey, see Figure 3a for a station map. The discharge, measured in ft 3 /s, is the volume of water passing through any given point in the stream. Due to of lake and urbanization effects near Madison, WI and Lake Koshkonong on Rock River, Rock River stations below Lake Koshkonong and with extreme drainage areas were excluded from consideration. A stream is a form of catchment or drainage basin, that is, an extent of land where surface water from rain, snow melt, etc. converges and drains to a lower elevation. Thus, the discharge at a station depends on the water level at an unknown point of higher elevation upstream within the drainage basin of that station. Considering upstream elevation as a latent dimension and only observing latitude and longitude coordinates of stations, we apply dimension expansion in an attempt to mimic the effect of elevation upstream of each station. We first take a log transformation of the data and remove the station mean of 2013. We then apply dimens…"	"simulation_manually_verified"	"Simulation design checked against full TEI; uncertainty is explicitly retained where tables do not permit an exact total."	"unclear"	"yes_candidate"	"yes_candidate"	"unclear"	"yes_candidate"	"unclear"	"unclear"	"unclear"	"unclear"	"unclear"	"unclear"
"A01"	"GWR_MGWR_SVC"	"Geographically weighted elastic net logistic regression"	"10.1007/s10109-018-0280-7"	"corpus\papers\tei\Geographically_weighted_elastic_net_logistic_regression_W2892463357.tei.xml"	""	""	""	"unavailable_pending_refresh"	"include_parametric_dgp"	"Full TEI manually reviewed; explicit parametric DGP and empirical application confirmed."	"yes"	"no"	"yes"	"1"	"1 SVC logistic DGP with local collinearity"	"1"	"1"	"exact"	"100"	"none_explicitly_found"	"none_explicitly_found"	"yes"	"2"	"2"	"2016 US county election; ecospat hypothetical-species presence/absence"	"two empirical case studies"	"2"	"yes"	"leave-one-out classification in both empirical datasets"	"GW-ENLR"	"LR; ENLR; GW-LR; GW-ENLR"	"classification accuracy; local condition number; coefficient shrinkage"	"full simulation/DGP sections and associated tables/figures"	"full_TEI_manual_review"	"DGP repetitions separated from bootstrap, MCMC, optimization and train/test resampling."	"simulation sections and tables"	"100 regenerated datasets on Georgia county centroids."	"empirical/application sections"	"Two independent US election and species datasets."	"simulation_and_real_data_manually_verified"	"Added after full-corpus TEI screening on 2026-09-21; uncertain totals retained as lower bounds."	"no"	"no"	"no"	"no"	"no"	"no"	"no"	"yes"	"yes"	"no"	"no"
"A02"	"complementary"	"Benchmarking Regression Models Under Spatial Heterogeneity"	"10.4230/LIPIcs.GIScience.2023.11"	"corpus\papers\tei\Benchmarking Regression Models Under Spatial heterogeneity.tei.xml"	""	""	""	"unavailable_pending_refresh"	"include_parametric_dgp"	"Full TEI manually reviewed; explicit parametric DGP and empirical application confirmed."	"yes"	"no"	"yes"	"1"	"2 (linear; nonlinear with interactions)"	"2 DGPs × 4 sample sizes × 6 lambda levels × 6 sigma levels = 288"	"288"	"exact_principal_design"	"one generated train/test dataset per cell; repeated-seed count not reported"	"none_explicitly_found"	"none_explicitly_found"	"yes"	"5"	"3_to_5"	"California Housing; Atlantic mortality; deforestation; Meuse; plant richness"	"five-dataset benchmark"	"5"	"yes"	"random 90/10 train-test split for synthetic and real datasets"	"cross-family spatial regression benchmark"	"OLS; SLX; GWR; RF; RF with coordinates; spatial RF; RF plus kriging"	"test RMSE; MAE; R2"	"full simulation/DGP sections and associated tables/figures"	"full_TEI_manual_review"	"DGP repetitions separated from bootstrap, MCMC, optimization and train/test resampling."	"simulation sections and tables"	"Linear and nonlinear DGPs over n, lambda and sigma factorial."	"empirical/application sections"	"Five named public spatial datasets."	"simulation_and_real_data_manually_verified"	"Added after full-corpus TEI screening on 2026-09-21; uncertain totals retained as lower bounds."	"yes"	"yes"	"no"	"yes"	"no"	"yes"	"yes"	"yes"	"no"	"no"	"no"
"A03"	"GWR_MGWR_SVC"	"Top-down scale approaches for multiscale GWR with locally adaptive bandwidths"	"10.1007/s10109-025-00481-4"	"corpus\papers\tei\atds_mgwr_ghislain_geniaux.tei.xml"	""	""	""	"unavailable_pending_refresh"	"include_parametric_dgp"	"Full TEI manually reviewed; explicit parametric DGP and empirical application confirmed."	"yes"	"no"	"yes"	"3"	"4 univariate patterns; 3 multivariate DGPs plus variants"	"4 univariate cells; 8 GG2025 size/SNR cells; 9 DGP/error-distribution cells; additional mixed-model variants"	"lower_bound_21"	"lower_bound_due_to_appendix_variants"	"1000 per principal cell; 300 per appendix sequence-selection cell"	"none_explicitly_found"	"none_explicitly_found"	"yes"	"7"	"more_than_5"	"Georgia; Clearwater; Tokyo; Berlin; VaucluseHousePrice; King County houses; NYC Airbnb"	"seven-dataset predictive benchmark"	"7"	"yes"	"random 5-fold cross-validation on all seven real datasets"	"top-down scale and adaptive MGWR"	"OLS; GWR; MGWR R; MGWR Python; tds_mgwr; atds_mgwr"	"coefficient RMSE; prediction RMSE; AICc; computation time"	"full simulation/DGP sections and associated tables/figures"	"full_TEI_manual_review"	"DGP repetitions separated from bootstrap, MCMC, optimization and train/test resampling."	"simulation sections and tables"	"Principal tables yield at least 21 reported cells; appendix variants prevent a false exact total."	"empirical/application sections"	"Seven datasets confirmed in the Results section."	"simulation_and_real_data_manually_verified"	"Added after full-corpus TEI screening on 2026-09-21; uncertain totals retained as lower bounds."	"yes"	"no"	"no"	"yes"	"yes"	"no"	"no"	"no"	"yes"	"no"	"no"
"A04"	"GWR_MGWR_SVC"	"A new method for dealing simultaneously with spatial autocorrelation and spatial heterogeneity in regression models"	"10.1016/j.regsciurbeco.2017.04.001"	"corpus\papers\tei\MGWR-SAR_Geniaux&Martinetti.tei.xml"	""	""	""	"unavailable_pending_refresh"	"include_parametric_dgp"	"Full TEI manually reviewed; explicit parametric DGP and empirical application confirmed."	"yes"	"no"	"yes"	"3"	"OLS; SAR; GWR; stationary/nonstationary MGWR-SAR DGPs"	"at least 4 concurvity cells; 5 robustness DGP cells; 6 W-identification/noise cells"	"lower_bound_15"	"lower_bound"	"1000 in robustness and W-identification tables; first experiment count unclear"	"none_explicitly_found"	"none_explicitly_found"	"yes"	"1"	"1"	"Lucas County housing prices"	"empirical prediction study"	"1"	"yes"	"10-fold and 20-fold cross-validation with BLUP prediction"	"MGWR-SAR with W identification"	"OLS; SAR; GWR; MGWR-SAR variants"	"bias; RMSE; correct W identification; RSS; AIC; PMSE"	"full simulation/DGP sections and associated tables/figures"	"full_TEI_manual_review"	"DGP repetitions separated from bootstrap, MCMC, optimization and train/test resampling."	"simulation sections and tables"	"Three Monte Carlo experiments; at least 15 reported experiment-cells."	"empirical/application sections"	"One housing dataset with out-of-sample PMSE."	"simulation_and_real_data_manually_verified"	"Added after full-corpus TEI screening on 2026-09-21; uncertain totals retained as lower bounds."	"no"	"yes"	"yes"	"yes"	"no"	"no"	"no"	"yes"	"yes"	"no"	"no"
"A05"	"spatiotemporal"	"A spatiotemporal weighted regression model for analyzing local nonstationarity in space and time"	"10.5194/gmd-13-6149-2020"	"corpus\papers\tei\A spatiotemporal weighted regression model for nontationarity.tei.xml"	""	""	""	"unavailable_pending_refresh"	"include_parametric_dgp"	"Full TEI manually reviewed; explicit parametric DGP and empirical application confirmed."	"yes"	"no"	"yes"	"3"	"3 parametric spatio-temporal scenarios"	"1; 1; 1"	"3"	"exact_scenarios"	"one generated lattice realization per scenario; no repeated-DGP count reported"	"none_explicitly_found"	"none_explicitly_found"	"yes"	"1"	"1"	"Northeastern US precipitation hydrogen isotopes"	"empirical predictive application"	"1"	"yes"	"LOOCV on the third real-data day"	"STWR"	"OLS; GWR; GTWR; STWR"	"SSE; R2; sigma; AICc; prediction error"	"full simulation/DGP sections and associated tables/figures"	"full_TEI_manual_review"	"DGP repetitions separated from bootstrap, MCMC, optimization and train/test resampling."	"simulation sections and tables"	"Three simulated cases vary temporal covariate and coefficient trends."	"empirical/application sections"	"One isotope dataset; simulated cases are not real datasets."	"simulation_and_real_data_manually_verified"	"Added after full-corpus TEI screening on 2026-09-21; uncertain totals retained as lower bounds."	"no"	"no"	"no"	"no"	"no"	"no"	"no"	"no"	"yes"	"no"	"no"
"A06"	"GWR_MGWR_SVC"	"Geographically neural network weighted regression for the accurate estimation of spatial non-stationarity"	"10.1080/13658816.2019.1707834"	"corpus\papers\tei\Geographically neural network weighted regression for the accurate estimation of spatial non-stationarity.tei.xml"	""	""	""	"unavailable_pending_refresh"	"include_parametric_dgp"	"Full TEI manually reviewed; explicit parametric DGP and empirical application confirmed."	"yes"	"no"	"yes"	"1"	"1 nonlinear SVC surface DGP"	"1"	"1"	"exact"	"100"	"none_explicitly_found"	"none_explicitly_found"	"yes"	"1"	"1"	"Coastal Zhejiang environmental observations"	"empirical prediction application"	"1"	"yes"	"separate training and testing sets"	"GNNWR"	"OLS; four GWR kernels; GNNWR"	"R2; RMSE; MAE; MAPE; AICc; Pearson correlation"	"full simulation/DGP sections and associated tables/figures"	"full_TEI_manual_review"	"DGP repetitions separated from bootstrap, MCMC, optimization and train/test resampling."	"simulation sections and tables"	"Results aggregate 100 independently simulated datasets."	"empirical/application sections"	"One environmental dataset with held-out test observations."	"simulation_and_real_data_manually_verified"	"Added after full-corpus TEI screening on 2026-09-21; uncertain totals retained as lower bounds."	"no"	"no"	"no"	"no"	"no"	"no"	"yes"	"no"	"yes"	"no"	"no"
"A07"	"geostatistics_GP"	"Joint variable selection of both fixed and random effects for Gaussian process-based spatially varying coefficient models"	"10.1080/13658816.2022.2097684"	"corpus\papers\tei\Dambon_2022_SVC_variable_selection_IJGIS.tei.xml"	""	""	""	"unavailable_pending_refresh"	"include_parametric_dgp"	"Full TEI manually reviewed; explicit parametric DGP and empirical application confirmed."	"yes"	"no"	"yes"	"1"	"1 GP-SVC variable-selection DGP"	"1"	"1"	"exact"	"100"	"none_explicitly_found"	"none_explicitly_found"	"yes"	"1"	"1"	"Dublin Voter 2002"	"empirical model-selection and prediction application"	"1"	"yes"	"10-fold cross-validation"	"penalized maximum likelihood GP-SVC selection"	"ALASSO; MLE; oracle; PMLE; GWR"	"relative model error; selection frequency; BIC; out-of-sample RMSE"	"full simulation/DGP sections and associated tables/figures"	"full_TEI_manual_review"	"DGP repetitions separated from bootstrap, MCMC, optimization and train/test resampling."	"simulation sections and tables"	"100 datasets on a perturbed 15x15 grid."	"empirical/application sections"	"One Dublin voter-turnout source."	"simulation_and_real_data_manually_verified"	"Added after full-corpus TEI screening on 2026-09-21; uncertain totals retained as lower bounds."	"no"	"no"	"yes"	"no"	"no"	"no"	"no"	"yes"	"yes"	"no"	"no"
"A08"	"spatial_econometrics"	"The Wald Test of Common Factors in Spatial Model Specification Search Strategies"	"10.1017/pan.2020.23"	"corpus\papers\tei\Juhl2020Wald.tei.xml"	""	""	""	"unavailable_pending_refresh"	"include_parametric_dgp"	"Full TEI manually reviewed; explicit parametric DGP and empirical application confirmed."	"yes"	"no"	"yes"	"1"	"nonspatial; SEM; SDM with omitted-variable correlation"	"4 sample sizes × 5 rho levels × 6 gamma levels = 120"	"120"	"exact"	"1000 per cell"	"bootstrap critical values estimated internally; count not stated in main TEI"	"none_explicitly_found"	"yes"	"1"	"1"	"Parliamentary elections and economic growth"	"empirical reanalysis"	"0"	"no"	"in-sample specification testing"	"modified Wald test with bootstrap critical values"	"four Wald parameterizations; bootstrap Wald; likelihood-ratio test"	"type I error; false-positive rate; power"	"full simulation/DGP sections and associated tables/figures"	"full_TEI_manual_review"	"DGP repetitions separated from bootstrap, MCMC, optimization and train/test resampling."	"simulation sections and tables"	"n={49,100,225,400}, rho={0,.2,.4,.6,.8}, gamma={0,.2,.4,.6,.8,1}."	"empirical/application sections"	"One electoral panel source used as an empirical example."	"simulation_and_real_data_manually_verified"	"Added after full-corpus TEI screening on 2026-09-21; uncertain totals retained as lower bounds."	"yes"	"yes"	"yes"	"no"	"no"	"no"	"no"	"yes"	"no"	"no"	"no"
"A09"	"spatiotemporal"	"Generalized Spatial and Spatiotemporal Autoregressive Conditional Heteroscedasticity"	"10.1016/j.spasta.2018.07.005"	"corpus\papers\tei\Generalised_spatial_and_spatiotemporal_autoregressive_conditional_heteroscedasti_W2511771736.tei.xml"	""	""	""	"unavailable_pending_refresh"	"include_parametric_dgp"	"Full TEI manually reviewed; explicit parametric DGP and empirical application confirmed."	"yes"	"no"	"yes"	"2"	"spARCH/SAR-spARCH lattice processes"	"exploratory process illustrations; 3 d levels × 4 alpha levels × 4 rho levels = 48 estimator cells"	"48"	"exact_principal_estimator_design"	"100000 per estimator cell"	"none_explicitly_found"	"none_explicitly_found"	"yes"	"1"	"1"	"US county lung-cancer mortality"	"empirical illustration"	"0"	"no"	"in-sample parameter estimation and residual diagnostics"	"spARCH and SAR-spARCH"	"linear regression; SAR; SAR-spARCH"	"bias; estimator density; Moran I; AIC"	"full simulation/DGP sections and associated tables/figures"	"full_TEI_manual_review"	"DGP repetitions separated from bootstrap, MCMC, optimization and train/test resampling."	"simulation sections and tables"	"Estimator study explicitly reports 48 settings and 10^5 replications."	"empirical/application sections"	"One county-level cancer mortality dataset."	"simulation_and_real_data_manually_verified"	"Added after full-corpus TEI screening on 2026-09-21; uncertain totals retained as lower bounds."	"yes"	"yes"	"yes"	"no"	"no"	"yes"	"no"	"no"	"no"	"no"	"no"
"A10"	"spatial_econometrics"	"Flexible shrinkage in high-dimensional Bayesian spatial autoregressive models"	"10.1016/j.spasta.2018.10.004"	"corpus\papers\tei\Flexible_shrinkage_in_high_dimensional_Bayesian_spatial_autoregressive_models_W2803996363.tei.xml"	""	""	""	"unavailable_pending_refresh"	"include_parametric_dgp"	"Full TEI manually reviewed; explicit parametric DGP and empirical application confirmed."	"yes"	"no"	"yes"	"1"	"1 matrix-exponential spatial DGP with varying sparsity/dimension"	"4 K levels × 2 q levels = 8"	"8"	"exact"	"100 per cell"	"2000 MCMC iterations per fit, including 1000 burn-in; not DGP repetitions"	"none_explicitly_found"	"yes"	"1"	"1"	"Pan-European regional economic growth"	"empirical illustration"	"0"	"no"	"in-sample estimation and model fit"	"global-local shrinkage priors for spatial autoregression"	"no shrinkage; SSVS; Normal-Gamma; Dirichlet-Laplace"	"parameter RMSE; posterior precision; computation time"	"full simulation/DGP sections and associated tables/figures"	"full_TEI_manual_review"	"DGP repetitions separated from bootstrap, MCMC, optimization and train/test resampling."	"simulation sections and tables"	"Eight K-by-q cells, N=100."	"empirical/application sections"	"One pan-European regional-growth source."	"simulation_and_real_data_manually_verified"	"Added after full-corpus TEI screening on 2026-09-21; uncertain totals retained as lower bounds."	"yes"	"yes"	"yes"	"no"	"no"	"no"	"no"	"no"	"no"	"no"	"no"
"A11"	"complementary"	"Measurement error caused by spatial misalignment in environmental epidemiology"	"10.1093/biostatistics/kxn033"	"corpus\papers\tei\gryparis_2009.tei.xml"	""	""	""	"unavailable_pending_refresh"	"include_parametric_dgp"	"Full TEI manually reviewed; explicit parametric DGP and empirical application confirmed."	"yes"	"no"	"yes"	"2"	"continuous and binary health-outcome DGPs with predicted exposure"	"4 continuous scenarios; 2 binary scenarios"	"6"	"exact"	"500 per scenario"	"Bayesian/MCMC draws are computational, not DGP repetitions"	"none_explicitly_found"	"yes"	"1"	"1"	"Greater Boston traffic particles and birth weight"	"empirical health-effect analysis"	"0"	"no"	"parameter-estimation simulation; RC-OOS concerns exposure calibration, not outcome holdout prediction"	"measurement-error corrections for predicted spatial exposure"	"true exposure; plug-in; exposure simulation; RC-OOS; fully Bayesian; two-stage Bayesian"	"bias; average SE; Monte Carlo SD; MSE; coverage"	"full simulation/DGP sections and associated tables/figures"	"full_TEI_manual_review"	"DGP repetitions separated from bootstrap, MCMC, optimization and train/test resampling."	"simulation sections and tables"	"Four continuous and two binary scenarios, each with 500 datasets."	"empirical/application sections"	"One Greater Boston birth-weight/exposure study."	"simulation_and_real_data_manually_verified"	"Added after full-corpus TEI screening on 2026-09-21; uncertain totals retained as lower bounds."	"no"	"no"	"no"	"no"	"no"	"no"	"no"	"no"	"yes"	"yes"	"no"
"A12"	"GWR_MGWR_SVC"	"A bootstrap test for constant coefficients in geographically weighted regression models"	"10.1080/13658816.2016.1149181"	"corpus\papers\tei\A bootstrap test for constant coefficients in geographically weighted regression models.tei.xml"	""	""	""	"unavailable_pending_refresh"	"include_parametric_dgp"	"Full TEI manually reviewed; explicit parametric DGP and empirical application confirmed."	"yes"	"no"	"yes"	"2"	"null-size and varying-coefficient power DGPs"	"at least 3 error-distribution null cells + 5 correlation-structure power families; continuous c grid shown in figures"	"lower_bound_8"	"lower_bound_figure_grid_not_fully_enumerated"	"500 per reported setting"	"500 bootstrap samples per DGP replication; 1000 in empirical tests"	"none_explicitly_found"	"yes"	"1"	"1"	"Boston Housing"	"empirical test illustration"	"0"	"no"	"in-sample test calibration and empirical hypothesis testing"	"bootstrap test for constant GWR coefficients"	"bootstrap test; F-test; L-test"	"rejection rate; type I error; power"	"full simulation/DGP sections and associated tables/figures"	"full_TEI_manual_review"	"DGP repetitions separated from bootstrap, MCMC, optimization and train/test resampling."	"simulation sections and tables"	"Exact total cannot be defended because power uses a figure-based c grid; lower bound 8."	"empirical/application sections"	"One Boston Housing application."	"simulation_and_real_data_manually_verified"	"Added after full-corpus TEI screening on 2026-09-21; uncertain totals retained as lower bounds."	"yes"	"no"	"no"	"no"	"yes"	"no"	"no"	"yes"	"yes"	"no"	"no"
"A13"	"GWR_MGWR_SVC"	"Spatially varying coefficient modeling for large datasets: Eliminating N from spatial regressions"	"10.1016/j.spasta.2019.02.003"	"corpus\papers\tei\SVC_Murakami.tei.xml"	""	""	""	"unavailable_pending_refresh"	"include_parametric_dgp"	"Full TEI manually reviewed; explicit parametric DGP and empirical application confirmed."	"yes"	"no"	"yes"	"4"	"small-sample approximation; two large-sample regimes; inference"	"32 small + 12 medium-large + 16 very-large + 32 inference = 92"	"92"	"exact"	"200 per cell"	"none_explicitly_found"	"none_explicitly_found"	"yes"	"1"	"1"	"Tokyo land values around railway stations"	"empirical illustration"	"0"	"no"	"in-sample SVC estimation and significance mapping"	"fast M-SVC"	"original M-SVC; three accelerated M-SVC variants; GWR; FB-GWR"	"bias; RMSE; computation time; type I error; power"	"full simulation/DGP sections and associated tables/figures"	"full_TEI_manual_review"	"DGP repetitions separated from bootstrap, MCMC, optimization and train/test resampling."	"simulation sections and tables"	"N-by-K grids yield 92 exact cells across four experiment blocks."	"empirical/application sections"	"One Tokyo land-value dataset."	"simulation_and_real_data_manually_verified"	"Added after full-corpus TEI screening on 2026-09-21; uncertain totals retained as lower bounds."	"yes"	"no"	"no"	"yes"	"no"	"no"	"no"	"no"	"yes"	"no"	"no"
"N01"	"spatial_dependence_test"	"An information-theoretic approach to study spatial dependencies in small datasets"	"10.1098/rspa.2020.0113"	"corpus\papers\tei\An information-theoretic approach to study spatial dependencies in small datasets [N01].tei.xml"	""	""	""	"recent_not_assessed"	"candidate_review"	"Two parametric SAR Monte Carlo experiments and two distinct real-data applications."	"yes"	"no"	"yes"	"2"	"2"	"63; 27"	"90"	"exact"	"1000 per cell; 1000 per cell"	"10000 per Monte Carlo realization for the test; not DGP replications"	"none_explicitly_found"	"yes"	"2"	"2"	"Bangladesh climate-migration projections; US state motor-vehicle deaths 1980-2009"	"empirical illustration and/or predictive evaluation"	"0"	"no"	"Monte Carlo rejection-rate/power assessment; real applications use permutation tests rather than predictive holdout."	"mutual-information test of spatial dependence"	"null independence/permutation distribution"	"rejection rate; power; p-value"	"4 numerical stationarity study | 5a synthetic linear and nonlinear SAR experiments"	""	"Linear SAR: N={25,50,100}, rho=7 values, k={1,3,5}: 63 DGP cells. Nonlinear SAR: N=3 values, eta=3 values, k=3 values: 27 cells. Bin count n={2,3} changes the test calculation, not the DGP."	"5(a)"	"Both linear and nonlinear SAR tables report 1000 Monte Carlo simulations; each test uses 10000 bootstrap realizations."	"5(b)-(c)"	"Applications analyze Bangladesh migration and US motor-vehicle deaths."	"simulation_and_real_data_manually_verified"	"Full TEI verified; DGP repetitions separated from internal bootstrap/permutation draws."	"yes"	"yes"	"yes"	"no"	"no"	"no"	"yes"	"no"	"no"	"no"	"no"
"N02"	"spatial_network_clustering"	"Spatially constrained clustering of ecological networks"	"10.1111/2041-210X.12208"	"corpus\papers\tei\Spatially constrained clustering of ecological networks [N02].tei.xml"	""	""	""	"recent_not_assessed"	"candidate_review"	"Repeated parametric Gaussian-network simulation and two ecological applications."	"yes"	"no"	"yes"	"1"	"1"	"at least 4 separability levels crossed with multiple spatial-discordance levels"	"lower_bound_4"	"lower_bound"	"50 per configuration"	"none_explicitly_found"	"none_explicitly_found"	"yes"	"2"	"2"	"332 genera across 63 hydrothermal fields; anemonefish-anemone mutualistic networks across 16 locations"	"empirical illustration and/or predictive evaluation"	"0"	"no"	"Simulation classification recovery; no predictive holdout in real applications."	"spatially regularized model-based clustering of ecological networks"	"same model without spatial penalty"	"adjusted Rand index on ecological and spatial partitions; selected number of groups"	"Simulation study"	""	"One Gaussian interaction-network DGP with 100 nodes, Q=2, four stated separability levels and a sequence of spatial-discordance levels. The TEI does not enumerate the exact number of discordance levels, so an exact cell total is not asserted."	"Simulation study"	"Each configuration was repeated 50 times; separability delta takes 0, 0.25, 0.5 and 1 while spatial discordance is progressively varied."	"Spatial turnover in species composition | Spatial turnover of mutualistic networks"	"Two distinct ecological datasets are analyzed."	"simulation_and_real_data_manually_verified"	"Full TEI verified; exact number of discordance settings is not stated in text and remains a documented lower bound."	"no"	"yes"	"yes"	"yes"	"no"	"no"	"no"	"no"	"no"	"no"	"no"
"N03"	"large_zero_inflated_spatial"	"A Class of Models for Large Zero-inflated Spatial Data"	"10.1007/s13253-024-00619-9"	"corpus\papers\tei\A Class of Models for Large Zero-inflated Spatial Data [N03].tei.xml"	""	""	""	"recent_not_assessed"	"candidate_review"	"Four explicit parametric DGPs, 100 samples each, and two independent environmental applications."	"yes"	"no"	"yes"	"1"	"4"	"4"	"4"	"exact"	"100 per cell"	"none_explicitly_found"	"none_explicitly_found"	"yes"	"2"	"2"	"Macoma balthica abundance in Dutch Wadden Sea; West Antarctica ice-sheet thickness"	"empirical illustration and/or predictive evaluation"	"2"	"yes"	"Each simulation has 1000 training and 400 validation observations; real applications use 3220/806 and 23000/6241 train/validation splits."	"PICAR-Z, with optional cross-correlation"	"nested bisquare low-rank model; reparameterized full model"	"RMSPE overall and positive values; AUC; wall time; effective sample size per second"	"Simulation study | Simulation study design | Results"	""	"Four DGP structures: hurdle count, mixture count, hurdle semicontinuous and mixture semicontinuous; B=100 for each, total 400 generated datasets."	"Simulation study design"	"The text explicitly states B=100 for each of four models, yielding 400 datasets."	"Applications"	"Two large environmental datasets with explicit held-out validation sets."	"simulation_and_real_data_manually_verified"	"Full TEI verified; Claude summary confirmed except authorship is Bora Lee and Murali Haran."	"no"	"no"	"no"	"no"	"yes"	"no"	"no"	"no"	"no"	"no"	"no"
"N04"	"change_of_support_data_fusion"	"Statistical Inferences and Predictions for Areal Data and Spatial Data Fusion with Hausdorff-Gaussian Processes"	"10.1007/s13253-025-00720-7"	"corpus\papers\tei\Statistical Inferences and Predictions for Areal Data and Spatial Data Fusion with Hausdorff-Gaussian Processes [N04].tei.xml"	""	""	""	"recent_not_assessed"	"candidate_review"	"Two simulation experiments with two DGP structures each and two independent real applications."	"yes"	"no"	"yes"	"2"	"4"	"2; 2"	"4"	"exact"	"200 per cell; 200 per cell"	"none_explicitly_found"	"none_explicitly_found"	"yes"	"2"	"2"	"Greater Glasgow respiratory hospitalizations; Ventura and Los Angeles PM2.5 point-and-areal fusion"	"empirical illustration and/or predictive evaluation"	"1"	"yes"	"Simulations include dedicated prediction units; PM2.5 application uses 10-fold cross-validation; Glasgow application is goodness-of-fit focused."	"Hausdorff-Gaussian process (HGP)"	"DAGAR; BYM; aggregated Gaussian process with sparse and fine integration meshes"	"LOOIC; WAIC; RMSP; prediction-interval coverage percentage; interval score"	"4.1 Areal data | 4.2 Data fusion"	""	"Areal experiment: AGP and BYM random-effect DGPs. Fusion experiment: heteroscedastic HGP and AGP DGPs. Each of the four cells has 200 datasets."	"Simulation studies"	"Both subsections explicitly report 200 datasets under each of two random-effect structures."	"Applications"	"Applications use Glasgow respiratory admissions and fused PM2.5 observations in Ventura/Los Angeles."	"simulation_and_real_data_manually_verified"	"Full TEI verified, including long-path N04 file."	"no"	"yes"	"no"	"no"	"no"	"yes"	"no"	"no"	"yes"	"yes"	"no"
"N05"	"bayesian_geoadditive_low_rank"	"A Low-Rank Bayesian Approach for Geoadditive Modeling"	"10.1016/j.spasta.2025.100907"	"corpus\papers\tei\A Low-Rank Bayesian Approach for Geoadditive Modeling [N05].tei.xml"	""	""	""	"recent_not_assessed"	"candidate_review"	"Parametric simulation grid and two distinct real-data applications; replication count is not stated in the available full text."	"yes"	"no"	"yes"	"2"	"4"	"36; 4"	"40"	"exact"	"not reported; not reported"	"1000 posterior predictive samples; not DGP replications"	"none_explicitly_found"	"yes"	"2"	"2"	"Meuse River topsoil zinc; Belgium COVID-19 vulnerability by 9627 statistical sectors"	"empirical illustration and/or predictive evaluation"	"0"	"no"	"Simulation bias and interval coverage; real applications are model-fit illustrations without held-out evaluation."	"low-rank Bayesian geoadditive model using Laplace approximation and P-splines"	"classical kriging via geoR in appendix experiment"	"bias; relative bias; credible-interval coverage; prediction-interval coverage; BIC; computation time"	"3 Simulation study | Appendix B classical-kriging comparison"	""	"Main grid crosses 3 spatial functions, 3 response models and 4 covariance functions (36 cells). Appendix comparison crosses 4 covariance functions (4 cells). The number B of independently generated datasets is defined symbolically but never numerically reported in the TEI; 1000 refers to posterior predictive samples."	"Simulation study | Appendix B"	"Tables report 36 main combinations and four kriging-comparison combinations; no numeric DGP replication count is stated."	"4 Data application"	"The method is applied to Meuse zinc and Belgium COVID-19 datasets."	"simulation_and_real_data_manually_verified"	"Full TEI verified; replication count intentionally left as not reported rather than inferred from posterior samples."	"no"	"yes"	"no"	"no"	"yes"	"no"	"yes"	"no"	"no"	"no"	"no"
"N06"	"spatial_prediction_ensemble"	"Bayesian Spatial Predictive Synthesis"	""	"corpus\papers\tei\Bayesian Spatial Predictive Synthesis [N06].tei.xml"	""	""	""	"recent_not_assessed"	"candidate_review"	"Parametric spatial simulations with repeated Monte Carlo evaluation and two independent real-data applications. Preprint arXiv:2203.05197v4; no DOI verified."	"yes"	"no"	"yes"	"2"	"3"	"1; 4"	"5"	"exact"	"single illustrative realization; 500 per cell in 4-cell comparison"	"100 per component model in the ecological application; not DGP replications"	"none_explicitly_found"	"yes"	"2"	"2"	"Tsuga canadensis occurrence in Michigan; Tokyo apartment rents (At Home Real Estate Data Library, 2017 subset)"	"predictive performance comparison and interpretation"	"2"	"yes"	"Simulations: independent test samples (200 in illustration; 100 per main cell). Ecology: random holdout of 2000 locations repeated 20 times. Tokyo: random holdout of 2000 observations."	"Bayesian Spatial Predictive Synthesis (BSPS; MCMC, NNGP and variational-Bayes variants)"	"QR1; QR2; GWR; GAM/AM; SPR/spNNGP; BMA; simple averaging; Bates-Granger averaging; super learner; spatial random forest; mixture Gaussian process; XGBoost"	"MSE; coverage probability; average interval length; AUC; prediction-interval coverage"	"4.1 Empirical behavior of BSPS | 4.2 Performance comparison | S3.2 Comparison of Gaussian and particle latent factors"	""	"Main quantitative Monte Carlo has 2 DGP scenarios crossed with p={5,15}, hence 4 cells and 500 DGP replications per cell. Section 4.1 is a separate one-realization illustration. Supplement S3.2 is a sensitivity analysis on the same two scenarios (200 replications), not an additional DGP structure. Posterior MCMC draws and Bayesian bootstrap draws are not DGP replications."	"4.1 Empirical behavior of BSPS; 4.2 Performance comparison"	"The paper defines one piecewise spatial illustration, then two main DGP scenarios with p in {5,15}; MSE is evaluated over 500 Monte Carlo replications."	"5 Real Data Applications"	"Two distinct applications are reported: Tsuga canadensis occurrence in Michigan and apartment prices in Tokyo; both use held-out observations for predictive evaluation."	"simulation_and_real_data_manually_verified"	"Full TEI read and counts separated among DGP replications, posterior samples, burn-in, ecological Bayesian bootstrap, and repeated train/test splits."	"yes"	"yes"	"no"	"no"	"no"	"no"	"yes"	"yes"	"no"	"no"	"no"
"A14"	"additional_candidate"	"The Importance of Scale in Spatially Varying Coefficient Modeling"	""	"corpus\papers\tei\The Importance of Scale in Spatially Varying Coefficient Modeling [A14].tei.xml"	""	""	""	""	"exclude_no_real_dataset"	"Two valid parametric Monte Carlo experiments but no real-data application; retained as a transparent screening record and excluded from the target corpus requiring empirical datasets."	"no"	"no"	"yes"	"2"	"2"	"large factorial scale grid; 144"	"lower_bound_144"	"lower_bound"	"200 per configuration; 200 per configuration"	"none_explicitly_found"	"none_explicitly_found"	"no"	"0"	"0"	""	"none"	"0"	"no"	"Monte Carlo assessment of model degrees of freedom and SVC-estimation RMSE."	"comparison of single-scale and multiscale SVC estimators"	"GWR; adaptive GWR; FB-GWR; adaptive FB-GWR; ESF; RE-ESF"	"degrees of freedom; SVC RMSE; computation time"	"Simulation 1: scales and model stability | Simulation 2: scales and SVC estimates"	""	"Simulation 1 varies predictor and coefficient spatial scales in a large factorial grid. Simulation 2 explicitly reports 144 cases. Both evaluate each configuration 200 times."	"Simulation 1 | Simulation 2"	"The article states 200 evaluations per configuration in both experiments; Table 4 reports 144 cases for Simulation 2."	"none"	"No empirical data application is reported."	"simulation_and_real_data_manually_verified"	"Full TEI verified. Kept as an exclusion record so all 67 TEIs remain traceable without adding it to the target quantitative denominator."	"yes"	"yes"	"no"	"no"	"no"	"no"	"no"	"yes"	"yes"	"no"	"no"
