"dataset_id";"fiche";"fiche_corrigee";"statut_avant";"statut_apres";"package_include_avant";"package_include_apres";"benchmark_ready_avant";"benchmark_ready_apres";"formula_used_avant";"formula_used_apres";"formula_pub_avant";"formula_pub_apres";"formula_status_avant";"formula_status_apres";"typologie_Y_avant";"typologie_Y_apres";"constats_critiques_avant";"critiques_corriges";"critiques_neutralises";"champs_corriges";"actions";"statut_formule_R";"variables_absentes";"rds";"n_apres";"chargement_package";"a_revoir";"bloqueurs";"exclusion_recommandee_audit";"preuves";"source_sha256_avant";"source_sha256_apres"
"paper_airbnb_europe_prices";"wiki/datasets/fiches_datasets/paper_airbnb_europe_prices.md";"true";"ready";"manual_review";"yes";"manual_review";"true";"false";"log_price ~ room_type + person_capacity + host_is_superhost + multi + biz + cleanliness_rating + guest_satisfaction_overall + bedrooms + dist + metro_dist + attr_index + rest_index";"log_price ~ room_type + person_capacity + host_is_superhost + multi + biz + cleanliness_rating + guest_satisfaction_overall + bedrooms + dist + metro_dist + attr_index + rest_index";"log(price) ~ room_type + person_capacity + host_is_superhost + multi + biz + cleanliness_rating + guest_satisfaction_overall + bedrooms + dist + metro_dist + attr_index + rest_index + W*log(price) [modeles spatiaux (SAR, modele autoregressif spatial ; SEM, modele a erreur spatiale) sur les prix Airbnb log-transformes, matrice de ponderation spatiale W, 10 villes europeennes, weekday/weekend separement]";"log(price) ~ room_type + person_capacity + host_is_superhost + multi + biz + cleanliness_rating + guest_satisfaction_overall + bedrooms + dist + metro_dist + attr_index + rest_index + W*log(price) [modeles spatiaux (SAR, modele autoregressif spatial ; SEM, modele a erreur spatiale) sur les prix Airbnb log-transformes, matrice de ponderation spatiale W, 10 villes europeennes, weekday/weekend separement]";"pub";"paper_extracted";"[""continuous""]";"[""continuous""]";"[]";"0";"0";"[""Geographic context"", ""Selected Y typology"", ""Selected Y evidence"", ""Recommended validation""]";"Decision conservatoire : N lignes=51707; T declare=1; variable temporelle declaree=n/a; repetitions de coordonnees controlees=21582. Grouper les observations du meme site/immeuble/individu dans un seul fold, et respecter la chronologie si l’objectif est prospectif. Le split aleatoire par ligne n’est pas valide sans justification. La fiche et les donnees sont conservees ; aucune suppression ni promotion.

Typologie de la reponse selectionnee : continuous. Ligne Detail Y correspondant a formula_used; les autres reponses candidates ne pilotent pas cette tache.

Provenance des corrections : audit du 2026-09-07, inspection du RDS et sources indiquees dans cette fiche. Regeneration : code/r_catalog/dataset_curation.py et dataset_curation_overrides.json.";"valid";"[]";"data/final_datasets/sf/paper_airbnb_europe_prices.rds";"51707";"not_promoted";"N lignes=51707; T declare=1; variable temporelle declaree=n/a; repetitions de coordonnees controlees=21582. Grouper les observations du meme site/immeuble/individu dans un seul fold, et respecter la chronologie si l’objectif est prospectif. Le split aleatoire par ligne n’est pas valide sans justification.";"[""package_include_not_yes"", ""benchmark_status_not_ready""]";"false";"[""data/final_datasets/sf/paper_airbnb_europe_prices.rds"", ""corpus/papers/raw_pdf/Determinants of Airbnb prices in European cities A spatial econometrics approach.pdf"", ""corpus/papers/tei/Determinants of Airbnb prices in European cities A spatial econometrics approach.tei.xml"", ""data/raw/papers/MediumPriorityRetry_10_5281_zenodo_4446043/amsterdam_weekdays.csv"", ""data/raw/papers/MediumPriorityRetry_10_5281_zenodo_4446043/amsterdam_weekends.csv"", ""wiki/datasets/fiches_datasets/paper_airbnb_europe_prices.md"", ""data/final_datasets/sf/paper_airbnb_europe_prices.rds""]";"9c3888004ffe52bab98fcb44d46de2aa19d1e5c1055e21af7db7fed787b54019";"603d5a5d0a7cad7d8e907a6662b1fa0ae88770d41f80ba91e49f476bb806963f"
"paper_alps_floristic_legacy";"wiki/datasets/fiches_datasets/paper_alps_floristic_legacy.md";"true";"ready";"ready";"yes";"yes";"true";"true";"Standardised_SR ~ Nunatak_distance + Refugia_distance_all + Deglac + Elev_mean + Precip_total + Temp_annual + Pet";"Standardised_SR ~ Nunatak_distance + Refugia_distance_all + Deglac + Elev_mean + Precip_total + Temp_annual + Pet";"S.obs/Standardised_SR ~ Nunatak_distance + Refugia_distance_all + Deglac + Elev_mean + Precip_total + Temp_annual + Pet + Bedrock_class [modele de richesse specifique standardisee expliquee par la distance aux refuges glaciaires (nunataks/refugia peripheriques), le temps depuis la deglaciation, et les variables climatiques/topographiques actuelles, sur une grille de cellules des Alpes europeennes]";"S.obs/Standardised_SR ~ Nunatak_distance + Refugia_distance_all + Deglac + Elev_mean + Precip_total + Temp_annual + Pet + Bedrock_class [modele de richesse specifique standardisee expliquee par la distance aux refuges glaciaires (nunataks/refugia peripheriques), le temps depuis la deglaciation, et les variables climatiques/topographiques actuelles, sur une grille de cellules des Alpes europeennes]";"pub";"paper_extracted";"[""continuous""]";"[""continuous""]";"[]";"0";"0";"[""Geographic context"", ""Selected Y typology"", ""Selected Y evidence""]";"Typologie de la reponse selectionnee : continuous. Ligne Detail Y correspondant a formula_used; les autres reponses candidates ne pilotent pas cette tache.

Provenance des corrections : audit du 2026-09-07, inspection du RDS et sources indiquees dans cette fiche. Regeneration : code/r_catalog/dataset_curation.py et dataset_curation_overrides.json.";"valid";"[]";"data/final_datasets/sf/paper_alps_floristic_legacy.rds";"509";"loaded";"";"[]";"false";"[""data/final_datasets/sf/paper_alps_floristic_legacy.rds"", ""data/raw/papers/DatasetFirst_10_5061_dryad_w9ghx3g12/README.md"", ""data/raw/papers/DatasetFirst_10_5061_dryad_w9ghx3g12/extracted/Supplementary_data/Data/Supplementary_data_legacy.csv"", ""wiki/datasets/fiches_datasets/paper_alps_floristic_legacy.md"", ""data/final_datasets/sf/paper_alps_floristic_legacy.rds""]";"99d6ed8ea0f45c32fe07f3dea40f679da8b068a085130a129ade75218cc56d28";"744bd8b445e3940a5bf687c6d25e78991184e593c111951f6a4db7234b5e3142"
"paper_amazon_tree_dominance";"wiki/datasets/fiches_datasets/paper_amazon_tree_dominance.md";"true";"ready";"ready";"yes";"yes";"true";"true";"mean_local_relative_abundance ~ regional_frequency + habitat_floodplain + habitat_swamp + habitat_white_sand";"mean_local_relative_abundance ~ regional_frequency + habitat_floodplain + habitat_swamp + habitat_white_sand";"mean local abundance ~ regional frequency + habitat type [beta regression for dominant species]";"mean local abundance ~ regional frequency + habitat type [beta regression for dominant species]";"pub";"paper_extracted";"[""rate""]";"[""rate""]";"[]";"0";"0";"[""Selected Y typology"", ""Selected Y evidence""]";"Typologie de la reponse selectionnee : rate. Ligne Detail Y correspondant a formula_used; les autres reponses candidates ne pilotent pas cette tache.

Provenance des corrections : audit du 2026-09-07, inspection du RDS et sources indiquees dans cette fiche. Regeneration : code/r_catalog/dataset_curation.py et dataset_curation_overrides.json.";"valid";"[]";"data/final_datasets/sf/paper_amazon_tree_dominance.rds";"221";"loaded";"";"[]";"false";"[""data/final_datasets/sf/paper_amazon_tree_dominance.rds"", ""corpus/papers/raw_pdf/MatasGranados2023Understanding.pdf"", ""corpus/papers/tei/MatasGranados2023Understanding.tei.xml"", ""data/raw/papers/DataCite_2023_UnderstandingDifferentDominancePatterns_10_1111_ele_1435/README.md"", ""data/raw/papers/DataCite_2023_UnderstandingDifferentDominancePatterns_10_1111_ele_1435/Metadata4.csv"", ""data/raw/papers/DataCite_2023_UnderstandingDifferentDominancePatterns_10_1111_ele_1435/Raw_to_ecology3.csv"", ""wiki/datasets/fiches_datasets/paper_amazon_tree_dominance.md"", ""data/final_datasets/sf/paper_amazon_tree_dominance.rds""]";"28ce87ce25d60815d398b708b034b5499a59a69f99ca07def4f13702abaf09d3";"063ecddad6cd11ccb7617514626740dc2bdea2f0c39b9f124b981ade50a194ca"
"paper_amphibian_abnormality_hotspots";"wiki/datasets/fiches_datasets/paper_amphibian_abnormality_hotspots.md";"true";"ready";"manual_review";"yes";"manual_review";"true";"false";"all_ab_percent ~ Corrected_LATITUDE + Corrected_LONGITUDE + REFUGE + REGION";"all_ab_percent ~ Corrected_LATITUDE + Corrected_LONGITUDE + REFUGE + REGION";"all_ab_percent ~ s(Corrected_LATITUDE, Corrected_LONGITUDE) + (1|REFUGE) + (1|REGION) [Generalized Additive Mixed Model (GAMM), termes spatiaux non-lineaires latitude/longitude + effets aleatoires imbriques site/refuge/region ; analyse complementaire par statistique Getis-Ord Gi* pour la detection de hotspots]";"all_ab_percent ~ s(Corrected_LATITUDE, Corrected_LONGITUDE) + (1|REFUGE) + (1|REGION) [Generalized Additive Mixed Model (GAMM), termes spatiaux non-lineaires latitude/longitude + effets aleatoires imbriques site/refuge/region ; analyse complementaire par statistique Getis-Ord Gi* pour la detection de hotspots]";"pub";"paper_extracted";"[""continuous""]";"[""continuous""]";"[]";"0";"0";"[""Geographic context"", ""Selected Y typology"", ""Selected Y evidence"", ""Recommended validation""]";"Decision conservatoire : N lignes=598; T declare=1; variable temporelle declaree=n/a; repetitions de coordonnees controlees=201. Grouper les observations du meme site/immeuble/individu dans un seul fold, et respecter la chronologie si l’objectif est prospectif. Le split aleatoire par ligne n’est pas valide sans justification. La fiche et les donnees sont conservees ; aucune suppression ni promotion.

Typologie de la reponse selectionnee : continuous. Ligne Detail Y correspondant a formula_used; les autres reponses candidates ne pilotent pas cette tache.

Provenance des corrections : audit du 2026-09-07, inspection du RDS et sources indiquees dans cette fiche. Regeneration : code/r_catalog/dataset_curation.py et dataset_curation_overrides.json.";"valid";"[]";"data/final_datasets/sf/paper_amphibian_abnormality_hotspots.rds";"598";"not_promoted";"N lignes=598; T declare=1; variable temporelle declaree=n/a; repetitions de coordonnees controlees=201. Grouper les observations du meme site/immeuble/individu dans un seul fold, et respecter la chronologie si l’objectif est prospectif. Le split aleatoire par ligne n’est pas valide sans justification.";"[""package_include_not_yes"", ""benchmark_status_not_ready""]";"false";"[""data/final_datasets/sf/paper_amphibian_abnormality_hotspots.rds"", ""corpus/papers/raw_pdf/Localized_Hotspots_Drive_Continental_Geography_of_Abnormal_Amphibians_on_U_S_Wil_W1996549386.pdf"", ""corpus/papers/tei/Localized_Hotspots_Drive_Continental_Geography_of_Abnormal_Amphibians_on_U_S_Wil_W1996549386.tei.xml"", ""data/raw/papers/DatasetFirst_10_5061_dryad_dc25r/README_for_AllCollections.txt"", ""data/raw/papers/DatasetFirst_10_5061_dryad_dc25r/README_for_CoreDataset.txt"", ""data/raw/papers/DatasetFirst_10_5061_dryad_dc25r/README_for_Frog.txt"", ""data/raw/papers/DatasetFirst_10_5061_dryad_dc25r/README_for_Site.txt"", ""data/raw/papers/DatasetFirst_10_5061_dryad_dc25r/AllCollections.csv"", ""data/raw/papers/DatasetFirst_10_5061_dryad_dc25r/CoreDataset.csv"", ""wiki/datasets/fiches_datasets/paper_amphibian_abnormality_hotspots.md"", ""data/final_datasets/sf/paper_amphibian_abnormality_hotspots.rds""]";"265b461683d535e399982900ab9a042b7d993502955aa4d41587814b2e3564df";"f717af295a242040774bd6e9515e43c4cab561b2f4985d73ae8977334d497933"
"paper_amphibian_functional_diversity";"wiki/datasets/fiches_datasets/paper_amphibian_functional_diversity.md";"true";"ready";"manual_review";"yes";"manual_review";"true";"false";"H0 ~ NPP + MeanAnnualTemp + Pp + Ts + Pps + AI";"H0 ~ NPP + MeanAnnualTemp + Pp + Ts + Pps + AI";"H0 ~ NPP + T + Pp + Ts + Pps + AI [Regression par Moindres Carres Ordinaires (OLS), p-value corrigee pour l'autocorrelation spatiale par le test t modifie de Dutilleul]";"H0 ~ NPP + T + Pp + Ts + Pps + AI [Regression par Moindres Carres Ordinaires (OLS), p-value corrigee pour l'autocorrelation spatiale par le test t modifie de Dutilleul]";"pub";"paper_extracted";"[""count"", ""continuous"", ""rate""]";"[""count""]";"[]";"0";"0";"[""Geographic context"", ""Selected Y typology"", ""Selected Y evidence""]";"Decision conservatoire : Tache count a documenter par reponse et estimateur; aucune selection automatique de familles gaussiennes. Ligne Detail Y correspondant a formula_used; les autres reponses candidates ne pilotent pas cette tache. La fiche et les donnees sont conservees ; aucune suppression ni promotion.

Typologie de la reponse selectionnee : count. Ligne Detail Y correspondant a formula_used; les autres reponses candidates ne pilotent pas cette tache.

Provenance des corrections : audit du 2026-09-07, inspection du RDS et sources indiquees dans cette fiche. Regeneration : code/r_catalog/dataset_curation.py et dataset_curation_overrides.json.";"valid";"[]";"data/final_datasets/sf/paper_amphibian_functional_diversity.rds";"4065";"not_promoted";"Tache count a documenter par reponse et estimateur; aucune selection automatique de familles gaussiennes. Ligne Detail Y correspondant a formula_used; les autres reponses candidates ne pilotent pas cette tache.";"[""package_include_not_yes"", ""benchmark_status_not_ready""]";"false";"[""data/final_datasets/sf/paper_amphibian_functional_diversity.rds"", ""corpus/papers/raw_pdf/Amphibian_functional_diversity_is_related_to_high_annual_precipitation_and_low_p_W2943359851.pdf"", ""corpus/papers/tei/Amphibian_functional_diversity_is_related_to_high_annual_precipitation_and_low_p_W2943359851.tei.xml"", ""data/raw/papers/DatasetFirst_10_5061_dryad_nk0bj96/Ochoa-Ochoa_etal_Appendix_S3_Data.csv"", ""wiki/datasets/fiches_datasets/paper_amphibian_functional_diversity.md"", ""data/final_datasets/sf/paper_amphibian_functional_diversity.rds""]";"e72e974e8846665f3e1a70c495401637a16986ed3c31754e64b78cb2997765d8";"8d7c037843713ac633320d2819c72d36f1cc85bf10985ce328e2886aeb8d5cda"
"paper_amphibian_malformation_prevalence";"wiki/datasets/fiches_datasets/paper_amphibian_malformation_prevalence.md";"true";"ready";"ready";"yes";"yes";"true";"true";"prevalence_abnormal ~ ROADDISTANCE + RoadType [X partiel : seul le sous-ensemble route/contamination humaine du papier est present dans le depot brut, disponible pour 32/54 sites]";"prevalence_abnormal ~ ROADDISTANCE + RoadType";"skeletal_abnormality_prevalence ~ dragonfly_abundance + organic_contaminants + inorganic_contaminants [regression logistique individuelle + selection AIC, Reeves et al. 2010 ; X publies (predateurs, contaminants, UVB, temperature) non presents dans le depot Dryad brut]";"skeletal_abnormality_prevalence ~ dragonfly_abundance + organic_contaminants + inorganic_contaminants [regression logistique individuelle + selection AIC, Reeves et al. 2010 ; X publies (predateurs, contaminants, UVB, temperature) non presents dans le depot Dryad brut]";"pub";"reconstructed_from_data";"[""continuous""]";"[""continuous""]";"[""LOADER_FAILURE""]";"1";"0";"[""Topic"", ""Formula used evidence"", ""formula_used""]";"Annotation de formula_used deplacee ici : X partiel : seul le sous-ensemble route/contamination humaine du papier est present dans le depot brut, disponible pour 32/54 sites. Le modele execute est une reconstruction partielle ; formula_pub conserve la specification du papier.

Provenance des corrections : audit du 2026-09-07, inspection du RDS et sources indiquees dans cette fiche. Regeneration : code/r_catalog/dataset_curation.py et dataset_curation_overrides.json.";"valid";"[]";"data/final_datasets/sf/paper_amphibian_malformation_prevalence.rds";"54";"loaded";"";"[]";"false";"[""data/final_datasets/sf/paper_amphibian_malformation_prevalence.rds"", ""corpus/papers/raw_pdf/Reeves2010Multiple.pdf"", ""data/raw/papers/DataCite_2010_MultipleStressorsAndThe_10_1890_09_0879_/README_for_AnalyticAttributes.txt"", ""data/raw/papers/DataCite_2010_MultipleStressorsAndThe_10_1890_09_0879_/README_for_AnchorageSampleLog.txt"", ""data/raw/papers/DataCite_2010_MultipleStressorsAndThe_10_1890_09_0879_/README_for_AnchorageSedimentMetals.txt"", ""data/raw/papers/DataCite_2010_MultipleStressorsAndThe_10_1890_09_0879_/README_for_AnchorageWaterMetals.txt"", ""data/raw/papers/DataCite_2010_MultipleStressorsAndThe_10_1890_09_0879_/README_for_ANC_WQ_STUDY_2009.txt"", ""data/raw/papers/DataCite_2010_MultipleStressorsAndThe_10_1890_09_0879_/README_for_BDFilterResults.txt"", ""data/raw/papers/DataCite_2010_MultipleStressorsAndThe_10_1890_09_0879_/README_for_BreedingMetamorphicDates.txt"", ""data/raw/papers/DataCite_2010_MultipleStressorsAndThe_10_1890_09_0879_/README_for_Conductivity.txt"", ""data/raw/papers/DataCite_2010_MultipleStressorsAndThe_10_1890_09_0879_/README_for_DryadRevisedAnalyticResults.v2.txt"", ""data/raw/papers/DataCite_2010_MultipleStressorsAndThe_10_1890_09_0879_/README_for_FrogAbnormalities.txt"", ""data/raw/papers/DataCite_2010_MultipleStressorsAndThe_10_1890_09_0879_/README_for_FrogDevelopment.txt"", ""data/raw/papers/DataCite_2010_MultipleStressorsAndThe_10_1890_09_0879_/README_for_Habitat.txt"", ""data/raw/papers/DataCite_2010_MultipleStressorsAndThe_10_1890_09_0879_/README_for_invert.txt"", ""data/raw/papers/DataCite_2010_MultipleStressorsAndThe_10_1890_09_0879_/README_for_RoadsInfo.txt"", ""data/raw/papers/DataCite_2010_MultipleStressorsAndThe_10_1890_09_0879_/README_for_SiteEvents.txt"", ""data/raw/papers/DataCite_2010_MultipleStressorsAndThe_10_1890_09_0879_/README_for_Temperature.txt"", ""data/raw/papers/DataCite_2010_MultipleStressorsAndThe_10_1890_09_0879_/README_for_WaterQuality.txt"", ""data/raw/papers/DataCite_2010_MultipleStressorsAndThe_10_1890_09_0879_/README_for_WaterQualityBDFilters.txt"", ""data/raw/papers/DataCite_2010_MultipleStressorsAndThe_10_1890_09_0879_/README_for_WetlandDepthVolume.txt"", ""data/raw/papers/DataCite_2010_MultipleStressorsAndThe_10_1890_09_0879_/AnalyticAttributes.csv"", ""data/raw/papers/DataCite_2010_MultipleStressorsAndThe_10_1890_09_0879_/AnchorageSampleLog.csv"", ""wiki/datasets/fiches_datasets/paper_amphibian_malformation_prevalence.md"", ""data/final_datasets/sf/paper_amphibian_malformation_prevalence.rds""]";"56b226f23d5f956f0c8e7a450d6fb98b216ba0ee56dd439933a892e517dece2d";"d54bc0aee93a559811bf7a029382879ea387ade2a7a83b6a56b21566243dc62a"
"paper_antarctic_biodiversity_completeness";"wiki/datasets/fiches_datasets/paper_antarctic_biodiversity_completeness.md";"true";"ready";"ready";"yes";"yes";"true";"true";"Cmpltns ~ Records + Shap_Ar";"Cmpltns ~ Records + Shap_Ar";"[CONFIRME (session 2026-08-16) : pas de formule Y~X dans le papier pour cette table. Le script R original des auteurs (SUPPORTING FILE 4 Spatial Completeness R CODE.R, present dans ce meme depot) utilise uniquement KnowBR::KnowBPolygon() pour produire Estimators.csv (= ce CSV) suivi d'une visualisation cartographique -- aucune regression ajustee, confirmant que Cmpltns est un diagnostic descriptif, pas une variable expliquee. Source : Pertierra et al. (2025), 'Advances and shortfalls in knowledge of Antarctic terrestrial and freshwater biodiversity', Science 387:609-615, doi:10.1126/science.adk2118 (DOI trouve par recherche web, annee/pages corrigees -- README local disait a tort '2024')]";"[CONFIRME (session 2026-08-16) : pas de formule Y~X dans le papier pour cette table. Le script R original des auteurs (SUPPORTING FILE 4 Spatial Completeness R CODE.R, present dans ce meme depot) utilise uniquement KnowBR::KnowBPolygon() pour produire Estimators.csv (= ce CSV) suivi d'une visualisation cartographique -- aucune regression ajustee, confirmant que Cmpltns est un diagnostic descriptif, pas une variable expliquee. Source : Pertierra et al. (2025), 'Advances and shortfalls in knowledge of Antarctic terrestrial and freshwater biodiversity', Science 387:609-615, doi:10.1126/science.adk2118 (DOI trouve par recherche web, annee/pages corrigees -- README local disait a tort '2024')]";"pub";"paper_extracted";"[""continuous""]";"[""continuous""]";"[]";"0";"0";"[""Geographic context"", ""Selected Y typology"", ""Selected Y evidence""]";"Typologie de la reponse selectionnee : continuous. Ligne Detail Y correspondant a formula_used; les autres reponses candidates ne pilotent pas cette tache.

Provenance des corrections : audit du 2026-09-07, inspection du RDS et sources indiquees dans cette fiche. Regeneration : code/r_catalog/dataset_curation.py et dataset_curation_overrides.json.";"valid";"[]";"data/final_datasets/sf/paper_antarctic_biodiversity_completeness.rds";"1518";"loaded";"";"[]";"false";"[""data/final_datasets/sf/paper_antarctic_biodiversity_completeness.rds"", ""data/raw/papers/DatasetFirst_10_5281_zenodo_13988131/README_SM.txt"", ""data/raw/papers/DatasetFirst_10_5281_zenodo_13988131/SUPPORTING FILE 1 Biodiversity Checklist.csv"", ""data/raw/papers/DatasetFirst_10_5281_zenodo_13988131/SUPPORTING FILE 10 IDEA Elicitation Expert Responses.csv"", ""wiki/datasets/fiches_datasets/paper_antarctic_biodiversity_completeness.md"", ""data/final_datasets/sf/paper_antarctic_biodiversity_completeness.rds""]";"89df722aa1b946f5f66ca3aad247c15b781746ce065719ae25e74122fc476132";"296afb28e1257ef4b41194f0cf0d6f0b4fb24489582fd693742d06beb6e5bbb2"
"paper_avian_phylo_functional_distance";"wiki/datasets/fiches_datasets/paper_avian_phylo_functional_distance.md";"true";"ready";"ready";"yes";"yes";"true";"true";"PDses ~ MPFDses + abs_lat";"PDses ~ MPFDses + abs_lat";"PD_SES ~ MPFD_SES * abs_latitude + proportion_migratory_species [modele d'analyse de cheminement (path analysis / SEM, fonction cfa du package lavaan), teste en 3 variantes emboitees : (1) interaction PD_SES:abs_latitude + proportion migratrice, (2) sans interaction, (3) sans proportion migratrice ; toutes les variables standardisees moyenne 0 / ecart-type 1 avant ajustement]";"PD_SES ~ MPFD_SES * abs_latitude + proportion_migratory_species [modele d'analyse de cheminement (path analysis / SEM, fonction cfa du package lavaan), teste en 3 variantes emboitees : (1) interaction PD_SES:abs_latitude + proportion migratrice, (2) sans interaction, (3) sans proportion migratrice ; toutes les variables standardisees moyenne 0 / ecart-type 1 avant ajustement]";"pub";"paper_extracted";"[""continuous""]";"[""continuous""]";"[]";"0";"0";"[""Selected Y typology"", ""Selected Y evidence""]";"Typologie de la reponse selectionnee : continuous. Ligne Detail Y correspondant a formula_used; les autres reponses candidates ne pilotent pas cette tache.

Provenance des corrections : audit du 2026-09-07, inspection du RDS et sources indiquees dans cette fiche. Regeneration : code/r_catalog/dataset_curation.py et dataset_curation_overrides.json.";"valid";"[]";"data/final_datasets/sf/paper_avian_phylo_functional_distance.rds";"17099";"loaded";"";"[]";"false";"[""data/final_datasets/sf/paper_avian_phylo_functional_distance.rds"", ""corpus/papers/raw_pdf/Global variation in the relationship between avian phylogenetic diversity and functional distance is driven by environmental context and constraints.pdf"", ""corpus/papers/tei/Global variation in the relationship between avian phylogenetic diversity and functional distance is driven by environmental context and constraints.tei.xml"", ""data/raw/papers/DataCite_2023_GlobalVariationInThe_10_1111_geb_1376/extracted/README.md"", ""data/raw/papers/DataCite_2023_GlobalVariationInThe_10_1111_geb_1376/extracted/functional_div_in.csv"", ""data/raw/papers/DataCite_2023_GlobalVariationInThe_10_1111_geb_1376/extracted/standerdised_effect_sizes.csv"", ""wiki/datasets/fiches_datasets/paper_avian_phylo_functional_distance.md"", ""data/final_datasets/sf/paper_avian_phylo_functional_distance.rds""]";"70360069b074607b8b7752f28909d7615bfe8b72f5650368b06f49e4b6f0b65a";"ecbdfa02c82c00713022d2911dece99ff02daf3fba6d50ace22c03cfd930f1a0"
"paper_banff_stream_temperature";"wiki/datasets/fiches_datasets/paper_banff_stream_temperature.md";"true";"ready";"manual_review";"manual_review";"manual_review";"false";"false";"WaterTemp ~ Elev + RSlope + h2oAreaKm2 + logRCA";"WaterTemp ~ Elev + RSlope + h2oAreaKm2 + logRCA";"[Struthers, Gutowsky, Lucas, Mochnacz, Carli & Taylor (2023), 'Statistical stream temperature modelling with SSN and INLA: an introduction for conservation practitioners', Canadian Journal of Fisheries and Aquatic Science 81(4):417-232. Le papier presente une methodologie de modelisation spatiale sur reseau fluvial (SSN, INLA) pour la temperature de l'eau, avec les memes variables predictives que celles presentes dans ce depot (README confirme les definitions exactes des colonnes) -- specification exacte du modele SSN/INLA non extraite (methodologie complexe, texte integral non consulte)]";"[Struthers, Gutowsky, Lucas, Mochnacz, Carli & Taylor (2023), 'Statistical stream temperature modelling with SSN and INLA: an introduction for conservation practitioners', Canadian Journal of Fisheries and Aquatic Science 81(4):417-232. Le papier presente une methodologie de modelisation spatiale sur reseau fluvial (SSN, INLA) pour la temperature de l'eau, avec les memes variables predictives que celles presentes dans ce depot (README confirme les definitions exactes des colonnes) -- specification exacte du modele SSN/INLA non extraite (methodologie complexe, texte integral non consulte)]";"pub";"paper_extracted";"[""continuous""]";"[""continuous""]";"[]";"0";"0";"[""Geographic context"", ""Selected Y typology"", ""Selected Y evidence""]";"Decision conservatoire : 110 réponses WaterTemp et quatre X complets; SSN/INLA sur réseau hydrographique, simplification curateur. La fiche dit T=1, le loader déclare Year_. Examiner les années et le réseau; promouvoir seulement une tâche comparative explicitement distincte de SSN, avec construction W documentée. La fiche et les donnees sont conservees ; aucune suppression ni promotion.

Typologie de la reponse selectionnee : continuous. Ligne Detail Y correspondant a formula_used; les autres reponses candidates ne pilotent pas cette tache.

Provenance des corrections : audit du 2026-09-07, inspection du RDS et sources indiquees dans cette fiche. Regeneration : code/r_catalog/dataset_curation.py et dataset_curation_overrides.json.";"valid";"[]";"data/final_datasets/sf/paper_banff_stream_temperature.rds";"110";"not_promoted";"110 réponses WaterTemp et quatre X complets; SSN/INLA sur réseau hydrographique, simplification curateur. La fiche dit T=1, le loader déclare Year_. Examiner les années et le réseau; promouvoir seulement une tâche comparative explicitement distincte de SSN, avec construction W documentée.";"[""package_include_not_yes"", ""benchmark_status_not_ready""]";"false";"[""data/final_datasets/sf/paper_banff_stream_temperature.rds"", ""data/raw/papers/DatasetFirst_10_5061_dryad_crjdfn391/README.md"", ""data/raw/papers/DatasetFirst_10_5061_dryad_crjdfn391/bnp_data_June2022_V5.csv"", ""data/raw/papers/DatasetFirst_10_5061_dryad_crjdfn391/bnp_data_preds_June2022_V5.csv"", ""wiki/datasets/fiches_datasets/paper_banff_stream_temperature.md"", ""data/final_datasets/sf/paper_banff_stream_temperature.rds""]";"3141635351cc65cedb27c7ab5be898883c674cae70c7d411148045f4d4f2d08a";"f6aedf2928fde5d8b412aa499fa59b0a2a197045baaf11a1407fa1ca62de26fe"
"paper_bean_landrace_gap_sdm";"wiki/datasets/fiches_datasets/paper_bean_landrace_gap_sdm.md";"true";"ready";"manual_review";"yes";"manual_review";"false";"false";"status_H_01 ~ bio_1 + bio_12 + alt + PETa + popdens + access + distgp1 + rivers + irri + aharv + prod + yield";"status_H_01 ~ bio_1 + bio_12 + alt + PETa + popdens + access + distgp1 + rivers + irri + aharv + prod + yield";"landrace occurrence / conservation-gap status ~ climatic + accessibility + agricultural + demographic predictors [MaxEnt gap analysis]";"landrace occurrence / conservation-gap status ~ climatic + accessibility + agricultural + demographic predictors [MaxEnt gap analysis]";"pub";"paper_extracted";"[""binary""]";"[""binary""]";"[]";"0";"0";"[""Topic"", ""Selected Y typology"", ""Selected Y evidence""]";"Decision conservatoire : Tache binary a documenter par reponse et estimateur; aucune selection automatique de familles gaussiennes. Ligne Detail Y correspondant a formula_used; les autres reponses candidates ne pilotent pas cette tache. La fiche et les donnees sont conservees ; aucune suppression ni promotion.

Typologie de la reponse selectionnee : binary. Ligne Detail Y correspondant a formula_used; les autres reponses candidates ne pilotent pas cette tache.

Provenance des corrections : audit du 2026-09-07, inspection du RDS et sources indiquees dans cette fiche. Regeneration : code/r_catalog/dataset_curation.py et dataset_curation_overrides.json.";"valid";"[]";"data/final_datasets/sf/paper_bean_landrace_gap_sdm.rds";"21543";"not_promoted";"Tache binary a documenter par reponse et estimateur; aucune selection automatique de familles gaussiennes. Ligne Detail Y correspondant a formula_used; les autres reponses candidates ne pilotent pas cette tache.";"[""package_include_not_yes"", ""benchmark_status_not_ready""]";"false";"[""data/final_datasets/sf/paper_bean_landrace_gap_sdm.rds"", ""corpus/papers/raw_pdf/RamirezVillegas2020Gap.pdf"", ""corpus/papers/tei/RamirezVillegas2020Gap.tei.xml"", ""data/raw/papers/DataCite_2020_AGapAnalysisModelling_10_1111_ddi_1304/README.txt"", ""wiki/datasets/fiches_datasets/paper_bean_landrace_gap_sdm.md"", ""data/final_datasets/sf/paper_bean_landrace_gap_sdm.rds""]";"ecdc20537e030ed5e4761fb4f0619847267929d69c71b75889a4bfe736ddebdc";"60130631cccf95bddab40d506de64d2aaf8298b2d64a54a1e481c3ffe140d0f0"
"paper_beta0_gwr";"wiki/datasets/fiches_datasets/paper_beta0_gwr.md";"true";"not_ready_derived_response";"not_ready_main_benchmark";"no";"no";"false";"false";"pending";"pending";"pending";"pending";"pub";"unavailable";"[""continuous""]";"[""continuous""]";"[]";"0";"0";"[]";"Decision conservatoire : retrouver le dataset empirique original et ses covariables Maintenir hors benchmark empirique; conserver la fiche et orienter une reconstruction distincte vers les observations sources. La fiche et les donnees sont conservees ; aucune suppression ni promotion.

Provenance des corrections : audit du 2026-09-07, inspection du RDS et sources indiquees dans cette fiche. Regeneration : code/r_catalog/dataset_curation.py et dataset_curation_overrides.json.";"unavailable";"[]";"data/final_datasets/sf/paper_beta0_gwr.rds";"25989";"not_promoted";"retrouver le dataset empirique original et ses covariables Maintenir hors benchmark empirique; conserver la fiche et orienter une reconstruction distincte vers les observations sources.";"[""package_include_not_yes"", ""benchmark_status_not_ready"", ""formula_used_missing_or_pending"", ""response_missing"", ""predictors_missing"", ""formula_evidence_unavailable""]";"true";"[""data/final_datasets/sf/paper_beta0_gwr.rds"", ""corpus/papers/raw_pdf/A global dataset of air temperature derived from satellite remote sensing and weather stations.pdf"", ""corpus/papers/raw_pdf/Hooker2018Global.pdf"", ""corpus/papers/tei/A global dataset of air temperature derived from satellite remote sensing and weather stations.tei.xml"", ""corpus/papers/tei/Hooker2018Global.tei.xml"", ""data/raw/papers/DataCite_2018_AGlobalDatasetOf_10_1038_sdata_20"", ""wiki/datasets/fiches_datasets/paper_beta0_gwr.md"", ""data/final_datasets/sf/paper_beta0_gwr.rds""]";"02a8cc50a49de32c81d8d594712af94b66a99b9553b08f3268b4b0d993eb034b";"c58d6c5205e6366c9f7ff7210302c05049eb21b82489117e367baef742cb1c0a"
"paper_biomass_rainforest";"wiki/datasets/fiches_datasets/paper_biomass_rainforest.md";"true";"ready";"ready";"yes";"yes";"true";"true";"AGB_mean ~ area_ha + n_stems + mean_wsg + HAND + LOG + ALT + SLO";"AGB_mean ~ area_ha + n_stems + mean_wsg + HAND + LOG + ALT + SLO";"AGB_plot(s) = mu + sum_e gamma_e * x_e(s) + k(s) [kriging-regression model, Eq. 4]";"AGB_plot(s) = mu + sum_e gamma_e * x_e(s) + k(s) [kriging-regression model, Eq. 4]";"pub";"paper_extracted";"[""continuous""]";"[""continuous""]";"[]";"0";"0";"[""Selected Y typology"", ""Selected Y evidence""]";"Typologie de la reponse selectionnee : continuous. Ligne Detail Y correspondant a formula_used; les autres reponses candidates ne pilotent pas cette tache.

Provenance des corrections : audit du 2026-09-07, inspection du RDS et sources indiquees dans cette fiche. Regeneration : code/r_catalog/dataset_curation.py et dataset_curation_overrides.json.";"valid";"[]";"data/final_datasets/sf/paper_biomass_rainforest.rds";"1335";"loaded";"";"[]";"false";"[""data/final_datasets/sf/paper_biomass_rainforest.rds"", ""corpus/papers/raw_pdf/Guitet2015Spatial.pdf"", ""corpus/papers/raw_pdf/Spatial Structure of Above-Ground Biomass Limits Accuracy of Carbon Mapping in Rainforest but Large Scale Forest Inventories Can Help to Overcome.pdf"", ""corpus/papers/tei/Guitet2015Spatial.tei.xml"", ""corpus/papers/tei/Spatial Structure of Above-Ground Biomass Limits Accuracy of Carbon Mapping in Rainforest but Large Scale Forest Inventories Can Help to Overcome.tei.xml"", ""data/raw/papers/DataCite_2015_SpatialStructureOfAbove_10_1371_journal_"", ""wiki/datasets/fiches_datasets/paper_biomass_rainforest.md"", ""data/final_datasets/sf/paper_biomass_rainforest.rds""]";"fd06e396e1e408c21ba55be5ce74b1197689097256a739630d6b260decf98f0c";"fbe30b9fec76139fe245493aa249e76b46cd263069e1b0ffb3e4c37f966ec0ba"
"paper_brisbane_urban_vegetation";"wiki/datasets/fiches_datasets/paper_brisbane_urban_vegetation.md";"true";"ready";"ready";"yes";"yes";"true";"true";"dens_015_1 ~ tree_area + aspect_cos + aspect_sin + slope";"dens_015_1 ~ tree_area + aspect_cos + aspect_sin + slope";"log(dens_015_1+0.01) ~ poly(tree_area,2) + poly(aspect_cos,2) + poly(aspect_sin,2) + poly(slope,2) [modele SAR mixte (lagsarlm), poids de voisinage a 150m -- Mitchell, Wu, Johansen, Maron, McAlpine & Rhodes (2016), 'Landscape structure influences urban vegetation vertical structure', doi:10.1111/1365-2664.12741 (OpenAlex-linked publication non resolue dans le KG). Formule confirmee par lecture directe du script R original des auteurs (Mitchell_etal_2016_1ha_analysis_20160624.R, present dans le meme depot Dryad) -- meilleur modele combine (selection par AICc/model averaging) pour la strate de densite de vegetation 0.15-1m]";"log(dens_015_1+0.01) ~ poly(tree_area,2) + poly(aspect_cos,2) + poly(aspect_sin,2) + poly(slope,2) [modele SAR mixte (lagsarlm), poids de voisinage a 150m -- Mitchell, Wu, Johansen, Maron, McAlpine & Rhodes (2016), 'Landscape structure influences urban vegetation vertical structure', doi:10.1111/1365-2664.12741 (OpenAlex-linked publication non resolue dans le KG). Formule confirmee par lecture directe du script R original des auteurs (Mitchell_etal_2016_1ha_analysis_20160624.R, present dans le meme depot Dryad) -- meilleur modele combine (selection par AICc/model averaging) pour la strate de densite de vegetation 0.15-1m]";"pub";"paper_extracted";"[""rate""]";"[""rate""]";"[]";"0";"0";"[""Geographic context"", ""Selected Y typology"", ""Selected Y evidence""]";"Typologie de la reponse selectionnee : rate. Ligne Detail Y correspondant a formula_used; les autres reponses candidates ne pilotent pas cette tache.

Provenance des corrections : audit du 2026-09-07, inspection du RDS et sources indiquees dans cette fiche. Regeneration : code/r_catalog/dataset_curation.py et dataset_curation_overrides.json.";"valid";"[]";"data/final_datasets/sf/paper_brisbane_urban_vegetation.rds";"63142";"loaded";"";"[]";"false";"[""data/final_datasets/sf/paper_brisbane_urban_vegetation.rds"", ""data/raw/papers/DatasetFirst_10_5061_dryad_3bh66/Mitchell_etal_data_1ha_20160627.csv"", ""data/raw/papers/DatasetFirst_10_5061_dryad_3bh66/Mitchell_etal_data_1km_20160627.csv"", ""wiki/datasets/fiches_datasets/paper_brisbane_urban_vegetation.md"", ""data/final_datasets/sf/paper_brisbane_urban_vegetation.rds""]";"450840ee9fbeab9d753c42a6c30bd0dd78e8b735dc72d71181588e4b16c762e5";"eff432ee7a9e3238a606bbc48573810c38d17805b9321b48f63c4f3c12aa1f1c"
"paper_bumblebee_colony_reproduction";"wiki/datasets/fiches_datasets/paper_bumblebee_colony_reproduction.md";"true";"ready";"manual_review";"yes";"manual_review";"true";"false";"Tot_rep ~ Ave_temp + Ave_hum + Sum_prec + Prop_flower500 + Prop_imp500 + Prop_urb500 + Prop_open500 + Prop_tree500 + Prop_ag500 + Prop_gard500 + Prop_road500 + X500PC1 + X500PC2";"Tot_rep ~ Ave_temp + Ave_hum + Sum_prec + Prop_flower500 + Prop_imp500 + Prop_urb500 + Prop_open500 + Prop_tree500 + Prop_ag500 + Prop_gard500 + Prop_road500 + X500PC1 + X500PC2";"colony reproductive output ~ weather + floral cover + urban/land-use metrics [GLM/GLMM model-selection context]";"colony reproductive output ~ weather + floral cover + urban/land-use metrics [GLM/GLMM model-selection context]";"pub";"paper_extracted";"[""count"", ""continuous""]";"[""count""]";"[]";"0";"0";"[""Selected Y typology"", ""Selected Y evidence""]";"Decision conservatoire : Tache count a documenter par reponse et estimateur; aucune selection automatique de familles gaussiennes. Ligne Detail Y correspondant a formula_used; les autres reponses candidates ne pilotent pas cette tache. La fiche et les donnees sont conservees ; aucune suppression ni promotion.

Typologie de la reponse selectionnee : count. Ligne Detail Y correspondant a formula_used; les autres reponses candidates ne pilotent pas cette tache.

Provenance des corrections : audit du 2026-09-07, inspection du RDS et sources indiquees dans cette fiche. Regeneration : code/r_catalog/dataset_curation.py et dataset_curation_overrides.json.";"valid";"[]";"data/final_datasets/sf/paper_bumblebee_colony_reproduction.rds";"38";"not_promoted";"Tache count a documenter par reponse et estimateur; aucune selection automatique de familles gaussiennes. Ligne Detail Y correspondant a formula_used; les autres reponses candidates ne pilotent pas cette tache.";"[""package_include_not_yes"", ""benchmark_status_not_ready""]";"false";"[""data/final_datasets/sf/paper_bumblebee_colony_reproduction.rds"", ""corpus/papers/raw_pdf/Samuelson2018Lower.pdf"", ""corpus/papers/tei/Samuelson2018Lower.tei.xml"", ""data/raw/papers/DataCite_2018_LowerBumblebeeColonyReproductive_10_1098_rspb_201/ASamuelson_UrbanBumblebee_ColonyData.csv"", ""data/raw/papers/DataCite_2018_LowerBumblebeeColonyReproductive_10_1098_rspb_201/ASamuelson_UrbanBumblebee_WeekData.csv"", ""wiki/datasets/fiches_datasets/paper_bumblebee_colony_reproduction.md"", ""data/final_datasets/sf/paper_bumblebee_colony_reproduction.rds""]";"1034d51ece7c023f3c587defe5e2230715c388b92377245354ddb95d79450d05";"8703dc60240bb102752d64033522728238e6f7bd5055faafcdd7bf64cd30eb34"
"paper_california_wildfire_growth";"wiki/datasets/fiches_datasets/paper_california_wildfire_growth.md";"true";"ready";"manual_review";"manual_review";"manual_review";"false";"false";"Final_size_perimeter ~ T2 + WS + mean_RH + ERC + BI + PDSI";"Final_size_perimeter ~ T2 + WS + mean_RH + ERC + BI + PDSI";"large_growth_binary(>10000 acres/24h) ~ weather_vars + fuel_vars + topographic_vars [modele Random Forest, feature importance -- Hanley, H.S. (2022), 'Environmental Influences on Large Daily Wildfire Growth in California', Master's Thesis, San Jose State University, doi:10.31979/etd.5znn-tm8p. 16013 jours-incendie CA 2003-2020. Variables meteo (temperature, vent, humidite, precipitation), combustible (type, charge, disponibilite, humidite), topographie (pente, aspect, elevation, forme) confirmees comme predicteurs testes]";"large_growth_binary(>10000 acres/24h) ~ weather_vars + fuel_vars + topographic_vars [modele Random Forest, feature importance -- Hanley, H.S. (2022), 'Environmental Influences on Large Daily Wildfire Growth in California', Master's Thesis, San Jose State University, doi:10.31979/etd.5znn-tm8p. 16013 jours-incendie CA 2003-2020. Variables meteo (temperature, vent, humidite, precipitation), combustible (type, charge, disponibilite, humidite), topographie (pente, aspect, elevation, forme) confirmees comme predicteurs testes]";"pub";"paper_extracted";"[""continuous""]";"[""continuous""]";"[]";"0";"0";"[""Geographic context"", ""Selected Y typology"", ""Selected Y evidence""]";"Decision conservatoire : 23 031 lignes, 11 386 répétitions de coordonnées; 21 304 lignes complètes. Taille finale répétée par Fire_ID/Date et tâche différente du seuil de croissance publié. Grouper par incendie, contrôler l’antériorité météo et définir une coupe/agrégation par événement avant toute promotion. La fiche et les donnees sont conservees ; aucune suppression ni promotion.

Typologie de la reponse selectionnee : continuous. Ligne Detail Y correspondant a formula_used; les autres reponses candidates ne pilotent pas cette tache.

Provenance des corrections : audit du 2026-09-07, inspection du RDS et sources indiquees dans cette fiche. Regeneration : code/r_catalog/dataset_curation.py et dataset_curation_overrides.json.";"valid";"[]";"data/final_datasets/sf/paper_california_wildfire_growth.rds";"23031";"not_promoted";"23 031 lignes, 11 386 répétitions de coordonnées; 21 304 lignes complètes. Taille finale répétée par Fire_ID/Date et tâche différente du seuil de croissance publié. Grouper par incendie, contrôler l’antériorité météo et définir une coupe/agrégation par événement avant toute promotion.";"[""package_include_not_yes"", ""benchmark_status_not_ready""]";"false";"[""data/final_datasets/sf/paper_california_wildfire_growth.rds"", ""data/raw/papers/DatasetFirst_10_5281_zenodo_7569337/drought_cumu_perc_area.csv"", ""data/raw/papers/DatasetFirst_10_5281_zenodo_7569337/Fire_03_20.csv"", ""wiki/datasets/fiches_datasets/paper_california_wildfire_growth.md"", ""data/final_datasets/sf/paper_california_wildfire_growth.rds""]";"eccac00fe97403b76851f3e67c27483aa83306d3a20ba0fedb0065818dd18967";"3e707c1dbe9f545be98759242da2aa983ba544be579360129e437038d489a3fc"
"paper_chaco_bird_richness";"wiki/datasets/fiches_datasets/paper_chaco_bird_richness.md";"true";"ready";"ready_panel_reduction";"yes";"manual_review";"true";"false";"species_richness ~ yieldM + forest_6km + aridity";"species_richness ~ yieldM + forest_6km + aridity";"occupancy_ij ~ agricultural_intensity + woodland_extent + environmental_covariate + agricultural_intensity:woodland_extent [modele hierarchique bayesien d'occupation (detection/occupancy) par espece, 197 especes x 234 sites, avec 24 combinaisons de modeles testees (3 metriques d'intensite agricole: yieldE/yieldP/yieldM x 2 mesures d'etendue boisee: forest_6km/forest_10km OU 2 covariables environnementales: rainfall/aridity, avec termes d'interaction)]";"occupancy_ij ~ agricultural_intensity + woodland_extent + environmental_covariate + agricultural_intensity:woodland_extent [modele hierarchique bayesien d'occupation (detection/occupancy) par espece, 197 especes x 234 sites, avec 24 combinaisons de modeles testees (3 metriques d'intensite agricole: yieldE/yieldP/yieldM x 2 mesures d'etendue boisee: forest_6km/forest_10km OU 2 covariables environnementales: rainfall/aridity, avec termes d'interaction)]";"pub";"paper_extracted";"[""count""]";"[""count""]";"[]";"0";"0";"[""Selected Y typology"", ""Selected Y evidence"", ""Recommended validation""]";"Decision conservatoire : N lignes=234; T declare=6; variable temporelle declaree=year; repetitions de coordonnees controlees=12. Grouper les observations du meme site/immeuble/individu dans un seul fold, et respecter la chronologie si l’objectif est prospectif. Le split aleatoire par ligne n’est pas valide sans justification. La fiche et les donnees sont conservees ; aucune suppression ni promotion.

Typologie de la reponse selectionnee : count. Ligne Detail Y correspondant a formula_used; les autres reponses candidates ne pilotent pas cette tache.

Provenance des corrections : audit du 2026-09-07, inspection du RDS et sources indiquees dans cette fiche. Regeneration : code/r_catalog/dataset_curation.py et dataset_curation_overrides.json.";"valid";"[]";"data/final_datasets/sf/paper_chaco_bird_richness.rds";"234";"not_promoted";"N lignes=234; T declare=6; variable temporelle declaree=year; repetitions de coordonnees controlees=12. Grouper les observations du meme site/immeuble/individu dans un seul fold, et respecter la chronologie si l’objectif est prospectif. Le split aleatoire par ligne n’est pas valide sans justification.";"[""package_include_not_yes"", ""benchmark_status_not_ready""]";"false";"[""data/final_datasets/sf/paper_chaco_bird_richness.rds"", ""corpus/papers/raw_pdf/Trade-offs between biodiversity and agriculture are moving targets in dynamic landscapes.pdf"", ""corpus/papers/tei/Trade-offs between biodiversity and agriculture are moving targets in dynamic landscapes.tei.xml"", ""data/raw/papers/DataCite_2020_TradeOffsBetweenBiodiversity_10_1111_1365_266/extracted/covas_sitios_03012018.csv"", ""data/raw/papers/DataCite_2020_TradeOffsBetweenBiodiversity_10_1111_1365_266/extracted/species_sitios_03012018.csv"", ""wiki/datasets/fiches_datasets/paper_chaco_bird_richness.md"", ""data/final_datasets/sf/paper_chaco_bird_richness.rds""]";"f59d0122194da9ed0d55e1acfe01077a75c43db2155c6953270c43acd11f80cf";"4f6e8ea51bafc6e54564c1f720aa7d82fa6736df578d83b909e7028909f8273f"
"paper_checkerspot_phenology";"wiki/datasets/fiches_datasets/paper_checkerspot_phenology.md";"true";"ready";"ready_panel_reduction";"yes";"manual_review";"true";"false";"startDayOfYear ~ decimalLatitude + year";"startDayOfYear ~ decimalLatitude + year";"startDayOfYear ~ latitude + year [analyse de decalage phenologique sur 140 ans d'archives de musee/citizen-science de papillons demi-lune de Baltimore (Baltimore checkerspot, Euphydryas phaeton), comparee a la disponibilite de nectar sur le terrain]";"startDayOfYear ~ latitude + year [analyse de decalage phenologique sur 140 ans d'archives de musee/citizen-science de papillons demi-lune de Baltimore (Baltimore checkerspot, Euphydryas phaeton), comparee a la disponibilite de nectar sur le terrain]";"pub";"paper_extracted";"[""continuous""]";"[""continuous""]";"[]";"0";"0";"[""Geographic context"", ""Selected Y typology"", ""Selected Y evidence"", ""Recommended validation""]";"Decision conservatoire : N lignes=1989; T declare=128; variable temporelle declaree=year; repetitions de coordonnees controlees=814. Grouper les observations du meme site/immeuble/individu dans un seul fold, et respecter la chronologie si l’objectif est prospectif. Le split aleatoire par ligne n’est pas valide sans justification. La fiche et les donnees sont conservees ; aucune suppression ni promotion.

Typologie de la reponse selectionnee : continuous. Ligne Detail Y correspondant a formula_used; les autres reponses candidates ne pilotent pas cette tache.

Provenance des corrections : audit du 2026-09-07, inspection du RDS et sources indiquees dans cette fiche. Regeneration : code/r_catalog/dataset_curation.py et dataset_curation_overrides.json.";"valid";"[]";"data/final_datasets/sf/paper_checkerspot_phenology.rds";"1989";"not_promoted";"N lignes=1989; T declare=128; variable temporelle declaree=year; repetitions de coordonnees controlees=814. Grouper les observations du meme site/immeuble/individu dans un seul fold, et respecter la chronologie si l’objectif est prospectif. Le split aleatoire par ligne n’est pas valide sans justification.";"[""package_include_not_yes"", ""benchmark_status_not_ready""]";"false";"[""data/final_datasets/sf/paper_checkerspot_phenology.rds"", ""data/raw/papers/DatasetFirst_10_5061_dryad_rr4xgxdhk/README.md"", ""data/raw/papers/DatasetFirst_10_5061_dryad_rr4xgxdhk/bcbformattedFINAL.csv"", ""data/raw/papers/DatasetFirst_10_5061_dryad_rr4xgxdhk/herbariumformattedFINAL.csv"", ""wiki/datasets/fiches_datasets/paper_checkerspot_phenology.md"", ""data/final_datasets/sf/paper_checkerspot_phenology.rds""]";"04cf5b056e8646cca1c5a5607dcce8ecee0311c772c5b644e793ce8f2e8188b7";"1e282ea2f2007a24e91a3f4fded3507144ec071e15a620815c9aa5b551a3be96"
"paper_cluster_detection";"wiki/datasets/fiches_datasets/paper_cluster_detection.md";"true";"excluded_simulation";"not_ready_main_benchmark";"no";"no";"false";"false";"y_response_simulated ~ x_covariate_simulated";"y_response_simulated ~ x_covariate_simulated";"mu_i = beta0 + beta1*x_i (hors cluster) ; mu_i = (beta0+theta_j0) + (beta1+theta_j1)*x_i (dans le cluster C_j)";"mu_i = beta0 + beta1*x_i (hors cluster) ; mu_i = (beta0+theta_j0) + (beta1+theta_j1)*x_i (dans le cluster C_j)";"pub";"paper_extracted";"[""continuous""]";"[""continuous""]";"[]";"0";"0";"[""Selected Y typology"", ""Selected Y evidence""]";"Decision conservatoire : exclu du package benchmark empirique Maintenir hors benchmark empirique; conserver la fiche et orienter une reconstruction distincte vers les observations sources. La fiche et les donnees sont conservees ; aucune suppression ni promotion.

Typologie de la reponse selectionnee : continuous. Ligne Detail Y correspondant a formula_used; les autres reponses candidates ne pilotent pas cette tache.

Provenance des corrections : audit du 2026-09-07, inspection du RDS et sources indiquees dans cette fiche. Regeneration : code/r_catalog/dataset_curation.py et dataset_curation_overrides.json.";"valid";"[]";"data/final_datasets/sf/paper_cluster_detection.rds";"616";"not_promoted";"exclu du package benchmark empirique Maintenir hors benchmark empirique; conserver la fiche et orienter une reconstruction distincte vers les observations sources.";"[""package_include_not_yes"", ""benchmark_status_not_ready""]";"true";"[""data/final_datasets/sf/paper_cluster_detection.rds"", ""corpus/papers/raw_pdf/Cluster detection of spatial regression coefficients.pdf"", ""corpus/papers/raw_pdf/Lee2016Cluster.pdf"", ""corpus/papers/tei/Cluster detection of spatial regression coefficients.tei.xml"", ""corpus/papers/tei/Lee2016Cluster.tei.xml"", ""data/raw/papers/DataCite_2016_ClusterDetectionOfSpatial_10_1002_sim_7172"", ""wiki/datasets/fiches_datasets/paper_cluster_detection.md"", ""data/final_datasets/sf/paper_cluster_detection.rds""]";"82be414bb9764574c889a5a6a8e9ceb572eb2fc389d699b60658b830913d5daa";"db96fe7812856abef92310f1108f4495ba23fee2b615a3e0e1afc26feed9f8e1"
"paper_colombia_leptospirosis_risk";"wiki/datasets/fiches_datasets/paper_colombia_leptospirosis_risk.md";"true";"ready";"not_ready_main_benchmark";"manual_review";"no";"false";"false";"RR ~ MannKendall + emerging_trend + mean_annual_temp_c + annual_precip_mm";"RR ~ MannKendall + emerging_trend + mean_annual_temp_c + annual_precip_mm";"monthly_incidence ~ rainfall + temperature + overflooding + confondants_sociodemographiques [modele bayesien hierarchique BYM spatio-temporel, 180 mois (2007-2021), tous les municipalites colombiennes ; 'Spatiotemporal analysis of leptospirosis in Colombia from 2007 to 2021. An environmental health metrics approach', Journal of Public Health/Taylor & Francis, doi:10.1080/09581596.2025.2578588. La pluviometrie (rainfall) est identifiee comme le determinant environnemental le plus important apres ajustement pour les confondants socio-economiques/environnementaux et la structure spatiale. RR (risque relatif spatial) et la statistique de Mann-Kendall (tendance temporelle emergente) sont les deux SORTIES du modele BYM, pas des variables d'entree]";"monthly_incidence ~ rainfall + temperature + overflooding + confondants_sociodemographiques [modele bayesien hierarchique BYM spatio-temporel, 180 mois (2007-2021), tous les municipalites colombiennes ; 'Spatiotemporal analysis of leptospirosis in Colombia from 2007 to 2021. An environmental health metrics approach', Journal of Public Health/Taylor & Francis, doi:10.1080/09581596.2025.2578588. La pluviometrie (rainfall) est identifiee comme le determinant environnemental le plus important apres ajustement pour les confondants socio-economiques/environnementaux et la structure spatiale. RR (risque relatif spatial) et la statistique de Mann-Kendall (tendance temporelle emergente) sont les deux SORTIES du modele BYM, pas des variables d'entree]";"pub";"paper_extracted";"[""continuous""]";"[""continuous""]";"[]";"0";"0";"[""Geographic context"", ""Selected Y typology"", ""Selected Y evidence""]";"Decision conservatoire : RR et MannKendall sont des sorties statistiques; covariables climatiques ajoutées. Géométrie réelle ne transforme pas ces sorties en observations d’incidence. Garder cette version hors benchmark empirique général; rechercher cas/populations municipaux pour une tâche distincte. La fiche et les donnees sont conservees ; aucune suppression ni promotion.

Typologie de la reponse selectionnee : continuous. Ligne Detail Y correspondant a formula_used; les autres reponses candidates ne pilotent pas cette tache.

Provenance des corrections : audit du 2026-09-07, inspection du RDS et sources indiquees dans cette fiche. Regeneration : code/r_catalog/dataset_curation.py et dataset_curation_overrides.json.";"valid";"[]";"data/final_datasets/sf/paper_colombia_leptospirosis_risk.rds";"931";"not_promoted";"RR et MannKendall sont des sorties statistiques; covariables climatiques ajoutées. Géométrie réelle ne transforme pas ces sorties en observations d’incidence. Garder cette version hors benchmark empirique général; rechercher cas/populations municipaux pour une tâche distincte.";"[""package_include_not_yes"", ""benchmark_status_not_ready""]";"true";"[""data/final_datasets/sf/paper_colombia_leptospirosis_risk.rds"", ""data/raw/papers/DatasetFirst_10_5281_zenodo_17104058/extracted/colombia_municipal_climate_normals.csv"", ""data/raw/papers/DatasetFirst_10_5281_zenodo_17104058/extracted/climate/colombia_municipal_climate_normals.csv"", ""wiki/datasets/fiches_datasets/paper_colombia_leptospirosis_risk.md"", ""data/final_datasets/sf/paper_colombia_leptospirosis_risk.rds""]";"29a40e7e5f83013fcc5b1ff175b242f6e2ecbd124fc888c33f7e4675c32dfd30";"9902d934d7edb1c634c2213d7503eb22ddd8a645b39b26d9a3e738cc981e68af"
"paper_coral_bathypathes";"wiki/datasets/fiches_datasets/paper_coral_bathypathes.md";"true";"ready";"manual_review";"yes";"manual_review";"false";"false";"pa ~ carbonate + mud + sand + bpi_fine + depth + slope_per + smtfinal + BEN_N_C + DETFLUX3_C + OM_CAL3_C + OXY_C + PBO_C + SO_C + SFR_OARG_C";"pa ~ carbonate + mud + sand + bpi_fine + depth + slope_per + smtfinal + BEN_N_C + DETFLUX3_C + OM_CAL3_C + OXY_C + PBO_C + SO_C + SFR_OARG_C";"pa ~ carbonate + mud + sand + bpi_fine + depth + slope_per + smtfinal + BEN_N_C + DETFLUX3_C + OM_CAL3_C + OXY_C + PBO_C + SO_C + SFR_OARG_C [Random Forests + Boosted Regression Trees ensemble SDM]";"pa ~ carbonate + mud + sand + bpi_fine + depth + slope_per + smtfinal + BEN_N_C + DETFLUX3_C + OM_CAL3_C + OXY_C + PBO_C + SO_C + SFR_OARG_C [Random Forests + Boosted Regression Trees ensemble SDM]";"pub";"paper_extracted";"[""binary""]";"[""binary""]";"[]";"0";"0";"[""Selected Y typology"", ""Selected Y evidence""]";"Decision conservatoire : Tache binary a documenter par reponse et estimateur; aucune selection automatique de familles gaussiennes. Ligne Detail Y correspondant a formula_used; les autres reponses candidates ne pilotent pas cette tache. La fiche et les donnees sont conservees ; aucune suppression ni promotion.

Typologie de la reponse selectionnee : binary. Ligne Detail Y correspondant a formula_used; les autres reponses candidates ne pilotent pas cette tache.

Provenance des corrections : audit du 2026-09-07, inspection du RDS et sources indiquees dans cette fiche. Regeneration : code/r_catalog/dataset_curation.py et dataset_curation_overrides.json.";"valid";"[]";"data/final_datasets/sf/paper_coral_bathypathes.rds";"390";"not_promoted";"Tache binary a documenter par reponse et estimateur; aucune selection automatique de familles gaussiennes. Ligne Detail Y correspondant a formula_used; les autres reponses candidates ne pilotent pas cette tache.";"[""package_include_not_yes"", ""benchmark_status_not_ready""]";"false";"[""data/final_datasets/sf/paper_coral_bathypathes.rds"", ""corpus/papers/raw_pdf/Anderson2022Predicting.pdf"", ""corpus/papers/tei/Anderson2022Predicting.tei.xml"", ""data/raw/papers/DataCite_2022_PredictingTheEffectsOf_10_1111_gcb_1638/README.txt"", ""data/raw/papers/DataCite_2022_PredictingTheEffectsOf_10_1111_gcb_1638/Bathypathes.csv"", ""data/raw/papers/DataCite_2022_PredictingTheEffectsOf_10_1111_gcb_1638/Corallium.csv"", ""wiki/datasets/fiches_datasets/paper_coral_bathypathes.md"", ""data/final_datasets/sf/paper_coral_bathypathes.rds""]";"2cef057d464aa036b43f90914aa7d8eb629abe4b2efa38b3039a3545d58370c9";"9ecb74d7dffccd20ce57095494b72282a3683aa73366d86e78bda36aac1a2df7"
"paper_coral_corallium";"wiki/datasets/fiches_datasets/paper_coral_corallium.md";"true";"ready";"manual_review";"yes";"manual_review";"false";"false";"pa ~ carbonate + mud + sand + bpi_fine + depth + slope_per + smtfinal + BEN_N_C + DETFLUX3_C + OM_CAL3_C + OXY_C + PBO_C + ... (2 covariables au total, voir Candidate X variables)";"pa ~ carbonate + mud + sand + bpi_fine + depth + slope_per + smtfinal + BEN_N_C + DETFLUX3_C + OM_CAL3_C + OXY_C + PBO_C + SO_C + SFR_OARG_C";"pending";"pending";"pub";"generated_system_formula";"[""binary""]";"[""binary""]";"[""FORMULA_NOT_EXECUTABLE""]";"1";"0";"[""Topic"", ""x_terms_used"", ""y_term_used"", ""Formula used evidence"", ""formula_used""]";"La formule systeme enumere les 14 covariables deja declarees dans Candidate X variables et presentes dans le RDS. L’ancienne ellipse etait un defaut du rendu; cette liste demeure une proposition systeme, sans preuve de specification publiee et sans promotion. Sa pertinence scientifique reste en revue.

Decision conservatoire : Ancienne declaration yes incoherente avec les conditions du registre : current_package_regression_only. Conserver la décision actuelle jusqu’au traitement des constats. La fiche et les donnees sont conservees ; aucune suppression ni promotion.

Provenance des corrections : audit du 2026-09-07, inspection du RDS et sources indiquees dans cette fiche. Regeneration : code/r_catalog/dataset_curation.py et dataset_curation_overrides.json.";"valid";"[]";"data/final_datasets/sf/paper_coral_corallium.rds";"196";"not_promoted";"Ancienne declaration yes incoherente avec les conditions du registre : current_package_regression_only. Conserver la décision actuelle jusqu’au traitement des constats.";"[""package_include_not_yes"", ""benchmark_status_not_ready"", ""current_package_regression_only""]";"false";"[""data/final_datasets/sf/paper_coral_corallium.rds"", ""corpus/papers/raw_pdf/Anderson2022Predicting.pdf"", ""corpus/papers/tei/Anderson2022Predicting.tei.xml"", ""data/raw/papers/DataCite_2022_PredictingTheEffectsOf_10_1111_gcb_1638/README.txt"", ""data/raw/papers/DataCite_2022_PredictingTheEffectsOf_10_1111_gcb_1638/Bathypathes.csv"", ""data/raw/papers/DataCite_2022_PredictingTheEffectsOf_10_1111_gcb_1638/Corallium.csv"", ""wiki/datasets/fiches_datasets/paper_coral_corallium.md"", ""data/final_datasets/sf/paper_coral_corallium.rds""]";"4b3fa732df818e664914aa970221c7553a1db07c6df850256bfb8dcc8a3d1eaf";"fcba1aa127d02f598f914dbbc7a61e5f695e045ee8072b184bd14d950be8a3ce"
"paper_coral_enallopsammia";"wiki/datasets/fiches_datasets/paper_coral_enallopsammia.md";"true";"ready";"manual_review";"yes";"manual_review";"false";"false";"pa ~ carbonate + mud + sand + bpi_fine + depth + slope_per + smtfinal + BEN_N_C + DETFLUX3_C + OXY_C + PBO_C + SFR_OARG_C + ... (2 covariables au total, voir Candidate X variables)";"pa ~ carbonate + mud + sand + bpi_fine + depth + slope_per + smtfinal + BEN_N_C + DETFLUX3_C + OXY_C + PBO_C + SFR_OARG_C + SO_C + OM_CAL3_C";"pending";"pending";"pub";"generated_system_formula";"[""binary""]";"[""binary""]";"[""FORMULA_NOT_EXECUTABLE""]";"1";"0";"[""Topic"", ""x_terms_used"", ""y_term_used"", ""Formula used evidence"", ""formula_used""]";"La formule systeme enumere les 14 covariables deja declarees dans Candidate X variables et presentes dans le RDS. L’ancienne ellipse etait un defaut du rendu; cette liste demeure une proposition systeme, sans preuve de specification publiee et sans promotion. Sa pertinence scientifique reste en revue.

Decision conservatoire : Ancienne declaration yes incoherente avec les conditions du registre : current_package_regression_only. Conserver la décision actuelle jusqu’au traitement des constats. La fiche et les donnees sont conservees ; aucune suppression ni promotion.

Provenance des corrections : audit du 2026-09-07, inspection du RDS et sources indiquees dans cette fiche. Regeneration : code/r_catalog/dataset_curation.py et dataset_curation_overrides.json.";"valid";"[]";"data/final_datasets/sf/paper_coral_enallopsammia.rds";"598";"not_promoted";"Ancienne declaration yes incoherente avec les conditions du registre : current_package_regression_only. Conserver la décision actuelle jusqu’au traitement des constats.";"[""package_include_not_yes"", ""benchmark_status_not_ready"", ""current_package_regression_only""]";"false";"[""data/final_datasets/sf/paper_coral_enallopsammia.rds"", ""corpus/papers/raw_pdf/Anderson2022Predicting.pdf"", ""corpus/papers/tei/Anderson2022Predicting.tei.xml"", ""data/raw/papers/DataCite_2022_PredictingTheEffectsOf_10_1111_gcb_1638/README.txt"", ""data/raw/papers/DataCite_2022_PredictingTheEffectsOf_10_1111_gcb_1638/Bathypathes.csv"", ""data/raw/papers/DataCite_2022_PredictingTheEffectsOf_10_1111_gcb_1638/Corallium.csv"", ""wiki/datasets/fiches_datasets/paper_coral_enallopsammia.md"", ""data/final_datasets/sf/paper_coral_enallopsammia.rds""]";"bf3522840c98c6dfd07d079cffa57f3ee209154835e44f45128d8d6a18edb5e7";"ad7293b2916dd9787f81ff35e561c97d45c7dbb305472672d4e8672272c7b64e"
"paper_coral_errina";"wiki/datasets/fiches_datasets/paper_coral_errina.md";"true";"ready";"manual_review";"yes";"manual_review";"false";"false";"pa ~ carbonate + mud + sand + bpi_fine + depth + slope_per + smtfinal + BEN_N_C + DETFLUX3_C + OXY_C + PBO_C + SFR_OARG_C + ... (2 covariables au total, voir Candidate X variables)";"pa ~ carbonate + mud + sand + bpi_fine + depth + slope_per + smtfinal + BEN_N_C + DETFLUX3_C + OXY_C + PBO_C + SFR_OARG_C + SO_C + OM_CAL3_C";"pending";"pending";"pub";"generated_system_formula";"[""binary""]";"[""binary""]";"[""FORMULA_NOT_EXECUTABLE""]";"1";"0";"[""Topic"", ""x_terms_used"", ""y_term_used"", ""Formula used evidence"", ""formula_used""]";"La formule systeme enumere les 14 covariables deja declarees dans Candidate X variables et presentes dans le RDS. L’ancienne ellipse etait un defaut du rendu; cette liste demeure une proposition systeme, sans preuve de specification publiee et sans promotion. Sa pertinence scientifique reste en revue.

Decision conservatoire : Ancienne declaration yes incoherente avec les conditions du registre : current_package_regression_only. Conserver la décision actuelle jusqu’au traitement des constats. La fiche et les donnees sont conservees ; aucune suppression ni promotion.

Provenance des corrections : audit du 2026-09-07, inspection du RDS et sources indiquees dans cette fiche. Regeneration : code/r_catalog/dataset_curation.py et dataset_curation_overrides.json.";"valid";"[]";"data/final_datasets/sf/paper_coral_errina.rds";"472";"not_promoted";"Ancienne declaration yes incoherente avec les conditions du registre : current_package_regression_only. Conserver la décision actuelle jusqu’au traitement des constats.";"[""package_include_not_yes"", ""benchmark_status_not_ready"", ""current_package_regression_only""]";"false";"[""data/final_datasets/sf/paper_coral_errina.rds"", ""corpus/papers/raw_pdf/Anderson2022Predicting.pdf"", ""corpus/papers/tei/Anderson2022Predicting.tei.xml"", ""data/raw/papers/DataCite_2022_PredictingTheEffectsOf_10_1111_gcb_1638/README.txt"", ""data/raw/papers/DataCite_2022_PredictingTheEffectsOf_10_1111_gcb_1638/Bathypathes.csv"", ""data/raw/papers/DataCite_2022_PredictingTheEffectsOf_10_1111_gcb_1638/Corallium.csv"", ""wiki/datasets/fiches_datasets/paper_coral_errina.md"", ""data/final_datasets/sf/paper_coral_errina.rds""]";"27d5d19572bb55395054eadac1b91c1bde88b7517e4695699f60f23fd2e0415f";"c5acd6a6ab0e6abc43b301a73ed735e1f82c922c8a5b02d3ba1f78db03628d80"
"paper_coral_goniocorella";"wiki/datasets/fiches_datasets/paper_coral_goniocorella.md";"true";"ready";"manual_review";"yes";"manual_review";"false";"false";"pa ~ carbonate + mud + sand + bpi_fine + depth + slope_per + smtfinal + BEN_N_C + DETFLUX3_C + OXY_C + PBO_C + SFR_OARG_C + ... (2 covariables au total, voir Candidate X variables)";"pa ~ carbonate + mud + sand + bpi_fine + depth + slope_per + smtfinal + BEN_N_C + DETFLUX3_C + OXY_C + PBO_C + SFR_OARG_C + SO_C + OM_CAL3_C";"pending";"pending";"pub";"generated_system_formula";"[""binary""]";"[""binary""]";"[""FORMULA_NOT_EXECUTABLE""]";"1";"0";"[""Topic"", ""x_terms_used"", ""y_term_used"", ""Formula used evidence"", ""formula_used""]";"La formule systeme enumere les 14 covariables deja declarees dans Candidate X variables et presentes dans le RDS. L’ancienne ellipse etait un defaut du rendu; cette liste demeure une proposition systeme, sans preuve de specification publiee et sans promotion. Sa pertinence scientifique reste en revue.

Decision conservatoire : Ancienne declaration yes incoherente avec les conditions du registre : current_package_regression_only. Conserver la décision actuelle jusqu’au traitement des constats. La fiche et les donnees sont conservees ; aucune suppression ni promotion.

Provenance des corrections : audit du 2026-09-07, inspection du RDS et sources indiquees dans cette fiche. Regeneration : code/r_catalog/dataset_curation.py et dataset_curation_overrides.json.";"valid";"[]";"data/final_datasets/sf/paper_coral_goniocorella.rds";"1290";"not_promoted";"Ancienne declaration yes incoherente avec les conditions du registre : current_package_regression_only. Conserver la décision actuelle jusqu’au traitement des constats.";"[""package_include_not_yes"", ""benchmark_status_not_ready"", ""current_package_regression_only""]";"false";"[""data/final_datasets/sf/paper_coral_goniocorella.rds"", ""corpus/papers/raw_pdf/Anderson2022Predicting.pdf"", ""corpus/papers/tei/Anderson2022Predicting.tei.xml"", ""data/raw/papers/DataCite_2022_PredictingTheEffectsOf_10_1111_gcb_1638/README.txt"", ""data/raw/papers/DataCite_2022_PredictingTheEffectsOf_10_1111_gcb_1638/Bathypathes.csv"", ""data/raw/papers/DataCite_2022_PredictingTheEffectsOf_10_1111_gcb_1638/Corallium.csv"", ""wiki/datasets/fiches_datasets/paper_coral_goniocorella.md"", ""data/final_datasets/sf/paper_coral_goniocorella.rds""]";"2500e2c995c8666b68ca9c7ab8089c6e22991dbe2febce9be4a2db567cb87605";"5ccb30840400876267715d26bce64d8bfd4ad24d97054c7665a7cf7321f2821a"
"paper_coral_isididae";"wiki/datasets/fiches_datasets/paper_coral_isididae.md";"true";"ready";"manual_review";"yes";"manual_review";"false";"false";"pa ~ carbonate + mud + sand + bpi_fine + depth + slope_per + smtfinal + BEN_N_C + DETFLUX3_C + OM_CAL3_C + OXY_C + PBO_C + ... (2 covariables au total, voir Candidate X variables)";"pa ~ carbonate + mud + sand + bpi_fine + depth + slope_per + smtfinal + BEN_N_C + DETFLUX3_C + OM_CAL3_C + OXY_C + PBO_C + SO_C + SFR_OARG_C";"pending";"pending";"pub";"generated_system_formula";"[""binary""]";"[""binary""]";"[""FORMULA_NOT_EXECUTABLE""]";"1";"0";"[""Topic"", ""x_terms_used"", ""y_term_used"", ""Formula used evidence"", ""formula_used""]";"La formule systeme enumere les 14 covariables deja declarees dans Candidate X variables et presentes dans le RDS. L’ancienne ellipse etait un defaut du rendu; cette liste demeure une proposition systeme, sans preuve de specification publiee et sans promotion. Sa pertinence scientifique reste en revue.

Decision conservatoire : Ancienne declaration yes incoherente avec les conditions du registre : current_package_regression_only. Conserver la décision actuelle jusqu’au traitement des constats. La fiche et les donnees sont conservees ; aucune suppression ni promotion.

Provenance des corrections : audit du 2026-09-07, inspection du RDS et sources indiquees dans cette fiche. Regeneration : code/r_catalog/dataset_curation.py et dataset_curation_overrides.json.";"valid";"[]";"data/final_datasets/sf/paper_coral_isididae.rds";"1036";"not_promoted";"Ancienne declaration yes incoherente avec les conditions du registre : current_package_regression_only. Conserver la décision actuelle jusqu’au traitement des constats.";"[""package_include_not_yes"", ""benchmark_status_not_ready"", ""current_package_regression_only""]";"false";"[""data/final_datasets/sf/paper_coral_isididae.rds"", ""corpus/papers/raw_pdf/Anderson2022Predicting.pdf"", ""corpus/papers/tei/Anderson2022Predicting.tei.xml"", ""data/raw/papers/DataCite_2022_PredictingTheEffectsOf_10_1111_gcb_1638/README.txt"", ""data/raw/papers/DataCite_2022_PredictingTheEffectsOf_10_1111_gcb_1638/Bathypathes.csv"", ""data/raw/papers/DataCite_2022_PredictingTheEffectsOf_10_1111_gcb_1638/Corallium.csv"", ""wiki/datasets/fiches_datasets/paper_coral_isididae.md"", ""data/final_datasets/sf/paper_coral_isididae.rds""]";"59853d042df4299f9614182f6d7f8ae56ce7726991e7844bfced6c458f4fa44f";"415dc9943381226639482d2a7036d544e135264dba988ab7d693d8c73fa36164"
"paper_coral_leiopathes";"wiki/datasets/fiches_datasets/paper_coral_leiopathes.md";"true";"ready";"manual_review";"yes";"manual_review";"false";"false";"pa ~ carbonate + mud + sand + bpi_fine + depth + slope_per + smtfinal + BEN_N_C + DETFLUX3_C + OM_CAL3_C + OXY_C + PBO_C + ... (2 covariables au total, voir Candidate X variables)";"pa ~ carbonate + mud + sand + bpi_fine + depth + slope_per + smtfinal + BEN_N_C + DETFLUX3_C + OM_CAL3_C + OXY_C + PBO_C + SO_C + SFR_OARG_C";"pending";"pending";"pub";"generated_system_formula";"[""binary""]";"[""binary""]";"[""FORMULA_NOT_EXECUTABLE""]";"1";"0";"[""Topic"", ""x_terms_used"", ""y_term_used"", ""Formula used evidence"", ""formula_used""]";"La formule systeme enumere les 14 covariables deja declarees dans Candidate X variables et presentes dans le RDS. L’ancienne ellipse etait un defaut du rendu; cette liste demeure une proposition systeme, sans preuve de specification publiee et sans promotion. Sa pertinence scientifique reste en revue.

Decision conservatoire : Ancienne declaration yes incoherente avec les conditions du registre : current_package_regression_only. Conserver la décision actuelle jusqu’au traitement des constats. La fiche et les donnees sont conservees ; aucune suppression ni promotion.

Provenance des corrections : audit du 2026-09-07, inspection du RDS et sources indiquees dans cette fiche. Regeneration : code/r_catalog/dataset_curation.py et dataset_curation_overrides.json.";"valid";"[]";"data/final_datasets/sf/paper_coral_leiopathes.rds";"378";"not_promoted";"Ancienne declaration yes incoherente avec les conditions du registre : current_package_regression_only. Conserver la décision actuelle jusqu’au traitement des constats.";"[""package_include_not_yes"", ""benchmark_status_not_ready"", ""current_package_regression_only""]";"false";"[""data/final_datasets/sf/paper_coral_leiopathes.rds"", ""corpus/papers/raw_pdf/Anderson2022Predicting.pdf"", ""corpus/papers/tei/Anderson2022Predicting.tei.xml"", ""data/raw/papers/DataCite_2022_PredictingTheEffectsOf_10_1111_gcb_1638/README.txt"", ""data/raw/papers/DataCite_2022_PredictingTheEffectsOf_10_1111_gcb_1638/Bathypathes.csv"", ""data/raw/papers/DataCite_2022_PredictingTheEffectsOf_10_1111_gcb_1638/Corallium.csv"", ""wiki/datasets/fiches_datasets/paper_coral_leiopathes.md"", ""data/final_datasets/sf/paper_coral_leiopathes.rds""]";"b5fe0f95634025de9824b1b9ec9b71701a541fe4f14b791de23d68e8b27b63c7";"be42681f3f2961041dc5ce276ddc196a026912f6c50deac55a0c86cbec2a8af8"
"paper_coral_madrepora";"wiki/datasets/fiches_datasets/paper_coral_madrepora.md";"true";"ready";"manual_review";"yes";"manual_review";"false";"false";"pa ~ carbonate + mud + sand + bpi_fine + depth + slope_per + smtfinal + BEN_N_C + DETFLUX3_C + OXY_C + PBO_C + SFR_OARG_C + ... (2 covariables au total, voir Candidate X variables)";"pa ~ carbonate + mud + sand + bpi_fine + depth + slope_per + smtfinal + BEN_N_C + DETFLUX3_C + OXY_C + PBO_C + SFR_OARG_C + SO_C + OM_CAL3_C";"pending";"pending";"pub";"generated_system_formula";"[""binary""]";"[""binary""]";"[""FORMULA_NOT_EXECUTABLE""]";"1";"0";"[""Topic"", ""x_terms_used"", ""y_term_used"", ""Formula used evidence"", ""formula_used""]";"La formule systeme enumere les 14 covariables deja declarees dans Candidate X variables et presentes dans le RDS. L’ancienne ellipse etait un defaut du rendu; cette liste demeure une proposition systeme, sans preuve de specification publiee et sans promotion. Sa pertinence scientifique reste en revue.

Decision conservatoire : Ancienne declaration yes incoherente avec les conditions du registre : current_package_regression_only. Conserver la décision actuelle jusqu’au traitement des constats. La fiche et les donnees sont conservees ; aucune suppression ni promotion.

Provenance des corrections : audit du 2026-09-07, inspection du RDS et sources indiquees dans cette fiche. Regeneration : code/r_catalog/dataset_curation.py et dataset_curation_overrides.json.";"valid";"[]";"data/final_datasets/sf/paper_coral_madrepora.rds";"496";"not_promoted";"Ancienne declaration yes incoherente avec les conditions du registre : current_package_regression_only. Conserver la décision actuelle jusqu’au traitement des constats.";"[""package_include_not_yes"", ""benchmark_status_not_ready"", ""current_package_regression_only""]";"false";"[""data/final_datasets/sf/paper_coral_madrepora.rds"", ""corpus/papers/raw_pdf/Anderson2022Predicting.pdf"", ""corpus/papers/tei/Anderson2022Predicting.tei.xml"", ""data/raw/papers/DataCite_2022_PredictingTheEffectsOf_10_1111_gcb_1638/README.txt"", ""data/raw/papers/DataCite_2022_PredictingTheEffectsOf_10_1111_gcb_1638/Bathypathes.csv"", ""data/raw/papers/DataCite_2022_PredictingTheEffectsOf_10_1111_gcb_1638/Corallium.csv"", ""wiki/datasets/fiches_datasets/paper_coral_madrepora.md"", ""data/final_datasets/sf/paper_coral_madrepora.rds""]";"66ea8b80656dc155cc177c0bf2844361bac9cff056539084562d330117fbcf85";"ea5c908735fc0d158adcf5dba147c3b478dddc192924a924d12ec0d1f63ecd59"
"paper_coral_paragorgia";"wiki/datasets/fiches_datasets/paper_coral_paragorgia.md";"true";"ready";"manual_review";"yes";"manual_review";"false";"false";"pa ~ carbonate + mud + sand + bpi_fine + depth + slope_per + smtfinal + BEN_N_C + DETFLUX3_C + OM_CAL3_C + OXY_C + PBO_C + ... (2 covariables au total, voir Candidate X variables)";"pa ~ carbonate + mud + sand + bpi_fine + depth + slope_per + smtfinal + BEN_N_C + DETFLUX3_C + OM_CAL3_C + OXY_C + PBO_C + SO_C + SFR_OARG_C";"pending";"pending";"pub";"generated_system_formula";"[""binary""]";"[""binary""]";"[""FORMULA_NOT_EXECUTABLE""]";"1";"0";"[""Topic"", ""x_terms_used"", ""y_term_used"", ""Formula used evidence"", ""formula_used""]";"La formule systeme enumere les 14 covariables deja declarees dans Candidate X variables et presentes dans le RDS. L’ancienne ellipse etait un defaut du rendu; cette liste demeure une proposition systeme, sans preuve de specification publiee et sans promotion. Sa pertinence scientifique reste en revue.

Decision conservatoire : Ancienne declaration yes incoherente avec les conditions du registre : current_package_regression_only. Conserver la décision actuelle jusqu’au traitement des constats. La fiche et les donnees sont conservees ; aucune suppression ni promotion.

Provenance des corrections : audit du 2026-09-07, inspection du RDS et sources indiquees dans cette fiche. Regeneration : code/r_catalog/dataset_curation.py et dataset_curation_overrides.json.";"valid";"[]";"data/final_datasets/sf/paper_coral_paragorgia.rds";"406";"not_promoted";"Ancienne declaration yes incoherente avec les conditions du registre : current_package_regression_only. Conserver la décision actuelle jusqu’au traitement des constats.";"[""package_include_not_yes"", ""benchmark_status_not_ready"", ""current_package_regression_only""]";"false";"[""data/final_datasets/sf/paper_coral_paragorgia.rds"", ""corpus/papers/raw_pdf/Anderson2022Predicting.pdf"", ""corpus/papers/tei/Anderson2022Predicting.tei.xml"", ""data/raw/papers/DataCite_2022_PredictingTheEffectsOf_10_1111_gcb_1638/README.txt"", ""data/raw/papers/DataCite_2022_PredictingTheEffectsOf_10_1111_gcb_1638/Bathypathes.csv"", ""data/raw/papers/DataCite_2022_PredictingTheEffectsOf_10_1111_gcb_1638/Corallium.csv"", ""wiki/datasets/fiches_datasets/paper_coral_paragorgia.md"", ""data/final_datasets/sf/paper_coral_paragorgia.rds""]";"15bca4bc646526bd1d7813d64d0d6377e25050e85610b94f664c80c6ed5c96b9";"9bdd50c023b09ad0b7955059abcc8d5cf45457c284de598731eda4ff78a2f91f"
"paper_coral_primnoa";"wiki/datasets/fiches_datasets/paper_coral_primnoa.md";"true";"ready";"manual_review";"yes";"manual_review";"false";"false";"pa ~ carbonate + mud + sand + bpi_fine + depth + slope_per + smtfinal + BEN_N_C + DETFLUX3_C + OM_CAL3_C + OXY_C + PBO_C + ... (2 covariables au total, voir Candidate X variables)";"pa ~ carbonate + mud + sand + bpi_fine + depth + slope_per + smtfinal + BEN_N_C + DETFLUX3_C + OM_CAL3_C + OXY_C + PBO_C + SO_C + SFR_OARG_C";"pending";"pending";"pub";"generated_system_formula";"[""binary""]";"[""binary""]";"[""FORMULA_NOT_EXECUTABLE""]";"1";"0";"[""Topic"", ""x_terms_used"", ""y_term_used"", ""Formula used evidence"", ""formula_used""]";"La formule systeme enumere les 14 covariables deja declarees dans Candidate X variables et presentes dans le RDS. L’ancienne ellipse etait un defaut du rendu; cette liste demeure une proposition systeme, sans preuve de specification publiee et sans promotion. Sa pertinence scientifique reste en revue.

Decision conservatoire : Ancienne declaration yes incoherente avec les conditions du registre : current_package_regression_only. Conserver la décision actuelle jusqu’au traitement des constats. La fiche et les donnees sont conservees ; aucune suppression ni promotion.

Provenance des corrections : audit du 2026-09-07, inspection du RDS et sources indiquees dans cette fiche. Regeneration : code/r_catalog/dataset_curation.py et dataset_curation_overrides.json.";"valid";"[]";"data/final_datasets/sf/paper_coral_primnoa.rds";"232";"not_promoted";"Ancienne declaration yes incoherente avec les conditions du registre : current_package_regression_only. Conserver la décision actuelle jusqu’au traitement des constats.";"[""package_include_not_yes"", ""benchmark_status_not_ready"", ""current_package_regression_only""]";"false";"[""data/final_datasets/sf/paper_coral_primnoa.rds"", ""corpus/papers/raw_pdf/Anderson2022Predicting.pdf"", ""corpus/papers/tei/Anderson2022Predicting.tei.xml"", ""data/raw/papers/DataCite_2022_PredictingTheEffectsOf_10_1111_gcb_1638/README.txt"", ""data/raw/papers/DataCite_2022_PredictingTheEffectsOf_10_1111_gcb_1638/Bathypathes.csv"", ""data/raw/papers/DataCite_2022_PredictingTheEffectsOf_10_1111_gcb_1638/Corallium.csv"", ""wiki/datasets/fiches_datasets/paper_coral_primnoa.md"", ""data/final_datasets/sf/paper_coral_primnoa.rds""]";"42c5b32a11aa5dc18297e3ce7219603011250c064050e3705dc2b7466a38136e";"a4574b0d501d3d942ae6e2f29c94edaffb739ff97178c2082116b41eabd0a55f"
"paper_coral_solenosmilia";"wiki/datasets/fiches_datasets/paper_coral_solenosmilia.md";"true";"ready";"manual_review";"yes";"manual_review";"false";"false";"pa ~ carbonate + mud + sand + bpi_fine + depth + slope_per + smtfinal + BEN_N_C + DETFLUX3_C + OXY_C + PBO_C + SFR_OARG_C + ... (2 covariables au total, voir Candidate X variables)";"pa ~ carbonate + mud + sand + bpi_fine + depth + slope_per + smtfinal + BEN_N_C + DETFLUX3_C + OXY_C + PBO_C + SFR_OARG_C + SO_C + OM_CAL3_C";"pending";"pending";"pub";"generated_system_formula";"[""binary""]";"[""binary""]";"[""FORMULA_NOT_EXECUTABLE""]";"1";"0";"[""Topic"", ""x_terms_used"", ""y_term_used"", ""Formula used evidence"", ""formula_used""]";"La formule systeme enumere les 14 covariables deja declarees dans Candidate X variables et presentes dans le RDS. L’ancienne ellipse etait un defaut du rendu; cette liste demeure une proposition systeme, sans preuve de specification publiee et sans promotion. Sa pertinence scientifique reste en revue.

Decision conservatoire : Ancienne declaration yes incoherente avec les conditions du registre : current_package_regression_only. Conserver la décision actuelle jusqu’au traitement des constats. La fiche et les donnees sont conservees ; aucune suppression ni promotion.

Provenance des corrections : audit du 2026-09-07, inspection du RDS et sources indiquees dans cette fiche. Regeneration : code/r_catalog/dataset_curation.py et dataset_curation_overrides.json.";"valid";"[]";"data/final_datasets/sf/paper_coral_solenosmilia.rds";"828";"not_promoted";"Ancienne declaration yes incoherente avec les conditions du registre : current_package_regression_only. Conserver la décision actuelle jusqu’au traitement des constats.";"[""package_include_not_yes"", ""benchmark_status_not_ready"", ""current_package_regression_only""]";"false";"[""data/final_datasets/sf/paper_coral_solenosmilia.rds"", ""corpus/papers/raw_pdf/Anderson2022Predicting.pdf"", ""corpus/papers/tei/Anderson2022Predicting.tei.xml"", ""data/raw/papers/DataCite_2022_PredictingTheEffectsOf_10_1111_gcb_1638/README.txt"", ""data/raw/papers/DataCite_2022_PredictingTheEffectsOf_10_1111_gcb_1638/Bathypathes.csv"", ""data/raw/papers/DataCite_2022_PredictingTheEffectsOf_10_1111_gcb_1638/Corallium.csv"", ""wiki/datasets/fiches_datasets/paper_coral_solenosmilia.md"", ""data/final_datasets/sf/paper_coral_solenosmilia.rds""]";"184f57a88cfcd5bc94a57b73e4d9f274cc58abdd218753e1e650af27fa276db6";"582c8803c27bd6e074dc41babe058803b52c89444280fec78e1380a4b1d05c17"
"paper_coral_stylaster";"wiki/datasets/fiches_datasets/paper_coral_stylaster.md";"true";"ready";"manual_review";"yes";"manual_review";"false";"false";"pa ~ carbonate + mud + sand + bpi_fine + depth + slope_per + smtfinal + BEN_N_C + DETFLUX3_C + OXY_C + PBO_C + SFR_OARG_C + ... (2 covariables au total, voir Candidate X variables)";"pa ~ carbonate + mud + sand + bpi_fine + depth + slope_per + smtfinal + BEN_N_C + DETFLUX3_C + OXY_C + PBO_C + SFR_OARG_C + SO_C + OM_CAL3_C";"pending";"pending";"pub";"generated_system_formula";"[""binary""]";"[""binary""]";"[""FORMULA_NOT_EXECUTABLE""]";"1";"0";"[""Topic"", ""x_terms_used"", ""y_term_used"", ""Formula used evidence"", ""formula_used""]";"La formule systeme enumere les 14 covariables deja declarees dans Candidate X variables et presentes dans le RDS. L’ancienne ellipse etait un defaut du rendu; cette liste demeure une proposition systeme, sans preuve de specification publiee et sans promotion. Sa pertinence scientifique reste en revue.

Decision conservatoire : Ancienne declaration yes incoherente avec les conditions du registre : current_package_regression_only. Conserver la décision actuelle jusqu’au traitement des constats. La fiche et les donnees sont conservees ; aucune suppression ni promotion.

Provenance des corrections : audit du 2026-09-07, inspection du RDS et sources indiquees dans cette fiche. Regeneration : code/r_catalog/dataset_curation.py et dataset_curation_overrides.json.";"valid";"[]";"data/final_datasets/sf/paper_coral_stylaster.rds";"448";"not_promoted";"Ancienne declaration yes incoherente avec les conditions du registre : current_package_regression_only. Conserver la décision actuelle jusqu’au traitement des constats.";"[""package_include_not_yes"", ""benchmark_status_not_ready"", ""current_package_regression_only""]";"false";"[""data/final_datasets/sf/paper_coral_stylaster.rds"", ""corpus/papers/raw_pdf/Anderson2022Predicting.pdf"", ""corpus/papers/tei/Anderson2022Predicting.tei.xml"", ""data/raw/papers/DataCite_2022_PredictingTheEffectsOf_10_1111_gcb_1638/README.txt"", ""data/raw/papers/DataCite_2022_PredictingTheEffectsOf_10_1111_gcb_1638/Bathypathes.csv"", ""data/raw/papers/DataCite_2022_PredictingTheEffectsOf_10_1111_gcb_1638/Corallium.csv"", ""wiki/datasets/fiches_datasets/paper_coral_stylaster.md"", ""data/final_datasets/sf/paper_coral_stylaster.rds""]";"babdc7cb1feb3d37714283069f2ee4120de0249556d6db615c33208b2cab7b8c";"1c3a29890a1e3c618abc2ea10f3379c100e0c86eb1cab6e39080e53097d21504"
"paper_covid_sociodemographic_risk";"wiki/datasets/fiches_datasets/paper_covid_sociodemographic_risk.md";"true";"ready";"ready";"yes";"yes";"true";"true";"death_rate_per_100k ~ RPL_THEME1 + RPL_THEME2 + RPL_THEME3 + RPL_THEME4 + pct_voted_biden_2020 + vaccination_pct_apr2022 + population_density + Obesity + Unemployed + Uninsured_Adults + Associations + Diabetes + Food_Insecurity + broadband_access + Age_over_65";"death_rate_per_100k ~ RPL_THEME1 + RPL_THEME2 + RPL_THEME3 + RPL_THEME4 + pct_voted_biden_2020 + vaccination_pct_apr2022 + population_density + Obesity + Unemployed + Uninsured_Adults + Associations + Diabetes + Food_Insecurity + broadband_access + Age_over_65";"death_rate_per_100k ~ RPL_THEME1 + RPL_THEME2 + RPL_THEME3 + RPL_THEME4 + pct_voted_biden_2020 + vaccination_pct_apr2022 + population_density + Obesity + Unemployed + Uninsured_Adults + Associations + Diabetes + Food_Insecurity + broadband_access + Age_over_65 [approche 1 : regression multilineaire de Poisson par region HHS + niveau national (10 modeles) ; approche 2 : Geographically Weighted Random Forest (GWRF), technique novatrice du papier, ajustee separement pour 3 vagues pandemiques (Alpha/Delta/Omicron)]";"death_rate_per_100k ~ RPL_THEME1 + RPL_THEME2 + RPL_THEME3 + RPL_THEME4 + pct_voted_biden_2020 + vaccination_pct_apr2022 + population_density + Obesity + Unemployed + Uninsured_Adults + Associations + Diabetes + Food_Insecurity + broadband_access + Age_over_65 [approche 1 : regression multilineaire de Poisson par region HHS + niveau national (10 modeles) ; approche 2 : Geographically Weighted Random Forest (GWRF), technique novatrice du papier, ajustee separement pour 3 vagues pandemiques (Alpha/Delta/Omicron)]";"pub";"paper_extracted";"[""continuous""]";"[""continuous""]";"[]";"0";"0";"[""Geographic context"", ""Selected Y typology"", ""Selected Y evidence""]";"Typologie de la reponse selectionnee : continuous. Ligne Detail Y correspondant a formula_used; les autres reponses candidates ne pilotent pas cette tache.

Provenance des corrections : audit du 2026-09-07, inspection du RDS et sources indiquees dans cette fiche. Regeneration : code/r_catalog/dataset_curation.py et dataset_curation_overrides.json.";"valid";"[]";"data/final_datasets/sf/paper_covid_sociodemographic_risk.rds";"3068";"loaded";"";"[]";"false";"[""data/final_datasets/sf/paper_covid_sociodemographic_risk.rds"", ""corpus/papers/raw_pdf/Spatial_Modeling_of_Sociodemographic_Risk_for_COVID_19_Mortality_W4385269757.pdf"", ""corpus/papers/tei/Spatial_Modeling_of_Sociodemographic_Risk_for_COVID_19_Mortality_W4385269757.tei.xml"", ""data/raw/papers/DatasetFirst_10_5061_dryad_4j0zpc8j1/README.md"", ""data/raw/papers/DatasetFirst_10_5061_dryad_4j0zpc8j1/extracted/county_covid_sociodemographic_risk.csv"", ""data/raw/papers/DatasetFirst_10_5061_dryad_4j0zpc8j1/build_county_covid_table.py"", ""wiki/datasets/fiches_datasets/paper_covid_sociodemographic_risk.md"", ""data/final_datasets/sf/paper_covid_sociodemographic_risk.rds""]";"555f0335e202d54fa7b76ef219c0d641a66ac996209d95dca312f568441d6fde";"40df78e21480c9a84ff1e1c327c92b5baf0db2712c6bf44f7b1ff62a06f3043a"
"paper_crane";"wiki/datasets/fiches_datasets/paper_crane.md";"true";"not_ready_current_package";"not_ready_current_package";"no";"no";"false";"false";"mark ~ ti + Urb_Den_cov + PA_Ratio_cov + Area_cov";"mark ~ ti + Urb_Den_cov + PA_Ratio_cov + Area_cov";"pending";"pending";"pub";"unavailable";"[""binary""]";"[""binary""]";"[]";"0";"0";"[""Selected Y typology"", ""Selected Y evidence""]";"Typologie de la reponse selectionnee : binary. Ligne Detail Y correspondant a formula_used; les autres reponses candidates ne pilotent pas cette tache.

Provenance des corrections : audit du 2026-09-07, inspection du RDS et sources indiquees dans cette fiche. Regeneration : code/r_catalog/dataset_curation.py et dataset_curation_overrides.json.";"valid";"[]";"data/final_datasets/sf/paper_crane.rds";"12630";"not_promoted";"Reponse binaire et structure temporelle.";"[""package_include_not_yes"", ""benchmark_status_not_ready"", ""current_package_regression_only"", ""formula_evidence_unavailable""]";"false";"[""data/final_datasets/sf/paper_crane.rds"", ""corpus/papers/raw_pdf/Laxton2022Balancing.pdf"", ""corpus/papers/raw_pdf/Laxton_2023_StructuralComplexityEcologicalInsightSpatioTemporalSDM.pdf"", ""corpus/papers/tei/Laxton2022Balancing.tei.xml"", ""corpus/papers/tei/Laxton_2023_StructuralComplexityEcologicalInsightSpatioTemporalSDM.tei.xml"", ""data/raw/papers/DataCite_2022_BalancingStructuralComplexityWith_10_1111_2041_210/_extracted/README.txt"", ""data/raw/papers/DataCite_2022_BalancingStructuralComplexityWith_10_1111_2041_210/_extracted/transformed-crane-data.csv"", ""wiki/datasets/fiches_datasets/paper_crane.md"", ""data/final_datasets/sf/paper_crane.rds""]";"838c889f7c1711de83d031743bff2a7a18ffcefb9839b0567cdbd388cd2da4a3";"912c1b165a82396a44307296bb0cb2000ae137453bb26bed37a25c9fb15349a8"
"paper_danajon_coral_distribution";"wiki/datasets/fiches_datasets/paper_danajon_coral_distribution.md";"true";"ready";"manual_review";"yes";"manual_review";"false";"false";"is_coral ~ Geomorphic + Location + Map + reclass + area_m2";"is_coral ~ Geomorphic + Location + Map + reclass + area_m2";"P(coral) ~ multiple_stressors (pression de peche, distance au marche, population humaine) + geomorphologie + zone ecologique [le papier etudie l'influence de facteurs de stress multiples (pression de peche, acces au marche, demographie des barangays) sur la distribution spatiale des coraux dans le Danajon Bank, a partir d'une carte d'habitat combinant teledetection et cartographie participative (connaissance ecologique locale)]";"P(coral) ~ multiple_stressors (pression de peche, distance au marche, population humaine) + geomorphologie + zone ecologique [le papier etudie l'influence de facteurs de stress multiples (pression de peche, acces au marche, demographie des barangays) sur la distribution spatiale des coraux dans le Danajon Bank, a partir d'une carte d'habitat combinant teledetection et cartographie participative (connaissance ecologique locale)]";"pub";"paper_extracted";"[""binary""]";"[""binary""]";"[]";"0";"0";"[""Geographic context"", ""Selected Y typology"", ""Selected Y evidence""]";"Decision conservatoire : Tache binary a documenter par reponse et estimateur; aucune selection automatique de familles gaussiennes. Ligne Detail Y correspondant a formula_used; les autres reponses candidates ne pilotent pas cette tache. La fiche et les donnees sont conservees ; aucune suppression ni promotion.

Typologie de la reponse selectionnee : binary. Ligne Detail Y correspondant a formula_used; les autres reponses candidates ne pilotent pas cette tache.

Provenance des corrections : audit du 2026-09-07, inspection du RDS et sources indiquees dans cette fiche. Regeneration : code/r_catalog/dataset_curation.py et dataset_curation_overrides.json.";"valid";"[]";"data/final_datasets/sf/paper_danajon_coral_distribution.rds";"29512";"not_promoted";"Tache binary a documenter par reponse et estimateur; aucune selection automatique de familles gaussiennes. Ligne Detail Y correspondant a formula_used; les autres reponses candidates ne pilotent pas cette tache.";"[""package_include_not_yes"", ""benchmark_status_not_ready""]";"false";"[""data/final_datasets/sf/paper_danajon_coral_distribution.rds"", ""data/raw/papers/DatasetFirst_10_5061_dryad_z34tmpgpt/gis_variables_2025.csv"", ""data/raw/papers/DatasetFirst_10_5061_dryad_z34tmpgpt/barangay_demographics_20131127_FINAL.csv"", ""data/raw/papers/DatasetFirst_10_5061_dryad_z34tmpgpt/barangay_distance_market_20131107.csv"", ""wiki/datasets/fiches_datasets/paper_danajon_coral_distribution.md"", ""data/final_datasets/sf/paper_danajon_coral_distribution.rds""]";"6eadef243f51372275020f4fabbcdb49e378b109ed6cb04697397f5642c28abc";"2c4fdc626a2978cf5c9a0ab3d778b48564a743d42559e5d0edd5c1e96df118d8"
"paper_desert_tortoise_genotype_niche";"wiki/datasets/fiches_datasets/paper_desert_tortoise_genotype_niche.md";"true";"not_ready_derived_response";"not_ready_main_benchmark";"no";"no";"false";"false";"pending";"pending";"GenAssociation ~ CLIM1 + CLIM3 + LC + PHYS1 + PHYS2 + SOIL2 + SOIL3 + VEG1 + VEG3 [surface de sortie du modele de niche local original, pas une regression brute]";"GenAssociation ~ CLIM1 + CLIM3 + LC + PHYS1 + PHYS2 + SOIL2 + SOIL3 + VEG1 + VEG3 [surface de sortie du modele de niche local original, pas une regression brute]";"pub";"unavailable";"[""rate""]";"[""rate""]";"[]";"0";"0";"[""Topic""]";"Decision conservatoire : retrouver les points d'echantillonnage genotype bruts (non fournis dans le depot Dryad, uniquement des surfaces .asc deja modelisees) Maintenir hors benchmark empirique; conserver la fiche et orienter une reconstruction distincte vers les observations sources. La fiche et les donnees sont conservees ; aucune suppression ni promotion.

Provenance des corrections : audit du 2026-09-07, inspection du RDS et sources indiquees dans cette fiche. Regeneration : code/r_catalog/dataset_curation.py et dataset_curation_overrides.json.";"unavailable";"[]";"data/final_datasets/sf/paper_desert_tortoise_genotype_niche.rds";"1147";"not_promoted";"retrouver les points d'echantillonnage genotype bruts (non fournis dans le depot Dryad, uniquement des surfaces .asc deja modelisees) Maintenir hors benchmark empirique; conserver la fiche et orienter une reconstruction distincte vers les observations sources.";"[""package_include_not_yes"", ""benchmark_status_not_ready"", ""formula_used_missing_or_pending"", ""response_missing"", ""predictors_missing"", ""formula_evidence_unavailable""]";"true";"[""data/final_datasets/sf/paper_desert_tortoise_genotype_niche.rds"", ""corpus/papers/raw_pdf/Inman2019Local.pdf"", ""corpus/papers/tei/Inman2019Local.tei.xml"", ""data/raw/papers/DataCite_2019_LocalNicheDifferencesPredict_10_1111_ddi_1292"", ""wiki/datasets/fiches_datasets/paper_desert_tortoise_genotype_niche.md"", ""data/final_datasets/sf/paper_desert_tortoise_genotype_niche.rds""]";"4f35ba2b87b13e4752e2aba8b6e595be62d071161792973c65d194dfbb1ebf45";"f39f852201307369f6ed5db751771880a29e10bb5dc273e18dc6286100406bcf"
"paper_dougfir_sdm";"wiki/datasets/fiches_datasets/paper_dougfir_sdm.md";"true";"ready";"manual_review";"yes";"manual_review";"false";"false";"PRES ~ PC1 + PC2 + PC3 + PC4 + PC5 + PC6";"PRES ~ PC1 + PC2 + PC3 + PC4 + PC5 + PC6";"PRES ~ PC1 + PC2 + PC3 + PC4 + PC5 + PC6 [modele de distribution d'espece (SDM) : GLM binomial stepwise (lineaire et quadratique) et Random Forest sur les composantes principales climatiques, compares sous differentes strategies de validation croisee (aleatoire, par blocs spatiaux, par blocs environnementaux)]";"PRES ~ PC1 + PC2 + PC3 + PC4 + PC5 + PC6 [modele de distribution d'espece (SDM) : GLM binomial stepwise (lineaire et quadratique) et Random Forest sur les composantes principales climatiques, compares sous differentes strategies de validation croisee (aleatoire, par blocs spatiaux, par blocs environnementaux)]";"pub";"paper_extracted";"[""binary""]";"[""binary""]";"[]";"0";"0";"[""Geographic context"", ""Selected Y typology"", ""Selected Y evidence""]";"Decision conservatoire : Tache binary a documenter par reponse et estimateur; aucune selection automatique de familles gaussiennes. Ligne Detail Y correspondant a formula_used; les autres reponses candidates ne pilotent pas cette tache. La fiche et les donnees sont conservees ; aucune suppression ni promotion.

Typologie de la reponse selectionnee : binary. Ligne Detail Y correspondant a formula_used; les autres reponses candidates ne pilotent pas cette tache.

Provenance des corrections : audit du 2026-09-07, inspection du RDS et sources indiquees dans cette fiche. Regeneration : code/r_catalog/dataset_curation.py et dataset_curation_overrides.json.";"valid";"[]";"data/final_datasets/sf/paper_dougfir_sdm.rds";"53293";"not_promoted";"Tache binary a documenter par reponse et estimateur; aucune selection automatique de familles gaussiennes. Ligne Detail Y correspondant a formula_used; les autres reponses candidates ne pilotent pas cette tache.";"[""package_include_not_yes"", ""benchmark_status_not_ready""]";"false";"[""data/final_datasets/sf/paper_dougfir_sdm.rds"", ""corpus/papers/raw_pdf/Cross_validation_strategies_for_data_with_temporal_spatial_hierarchical_or_phylo_W2560136348.pdf"", ""corpus/papers/tei/Cross_validation_strategies_for_data_with_temporal_spatial_hierarchical_or_phylo_W2560136348.tei.xml"", ""data/raw/papers/DatasetFirst_10_5061_dryad_737gk"", ""wiki/datasets/fiches_datasets/paper_dougfir_sdm.md"", ""data/final_datasets/sf/paper_dougfir_sdm.rds""]";"6476a1152b72f9385875b09450c05b1d9339cf43e6108a348524eef440c374fd";"b26fa080d0dd9635a63bebef8ef4f0d10db5927f7adcf0d01df573bc7bc2ce98"
"paper_dragonfly_colour_lightness";"wiki/datasets/fiches_datasets/paper_dragonfly_colour_lightness.md";"true";"ready";"ready";"yes";"yes";"true";"true";"meanRGB ~ bio1_mean + bio4_mean + bio10_mean + bio12_mean + bio18_mean + alt_mean";"meanRGB ~ bio1_mean + bio4_mean + bio10_mean + bio12_mean + bio18_mean + alt_mean";"meanRGB ~ bio1_mean + bio4_mean + bio10_mean + bio12_mean + bio18_mean + alt_mean [Modeles a erreur autoregressive (SEM) pour corriger l'autocorrelation spatiale ; regressions ajustees separement par continent (Amerique du Nord / Europe)]";"meanRGB ~ bio1_mean + bio4_mean + bio10_mean + bio12_mean + bio18_mean + alt_mean [Modeles a erreur autoregressive (SEM) pour corriger l'autocorrelation spatiale ; regressions ajustees separement par continent (Amerique du Nord / Europe)]";"pub";"paper_extracted";"[""continuous""]";"[""continuous""]";"[]";"0";"0";"[""Geographic context"", ""Selected Y typology"", ""Selected Y evidence""]";"Typologie de la reponse selectionnee : continuous. Ligne Detail Y correspondant a formula_used; les autres reponses candidates ne pilotent pas cette tache.

Provenance des corrections : audit du 2026-09-07, inspection du RDS et sources indiquees dans cette fiche. Regeneration : code/r_catalog/dataset_curation.py et dataset_curation_overrides.json.";"valid";"[]";"data/final_datasets/sf/paper_dragonfly_colour_lightness.rds";"9966";"loaded";"";"[]";"false";"[""data/final_datasets/sf/paper_dragonfly_colour_lightness.rds"", ""corpus/papers/raw_pdf/Colour_lightness_of_dragonfly_assemblages_across_North_America_and_Europe_W2515393316.pdf"", ""corpus/papers/tei/Colour_lightness_of_dragonfly_assemblages_across_North_America_and_Europe_W2515393316.tei.xml"", ""data/raw/papers/DatasetFirst_10_5061_dryad_72tp3"", ""wiki/datasets/fiches_datasets/paper_dragonfly_colour_lightness.md"", ""data/final_datasets/sf/paper_dragonfly_colour_lightness.rds""]";"4fdfdefce1d9e08230c27bf4e4afa59e170d8b0bba90296e325cf7e18a27b04b";"234492d099cc7b16a48ca94ecee8a3736b87f16d8fa0ffd735e77edeca52578b"
"paper_dragonfly_diversity_europe";"wiki/datasets/fiches_datasets/paper_dragonfly_diversity_europe.md";"true";"ready";"manual_review";"yes";"manual_review";"true";"false";"sp_rich ~ center_lat + prop_lelo + iso.LGM";"sp_rich ~ center_lat + prop_lelo + iso.LGM";"diversity_measure ~ latitude (broken-line/piecewise) + prop_lelo + iso.LGM [Pinkert, Dijkstra, Zeuss, Reudenbach, Brandl & Hof (2017), Ecography 40, doi:10.1111/ecog.03137, 'Evolutionary processes, dispersal limitation and climatic history shape current diversity patterns of European dragonflies'. Abstract confirme (WebFetch, session 2026-08-16) : le papier teste si endemisme/diversite phylogenetique sont structures par 1) conservatisme phylogenetique des adaptations thermiques et 2) differences de capacite de recolonisation post-glaciaire entre especes lotiques/lentiques -- via regression par segments (broken-line) le long de la latitude ; variables explicites confirmees : latitude, proportion d'especes lentiques, statut de glaciation historique (LGM). Le texte integral (variables bioclimatiques exactes des modeles) reste hors de portee -- resume/abstract uniquement]";"diversity_measure ~ latitude (broken-line/piecewise) + prop_lelo + iso.LGM [Pinkert, Dijkstra, Zeuss, Reudenbach, Brandl & Hof (2017), Ecography 40, doi:10.1111/ecog.03137, 'Evolutionary processes, dispersal limitation and climatic history shape current diversity patterns of European dragonflies'. Abstract confirme (WebFetch, session 2026-08-16) : le papier teste si endemisme/diversite phylogenetique sont structures par 1) conservatisme phylogenetique des adaptations thermiques et 2) differences de capacite de recolonisation post-glaciaire entre especes lotiques/lentiques -- via regression par segments (broken-line) le long de la latitude ; variables explicites confirmees : latitude, proportion d'especes lentiques, statut de glaciation historique (LGM). Le texte integral (variables bioclimatiques exactes des modeles) reste hors de portee -- resume/abstract uniquement]";"pub";"paper_extracted";"[""count""]";"[""count""]";"[]";"0";"0";"[""Geographic context"", ""Selected Y typology"", ""Selected Y evidence""]";"Decision conservatoire : Tache count a documenter par reponse et estimateur; aucune selection automatique de familles gaussiennes. Ligne Detail Y correspondant a formula_used; les autres reponses candidates ne pilotent pas cette tache. La fiche et les donnees sont conservees ; aucune suppression ni promotion.

Typologie de la reponse selectionnee : count. Ligne Detail Y correspondant a formula_used; les autres reponses candidates ne pilotent pas cette tache.

Provenance des corrections : audit du 2026-09-07, inspection du RDS et sources indiquees dans cette fiche. Regeneration : code/r_catalog/dataset_curation.py et dataset_curation_overrides.json.";"valid";"[]";"data/final_datasets/sf/paper_dragonfly_diversity_europe.rds";"4192";"not_promoted";"Tache count a documenter par reponse et estimateur; aucune selection automatique de familles gaussiennes. Ligne Detail Y correspondant a formula_used; les autres reponses candidates ne pilotent pas cette tache.";"[""package_include_not_yes"", ""benchmark_status_not_ready""]";"false";"[""data/final_datasets/sf/paper_dragonfly_diversity_europe.rds"", ""data/raw/papers/DatasetFirst_10_5061_dryad_78j8g/extracted/Assemblage-level_data_-_ECOG03137_Pinkert_et_al_2017.csv"", ""wiki/datasets/fiches_datasets/paper_dragonfly_diversity_europe.md"", ""data/final_datasets/sf/paper_dragonfly_diversity_europe.rds""]";"44c636635c4d73739346a69953cdc8061ff3a854a98667c3caa34dfdb7a2a161";"2a7ce296d3afb29acd5ffc6032cfaa302f172ccc27d2c2ea00e5f0ab03e39ba5"
"paper_early_season_biomass";"wiki/datasets/fiches_datasets/paper_early_season_biomass.md";"true";"ready";"ready_panel_reduction";"yes";"manual_review";"true";"false";"late_bm_kg_ha ~ early_bm_kg_ha + CGDD_plant_early_term + CGDD_early_late_term + mean_PAR + cuml_precip_plant_early_term + cuml_precip_early_late_term";"late_bm_kg_ha ~ early_bm_kg_ha + CGDD_plant_early_term + CGDD_early_late_term + mean_PAR + cuml_precip_plant_early_term + cuml_precip_early_late_term";"late_bm_kg_ha ~ early_bm_kg_ha + CGDD_plant_early_term + CGDD_early_late_term + mean_PAR + cuml_precip_plant_early_term + cuml_precip_early_late_term";"late_bm_kg_ha ~ early_bm_kg_ha + CGDD_plant_early_term + CGDD_early_late_term + mean_PAR + cuml_precip_plant_early_term + cuml_precip_early_late_term";"pub";"pub";"[""continuous""]";"[""continuous""]";"[]";"0";"0";"[""Selected Y typology"", ""Selected Y evidence"", ""Recommended validation""]";"Decision conservatoire : N lignes=512; T declare=33; variable temporelle declaree=plant_date; repetitions de coordonnees controlees=494. Grouper les observations du meme site/immeuble/individu dans un seul fold, et respecter la chronologie si l’objectif est prospectif. Le split aleatoire par ligne n’est pas valide sans justification. La fiche et les donnees sont conservees ; aucune suppression ni promotion.

Typologie de la reponse selectionnee : continuous. Ligne Detail Y correspondant a formula_used; les autres reponses candidates ne pilotent pas cette tache.

Provenance des corrections : audit du 2026-09-07, inspection du RDS et sources indiquees dans cette fiche. Regeneration : code/r_catalog/dataset_curation.py et dataset_curation_overrides.json.";"valid";"[]";"data/final_datasets/sf/paper_early_season_biomass.rds";"512";"not_promoted";"N lignes=512; T declare=33; variable temporelle declaree=plant_date; repetitions de coordonnees controlees=494. Grouper les observations du meme site/immeuble/individu dans un seul fold, et respecter la chronologie si l’objectif est prospectif. Le split aleatoire par ligne n’est pas valide sans justification.";"[""package_include_not_yes"", ""benchmark_status_not_ready""]";"false";"[""data/final_datasets/sf/paper_early_season_biomass.rds"", ""corpus/papers/raw_pdf/Huddell2024Earlyseason.pdf"", ""corpus/papers/tei/Huddell2024Earlyseason.tei.xml"", ""data/raw/papers/DataCite_2024_EarlySeasonBiomassAnd_10_1002_ael2_201/extracted/data_dictionary.csv"", ""data/raw/papers/DataCite_2024_EarlySeasonBiomassAnd_10_1002_ael2_201/extracted/README.md"", ""data/raw/papers/DataCite_2024_EarlySeasonBiomassAnd_10_1002_ael2_201/extracted/experimental_and_weather_data.csv"", ""data/raw/papers/DataCite_2024_EarlySeasonBiomassAnd_10_1002_ael2_201/extracted/experimental_data.csv"", ""wiki/datasets/fiches_datasets/paper_early_season_biomass.md"", ""data/final_datasets/sf/paper_early_season_biomass.rds""]";"33c9f355f27597a19f2de0ccf4065a9eb0e6c400fa12dc774da306bd4f655c7e";"ffe554ca6032ef91cbcd09622a27f0e4896abbab9c8acb9842f29fb4fe171acc"
"paper_eberg";"wiki/datasets/fiches_datasets/paper_eberg.md";"true";"not_ready_current_package";"not_ready_current_package";"no";"no";"false";"false";"TAXGRSC ~ UHDICM_A + LHDICM_A + SNDMHT_A + SLTMHT_A + CLYMHT_A + UHDICM_B + LHDICM_B + SNDMHT_B + SLTMHT_B + CLYMHT_B + UHDICM_C + LHDICM_C + ... (13 covariables au total, voir Candidate X variables)";"TAXGRSC ~ UHDICM_A + LHDICM_A + SNDMHT_A + SLTMHT_A + CLYMHT_A + UHDICM_B + LHDICM_B + SNDMHT_B + SLTMHT_B + CLYMHT_B + UHDICM_C + LHDICM_C + SNDMHT_C + SLTMHT_C + CLYMHT_C + UHDICM_D + LHDICM_D + SNDMHT_D + SLTMHT_D + CLYMHT_D + UHDICM_E + LHDICM_E + SNDMHT_E + SLTMHT_E + CLYMHT_E";"pending";"pending";"pub";"generated_system_formula";"[""categorical""]";"[""categorical""]";"[]";"0";"0";"[""Selected Y typology"", ""Selected Y evidence"", ""benchmark_task_note"", ""x_terms_used"", ""y_term_used"", ""Formula used evidence"", ""formula_used""]";"La formule systeme enumere les 25 covariables deja declarees dans Candidate X variables et presentes dans le RDS. L’ancienne ellipse etait un defaut du rendu; cette liste demeure une proposition systeme, sans preuve de specification publiee et sans promotion. Sa pertinence scientifique reste en revue.

Typologie de la reponse selectionnee : categorical. TAXGRSC code plusieurs classes pedologiques.

Provenance des corrections : audit du 2026-09-07, inspection du RDS et sources indiquees dans cette fiche. Regeneration : code/r_catalog/dataset_curation.py et dataset_curation_overrides.json.";"valid";"[]";"data/final_datasets/sf/paper_eberg.rds";"3670";"not_promoted";"Dataset pedologique principalement categoriel; la formule systeme actuelle ne reproduit pas la methode du papier.";"[""package_include_not_yes"", ""benchmark_status_not_ready"", ""current_package_regression_only"", ""selected_response_typology_unresolved""]";"false";"[""data/final_datasets/sf/paper_eberg.rds"", ""corpus/papers/raw_pdf/Moller_2020_OGC.pdf"", ""corpus/papers/tei/Moller_2020_OGC.tei.xml"", ""data/raw/papers/Moller_2020_OGC_eberg"", ""data/raw/papers/Moller_2020_OGC_swiss_rainfall"", ""data/raw/papers/Moller_2020_OGC_vindum"", ""wiki/datasets/fiches_datasets/paper_eberg.md"", ""data/final_datasets/sf/paper_eberg.rds""]";"824d27af3691ff5866b9517dd101476f41ea473023e7b3da2fca3e19a0eded21";"ea439ec6d68851f82cd1b009fb45de11fd4a8e7d256c34e7feb354087ccba233"
"paper_ethiopia_bushcrow_sdm";"wiki/datasets/fiches_datasets/paper_ethiopia_bushcrow_sdm.md";"true";"ready";"manual_review";"yes";"manual_review";"false";"false";"pa ~ max_temp_warmest_month + temp_seasonality + temp_annual_range + precip_wettest_quarter + precip_driest_quarter";"pa ~ max_temp_warmest_month + temp_seasonality + temp_annual_range + precip_wettest_quarter + precip_driest_quarter";"pa ~ max_temp_warmest_month + temp_seasonality + temp_annual_range + precip_wettest_quarter + precip_driest_quarter [BRT, meilleur modele pour le bush-crow d'apres l'etude anterieure citee]";"pa ~ max_temp_warmest_month + temp_seasonality + temp_annual_range + precip_wettest_quarter + precip_driest_quarter [BRT, meilleur modele pour le bush-crow d'apres l'etude anterieure citee]";"pub";"paper_extracted";"[""binary""]";"[""binary""]";"[]";"0";"0";"[""Topic"", ""Selected Y typology"", ""Selected Y evidence""]";"Decision conservatoire : Tache binary a documenter par reponse et estimateur; aucune selection automatique de familles gaussiennes. Ligne Detail Y correspondant a formula_used; les autres reponses candidates ne pilotent pas cette tache. La fiche et les donnees sont conservees ; aucune suppression ni promotion.

Typologie de la reponse selectionnee : binary. Ligne Detail Y correspondant a formula_used; les autres reponses candidates ne pilotent pas cette tache.

Provenance des corrections : audit du 2026-09-07, inspection du RDS et sources indiquees dans cette fiche. Regeneration : code/r_catalog/dataset_curation.py et dataset_curation_overrides.json.";"valid";"[]";"data/final_datasets/sf/paper_ethiopia_bushcrow_sdm.rds";"4826";"not_promoted";"Tache binary a documenter par reponse et estimateur; aucune selection automatique de familles gaussiennes. Ligne Detail Y correspondant a formula_used; les autres reponses candidates ne pilotent pas cette tache.";"[""package_include_not_yes"", ""benchmark_status_not_ready""]";"false";"[""data/final_datasets/sf/paper_ethiopia_bushcrow_sdm.rds"", ""corpus/papers/raw_pdf/Bladon2021Climatic.pdf"", ""corpus/papers/tei/Bladon2021Climatic.tei.xml"", ""data/raw/papers/DataCite_2021_ClimaticChangeAndExtinction_10_1371_journal_"", ""wiki/datasets/fiches_datasets/paper_ethiopia_bushcrow_sdm.md"", ""data/final_datasets/sf/paper_ethiopia_bushcrow_sdm.rds""]";"5cf6866afac5dee971ae1b0a3f9a46355d512b76b721504e30a0c28bf63f39b1";"623fba5fc1fc2fa87dcd29a265fb9c07a67c191101036a19f801fe5adf517c92"
"paper_ethiopia_clusters";"wiki/datasets/fiches_datasets/paper_ethiopia_clusters.md";"true";"not_ready_derived_clusters";"not_ready_main_benchmark";"no";"no";"false";"false";"RR ~ radius_km + population + LLR + p_value";"RR ~ radius_km + population + LLR + p_value";"pending";"pending";"pub";"unavailable";"[""continuous""]";"[""continuous""]";"[]";"0";"0";"[""Selected Y typology"", ""Selected Y evidence""]";"Decision conservatoire : retrouver le jeu DHS/GWR original ou rester hors benchmark Maintenir hors benchmark empirique; conserver la fiche et orienter une reconstruction distincte vers les observations sources. La fiche et les donnees sont conservees ; aucune suppression ni promotion.

Typologie de la reponse selectionnee : continuous. Ligne Detail Y correspondant a formula_used; les autres reponses candidates ne pilotent pas cette tache.

Provenance des corrections : audit du 2026-09-07, inspection du RDS et sources indiquees dans cette fiche. Regeneration : code/r_catalog/dataset_curation.py et dataset_curation_overrides.json.";"valid";"[]";"data/final_datasets/sf/paper_ethiopia_clusters.rds";"7";"not_promoted";"retrouver le jeu DHS/GWR original ou rester hors benchmark Maintenir hors benchmark empirique; conserver la fiche et orienter une reconstruction distincte vers les observations sources.";"[""package_include_not_yes"", ""benchmark_status_not_ready"", ""formula_evidence_unavailable""]";"true";"[""data/final_datasets/sf/paper_ethiopia_clusters.rds"", ""corpus/papers/raw_pdf/Seboka2022Spatial.pdf"", ""corpus/papers/raw_pdf/Spatial trends and projections of chronic malnutrition among children under 5 years of age in Ethiopia from 2011 to 2019 a geographically weighted regression analysis.pdf"", ""corpus/papers/tei/Seboka2022Spatial.tei.xml"", ""data/raw/papers/DataCite_2022_SpatialTrendsAndProjections_10_1186_s41043_0/ethiopia_stunting_clusters.csv"", ""wiki/datasets/fiches_datasets/paper_ethiopia_clusters.md"", ""data/final_datasets/sf/paper_ethiopia_clusters.rds""]";"5c3aca8cffc226a2ab898842347aae4474571827bd42e1fbbd25c1c7f00d3d11";"38a122dd42ba9c31ce159a21598e2822bb08a35db6a5f7a3f66c8156107e8430"
"paper_ethiopia_whitetailed_swallow_sdm";"wiki/datasets/fiches_datasets/paper_ethiopia_whitetailed_swallow_sdm.md";"true";"ready";"manual_review";"yes";"manual_review";"false";"false";"pa ~ max_temp_warmest_month + temp_seasonality + temp_annual_range + precip_wettest_quarter + precip_driest_quarter";"pa ~ max_temp_warmest_month + temp_seasonality + temp_annual_range + precip_wettest_quarter + precip_driest_quarter";"pa ~ max_temp_warmest_month + temp_seasonality + temp_annual_range + precip_wettest_quarter + precip_driest_quarter [MaxEnt/GLM/GAM]";"pa ~ max_temp_warmest_month + temp_seasonality + temp_annual_range + precip_wettest_quarter + precip_driest_quarter [MaxEnt/GLM/GAM]";"pub";"paper_extracted";"[""binary""]";"[""binary""]";"[]";"0";"0";"[""Topic"", ""Selected Y typology"", ""Selected Y evidence""]";"Decision conservatoire : Tache binary a documenter par reponse et estimateur; aucune selection automatique de familles gaussiennes. Ligne Detail Y correspondant a formula_used; les autres reponses candidates ne pilotent pas cette tache. La fiche et les donnees sont conservees ; aucune suppression ni promotion.

Typologie de la reponse selectionnee : binary. Ligne Detail Y correspondant a formula_used; les autres reponses candidates ne pilotent pas cette tache.

Provenance des corrections : audit du 2026-09-07, inspection du RDS et sources indiquees dans cette fiche. Regeneration : code/r_catalog/dataset_curation.py et dataset_curation_overrides.json.";"valid";"[]";"data/final_datasets/sf/paper_ethiopia_whitetailed_swallow_sdm.rds";"810";"not_promoted";"Tache binary a documenter par reponse et estimateur; aucune selection automatique de familles gaussiennes. Ligne Detail Y correspondant a formula_used; les autres reponses candidates ne pilotent pas cette tache.";"[""package_include_not_yes"", ""benchmark_status_not_ready""]";"false";"[""data/final_datasets/sf/paper_ethiopia_whitetailed_swallow_sdm.rds"", ""corpus/papers/raw_pdf/Bladon2021Climatic.pdf"", ""corpus/papers/tei/Bladon2021Climatic.tei.xml"", ""data/raw/papers/DataCite_2021_ClimaticChangeAndExtinction_10_1371_journal_"", ""wiki/datasets/fiches_datasets/paper_ethiopia_whitetailed_swallow_sdm.md"", ""data/final_datasets/sf/paper_ethiopia_whitetailed_swallow_sdm.rds""]";"aa2d912c94e60f81f2d12810c00c955513ffe0440531af99b12cce1730dee238";"38f6d251ad482ada4901c8372138f72b0bed83b1020e502216ea92be5387afa6"
"paper_fhb_ensembling";"wiki/datasets/fiches_datasets/paper_fhb_ensembling.md";"true";"ready";"ready_panel_reduction";"yes";"manual_review";"true";"false";"S ~ resist + wc + corn + type";"S ~ resist + wc + corn + type";"Class ~ resist + wc + [sous-ensemble de variables meteo, variable selon le modele] [39 modeles de regression logistique de base (M1-M39), issus de 4 papiers anterieurs (DeWolf 2003, Shah 2013/2014/2019) + 20 nouveaux modeles, ensembles via vote souple, moyenne ponderee, et stacking (ridge/lasso/elastic-net) -- le papier evalue l'ensembling de modeles simples mais fortement correles]";"Class ~ resist + wc + [sous-ensemble de variables meteo, variable selon le modele] [39 modeles de regression logistique de base (M1-M39), issus de 4 papiers anterieurs (DeWolf 2003, Shah 2013/2014/2019) + 20 nouveaux modeles, ensembles via vote souple, moyenne ponderee, et stacking (ridge/lasso/elastic-net) -- le papier evalue l'ensembling de modeles simples mais fortement correles]";"pub";"paper_extracted";"[""continuous"", ""categorical""]";"[""continuous""]";"[]";"0";"0";"[""Geographic context"", ""Selected Y typology"", ""Selected Y evidence"", ""Recommended validation""]";"Decision conservatoire : N lignes=985; T declare=32; variable temporelle declaree=year; repetitions de coordonnees controlees=919. Grouper les observations du meme site/immeuble/individu dans un seul fold, et respecter la chronologie si l’objectif est prospectif. Le split aleatoire par ligne n’est pas valide sans justification. La fiche et les donnees sont conservees ; aucune suppression ni promotion.

Typologie de la reponse selectionnee : continuous. Ligne Detail Y correspondant a formula_used; les autres reponses candidates ne pilotent pas cette tache.

Provenance des corrections : audit du 2026-09-07, inspection du RDS et sources indiquees dans cette fiche. Regeneration : code/r_catalog/dataset_curation.py et dataset_curation_overrides.json.";"valid";"[]";"data/final_datasets/sf/paper_fhb_ensembling.rds";"985";"not_promoted";"N lignes=985; T declare=32; variable temporelle declaree=year; repetitions de coordonnees controlees=919. Grouper les observations du meme site/immeuble/individu dans un seul fold, et respecter la chronologie si l’objectif est prospectif. Le split aleatoire par ligne n’est pas valide sans justification.";"[""package_include_not_yes"", ""benchmark_status_not_ready""]";"false";"[""data/final_datasets/sf/paper_fhb_ensembling.rds"", ""corpus/papers/raw_pdf/Accuracy_in_the_prediction_of_disease_epidemics_when_ensembling_simple_but_highl_W3136686952.pdf"", ""corpus/papers/raw_pdf/Predicting_Fusarium_Head_Blight_Epidemics_With_Weather_Driven_Pre_and_Post_Anthe_W2132383899.pdf"", ""corpus/papers/tei/Accuracy_in_the_prediction_of_disease_epidemics_when_ensembling_simple_but_highl_W3136686952.tei.xml"", ""corpus/papers/tei/Predicting_Fusarium_Head_Blight_Epidemics_With_Weather_Driven_Pre_and_Post_Anthe_W2132383899.tei.xml"", ""data/raw/papers/DatasetFirst_10_5061_dryad_fn2z34trv/FHBEnsemblesReadMe.txt"", ""data/raw/papers/DatasetFirst_10_5061_dryad_fn2z34trv/EnsemblesMainData.csv"", ""data/raw/papers/DatasetFirst_10_5061_dryad_fn2z34trv/extracted/location_coordinates.csv"", ""wiki/datasets/fiches_datasets/paper_fhb_ensembling.md"", ""data/final_datasets/sf/paper_fhb_ensembling.rds""]";"4e5e64fdacb4297374d005fddef0c59f97a405b6ceeb5fca389b9c81ca2fceac";"70de8d51d731e6be0c7688919914f41f6a29e88a2102c19d2c54f39d63325691"
"paper_fire_forest_loss_dominican_republic";"wiki/datasets/fiches_datasets/paper_fire_forest_loss_dominican_republic.md";"true";"ready";"ready";"yes";"yes";"true";"true";"LOSS0118_PCT_PYR ~ NFIRESM6_PSQKM_PYR";"LOSS0118_PCT_PYR ~ NFIRESM6_PSQKM_PYR";"LOSS0118_PCT_PYR ~ NFIRESM6_PSQKM_PYR [Spatial Lag Model (SAR) ou Spatial Error Model (SEM), choix base sur le test du multiplicateur de Lagrange + test de Breusch-Pagan + AIC ; contiguite Queen's case, ponderation W row-standardized ; approche 'long-terme' 2001-2018]";"LOSS0118_PCT_PYR ~ NFIRESM6_PSQKM_PYR [Spatial Lag Model (SAR) ou Spatial Error Model (SEM), choix base sur le test du multiplicateur de Lagrange + test de Breusch-Pagan + AIC ; contiguite Queen's case, ponderation W row-standardized ; approche 'long-terme' 2001-2018]";"pub";"paper_extracted";"[""continuous"", ""rate""]";"[""continuous""]";"[]";"0";"0";"[""Geographic context"", ""Selected Y typology"", ""Selected Y evidence""]";"Typologie de la reponse selectionnee : continuous. Ligne Detail Y correspondant a formula_used; les autres reponses candidates ne pilotent pas cette tache.

Provenance des corrections : audit du 2026-09-07, inspection du RDS et sources indiquees dans cette fiche. Regeneration : code/r_catalog/dataset_curation.py et dataset_curation_overrides.json.";"valid";"[]";"data/final_datasets/sf/paper_fire_forest_loss_dominican_republic.rds";"482";"loaded";"";"[]";"false";"[""data/final_datasets/sf/paper_fire_forest_loss_dominican_republic.rds"", ""corpus/papers/raw_pdf/Fire_and_forest_loss_in_the_Dominican_Republic_during_the_21st_Century_W3166721665.pdf"", ""corpus/papers/tei/Fire_and_forest_loss_in_the_Dominican_Republic_during_the_21st_Century_W3166721665.tei.xml"", ""data/raw/papers/DatasetFirst_10_5281_zenodo_6990803"", ""wiki/datasets/fiches_datasets/paper_fire_forest_loss_dominican_republic.md"", ""data/final_datasets/sf/paper_fire_forest_loss_dominican_republic.rds""]";"62a47c83d334f43ae832385915c71f19c6c0ffcc8fe88e22f68d1c28c54a41d5";"82b09902efa6ce7873c301c19dca0161b8bc8dba446391579bd254fa80addf03"
"paper_flapper_skate_presence";"wiki/datasets/fiches_datasets/paper_flapper_skate_presence.md";"true";"ready";"manual_review";"yes";"manual_review";"false";"false";"present_01 ~ bath + dcoast + current + btemp + pp_mean + fishing_hours";"present_01 ~ bath + dcoast + current + btemp + pp_mean + fishing_hours";"presence_absence ~ depth + distance_to_coast + current + bottom_temperature + benthic_productivity + fishing_pressure [INLA/SPDE presence-only or presence-absence model with cloglog link]";"presence_absence ~ depth + distance_to_coast + current + bottom_temperature + benthic_productivity + fishing_pressure [INLA/SPDE presence-only or presence-absence model with cloglog link]";"pub";"paper_extracted";"[""binary""]";"[""binary""]";"[]";"0";"0";"[""Topic"", ""Selected Y typology"", ""Selected Y evidence""]";"Decision conservatoire : Tache binary a documenter par reponse et estimateur; aucune selection automatique de familles gaussiennes. Ligne Detail Y correspondant a formula_used; les autres reponses candidates ne pilotent pas cette tache. La fiche et les donnees sont conservees ; aucune suppression ni promotion.

Typologie de la reponse selectionnee : binary. Ligne Detail Y correspondant a formula_used; les autres reponses candidates ne pilotent pas cette tache.

Provenance des corrections : audit du 2026-09-07, inspection du RDS et sources indiquees dans cette fiche. Regeneration : code/r_catalog/dataset_curation.py et dataset_curation_overrides.json.";"valid";"[]";"data/final_datasets/sf/paper_flapper_skate_presence.rds";"13151";"not_promoted";"Tache binary a documenter par reponse et estimateur; aucune selection automatique de familles gaussiennes. Ligne Detail Y correspondant a formula_used; les autres reponses candidates ne pilotent pas cette tache.";"[""package_include_not_yes"", ""benchmark_status_not_ready""]";"false";"[""data/final_datasets/sf/paper_flapper_skate_presence.rds"", ""corpus/papers/raw_pdf/Loca2025OnThe.pdf"", ""corpus/papers/tei/Loca2025OnThe.tei.xml"", ""data/raw/papers/DataCite_2025_OnTheBrinkMapping_10_1002_ece3_716"", ""wiki/datasets/fiches_datasets/paper_flapper_skate_presence.md"", ""data/final_datasets/sf/paper_flapper_skate_presence.rds""]";"0fbeab51634faf84f81171b066af45f662593dd6a81b254e6752f35bd6a00c17";"264f53c51b79d29eebba92b7bef8289b08490a2070fb7112b4ac14de615e1b69"
"paper_florida_crash_gsvcm";"wiki/datasets/fiches_datasets/paper_florida_crash_gsvcm.md";"true";"ready";"manual_review";"yes";"manual_review";"true";"false";"Offcrsh ~ log.VMT + log.Pop + Rmale + Rhisp + Rold + Runemploy";"Offcrsh ~ log.VMT + log.Pop + Rmale + Rhisp + Rold + Runemploy";"Offcrsh ~ log.VMT + log.Pop + Rmale + Rhisp + Rold + Runemploy [GSVCM negative-binomial application]";"Offcrsh ~ log.VMT + log.Pop + Rmale + Rhisp + Rold + Runemploy [GSVCM negative-binomial application]";"pub";"paper_extracted";"[""count""]";"[""count""]";"[]";"0";"0";"[""Selected Y typology"", ""Selected Y evidence""]";"Decision conservatoire : Tache count a documenter par reponse et estimateur; aucune selection automatique de familles gaussiennes. Ligne Detail Y correspondant a formula_used; les autres reponses candidates ne pilotent pas cette tache. La fiche et les donnees sont conservees ; aucune suppression ni promotion.

Typologie de la reponse selectionnee : count. Ligne Detail Y correspondant a formula_used; les autres reponses candidates ne pilotent pas cette tache.

Provenance des corrections : audit du 2026-09-07, inspection du RDS et sources indiquees dans cette fiche. Regeneration : code/r_catalog/dataset_curation.py et dataset_curation_overrides.json.";"valid";"[]";"data/final_datasets/sf/paper_florida_crash_gsvcm.rds";"11249";"not_promoted";"Tache count a documenter par reponse et estimateur; aucune selection automatique de familles gaussiennes. Ligne Detail Y correspondant a formula_used; les autres reponses candidates ne pilotent pas cette tache.";"[""package_include_not_yes"", ""benchmark_status_not_ready""]";"false";"[""data/final_datasets/sf/paper_florida_crash_gsvcm.rds"", ""corpus/papers/raw_pdf/Generalized Spatially Varying Coefficient Models.pdf"", ""corpus/papers/tei/Generalized Spatially Varying Coefficient Models.tei.xml"", ""data/raw/papers/DataCite_2020_GeneralizedSpatiallyVaryingCoefficient_10_1080_10618600"", ""wiki/datasets/fiches_datasets/paper_florida_crash_gsvcm.md"", ""data/final_datasets/sf/paper_florida_crash_gsvcm.rds""]";"e37aeb4ac04ca0cd5d18032579ae082938a2a5b18d004db9dbd12e9d089649b8";"0a4b0fc2f293e84421ba9b5e061fa038601d6accf2d51a0391dadc3f6d72bee0"
"paper_gcfr_soil";"wiki/datasets/fiches_datasets/paper_gcfr_soil.md";"true";"ready";"manual_review";"yes";"manual_review";"true";"false";"N_total_. ~ pH_extract + C_total_.";"N_total_. ~ pH_extract + C_total_.";"[Pas de regression Y~X unique dans le papier pour cette table -- les echantillons ponctuels de sol servent d'entree a une interpolation spatiale (krigeage/apprentissage automatique avec covariables environnementales, dans la lignee de SoilGrids) produisant des couches regionales de sol, elles-memes utilisees comme covariables dans un modele separe de prediction du type de vegetation (non inclus dans ce depot)]";"[Pas de regression Y~X unique dans le papier pour cette table -- les echantillons ponctuels de sol servent d'entree a une interpolation spatiale (krigeage/apprentissage automatique avec covariables environnementales, dans la lignee de SoilGrids) produisant des couches regionales de sol, elles-memes utilisees comme covariables dans un modele separe de prediction du type de vegetation (non inclus dans ce depot)]";"pub";"paper_extracted";"[""continuous""]";"[""continuous""]";"[]";"0";"0";"[""Geographic context"", ""Selected Y typology"", ""Selected Y evidence"", ""Recommended validation""]";"Decision conservatoire : N lignes=2767; T declare=1; variable temporelle declaree=n/a; repetitions de coordonnees controlees=1928. Grouper les observations du meme site/immeuble/individu dans un seul fold, et respecter la chronologie si l’objectif est prospectif. Le split aleatoire par ligne n’est pas valide sans justification. La fiche et les donnees sont conservees ; aucune suppression ni promotion.

Typologie de la reponse selectionnee : continuous. Ligne Detail Y correspondant a formula_used; les autres reponses candidates ne pilotent pas cette tache.

Provenance des corrections : audit du 2026-09-07, inspection du RDS et sources indiquees dans cette fiche. Regeneration : code/r_catalog/dataset_curation.py et dataset_curation_overrides.json.";"valid";"[]";"data/final_datasets/sf/paper_gcfr_soil.rds";"2767";"not_promoted";"N lignes=2767; T declare=1; variable temporelle declaree=n/a; repetitions de coordonnees controlees=1928. Grouper les observations du meme site/immeuble/individu dans un seul fold, et respecter la chronologie si l’objectif est prospectif. Le split aleatoire par ligne n’est pas valide sans justification.";"[""package_include_not_yes"", ""benchmark_status_not_ready""]";"false";"[""data/final_datasets/sf/paper_gcfr_soil.rds"", ""corpus/papers/raw_pdf/New_regionally_modelled_soil_layers_improve_prediction_of_vegetation_type_relati_W2966907708.pdf"", ""corpus/papers/tei/New_regionally_modelled_soil_layers_improve_prediction_of_vegetation_type_relati_W2966907708.tei.xml"", ""data/raw/papers/DatasetFirst_10_5061_dryad_37qc017/GCFR_soil.csv"", ""wiki/datasets/fiches_datasets/paper_gcfr_soil.md"", ""data/final_datasets/sf/paper_gcfr_soil.rds""]";"803cd4b6c8e31e71ee297b806100da4fac00d6c24fd477cda953b7a0c5cfde3b";"31bf774187010d4309920180edeb18c605c0bad094f296aefc9424147780c3d6"
"paper_global_nee_gwxgboost";"wiki/datasets/fiches_datasets/paper_global_nee_gwxgboost.md";"true";"ready";"manual_review";"manual_review";"manual_review";"false";"false";"NEE.g.C.m.2.day.1. ~ LSWI + NDVImax + LAI + LSTnight.K. + Ratio_ET_PET";"NEE.g.C.m.2.day.1. ~ LSWI + NDVImax + LAI + LSTnight.K. + Ratio_ET_PET";"[Titre du depot : 'Estimating Global Site-Level Net Ecosystem Exchange with a Geographically Weighted XGBoost Framework'. Aucun DOI de publication resolu (recherche web, session 2026-08-17 : aucune correspondance exacte trouvee, papier probablement pas encore indexe/publie). Le titre indique un modele XGBoost pondere geographiquement (GWR-style local weighting) pour predire le NEE a partir de variables de teledetection]";"[Titre du depot : 'Estimating Global Site-Level Net Ecosystem Exchange with a Geographically Weighted XGBoost Framework'. Aucun DOI de publication resolu (recherche web, session 2026-08-17 : aucune correspondance exacte trouvee, papier probablement pas encore indexe/publie). Le titre indique un modele XGBoost pondere geographiquement (GWR-style local weighting) pour predire le NEE a partir de variables de teledetection]";"pub";"paper_extracted";"[""continuous""]";"[""continuous""]";"[]";"0";"0";"[""Geographic context"", ""Selected Y typology"", ""Selected Y evidence""]";"Decision conservatoire : NEE contient -9999 et le loader ne filtre que is.na; 387 sites pour 109 154 lignes, publication non résolue. Lire les codes manquants du dépôt, convertir les sentinelles avec preuve, auditer les X, puis CV groupée par site/temps ou agrégation justifiée. La fiche et les donnees sont conservees ; aucune suppression ni promotion.

Typologie de la reponse selectionnee : continuous. Ligne Detail Y correspondant a formula_used; les autres reponses candidates ne pilotent pas cette tache.

Provenance des corrections : audit du 2026-09-07, inspection du RDS et sources indiquees dans cette fiche. Regeneration : code/r_catalog/dataset_curation.py et dataset_curation_overrides.json.";"valid";"[]";"data/final_datasets/sf/paper_global_nee_gwxgboost.rds";"109154";"not_promoted";"NEE contient -9999 et le loader ne filtre que is.na; 387 sites pour 109 154 lignes, publication non résolue. Lire les codes manquants du dépôt, convertir les sentinelles avec preuve, auditer les X, puis CV groupée par site/temps ou agrégation justifiée.";"[""package_include_not_yes"", ""benchmark_status_not_ready""]";"false";"[""data/final_datasets/sf/paper_global_nee_gwxgboost.rds"", ""data/raw/papers/DatasetFirst_10_5281_zenodo_21635729/Data1_387_sites.csv"", ""data/raw/papers/DatasetFirst_10_5281_zenodo_21635729/Data2_140_sites.csv"", ""wiki/datasets/fiches_datasets/paper_global_nee_gwxgboost.md"", ""data/final_datasets/sf/paper_global_nee_gwxgboost.rds""]";"ecb6b54980441d12f8b7decf96c564dfea873b1cac29f27f0e11e53c59e9d098";"727e205523957a872f38ebbeeca4e70569fe7f007a72954f6cd37817a798e895"
"paper_goa_trawl_demersal";"wiki/datasets/fiches_datasets/paper_goa_trawl_demersal.md";"true";"ready";"ready_panel_reduction";"yes";"manual_review";"true";"false";"Atheresthesstomias ~ log.BottomDepth + log.BottomDepth2";"Atheresthesstomias ~ log.BottomDepth + log.BottomDepth2";"logit(p_it(s)) = X_t(s)*beta_i + e_it(s) [GLMM binomial pour la probabilite d'occurrence + sous-modele positif pour la CPUE conditionnelle, avec effets fixes log(profondeur) lineaire+quadratique et effets aleatoires spatio-temporels autoregressifs (AR1) par espece ; e_it(s) capture la correlation spatiale residuelle par annee de releve, non reproductible sans re-estimer le modele complet]";"logit(p_it(s)) = X_t(s)*beta_i + e_it(s) [GLMM binomial pour la probabilite d'occurrence + sous-modele positif pour la CPUE conditionnelle, avec effets fixes log(profondeur) lineaire+quadratique et effets aleatoires spatio-temporels autoregressifs (AR1) par espece ; e_it(s) capture la correlation spatiale residuelle par annee de releve, non reproductible sans re-estimer le modele complet]";"pub";"paper_extracted";"[""continuous""]";"[""continuous""]";"[]";"0";"0";"[""Geographic context"", ""Selected Y typology"", ""Selected Y evidence"", ""Recommended validation""]";"Decision conservatoire : N lignes=9213; T declare=12; variable temporelle declaree=Year; repetitions de coordonnees controlees=1. Grouper les observations du meme site/immeuble/individu dans un seul fold, et respecter la chronologie si l’objectif est prospectif. Le split aleatoire par ligne n’est pas valide sans justification. La fiche et les donnees sont conservees ; aucune suppression ni promotion.

Typologie de la reponse selectionnee : continuous. Ligne Detail Y correspondant a formula_used; les autres reponses candidates ne pilotent pas cette tache.

Provenance des corrections : audit du 2026-09-07, inspection du RDS et sources indiquees dans cette fiche. Regeneration : code/r_catalog/dataset_curation.py et dataset_curation_overrides.json.";"valid";"[]";"data/final_datasets/sf/paper_goa_trawl_demersal.rds";"9213";"not_promoted";"N lignes=9213; T declare=12; variable temporelle declaree=Year; repetitions de coordonnees controlees=1. Grouper les observations du meme site/immeuble/individu dans un seul fold, et respecter la chronologie si l’objectif est prospectif. Le split aleatoire par ligne n’est pas valide sans justification.";"[""package_include_not_yes"", ""benchmark_status_not_ready""]";"false";"[""data/final_datasets/sf/paper_goa_trawl_demersal.rds"", ""corpus/papers/raw_pdf/Spatio_temporal_models_reveal_subtle_changes_to_demersal_communities_following_t_W2618167169.pdf"", ""corpus/papers/tei/Spatio_temporal_models_reveal_subtle_changes_to_demersal_communities_following_t_W2618167169.tei.xml"", ""data/raw/papers/DatasetFirst_10_5061_dryad_j3t86/extracted/goa_trawl_albers.csv"", ""wiki/datasets/fiches_datasets/paper_goa_trawl_demersal.md"", ""data/final_datasets/sf/paper_goa_trawl_demersal.rds""]";"b865193beddd916b808d99ebaed1fcb50f8be6ee6e3c2275547fc3b61e40da11";"f95dd29c6003ded54939dfa71b9701f9741331a70c6621bf459573b9c5f0ead6"
"paper_groundfish_cpue";"wiki/datasets/fiches_datasets/paper_groundfish_cpue.md";"true";"ready";"ready_panel_reduction";"yes";"manual_review";"true";"false";"CPUE ~ SST_cvW1 + SST_cvW2 + SST_cvW3 + SST_cvW4 + SST_cvW5";"CPUE ~ SST_cvW1 + SST_cvW2 + SST_cvW3 + SST_cvW4 + SST_cvW5";"CPUE ~ SST_cvW1 + SST_cvW2 + SST_cvW3 + SST_cvW4 + SST_cvW5 [Moyenne de modeles (multimodel averaging, AIC), modeles candidats a differentes fenetres temporelles de coefficient de variation de la temperature de surface de la mer (SST) hivernale]";"CPUE ~ SST_cvW1 + SST_cvW2 + SST_cvW3 + SST_cvW4 + SST_cvW5 [Moyenne de modeles (multimodel averaging, AIC), modeles candidats a differentes fenetres temporelles de coefficient de variation de la temperature de surface de la mer (SST) hivernale]";"pub";"paper_extracted";"[""continuous""]";"[""continuous""]";"[]";"0";"0";"[""Geographic context"", ""Selected Y typology"", ""Selected Y evidence"", ""Recommended validation""]";"Decision conservatoire : N lignes=6716; T declare=23; variable temporelle declaree=Year; repetitions de coordonnees controlees=6643. Grouper les observations du meme site/immeuble/individu dans un seul fold, et respecter la chronologie si l’objectif est prospectif. Le split aleatoire par ligne n’est pas valide sans justification. La fiche et les donnees sont conservees ; aucune suppression ni promotion.

Typologie de la reponse selectionnee : continuous. Ligne Detail Y correspondant a formula_used; les autres reponses candidates ne pilotent pas cette tache.

Provenance des corrections : audit du 2026-09-07, inspection du RDS et sources indiquees dans cette fiche. Regeneration : code/r_catalog/dataset_curation.py et dataset_curation_overrides.json.";"valid";"[]";"data/final_datasets/sf/paper_groundfish_cpue.rds";"6716";"not_promoted";"N lignes=6716; T declare=23; variable temporelle declaree=Year; repetitions de coordonnees controlees=6643. Grouper les observations du meme site/immeuble/individu dans un seul fold, et respecter la chronologie si l’objectif est prospectif. Le split aleatoire par ligne n’est pas valide sans justification.";"[""package_include_not_yes"", ""benchmark_status_not_ready""]";"false";"[""data/final_datasets/sf/paper_groundfish_cpue.rds"", ""corpus/papers/raw_pdf/Spatiotemporally_explicit_model_averaging_for_forecasting_of_Alaskan_groundfish__W2904556857.pdf"", ""corpus/papers/tei/Spatiotemporally_explicit_model_averaging_for_forecasting_of_Alaskan_groundfish__W2904556857.tei.xml"", ""data/raw/papers/DatasetFirst_10_5061_dryad_s23g7bc/stema_data.csv"", ""wiki/datasets/fiches_datasets/paper_groundfish_cpue.md"", ""data/final_datasets/sf/paper_groundfish_cpue.rds""]";"3054ecd39fa6ad7793d2771bbe20471129c63b71dfc2b6d3d680cb24d1681ceb";"15b9b1c2e617fc4c00e62dd3a1453b490ef5a1b5f404a4b86c9076d7b25b2088"
"paper_gwqlasso_mt";"wiki/datasets/fiches_datasets/paper_gwqlasso_mt.md";"true";"ready";"ready_panel_reduction";"yes";"manual_review";"true";"false";"Yield_kg_ha ~ precip_annual_mm";"Yield_kg_ha ~ precip_annual_mm";"Yield_kg_ha ~ SPI_1month [Geographically Weighted Quantile LASSO (GWQLasso), regression quantile geographiquement ponderee avec selection de variables Lasso]";"Yield_kg_ha ~ SPI_1month [Geographically Weighted Quantile LASSO (GWQLasso), regression quantile geographiquement ponderee avec selection de variables Lasso]";"pub";"paper_extracted";"[""categorical""]";"[""categorical""]";"[]";"0";"0";"[""Selected Y typology"", ""Selected Y evidence"", ""Recommended validation""]";"Decision conservatoire : N lignes=6063; T declare=43; variable temporelle declaree=Year; repetitions de coordonnees controlees=5922. Grouper les observations du meme site/immeuble/individu dans un seul fold, et respecter la chronologie si l’objectif est prospectif. Le split aleatoire par ligne n’est pas valide sans justification. La fiche et les donnees sont conservees ; aucune suppression ni promotion.

Typologie de la reponse selectionnee : categorical. Ligne Detail Y correspondant a formula_used; les autres reponses candidates ne pilotent pas cette tache.

Provenance des corrections : audit du 2026-09-07, inspection du RDS et sources indiquees dans cette fiche. Regeneration : code/r_catalog/dataset_curation.py et dataset_curation_overrides.json.";"valid";"[]";"data/final_datasets/sf/paper_gwqlasso_mt.rds";"6063";"not_promoted";"N lignes=6063; T declare=43; variable temporelle declaree=Year; repetitions de coordonnees controlees=5922. Grouper les observations du meme site/immeuble/individu dans un seul fold, et respecter la chronologie si l’objectif est prospectif. Le split aleatoire par ligne n’est pas valide sans justification.";"[""package_include_not_yes"", ""benchmark_status_not_ready"", ""selected_response_typology_unresolved""]";"false";"[""data/final_datasets/sf/paper_gwqlasso_mt.rds"", ""corpus/papers/raw_pdf/Miquelluti2022Application.pdf"", ""corpus/papers/raw_pdf/Miquelluti2022GWQLasso.pdf"", ""corpus/papers/tei/Miquelluti2022Application.tei.xml"", ""corpus/papers/tei/Miquelluti2022GWQLasso.tei.xml"", ""data/raw/papers/DataCite_2022_GeographicallyWeightedQuantileLasso_10_1590_1982_7849rac2022200387_en/README_source.txt"", ""data/raw/papers/DataCite_2022_GeographicallyWeightedQuantileLasso_10_1590_1982_7849rac2022200387_en/gwqlasso_yield_precip_MT.csv"", ""data/raw/papers/DataCite_2022_GeographicallyWeightedQuantileLasso_10_1590_1982_7849rac2022200387_en/gwqlasso_yield_precip_PR.csv"", ""wiki/datasets/fiches_datasets/paper_gwqlasso_mt.md"", ""data/final_datasets/sf/paper_gwqlasso_mt.rds""]";"fe2bab42d7a86c41203fb939c808ce07174dca1bdfc02673134f4d95b8ee69d1";"1af11214c81086a4aa20f063537b6621ab266c071d986403750933c1fa8f9573"
"paper_gwqlasso_pr";"wiki/datasets/fiches_datasets/paper_gwqlasso_pr.md";"true";"ready";"ready_panel_reduction";"yes";"manual_review";"true";"false";"Yield_kg_ha ~ precip_annual_mm";"Yield_kg_ha ~ precip_annual_mm";"Yield_kg_ha ~ SPI_1month [Geographically Weighted Quantile LASSO (GWQLasso), regression quantile geographiquement ponderee avec selection de variables Lasso]";"Yield_kg_ha ~ SPI_1month [Geographically Weighted Quantile LASSO (GWQLasso), regression quantile geographiquement ponderee avec selection de variables Lasso]";"pub";"paper_extracted";"[""categorical""]";"[""categorical""]";"[]";"0";"0";"[""Selected Y typology"", ""Selected Y evidence"", ""Recommended validation""]";"Decision conservatoire : N lignes=17157; T declare=43; variable temporelle declaree=Year; repetitions de coordonnees controlees=16758. Grouper les observations du meme site/immeuble/individu dans un seul fold, et respecter la chronologie si l’objectif est prospectif. Le split aleatoire par ligne n’est pas valide sans justification. La fiche et les donnees sont conservees ; aucune suppression ni promotion.

Typologie de la reponse selectionnee : categorical. Ligne Detail Y correspondant a formula_used; les autres reponses candidates ne pilotent pas cette tache.

Provenance des corrections : audit du 2026-09-07, inspection du RDS et sources indiquees dans cette fiche. Regeneration : code/r_catalog/dataset_curation.py et dataset_curation_overrides.json.";"valid";"[]";"data/final_datasets/sf/paper_gwqlasso_pr.rds";"17157";"not_promoted";"N lignes=17157; T declare=43; variable temporelle declaree=Year; repetitions de coordonnees controlees=16758. Grouper les observations du meme site/immeuble/individu dans un seul fold, et respecter la chronologie si l’objectif est prospectif. Le split aleatoire par ligne n’est pas valide sans justification.";"[""package_include_not_yes"", ""benchmark_status_not_ready"", ""selected_response_typology_unresolved""]";"false";"[""data/final_datasets/sf/paper_gwqlasso_pr.rds"", ""corpus/papers/raw_pdf/Miquelluti2022Application.pdf"", ""corpus/papers/raw_pdf/Miquelluti2022GWQLasso.pdf"", ""corpus/papers/tei/Miquelluti2022Application.tei.xml"", ""corpus/papers/tei/Miquelluti2022GWQLasso.tei.xml"", ""data/raw/papers/DataCite_2022_GeographicallyWeightedQuantileLasso_10_1590_1982_7849rac2022200387_en/README_source.txt"", ""data/raw/papers/DataCite_2022_GeographicallyWeightedQuantileLasso_10_1590_1982_7849rac2022200387_en/gwqlasso_yield_precip_MT.csv"", ""data/raw/papers/DataCite_2022_GeographicallyWeightedQuantileLasso_10_1590_1982_7849rac2022200387_en/gwqlasso_yield_precip_PR.csv"", ""wiki/datasets/fiches_datasets/paper_gwqlasso_pr.md"", ""data/final_datasets/sf/paper_gwqlasso_pr.rds""]";"8922ab376819c6f1b2724c38b5ec28a5eb09dbc960ee74999f8a20913bc40c10";"0198412d27bc0d1abfbc9c4868d0eb27d09f8884f013f59f6ac99cb06aff602a"
"paper_gwqlasso_rs";"wiki/datasets/fiches_datasets/paper_gwqlasso_rs.md";"true";"ready";"ready_panel_reduction";"yes";"manual_review";"true";"false";"Yield_kg_ha ~ precip_annual_mm";"Yield_kg_ha ~ precip_annual_mm";"Yield_kg_ha ~ SPI_1month [Geographically Weighted Quantile LASSO (GWQLasso), regression quantile geographiquement ponderee avec selection de variables Lasso]";"Yield_kg_ha ~ SPI_1month [Geographically Weighted Quantile LASSO (GWQLasso), regression quantile geographiquement ponderee avec selection de variables Lasso]";"pub";"paper_extracted";"[""categorical""]";"[""categorical""]";"[]";"0";"0";"[""Selected Y typology"", ""Selected Y evidence"", ""Recommended validation""]";"Decision conservatoire : N lignes=21371; T declare=43; variable temporelle declaree=Year; repetitions de coordonnees controlees=20874. Grouper les observations du meme site/immeuble/individu dans un seul fold, et respecter la chronologie si l’objectif est prospectif. Le split aleatoire par ligne n’est pas valide sans justification. La fiche et les donnees sont conservees ; aucune suppression ni promotion.

Typologie de la reponse selectionnee : categorical. Ligne Detail Y correspondant a formula_used; les autres reponses candidates ne pilotent pas cette tache.

Provenance des corrections : audit du 2026-09-07, inspection du RDS et sources indiquees dans cette fiche. Regeneration : code/r_catalog/dataset_curation.py et dataset_curation_overrides.json.";"valid";"[]";"data/final_datasets/sf/paper_gwqlasso_rs.rds";"21371";"not_promoted";"N lignes=21371; T declare=43; variable temporelle declaree=Year; repetitions de coordonnees controlees=20874. Grouper les observations du meme site/immeuble/individu dans un seul fold, et respecter la chronologie si l’objectif est prospectif. Le split aleatoire par ligne n’est pas valide sans justification.";"[""package_include_not_yes"", ""benchmark_status_not_ready"", ""selected_response_typology_unresolved""]";"false";"[""data/final_datasets/sf/paper_gwqlasso_rs.rds"", ""corpus/papers/raw_pdf/Miquelluti2022Application.pdf"", ""corpus/papers/raw_pdf/Miquelluti2022GWQLasso.pdf"", ""corpus/papers/tei/Miquelluti2022Application.tei.xml"", ""corpus/papers/tei/Miquelluti2022GWQLasso.tei.xml"", ""data/raw/papers/DataCite_2022_GeographicallyWeightedQuantileLasso_10_1590_1982_7849rac2022200387_en/README_source.txt"", ""data/raw/papers/DataCite_2022_GeographicallyWeightedQuantileLasso_10_1590_1982_7849rac2022200387_en/gwqlasso_yield_precip_MT.csv"", ""data/raw/papers/DataCite_2022_GeographicallyWeightedQuantileLasso_10_1590_1982_7849rac2022200387_en/gwqlasso_yield_precip_PR.csv"", ""wiki/datasets/fiches_datasets/paper_gwqlasso_rs.md"", ""data/final_datasets/sf/paper_gwqlasso_rs.rds""]";"404f3ebccc8ea7e7c6be79d97e125976206389adc23de104a8daca4274c6f2b5";"688815fae724a688b361d58cd2d0be3ab6683b0b1efd85607b6a866add783cc6"
"paper_harbour_porpoise_response";"wiki/datasets/fiches_datasets/paper_harbour_porpoise_response.md";"true";"ready";"manual_review";"yes";"manual_review";"true";"false";"prop24 ~ distance + vessels24_1km + duration + piling_order + Unweighted_SS_SEL + NOAA_SS_SEL + Southall_SS_SEL + Aud_SS_SEL";"prop24 ~ distance + vessels24_1km + duration + piling_order + Unweighted_SS_SEL + NOAA_SS_SEL + Southall_SS_SEL + Aud_SS_SEL";"response_24h ~ log(distance_to_piling) * cumulative_piling_order + received_SEL + ADD + piling_duration + vessel_activity + random_effect(CPOD_site/POD) [binomial probit GLMM]";"response_24h ~ log(distance_to_piling) * cumulative_piling_order + received_SEL + ADD + piling_duration + vessel_activity + random_effect(CPOD_site/POD) [binomial probit GLMM]";"pub";"generated_system_formula";"[""continuous"", ""binary""]";"[""continuous""]";"[""Y_WRONG_BINARY_ROUTE""]";"1";"0";"[""Topic"", ""Selected Y typology"", ""Selected Y evidence"", ""benchmark_task_note"", ""Recommended validation"", ""Formula used evidence""]";"La formule executee est une adaptation de la source, distincte des modeles publies : la reponse publiee principale est binaire ; formula_used utilise prop24 continu pour le package de regression

Le nom paper_harbour_porpoise_decline dans la demande correspond a cette fiche existante paper_harbour_porpoise_response; aucun doublon cree.

Decision conservatoire : N lignes=700; T declare=1; variable temporelle declaree=n/a; repetitions de coordonnees controlees=600. Grouper les observations du meme site/immeuble/individu dans un seul fold, et respecter la chronologie si l’objectif est prospectif. Le split aleatoire par ligne n’est pas valide sans justification. La fiche et les donnees sont conservees ; aucune suppression ni promotion.

Typologie de la reponse selectionnee : continuous. prop24 est une variation continue; la reponse de declin binaire appartient a une autre specification.

Provenance des corrections : audit du 2026-09-07, inspection du RDS et sources indiquees dans cette fiche. Regeneration : code/r_catalog/dataset_curation.py et dataset_curation_overrides.json.";"valid";"[]";"data/final_datasets/sf/paper_harbour_porpoise_response.rds";"700";"not_promoted";"N lignes=700; T declare=1; variable temporelle declaree=n/a; repetitions de coordonnees controlees=600. Grouper les observations du meme site/immeuble/individu dans un seul fold, et respecter la chronologie si l’objectif est prospectif. Le split aleatoire par ligne n’est pas valide sans justification.";"[""package_include_not_yes"", ""benchmark_status_not_ready""]";"false";"[""data/final_datasets/sf/paper_harbour_porpoise_response.rds"", ""corpus/papers/raw_pdf/Graham2019Harbour.pdf"", ""corpus/papers/tei/Graham2019Harbour.tei.xml"", ""data/raw/papers/DataCite_2019_HarbourPorpoiseResponsesTo_10_1098_rsos_190/Graham_BOWL_cMMMP_Data_Packages_Readme_2019-05-01.txt"", ""data/raw/papers/DataCite_2019_HarbourPorpoiseResponsesTo_10_1098_rsos_190/Graham_BOWL_cMMMP_5min_boat_withineach_1kmCPODbuffer_data_2019-01-18.csv"", ""data/raw/papers/DataCite_2019_HarbourPorpoiseResponsesTo_10_1098_rsos_190/Graham_BOWL_cMMMP_5min_boat_withineach_500mCPODbuffer_data_2019-01-18.csv"", ""wiki/datasets/fiches_datasets/paper_harbour_porpoise_response.md"", ""data/final_datasets/sf/paper_harbour_porpoise_response.rds""]";"cb09e0ae7083e2898e07ca4be37546b6a1aa71a7d0bf19c7a94d208539472e30";"c920f2566688521e1c38c6126f26aea0b002c8b1334d1fdfc30c55954cce16a2"
"paper_hiv_southern_africa";"wiki/datasets/fiches_datasets/paper_hiv_southern_africa.md";"true";"ready";"ready_panel_reduction";"yes";"manual_review";"true";"false";"PER ~ URBAN_RURA + country";"PER ~ URBAN_RURA + country";"PER ~ URBAN_RURA + country + DHSYEAR [regression multivariable, plus autocorrelation spatiale (LISA/hotspot) sur PER par pays]";"PER ~ URBAN_RURA + country + DHSYEAR [regression multivariable, plus autocorrelation spatiale (LISA/hotspot) sur PER par pays]";"pub";"paper_extracted";"[""count""]";"[""rate""]";"[""INDIVIDUAL_REVIEW""]";"1";"0";"[""Selected Y typology"", ""Selected Y evidence"", ""benchmark_task_note"", ""Recommended validation""]";"Decision conservatoire : N lignes=3347; T declare=4; variable temporelle declaree=DHSYEAR; repetitions de coordonnees controlees=9. Grouper les observations du meme site/immeuble/individu dans un seul fold, et respecter la chronologie si l’objectif est prospectif. Le split aleatoire par ligne n’est pas valide sans justification. La fiche et les donnees sont conservees ; aucune suppression ni promotion.

Typologie de la reponse selectionnee : rate. PER est un pourcentage de positivite, pas un nombre de cas; le stockage entier ne change pas son sens.

Provenance des corrections : audit du 2026-09-07, inspection du RDS et sources indiquees dans cette fiche. Regeneration : code/r_catalog/dataset_curation.py et dataset_curation_overrides.json.";"valid";"[]";"data/final_datasets/sf/paper_hiv_southern_africa.rds";"3347";"not_promoted";"N lignes=3347; T declare=4; variable temporelle declaree=DHSYEAR; repetitions de coordonnees controlees=9. Grouper les observations du meme site/immeuble/individu dans un seul fold, et respecter la chronologie si l’objectif est prospectif. Le split aleatoire par ligne n’est pas valide sans justification.";"[""package_include_not_yes"", ""benchmark_status_not_ready""]";"false";"[""data/final_datasets/sf/paper_hiv_southern_africa.rds"", ""corpus/papers/raw_pdf/Adetokunboh2024HIVSouthernAfrica.pdf"", ""corpus/papers/raw_pdf/Adetokunboh2024Spatial.pdf"", ""corpus/papers/tei/Adetokunboh2024HIVSouthernAfrica.tei.xml"", ""corpus/papers/tei/Adetokunboh2024Spatial.tei.xml"", ""data/raw/papers/DataCite_2024_SpatialDistributionHIVSouthernAfrica_10_1371_journal_pone_0301850/README_source.txt"", ""data/raw/papers/DataCite_2024_SpatialDistributionHIVSouthernAfrica_10_1371_journal_pone_0301850/Spatial distribution datasets/Field names.csv"", ""data/raw/papers/DataCite_2024_SpatialDistributionHIVSouthernAfrica_10_1371_journal_pone_0301850/Spatial distribution datasets/hivmw15.csv"", ""wiki/datasets/fiches_datasets/paper_hiv_southern_africa.md"", ""data/final_datasets/sf/paper_hiv_southern_africa.rds""]";"bbf58e22e4c7111753a2a1811b1f1d53e70b333961acbb490496034fd3109497";"f0272868eb193791918fecd785c76593e856cc204de40943a95f21f6d7b478b4"
"paper_houston_lst_landcover";"wiki/datasets/fiches_datasets/paper_houston_lst_landcover.md";"true";"ready";"ready";"yes";"yes";"true";"true";"LST_kelvin ~ land_cover";"LST_kelvin ~ land_cover";"[Le papier construit un modele spatiotemporel physiquement contraint sur l'ensemble des 27 passages satellite pour combler les zones nuageuses (clear-sky reconstruction) de la temperature de surface (LST) ; il ne publie pas de regression Y~X statique unique -- la relation LST~couverture du sol est neanmoins directement mesurable dans les donnees deposees (grille appariee lat/lon/land_cover/LST par passage satellite)]";"[Le papier construit un modele spatiotemporel physiquement contraint sur l'ensemble des 27 passages satellite pour combler les zones nuageuses (clear-sky reconstruction) de la temperature de surface (LST) ; il ne publie pas de regression Y~X statique unique -- la relation LST~couverture du sol est neanmoins directement mesurable dans les donnees deposees (grille appariee lat/lon/land_cover/LST par passage satellite)]";"pub";"paper_extracted";"[""continuous""]";"[""continuous""]";"[]";"0";"0";"[""Geographic context"", ""Selected Y typology"", ""Selected Y evidence""]";"Typologie de la reponse selectionnee : continuous. Ligne Detail Y correspondant a formula_used; les autres reponses candidates ne pilotent pas cette tache.

Provenance des corrections : audit du 2026-09-07, inspection du RDS et sources indiquees dans cette fiche. Regeneration : code/r_catalog/dataset_curation.py et dataset_curation_overrides.json.";"valid";"[]";"data/final_datasets/sf/paper_houston_lst_landcover.rds";"19059";"loaded";"";"[]";"false";"[""data/final_datasets/sf/paper_houston_lst_landcover.rds"", ""corpus/papers/raw_pdf/Physically_constrained_spatiotemporal_modeling_generating_clear_sky_construction_W2980619698.pdf"", ""corpus/papers/tei/Physically_constrained_spatiotemporal_modeling_generating_clear_sky_construction_W2980619698.tei.xml"", ""data/raw/papers/DatasetFirst_10_5061_dryad_fbg79cnt2/extracted/Phoenix_Houston_LST_Dryad/Houston_Data_Dryad/Houston_Land_Cover.csv"", ""data/raw/papers/DatasetFirst_10_5061_dryad_fbg79cnt2/extracted/Phoenix_Houston_LST_Dryad/Houston_Data_Dryad/Houston_lat.csv"", ""wiki/datasets/fiches_datasets/paper_houston_lst_landcover.md"", ""data/final_datasets/sf/paper_houston_lst_landcover.rds""]";"9c2a0378229947815086874029f40b34b061b5ebe40bbacf50dcae7fc6e79265";"61699b27399d3e2272a8f6f79d731f28e310a91d015ac065381e1757f588061b"
"paper_hummingbird_sdm";"wiki/datasets/fiches_datasets/paper_hummingbird_sdm.md";"true";"ready";"ready";"yes";"yes";"true";"true";"log1p_species_richness ~ annual_mean_temperature + mean_diurnal_range + annual_precipitation + precipitation_seasonality + evi_annual";"log1p_species_richness ~ annual_mean_temperature + mean_diurnal_range + annual_precipitation + precipitation_seasonality + evi_annual";"log(lambda_PO) = alpha_PO + beta*x + g(s) ; logit(lambda_PA) = alpha_PA + beta*x + g(s) [modele integre PO+PA, effet spatial latent partage g(s)]";"log(lambda_PO) = alpha_PO + beta*x + g(s) ; logit(lambda_PA) = alpha_PA + beta*x + g(s) [modele integre PO+PA, effet spatial latent partage g(s)]";"pub";"reconstructed_from_data";"[""continuous"", ""count""]";"[""continuous""]";"[""Y_WRONG_COUNT_ROUTE""]";"1";"0";"[""Selected Y typology"", ""Selected Y evidence"", ""benchmark_task_note"", ""Formula used evidence""]";"La formule executee est une adaptation de la source, distincte des modeles publies : reponse log1p_species_richness derivee (agregation continue de comptages d'occurrence reels, pas une sortie de modele) ; ne reproduit pas les SDM PO/PA integres complets du papier et n'inclut pas cloud cover/TRI

Typologie de la reponse selectionnee : continuous. log1p_species_richness est une transformation logarithmique de richesse, pas un comptage Poisson brut.

Provenance des corrections : audit du 2026-09-07, inspection du RDS et sources indiquees dans cette fiche. Regeneration : code/r_catalog/dataset_curation.py et dataset_curation_overrides.json.";"valid";"[]";"data/final_datasets/sf/paper_hummingbird_sdm.rds";"227";"loaded";"";"[]";"false";"[""data/final_datasets/sf/paper_hummingbird_sdm.rds"", ""corpus/papers/raw_pdf/Global Ecology and Biogeography - 2023 - Mäkinen - Integrated species distribution models to account for sampling biases.pdf"", ""corpus/papers/raw_pdf/Makinen2023Integrated.pdf"", ""corpus/papers/tei/Global Ecology and Biogeography - 2023 - Mäkinen - Integrated species distribution models to account for sampling biases.tei.xml"", ""corpus/papers/tei/Makinen2023Integrated.tei.xml"", ""data/raw/papers/DataCite_2023_IntegratedSpeciesDistributionModels_10_1111_geb_1379/_extracted/gbif_hummingbird_occurrences.csv"", ""wiki/datasets/fiches_datasets/paper_hummingbird_sdm.md"", ""data/final_datasets/sf/paper_hummingbird_sdm.rds""]";"dfa6e69aad966ebc5986aa05d16e4d7df1c9db2dd09732916b194506e61e021c";"405596343564b7d261408b15b532216af4443694561eb86df9a92e2315ac3943"
"paper_hyena_lion_biomass_africa";"wiki/datasets/fiches_datasets/paper_hyena_lion_biomass_africa.md";"true";"ready";"ready_panel_reduction";"yes";"manual_review";"true";"false";"spotted_hyaena_biomass_log10 ~ other_predator_biomass_log10 + prey_very_small_biomass_log10 + prey_small_biomass_log10 + prey_medium_biomass_log10 + prey_large_biomass_log10 + prey_very_large_biomass_log10 + min_temperature_coolest_month_log10 + max_temperature_warmest_month_log10 + precipitation_wettest_month_log10 + precipitation_driest_month_log10 + precipitation_seasonality_log10 + semi_open_vegetation_clr + open_vegetation_clr + closed_vegetation_clr";"spotted_hyaena_biomass_log10 ~ other_predator_biomass_log10 + prey_very_small_biomass_log10 + prey_small_biomass_log10 + prey_medium_biomass_log10 + prey_large_biomass_log10 + prey_very_large_biomass_log10 + min_temperature_coolest_month_log10 + max_temperature_warmest_month_log10 + precipitation_wettest_month_log10 + precipitation_driest_month_log10 + precipitation_seasonality_log10 + semi_open_vegetation_clr + open_vegetation_clr + closed_vegetation_clr";"spotted_hyaena_biomass_log10 / lion_biomass_log10 ~ prey biomass classes + other predator biomass + WorldClim temperature/precipitation + vegetation cover [PLS regression]";"spotted_hyaena_biomass_log10 / lion_biomass_log10 ~ prey biomass classes + other predator biomass + WorldClim temperature/precipitation + vegetation cover [PLS regression]";"pub";"paper_extracted";"[""continuous""]";"[""continuous""]";"[]";"0";"0";"[""Selected Y typology"", ""Selected Y evidence"", ""Recommended validation""]";"Decision conservatoire : N lignes=30; T declare=23; variable temporelle declaree=Year; repetitions de coordonnees controlees=17. Grouper les observations du meme site/immeuble/individu dans un seul fold, et respecter la chronologie si l’objectif est prospectif. Le split aleatoire par ligne n’est pas valide sans justification. La fiche et les donnees sont conservees ; aucune suppression ni promotion.

Typologie de la reponse selectionnee : continuous. Ligne Detail Y correspondant a formula_used; les autres reponses candidates ne pilotent pas cette tache.

Provenance des corrections : audit du 2026-09-07, inspection du RDS et sources indiquees dans cette fiche. Regeneration : code/r_catalog/dataset_curation.py et dataset_curation_overrides.json.";"valid";"[]";"data/final_datasets/sf/paper_hyena_lion_biomass_africa.rds";"30";"not_promoted";"N lignes=30; T declare=23; variable temporelle declaree=Year; repetitions de coordonnees controlees=17. Grouper les observations du meme site/immeuble/individu dans un seul fold, et respecter la chronologie si l’objectif est prospectif. Le split aleatoire par ligne n’est pas valide sans justification.";"[""package_include_not_yes"", ""benchmark_status_not_ready""]";"false";"[""data/final_datasets/sf/paper_hyena_lion_biomass_africa.rds"", ""corpus/papers/raw_pdf/Jones2021Environmental.pdf"", ""corpus/papers/tei/Jones2021Environmental.tei.xml"", ""data/raw/papers/DataCite_2021_EnvironmentalFactorsInfluencingSpotted_10_1002_ece3_835"", ""wiki/datasets/fiches_datasets/paper_hyena_lion_biomass_africa.md"", ""data/final_datasets/sf/paper_hyena_lion_biomass_africa.rds""]";"18ce95bbde7e6d164022318d5be53a87c6205a57960244fdc8130cf13d14dd38";"adb75617097a39c5a64e2917a4f7e18f986122ca3a5a85de2a5f639003a5d361"
"paper_influenza_mortality_chicago";"wiki/datasets/fiches_datasets/paper_influenza_mortality_chicago.md";"true";"ready";"ready_panel_reduction";"yes";"manual_review";"true";"false";"counts ~ illit + den.r + unemployed.pct + ho.pct + agecat1 + agecat2 + agecat3 + agecat4 + agecat5 + agecat6 + agecat7";"counts ~ illit + den.r + unemployed.pct + ho.pct + agecat1 + agecat2 + agecat3 + agecat4 + agecat5 + agecat6 + agecat7";"counts ~ illit + den.r + unemployed.pct + ho.pct + agecat1 + agecat2 + agecat3 + agecat4 + agecat5 + agecat6 + agecat7, offset=pop";"counts ~ illit + den.r + unemployed.pct + ho.pct + agecat1 + agecat2 + agecat3 + agecat4 + agecat5 + agecat6 + agecat7, offset=pop";"pub";"paper_extracted";"[""count""]";"[""count""]";"[]";"0";"0";"[""Selected Y typology"", ""Selected Y evidence"", ""Recommended validation""]";"Decision conservatoire : N lignes=3472; T declare=7; variable temporelle declaree=week; repetitions de coordonnees controlees=2976. Grouper les observations du meme site/immeuble/individu dans un seul fold, et respecter la chronologie si l’objectif est prospectif. Le split aleatoire par ligne n’est pas valide sans justification. La fiche et les donnees sont conservees ; aucune suppression ni promotion.

Typologie de la reponse selectionnee : count. Ligne Detail Y correspondant a formula_used; les autres reponses candidates ne pilotent pas cette tache.

Provenance des corrections : audit du 2026-09-07, inspection du RDS et sources indiquees dans cette fiche. Regeneration : code/r_catalog/dataset_curation.py et dataset_curation_overrides.json.";"valid";"[]";"data/final_datasets/sf/paper_influenza_mortality_chicago.rds";"3472";"not_promoted";"N lignes=3472; T declare=7; variable temporelle declaree=week; repetitions de coordonnees controlees=2976. Grouper les observations du meme site/immeuble/individu dans un seul fold, et respecter la chronologie si l’objectif est prospectif. Le split aleatoire par ligne n’est pas valide sans justification.";"[""package_include_not_yes"", ""benchmark_status_not_ready""]";"false";"[""data/final_datasets/sf/paper_influenza_mortality_chicago.rds"", ""corpus/papers/raw_pdf/Grantz2016Disparities.pdf"", ""data/raw/papers/DataCite_2016_DisparitiesInInfluenzaMortality_10_1073_pnas_161/extracted/points.csv"", ""data/raw/papers/DataCite_2016_DisparitiesInInfluenzaMortality_10_1073_pnas_161/extracted/tracts.csv"", ""wiki/datasets/fiches_datasets/paper_influenza_mortality_chicago.md"", ""data/final_datasets/sf/paper_influenza_mortality_chicago.rds""]";"4afdd7eabfc511ffe261ee41b3bfcf62524459d164c21a3146c6499825900405";"8318e64fc9c6f057216f330a62a124c035dca50c3b5b3ea7b4bacb62b516d101"
"paper_joshua_tree_flowering";"wiki/datasets/fiches_datasets/paper_joshua_tree_flowering.md";"true";"ready";"not_ready_main_benchmark";"yes";"no";"true";"false";"flyrs ~ Delta.Y1.2..PPT..mm. + Delta.Y0.1..PPT..mm. + Max.VPD.Y0...hPa. + Delta.Y0.1..Min.VPD..hPa. + Delta.Y0.1..Max.Temp..degree.C. + Min.Temp.Y0...degree.C.";"flyrs ~ Delta.Y1.2..PPT..mm. + Delta.Y0.1..PPT..mm. + Max.VPD.Y0...hPa. + Delta.Y0.1..Min.VPD..hPa. + Delta.Y0.1..Max.Temp..degree.C. + Min.Temp.Y0...degree.C.";"flowering indicator ~ annual precipitation + maximum/minimum temperature + vapor-pressure-deficit predictors [BART classification]; hindcast flowering years ~ selected climate deltas [continuous model output]";"flowering indicator ~ annual precipitation + maximum/minimum temperature + vapor-pressure-deficit predictors [BART classification]; hindcast flowering years ~ selected climate deltas [continuous model output]";"pub";"generated_system_formula";"[""count""]";"[""continuous""]";"[""Y_WRONG_COUNT_ROUTE"", ""INDIVIDUAL_REVIEW""]";"1";"1";"[""Selected Y typology"", ""Selected Y evidence"", ""benchmark_task_note"", ""Recommended validation"", ""Formula used evidence"", ""Topic"", ""Observed population""]";"La formule executee est une adaptation de la source, distincte des modeles publies : Y flyrs est une sortie de hindcast BART, avec 689 valeurs négatives (différences entre périodes); routage count incompatible. Description de pollinisateurs/oiseaux sans rapport avec Joshua tree.

Decision conservatoire : Y flyrs est une sortie de hindcast BART, avec 689 valeurs négatives (différences entre périodes); routage count incompatible. Description de pollinisateurs/oiseaux sans rapport avec Joshua tree. Isoler cette tâche de sortie modèle; privilégier les observations flr originales du dépôt, avec route binaire et sélection climatique publiée. Corriger la description et les périodes. La fiche et les donnees sont conservees ; aucune suppression ni promotion.

Typologie de la reponse selectionnee : continuous. flyrs est un produit de hindcast incluant des differences negatives entre periodes, pas la reponse binaire observee flr.

Provenance des corrections : audit du 2026-09-07, inspection du RDS et sources indiquees dans cette fiche. Regeneration : code/r_catalog/dataset_curation.py et dataset_curation_overrides.json.";"valid";"[]";"data/final_datasets/sf/paper_joshua_tree_flowering.rds";"11133";"not_promoted";"Y flyrs est une sortie de hindcast BART, avec 689 valeurs négatives (différences entre périodes); routage count incompatible. Description de pollinisateurs/oiseaux sans rapport avec Joshua tree. Isoler cette tâche de sortie modèle; privilégier les observations flr originales du dépôt, avec route binaire et sélection climatique publiée. Corriger la description et les périodes.";"[""package_include_not_yes"", ""benchmark_status_not_ready""]";"true";"[""data/final_datasets/sf/paper_joshua_tree_flowering.rds"", ""corpus/papers/raw_pdf/Yoder2024Reconstructing.pdf"", ""corpus/papers/tei/Yoder2024Reconstructing.tei.xml"", ""data/raw/papers/DataCite_2024_Reconstructing120YearsOf_10_1111_ele_1447/README.md"", ""wiki/datasets/fiches_datasets/paper_joshua_tree_flowering.md"", ""data/final_datasets/sf/paper_joshua_tree_flowering.rds""]";"787a2791aea97819e1760b43a355a68646676fcffaa656bc4f0c2cc8f87d749a";"cdcafeaa54fe9d1209921c8d2002299c12d3a3bc412aacab308472e43c5b7b79"
"paper_kodiak_puffin_density";"wiki/datasets/fiches_datasets/paper_kodiak_puffin_density.md";"true";"ready";"ready_panel_reduction";"yes";"manual_review";"true";"false";"density ~ transect_width + sample_area + month + species_code";"density ~ transect_width + sample_area + month + species_code";"density_it(s) ~ depth + distance_to_shoreline + SSTa_t + PDO_t [modele conjoint VAST (vector autoregressive spatiotemporal), Poisson-link delta-GLMM avec erreur gamma pour la partie positive, ordination d'especes (1 facteur partage), effets spatio-temporels aleatoires en marche aleatoire, 500 noeuds spatiaux ; covariables de capturabilite (mois, heure, plateforme, qualite des donnees) modelisees separement]";"density_it(s) ~ depth + distance_to_shoreline + SSTa_t + PDO_t [modele conjoint VAST (vector autoregressive spatiotemporal), Poisson-link delta-GLMM avec erreur gamma pour la partie positive, ordination d'especes (1 facteur partage), effets spatio-temporels aleatoires en marche aleatoire, 500 noeuds spatiaux ; covariables de capturabilite (mois, heure, plateforme, qualite des donnees) modelisees separement]";"pub";"paper_extracted";"[""continuous""]";"[""continuous""]";"[]";"0";"0";"[""Geographic context"", ""Selected Y typology"", ""Selected Y evidence"", ""Recommended validation""]";"Decision conservatoire : N lignes=17908; T declare=39; variable temporelle declaree=year; repetitions de coordonnees controlees=9449. Grouper les observations du meme site/immeuble/individu dans un seul fold, et respecter la chronologie si l’objectif est prospectif. Le split aleatoire par ligne n’est pas valide sans justification. La fiche et les donnees sont conservees ; aucune suppression ni promotion.

Typologie de la reponse selectionnee : continuous. Ligne Detail Y correspondant a formula_used; les autres reponses candidates ne pilotent pas cette tache.

Provenance des corrections : audit du 2026-09-07, inspection du RDS et sources indiquees dans cette fiche. Regeneration : code/r_catalog/dataset_curation.py et dataset_curation_overrides.json.";"valid";"[]";"data/final_datasets/sf/paper_kodiak_puffin_density.rds";"17908";"not_promoted";"N lignes=17908; T declare=39; variable temporelle declaree=year; repetitions de coordonnees controlees=9449. Grouper les observations du meme site/immeuble/individu dans un seul fold, et respecter la chronologie si l’objectif est prospectif. Le split aleatoire par ligne n’est pas valide sans justification.";"[""package_include_not_yes"", ""benchmark_status_not_ready""]";"false";"[""data/final_datasets/sf/paper_kodiak_puffin_density.rds"", ""corpus/papers/raw_pdf/Stoner_2026_KodiakPuffinDeclines_duag053_full.pdf"", ""corpus/papers/tei/Stoner_2026_KodiakPuffinDeclines_duag053_full.tei.xml"", ""data/raw/papers/DatasetFirst_10_5281_zenodo_17128171/at-sea_hotpots_Stoner.et.al.csv"", ""data/raw/papers/DatasetFirst_10_5281_zenodo_17128171/colony_strata_Stoner.et.al.csv"", ""wiki/datasets/fiches_datasets/paper_kodiak_puffin_density.md"", ""data/final_datasets/sf/paper_kodiak_puffin_density.rds""]";"8e95c0a5cf36d0f641ee795fbff367bb705ec6142a113b579ba5dba282ac17cd";"26e4fd2aab20ba635ecd3e938807ba3085f14497be01e1a2cecb9586711a58ed"
"paper_korea_hedonic_housing";"wiki/datasets/fiches_datasets/paper_korea_hedonic_housing.md";"true";"ready";"ready_panel_reduction";"yes";"manual_review";"true";"false";"Housing.price ~ Area + Floor + Subway.distance + Population.density + Green.space.distance";"Housing.price ~ Area + Floor + Subway.distance + Population.density + Green.space.distance";"Condominium_price ~ Size + Floor + Subway_distance + Population_density + Green_space_distance + ... [Song, Ahn, An & Jang (2021), 'Hedonic dataset of the metropolitan housing market -- Cases in South Korea', Data in Brief, doi:10.1016/j.dib.2021.106877 -- article 'data descriptor' officiel de ce meme jeu de donnees (26 variables en 4 categories : housing properties, local demographics, local amenities, seasonal controls). Etude d'application liee trouvee : Ahn et al., 'Economic impact of being close to subway networks', doi:10.1016/j.retrec.2020.100900, confirmant 'network distance to nearest subway station' comme la variable la plus importante pour expliquer le prix, avec les caracteristiques du logement]";"Condominium_price ~ Size + Floor + Subway_distance + Population_density + Green_space_distance + ... [Song, Ahn, An & Jang (2021), 'Hedonic dataset of the metropolitan housing market -- Cases in South Korea', Data in Brief, doi:10.1016/j.dib.2021.106877 -- article 'data descriptor' officiel de ce meme jeu de donnees (26 variables en 4 categories : housing properties, local demographics, local amenities, seasonal controls). Etude d'application liee trouvee : Ahn et al., 'Economic impact of being close to subway networks', doi:10.1016/j.retrec.2020.100900, confirmant 'network distance to nearest subway station' comme la variable la plus importante pour expliquer le prix, avec les caracteristiques du logement]";"pub";"paper_extracted";"[""continuous""]";"[""continuous""]";"[]";"0";"0";"[""Geographic context"", ""Selected Y typology"", ""Selected Y evidence"", ""Recommended validation""]";"Decision conservatoire : N lignes=178719; T declare=46; variable temporelle declaree=Year; repetitions de coordonnees controlees=173324. Grouper les observations du meme site/immeuble/individu dans un seul fold, et respecter la chronologie si l’objectif est prospectif. Le split aleatoire par ligne n’est pas valide sans justification. Les coupes annuelles sont des transactions de logements : un millesime unique ne rend pas les transactions au meme emplacement independantes; definir une cle immeuble/site, conserver le lien au parent. La fiche et les donnees sont conservees ; aucune suppression ni promotion.

Typologie de la reponse selectionnee : continuous. Ligne Detail Y correspondant a formula_used; les autres reponses candidates ne pilotent pas cette tache.

Provenance des corrections : audit du 2026-09-07, inspection du RDS et sources indiquees dans cette fiche. Regeneration : code/r_catalog/dataset_curation.py et dataset_curation_overrides.json.";"valid";"[]";"data/final_datasets/sf/paper_korea_hedonic_housing.rds";"178719";"not_promoted";"N lignes=178719; T declare=46; variable temporelle declaree=Year; repetitions de coordonnees controlees=173324. Grouper les observations du meme site/immeuble/individu dans un seul fold, et respecter la chronologie si l’objectif est prospectif. Le split aleatoire par ligne n’est pas valide sans justification. Les coupes annuelles sont des transactions de logements : un millesime unique ne rend pas les transactions au meme emplacement independantes; definir une cle immeuble/site, conserver le lien au parent.";"[""package_include_not_yes"", ""benchmark_status_not_ready""]";"false";"[""data/final_datasets/sf/paper_korea_hedonic_housing.rds"", ""data/raw/papers/DatasetFirst_10_5281_zenodo_14715630"", ""wiki/datasets/fiches_datasets/paper_korea_hedonic_housing.md"", ""data/final_datasets/sf/paper_korea_hedonic_housing.rds""]";"a222501e6eb67527ad9fa77bad41e88149248e65a7feb3776d7580264f7b4e07";"1adb58f7e69fcd3450583f9c499e14940c52283ba51e1a929c60be2ca4a3e6ad"
"paper_korea_hedonic_housing_1989";"wiki/datasets/fiches_datasets/paper_korea_hedonic_housing_1989.md";"true";"ready";"manual_review";"yes";"manual_review";"true";"false";"Housing.price ~ Area + Floor + Subway.distance + Population.density + Green.space.distance";"Housing.price ~ Area + Floor + Subway.distance + Population.density + Green.space.distance";"Condominium_price ~ Size + Floor + Subway_distance + Population_density + Green_space_distance + ... [Song, Ahn, An & Jang (2021), 'Hedonic dataset of the metropolitan housing market -- Cases in South Korea', Data in Brief, doi:10.1016/j.dib.2021.106877]";"Condominium_price ~ Size + Floor + Subway_distance + Population_density + Green_space_distance + ... [Song, Ahn, An & Jang (2021), 'Hedonic dataset of the metropolitan housing market -- Cases in South Korea', Data in Brief, doi:10.1016/j.dib.2021.106877]";"pub";"paper_extracted";"[""continuous""]";"[""continuous""]";"[]";"0";"0";"[""Geographic context"", ""Selected Y typology"", ""Selected Y evidence"", ""Recommended validation""]";"Decision conservatoire : N lignes=2424; T declare=1; variable temporelle declaree=n/a; repetitions de coordonnees controlees=2355. Grouper les observations du meme site/immeuble/individu dans un seul fold, et respecter la chronologie si l’objectif est prospectif. Le split aleatoire par ligne n’est pas valide sans justification. Les coupes annuelles sont des transactions de logements : un millesime unique ne rend pas les transactions au meme emplacement independantes; definir une cle immeuble/site, conserver le lien au parent. La fiche et les donnees sont conservees ; aucune suppression ni promotion.

Typologie de la reponse selectionnee : continuous. Ligne Detail Y correspondant a formula_used; les autres reponses candidates ne pilotent pas cette tache.

Provenance des corrections : audit du 2026-09-07, inspection du RDS et sources indiquees dans cette fiche. Regeneration : code/r_catalog/dataset_curation.py et dataset_curation_overrides.json.";"valid";"[]";"data/final_datasets/sf/paper_korea_hedonic_housing_1989.rds";"2424";"not_promoted";"N lignes=2424; T declare=1; variable temporelle declaree=n/a; repetitions de coordonnees controlees=2355. Grouper les observations du meme site/immeuble/individu dans un seul fold, et respecter la chronologie si l’objectif est prospectif. Le split aleatoire par ligne n’est pas valide sans justification. Les coupes annuelles sont des transactions de logements : un millesime unique ne rend pas les transactions au meme emplacement independantes; definir une cle immeuble/site, conserver le lien au parent.";"[""package_include_not_yes"", ""benchmark_status_not_ready""]";"false";"[""data/final_datasets/sf/paper_korea_hedonic_housing_1989.rds"", ""data/raw/papers/DatasetFirst_10_5281_zenodo_14715630"", ""wiki/datasets/fiches_datasets/paper_korea_hedonic_housing_1989.md"", ""data/final_datasets/sf/paper_korea_hedonic_housing_1989.rds""]";"b80cf809a6b2fc1d75c3a1b5b06bc15049361f06e47be12e30012fb78cda9e49";"6f19adcd1a4457f4f4bc51eab82ba2f6f3d8528963487a63e6b2c0385f40a1b4"
"paper_korea_hedonic_housing_1990";"wiki/datasets/fiches_datasets/paper_korea_hedonic_housing_1990.md";"true";"ready";"manual_review";"yes";"manual_review";"true";"false";"Housing.price ~ Area + Floor + Subway.distance + Population.density + Green.space.distance";"Housing.price ~ Area + Floor + Subway.distance + Population.density + Green.space.distance";"Condominium_price ~ Size + Floor + Subway_distance + Population_density + Green_space_distance + ... [Song, Ahn, An & Jang (2021), 'Hedonic dataset of the metropolitan housing market -- Cases in South Korea', Data in Brief, doi:10.1016/j.dib.2021.106877]";"Condominium_price ~ Size + Floor + Subway_distance + Population_density + Green_space_distance + ... [Song, Ahn, An & Jang (2021), 'Hedonic dataset of the metropolitan housing market -- Cases in South Korea', Data in Brief, doi:10.1016/j.dib.2021.106877]";"pub";"paper_extracted";"[""continuous""]";"[""continuous""]";"[]";"0";"0";"[""Geographic context"", ""Selected Y typology"", ""Selected Y evidence"", ""Recommended validation""]";"Decision conservatoire : N lignes=1794; T declare=1; variable temporelle declaree=n/a; repetitions de coordonnees controlees=1729. Grouper les observations du meme site/immeuble/individu dans un seul fold, et respecter la chronologie si l’objectif est prospectif. Le split aleatoire par ligne n’est pas valide sans justification. Les coupes annuelles sont des transactions de logements : un millesime unique ne rend pas les transactions au meme emplacement independantes; definir une cle immeuble/site, conserver le lien au parent. La fiche et les donnees sont conservees ; aucune suppression ni promotion.

Typologie de la reponse selectionnee : continuous. Ligne Detail Y correspondant a formula_used; les autres reponses candidates ne pilotent pas cette tache.

Provenance des corrections : audit du 2026-09-07, inspection du RDS et sources indiquees dans cette fiche. Regeneration : code/r_catalog/dataset_curation.py et dataset_curation_overrides.json.";"valid";"[]";"data/final_datasets/sf/paper_korea_hedonic_housing_1990.rds";"1794";"not_promoted";"N lignes=1794; T declare=1; variable temporelle declaree=n/a; repetitions de coordonnees controlees=1729. Grouper les observations du meme site/immeuble/individu dans un seul fold, et respecter la chronologie si l’objectif est prospectif. Le split aleatoire par ligne n’est pas valide sans justification. Les coupes annuelles sont des transactions de logements : un millesime unique ne rend pas les transactions au meme emplacement independantes; definir une cle immeuble/site, conserver le lien au parent.";"[""package_include_not_yes"", ""benchmark_status_not_ready""]";"false";"[""data/final_datasets/sf/paper_korea_hedonic_housing_1990.rds"", ""data/raw/papers/DatasetFirst_10_5281_zenodo_14715630"", ""wiki/datasets/fiches_datasets/paper_korea_hedonic_housing_1990.md"", ""data/final_datasets/sf/paper_korea_hedonic_housing_1990.rds""]";"1221353d7079ea4adf67600f225483509a7ba61344820cc09567a92ac81db245";"d515b365e9b00a660c7e2caefd31882079ef546ddacac76b18ce67bad942c0d4"
"paper_korea_hedonic_housing_1991";"wiki/datasets/fiches_datasets/paper_korea_hedonic_housing_1991.md";"true";"ready";"manual_review";"yes";"manual_review";"true";"false";"Housing.price ~ Area + Floor + Subway.distance + Population.density + Green.space.distance";"Housing.price ~ Area + Floor + Subway.distance + Population.density + Green.space.distance";"Condominium_price ~ Size + Floor + Subway_distance + Population_density + Green_space_distance + ... [Song, Ahn, An & Jang (2021), 'Hedonic dataset of the metropolitan housing market -- Cases in South Korea', Data in Brief, doi:10.1016/j.dib.2021.106877]";"Condominium_price ~ Size + Floor + Subway_distance + Population_density + Green_space_distance + ... [Song, Ahn, An & Jang (2021), 'Hedonic dataset of the metropolitan housing market -- Cases in South Korea', Data in Brief, doi:10.1016/j.dib.2021.106877]";"pub";"paper_extracted";"[""continuous""]";"[""continuous""]";"[]";"0";"0";"[""Geographic context"", ""Selected Y typology"", ""Selected Y evidence"", ""Recommended validation""]";"Decision conservatoire : N lignes=3828; T declare=1; variable temporelle declaree=n/a; repetitions de coordonnees controlees=3730. Grouper les observations du meme site/immeuble/individu dans un seul fold, et respecter la chronologie si l’objectif est prospectif. Le split aleatoire par ligne n’est pas valide sans justification. Les coupes annuelles sont des transactions de logements : un millesime unique ne rend pas les transactions au meme emplacement independantes; definir une cle immeuble/site, conserver le lien au parent. La fiche et les donnees sont conservees ; aucune suppression ni promotion.

Typologie de la reponse selectionnee : continuous. Ligne Detail Y correspondant a formula_used; les autres reponses candidates ne pilotent pas cette tache.

Provenance des corrections : audit du 2026-09-07, inspection du RDS et sources indiquees dans cette fiche. Regeneration : code/r_catalog/dataset_curation.py et dataset_curation_overrides.json.";"valid";"[]";"data/final_datasets/sf/paper_korea_hedonic_housing_1991.rds";"3828";"not_promoted";"N lignes=3828; T declare=1; variable temporelle declaree=n/a; repetitions de coordonnees controlees=3730. Grouper les observations du meme site/immeuble/individu dans un seul fold, et respecter la chronologie si l’objectif est prospectif. Le split aleatoire par ligne n’est pas valide sans justification. Les coupes annuelles sont des transactions de logements : un millesime unique ne rend pas les transactions au meme emplacement independantes; definir une cle immeuble/site, conserver le lien au parent.";"[""package_include_not_yes"", ""benchmark_status_not_ready""]";"false";"[""data/final_datasets/sf/paper_korea_hedonic_housing_1991.rds"", ""data/raw/papers/DatasetFirst_10_5281_zenodo_14715630"", ""wiki/datasets/fiches_datasets/paper_korea_hedonic_housing_1991.md"", ""data/final_datasets/sf/paper_korea_hedonic_housing_1991.rds""]";"50edc5e8c0ef5fc23a3cb1c7e8c62002de078296b90e5c7e16a484ac0f44f7ec";"45ad6644f21857c844da2a73d3e97e8c1a1644d77c7ef87982e2f824aec3ae6b"
"paper_korea_hedonic_housing_1992";"wiki/datasets/fiches_datasets/paper_korea_hedonic_housing_1992.md";"true";"ready";"manual_review";"yes";"manual_review";"true";"false";"Housing.price ~ Area + Floor + Subway.distance + Population.density + Green.space.distance";"Housing.price ~ Area + Floor + Subway.distance + Population.density + Green.space.distance";"Condominium_price ~ Size + Floor + Subway_distance + Population_density + Green_space_distance + ... [Song, Ahn, An & Jang (2021), 'Hedonic dataset of the metropolitan housing market -- Cases in South Korea', Data in Brief, doi:10.1016/j.dib.2021.106877]";"Condominium_price ~ Size + Floor + Subway_distance + Population_density + Green_space_distance + ... [Song, Ahn, An & Jang (2021), 'Hedonic dataset of the metropolitan housing market -- Cases in South Korea', Data in Brief, doi:10.1016/j.dib.2021.106877]";"pub";"paper_extracted";"[""continuous""]";"[""continuous""]";"[]";"0";"0";"[""Geographic context"", ""Selected Y typology"", ""Selected Y evidence"", ""Recommended validation""]";"Decision conservatoire : N lignes=5697; T declare=1; variable temporelle declaree=n/a; repetitions de coordonnees controlees=5541. Grouper les observations du meme site/immeuble/individu dans un seul fold, et respecter la chronologie si l’objectif est prospectif. Le split aleatoire par ligne n’est pas valide sans justification. Les coupes annuelles sont des transactions de logements : un millesime unique ne rend pas les transactions au meme emplacement independantes; definir une cle immeuble/site, conserver le lien au parent. La fiche et les donnees sont conservees ; aucune suppression ni promotion.

Typologie de la reponse selectionnee : continuous. Ligne Detail Y correspondant a formula_used; les autres reponses candidates ne pilotent pas cette tache.

Provenance des corrections : audit du 2026-09-07, inspection du RDS et sources indiquees dans cette fiche. Regeneration : code/r_catalog/dataset_curation.py et dataset_curation_overrides.json.";"valid";"[]";"data/final_datasets/sf/paper_korea_hedonic_housing_1992.rds";"5697";"not_promoted";"N lignes=5697; T declare=1; variable temporelle declaree=n/a; repetitions de coordonnees controlees=5541. Grouper les observations du meme site/immeuble/individu dans un seul fold, et respecter la chronologie si l’objectif est prospectif. Le split aleatoire par ligne n’est pas valide sans justification. Les coupes annuelles sont des transactions de logements : un millesime unique ne rend pas les transactions au meme emplacement independantes; definir une cle immeuble/site, conserver le lien au parent.";"[""package_include_not_yes"", ""benchmark_status_not_ready""]";"false";"[""data/final_datasets/sf/paper_korea_hedonic_housing_1992.rds"", ""data/raw/papers/DatasetFirst_10_5281_zenodo_14715630"", ""wiki/datasets/fiches_datasets/paper_korea_hedonic_housing_1992.md"", ""data/final_datasets/sf/paper_korea_hedonic_housing_1992.rds""]";"6633f9870c478c55fd43a20dbf1f9e3a34bd218fd57c71cbb77aab859d6f7b1a";"d77ef4c762c364a3e9aefdbb7c7989f2b54ed8211b6d3ed574735574c59805f8"
"paper_korea_hedonic_housing_1993";"wiki/datasets/fiches_datasets/paper_korea_hedonic_housing_1993.md";"true";"ready";"manual_review";"yes";"manual_review";"true";"false";"Housing.price ~ Area + Floor + Subway.distance + Population.density + Green.space.distance";"Housing.price ~ Area + Floor + Subway.distance + Population.density + Green.space.distance";"Condominium_price ~ Size + Floor + Subway_distance + Population_density + Green_space_distance + ... [Song, Ahn, An & Jang (2021), 'Hedonic dataset of the metropolitan housing market -- Cases in South Korea', Data in Brief, doi:10.1016/j.dib.2021.106877]";"Condominium_price ~ Size + Floor + Subway_distance + Population_density + Green_space_distance + ... [Song, Ahn, An & Jang (2021), 'Hedonic dataset of the metropolitan housing market -- Cases in South Korea', Data in Brief, doi:10.1016/j.dib.2021.106877]";"pub";"paper_extracted";"[""continuous""]";"[""continuous""]";"[]";"0";"0";"[""Geographic context"", ""Selected Y typology"", ""Selected Y evidence"", ""Recommended validation""]";"Decision conservatoire : N lignes=5432; T declare=1; variable temporelle declaree=n/a; repetitions de coordonnees controlees=5268. Grouper les observations du meme site/immeuble/individu dans un seul fold, et respecter la chronologie si l’objectif est prospectif. Le split aleatoire par ligne n’est pas valide sans justification. Les coupes annuelles sont des transactions de logements : un millesime unique ne rend pas les transactions au meme emplacement independantes; definir une cle immeuble/site, conserver le lien au parent. La fiche et les donnees sont conservees ; aucune suppression ni promotion.

Typologie de la reponse selectionnee : continuous. Ligne Detail Y correspondant a formula_used; les autres reponses candidates ne pilotent pas cette tache.

Provenance des corrections : audit du 2026-09-07, inspection du RDS et sources indiquees dans cette fiche. Regeneration : code/r_catalog/dataset_curation.py et dataset_curation_overrides.json.";"valid";"[]";"data/final_datasets/sf/paper_korea_hedonic_housing_1993.rds";"5432";"not_promoted";"N lignes=5432; T declare=1; variable temporelle declaree=n/a; repetitions de coordonnees controlees=5268. Grouper les observations du meme site/immeuble/individu dans un seul fold, et respecter la chronologie si l’objectif est prospectif. Le split aleatoire par ligne n’est pas valide sans justification. Les coupes annuelles sont des transactions de logements : un millesime unique ne rend pas les transactions au meme emplacement independantes; definir une cle immeuble/site, conserver le lien au parent.";"[""package_include_not_yes"", ""benchmark_status_not_ready""]";"false";"[""data/final_datasets/sf/paper_korea_hedonic_housing_1993.rds"", ""data/raw/papers/DatasetFirst_10_5281_zenodo_14715630"", ""wiki/datasets/fiches_datasets/paper_korea_hedonic_housing_1993.md"", ""data/final_datasets/sf/paper_korea_hedonic_housing_1993.rds""]";"66ab1433e47c3c8dfb96bfda6370e3c441671a31e07b746daab55f833c13ba33";"a8fced467b42ad485044420eb241fe799d3ce8d4debdebd96b291525a6fccd71"
"paper_korea_hedonic_housing_1994";"wiki/datasets/fiches_datasets/paper_korea_hedonic_housing_1994.md";"true";"ready";"manual_review";"yes";"manual_review";"true";"false";"Housing.price ~ Area + Floor + Subway.distance + Population.density + Green.space.distance";"Housing.price ~ Area + Floor + Subway.distance + Population.density + Green.space.distance";"Condominium_price ~ Size + Floor + Subway_distance + Population_density + Green_space_distance + ... [Song, Ahn, An & Jang (2021), 'Hedonic dataset of the metropolitan housing market -- Cases in South Korea', Data in Brief, doi:10.1016/j.dib.2021.106877]";"Condominium_price ~ Size + Floor + Subway_distance + Population_density + Green_space_distance + ... [Song, Ahn, An & Jang (2021), 'Hedonic dataset of the metropolitan housing market -- Cases in South Korea', Data in Brief, doi:10.1016/j.dib.2021.106877]";"pub";"paper_extracted";"[""continuous""]";"[""continuous""]";"[]";"0";"0";"[""Geographic context"", ""Selected Y typology"", ""Selected Y evidence"", ""Recommended validation""]";"Decision conservatoire : N lignes=6771; T declare=1; variable temporelle declaree=n/a; repetitions de coordonnees controlees=6602. Grouper les observations du meme site/immeuble/individu dans un seul fold, et respecter la chronologie si l’objectif est prospectif. Le split aleatoire par ligne n’est pas valide sans justification. Les coupes annuelles sont des transactions de logements : un millesime unique ne rend pas les transactions au meme emplacement independantes; definir une cle immeuble/site, conserver le lien au parent. La fiche et les donnees sont conservees ; aucune suppression ni promotion.

Typologie de la reponse selectionnee : continuous. Ligne Detail Y correspondant a formula_used; les autres reponses candidates ne pilotent pas cette tache.

Provenance des corrections : audit du 2026-09-07, inspection du RDS et sources indiquees dans cette fiche. Regeneration : code/r_catalog/dataset_curation.py et dataset_curation_overrides.json.";"valid";"[]";"data/final_datasets/sf/paper_korea_hedonic_housing_1994.rds";"6771";"not_promoted";"N lignes=6771; T declare=1; variable temporelle declaree=n/a; repetitions de coordonnees controlees=6602. Grouper les observations du meme site/immeuble/individu dans un seul fold, et respecter la chronologie si l’objectif est prospectif. Le split aleatoire par ligne n’est pas valide sans justification. Les coupes annuelles sont des transactions de logements : un millesime unique ne rend pas les transactions au meme emplacement independantes; definir une cle immeuble/site, conserver le lien au parent.";"[""package_include_not_yes"", ""benchmark_status_not_ready""]";"false";"[""data/final_datasets/sf/paper_korea_hedonic_housing_1994.rds"", ""data/raw/papers/DatasetFirst_10_5281_zenodo_14715630"", ""wiki/datasets/fiches_datasets/paper_korea_hedonic_housing_1994.md"", ""data/final_datasets/sf/paper_korea_hedonic_housing_1994.rds""]";"e246c4882950611e405ecf57b437c486e89b9ba66ca85566c011d3e5d2a300d3";"b7cd6eb29961d21f13a4813908f456c2bc35ce7aeb7c1be920f5fd1e562ca1f7"
"paper_korea_hedonic_housing_1995";"wiki/datasets/fiches_datasets/paper_korea_hedonic_housing_1995.md";"true";"ready";"manual_review";"yes";"manual_review";"true";"false";"Housing.price ~ Area + Floor + Subway.distance + Population.density + Green.space.distance";"Housing.price ~ Area + Floor + Subway.distance + Population.density + Green.space.distance";"Condominium_price ~ Size + Floor + Subway_distance + Population_density + Green_space_distance + ... [Song, Ahn, An & Jang (2021), 'Hedonic dataset of the metropolitan housing market -- Cases in South Korea', Data in Brief, doi:10.1016/j.dib.2021.106877]";"Condominium_price ~ Size + Floor + Subway_distance + Population_density + Green_space_distance + ... [Song, Ahn, An & Jang (2021), 'Hedonic dataset of the metropolitan housing market -- Cases in South Korea', Data in Brief, doi:10.1016/j.dib.2021.106877]";"pub";"paper_extracted";"[""continuous""]";"[""continuous""]";"[]";"0";"0";"[""Geographic context"", ""Selected Y typology"", ""Selected Y evidence"", ""Recommended validation""]";"Decision conservatoire : N lignes=6914; T declare=1; variable temporelle declaree=n/a; repetitions de coordonnees controlees=6737. Grouper les observations du meme site/immeuble/individu dans un seul fold, et respecter la chronologie si l’objectif est prospectif. Le split aleatoire par ligne n’est pas valide sans justification. Les coupes annuelles sont des transactions de logements : un millesime unique ne rend pas les transactions au meme emplacement independantes; definir une cle immeuble/site, conserver le lien au parent. La fiche et les donnees sont conservees ; aucune suppression ni promotion.

Typologie de la reponse selectionnee : continuous. Ligne Detail Y correspondant a formula_used; les autres reponses candidates ne pilotent pas cette tache.

Provenance des corrections : audit du 2026-09-07, inspection du RDS et sources indiquees dans cette fiche. Regeneration : code/r_catalog/dataset_curation.py et dataset_curation_overrides.json.";"valid";"[]";"data/final_datasets/sf/paper_korea_hedonic_housing_1995.rds";"6914";"not_promoted";"N lignes=6914; T declare=1; variable temporelle declaree=n/a; repetitions de coordonnees controlees=6737. Grouper les observations du meme site/immeuble/individu dans un seul fold, et respecter la chronologie si l’objectif est prospectif. Le split aleatoire par ligne n’est pas valide sans justification. Les coupes annuelles sont des transactions de logements : un millesime unique ne rend pas les transactions au meme emplacement independantes; definir une cle immeuble/site, conserver le lien au parent.";"[""package_include_not_yes"", ""benchmark_status_not_ready""]";"false";"[""data/final_datasets/sf/paper_korea_hedonic_housing_1995.rds"", ""data/raw/papers/DatasetFirst_10_5281_zenodo_14715630"", ""wiki/datasets/fiches_datasets/paper_korea_hedonic_housing_1995.md"", ""data/final_datasets/sf/paper_korea_hedonic_housing_1995.rds""]";"f796b2d8d79fb684c86291ae3b8eba3accbdb39251c501afc853160c2f927da3";"98d1567a56aea7abcfd72d0274d7afcdcc5a2aa37b0bbd6aee40aaae80027347"
"paper_korea_hedonic_housing_1996";"wiki/datasets/fiches_datasets/paper_korea_hedonic_housing_1996.md";"true";"ready";"manual_review";"yes";"manual_review";"true";"false";"Housing.price ~ Area + Floor + Subway.distance + Population.density + Green.space.distance";"Housing.price ~ Area + Floor + Subway.distance + Population.density + Green.space.distance";"Condominium_price ~ Size + Floor + Subway_distance + Population_density + Green_space_distance + ... [Song, Ahn, An & Jang (2021), 'Hedonic dataset of the metropolitan housing market -- Cases in South Korea', Data in Brief, doi:10.1016/j.dib.2021.106877]";"Condominium_price ~ Size + Floor + Subway_distance + Population_density + Green_space_distance + ... [Song, Ahn, An & Jang (2021), 'Hedonic dataset of the metropolitan housing market -- Cases in South Korea', Data in Brief, doi:10.1016/j.dib.2021.106877]";"pub";"paper_extracted";"[""continuous""]";"[""continuous""]";"[]";"0";"0";"[""Geographic context"", ""Selected Y typology"", ""Selected Y evidence"", ""Recommended validation""]";"Decision conservatoire : N lignes=9261; T declare=1; variable temporelle declaree=n/a; repetitions de coordonnees controlees=9081. Grouper les observations du meme site/immeuble/individu dans un seul fold, et respecter la chronologie si l’objectif est prospectif. Le split aleatoire par ligne n’est pas valide sans justification. Les coupes annuelles sont des transactions de logements : un millesime unique ne rend pas les transactions au meme emplacement independantes; definir une cle immeuble/site, conserver le lien au parent. La fiche et les donnees sont conservees ; aucune suppression ni promotion.

Typologie de la reponse selectionnee : continuous. Ligne Detail Y correspondant a formula_used; les autres reponses candidates ne pilotent pas cette tache.

Provenance des corrections : audit du 2026-09-07, inspection du RDS et sources indiquees dans cette fiche. Regeneration : code/r_catalog/dataset_curation.py et dataset_curation_overrides.json.";"valid";"[]";"data/final_datasets/sf/paper_korea_hedonic_housing_1996.rds";"9261";"not_promoted";"N lignes=9261; T declare=1; variable temporelle declaree=n/a; repetitions de coordonnees controlees=9081. Grouper les observations du meme site/immeuble/individu dans un seul fold, et respecter la chronologie si l’objectif est prospectif. Le split aleatoire par ligne n’est pas valide sans justification. Les coupes annuelles sont des transactions de logements : un millesime unique ne rend pas les transactions au meme emplacement independantes; definir une cle immeuble/site, conserver le lien au parent.";"[""package_include_not_yes"", ""benchmark_status_not_ready""]";"false";"[""data/final_datasets/sf/paper_korea_hedonic_housing_1996.rds"", ""data/raw/papers/DatasetFirst_10_5281_zenodo_14715630"", ""wiki/datasets/fiches_datasets/paper_korea_hedonic_housing_1996.md"", ""data/final_datasets/sf/paper_korea_hedonic_housing_1996.rds""]";"c5419fe2325f4b24504a28287aa868d5a98f3fbbceeac5071bc637c3d8726934";"1323420d4e69babc27588c0a73621288865fbe17fa7caa3c144a578d75b7f3de"
"paper_korea_hedonic_housing_1997";"wiki/datasets/fiches_datasets/paper_korea_hedonic_housing_1997.md";"true";"ready";"manual_review";"yes";"manual_review";"true";"false";"Housing.price ~ Area + Floor + Subway.distance + Population.density + Green.space.distance";"Housing.price ~ Area + Floor + Subway.distance + Population.density + Green.space.distance";"Condominium_price ~ Size + Floor + Subway_distance + Population_density + Green_space_distance + ... [Song, Ahn, An & Jang (2021), 'Hedonic dataset of the metropolitan housing market -- Cases in South Korea', Data in Brief, doi:10.1016/j.dib.2021.106877]";"Condominium_price ~ Size + Floor + Subway_distance + Population_density + Green_space_distance + ... [Song, Ahn, An & Jang (2021), 'Hedonic dataset of the metropolitan housing market -- Cases in South Korea', Data in Brief, doi:10.1016/j.dib.2021.106877]";"pub";"paper_extracted";"[""continuous""]";"[""continuous""]";"[]";"0";"0";"[""Geographic context"", ""Selected Y typology"", ""Selected Y evidence"", ""Recommended validation""]";"Decision conservatoire : N lignes=9135; T declare=1; variable temporelle declaree=n/a; repetitions de coordonnees controlees=8949. Grouper les observations du meme site/immeuble/individu dans un seul fold, et respecter la chronologie si l’objectif est prospectif. Le split aleatoire par ligne n’est pas valide sans justification. Les coupes annuelles sont des transactions de logements : un millesime unique ne rend pas les transactions au meme emplacement independantes; definir une cle immeuble/site, conserver le lien au parent. La fiche et les donnees sont conservees ; aucune suppression ni promotion.

Typologie de la reponse selectionnee : continuous. Ligne Detail Y correspondant a formula_used; les autres reponses candidates ne pilotent pas cette tache.

Provenance des corrections : audit du 2026-09-07, inspection du RDS et sources indiquees dans cette fiche. Regeneration : code/r_catalog/dataset_curation.py et dataset_curation_overrides.json.";"valid";"[]";"data/final_datasets/sf/paper_korea_hedonic_housing_1997.rds";"9135";"not_promoted";"N lignes=9135; T declare=1; variable temporelle declaree=n/a; repetitions de coordonnees controlees=8949. Grouper les observations du meme site/immeuble/individu dans un seul fold, et respecter la chronologie si l’objectif est prospectif. Le split aleatoire par ligne n’est pas valide sans justification. Les coupes annuelles sont des transactions de logements : un millesime unique ne rend pas les transactions au meme emplacement independantes; definir une cle immeuble/site, conserver le lien au parent.";"[""package_include_not_yes"", ""benchmark_status_not_ready""]";"false";"[""data/final_datasets/sf/paper_korea_hedonic_housing_1997.rds"", ""data/raw/papers/DatasetFirst_10_5281_zenodo_14715630"", ""wiki/datasets/fiches_datasets/paper_korea_hedonic_housing_1997.md"", ""data/final_datasets/sf/paper_korea_hedonic_housing_1997.rds""]";"6ad3dafda34b8430f849d24b0640eef97a39153749c2bad98f44f86e0c51855e";"fd610bec3baee9bea63a5ada74f617d8490cd20b95ec2ec890c08d14278f1d8f"
"paper_korea_hedonic_housing_1998";"wiki/datasets/fiches_datasets/paper_korea_hedonic_housing_1998.md";"true";"ready";"manual_review";"yes";"manual_review";"true";"false";"Housing.price ~ Area + Floor + Subway.distance + Population.density + Green.space.distance";"Housing.price ~ Area + Floor + Subway.distance + Population.density + Green.space.distance";"Condominium_price ~ Size + Floor + Subway_distance + Population_density + Green_space_distance + ... [Song, Ahn, An & Jang (2021), 'Hedonic dataset of the metropolitan housing market -- Cases in South Korea', Data in Brief, doi:10.1016/j.dib.2021.106877]";"Condominium_price ~ Size + Floor + Subway_distance + Population_density + Green_space_distance + ... [Song, Ahn, An & Jang (2021), 'Hedonic dataset of the metropolitan housing market -- Cases in South Korea', Data in Brief, doi:10.1016/j.dib.2021.106877]";"pub";"paper_extracted";"[""continuous""]";"[""continuous""]";"[]";"0";"0";"[""Geographic context"", ""Selected Y typology"", ""Selected Y evidence"", ""Recommended validation""]";"Decision conservatoire : N lignes=6485; T declare=1; variable temporelle declaree=n/a; repetitions de coordonnees controlees=6350. Grouper les observations du meme site/immeuble/individu dans un seul fold, et respecter la chronologie si l’objectif est prospectif. Le split aleatoire par ligne n’est pas valide sans justification. Les coupes annuelles sont des transactions de logements : un millesime unique ne rend pas les transactions au meme emplacement independantes; definir une cle immeuble/site, conserver le lien au parent. La fiche et les donnees sont conservees ; aucune suppression ni promotion.

Typologie de la reponse selectionnee : continuous. Ligne Detail Y correspondant a formula_used; les autres reponses candidates ne pilotent pas cette tache.

Provenance des corrections : audit du 2026-09-07, inspection du RDS et sources indiquees dans cette fiche. Regeneration : code/r_catalog/dataset_curation.py et dataset_curation_overrides.json.";"valid";"[]";"data/final_datasets/sf/paper_korea_hedonic_housing_1998.rds";"6485";"not_promoted";"N lignes=6485; T declare=1; variable temporelle declaree=n/a; repetitions de coordonnees controlees=6350. Grouper les observations du meme site/immeuble/individu dans un seul fold, et respecter la chronologie si l’objectif est prospectif. Le split aleatoire par ligne n’est pas valide sans justification. Les coupes annuelles sont des transactions de logements : un millesime unique ne rend pas les transactions au meme emplacement independantes; definir une cle immeuble/site, conserver le lien au parent.";"[""package_include_not_yes"", ""benchmark_status_not_ready""]";"false";"[""data/final_datasets/sf/paper_korea_hedonic_housing_1998.rds"", ""data/raw/papers/DatasetFirst_10_5281_zenodo_14715630"", ""wiki/datasets/fiches_datasets/paper_korea_hedonic_housing_1998.md"", ""data/final_datasets/sf/paper_korea_hedonic_housing_1998.rds""]";"bb209237770f6ddcc2a6f4f7327677bad7fc23a7a484e64b6a75e2cbcd874653";"ad82d0cecec824c44be64b6500afd378ee2c69a8c2b42456f186fa82f5a0b45e"
"paper_korea_hedonic_housing_1999";"wiki/datasets/fiches_datasets/paper_korea_hedonic_housing_1999.md";"true";"ready";"manual_review";"yes";"manual_review";"true";"false";"Housing.price ~ Area + Floor + Subway.distance + Population.density + Green.space.distance";"Housing.price ~ Area + Floor + Subway.distance + Population.density + Green.space.distance";"Condominium_price ~ Size + Floor + Subway_distance + Population_density + Green_space_distance + ... [Song, Ahn, An & Jang (2021), 'Hedonic dataset of the metropolitan housing market -- Cases in South Korea', Data in Brief, doi:10.1016/j.dib.2021.106877]";"Condominium_price ~ Size + Floor + Subway_distance + Population_density + Green_space_distance + ... [Song, Ahn, An & Jang (2021), 'Hedonic dataset of the metropolitan housing market -- Cases in South Korea', Data in Brief, doi:10.1016/j.dib.2021.106877]";"pub";"paper_extracted";"[""continuous""]";"[""continuous""]";"[]";"0";"0";"[""Geographic context"", ""Selected Y typology"", ""Selected Y evidence"", ""Recommended validation""]";"Decision conservatoire : N lignes=5572; T declare=1; variable temporelle declaree=n/a; repetitions de coordonnees controlees=5469. Grouper les observations du meme site/immeuble/individu dans un seul fold, et respecter la chronologie si l’objectif est prospectif. Le split aleatoire par ligne n’est pas valide sans justification. Les coupes annuelles sont des transactions de logements : un millesime unique ne rend pas les transactions au meme emplacement independantes; definir une cle immeuble/site, conserver le lien au parent. La fiche et les donnees sont conservees ; aucune suppression ni promotion.

Typologie de la reponse selectionnee : continuous. Ligne Detail Y correspondant a formula_used; les autres reponses candidates ne pilotent pas cette tache.

Provenance des corrections : audit du 2026-09-07, inspection du RDS et sources indiquees dans cette fiche. Regeneration : code/r_catalog/dataset_curation.py et dataset_curation_overrides.json.";"valid";"[]";"data/final_datasets/sf/paper_korea_hedonic_housing_1999.rds";"5572";"not_promoted";"N lignes=5572; T declare=1; variable temporelle declaree=n/a; repetitions de coordonnees controlees=5469. Grouper les observations du meme site/immeuble/individu dans un seul fold, et respecter la chronologie si l’objectif est prospectif. Le split aleatoire par ligne n’est pas valide sans justification. Les coupes annuelles sont des transactions de logements : un millesime unique ne rend pas les transactions au meme emplacement independantes; definir une cle immeuble/site, conserver le lien au parent.";"[""package_include_not_yes"", ""benchmark_status_not_ready""]";"false";"[""data/final_datasets/sf/paper_korea_hedonic_housing_1999.rds"", ""data/raw/papers/DatasetFirst_10_5281_zenodo_14715630"", ""wiki/datasets/fiches_datasets/paper_korea_hedonic_housing_1999.md"", ""data/final_datasets/sf/paper_korea_hedonic_housing_1999.rds""]";"3ad5ceb0ee839e395df2ee5a51fa83496c0a8dd9a8844ace26f254e193e2a12f";"8d2f04edf2742808c1b0836bd6ea73e5ffbf7ff4978214d8d2b396beecf1246c"
"paper_korea_hedonic_housing_2000";"wiki/datasets/fiches_datasets/paper_korea_hedonic_housing_2000.md";"true";"ready";"manual_review";"yes";"manual_review";"true";"false";"Housing.price ~ Area + Floor + Subway.distance + Population.density + Green.space.distance";"Housing.price ~ Area + Floor + Subway.distance + Population.density + Green.space.distance";"Condominium_price ~ Size + Floor + Subway_distance + Population_density + Green_space_distance + ... [Song, Ahn, An & Jang (2021), 'Hedonic dataset of the metropolitan housing market -- Cases in South Korea', Data in Brief, doi:10.1016/j.dib.2021.106877]";"Condominium_price ~ Size + Floor + Subway_distance + Population_density + Green_space_distance + ... [Song, Ahn, An & Jang (2021), 'Hedonic dataset of the metropolitan housing market -- Cases in South Korea', Data in Brief, doi:10.1016/j.dib.2021.106877]";"pub";"paper_extracted";"[""continuous""]";"[""continuous""]";"[]";"0";"0";"[""Geographic context"", ""Selected Y typology"", ""Selected Y evidence"", ""Recommended validation""]";"Decision conservatoire : N lignes=6599; T declare=1; variable temporelle declaree=n/a; repetitions de coordonnees controlees=6455. Grouper les observations du meme site/immeuble/individu dans un seul fold, et respecter la chronologie si l’objectif est prospectif. Le split aleatoire par ligne n’est pas valide sans justification. Les coupes annuelles sont des transactions de logements : un millesime unique ne rend pas les transactions au meme emplacement independantes; definir une cle immeuble/site, conserver le lien au parent. La fiche et les donnees sont conservees ; aucune suppression ni promotion.

Typologie de la reponse selectionnee : continuous. Ligne Detail Y correspondant a formula_used; les autres reponses candidates ne pilotent pas cette tache.

Provenance des corrections : audit du 2026-09-07, inspection du RDS et sources indiquees dans cette fiche. Regeneration : code/r_catalog/dataset_curation.py et dataset_curation_overrides.json.";"valid";"[]";"data/final_datasets/sf/paper_korea_hedonic_housing_2000.rds";"6599";"not_promoted";"N lignes=6599; T declare=1; variable temporelle declaree=n/a; repetitions de coordonnees controlees=6455. Grouper les observations du meme site/immeuble/individu dans un seul fold, et respecter la chronologie si l’objectif est prospectif. Le split aleatoire par ligne n’est pas valide sans justification. Les coupes annuelles sont des transactions de logements : un millesime unique ne rend pas les transactions au meme emplacement independantes; definir une cle immeuble/site, conserver le lien au parent.";"[""package_include_not_yes"", ""benchmark_status_not_ready""]";"false";"[""data/final_datasets/sf/paper_korea_hedonic_housing_2000.rds"", ""data/raw/papers/DatasetFirst_10_5281_zenodo_14715630"", ""wiki/datasets/fiches_datasets/paper_korea_hedonic_housing_2000.md"", ""data/final_datasets/sf/paper_korea_hedonic_housing_2000.rds""]";"5561dd69333d7da13b3c14e90eceb1e068de1fff062e428b72316c02fe65930b";"f36358110201ba273516c55617a46981230622aa75eae1d5d075173794794542"
"paper_korea_hedonic_housing_2001";"wiki/datasets/fiches_datasets/paper_korea_hedonic_housing_2001.md";"true";"ready";"manual_review";"yes";"manual_review";"true";"false";"Housing.price ~ Area + Floor + Subway.distance + Population.density + Green.space.distance";"Housing.price ~ Area + Floor + Subway.distance + Population.density + Green.space.distance";"Condominium_price ~ Size + Floor + Subway_distance + Population_density + Green_space_distance + ... [Song, Ahn, An & Jang (2021), 'Hedonic dataset of the metropolitan housing market -- Cases in South Korea', Data in Brief, doi:10.1016/j.dib.2021.106877]";"Condominium_price ~ Size + Floor + Subway_distance + Population_density + Green_space_distance + ... [Song, Ahn, An & Jang (2021), 'Hedonic dataset of the metropolitan housing market -- Cases in South Korea', Data in Brief, doi:10.1016/j.dib.2021.106877]";"pub";"paper_extracted";"[""continuous""]";"[""continuous""]";"[]";"0";"0";"[""Geographic context"", ""Selected Y typology"", ""Selected Y evidence"", ""Recommended validation""]";"Decision conservatoire : N lignes=4165; T declare=1; variable temporelle declaree=n/a; repetitions de coordonnees controlees=4021. Grouper les observations du meme site/immeuble/individu dans un seul fold, et respecter la chronologie si l’objectif est prospectif. Le split aleatoire par ligne n’est pas valide sans justification. Les coupes annuelles sont des transactions de logements : un millesime unique ne rend pas les transactions au meme emplacement independantes; definir une cle immeuble/site, conserver le lien au parent. La fiche et les donnees sont conservees ; aucune suppression ni promotion.

Typologie de la reponse selectionnee : continuous. Ligne Detail Y correspondant a formula_used; les autres reponses candidates ne pilotent pas cette tache.

Provenance des corrections : audit du 2026-09-07, inspection du RDS et sources indiquees dans cette fiche. Regeneration : code/r_catalog/dataset_curation.py et dataset_curation_overrides.json.";"valid";"[]";"data/final_datasets/sf/paper_korea_hedonic_housing_2001.rds";"4165";"not_promoted";"N lignes=4165; T declare=1; variable temporelle declaree=n/a; repetitions de coordonnees controlees=4021. Grouper les observations du meme site/immeuble/individu dans un seul fold, et respecter la chronologie si l’objectif est prospectif. Le split aleatoire par ligne n’est pas valide sans justification. Les coupes annuelles sont des transactions de logements : un millesime unique ne rend pas les transactions au meme emplacement independantes; definir une cle immeuble/site, conserver le lien au parent.";"[""package_include_not_yes"", ""benchmark_status_not_ready""]";"false";"[""data/final_datasets/sf/paper_korea_hedonic_housing_2001.rds"", ""data/raw/papers/DatasetFirst_10_5281_zenodo_14715630"", ""wiki/datasets/fiches_datasets/paper_korea_hedonic_housing_2001.md"", ""data/final_datasets/sf/paper_korea_hedonic_housing_2001.rds""]";"f3fc6389efa284a2ccdda993fc135ad32b7c386b89054ac2cbaf4eca4c248a89";"afe28c3f8ca26a5df7779c4d1bb20e7c01acc16d0a7c0e81cb28918a3c6186fb"
"paper_korea_hedonic_housing_2002";"wiki/datasets/fiches_datasets/paper_korea_hedonic_housing_2002.md";"true";"ready";"manual_review";"yes";"manual_review";"true";"false";"Housing.price ~ Area + Floor + Subway.distance + Population.density + Green.space.distance";"Housing.price ~ Area + Floor + Subway.distance + Population.density + Green.space.distance";"Condominium_price ~ Size + Floor + Subway_distance + Population_density + Green_space_distance + ... [Song, Ahn, An & Jang (2021), 'Hedonic dataset of the metropolitan housing market -- Cases in South Korea', Data in Brief, doi:10.1016/j.dib.2021.106877]";"Condominium_price ~ Size + Floor + Subway_distance + Population_density + Green_space_distance + ... [Song, Ahn, An & Jang (2021), 'Hedonic dataset of the metropolitan housing market -- Cases in South Korea', Data in Brief, doi:10.1016/j.dib.2021.106877]";"pub";"paper_extracted";"[""continuous""]";"[""continuous""]";"[]";"0";"0";"[""Geographic context"", ""Selected Y typology"", ""Selected Y evidence"", ""Recommended validation""]";"Decision conservatoire : N lignes=4799; T declare=1; variable temporelle declaree=n/a; repetitions de coordonnees controlees=4542. Grouper les observations du meme site/immeuble/individu dans un seul fold, et respecter la chronologie si l’objectif est prospectif. Le split aleatoire par ligne n’est pas valide sans justification. Les coupes annuelles sont des transactions de logements : un millesime unique ne rend pas les transactions au meme emplacement independantes; definir une cle immeuble/site, conserver le lien au parent. La fiche et les donnees sont conservees ; aucune suppression ni promotion.

Typologie de la reponse selectionnee : continuous. Ligne Detail Y correspondant a formula_used; les autres reponses candidates ne pilotent pas cette tache.

Provenance des corrections : audit du 2026-09-07, inspection du RDS et sources indiquees dans cette fiche. Regeneration : code/r_catalog/dataset_curation.py et dataset_curation_overrides.json.";"valid";"[]";"data/final_datasets/sf/paper_korea_hedonic_housing_2002.rds";"4799";"not_promoted";"N lignes=4799; T declare=1; variable temporelle declaree=n/a; repetitions de coordonnees controlees=4542. Grouper les observations du meme site/immeuble/individu dans un seul fold, et respecter la chronologie si l’objectif est prospectif. Le split aleatoire par ligne n’est pas valide sans justification. Les coupes annuelles sont des transactions de logements : un millesime unique ne rend pas les transactions au meme emplacement independantes; definir une cle immeuble/site, conserver le lien au parent.";"[""package_include_not_yes"", ""benchmark_status_not_ready""]";"false";"[""data/final_datasets/sf/paper_korea_hedonic_housing_2002.rds"", ""data/raw/papers/DatasetFirst_10_5281_zenodo_14715630"", ""wiki/datasets/fiches_datasets/paper_korea_hedonic_housing_2002.md"", ""data/final_datasets/sf/paper_korea_hedonic_housing_2002.rds""]";"2472ec870cccbb9d4bee2d903f267bf9b2972fc9fbe16e1359e55d0650495205";"d2e8ea5f95d13a20b37c684ab556b1ed039a666787c67d11728f2030a4d03804"
"paper_korea_hedonic_housing_2003";"wiki/datasets/fiches_datasets/paper_korea_hedonic_housing_2003.md";"true";"ready";"manual_review";"yes";"manual_review";"true";"false";"Housing.price ~ Area + Floor + Subway.distance + Population.density + Green.space.distance";"Housing.price ~ Area + Floor + Subway.distance + Population.density + Green.space.distance";"Condominium_price ~ Size + Floor + Subway_distance + Population_density + Green_space_distance + ... [Song, Ahn, An & Jang (2021), 'Hedonic dataset of the metropolitan housing market -- Cases in South Korea', Data in Brief, doi:10.1016/j.dib.2021.106877]";"Condominium_price ~ Size + Floor + Subway_distance + Population_density + Green_space_distance + ... [Song, Ahn, An & Jang (2021), 'Hedonic dataset of the metropolitan housing market -- Cases in South Korea', Data in Brief, doi:10.1016/j.dib.2021.106877]";"pub";"paper_extracted";"[""continuous""]";"[""continuous""]";"[]";"0";"0";"[""Geographic context"", ""Selected Y typology"", ""Selected Y evidence"", ""Recommended validation""]";"Decision conservatoire : N lignes=6122; T declare=1; variable temporelle declaree=n/a; repetitions de coordonnees controlees=5750. Grouper les observations du meme site/immeuble/individu dans un seul fold, et respecter la chronologie si l’objectif est prospectif. Le split aleatoire par ligne n’est pas valide sans justification. Les coupes annuelles sont des transactions de logements : un millesime unique ne rend pas les transactions au meme emplacement independantes; definir une cle immeuble/site, conserver le lien au parent. La fiche et les donnees sont conservees ; aucune suppression ni promotion.

Typologie de la reponse selectionnee : continuous. Ligne Detail Y correspondant a formula_used; les autres reponses candidates ne pilotent pas cette tache.

Provenance des corrections : audit du 2026-09-07, inspection du RDS et sources indiquees dans cette fiche. Regeneration : code/r_catalog/dataset_curation.py et dataset_curation_overrides.json.";"valid";"[]";"data/final_datasets/sf/paper_korea_hedonic_housing_2003.rds";"6122";"not_promoted";"N lignes=6122; T declare=1; variable temporelle declaree=n/a; repetitions de coordonnees controlees=5750. Grouper les observations du meme site/immeuble/individu dans un seul fold, et respecter la chronologie si l’objectif est prospectif. Le split aleatoire par ligne n’est pas valide sans justification. Les coupes annuelles sont des transactions de logements : un millesime unique ne rend pas les transactions au meme emplacement independantes; definir une cle immeuble/site, conserver le lien au parent.";"[""package_include_not_yes"", ""benchmark_status_not_ready""]";"false";"[""data/final_datasets/sf/paper_korea_hedonic_housing_2003.rds"", ""data/raw/papers/DatasetFirst_10_5281_zenodo_14715630"", ""wiki/datasets/fiches_datasets/paper_korea_hedonic_housing_2003.md"", ""data/final_datasets/sf/paper_korea_hedonic_housing_2003.rds""]";"e50b98c8f90bae716d24e678fa1da530f568964525589acd02b12c98fa0ab08e";"bf76d4d52daaa505106788461a49f5682d79f48a585a259ea61ee8bc70831fc2"
"paper_korea_hedonic_housing_2004";"wiki/datasets/fiches_datasets/paper_korea_hedonic_housing_2004.md";"true";"ready";"manual_review";"yes";"manual_review";"true";"false";"Housing.price ~ Area + Floor + Subway.distance + Population.density + Green.space.distance";"Housing.price ~ Area + Floor + Subway.distance + Population.density + Green.space.distance";"Condominium_price ~ Size + Floor + Subway_distance + Population_density + Green_space_distance + ... [Song, Ahn, An & Jang (2021), 'Hedonic dataset of the metropolitan housing market -- Cases in South Korea', Data in Brief, doi:10.1016/j.dib.2021.106877]";"Condominium_price ~ Size + Floor + Subway_distance + Population_density + Green_space_distance + ... [Song, Ahn, An & Jang (2021), 'Hedonic dataset of the metropolitan housing market -- Cases in South Korea', Data in Brief, doi:10.1016/j.dib.2021.106877]";"pub";"paper_extracted";"[""continuous""]";"[""continuous""]";"[]";"0";"0";"[""Geographic context"", ""Selected Y typology"", ""Selected Y evidence"", ""Recommended validation""]";"Decision conservatoire : N lignes=4346; T declare=1; variable temporelle declaree=n/a; repetitions de coordonnees controlees=4112. Grouper les observations du meme site/immeuble/individu dans un seul fold, et respecter la chronologie si l’objectif est prospectif. Le split aleatoire par ligne n’est pas valide sans justification. Les coupes annuelles sont des transactions de logements : un millesime unique ne rend pas les transactions au meme emplacement independantes; definir une cle immeuble/site, conserver le lien au parent. La fiche et les donnees sont conservees ; aucune suppression ni promotion.

Typologie de la reponse selectionnee : continuous. Ligne Detail Y correspondant a formula_used; les autres reponses candidates ne pilotent pas cette tache.

Provenance des corrections : audit du 2026-09-07, inspection du RDS et sources indiquees dans cette fiche. Regeneration : code/r_catalog/dataset_curation.py et dataset_curation_overrides.json.";"valid";"[]";"data/final_datasets/sf/paper_korea_hedonic_housing_2004.rds";"4346";"not_promoted";"N lignes=4346; T declare=1; variable temporelle declaree=n/a; repetitions de coordonnees controlees=4112. Grouper les observations du meme site/immeuble/individu dans un seul fold, et respecter la chronologie si l’objectif est prospectif. Le split aleatoire par ligne n’est pas valide sans justification. Les coupes annuelles sont des transactions de logements : un millesime unique ne rend pas les transactions au meme emplacement independantes; definir une cle immeuble/site, conserver le lien au parent.";"[""package_include_not_yes"", ""benchmark_status_not_ready""]";"false";"[""data/final_datasets/sf/paper_korea_hedonic_housing_2004.rds"", ""data/raw/papers/DatasetFirst_10_5281_zenodo_14715630"", ""wiki/datasets/fiches_datasets/paper_korea_hedonic_housing_2004.md"", ""data/final_datasets/sf/paper_korea_hedonic_housing_2004.rds""]";"c46ad542af1d87cb7a29c18df516254929c2e050e00c10b9df3d6aea7a8a8e81";"5cfa68106bd0e53f21cfa3278c520d739a0e4404e05f86f8a8fffe49899fb21a"
"paper_korea_hedonic_housing_2005";"wiki/datasets/fiches_datasets/paper_korea_hedonic_housing_2005.md";"true";"ready";"manual_review";"yes";"manual_review";"true";"false";"Housing.price ~ Area + Floor + Subway.distance + Population.density + Green.space.distance";"Housing.price ~ Area + Floor + Subway.distance + Population.density + Green.space.distance";"Condominium_price ~ Size + Floor + Subway_distance + Population_density + Green_space_distance + ... [Song, Ahn, An & Jang (2021), 'Hedonic dataset of the metropolitan housing market -- Cases in South Korea', Data in Brief, doi:10.1016/j.dib.2021.106877]";"Condominium_price ~ Size + Floor + Subway_distance + Population_density + Green_space_distance + ... [Song, Ahn, An & Jang (2021), 'Hedonic dataset of the metropolitan housing market -- Cases in South Korea', Data in Brief, doi:10.1016/j.dib.2021.106877]";"pub";"paper_extracted";"[""continuous""]";"[""continuous""]";"[]";"0";"0";"[""Geographic context"", ""Selected Y typology"", ""Selected Y evidence"", ""Recommended validation""]";"Decision conservatoire : N lignes=6559; T declare=1; variable temporelle declaree=n/a; repetitions de coordonnees controlees=6366. Grouper les observations du meme site/immeuble/individu dans un seul fold, et respecter la chronologie si l’objectif est prospectif. Le split aleatoire par ligne n’est pas valide sans justification. Les coupes annuelles sont des transactions de logements : un millesime unique ne rend pas les transactions au meme emplacement independantes; definir une cle immeuble/site, conserver le lien au parent. La fiche et les donnees sont conservees ; aucune suppression ni promotion.

Typologie de la reponse selectionnee : continuous. Ligne Detail Y correspondant a formula_used; les autres reponses candidates ne pilotent pas cette tache.

Provenance des corrections : audit du 2026-09-07, inspection du RDS et sources indiquees dans cette fiche. Regeneration : code/r_catalog/dataset_curation.py et dataset_curation_overrides.json.";"valid";"[]";"data/final_datasets/sf/paper_korea_hedonic_housing_2005.rds";"6559";"not_promoted";"N lignes=6559; T declare=1; variable temporelle declaree=n/a; repetitions de coordonnees controlees=6366. Grouper les observations du meme site/immeuble/individu dans un seul fold, et respecter la chronologie si l’objectif est prospectif. Le split aleatoire par ligne n’est pas valide sans justification. Les coupes annuelles sont des transactions de logements : un millesime unique ne rend pas les transactions au meme emplacement independantes; definir une cle immeuble/site, conserver le lien au parent.";"[""package_include_not_yes"", ""benchmark_status_not_ready""]";"false";"[""data/final_datasets/sf/paper_korea_hedonic_housing_2005.rds"", ""data/raw/papers/DatasetFirst_10_5281_zenodo_14715630"", ""wiki/datasets/fiches_datasets/paper_korea_hedonic_housing_2005.md"", ""data/final_datasets/sf/paper_korea_hedonic_housing_2005.rds""]";"85390a95921a9b75a22c5abf9ec4b42dd5ba4f5131db8283279f0defe3d46b77";"9f11febe0978962cff0e95e94a19c78d92c37837ec7a4935355ef139d66c9363"
"paper_korea_hedonic_housing_2006";"wiki/datasets/fiches_datasets/paper_korea_hedonic_housing_2006.md";"true";"ready";"manual_review";"yes";"manual_review";"true";"false";"Housing.price ~ Area + Floor + Subway.distance + Population.density + Green.space.distance";"Housing.price ~ Area + Floor + Subway.distance + Population.density + Green.space.distance";"Condominium_price ~ Size + Floor + Subway_distance + Population_density + Green_space_distance + ... [Song, Ahn, An & Jang (2021), 'Hedonic dataset of the metropolitan housing market -- Cases in South Korea', Data in Brief, doi:10.1016/j.dib.2021.106877]";"Condominium_price ~ Size + Floor + Subway_distance + Population_density + Green_space_distance + ... [Song, Ahn, An & Jang (2021), 'Hedonic dataset of the metropolitan housing market -- Cases in South Korea', Data in Brief, doi:10.1016/j.dib.2021.106877]";"pub";"paper_extracted";"[""continuous""]";"[""continuous""]";"[]";"0";"0";"[""Geographic context"", ""Selected Y typology"", ""Selected Y evidence"", ""Recommended validation""]";"Decision conservatoire : N lignes=7328; T declare=1; variable temporelle declaree=n/a; repetitions de coordonnees controlees=7135. Grouper les observations du meme site/immeuble/individu dans un seul fold, et respecter la chronologie si l’objectif est prospectif. Le split aleatoire par ligne n’est pas valide sans justification. Les coupes annuelles sont des transactions de logements : un millesime unique ne rend pas les transactions au meme emplacement independantes; definir une cle immeuble/site, conserver le lien au parent. La fiche et les donnees sont conservees ; aucune suppression ni promotion.

Typologie de la reponse selectionnee : continuous. Ligne Detail Y correspondant a formula_used; les autres reponses candidates ne pilotent pas cette tache.

Provenance des corrections : audit du 2026-09-07, inspection du RDS et sources indiquees dans cette fiche. Regeneration : code/r_catalog/dataset_curation.py et dataset_curation_overrides.json.";"valid";"[]";"data/final_datasets/sf/paper_korea_hedonic_housing_2006.rds";"7328";"not_promoted";"N lignes=7328; T declare=1; variable temporelle declaree=n/a; repetitions de coordonnees controlees=7135. Grouper les observations du meme site/immeuble/individu dans un seul fold, et respecter la chronologie si l’objectif est prospectif. Le split aleatoire par ligne n’est pas valide sans justification. Les coupes annuelles sont des transactions de logements : un millesime unique ne rend pas les transactions au meme emplacement independantes; definir une cle immeuble/site, conserver le lien au parent.";"[""package_include_not_yes"", ""benchmark_status_not_ready""]";"false";"[""data/final_datasets/sf/paper_korea_hedonic_housing_2006.rds"", ""data/raw/papers/DatasetFirst_10_5281_zenodo_14715630"", ""wiki/datasets/fiches_datasets/paper_korea_hedonic_housing_2006.md"", ""data/final_datasets/sf/paper_korea_hedonic_housing_2006.rds""]";"4f91e5bee2f5a2746778a7a94a9604c58ca225a3ba33c0203d1952a30b03788f";"4307910233f7b040e2d86097850074f907a386f7ea53bf389b176c9789100904"
"paper_korea_hedonic_housing_2007";"wiki/datasets/fiches_datasets/paper_korea_hedonic_housing_2007.md";"true";"ready";"manual_review";"yes";"manual_review";"true";"false";"Housing.price ~ Area + Floor + Subway.distance + Population.density + Green.space.distance";"Housing.price ~ Area + Floor + Subway.distance + Population.density + Green.space.distance";"Condominium_price ~ Size + Floor + Subway_distance + Population_density + Green_space_distance + ... [Song, Ahn, An & Jang (2021), 'Hedonic dataset of the metropolitan housing market -- Cases in South Korea', Data in Brief, doi:10.1016/j.dib.2021.106877]";"Condominium_price ~ Size + Floor + Subway_distance + Population_density + Green_space_distance + ... [Song, Ahn, An & Jang (2021), 'Hedonic dataset of the metropolitan housing market -- Cases in South Korea', Data in Brief, doi:10.1016/j.dib.2021.106877]";"pub";"paper_extracted";"[""continuous""]";"[""continuous""]";"[]";"0";"0";"[""Geographic context"", ""Selected Y typology"", ""Selected Y evidence"", ""Recommended validation""]";"Decision conservatoire : N lignes=5510; T declare=1; variable temporelle declaree=n/a; repetitions de coordonnees controlees=5363. Grouper les observations du meme site/immeuble/individu dans un seul fold, et respecter la chronologie si l’objectif est prospectif. Le split aleatoire par ligne n’est pas valide sans justification. Les coupes annuelles sont des transactions de logements : un millesime unique ne rend pas les transactions au meme emplacement independantes; definir une cle immeuble/site, conserver le lien au parent. La fiche et les donnees sont conservees ; aucune suppression ni promotion.

Typologie de la reponse selectionnee : continuous. Ligne Detail Y correspondant a formula_used; les autres reponses candidates ne pilotent pas cette tache.

Provenance des corrections : audit du 2026-09-07, inspection du RDS et sources indiquees dans cette fiche. Regeneration : code/r_catalog/dataset_curation.py et dataset_curation_overrides.json.";"valid";"[]";"data/final_datasets/sf/paper_korea_hedonic_housing_2007.rds";"5510";"not_promoted";"N lignes=5510; T declare=1; variable temporelle declaree=n/a; repetitions de coordonnees controlees=5363. Grouper les observations du meme site/immeuble/individu dans un seul fold, et respecter la chronologie si l’objectif est prospectif. Le split aleatoire par ligne n’est pas valide sans justification. Les coupes annuelles sont des transactions de logements : un millesime unique ne rend pas les transactions au meme emplacement independantes; definir une cle immeuble/site, conserver le lien au parent.";"[""package_include_not_yes"", ""benchmark_status_not_ready""]";"false";"[""data/final_datasets/sf/paper_korea_hedonic_housing_2007.rds"", ""data/raw/papers/DatasetFirst_10_5281_zenodo_14715630"", ""wiki/datasets/fiches_datasets/paper_korea_hedonic_housing_2007.md"", ""data/final_datasets/sf/paper_korea_hedonic_housing_2007.rds""]";"76274813c0feab5f7e45a869e0140131ae6c0c6f387b979485beadb26c6de1a9";"a1fd031facfe557936d84e716fd787be1f7468e7004693e4292560f54170eed9"
"paper_korea_hedonic_housing_2008";"wiki/datasets/fiches_datasets/paper_korea_hedonic_housing_2008.md";"true";"ready";"manual_review";"yes";"manual_review";"true";"false";"Housing.price ~ Area + Floor + Subway.distance + Population.density + Green.space.distance";"Housing.price ~ Area + Floor + Subway.distance + Population.density + Green.space.distance";"Condominium_price ~ Size + Floor + Subway_distance + Population_density + Green_space_distance + ... [Song, Ahn, An & Jang (2021), 'Hedonic dataset of the metropolitan housing market -- Cases in South Korea', Data in Brief, doi:10.1016/j.dib.2021.106877]";"Condominium_price ~ Size + Floor + Subway_distance + Population_density + Green_space_distance + ... [Song, Ahn, An & Jang (2021), 'Hedonic dataset of the metropolitan housing market -- Cases in South Korea', Data in Brief, doi:10.1016/j.dib.2021.106877]";"pub";"paper_extracted";"[""continuous""]";"[""continuous""]";"[]";"0";"0";"[""Geographic context"", ""Selected Y typology"", ""Selected Y evidence"", ""Recommended validation""]";"Decision conservatoire : N lignes=6084; T declare=1; variable temporelle declaree=n/a; repetitions de coordonnees controlees=5977. Grouper les observations du meme site/immeuble/individu dans un seul fold, et respecter la chronologie si l’objectif est prospectif. Le split aleatoire par ligne n’est pas valide sans justification. Les coupes annuelles sont des transactions de logements : un millesime unique ne rend pas les transactions au meme emplacement independantes; definir une cle immeuble/site, conserver le lien au parent. La fiche et les donnees sont conservees ; aucune suppression ni promotion.

Typologie de la reponse selectionnee : continuous. Ligne Detail Y correspondant a formula_used; les autres reponses candidates ne pilotent pas cette tache.

Provenance des corrections : audit du 2026-09-07, inspection du RDS et sources indiquees dans cette fiche. Regeneration : code/r_catalog/dataset_curation.py et dataset_curation_overrides.json.";"valid";"[]";"data/final_datasets/sf/paper_korea_hedonic_housing_2008.rds";"6084";"not_promoted";"N lignes=6084; T declare=1; variable temporelle declaree=n/a; repetitions de coordonnees controlees=5977. Grouper les observations du meme site/immeuble/individu dans un seul fold, et respecter la chronologie si l’objectif est prospectif. Le split aleatoire par ligne n’est pas valide sans justification. Les coupes annuelles sont des transactions de logements : un millesime unique ne rend pas les transactions au meme emplacement independantes; definir une cle immeuble/site, conserver le lien au parent.";"[""package_include_not_yes"", ""benchmark_status_not_ready""]";"false";"[""data/final_datasets/sf/paper_korea_hedonic_housing_2008.rds"", ""data/raw/papers/DatasetFirst_10_5281_zenodo_14715630"", ""wiki/datasets/fiches_datasets/paper_korea_hedonic_housing_2008.md"", ""data/final_datasets/sf/paper_korea_hedonic_housing_2008.rds""]";"347dac545d9704f8b2b00ca58439ccea1841d4bece0e5008ad7071513b3bb8ec";"db137d7d0bded6218fecd096e1bbf2fc3dbf91522a901dd00c05da0741ae08ca"
"paper_korea_hedonic_housing_2009";"wiki/datasets/fiches_datasets/paper_korea_hedonic_housing_2009.md";"true";"ready";"manual_review";"yes";"manual_review";"true";"false";"Housing.price ~ Area + Floor + Subway.distance + Population.density + Green.space.distance";"Housing.price ~ Area + Floor + Subway.distance + Population.density + Green.space.distance";"Condominium_price ~ Size + Floor + Subway_distance + Population_density + Green_space_distance + ... [Song, Ahn, An & Jang (2021), 'Hedonic dataset of the metropolitan housing market -- Cases in South Korea', Data in Brief, doi:10.1016/j.dib.2021.106877]";"Condominium_price ~ Size + Floor + Subway_distance + Population_density + Green_space_distance + ... [Song, Ahn, An & Jang (2021), 'Hedonic dataset of the metropolitan housing market -- Cases in South Korea', Data in Brief, doi:10.1016/j.dib.2021.106877]";"pub";"paper_extracted";"[""continuous""]";"[""continuous""]";"[]";"0";"0";"[""Geographic context"", ""Selected Y typology"", ""Selected Y evidence"", ""Recommended validation""]";"Decision conservatoire : N lignes=4816; T declare=1; variable temporelle declaree=n/a; repetitions de coordonnees controlees=4734. Grouper les observations du meme site/immeuble/individu dans un seul fold, et respecter la chronologie si l’objectif est prospectif. Le split aleatoire par ligne n’est pas valide sans justification. Les coupes annuelles sont des transactions de logements : un millesime unique ne rend pas les transactions au meme emplacement independantes; definir une cle immeuble/site, conserver le lien au parent. La fiche et les donnees sont conservees ; aucune suppression ni promotion.

Typologie de la reponse selectionnee : continuous. Ligne Detail Y correspondant a formula_used; les autres reponses candidates ne pilotent pas cette tache.

Provenance des corrections : audit du 2026-09-07, inspection du RDS et sources indiquees dans cette fiche. Regeneration : code/r_catalog/dataset_curation.py et dataset_curation_overrides.json.";"valid";"[]";"data/final_datasets/sf/paper_korea_hedonic_housing_2009.rds";"4816";"not_promoted";"N lignes=4816; T declare=1; variable temporelle declaree=n/a; repetitions de coordonnees controlees=4734. Grouper les observations du meme site/immeuble/individu dans un seul fold, et respecter la chronologie si l’objectif est prospectif. Le split aleatoire par ligne n’est pas valide sans justification. Les coupes annuelles sont des transactions de logements : un millesime unique ne rend pas les transactions au meme emplacement independantes; definir une cle immeuble/site, conserver le lien au parent.";"[""package_include_not_yes"", ""benchmark_status_not_ready""]";"false";"[""data/final_datasets/sf/paper_korea_hedonic_housing_2009.rds"", ""data/raw/papers/DatasetFirst_10_5281_zenodo_14715630"", ""wiki/datasets/fiches_datasets/paper_korea_hedonic_housing_2009.md"", ""data/final_datasets/sf/paper_korea_hedonic_housing_2009.rds""]";"9e49cdecd436116c2d00727db02acdac015be64938bb66ca67412d05014b7e86";"20127e0a742216ba59530557faf3f0eac8c8e9ecf69efca9388d423e6a30da9f"
"paper_korea_hedonic_housing_2010";"wiki/datasets/fiches_datasets/paper_korea_hedonic_housing_2010.md";"true";"ready";"manual_review";"yes";"manual_review";"true";"false";"Housing.price ~ Area + Floor + Subway.distance + Population.density + Green.space.distance";"Housing.price ~ Area + Floor + Subway.distance + Population.density + Green.space.distance";"Condominium_price ~ Size + Floor + Subway_distance + Population_density + Green_space_distance + ... [Song, Ahn, An & Jang (2021), 'Hedonic dataset of the metropolitan housing market -- Cases in South Korea', Data in Brief, doi:10.1016/j.dib.2021.106877]";"Condominium_price ~ Size + Floor + Subway_distance + Population_density + Green_space_distance + ... [Song, Ahn, An & Jang (2021), 'Hedonic dataset of the metropolitan housing market -- Cases in South Korea', Data in Brief, doi:10.1016/j.dib.2021.106877]";"pub";"paper_extracted";"[""continuous""]";"[""continuous""]";"[]";"0";"0";"[""Geographic context"", ""Selected Y typology"", ""Selected Y evidence"", ""Recommended validation""]";"Decision conservatoire : N lignes=3463; T declare=1; variable temporelle declaree=n/a; repetitions de coordonnees controlees=3406. Grouper les observations du meme site/immeuble/individu dans un seul fold, et respecter la chronologie si l’objectif est prospectif. Le split aleatoire par ligne n’est pas valide sans justification. Les coupes annuelles sont des transactions de logements : un millesime unique ne rend pas les transactions au meme emplacement independantes; definir une cle immeuble/site, conserver le lien au parent. La fiche et les donnees sont conservees ; aucune suppression ni promotion.

Typologie de la reponse selectionnee : continuous. Ligne Detail Y correspondant a formula_used; les autres reponses candidates ne pilotent pas cette tache.

Provenance des corrections : audit du 2026-09-07, inspection du RDS et sources indiquees dans cette fiche. Regeneration : code/r_catalog/dataset_curation.py et dataset_curation_overrides.json.";"valid";"[]";"data/final_datasets/sf/paper_korea_hedonic_housing_2010.rds";"3463";"not_promoted";"N lignes=3463; T declare=1; variable temporelle declaree=n/a; repetitions de coordonnees controlees=3406. Grouper les observations du meme site/immeuble/individu dans un seul fold, et respecter la chronologie si l’objectif est prospectif. Le split aleatoire par ligne n’est pas valide sans justification. Les coupes annuelles sont des transactions de logements : un millesime unique ne rend pas les transactions au meme emplacement independantes; definir une cle immeuble/site, conserver le lien au parent.";"[""package_include_not_yes"", ""benchmark_status_not_ready""]";"false";"[""data/final_datasets/sf/paper_korea_hedonic_housing_2010.rds"", ""data/raw/papers/DatasetFirst_10_5281_zenodo_14715630"", ""wiki/datasets/fiches_datasets/paper_korea_hedonic_housing_2010.md"", ""data/final_datasets/sf/paper_korea_hedonic_housing_2010.rds""]";"9c7cbc4edec05df914b9d506d0e1bd59c525b105ea2f54eec73af1cbbe73ea1b";"eb3ae97e785300c6334f255119d2317e800d1a136c9c260e774095bd1917fa1e"
"paper_korea_hedonic_housing_2011";"wiki/datasets/fiches_datasets/paper_korea_hedonic_housing_2011.md";"true";"ready";"manual_review";"yes";"manual_review";"true";"false";"Housing.price ~ Area + Floor + Subway.distance + Population.density + Green.space.distance";"Housing.price ~ Area + Floor + Subway.distance + Population.density + Green.space.distance";"Condominium_price ~ Size + Floor + Subway_distance + Population_density + Green_space_distance + ... [Song, Ahn, An & Jang (2021), 'Hedonic dataset of the metropolitan housing market -- Cases in South Korea', Data in Brief, doi:10.1016/j.dib.2021.106877]";"Condominium_price ~ Size + Floor + Subway_distance + Population_density + Green_space_distance + ... [Song, Ahn, An & Jang (2021), 'Hedonic dataset of the metropolitan housing market -- Cases in South Korea', Data in Brief, doi:10.1016/j.dib.2021.106877]";"pub";"paper_extracted";"[""continuous""]";"[""continuous""]";"[]";"0";"0";"[""Geographic context"", ""Selected Y typology"", ""Selected Y evidence"", ""Recommended validation""]";"Decision conservatoire : N lignes=4302; T declare=1; variable temporelle declaree=n/a; repetitions de coordonnees controlees=4221. Grouper les observations du meme site/immeuble/individu dans un seul fold, et respecter la chronologie si l’objectif est prospectif. Le split aleatoire par ligne n’est pas valide sans justification. Les coupes annuelles sont des transactions de logements : un millesime unique ne rend pas les transactions au meme emplacement independantes; definir une cle immeuble/site, conserver le lien au parent. La fiche et les donnees sont conservees ; aucune suppression ni promotion.

Typologie de la reponse selectionnee : continuous. Ligne Detail Y correspondant a formula_used; les autres reponses candidates ne pilotent pas cette tache.

Provenance des corrections : audit du 2026-09-07, inspection du RDS et sources indiquees dans cette fiche. Regeneration : code/r_catalog/dataset_curation.py et dataset_curation_overrides.json.";"valid";"[]";"data/final_datasets/sf/paper_korea_hedonic_housing_2011.rds";"4302";"not_promoted";"N lignes=4302; T declare=1; variable temporelle declaree=n/a; repetitions de coordonnees controlees=4221. Grouper les observations du meme site/immeuble/individu dans un seul fold, et respecter la chronologie si l’objectif est prospectif. Le split aleatoire par ligne n’est pas valide sans justification. Les coupes annuelles sont des transactions de logements : un millesime unique ne rend pas les transactions au meme emplacement independantes; definir une cle immeuble/site, conserver le lien au parent.";"[""package_include_not_yes"", ""benchmark_status_not_ready""]";"false";"[""data/final_datasets/sf/paper_korea_hedonic_housing_2011.rds"", ""data/raw/papers/DatasetFirst_10_5281_zenodo_14715630"", ""wiki/datasets/fiches_datasets/paper_korea_hedonic_housing_2011.md"", ""data/final_datasets/sf/paper_korea_hedonic_housing_2011.rds""]";"5ddb5a0b224a7a4100e8abce18e2120165491e468cf9eafb042b5f8dbea77335";"2135271d9988bc7cfb1d683780319c78405bc0b44951bdbda28307e2f470d12c"
"paper_korea_hedonic_housing_2012";"wiki/datasets/fiches_datasets/paper_korea_hedonic_housing_2012.md";"true";"ready";"manual_review";"yes";"manual_review";"true";"false";"Housing.price ~ Area + Floor + Subway.distance + Population.density + Green.space.distance";"Housing.price ~ Area + Floor + Subway.distance + Population.density + Green.space.distance";"Condominium_price ~ Size + Floor + Subway_distance + Population_density + Green_space_distance + ... [Song, Ahn, An & Jang (2021), 'Hedonic dataset of the metropolitan housing market -- Cases in South Korea', Data in Brief, doi:10.1016/j.dib.2021.106877]";"Condominium_price ~ Size + Floor + Subway_distance + Population_density + Green_space_distance + ... [Song, Ahn, An & Jang (2021), 'Hedonic dataset of the metropolitan housing market -- Cases in South Korea', Data in Brief, doi:10.1016/j.dib.2021.106877]";"pub";"paper_extracted";"[""continuous""]";"[""continuous""]";"[]";"0";"0";"[""Geographic context"", ""Selected Y typology"", ""Selected Y evidence"", ""Recommended validation""]";"Decision conservatoire : N lignes=2981; T declare=1; variable temporelle declaree=n/a; repetitions de coordonnees controlees=2883. Grouper les observations du meme site/immeuble/individu dans un seul fold, et respecter la chronologie si l’objectif est prospectif. Le split aleatoire par ligne n’est pas valide sans justification. Les coupes annuelles sont des transactions de logements : un millesime unique ne rend pas les transactions au meme emplacement independantes; definir une cle immeuble/site, conserver le lien au parent. La fiche et les donnees sont conservees ; aucune suppression ni promotion.

Typologie de la reponse selectionnee : continuous. Ligne Detail Y correspondant a formula_used; les autres reponses candidates ne pilotent pas cette tache.

Provenance des corrections : audit du 2026-09-07, inspection du RDS et sources indiquees dans cette fiche. Regeneration : code/r_catalog/dataset_curation.py et dataset_curation_overrides.json.";"valid";"[]";"data/final_datasets/sf/paper_korea_hedonic_housing_2012.rds";"2981";"not_promoted";"N lignes=2981; T declare=1; variable temporelle declaree=n/a; repetitions de coordonnees controlees=2883. Grouper les observations du meme site/immeuble/individu dans un seul fold, et respecter la chronologie si l’objectif est prospectif. Le split aleatoire par ligne n’est pas valide sans justification. Les coupes annuelles sont des transactions de logements : un millesime unique ne rend pas les transactions au meme emplacement independantes; definir une cle immeuble/site, conserver le lien au parent.";"[""package_include_not_yes"", ""benchmark_status_not_ready""]";"false";"[""data/final_datasets/sf/paper_korea_hedonic_housing_2012.rds"", ""data/raw/papers/DatasetFirst_10_5281_zenodo_14715630"", ""wiki/datasets/fiches_datasets/paper_korea_hedonic_housing_2012.md"", ""data/final_datasets/sf/paper_korea_hedonic_housing_2012.rds""]";"70fdeb8ff3fb8b40dae306e1bd5b855f9b1cd62fab05cd18d34143ab59a37053";"b29f14ec3ad19afa803efa1eb837b6ab50242f29e31cd6e31e1c741809a22cc0"
"paper_korea_hedonic_housing_2013";"wiki/datasets/fiches_datasets/paper_korea_hedonic_housing_2013.md";"true";"ready";"manual_review";"yes";"manual_review";"true";"false";"Housing.price ~ Area + Floor + Subway.distance + Population.density + Green.space.distance";"Housing.price ~ Area + Floor + Subway.distance + Population.density + Green.space.distance";"Condominium_price ~ Size + Floor + Subway_distance + Population_density + Green_space_distance + ... [Song, Ahn, An & Jang (2021), 'Hedonic dataset of the metropolitan housing market -- Cases in South Korea', Data in Brief, doi:10.1016/j.dib.2021.106877]";"Condominium_price ~ Size + Floor + Subway_distance + Population_density + Green_space_distance + ... [Song, Ahn, An & Jang (2021), 'Hedonic dataset of the metropolitan housing market -- Cases in South Korea', Data in Brief, doi:10.1016/j.dib.2021.106877]";"pub";"paper_extracted";"[""continuous""]";"[""continuous""]";"[]";"0";"0";"[""Geographic context"", ""Selected Y typology"", ""Selected Y evidence"", ""Recommended validation""]";"Decision conservatoire : N lignes=5694; T declare=1; variable temporelle declaree=n/a; repetitions de coordonnees controlees=5542. Grouper les observations du meme site/immeuble/individu dans un seul fold, et respecter la chronologie si l’objectif est prospectif. Le split aleatoire par ligne n’est pas valide sans justification. Les coupes annuelles sont des transactions de logements : un millesime unique ne rend pas les transactions au meme emplacement independantes; definir une cle immeuble/site, conserver le lien au parent. La fiche et les donnees sont conservees ; aucune suppression ni promotion.

Typologie de la reponse selectionnee : continuous. Ligne Detail Y correspondant a formula_used; les autres reponses candidates ne pilotent pas cette tache.

Provenance des corrections : audit du 2026-09-07, inspection du RDS et sources indiquees dans cette fiche. Regeneration : code/r_catalog/dataset_curation.py et dataset_curation_overrides.json.";"valid";"[]";"data/final_datasets/sf/paper_korea_hedonic_housing_2013.rds";"5694";"not_promoted";"N lignes=5694; T declare=1; variable temporelle declaree=n/a; repetitions de coordonnees controlees=5542. Grouper les observations du meme site/immeuble/individu dans un seul fold, et respecter la chronologie si l’objectif est prospectif. Le split aleatoire par ligne n’est pas valide sans justification. Les coupes annuelles sont des transactions de logements : un millesime unique ne rend pas les transactions au meme emplacement independantes; definir une cle immeuble/site, conserver le lien au parent.";"[""package_include_not_yes"", ""benchmark_status_not_ready""]";"false";"[""data/final_datasets/sf/paper_korea_hedonic_housing_2013.rds"", ""data/raw/papers/DatasetFirst_10_5281_zenodo_14715630"", ""wiki/datasets/fiches_datasets/paper_korea_hedonic_housing_2013.md"", ""data/final_datasets/sf/paper_korea_hedonic_housing_2013.rds""]";"3846daa8e702772ccc5b4758d6470f81fe07b5d2a20a6059c7a62d17a85d696f";"08f10b61c8c377cb14a8783669d6500ae8fe3e2cc26af98594a57c9a6c3643bd"
"paper_korea_hedonic_housing_2014";"wiki/datasets/fiches_datasets/paper_korea_hedonic_housing_2014.md";"true";"ready";"manual_review";"yes";"manual_review";"true";"false";"Housing.price ~ Area + Floor + Subway.distance + Population.density + Green.space.distance";"Housing.price ~ Area + Floor + Subway.distance + Population.density + Green.space.distance";"Condominium_price ~ Size + Floor + Subway_distance + Population_density + Green_space_distance + ... [Song, Ahn, An & Jang (2021), 'Hedonic dataset of the metropolitan housing market -- Cases in South Korea', Data in Brief, doi:10.1016/j.dib.2021.106877]";"Condominium_price ~ Size + Floor + Subway_distance + Population_density + Green_space_distance + ... [Song, Ahn, An & Jang (2021), 'Hedonic dataset of the metropolitan housing market -- Cases in South Korea', Data in Brief, doi:10.1016/j.dib.2021.106877]";"pub";"paper_extracted";"[""continuous""]";"[""continuous""]";"[]";"0";"0";"[""Geographic context"", ""Selected Y typology"", ""Selected Y evidence"", ""Recommended validation""]";"Decision conservatoire : N lignes=5622; T declare=1; variable temporelle declaree=n/a; repetitions de coordonnees controlees=5452. Grouper les observations du meme site/immeuble/individu dans un seul fold, et respecter la chronologie si l’objectif est prospectif. Le split aleatoire par ligne n’est pas valide sans justification. Les coupes annuelles sont des transactions de logements : un millesime unique ne rend pas les transactions au meme emplacement independantes; definir une cle immeuble/site, conserver le lien au parent. La fiche et les donnees sont conservees ; aucune suppression ni promotion.

Typologie de la reponse selectionnee : continuous. Ligne Detail Y correspondant a formula_used; les autres reponses candidates ne pilotent pas cette tache.

Provenance des corrections : audit du 2026-09-07, inspection du RDS et sources indiquees dans cette fiche. Regeneration : code/r_catalog/dataset_curation.py et dataset_curation_overrides.json.";"valid";"[]";"data/final_datasets/sf/paper_korea_hedonic_housing_2014.rds";"5622";"not_promoted";"N lignes=5622; T declare=1; variable temporelle declaree=n/a; repetitions de coordonnees controlees=5452. Grouper les observations du meme site/immeuble/individu dans un seul fold, et respecter la chronologie si l’objectif est prospectif. Le split aleatoire par ligne n’est pas valide sans justification. Les coupes annuelles sont des transactions de logements : un millesime unique ne rend pas les transactions au meme emplacement independantes; definir une cle immeuble/site, conserver le lien au parent.";"[""package_include_not_yes"", ""benchmark_status_not_ready""]";"false";"[""data/final_datasets/sf/paper_korea_hedonic_housing_2014.rds"", ""data/raw/papers/DatasetFirst_10_5281_zenodo_14715630"", ""wiki/datasets/fiches_datasets/paper_korea_hedonic_housing_2014.md"", ""data/final_datasets/sf/paper_korea_hedonic_housing_2014.rds""]";"e85930bdb4b235e6f228d978abcaf9927dcacc07ab911dc3c0de42ef2892947c";"09eca0944cac1c0fd58e8867995fdf443ec2959762cf6f780e924d5d50c561b6"
"paper_korea_hedonic_housing_2015";"wiki/datasets/fiches_datasets/paper_korea_hedonic_housing_2015.md";"true";"ready";"manual_review";"yes";"manual_review";"true";"false";"Housing.price ~ Area + Floor + Subway.distance + Population.density + Green.space.distance";"Housing.price ~ Area + Floor + Subway.distance + Population.density + Green.space.distance";"Condominium_price ~ Size + Floor + Subway_distance + Population_density + Green_space_distance + ... [Song, Ahn, An & Jang (2021), 'Hedonic dataset of the metropolitan housing market -- Cases in South Korea', Data in Brief, doi:10.1016/j.dib.2021.106877]";"Condominium_price ~ Size + Floor + Subway_distance + Population_density + Green_space_distance + ... [Song, Ahn, An & Jang (2021), 'Hedonic dataset of the metropolitan housing market -- Cases in South Korea', Data in Brief, doi:10.1016/j.dib.2021.106877]";"pub";"paper_extracted";"[""continuous""]";"[""continuous""]";"[]";"0";"0";"[""Geographic context"", ""Selected Y typology"", ""Selected Y evidence"", ""Recommended validation""]";"Decision conservatoire : N lignes=6986; T declare=1; variable temporelle declaree=n/a; repetitions de coordonnees controlees=6806. Grouper les observations du meme site/immeuble/individu dans un seul fold, et respecter la chronologie si l’objectif est prospectif. Le split aleatoire par ligne n’est pas valide sans justification. Les coupes annuelles sont des transactions de logements : un millesime unique ne rend pas les transactions au meme emplacement independantes; definir une cle immeuble/site, conserver le lien au parent. La fiche et les donnees sont conservees ; aucune suppression ni promotion.

Typologie de la reponse selectionnee : continuous. Ligne Detail Y correspondant a formula_used; les autres reponses candidates ne pilotent pas cette tache.

Provenance des corrections : audit du 2026-09-07, inspection du RDS et sources indiquees dans cette fiche. Regeneration : code/r_catalog/dataset_curation.py et dataset_curation_overrides.json.";"valid";"[]";"data/final_datasets/sf/paper_korea_hedonic_housing_2015.rds";"6986";"not_promoted";"N lignes=6986; T declare=1; variable temporelle declaree=n/a; repetitions de coordonnees controlees=6806. Grouper les observations du meme site/immeuble/individu dans un seul fold, et respecter la chronologie si l’objectif est prospectif. Le split aleatoire par ligne n’est pas valide sans justification. Les coupes annuelles sont des transactions de logements : un millesime unique ne rend pas les transactions au meme emplacement independantes; definir une cle immeuble/site, conserver le lien au parent.";"[""package_include_not_yes"", ""benchmark_status_not_ready""]";"false";"[""data/final_datasets/sf/paper_korea_hedonic_housing_2015.rds"", ""data/raw/papers/DatasetFirst_10_5281_zenodo_14715630"", ""wiki/datasets/fiches_datasets/paper_korea_hedonic_housing_2015.md"", ""data/final_datasets/sf/paper_korea_hedonic_housing_2015.rds""]";"afc21e28a99e9b1830806d5ca70fb0100f3cd26ccde01b811962fa8916a25e40";"0f3bdb2dc82746ad3fd2e23e3458c4de639840af10cd632c0f1f68a211b9990e"
"paper_korea_hedonic_housing_2016";"wiki/datasets/fiches_datasets/paper_korea_hedonic_housing_2016.md";"true";"ready";"manual_review";"yes";"manual_review";"true";"false";"Housing.price ~ Area + Floor + Subway.distance + Population.density + Green.space.distance";"Housing.price ~ Area + Floor + Subway.distance + Population.density + Green.space.distance";"Condominium_price ~ Size + Floor + Subway_distance + Population_density + Green_space_distance + ... [Song, Ahn, An & Jang (2021), 'Hedonic dataset of the metropolitan housing market -- Cases in South Korea', Data in Brief, doi:10.1016/j.dib.2021.106877]";"Condominium_price ~ Size + Floor + Subway_distance + Population_density + Green_space_distance + ... [Song, Ahn, An & Jang (2021), 'Hedonic dataset of the metropolitan housing market -- Cases in South Korea', Data in Brief, doi:10.1016/j.dib.2021.106877]";"pub";"paper_extracted";"[""continuous""]";"[""continuous""]";"[]";"0";"0";"[""Geographic context"", ""Selected Y typology"", ""Selected Y evidence"", ""Recommended validation""]";"Decision conservatoire : N lignes=5868; T declare=1; variable temporelle declaree=n/a; repetitions de coordonnees controlees=5629. Grouper les observations du meme site/immeuble/individu dans un seul fold, et respecter la chronologie si l’objectif est prospectif. Le split aleatoire par ligne n’est pas valide sans justification. Les coupes annuelles sont des transactions de logements : un millesime unique ne rend pas les transactions au meme emplacement independantes; definir une cle immeuble/site, conserver le lien au parent. La fiche et les donnees sont conservees ; aucune suppression ni promotion.

Typologie de la reponse selectionnee : continuous. Ligne Detail Y correspondant a formula_used; les autres reponses candidates ne pilotent pas cette tache.

Provenance des corrections : audit du 2026-09-07, inspection du RDS et sources indiquees dans cette fiche. Regeneration : code/r_catalog/dataset_curation.py et dataset_curation_overrides.json.";"valid";"[]";"data/final_datasets/sf/paper_korea_hedonic_housing_2016.rds";"5868";"not_promoted";"N lignes=5868; T declare=1; variable temporelle declaree=n/a; repetitions de coordonnees controlees=5629. Grouper les observations du meme site/immeuble/individu dans un seul fold, et respecter la chronologie si l’objectif est prospectif. Le split aleatoire par ligne n’est pas valide sans justification. Les coupes annuelles sont des transactions de logements : un millesime unique ne rend pas les transactions au meme emplacement independantes; definir une cle immeuble/site, conserver le lien au parent.";"[""package_include_not_yes"", ""benchmark_status_not_ready""]";"false";"[""data/final_datasets/sf/paper_korea_hedonic_housing_2016.rds"", ""data/raw/papers/DatasetFirst_10_5281_zenodo_14715630"", ""wiki/datasets/fiches_datasets/paper_korea_hedonic_housing_2016.md"", ""data/final_datasets/sf/paper_korea_hedonic_housing_2016.rds""]";"e3743b31a2839edfb14ebfa8bb394c0436196dc68b67d01332df724aa1eaf1af";"a28f83218ff9a3f8329700e576cee07f12c163fb229499c30f87bf1e51425f70"
"paper_korea_hedonic_housing_2017";"wiki/datasets/fiches_datasets/paper_korea_hedonic_housing_2017.md";"true";"ready";"manual_review";"yes";"manual_review";"true";"false";"Housing.price ~ Area + Floor + Subway.distance + Population.density + Green.space.distance";"Housing.price ~ Area + Floor + Subway.distance + Population.density + Green.space.distance";"Condominium_price ~ Size + Floor + Subway_distance + Population_density + Green_space_distance + ... [Song, Ahn, An & Jang (2021), 'Hedonic dataset of the metropolitan housing market -- Cases in South Korea', Data in Brief, doi:10.1016/j.dib.2021.106877]";"Condominium_price ~ Size + Floor + Subway_distance + Population_density + Green_space_distance + ... [Song, Ahn, An & Jang (2021), 'Hedonic dataset of the metropolitan housing market -- Cases in South Korea', Data in Brief, doi:10.1016/j.dib.2021.106877]";"pub";"paper_extracted";"[""continuous""]";"[""continuous""]";"[]";"0";"0";"[""Geographic context"", ""Selected Y typology"", ""Selected Y evidence"", ""Recommended validation""]";"Decision conservatoire : N lignes=4990; T declare=1; variable temporelle declaree=n/a; repetitions de coordonnees controlees=4765. Grouper les observations du meme site/immeuble/individu dans un seul fold, et respecter la chronologie si l’objectif est prospectif. Le split aleatoire par ligne n’est pas valide sans justification. Les coupes annuelles sont des transactions de logements : un millesime unique ne rend pas les transactions au meme emplacement independantes; definir une cle immeuble/site, conserver le lien au parent. La fiche et les donnees sont conservees ; aucune suppression ni promotion.

Typologie de la reponse selectionnee : continuous. Ligne Detail Y correspondant a formula_used; les autres reponses candidates ne pilotent pas cette tache.

Provenance des corrections : audit du 2026-09-07, inspection du RDS et sources indiquees dans cette fiche. Regeneration : code/r_catalog/dataset_curation.py et dataset_curation_overrides.json.";"valid";"[]";"data/final_datasets/sf/paper_korea_hedonic_housing_2017.rds";"4990";"not_promoted";"N lignes=4990; T declare=1; variable temporelle declaree=n/a; repetitions de coordonnees controlees=4765. Grouper les observations du meme site/immeuble/individu dans un seul fold, et respecter la chronologie si l’objectif est prospectif. Le split aleatoire par ligne n’est pas valide sans justification. Les coupes annuelles sont des transactions de logements : un millesime unique ne rend pas les transactions au meme emplacement independantes; definir une cle immeuble/site, conserver le lien au parent.";"[""package_include_not_yes"", ""benchmark_status_not_ready""]";"false";"[""data/final_datasets/sf/paper_korea_hedonic_housing_2017.rds"", ""data/raw/papers/DatasetFirst_10_5281_zenodo_14715630"", ""wiki/datasets/fiches_datasets/paper_korea_hedonic_housing_2017.md"", ""data/final_datasets/sf/paper_korea_hedonic_housing_2017.rds""]";"13284707ab85f7761857c6f593aa3d7fedf068257f2c551a1360fdfa87a17220";"32dc0c03dce5de505f97dec05ba578e1b66aa58925dafdff8b3e49d3f539c142"
"paper_korea_hedonic_housing_2018";"wiki/datasets/fiches_datasets/paper_korea_hedonic_housing_2018.md";"true";"ready";"manual_review";"yes";"manual_review";"true";"false";"Housing.price ~ Area + Floor + Subway.distance + Population.density + Green.space.distance";"Housing.price ~ Area + Floor + Subway.distance + Population.density + Green.space.distance";"Condominium_price ~ Size + Floor + Subway_distance + Population_density + Green_space_distance + ... [Song, Ahn, An & Jang (2021), 'Hedonic dataset of the metropolitan housing market -- Cases in South Korea', Data in Brief, doi:10.1016/j.dib.2021.106877]";"Condominium_price ~ Size + Floor + Subway_distance + Population_density + Green_space_distance + ... [Song, Ahn, An & Jang (2021), 'Hedonic dataset of the metropolitan housing market -- Cases in South Korea', Data in Brief, doi:10.1016/j.dib.2021.106877]";"pub";"paper_extracted";"[""continuous""]";"[""continuous""]";"[]";"0";"0";"[""Geographic context"", ""Selected Y typology"", ""Selected Y evidence"", ""Recommended validation""]";"Decision conservatoire : N lignes=4260; T declare=1; variable temporelle declaree=n/a; repetitions de coordonnees controlees=4071. Grouper les observations du meme site/immeuble/individu dans un seul fold, et respecter la chronologie si l’objectif est prospectif. Le split aleatoire par ligne n’est pas valide sans justification. Les coupes annuelles sont des transactions de logements : un millesime unique ne rend pas les transactions au meme emplacement independantes; definir une cle immeuble/site, conserver le lien au parent. La fiche et les donnees sont conservees ; aucune suppression ni promotion.

Typologie de la reponse selectionnee : continuous. Ligne Detail Y correspondant a formula_used; les autres reponses candidates ne pilotent pas cette tache.

Provenance des corrections : audit du 2026-09-07, inspection du RDS et sources indiquees dans cette fiche. Regeneration : code/r_catalog/dataset_curation.py et dataset_curation_overrides.json.";"valid";"[]";"data/final_datasets/sf/paper_korea_hedonic_housing_2018.rds";"4260";"not_promoted";"N lignes=4260; T declare=1; variable temporelle declaree=n/a; repetitions de coordonnees controlees=4071. Grouper les observations du meme site/immeuble/individu dans un seul fold, et respecter la chronologie si l’objectif est prospectif. Le split aleatoire par ligne n’est pas valide sans justification. Les coupes annuelles sont des transactions de logements : un millesime unique ne rend pas les transactions au meme emplacement independantes; definir une cle immeuble/site, conserver le lien au parent.";"[""package_include_not_yes"", ""benchmark_status_not_ready""]";"false";"[""data/final_datasets/sf/paper_korea_hedonic_housing_2018.rds"", ""data/raw/papers/DatasetFirst_10_5281_zenodo_14715630"", ""wiki/datasets/fiches_datasets/paper_korea_hedonic_housing_2018.md"", ""data/final_datasets/sf/paper_korea_hedonic_housing_2018.rds""]";"182c3e711963508a3a7b40c3ddfd9ba4eab6e39fe818b3e7e0691a70d7652440";"7df3919fb2cb4de92bcad58ee41368594361df196c3c00cb2b52bf54ddd32814"
"paper_korea_hedonic_housing_2019";"wiki/datasets/fiches_datasets/paper_korea_hedonic_housing_2019.md";"true";"ready";"manual_review";"yes";"manual_review";"true";"false";"Housing.price ~ Area + Floor + Subway.distance + Population.density + Green.space.distance";"Housing.price ~ Area + Floor + Subway.distance + Population.density + Green.space.distance";"Condominium_price ~ Size + Floor + Subway_distance + Population_density + Green_space_distance + ... [Song, Ahn, An & Jang (2021), 'Hedonic dataset of the metropolitan housing market -- Cases in South Korea', Data in Brief, doi:10.1016/j.dib.2021.106877]";"Condominium_price ~ Size + Floor + Subway_distance + Population_density + Green_space_distance + ... [Song, Ahn, An & Jang (2021), 'Hedonic dataset of the metropolitan housing market -- Cases in South Korea', Data in Brief, doi:10.1016/j.dib.2021.106877]";"pub";"paper_extracted";"[""continuous""]";"[""continuous""]";"[]";"0";"0";"[""Geographic context"", ""Selected Y typology"", ""Selected Y evidence"", ""Recommended validation""]";"Decision conservatoire : N lignes=1810; T declare=1; variable temporelle declaree=n/a; repetitions de coordonnees controlees=1679. Grouper les observations du meme site/immeuble/individu dans un seul fold, et respecter la chronologie si l’objectif est prospectif. Le split aleatoire par ligne n’est pas valide sans justification. Les coupes annuelles sont des transactions de logements : un millesime unique ne rend pas les transactions au meme emplacement independantes; definir une cle immeuble/site, conserver le lien au parent. La fiche et les donnees sont conservees ; aucune suppression ni promotion.

Typologie de la reponse selectionnee : continuous. Ligne Detail Y correspondant a formula_used; les autres reponses candidates ne pilotent pas cette tache.

Provenance des corrections : audit du 2026-09-07, inspection du RDS et sources indiquees dans cette fiche. Regeneration : code/r_catalog/dataset_curation.py et dataset_curation_overrides.json.";"valid";"[]";"data/final_datasets/sf/paper_korea_hedonic_housing_2019.rds";"1810";"not_promoted";"N lignes=1810; T declare=1; variable temporelle declaree=n/a; repetitions de coordonnees controlees=1679. Grouper les observations du meme site/immeuble/individu dans un seul fold, et respecter la chronologie si l’objectif est prospectif. Le split aleatoire par ligne n’est pas valide sans justification. Les coupes annuelles sont des transactions de logements : un millesime unique ne rend pas les transactions au meme emplacement independantes; definir une cle immeuble/site, conserver le lien au parent.";"[""package_include_not_yes"", ""benchmark_status_not_ready""]";"false";"[""data/final_datasets/sf/paper_korea_hedonic_housing_2019.rds"", ""data/raw/papers/DatasetFirst_10_5281_zenodo_14715630"", ""wiki/datasets/fiches_datasets/paper_korea_hedonic_housing_2019.md"", ""data/final_datasets/sf/paper_korea_hedonic_housing_2019.rds""]";"e3a29eeb7477daa172466191fceebe9ff62373ac728b5dff08679c87d7d9bae4";"ded7139bef020264a18e7a09e70409a17a5e9403732942f90a55b2f3e88681c6"
"paper_korea_hedonic_housing_pre1989";"wiki/datasets/fiches_datasets/paper_korea_hedonic_housing_pre1989.md";"true";"ready";"ready_panel_reduction";"yes";"manual_review";"true";"false";"Housing.price ~ Area + Floor + Subway.distance + Population.density + Green.space.distance";"Housing.price ~ Area + Floor + Subway.distance + Population.density + Green.space.distance";"Condominium_price ~ Size + Floor + Subway_distance + Population_density + Green_space_distance + ... [Song, Ahn, An & Jang (2021), 'Hedonic dataset of the metropolitan housing market -- Cases in South Korea', Data in Brief, doi:10.1016/j.dib.2021.106877]";"Condominium_price ~ Size + Floor + Subway_distance + Population_density + Green_space_distance + ... [Song, Ahn, An & Jang (2021), 'Hedonic dataset of the metropolitan housing market -- Cases in South Korea', Data in Brief, doi:10.1016/j.dib.2021.106877]";"pub";"paper_extracted";"[""continuous""]";"[""continuous""]";"[]";"0";"0";"[""Geographic context"", ""Selected Y typology"", ""Selected Y evidence"", ""Recommended validation""]";"Decision conservatoire : N lignes=13102; T declare=15; variable temporelle declaree=T; repetitions de coordonnees controlees=12592. Grouper les observations du meme site/immeuble/individu dans un seul fold, et respecter la chronologie si l’objectif est prospectif. Le split aleatoire par ligne n’est pas valide sans justification. Les coupes annuelles sont des transactions de logements : un millesime unique ne rend pas les transactions au meme emplacement independantes; definir une cle immeuble/site, conserver le lien au parent. La fiche et les donnees sont conservees ; aucune suppression ni promotion.

Typologie de la reponse selectionnee : continuous. Ligne Detail Y correspondant a formula_used; les autres reponses candidates ne pilotent pas cette tache.

Provenance des corrections : audit du 2026-09-07, inspection du RDS et sources indiquees dans cette fiche. Regeneration : code/r_catalog/dataset_curation.py et dataset_curation_overrides.json.";"valid";"[]";"data/final_datasets/sf/paper_korea_hedonic_housing_pre1989.rds";"13102";"not_promoted";"N lignes=13102; T declare=15; variable temporelle declaree=T; repetitions de coordonnees controlees=12592. Grouper les observations du meme site/immeuble/individu dans un seul fold, et respecter la chronologie si l’objectif est prospectif. Le split aleatoire par ligne n’est pas valide sans justification. Les coupes annuelles sont des transactions de logements : un millesime unique ne rend pas les transactions au meme emplacement independantes; definir une cle immeuble/site, conserver le lien au parent.";"[""package_include_not_yes"", ""benchmark_status_not_ready""]";"false";"[""data/final_datasets/sf/paper_korea_hedonic_housing_pre1989.rds"", ""data/raw/papers/DatasetFirst_10_5281_zenodo_14715630"", ""wiki/datasets/fiches_datasets/paper_korea_hedonic_housing_pre1989.md"", ""data/final_datasets/sf/paper_korea_hedonic_housing_pre1989.rds""]";"e22b58665fd272982722a8ca43f33870f57d8a80e84beb44deda4ef6648c01fe";"9ea36539a2d5bc8428c0d6c6abec19945fbc0b67b862dd40d5f108c021451f36"
"paper_leishmaniasis_occurrence";"wiki/datasets/fiches_datasets/paper_leishmaniasis_occurrence.md";"true";"ready";"manual_review";"yes";"manual_review";"false";"false";"DISEASE ~ YEAR + SOURCE_TYPE + ADMIN_LEVEL + COUNTRY";"DISEASE ~ YEAR + SOURCE_TYPE + ADMIN_LEVEL + COUNTRY";"P(occurrence) ~ [modele boosted regression trees (BRT) sur points de presence, pour cartographier la niche environnementale de la leishmaniose cutanee et viscerale a l'echelle mondiale, avec covariables climatiques/environnementales et generation de pseudo-absences]";"P(occurrence) ~ [modele boosted regression trees (BRT) sur points de presence, pour cartographier la niche environnementale de la leishmaniose cutanee et viscerale a l'echelle mondiale, avec covariables climatiques/environnementales et generation de pseudo-absences]";"pub";"paper_extracted";"[""categorical""]";"[""categorical""]";"[]";"0";"0";"[""Selected Y typology"", ""Selected Y evidence""]";"Decision conservatoire : Tache categorical a documenter par reponse et estimateur; aucune selection automatique de familles gaussiennes. Ligne Detail Y correspondant a formula_used; les autres reponses candidates ne pilotent pas cette tache. La fiche et les donnees sont conservees ; aucune suppression ni promotion.

Typologie de la reponse selectionnee : categorical. Ligne Detail Y correspondant a formula_used; les autres reponses candidates ne pilotent pas cette tache.

Provenance des corrections : audit du 2026-09-07, inspection du RDS et sources indiquees dans cette fiche. Regeneration : code/r_catalog/dataset_curation.py et dataset_curation_overrides.json.";"valid";"[]";"data/final_datasets/sf/paper_leishmaniasis_occurrence.rds";"7762";"not_promoted";"Tache categorical a documenter par reponse et estimateur; aucune selection automatique de familles gaussiennes. Ligne Detail Y correspondant a formula_used; les autres reponses candidates ne pilotent pas cette tache.";"[""package_include_not_yes"", ""benchmark_status_not_ready"", ""selected_response_typology_unresolved""]";"false";"[""data/final_datasets/sf/paper_leishmaniasis_occurrence.rds"", ""corpus/papers/raw_pdf/Global distribution maps of the leishmaniases.pdf"", ""corpus/papers/tei/Global distribution maps of the leishmaniases.tei.xml"", ""data/raw/papers/DataCite_2014_GlobalDistributionMapsOf_10_7554_elife_02"", ""wiki/datasets/fiches_datasets/paper_leishmaniasis_occurrence.md"", ""data/final_datasets/sf/paper_leishmaniasis_occurrence.rds""]";"08eb43620672b82207651ae20b0d3f5ce370c6984dda09b763a2589eb08cdc56";"868b9787301a7c85b6cbe1db99ae1466985cdb4227cb8ae551dea57b644d03e9"
"paper_li_energy_price_co2_china";"wiki/datasets/fiches_datasets/paper_li_energy_price_co2_china.md";"true";"ready";"ready_panel_reduction";"yes";"manual_review";"true";"false";"CO2 ~ EP + POP + PGDP + INS + URB + RFDI + TEC + EDU + ENS";"CO2 ~ EP + POP + PGDP + INS + URB + RFDI + TEC + EDU + ENS";"`ln(CO2)_it = alpha_i + gamma*ln(EP)_it + beta*Control_it + rho*W*ln(CO2)_it + eta_t + xi_t + epsilon_t` (SAR-lag, eqn 5), variante SAR-error `ln(CO2)_it = alpha_i + gamma*ln(EP)_it + beta*Control_it + lambda*W*upsilon_it + eta_t + xi_t + epsilon_t` (eqn 6), variante dynamique avec retard spatio-temporel (eqn 7)";"`ln(CO2)_it = alpha_i + gamma*ln(EP)_it + beta*Control_it + rho*W*ln(CO2)_it + eta_t + xi_t + epsilon_t` (SAR-lag, eqn 5), variante SAR-error `ln(CO2)_it = alpha_i + gamma*ln(EP)_it + beta*Control_it + lambda*W*upsilon_it + eta_t + xi_t + epsilon_t` (eqn 6), variante dynamique avec retard spatio-temporel (eqn 7)";"pub";"paper_extracted";"[""continuous""]";"[""continuous""]";"[]";"0";"0";"[""Recommended validation""]";"Decision conservatoire : N lignes=30; T declare=15; variable temporelle declaree=year; repetitions de coordonnees controlees=0. Grouper les observations du meme site/immeuble/individu dans un seul fold, et respecter la chronologie si l’objectif est prospectif. Le split aleatoire par ligne n’est pas valide sans justification. La fiche et les donnees sont conservees ; aucune suppression ni promotion.

Provenance des corrections : audit du 2026-09-07, inspection du RDS et sources indiquees dans cette fiche. Regeneration : code/r_catalog/dataset_curation.py et dataset_curation_overrides.json.";"valid";"[]";"data/final_datasets/sf/paper_li_energy_price_co2_china.rds";"30";"not_promoted";"N lignes=30; T declare=15; variable temporelle declaree=year; repetitions de coordonnees controlees=0. Grouper les observations du meme site/immeuble/individu dans un seul fold, et respecter la chronologie si l’objectif est prospectif. Le split aleatoire par ligne n’est pas valide sans justification.";"[""package_include_not_yes"", ""benchmark_status_not_ready""]";"false";"[""data/final_datasets/sf/paper_li_energy_price_co2_china.rds"", ""corpus/papers/raw_pdf/The impact of energy price on CO2 emissions in China - A spatial econometric analysis.pdf"", ""corpus/papers/tei/The impact of energy price on CO2 emissions in China - A spatial econometric analysis.tei.xml"", ""data/raw/papers/DataCite_2019_TheImpactOfEnergy_10_1016_j_scitot"", ""wiki/datasets/fiches_datasets/paper_li_energy_price_co2_china.md"", ""data/final_datasets/sf/paper_li_energy_price_co2_china.rds""]";"3f56718cfb397ff119b3c309a8264a87e8bbd1e19eaabad4d0bdafc8edab1907";"ec5f47caeb23f197aec6920925b8079561236eeb0661cc501acbf93ec2296e3c"
"paper_ltar_crop_rotation_yield";"wiki/datasets/fiches_datasets/paper_ltar_crop_rotation_yield.md";"true";"ready";"ready_panel_reduction";"yes";"manual_review";"true";"false";"yield_kg_ha ~ system + tillage + fertilization + year";"yield_kg_ha ~ system + tillage + fertilization + year";"maize_yield ~ RCI (indice de complexite rotationnelle) x year (effet d'interaction, modele bayesien hierarchique par site) [le papier synthetise 11 experiences de rotation de cultures de long terme en Amerique du Nord (347 site-annees) pour montrer que la diversification des rotations ameliore les rendements de mais, notamment sous conditions stressantes]";"maize_yield ~ RCI (indice de complexite rotationnelle) x year (effet d'interaction, modele bayesien hierarchique par site) [le papier synthetise 11 experiences de rotation de cultures de long terme en Amerique du Nord (347 site-annees) pour montrer que la diversification des rotations ameliore les rendements de mais, notamment sous conditions stressantes]";"pub";"paper_extracted";"[""continuous""]";"[""continuous""]";"[]";"0";"0";"[""Geographic context"", ""Selected Y typology"", ""Selected Y evidence"", ""Recommended validation""]";"Decision conservatoire : N lignes=11970; T declare=58; variable temporelle declaree=year; repetitions de coordonnees controlees=11959. Grouper les observations du meme site/immeuble/individu dans un seul fold, et respecter la chronologie si l’objectif est prospectif. Le split aleatoire par ligne n’est pas valide sans justification. Unite : parcelle-annee, 11 sites et 58 annees declarees; grouper par site/parcelle et separer les annees pour une validation prospective. La fiche et les donnees sont conservees ; aucune suppression ni promotion.

Typologie de la reponse selectionnee : continuous. Ligne Detail Y correspondant a formula_used; les autres reponses candidates ne pilotent pas cette tache.

Provenance des corrections : audit du 2026-09-07, inspection du RDS et sources indiquees dans cette fiche. Regeneration : code/r_catalog/dataset_curation.py et dataset_curation_overrides.json.";"valid";"[]";"data/final_datasets/sf/paper_ltar_crop_rotation_yield.rds";"11970";"not_promoted";"N lignes=11970; T declare=58; variable temporelle declaree=year; repetitions de coordonnees controlees=11959. Grouper les observations du meme site/immeuble/individu dans un seul fold, et respecter la chronologie si l’objectif est prospectif. Le split aleatoire par ligne n’est pas valide sans justification. Unite : parcelle-annee, 11 sites et 58 annees declarees; grouper par site/parcelle et separer les annees pour une validation prospective.";"[""package_include_not_yes"", ""benchmark_status_not_ready""]";"false";"[""data/final_datasets/sf/paper_ltar_crop_rotation_yield.rds"", ""corpus/papers/raw_pdf/Macchi_2020_LongTermCropRotationDiversification_oneear.pdf"", ""corpus/papers/tei/Macchi_2020_LongTermCropRotationDiversification_oneear.tei.xml"", ""data/raw/papers/DatasetFirst_10_6078_d1h409/ltar.data.csv"", ""wiki/datasets/fiches_datasets/paper_ltar_crop_rotation_yield.md"", ""data/final_datasets/sf/paper_ltar_crop_rotation_yield.rds""]";"d866458952ba75fc2d48de7ddc34e62acaf2e12485e2b83b6a7683d10fda3661";"4bac9339c39b292315529c15945f5a4e69a8d01e3a61435ad58bcacb8199f372"
"paper_macropod_body_size";"wiki/datasets/fiches_datasets/paper_macropod_body_size.md";"true";"ready";"ready_panel_reduction";"yes";"manual_review";"true";"false";"CL ~ SummerMaxTemp + AnnualRain + MI + Sex + Year";"CL ~ SummerMaxTemp + AnnualRain + MI + Sex + Year";"CL ~ SummerMaxTemp + AnnualRain + MI + Sex + Island + Year [modele spatial bayesien controlant pour l'age (MI, molar progression index), le sexe, l'effet ile, et l'annee ; teste l'hypothese de nanisme induit par la chasse le long d'un gradient geographique sur >2000 cranes de macropodes]";"CL ~ SummerMaxTemp + AnnualRain + MI + Sex + Island + Year [modele spatial bayesien controlant pour l'age (MI, molar progression index), le sexe, l'effet ile, et l'annee ; teste l'hypothese de nanisme induit par la chasse le long d'un gradient geographique sur >2000 cranes de macropodes]";"pub";"paper_extracted";"[""continuous""]";"[""continuous""]";"[]";"0";"0";"[""Geographic context"", ""Selected Y typology"", ""Selected Y evidence"", ""Recommended validation""]";"Decision conservatoire : N lignes=856; T declare=49; variable temporelle declaree=Year; repetitions de coordonnees controlees=733. Grouper les observations du meme site/immeuble/individu dans un seul fold, et respecter la chronologie si l’objectif est prospectif. Le split aleatoire par ligne n’est pas valide sans justification. La fiche et les donnees sont conservees ; aucune suppression ni promotion.

Typologie de la reponse selectionnee : continuous. Ligne Detail Y correspondant a formula_used; les autres reponses candidates ne pilotent pas cette tache.

Provenance des corrections : audit du 2026-09-07, inspection du RDS et sources indiquees dans cette fiche. Regeneration : code/r_catalog/dataset_curation.py et dataset_curation_overrides.json.";"valid";"[]";"data/final_datasets/sf/paper_macropod_body_size.rds";"856";"not_promoted";"N lignes=856; T declare=49; variable temporelle declaree=Year; repetitions de coordonnees controlees=733. Grouper les observations du meme site/immeuble/individu dans un seul fold, et respecter la chronologie si l’objectif est prospectif. Le split aleatoire par ligne n’est pas valide sans justification.";"[""package_include_not_yes"", ""benchmark_status_not_ready""]";"false";"[""data/final_datasets/sf/paper_macropod_body_size.rds"", ""data/raw/papers/DatasetFirst_10_5061_dryad_c3tc6/ProwseEtAl_MacropodData.csv"", ""wiki/datasets/fiches_datasets/paper_macropod_body_size.md"", ""data/final_datasets/sf/paper_macropod_body_size.rds""]";"9b16b42ce5fc13396c263f15efb30a409f1747efadd7ee26b7548b5ac08bd1b2";"705065bca04b51a75bdcb20eb23f62fb21806d0dd06b6a0a2b5f2747207a0337"
"paper_maine_baseflow";"wiki/datasets/fiches_datasets/paper_maine_baseflow.md";"true";"ready";"ready";"yes";"yes";"true";"true";"aug_baseflow_m3s_km2 ~ pct_sand_gravel_aquifer + july_precip_mm";"aug_baseflow_m3s_km2 ~ pct_sand_gravel_aquifer + july_precip_mm";"aug_baseflow_m3s_km2 ~ pct_sand_gravel_aquifer + july_precip_mm [BFaug = -0.006765 + 0.0001074*AQ + 0.0001033*JULAVEPRE, Eq. 1 p.1258]";"aug_baseflow_m3s_km2 ~ pct_sand_gravel_aquifer + july_precip_mm [BFaug = -0.006765 + 0.0001074*AQ + 0.0001033*JULAVEPRE, Eq. 1 p.1258]";"pub";"paper_extracted";"[""rate""]";"[""rate""]";"[]";"0";"0";"[""Topic"", ""Selected Y typology"", ""Selected Y evidence""]";"Typologie de la reponse selectionnee : rate. Ligne Detail Y correspondant a formula_used; les autres reponses candidates ne pilotent pas cette tache.

Provenance des corrections : audit du 2026-09-07, inspection du RDS et sources indiquees dans cette fiche. Regeneration : code/r_catalog/dataset_curation.py et dataset_curation_overrides.json.";"valid";"[]";"data/final_datasets/sf/paper_maine_baseflow.rds";"31";"loaded";"";"[]";"false";"[""data/final_datasets/sf/paper_maine_baseflow.rds"", ""corpus/papers/raw_pdf/Lombard2021Model.pdf"", ""corpus/papers/tei/Lombard2021Model.tei.xml"", ""data/raw/papers/DataCite_2021_ModelEstimatedBaseflowFor_10_1002_rra_3835/README_table1_gage_stations.txt"", ""data/raw/papers/DataCite_2021_ModelEstimatedBaseflowFor_10_1002_rra_3835/table1_gage_stations.csv"", ""wiki/datasets/fiches_datasets/paper_maine_baseflow.md"", ""data/final_datasets/sf/paper_maine_baseflow.rds""]";"f07f51fe84d4d10d6cb640563c7317b2a7dff3df1f06cec35179352d48dd2586";"23b4b4ab7dbc55218703477f98c387fd25aaf3d24d27c88e9180856afe58c3d0"
"paper_maipo";"wiki/datasets/fiches_datasets/paper_maipo.md";"true";"not_ready_current_package";"not_ready_current_package";"no";"no";"false";"false";"croptype ~ ndvi01 + ndvi02 + ndvi03 + ndvi04 + ndvi05 + ndvi06 + ndvi07 + ndvi08 + ndwi01 + ndwi02 + ndwi03 + ndwi04 + ... (52 covariables au total, voir Candidate X variables)";"croptype ~ ndvi01 + ndvi02 + ndvi03 + ndvi04 + ndvi05 + ndvi06 + ndvi07 + ndvi08 + ndwi01 + ndwi02 + ndwi03 + ndwi04 + ndwi05 + ndwi06 + ndwi07 + ndwi08 + b12 + b13 + b14 + b15 + b16 + b17 + b22 + b23 + b24 + b25 + b26 + b27 + b32 + b33 + b34 + b35 + b36 + b37 + b42 + b43 + b44 + b45 + b46 + b47 + b52 + b53 + b54 + b55 + b56 + b57 + b62 + b63 + b64 + b65 + b66 + b67 + b72 + b73 + b74 + b75 + b76 + b77 + b82 + b83 + b84 + b85 + b86 + b87";"pending";"pending";"pub";"generated_system_formula";"[""categorical""]";"[""categorical""]";"[]";"0";"0";"[""Selected Y typology"", ""Selected Y evidence"", ""benchmark_task_note"", ""x_terms_used"", ""y_term_used"", ""Formula used evidence"", ""formula_used""]";"La formule systeme enumere les 64 covariables deja declarees dans Candidate X variables et presentes dans le RDS. L’ancienne ellipse etait un defaut du rendu; cette liste demeure une proposition systeme, sans preuve de specification publiee et sans promotion. Sa pertinence scientifique reste en revue.

Typologie de la reponse selectionnee : categorical. croptype code plusieurs classes de cultures.

Provenance des corrections : audit du 2026-09-07, inspection du RDS et sources indiquees dans cette fiche. Regeneration : code/r_catalog/dataset_curation.py et dataset_curation_overrides.json.";"valid";"[]";"data/final_datasets/sf/paper_maipo.rds";"7713";"not_promoted";"La reponse crop type est categorielle multiclasse.";"[""package_include_not_yes"", ""benchmark_status_not_ready"", ""current_package_regression_only"", ""selected_response_typology_unresolved""]";"false";"[""data/final_datasets/sf/paper_maipo.rds"", ""corpus/papers/raw_pdf/Brenning_2023_SpatialMLDiagnostics.pdf"", ""corpus/papers/tei/Brenning_2023_SpatialMLDiagnostics.tei.xml"", ""data/raw/papers/Brenning_2023_SpatialMLDiagnostics_maipo"", ""wiki/datasets/fiches_datasets/paper_maipo.md"", ""data/final_datasets/sf/paper_maipo.rds""]";"6e19a1f8fa10d1a4d51d4b5d3339293b036bc915a740c3a046866d637e68bf92";"5a129bb9aff382e72f140ae044091c1cf7f8828362bc1198d8487c7d045619b8"
"paper_mammals_sr_pd";"wiki/datasets/fiches_datasets/paper_mammals_sr_pd.md";"true";"ready";"manual_review";"yes";"manual_review";"true";"false";"SR ~ AET + Temp";"SR ~ AET + Temp";"SR ~ 0.47*AET + 0.31*Mean_annual_temperature (R2=0.75) ; PD ~ 0.95*SR - 0.37*LGM_velocity + 0.12*Mean_elevation (R2=0.97)";"SR ~ 0.47*AET + 0.31*Mean_annual_temperature (R2=0.75) ; PD ~ 0.95*SR - 0.37*LGM_velocity + 0.12*Mean_elevation (R2=0.97)";"pub";"paper_extracted";"[""count"", ""continuous""]";"[""count""]";"[]";"0";"0";"[""Selected Y typology"", ""Selected Y evidence""]";"Decision conservatoire : Tache count a documenter par reponse et estimateur; aucune selection automatique de familles gaussiennes. Ligne Detail Y correspondant a formula_used; les autres reponses candidates ne pilotent pas cette tache. La fiche et les donnees sont conservees ; aucune suppression ni promotion.

Typologie de la reponse selectionnee : count. Ligne Detail Y correspondant a formula_used; les autres reponses candidates ne pilotent pas cette tache.

Provenance des corrections : audit du 2026-09-07, inspection du RDS et sources indiquees dans cette fiche. Regeneration : code/r_catalog/dataset_curation.py et dataset_curation_overrides.json.";"valid";"[]";"data/final_datasets/sf/paper_mammals_sr_pd.rds";"17151";"not_promoted";"Tache count a documenter par reponse et estimateur; aucune selection automatique de familles gaussiennes. Ligne Detail Y correspondant a formula_used; les autres reponses candidates ne pilotent pas cette tache.";"[""package_include_not_yes"", ""benchmark_status_not_ready""]";"false";"[""data/final_datasets/sf/paper_mammals_sr_pd.rds"", ""corpus/papers/raw_pdf/Barreto2019Environmental.pdf"", ""corpus/papers/raw_pdf/Environmental factors explain the spatial mismatches between species richness and phylogenetic diversity of terrestrial mammals.pdf"", ""corpus/papers/tei/Barreto2019Environmental.tei.xml"", ""corpus/papers/tei/Environmental factors explain the spatial mismatches between species richness and phylogenetic diversity of terrestrial mammals.tei.xml"", ""data/raw/papers/DataCite_2019_EnvironmentalFactorsExplainThe_10_1111_geb_1299"", ""wiki/datasets/fiches_datasets/paper_mammals_sr_pd.md"", ""data/final_datasets/sf/paper_mammals_sr_pd.rds""]";"fe152c48bda3472ff95e610dfb823ad054ac081aee239661b81da0f5830d379f";"71b2b2b59ccfa157ccfbaaf352cfbac86ade76b98f923ad9ac18c529c40a1729"
"paper_marrot_spatial_autocorrelation_fitness";"wiki/datasets/fiches_datasets/paper_marrot_spatial_autocorrelation_fitness.md";"true";"ready";"ready_panel_reduction";"yes";"manual_review";"true";"false";"Number_of_fledglings ~ Clutch_size + Laying_date + Incubation_duration";"Number_of_fledglings ~ Clutch_size + Laying_date + Incubation_duration";"Number_of_fledglings ~ Clutch_size + Laying_date + Incubation_duration [GLS/SAR selon la structure d'autocorrelation spatiale testee]";"Number_of_fledglings ~ Clutch_size + Laying_date + Incubation_duration [GLS/SAR selon la structure d'autocorrelation spatiale testee]";"pub";"paper_extracted";"[""continuous""]";"[""count""]";"[]";"0";"0";"[""Selected Y typology"", ""Selected Y evidence"", ""benchmark_task_note"", ""Recommended validation""]";"Decision conservatoire : N lignes=229; T declare=6; variable temporelle declaree=Years; repetitions de coordonnees controlees=89. Grouper les observations du meme site/immeuble/individu dans un seul fold, et respecter la chronologie si l’objectif est prospectif. Le split aleatoire par ligne n’est pas valide sans justification. La fiche et les donnees sont conservees ; aucune suppression ni promotion.

Typologie de la reponse selectionnee : count. Number_of_fledglings denombre les jeunes a l’envol.

Provenance des corrections : audit du 2026-09-07, inspection du RDS et sources indiquees dans cette fiche. Regeneration : code/r_catalog/dataset_curation.py et dataset_curation_overrides.json.";"valid";"[]";"data/final_datasets/sf/paper_marrot_spatial_autocorrelation_fitness.rds";"229";"not_promoted";"N lignes=229; T declare=6; variable temporelle declaree=Years; repetitions de coordonnees controlees=89. Grouper les observations du meme site/immeuble/individu dans un seul fold, et respecter la chronologie si l’objectif est prospectif. Le split aleatoire par ligne n’est pas valide sans justification.";"[""package_include_not_yes"", ""benchmark_status_not_ready""]";"false";"[""data/final_datasets/sf/paper_marrot_spatial_autocorrelation_fitness.rds"", ""C:/Users/jdoliveira/SynologyDrive/johnny D'OLIVEIRA/Travaux stages/llm-wiki-karpathy/corpus/papers/raw_pdf/Spatial autocorrelation in fitness affects the estimation of natural selection in the wild.pdf"", ""corpus/papers/raw_pdf/Spatial autocorrelation in fitness affects the estimation of natural selection in the wild.pdf"", ""corpus/papers/tei/Spatial autocorrelation in fitness affects the estimation of natural selection in the wild.tei.xml"", ""data/raw/papers/DataCite_2015_SpatialAutocorrelationInFitness_10_1111_2041_210/README_for_Marrot_Garant_Charmantier2015.txt"", ""wiki/datasets/fiches_datasets/paper_marrot_spatial_autocorrelation_fitness.md"", ""data/final_datasets/sf/paper_marrot_spatial_autocorrelation_fitness.rds""]";"ecb12eb29d34c5501d87f4e9b2434ee05d5d7daf2230d7a0697caadceb58f767";"e3767c7b4be1cc0b4176292b3ce0f907d0470befd187619be1bd64807be8e4e4"
"paper_medicago";"wiki/datasets/fiches_datasets/paper_medicago.md";"true";"ready";"manual_review";"yes";"manual_review";"true";"false";"richness ~ MAT + MTCQ + PET + WI + Solar_rad";"richness ~ MAT + MTCQ + PET + WI + Solar_rad";"richness ~ environmental_energy_PC1 [GWR, fixed kernel, AICc bandwidth] ; richness ~ each climatic variable / environmental-category PC1 [negative binomial GLM]";"richness ~ environmental_energy_PC1 [GWR, fixed kernel, AICc bandwidth] ; richness ~ each climatic variable / environmental-category PC1 [negative binomial GLM]";"pub";"paper_extracted";"[""continuous""]";"[""count""]";"[]";"0";"0";"[""Selected Y typology"", ""Selected Y evidence"", ""benchmark_task_note""]";"Decision conservatoire : Tache count a documenter par reponse et estimateur; aucune selection automatique de familles gaussiennes. richesse specifique observee : denombrement, sans transformation continue imposee. La fiche et les donnees sont conservees ; aucune suppression ni promotion.

Typologie de la reponse selectionnee : count. richesse specifique observee : denombrement, sans transformation continue imposee.

Provenance des corrections : audit du 2026-09-07, inspection du RDS et sources indiquees dans cette fiche. Regeneration : code/r_catalog/dataset_curation.py et dataset_curation_overrides.json.";"valid";"[]";"data/final_datasets/sf/paper_medicago.rds";"8297";"not_promoted";"Tache count a documenter par reponse et estimateur; aucune selection automatique de familles gaussiennes. richesse specifique observee : denombrement, sans transformation continue imposee.";"[""package_include_not_yes"", ""benchmark_status_not_ready""]";"false";"[""data/final_datasets/sf/paper_medicago.rds"", ""corpus/papers/raw_pdf/Niche conservatism limits the distribution of Medicago in the tropics.pdf"", ""corpus/papers/raw_pdf/Yang2022Niche.pdf"", ""corpus/papers/tei/Niche conservatism limits the distribution of Medicago in the tropics.tei.xml"", ""corpus/papers/tei/Yang2022Niche.tei.xml"", ""data/raw/papers/DataCite_2022_NicheConservatismLimitsThe_10_1111_ecog_060/_extracted/README_updated.txt"", ""wiki/datasets/fiches_datasets/paper_medicago.md"", ""data/final_datasets/sf/paper_medicago.rds""]";"f9d1bdf8d91368d06881374e1d953818c1938587f7271113b143c49ee6578b2c";"631f569341299349a5da2031e854abca4e7374abdcdbd7d0bd3a292846a78945"
"paper_metacomnet";"wiki/datasets/fiches_datasets/paper_metacomnet.md";"true";"not_ready_current_package";"not_ready_current_package";"no";"no";"false";"false";"Number ~ DCA1 + DCA2 + DCA3 + DCA4 + BeeDCA1 + BeeDCA2 + BeeDCA3 + BeeDCA4 + Solitary + PlantFreq + MASL + LnscpH + ... (5 covariables au total, voir Candidate X variables)";"Number ~ DCA1 + DCA2 + DCA3 + DCA4 + BeeDCA1 + BeeDCA2 + BeeDCA3 + BeeDCA4 + Solitary + PlantFreq + MASL + LnscpH + LndscpGR + DistSand + NearestOcc + RegionalCommonness + FacOccurrence";"pending";"pending";"pub";"generated_system_formula";"[""count"", ""binary""]";"[""count""]";"[]";"0";"0";"[""Selected Y typology"", ""Selected Y evidence"", ""benchmark_task_note"", ""x_terms_used"", ""y_term_used"", ""Formula used evidence"", ""formula_used""]";"La formule systeme enumere les 17 covariables deja declarees dans Candidate X variables et presentes dans le RDS. L’ancienne ellipse etait un defaut du rendu; cette liste demeure une proposition systeme, sans preuve de specification publiee et sans promotion. Sa pertinence scientifique reste en revue.

Typologie de la reponse selectionnee : count. Number est un comptage; Occurrence est une autre reponse binaire.

Provenance des corrections : audit du 2026-09-07, inspection du RDS et sources indiquees dans cette fiche. Regeneration : code/r_catalog/dataset_curation.py et dataset_curation_overrides.json.";"valid";"[]";"data/final_datasets/sf/paper_metacomnet.rds";"9594";"not_promoted";"Le papier utilise une logique Random Forest sur occurrences/interactions, pas une regression continue standard.";"[""package_include_not_yes"", ""benchmark_status_not_ready"", ""current_package_regression_only""]";"false";"[""data/final_datasets/sf/paper_metacomnet.rds"", ""corpus/papers/raw_pdf/Sydenham2021Metacomnet.pdf"", ""corpus/papers/raw_pdf/Sydenham_2022_MetaComNet_RandomForestSpatialPollinatorPredictions.pdf"", ""corpus/papers/tei/Sydenham2021Metacomnet.tei.xml"", ""corpus/papers/tei/Sydenham_2022_MetaComNet_RandomForestSpatialPollinatorPredictions.tei.xml"", ""data/raw/papers/DataCite_2021_MetacomnetARandomForest_10_1111_2041_210/GBIF_wild_bee_occurrence_records.csv"", ""data/raw/papers/DataCite_2021_MetacomnetARandomForest_10_1111_2041_210/Sydenham_et_al_MetaComNet_data_frame.csv"", ""wiki/datasets/fiches_datasets/paper_metacomnet.md"", ""data/final_datasets/sf/paper_metacomnet.rds""]";"60a51349be40271cc524160bc70ff0775154f5a2cf9b0dd67900c3e36ba48def";"6269b44dedc72d4bdb9cce4f6ab9d061dad3adaa2ff7134c12bf6b1211c3332f"
"paper_midwest_crop_yield";"wiki/datasets/fiches_datasets/paper_midwest_crop_yield.md";"true";"ready";"ready_panel_reduction";"yes";"manual_review";"true";"false";"Yield ~ avgPRCP";"Yield ~ avgPRCP";"Yield ~ avgPRCP [Z(s) scalaire du modele Eq.1-2 p.3-4 ; Area = omega(s) sert de poids de variance heteroscedastique e(s)~N(0, sigma2/omega(s)), pas de covariable de la moyenne]";"Yield ~ avgPRCP [Z(s) scalaire du modele Eq.1-2 p.3-4 ; Area = omega(s) sert de poids de variance heteroscedastique e(s)~N(0, sigma2/omega(s)), pas de covariable de la moyenne]";"pub";"paper_extracted";"[""continuous""]";"[""continuous""]";"[]";"0";"0";"[""Selected Y typology"", ""Selected Y evidence"", ""Recommended validation""]";"Decision conservatoire : N lignes=6359; T declare=22; variable temporelle declaree=Year; repetitions de coordonnees controlees=5955. Grouper les observations du meme site/immeuble/individu dans un seul fold, et respecter la chronologie si l’objectif est prospectif. Le split aleatoire par ligne n’est pas valide sans justification. La fiche et les donnees sont conservees ; aucune suppression ni promotion.

Typologie de la reponse selectionnee : continuous. Ligne Detail Y correspondant a formula_used; les autres reponses candidates ne pilotent pas cette tache.

Provenance des corrections : audit du 2026-09-07, inspection du RDS et sources indiquees dans cette fiche. Regeneration : code/r_catalog/dataset_curation.py et dataset_curation_overrides.json.";"valid";"[]";"data/final_datasets/sf/paper_midwest_crop_yield.rds";"6359";"not_promoted";"N lignes=6359; T declare=22; variable temporelle declaree=Year; repetitions de coordonnees controlees=5955. Grouper les observations du meme site/immeuble/individu dans un seul fold, et respecter la chronologie si l’objectif est prospectif. Le split aleatoire par ligne n’est pas valide sans justification.";"[""package_include_not_yes"", ""benchmark_status_not_ready""]";"false";"[""data/final_datasets/sf/paper_midwest_crop_yield.rds"", ""corpus/papers/raw_pdf/Crop Yield Prediction Using Bayesian Spatially Varying Coefficient Models with Functional Predictors.pdf"", ""corpus/papers/raw_pdf/Park2022Crop.pdf"", ""corpus/papers/tei/Crop Yield Prediction Using Bayesian Spatially Varying Coefficient Models with Functional Predictors.tei.xml"", ""corpus/papers/tei/Park2022Crop.tei.xml"", ""data/raw/papers/DataCite_2022_CropYieldPredictionUsing_10_1080_01621459"", ""wiki/datasets/fiches_datasets/paper_midwest_crop_yield.md"", ""data/final_datasets/sf/paper_midwest_crop_yield.rds""]";"8cc0d61bba813b8bf92f55bb5539369857ee60a7f7c5e09000ba31290c14d48d";"1b170c2eb248de800a1539764dfc2dc4e6ba12200b2cc8c450b627f3a5e025ef"
"paper_mimulus_sdm";"wiki/datasets/fiches_datasets/paper_mimulus_sdm.md";"true";"ready";"manual_review";"yes";"manual_review";"false";"false";"presence ~ T_cold + GDD0 + P_season + TP_syn + Aridity + ISO";"presence ~ T_cold + GDD0 + P_season + TP_syn + Aridity + ISO";"presence ~ T_cold + GDD0 + P_season + TP_syn + Aridity + ISO [WiBB : cadre de ponderation multi-modele (AICc, poids de sommation, WiBB) pour classer l'importance relative des predicteurs dans des GLM binomiaux ajustes espece par espece]";"presence ~ T_cold + GDD0 + P_season + TP_syn + Aridity + ISO [WiBB : cadre de ponderation multi-modele (AICc, poids de sommation, WiBB) pour classer l'importance relative des predicteurs dans des GLM binomiaux ajustes espece par espece]";"pub";"paper_extracted";"[""binary""]";"[""binary""]";"[]";"0";"0";"[""Geographic context"", ""Selected Y typology"", ""Selected Y evidence""]";"Decision conservatoire : Tache binary a documenter par reponse et estimateur; aucune selection automatique de familles gaussiennes. Ligne Detail Y correspondant a formula_used; les autres reponses candidates ne pilotent pas cette tache. La fiche et les donnees sont conservees ; aucune suppression ni promotion.

Typologie de la reponse selectionnee : binary. Ligne Detail Y correspondant a formula_used; les autres reponses candidates ne pilotent pas cette tache.

Provenance des corrections : audit du 2026-09-07, inspection du RDS et sources indiquees dans cette fiche. Regeneration : code/r_catalog/dataset_curation.py et dataset_curation_overrides.json.";"valid";"[]";"data/final_datasets/sf/paper_mimulus_sdm.rds";"21307";"not_promoted";"Tache binary a documenter par reponse et estimateur; aucune selection automatique de familles gaussiennes. Ligne Detail Y correspondant a formula_used; les autres reponses candidates ne pilotent pas cette tache.";"[""package_include_not_yes"", ""benchmark_status_not_ready""]";"false";"[""data/final_datasets/sf/paper_mimulus_sdm.rds"", ""corpus/papers/raw_pdf/i_WiBB_i_an_integrated_method_for_quantifying_the_relative_importance_of_predict_W3200721675.pdf"", ""corpus/papers/tei/i_WiBB_i_an_integrated_method_for_quantifying_the_relative_importance_of_predict_W3200721675.tei.xml"", ""data/raw/papers/DatasetFirst_10_5061_dryad_xsj3tx9g1/extracted/empirical_dataset/background_pts_var.csv"", ""data/raw/papers/DatasetFirst_10_5061_dryad_xsj3tx9g1/extracted/empirical_dataset/mimulus_occ_var.csv"", ""wiki/datasets/fiches_datasets/paper_mimulus_sdm.md"", ""data/final_datasets/sf/paper_mimulus_sdm.rds""]";"ed5f23ea21c21c2962e6fe3f336767bf40be8b5ac9b240c38c1fa800c0cabb37";"6be7107f63a8c82a0d7675332cd00efc839f680ab8c8bd0aab80dcf9f69eb118"
"paper_mistletoe_bird_abundance";"wiki/datasets/fiches_datasets/paper_mistletoe_bird_abundance.md";"true";"ready";"ready_panel_reduction";"yes";"manual_review";"true";"false";"Total_abundance ~ total_live_mistletoe + total_dead_mistletoe + canopy_cover + shrub_cover + large_old_tree_total + Season";"Total_abundance ~ total_live_mistletoe + total_dead_mistletoe + canopy_cover + shrub_cover + large_old_tree_total + Season";"TotalBirdAbundance ~ blossom_score + Season + noisy_miner_abundance + canopy_cover + shrub_cover + tree_species_composition + land_use + water_distance + survey_time + log1p(live_mistletoe_abundance) + live_mistletoe_abundance:Season [modele INLA GLMM avec effet aleatoire spatial SPDE (Matern), erreur de Poisson, effets aleatoires observateur/region, testant l'interaction mistletoe x saison de reproduction pour evaluer la moderation de la secheresse]";"TotalBirdAbundance ~ blossom_score + Season + noisy_miner_abundance + canopy_cover + shrub_cover + tree_species_composition + land_use + water_distance + survey_time + log1p(live_mistletoe_abundance) + live_mistletoe_abundance:Season [modele INLA GLMM avec effet aleatoire spatial SPDE (Matern), erreur de Poisson, effets aleatoires observateur/region, testant l'interaction mistletoe x saison de reproduction pour evaluer la moderation de la secheresse]";"pub";"paper_extracted";"[""continuous""]";"[""count""]";"[]";"0";"0";"[""Selected Y typology"", ""Selected Y evidence"", ""benchmark_task_note"", ""Recommended validation""]";"Decision conservatoire : N lignes=9012; T declare=5; variable temporelle declaree=Season; repetitions de coordonnees controlees=7794. Grouper les observations du meme site/immeuble/individu dans un seul fold, et respecter la chronologie si l’objectif est prospectif. Le split aleatoire par ligne n’est pas valide sans justification. La fiche et les donnees sont conservees ; aucune suppression ni promotion.

Typologie de la reponse selectionnee : count. Total_abundance denombre les observations d’oiseaux.

Provenance des corrections : audit du 2026-09-07, inspection du RDS et sources indiquees dans cette fiche. Regeneration : code/r_catalog/dataset_curation.py et dataset_curation_overrides.json.";"valid";"[]";"data/final_datasets/sf/paper_mistletoe_bird_abundance.rds";"9012";"not_promoted";"N lignes=9012; T declare=5; variable temporelle declaree=Season; repetitions de coordonnees controlees=7794. Grouper les observations du meme site/immeuble/individu dans un seul fold, et respecter la chronologie si l’objectif est prospectif. Le split aleatoire par ligne n’est pas valide sans justification.";"[""package_include_not_yes"", ""benchmark_status_not_ready""]";"false";"[""data/final_datasets/sf/paper_mistletoe_bird_abundance.rds"", ""corpus/papers/raw_pdf/Mistletoes could moderate drought impacts on birds but are themselves susceptible to drought-induced dieback.pdf"", ""corpus/papers/tei/Mistletoes could moderate drought impacts on birds but are themselves susceptible to drought-induced dieback.tei.xml"", ""data/raw/papers/DataCite_2022_MistletoesCouldModerateDrought_10_1098_rspb_202/extracted/Bird_data.csv"", ""wiki/datasets/fiches_datasets/paper_mistletoe_bird_abundance.md"", ""data/final_datasets/sf/paper_mistletoe_bird_abundance.rds""]";"3fecae782c547b5eb46b8c81d0c1b25b88e45404491a182a7fb3494721b5c1c7";"9eea9363eed8657fa481c00090b032f81c38e3655247319dd9c8bcb66355b5d7"
"paper_network_misspecification_elections";"wiki/datasets/fiches_datasets/paper_network_misspecification_elections.md";"true";"ready";"ready_panel_reduction";"yes";"manual_review";"true";"false";"votelead ~ gr_an + unem_an + coalsize + pop + enep";"votelead ~ gr_an + unem_an + coalsize + pop + enep";"votelead ~ gr_an + gr_loc_med_an + gr_glob_med_an + unem_an + unem_loc_med_an + unem_glob_med_an + coalsize + pop + enep [SAR/SLX sous differentes specifications de reseau -- objet methodologique principal du papier]";"votelead ~ gr_an + gr_loc_med_an + gr_glob_med_an + unem_an + unem_loc_med_an + unem_glob_med_an + coalsize + pop + enep [SAR/SLX sous differentes specifications de reseau -- objet methodologique principal du papier]";"pub";"paper_extracted";"[""continuous""]";"[""continuous""]";"[]";"0";"0";"[""Selected Y typology"", ""Selected Y evidence"", ""Recommended validation""]";"Decision conservatoire : N lignes=386; T declare=65; variable temporelle declaree=elecyr; repetitions de coordonnees controlees=364. Grouper les observations du meme site/immeuble/individu dans un seul fold, et respecter la chronologie si l’objectif est prospectif. Le split aleatoire par ligne n’est pas valide sans justification. La fiche et les donnees sont conservees ; aucune suppression ni promotion.

Typologie de la reponse selectionnee : continuous. Ligne Detail Y correspondant a formula_used; les autres reponses candidates ne pilotent pas cette tache.

Provenance des corrections : audit du 2026-09-07, inspection du RDS et sources indiquees dans cette fiche. Regeneration : code/r_catalog/dataset_curation.py et dataset_curation_overrides.json.";"valid";"[]";"data/final_datasets/sf/paper_network_misspecification_elections.rds";"386";"not_promoted";"N lignes=386; T declare=65; variable temporelle declaree=elecyr; repetitions de coordonnees controlees=364. Grouper les observations du meme site/immeuble/individu dans un seul fold, et respecter la chronologie si l’objectif est prospectif. Le split aleatoire par ligne n’est pas valide sans justification.";"[""package_include_not_yes"", ""benchmark_status_not_ready""]";"false";"[""data/final_datasets/sf/paper_network_misspecification_elections.rds"", ""corpus/papers/raw_pdf/Betz2020Bias.pdf"", ""corpus/papers/tei/Betz2020Bias.tei.xml"", ""data/raw/papers/DataCite_2020_BiasFromNetworkMisspecification_10_1017_pan_2020/PAN-archive/code/Readme_Replication_BetzCookHollenbach.txt"", ""wiki/datasets/fiches_datasets/paper_network_misspecification_elections.md"", ""data/final_datasets/sf/paper_network_misspecification_elections.rds""]";"bd85ae2bdbb9f2551fcea93195de9d0e57fe890dd68b24ae4f5bb1b1a24d2305";"2ee3a2502763200244a30eee3f5f3cdb91a428af696be354dffe02bbf7f0956f"
"paper_no2_aqs_ma_2016_monitor_covariates";"wiki/datasets/fiches_datasets/paper_no2_aqs_ma_2016_monitor_covariates.md";"true";"manual_review_derived_reconstruction";"manual_review_derived_reconstruction";"manual_review";"manual_review";"false";"false";"no2_mean_2016 ~ elevation_m_usgs_epqs + power_t2m_mean_c + power_rh2m_mean_pct + nlcd_developed + road_density_primary_secondary_10km_m_per_km2";"no2_mean_2016 ~ elevation_m_usgs_epqs + power_t2m_mean_c + power_rh2m_mean_pct + nlcd_developed + road_density_primary_secondary_10km_m_per_km2";"no single monitor-level regression formula published in the extracted article text.";"no single monitor-level regression formula published in the extracted article text.";"pub";"paper_extracted";"[""continuous""]";"[""continuous""]";"[]";"0";"0";"[""Selected Y typology"", ""Selected Y evidence""]";"Typologie de la reponse selectionnee : continuous. Ligne Detail Y correspondant a formula_used; les autres reponses candidates ne pilotent pas cette tache.

Provenance des corrections : audit du 2026-09-07, inspection du RDS et sources indiquees dans cette fiche. Regeneration : code/r_catalog/dataset_curation.py et dataset_curation_overrides.json.";"valid";"[]";"data/final_datasets/sf/paper_no2_aqs_state_25_2016_monitor_covariates.rds";"10";"not_promoted";"Continuous response, coordinates and public covariates are present, but this is a partial reconstruction and not the exact training matrix from the paper.";"[""package_include_not_yes"", ""benchmark_status_not_ready""]";"false";"[""data/final_datasets/sf/paper_no2_aqs_state_25_2016_monitor_covariates.rds"", ""corpus/papers/raw_pdf/Assessing NO2 Concentration and Model Uncertainty with High spatiotemporal resolution accross the contiguous united states.pdf"", ""corpus/papers/raw_pdf/Di2019Assessing.pdf"", ""corpus/papers/tei/Assessing NO2 Concentration and Model Uncertainty with High spatiotemporal resolution accross the contiguous united states.tei.xml"", ""corpus/papers/tei/Di2019Assessing.tei.xml"", ""data/raw/papers/DataCite_2019_AssessingNo2Concentration_10_1021_acs_est_/grid.csv"", ""wiki/datasets/fiches_datasets/paper_no2_aqs_ma_2016_monitor_covariates.md"", ""data/final_datasets/sf/paper_no2_aqs_state_25_2016_monitor_covariates.rds""]";"0a55a416f30788837c17d59db1eb3516da509919446febb12688d49c51e628bb";"5533c9cd152999dcc82102c85875a66f4b8e3dc46aa8b3dbf53505d8f3ac9128"
"paper_no2_grid";"wiki/datasets/fiches_datasets/paper_no2_grid.md";"true";"not_ready_prediction_product";"not_ready_main_benchmark";"no";"no";"false";"false";"pending";"pending";"NO2 ~ f(selected predictor variables) [neural network, random forest, gradient boosting; ensemble via geographically weighted generalized additive model]";"NO2 ~ f(selected predictor variables) [neural network, random forest, gradient boosting; ensemble via geographically weighted generalized additive model]";"pub";"unavailable";"[""continuous""]";"[""continuous""]";"[]";"0";"0";"[]";"Decision conservatoire : retrouver les observations et covariables sources du modele ensembliste Maintenir hors benchmark empirique; conserver la fiche et orienter une reconstruction distincte vers les observations sources. La fiche et les donnees sont conservees ; aucune suppression ni promotion.

Provenance des corrections : audit du 2026-09-07, inspection du RDS et sources indiquees dans cette fiche. Regeneration : code/r_catalog/dataset_curation.py et dataset_curation_overrides.json.";"unavailable";"[]";"data/final_datasets/sf/paper_no2_grid.rds";"27993";"not_promoted";"retrouver les observations et covariables sources du modele ensembliste Maintenir hors benchmark empirique; conserver la fiche et orienter une reconstruction distincte vers les observations sources.";"[""package_include_not_yes"", ""benchmark_status_not_ready"", ""formula_used_missing_or_pending"", ""response_missing"", ""predictors_missing"", ""formula_evidence_unavailable""]";"true";"[""data/final_datasets/sf/paper_no2_grid.rds"", ""corpus/papers/raw_pdf/Assessing NO2 Concentration and Model Uncertainty with High spatiotemporal resolution accross the contiguous united states.pdf"", ""corpus/papers/raw_pdf/Di2019Assessing.pdf"", ""corpus/papers/tei/Assessing NO2 Concentration and Model Uncertainty with High spatiotemporal resolution accross the contiguous united states.tei.xml"", ""corpus/papers/tei/Di2019Assessing.tei.xml"", ""data/raw/papers/DataCite_2019_AssessingNo2Concentration_10_1021_acs_est_/grid.csv"", ""wiki/datasets/fiches_datasets/paper_no2_grid.md"", ""data/final_datasets/sf/paper_no2_grid.rds""]";"2c7bd782b624b7f1ab34539ec8d4f25f9654bf7b842b39dbe0561076787c816e";"a63c3fcaee5933c255001861bd2d8fb35b103ae194a8318dc4fb751d46e7dfab"
"paper_nyc_census2000_gwrboost";"wiki/datasets/fiches_datasets/paper_nyc_census2000_gwrboost.md";"true";"ready";"ready";"yes";"yes";"true";"true";"mean_inc ~ sub18 + PER_PRV_SC + YOUTH_DROP + HS_DROP + COL_DEGREE + SCHOOL_CT";"mean_inc ~ sub18 + PER_PRV_SC + YOUTH_DROP + HS_DROP + COL_DEGREE + SCHOOL_CT";"mean_inc ~ sub18 + PER_PRV_SC + YOUTH_DROP + HS_DROP + COL_DEGREE + SCHOOL_CT [GWR/GWRBoost, Table 2-3 : OLS R2=0.557, GWR R2=0.825, GWRBoost R2=0.882]";"mean_inc ~ sub18 + PER_PRV_SC + YOUTH_DROP + HS_DROP + COL_DEGREE + SCHOOL_CT [GWR/GWRBoost, Table 2-3 : OLS R2=0.557, GWR R2=0.825, GWRBoost R2=0.882]";"pub";"paper_extracted";"[""continuous""]";"[""continuous""]";"[]";"0";"0";"[""Selected Y typology"", ""Selected Y evidence""]";"Typologie de la reponse selectionnee : continuous. Ligne Detail Y correspondant a formula_used; les autres reponses candidates ne pilotent pas cette tache.

Provenance des corrections : audit du 2026-09-07, inspection du RDS et sources indiquees dans cette fiche. Regeneration : code/r_catalog/dataset_curation.py et dataset_curation_overrides.json.";"valid";"[]";"data/final_datasets/sf/paper_nyc_census2000_gwrboost.rds";"2216";"loaded";"";"[]";"false";"[""data/final_datasets/sf/paper_nyc_census2000_gwrboost.rds"", ""corpus/papers/raw_pdf/Wang2022GWRBoost.pdf"", ""data/raw/papers/GeoDaLab_2017_NYCCensus2000_geodacenter_data_and_lab/README_source.txt"", ""wiki/datasets/fiches_datasets/paper_nyc_census2000_gwrboost.md"", ""data/final_datasets/sf/paper_nyc_census2000_gwrboost.rds""]";"6cf3ed9cb60074eaaa59f4cf4ab5fc2d6d91de9c877765f0dea6fd343f983e10";"35819ca0360fbe2670222235ad8fdc58ca65a3b475aaf6c961330804ef6417c9"
"paper_nyc_tract_income_ssig";"wiki/datasets/fiches_datasets/paper_nyc_tract_income_ssig.md";"true";"ready";"ready";"yes";"yes";"true";"true";"per_capita_income ~ UDG25 + PGD25 + Unemploy + Age65p + AgeU18 + PopDensity + MaleShare + BlackShare + AsianShare + WhiteShare";"per_capita_income ~ UDG25 + PGD25 + Unemploy + Age65p + AgeU18 + PopDensity + MaleShare + BlackShare + AsianShare + WhiteShare";"per_capita_income, median_household_income ~ UDG25 + PGD25 + Unemploy + Age65p + AgeU18 + PopDensity + MaleShare + BlackShare + AsianShare + WhiteShare + latitude + longitude [Gaussian Process, noyau Matern-3/2, pas d'equation lineaire fermee -- SHAP utilise pour l'importance des variables]";"per_capita_income, median_household_income ~ UDG25 + PGD25 + Unemploy + Age65p + AgeU18 + PopDensity + MaleShare + BlackShare + AsianShare + WhiteShare + latitude + longitude [Gaussian Process, noyau Matern-3/2, pas d'equation lineaire fermee -- SHAP utilise pour l'importance des variables]";"pub";"paper_extracted";"[""count"", ""continuous""]";"[""continuous""]";"[""INDIVIDUAL_REVIEW""]";"1";"0";"[""Selected Y typology"", ""Selected Y evidence"", ""benchmark_task_note""]";"Typologie de la reponse selectionnee : continuous. per_capita_income est un revenu monetaire, meme stocke en entiers.

Provenance des corrections : audit du 2026-09-07, inspection du RDS et sources indiquees dans cette fiche. Regeneration : code/r_catalog/dataset_curation.py et dataset_curation_overrides.json.";"valid";"[]";"data/final_datasets/sf/paper_nyc_tract_income_ssig.rds";"2199";"loaded";"";"[]";"false";"[""data/final_datasets/sf/paper_nyc_tract_income_ssig.rds"", ""corpus/papers/raw_pdf/Bai2023WhatDictates.pdf"", ""corpus/papers/tei/Bai2023WhatDictates.tei.xml"", ""data/raw/papers/DataCite_2023_WhatDictatesIncomeIn_10_1057_s41599_023_0/README_nyc_tract_income.txt"", ""data/raw/papers/DataCite_2023_WhatDictatesIncomeIn_10_1057_s41599_023_0/nyc_tract_income_acs2024_5yr.csv"", ""wiki/datasets/fiches_datasets/paper_nyc_tract_income_ssig.md"", ""data/final_datasets/sf/paper_nyc_tract_income_ssig.rds""]";"7643136dfda166eb696f1ab1756ff06dfae6157eb49de56be3317d9b94956bf2";"4d2da8a3f016e12b4d64fcd5ac6b754e04ca4b6fa7d41dd263eb2acb8cba31ab"
"paper_o3_aqs_ma_2016_monitor_covariates";"wiki/datasets/fiches_datasets/paper_o3_aqs_ma_2016_monitor_covariates.md";"true";"manual_review_derived_reconstruction";"manual_review_derived_reconstruction";"manual_review";"manual_review";"false";"false";"o3_mean_2016 ~ elevation_m_usgs_epqs + power_t2m_mean_c + power_swdwn_mean_mj_m2_day + nlcd_forest + road_density_primary_secondary_10km_m_per_km2";"o3_mean_2016 ~ elevation_m_usgs_epqs + power_t2m_mean_c + power_swdwn_mean_mj_m2_day + nlcd_forest + road_density_primary_secondary_10km_m_per_km2";"no single monitor-level regression formula published in the extracted article text.";"no single monitor-level regression formula published in the extracted article text.";"pub";"paper_extracted";"[""continuous""]";"[""continuous""]";"[]";"0";"0";"[""Selected Y typology"", ""Selected Y evidence""]";"Typologie de la reponse selectionnee : continuous. Ligne Detail Y correspondant a formula_used; les autres reponses candidates ne pilotent pas cette tache.

Provenance des corrections : audit du 2026-09-07, inspection du RDS et sources indiquees dans cette fiche. Regeneration : code/r_catalog/dataset_curation.py et dataset_curation_overrides.json.";"valid";"[]";"data/final_datasets/sf/paper_o3_aqs_state_25_2016_monitor_covariates.rds";"16";"not_promoted";"Continuous response, coordinates and public covariates are present, but this is a partial reconstruction and not the exact training matrix from the paper.";"[""package_include_not_yes"", ""benchmark_status_not_ready""]";"false";"[""data/final_datasets/sf/paper_o3_aqs_state_25_2016_monitor_covariates.rds"", ""corpus/papers/raw_pdf/AnEnsembleLearningApproachforEstimatingHighSpatiotemporalResolution.pdf"", ""corpus/papers/raw_pdf/Requia2020Ensemble.pdf"", ""corpus/papers/tei/AnEnsembleLearningApproachforEstimatingHighSpatiotemporalResolution.tei.xml"", ""corpus/papers/tei/Requia2020Ensemble.tei.xml"", ""data/raw/papers/DataCite_2020_AnEnsembleLearningApproach_10_1021_acs_est_/grid.csv"", ""wiki/datasets/fiches_datasets/paper_o3_aqs_ma_2016_monitor_covariates.md"", ""data/final_datasets/sf/paper_o3_aqs_state_25_2016_monitor_covariates.rds""]";"4d02dfed48ef478ba17e5adae7009d7533f17b9f11bb59199d542d24e3929e74";"a7f20463e9ae37982c506bae9a5021b78989ed3c80cd4d26d8a8423fa97f3e6e"
"paper_o3_grid";"wiki/datasets/fiches_datasets/paper_o3_grid.md";"true";"not_ready_prediction_product";"not_ready_main_benchmark";"no";"no";"false";"false";"pending";"pending";"O3 ~ f(169 predictor variables) [neural network, random forest, gradient boosting; ensemble via geographically weighted generalized additive model]";"O3 ~ f(169 predictor variables) [neural network, random forest, gradient boosting; ensemble via geographically weighted generalized additive model]";"pub";"unavailable";"[""continuous""]";"[""continuous""]";"[]";"0";"0";"[]";"Decision conservatoire : retrouver les observations et covariables sources du modele ensembliste Maintenir hors benchmark empirique; conserver la fiche et orienter une reconstruction distincte vers les observations sources. La fiche et les donnees sont conservees ; aucune suppression ni promotion.

Provenance des corrections : audit du 2026-09-07, inspection du RDS et sources indiquees dans cette fiche. Regeneration : code/r_catalog/dataset_curation.py et dataset_curation_overrides.json.";"unavailable";"[]";"data/final_datasets/sf/paper_o3_grid.rds";"28046";"not_promoted";"retrouver les observations et covariables sources du modele ensembliste Maintenir hors benchmark empirique; conserver la fiche et orienter une reconstruction distincte vers les observations sources.";"[""package_include_not_yes"", ""benchmark_status_not_ready"", ""formula_used_missing_or_pending"", ""response_missing"", ""predictors_missing"", ""formula_evidence_unavailable""]";"true";"[""data/final_datasets/sf/paper_o3_grid.rds"", ""corpus/papers/raw_pdf/AnEnsembleLearningApproachforEstimatingHighSpatiotemporalResolution.pdf"", ""corpus/papers/raw_pdf/Requia2020Ensemble.pdf"", ""corpus/papers/tei/AnEnsembleLearningApproachforEstimatingHighSpatiotemporalResolution.tei.xml"", ""corpus/papers/tei/Requia2020Ensemble.tei.xml"", ""data/raw/papers/DataCite_2020_AnEnsembleLearningApproach_10_1021_acs_est_/grid.csv"", ""wiki/datasets/fiches_datasets/paper_o3_grid.md"", ""data/final_datasets/sf/paper_o3_grid.rds""]";"9e57be9c699281b14d0abff9d1570ae782d3fdf97f052780526b7c362e7c2291";"78dfa165f14c018c4c2e0ab6c68bf4b10c59ead33cffe6d2b1035c733c371af4"
"paper_pacific_atoll_coconut";"wiki/datasets/fiches_datasets/paper_pacific_atoll_coconut.md";"true";"ready";"ready";"yes";"yes";"true";"true";"cocos. ~ Average.Rainfall..mm.yr. + Elevation..m. + Inhabited. + History.of.copra.production";"cocos. ~ Average.Rainfall..mm.yr. + Elevation..m. + Inhabited. + History.of.copra.production";"cocos% ~ Average.Rainfall + Elevation + Inhabited + History.of.copra.production [classification satellite (Sentinel-2/Planet) de la couverture cocos vs autre vegetation/non-vegetation par atoll, comparee aux variables environnementales et a l'histoire de production de coprah]";"cocos% ~ Average.Rainfall + Elevation + Inhabited + History.of.copra.production [classification satellite (Sentinel-2/Planet) de la couverture cocos vs autre vegetation/non-vegetation par atoll, comparee aux variables environnementales et a l'histoire de production de coprah]";"pub";"paper_extracted";"[""continuous""]";"[""continuous""]";"[]";"0";"0";"[""Geographic context"", ""Selected Y typology"", ""Selected Y evidence""]";"Typologie de la reponse selectionnee : continuous. Ligne Detail Y correspondant a formula_used; les autres reponses candidates ne pilotent pas cette tache.

Provenance des corrections : audit du 2026-09-07, inspection du RDS et sources indiquees dans cette fiche. Regeneration : code/r_catalog/dataset_curation.py et dataset_curation_overrides.json.";"valid";"[]";"data/final_datasets/sf/paper_pacific_atoll_coconut.rds";"266";"loaded";"";"[]";"false";"[""data/final_datasets/sf/paper_pacific_atoll_coconut.rds"", ""data/raw/papers/DatasetFirst_10_5061_dryad_0k6djhb7x/README.md"", ""data/raw/papers/DatasetFirst_10_5061_dryad_0k6djhb7x/master-atoll-database-2024-04-16.csv"", ""data/raw/papers/DatasetFirst_10_5061_dryad_0k6djhb7x/master-image-list-2024-04-16.csv"", ""wiki/datasets/fiches_datasets/paper_pacific_atoll_coconut.md"", ""data/final_datasets/sf/paper_pacific_atoll_coconut.rds""]";"8c7c9e49cf6bcd1ace8fe2efece53777e8a51896591a6d93ca9ea3ca4d344760";"1739b7e5016c8f34976392521cec79f7a9c7f8bed3c8defcc586416cfec3f5d6"
"paper_pallid_bat";"wiki/datasets/fiches_datasets/paper_pallid_bat.md";"true";"ready";"manual_review";"yes";"manual_review";"true";"false";"centroid_size ~ NPP + MinWinTemp + TempSeas";"centroid_size ~ NPP + MinWinTemp + TempSeas";"body_size ~ NPP + MinWinTemp + TempSeas [top SAR error model]";"body_size ~ NPP + MinWinTemp + TempSeas [top SAR error model]";"pub";"paper_extracted";"[""continuous""]";"[""continuous""]";"[]";"0";"0";"[""Selected Y typology"", ""Selected Y evidence"", ""Recommended validation""]";"Decision conservatoire : N lignes=182; T declare=1; variable temporelle declaree=n/a; repetitions de coordonnees controlees=94. Grouper les observations du meme site/immeuble/individu dans un seul fold, et respecter la chronologie si l’objectif est prospectif. Le split aleatoire par ligne n’est pas valide sans justification. La fiche et les donnees sont conservees ; aucune suppression ni promotion.

Typologie de la reponse selectionnee : continuous. Ligne Detail Y correspondant a formula_used; les autres reponses candidates ne pilotent pas cette tache.

Provenance des corrections : audit du 2026-09-07, inspection du RDS et sources indiquees dans cette fiche. Regeneration : code/r_catalog/dataset_curation.py et dataset_curation_overrides.json.";"valid";"[]";"data/final_datasets/sf/paper_pallid_bat.rds";"182";"not_promoted";"N lignes=182; T declare=1; variable temporelle declaree=n/a; repetitions de coordonnees controlees=94. Grouper les observations du meme site/immeuble/individu dans un seul fold, et respecter la chronologie si l’objectif est prospectif. Le split aleatoire par ligne n’est pas valide sans justification.";"[""package_include_not_yes"", ""benchmark_status_not_ready""]";"false";"[""data/final_datasets/sf/paper_pallid_bat.rds"", ""corpus/papers/raw_pdf/Kelly2018Primary.pdf"", ""corpus/papers/raw_pdf/Primary productivity explains size variation across the Pallid bat western geographic range.pdf"", ""corpus/papers/tei/Kelly2018Primary.tei.xml"", ""corpus/papers/tei/Primary productivity explains size variation across the Pallid bat western geographic range.tei.xml"", ""data/raw/papers/DataCite_2018_PrimaryProductivityExplainsSize_10_1111_1365_243"", ""wiki/datasets/fiches_datasets/paper_pallid_bat.md"", ""data/final_datasets/sf/paper_pallid_bat.rds""]";"b63735ba821e929829c6744a6af7eab8f5a6240e49a785376f41379aecdcbee1";"dd09b0edecce2629e3ccbf16b475880c35f955ac2eec04b2885a3f668e311d78"
"paper_plant_invasion_fia";"wiki/datasets/fiches_datasets/paper_plant_invasion_fia.md";"true";"ready";"ready_panel_reduction";"yes";"manual_review";"true";"false";"InvTotalCover ~ Mean_Annual_Temp + annual_Precip + Seasonability + alt + PLT_TPA + Tpha + RelDen + prpfor + plt_drybio_adj + native_spp + PD_all + PSV_all + PSR_all + anmeantemp + anprecip + soilcarbon";"InvTotalCover ~ Mean_Annual_Temp + annual_Precip + Seasonability + alt + PLT_TPA + Tpha + RelDen + prpfor + plt_drybio_adj + native_spp + PD_all + PSV_all + PSR_all + anmeantemp + anprecip + soilcarbon";"InvTotalCover ~ 41 predicteurs ecologiques (climat, sol, diversite/phylogenie des arbres) [Random Forest spatial]";"InvTotalCover ~ 41 predicteurs ecologiques (climat, sol, diversite/phylogenie des arbres) [Random Forest spatial]";"pub";"paper_extracted";"[""continuous"", ""count""]";"[""continuous""]";"[""Y_WRONG_COUNT_ROUTE""]";"1";"0";"[""Selected Y typology"", ""Selected Y evidence"", ""benchmark_task_note"", ""Recommended validation""]";"Decision conservatoire : N lignes=42612; T declare=13; variable temporelle declaree=MEASYEAR; repetitions de coordonnees controlees=3. Grouper les observations du meme site/immeuble/individu dans un seul fold, et respecter la chronologie si l’objectif est prospectif. Le split aleatoire par ligne n’est pas valide sans justification. La fiche et les donnees sont conservees ; aucune suppression ni promotion.

Typologie de la reponse selectionnee : continuous. InvTotalCover mesure une couverture vegetale avec valeurs fractionnaires; MEASYEAR identifie les campagnes.

Provenance des corrections : audit du 2026-09-07, inspection du RDS et sources indiquees dans cette fiche. Regeneration : code/r_catalog/dataset_curation.py et dataset_curation_overrides.json.";"valid";"[]";"data/final_datasets/sf/paper_plant_invasion_fia.rds";"42612";"not_promoted";"N lignes=42612; T declare=13; variable temporelle declaree=MEASYEAR; repetitions de coordonnees controlees=3. Grouper les observations du meme site/immeuble/individu dans un seul fold, et respecter la chronologie si l’objectif est prospectif. Le split aleatoire par ligne n’est pas valide sans justification.";"[""package_include_not_yes"", ""benchmark_status_not_ready""]";"false";"[""data/final_datasets/sf/paper_plant_invasion_fia.rds"", ""corpus/papers/raw_pdf/Shen2024Spatial.pdf"", ""corpus/papers/tei/Shen2024Spatial.tei.xml"", ""data/raw/papers/DataCite_2024_SpatialPredictionOfPlant_10_1002_ece3_116/extracted/README.md"", ""data/raw/papers/DataCite_2024_SpatialPredictionOfPlant_10_1002_ece3_116/extracted/newinvasion.csv"", ""wiki/datasets/fiches_datasets/paper_plant_invasion_fia.md"", ""data/final_datasets/sf/paper_plant_invasion_fia.rds""]";"cf7f57cc09a0d51e07c36a2ada14937e2524b64b8db675d25f4757244e8e640c";"33f8578ba9ede542551f1df667f3e22d260d6ea76422233f1430c4b0fdc788e7"
"paper_pm25_aqs_ma_2016_monitor_covariates";"wiki/datasets/fiches_datasets/paper_pm25_aqs_ma_2016_monitor_covariates.md";"true";"manual_review_derived_reconstruction";"manual_review_derived_reconstruction";"manual_review";"manual_review";"false";"false";"pm25_mean_2016 ~ elevation_m_usgs_epqs + power_t2m_mean_c + power_rh2m_mean_pct + nlcd_developed + road_density_primary_secondary_10km_m_per_km2";"pm25_mean_2016 ~ elevation_m_usgs_epqs + power_t2m_mean_c + power_rh2m_mean_pct + nlcd_developed + road_density_primary_secondary_10km_m_per_km2";"no single monitor-level regression formula published in the extracted article text.";"no single monitor-level regression formula published in the extracted article text.";"pub";"paper_extracted";"[""continuous""]";"[""continuous""]";"[]";"0";"0";"[""Selected Y typology"", ""Selected Y evidence""]";"Typologie de la reponse selectionnee : continuous. Ligne Detail Y correspondant a formula_used; les autres reponses candidates ne pilotent pas cette tache.

Provenance des corrections : audit du 2026-09-07, inspection du RDS et sources indiquees dans cette fiche. Regeneration : code/r_catalog/dataset_curation.py et dataset_curation_overrides.json.";"valid";"[]";"data/final_datasets/sf/paper_pm25_aqs_state_25_2016_monitor_covariates.rds";"18";"not_promoted";"Continuous response, coordinates and public covariates are present, but this is a partial reconstruction and not the exact training matrix from the paper.";"[""package_include_not_yes"", ""benchmark_status_not_ready""]";"false";"[""data/final_datasets/sf/paper_pm25_aqs_state_25_2016_monitor_covariates.rds"", ""corpus/papers/raw_pdf/An ensemble-based model of PM2.5 concentration across the contiguous united states with high spatiotemporal resolution.pdf"", ""corpus/papers/raw_pdf/Di2019Ensemble.pdf"", ""corpus/papers/tei/An ensemble-based model of PM2.5 concentration across the contiguous united states with high spatiotemporal resolution.tei.xml"", ""corpus/papers/tei/Di2019Ensemble.tei.xml"", ""data/raw/papers/DataCite_2019_AnEnsembleBasedModel_10_1016_j_envint/grid.csv"", ""wiki/datasets/fiches_datasets/paper_pm25_aqs_ma_2016_monitor_covariates.md"", ""data/final_datasets/sf/paper_pm25_aqs_state_25_2016_monitor_covariates.rds""]";"0e016c70a615a0f99255a3c262505fd7f37a2fffacaef1d12dba914ab6ba5d55";"ce47bd8dca023378c63bc4aa96d249a203a258b4c853e65b8513fd312b311622"
"paper_pm25_grid";"wiki/datasets/fiches_datasets/paper_pm25_grid.md";"true";"not_ready_prediction_product";"not_ready_main_benchmark";"no";"no";"false";"false";"pending";"pending";"PM2.5 ~ f(selected predictor variables) [neural network, random forest, gradient boosting; ensemble via geographically weighted generalized additive model]";"PM2.5 ~ f(selected predictor variables) [neural network, random forest, gradient boosting; ensemble via geographically weighted generalized additive model]";"pub";"unavailable";"[""continuous""]";"[""continuous""]";"[]";"0";"0";"[]";"Decision conservatoire : retrouver les observations et covariables sources du modele ensembliste Maintenir hors benchmark empirique; conserver la fiche et orienter une reconstruction distincte vers les observations sources. La fiche et les donnees sont conservees ; aucune suppression ni promotion.

Provenance des corrections : audit du 2026-09-07, inspection du RDS et sources indiquees dans cette fiche. Regeneration : code/r_catalog/dataset_curation.py et dataset_curation_overrides.json.";"unavailable";"[]";"data/final_datasets/sf/paper_pm25_grid.rds";"28046";"not_promoted";"retrouver les observations et covariables sources du modele ensembliste Maintenir hors benchmark empirique; conserver la fiche et orienter une reconstruction distincte vers les observations sources.";"[""package_include_not_yes"", ""benchmark_status_not_ready"", ""formula_used_missing_or_pending"", ""response_missing"", ""predictors_missing"", ""formula_evidence_unavailable""]";"true";"[""data/final_datasets/sf/paper_pm25_grid.rds"", ""corpus/papers/raw_pdf/An ensemble-based model of PM2.5 concentration across the contiguous united states with high spatiotemporal resolution.pdf"", ""corpus/papers/raw_pdf/Di2019Ensemble.pdf"", ""corpus/papers/tei/An ensemble-based model of PM2.5 concentration across the contiguous united states with high spatiotemporal resolution.tei.xml"", ""corpus/papers/tei/Di2019Ensemble.tei.xml"", ""data/raw/papers/DataCite_2019_AnEnsembleBasedModel_10_1016_j_envint/grid.csv"", ""wiki/datasets/fiches_datasets/paper_pm25_grid.md"", ""data/final_datasets/sf/paper_pm25_grid.rds""]";"ae404428c6c2e38e53de9c82fa41e2c7fb886403f774fd795b35ab3bf0c45bd3";"af9a6b190dfff7e2b0c9e3682af5078c9e2bde097e311b6392b826517c13823f"
"paper_pollinator_urbanization_meta";"wiki/datasets/fiches_datasets/paper_pollinator_urbanization_meta.md";"true";"ready";"manual_review";"yes";"manual_review";"true";"false";"d ~ Pollinator_group + Urban_gradient";"d ~ Pollinator_group + Urban_gradient";"d ~ taxonomic_group * origin [Liang, He, Theodorou & Yang (2023), 'The effects of urbanization on pollinators and pollination: A meta-analysis', Ecology Letters 26:1629-1642, doi:10.1111/ele.14277. Meta-analyse hierarchique multivariee (metafor::rma.mv, ponderee par la variance d'echantillonnage V=Vd, PAS Vd comme covariable) sur 133 etudes ; les auteurs testent explicitement si l'effet de l'urbanisation depend du groupe taxonomique de pollinisateur et de l'origine (native vs. non-native) -- confirme par le resume officiel du papier]";"d ~ taxonomic_group * origin [Liang, He, Theodorou & Yang (2023), 'The effects of urbanization on pollinators and pollination: A meta-analysis', Ecology Letters 26:1629-1642, doi:10.1111/ele.14277. Meta-analyse hierarchique multivariee (metafor::rma.mv, ponderee par la variance d'echantillonnage V=Vd, PAS Vd comme covariable) sur 133 etudes ; les auteurs testent explicitement si l'effet de l'urbanisation depend du groupe taxonomique de pollinisateur et de l'origine (native vs. non-native) -- confirme par le resume officiel du papier]";"pub";"paper_extracted";"[""continuous""]";"[""continuous""]";"[]";"0";"0";"[""Geographic context"", ""Selected Y typology"", ""Selected Y evidence"", ""Recommended validation""]";"Decision conservatoire : N lignes=228; T declare=1; variable temporelle declaree=n/a; repetitions de coordonnees controlees=161. Grouper les observations du meme site/immeuble/individu dans un seul fold, et respecter la chronologie si l’objectif est prospectif. Le split aleatoire par ligne n’est pas valide sans justification. La fiche et les donnees sont conservees ; aucune suppression ni promotion.

Typologie de la reponse selectionnee : continuous. Ligne Detail Y correspondant a formula_used; les autres reponses candidates ne pilotent pas cette tache.

Provenance des corrections : audit du 2026-09-07, inspection du RDS et sources indiquees dans cette fiche. Regeneration : code/r_catalog/dataset_curation.py et dataset_curation_overrides.json.";"valid";"[]";"data/final_datasets/sf/paper_pollinator_urbanization_meta.rds";"228";"not_promoted";"N lignes=228; T declare=1; variable temporelle declaree=n/a; repetitions de coordonnees controlees=161. Grouper les observations du meme site/immeuble/individu dans un seul fold, et respecter la chronologie si l’objectif est prospectif. Le split aleatoire par ligne n’est pas valide sans justification.";"[""package_include_not_yes"", ""benchmark_status_not_ready""]";"false";"[""data/final_datasets/sf/paper_pollinator_urbanization_meta.rds"", ""data/raw/papers/DatasetFirst_10_5061_dryad_dv41ns23r/Appendix_S1.1_effect_size_pollinator_abundance.csv"", ""data/raw/papers/DatasetFirst_10_5061_dryad_dv41ns23r/Appendix_S1.2_effect_size_pollinator_richness.csv"", ""wiki/datasets/fiches_datasets/paper_pollinator_urbanization_meta.md"", ""data/final_datasets/sf/paper_pollinator_urbanization_meta.rds""]";"99c0f3639f5b7a097fd0cbd8f91751afef569d424428a67e6e88abd89986bb41";"99f03a8208cc794e7c8e5458f6e433f6606a80d822b184648ce247244299257c"
"paper_portugal_covid_municipal";"wiki/datasets/fiches_datasets/paper_portugal_covid_municipal.md";"true";"ready";"manual_review";"manual_review";"manual_review";"false";"false";"incidencia ~ population + densidade_populacional";"incidencia ~ population + densidade_populacional";"log(cases_per_10k_15days) ~ pct_emploi_services + temps_trajet_moyen_individuel + pct_emploi_agricole + taille_moyenne_famille + [12 autres variables retenues sur 33 candidates, VIF<2.5] [Barbosa, Silva, Capinha, Garcia & Rocha (2022), 'Spatial correlates of COVID-19 first wave across continental Portugal', Geospatial Health 17(s1):1073, doi:10.4081/gh.2022.1073, texte integral lu (PDF telecharge depuis repositorio.ulisboa.pt, licence CC-BY-NC 4.0). GLMM distribution Tweedie avec effet aleatoire NUTS-3, sur N=278 municipalites (Portugal continental, Acores/Madere exclus faute de donnees), 12 modeles separes (un par periode de 15 jours, avril-septembre 2020). 33 variables candidates en 6 categories (population, socio-economique, habitat, mobilite, sante, environnement -- source principale INE/Statistics Portugal + E-OBS pour temperature/precipitation), reduites a 16 apres diagnostic de multicollinearite (VIF>2.5 retire)]";"log(cases_per_10k_15days) ~ pct_emploi_services + temps_trajet_moyen_individuel + pct_emploi_agricole + taille_moyenne_famille + [12 autres variables retenues sur 33 candidates, VIF<2.5] [Barbosa, Silva, Capinha, Garcia & Rocha (2022), 'Spatial correlates of COVID-19 first wave across continental Portugal', Geospatial Health 17(s1):1073, doi:10.4081/gh.2022.1073, texte integral lu (PDF telecharge depuis repositorio.ulisboa.pt, licence CC-BY-NC 4.0). GLMM distribution Tweedie avec effet aleatoire NUTS-3, sur N=278 municipalites (Portugal continental, Acores/Madere exclus faute de donnees), 12 modeles separes (un par periode de 15 jours, avril-septembre 2020). 33 variables candidates en 6 categories (population, socio-economique, habitat, mobilite, sante, environnement -- source principale INE/Statistics Portugal + E-OBS pour temperature/precipitation), reduites a 16 apres diagnostic de multicollinearite (VIF>2.5 retire)]";"pub";"paper_extracted";"[""count""]";"[""count""]";"[]";"0";"0";"[""Geographic context"", ""Selected Y typology"", ""Selected Y evidence""]";"Decision conservatoire : Panel municipal de 20 604 lignes; 278 désigne un nombre de communes dans le texte, pas nécessairement une contradiction sur N. Distinguer N lignes/N communes/T, vérifier dénominateur et période d’incidence, puis agrégation ou CV temporelle/groupée. La fiche et les donnees sont conservees ; aucune suppression ni promotion.

Typologie de la reponse selectionnee : count. Ligne Detail Y correspondant a formula_used; les autres reponses candidates ne pilotent pas cette tache.

Provenance des corrections : audit du 2026-09-07, inspection du RDS et sources indiquees dans cette fiche. Regeneration : code/r_catalog/dataset_curation.py et dataset_curation_overrides.json.";"valid";"[]";"data/final_datasets/sf/paper_portugal_covid_municipal.rds";"20604";"not_promoted";"Panel municipal de 20 604 lignes; 278 désigne un nombre de communes dans le texte, pas nécessairement une contradiction sur N. Distinguer N lignes/N communes/T, vérifier dénominateur et période d’incidence, puis agrégation ou CV temporelle/groupée.";"[""package_include_not_yes"", ""benchmark_status_not_ready""]";"false";"[""data/final_datasets/sf/paper_portugal_covid_municipal.rds"", ""data/raw/papers/DatasetFirst_10_5281_zenodo_11222023/dgs-PyCoa-DF.csv"", ""data/raw/papers/DatasetFirst_10_5281_zenodo_11222023/dgs_data_concelhos_new.csv"", ""wiki/datasets/fiches_datasets/paper_portugal_covid_municipal.md"", ""data/final_datasets/sf/paper_portugal_covid_municipal.rds""]";"efbee3ccaa8df90ae4b27401e751ab0def4e05d0de1a95ddd21c8564ec76a406";"cb45309fb66cb9699313ad962560bba99813ce72790b2a6ef21a66128cb2c383"
"paper_possum_body_size";"wiki/datasets/fiches_datasets/paper_possum_body_size.md";"true";"ready";"ready_panel_reduction";"yes";"manual_review";"true";"false";"CBL ~ SummerMaxTemp + MinSeasP.PET + Island_type";"CBL ~ SummerMaxTemp + MinSeasP.PET + Island_type";"CBL ~ SummerMaxTemp + MinSeasP.PET + Island_type [selected aspatial and spatial SAR model]";"CBL ~ SummerMaxTemp + MinSeasP.PET + Island_type [selected aspatial and spatial SAR model]";"pub";"paper_extracted";"[""continuous""]";"[""continuous""]";"[]";"0";"0";"[""Selected Y typology"", ""Selected Y evidence"", ""Recommended validation""]";"Decision conservatoire : N lignes=588; T declare=335; variable temporelle declaree=Date; repetitions de coordonnees controlees=265. Grouper les observations du meme site/immeuble/individu dans un seul fold, et respecter la chronologie si l’objectif est prospectif. Le split aleatoire par ligne n’est pas valide sans justification. La fiche et les donnees sont conservees ; aucune suppression ni promotion.

Typologie de la reponse selectionnee : continuous. Ligne Detail Y correspondant a formula_used; les autres reponses candidates ne pilotent pas cette tache.

Provenance des corrections : audit du 2026-09-07, inspection du RDS et sources indiquees dans cette fiche. Regeneration : code/r_catalog/dataset_curation.py et dataset_curation_overrides.json.";"valid";"[]";"data/final_datasets/sf/paper_possum_body_size.rds";"588";"not_promoted";"N lignes=588; T declare=335; variable temporelle declaree=Date; repetitions de coordonnees controlees=265. Grouper les observations du meme site/immeuble/individu dans un seul fold, et respecter la chronologie si l’objectif est prospectif. Le split aleatoire par ligne n’est pas valide sans justification.";"[""package_include_not_yes"", ""benchmark_status_not_ready""]";"false";"[""data/final_datasets/sf/paper_possum_body_size.rds"", ""corpus/papers/raw_pdf/Lean-season primary productivity and heat dissipation as key drivers of geographic body-size variation in a widespread marsupial.pdf"", ""corpus/papers/tei/Lean-season primary productivity and heat dissipation as key drivers of geographic body-size variation in a widespread marsupial.tei.xml"", ""data/raw/papers/DataCite_2015_LeanSeasonPrimaryProductivity_10_1111_ecog_012"", ""wiki/datasets/fiches_datasets/paper_possum_body_size.md"", ""data/final_datasets/sf/paper_possum_body_size.rds""]";"efebb81b393ccb740a47e62f2287f41de96048bb60e7f91aa91bdcc5f257243b";"cb0b9818c6d09f5268e9d061f42895ad85b74382c7d6f6112685109bd185679f"
"paper_red_deer_topdown";"wiki/datasets/fiches_datasets/paper_red_deer_topdown.md";"true";"ready";"manual_review";"yes";"manual_review";"true";"false";"Deer_density ~ NPP + Bear_presence + Wolf_presence + Lynx_presence + hunting + Human_influence_index + IUCN_Catergory + Prec_all_year + Min_Temp_summer + Min_Temp_winter + NDSI_Snow_Cover + Tree_canopy_cover + Palmer_drought_summer";"Deer_density ~ NPP + Bear_presence + Wolf_presence + Lynx_presence + hunting + Human_influence_index + IUCN_Catergory + Prec_all_year + Min_Temp_summer + Min_Temp_winter + NDSI_Snow_Cover + Tree_canopy_cover + Palmer_drought_summer";"Deer_density ~ NPP + Bear_presence + Wolf_presence + Lynx_presence + hunting + Human_influence_index + IUCN_Catergory + Prec_all_year + Min_Temp_summer + Min_Temp_winter + NDSI_Snow_Cover + Tree_canopy_cover + Palmer_drought_summer [Generalized Additive Model (GAM), effets top-down numeriques sur le cerf elaphe]";"Deer_density ~ NPP + Bear_presence + Wolf_presence + Lynx_presence + hunting + Human_influence_index + IUCN_Catergory + Prec_all_year + Min_Temp_summer + Min_Temp_winter + NDSI_Snow_Cover + Tree_canopy_cover + Palmer_drought_summer [Generalized Additive Model (GAM), effets top-down numeriques sur le cerf elaphe]";"pub";"paper_extracted";"[""continuous""]";"[""continuous""]";"[]";"0";"0";"[""Observed population"", ""Selected Y typology"", ""Selected Y evidence"", ""Recommended validation"", ""Dataset DOI"", ""Paper DOI"", ""Source URL"", ""Paper title"", ""Variable temporelle"", ""Temporal context""]";"DOI article verifie sur la page Dryad : https://datadryad.org/dataset/doi%3A10.5061/dryad.0cfxpnw7w ; auteurs et DOI dataset egalement dans le README local. La source est identifiee; cette verification ne valide pas la formule comparative actuelle.

Decision conservatoire : Source liee via README et metadonnees Dryad verifiees le 2026-09-07; reconcilier les 492 sites decrits avec les 534 lignes du RDS et les exclusions du script 01.Model.R avant benchmark. La fiche et les donnees sont conservees ; aucune suppression ni promotion.

Typologie de la reponse selectionnee : continuous. Ligne Detail Y correspondant a formula_used; les autres reponses candidates ne pilotent pas cette tache.

Provenance des corrections : audit du 2026-09-07, inspection du RDS et sources indiquees dans cette fiche. Regeneration : code/r_catalog/dataset_curation.py et dataset_curation_overrides.json.";"valid";"[]";"data/final_datasets/sf/paper_red_deer_topdown.rds";"534";"not_promoted";"Source liee via README et metadonnees Dryad verifiees le 2026-09-07; reconcilier les 492 sites decrits avec les 534 lignes du RDS et les exclusions du script 01.Model.R avant benchmark.";"[""package_include_not_yes"", ""benchmark_status_not_ready""]";"false";"[""data/final_datasets/sf/paper_red_deer_topdown.rds"", ""data/raw/papers/DataCite_2023_NumericalTopdownEffectsOn_10_5061_dryad_0cfxpnw7w/README.md"", ""data/raw/papers/DataCite_2023_NumericalTopdownEffectsOn_10_5061_dryad_0cfxpnw7w/extracted/SvBC_2023_RedDeer/Data/Data_SvBC_RedDeer.csv"", ""data/raw/papers/DataCite_2023_NumericalTopdownEffectsOn_10_5061_dryad_0cfxpnw7w/extracted/SvBC_2023_RedDeer/Data/Data_SvBC_RedDeer_method.csv"", ""wiki/datasets/fiches_datasets/paper_red_deer_topdown.md"", ""data/final_datasets/sf/paper_red_deer_topdown.rds""]";"515b6b7290e0d6b0c9db3b5cd20cb710a4d626ecc9b68ed80c868fb45b397e0f";"3b12cce0406a10f7c3744f00d06016391321736669c9e7b1d7127495f297e17e"
"paper_regulatory_convergence";"wiki/datasets/fiches_datasets/paper_regulatory_convergence.md";"true";"not_ready_current_package";"manual_review";"no";"manual_review";"false";"false";"net_bcbs ~ bank_abr + bankcon + fbanks + eu + privcredit + gdp_pc_const + gdp_const + fdi_in_gdp + fitch_rating + fincrisis + reg_eap + reg_eca + ... (2259 covariables au total, voir Candidate X variables)";"pending";"adoption_Basel_II ~ spatial lag (interdependance banques/regulateurs/investisseurs transfrontaliere), spatial lag model";"adoption_Basel_II ~ spatial lag (interdependance banques/regulateurs/investisseurs transfrontaliere), spatial lag model";"pub";"unavailable";"[""binary""]";"[""binary""]";"[]";"0";"0";"[""x_terms_used"", ""y_term_used"", ""Formula used evidence"", ""formula_used""]";"La prose/formule precedente ne definit pas une specification executable defendable. Elle est conservee dans dataset_curation_overrides.json.previous_formula_used ; une equation source exacte et ses variables sont a retrouver.

Decision conservatoire : Le papier utilise des lags de banques/réseaux/souverains/commerce; les blocs de matrices figurent dans les données, ce ne sont pas des distances géographiques ordinaires. Reconstruire les W sources avec ordre des pays vérifié et une coupe 2008/2013 documentée; kNN géographique ne remplace pas ces liens. La fiche et les donnees sont conservees ; aucune suppression ni promotion.

Provenance des corrections : audit du 2026-09-07, inspection du RDS et sources indiquees dans cette fiche. Regeneration : code/r_catalog/dataset_curation.py et dataset_curation_overrides.json.";"unavailable";"[]";"data/final_datasets/sf/paper_regulatory_convergence.rds";"2972";"not_promoted";"Le papier utilise des lags de banques/réseaux/souverains/commerce; les blocs de matrices figurent dans les données, ce ne sont pas des distances géographiques ordinaires. Reconstruire les W sources avec ordre des pays vérifié et une coupe 2008/2013 documentée; kNN géographique ne remplace pas ces liens.";"[""package_include_not_yes"", ""benchmark_status_not_ready"", ""formula_used_missing_or_pending"", ""response_missing"", ""predictors_missing"", ""formula_evidence_unavailable""]";"false";"[""data/final_datasets/sf/paper_regulatory_convergence.rds"", ""corpus/papers/raw_pdf/Jones2019Regulatory.pdf"", ""corpus/papers/raw_pdf/Regulatory Convergence in the Financial Periphery.pdf"", ""corpus/papers/tei/Jones2019Regulatory.tei.xml"", ""corpus/papers/tei/Regulatory Convergence in the Financial Periphery.tei.xml"", ""data/raw/papers/DataCite_2019_RegulatoryConvergenceInThe_10_1093_isq_sqz0"", ""wiki/datasets/fiches_datasets/paper_regulatory_convergence.md"", ""data/final_datasets/sf/paper_regulatory_convergence.rds""]";"13b53a1acd8f4e485a64fd424f16273f98c4116d23d06846bb2287079d4e7516";"ea117453e301d2a05ae1341cf3c121e9082ae37f2739a87bd72a3137859f2ae1"
"paper_rocha_agricultural_technology_brazil";"wiki/datasets/fiches_datasets/paper_rocha_agricultural_technology_brazil.md";"true";"ready";"ready";"yes";"yes";"true";"true";"SOY ~ TDJF + TMAM + TJJA + TSON + PDJF + PMAM + PJJA + PSON + DAMZ + DCAA + DCER + DPMP + DPTN + DMATL";"SOY ~ TDJF + TMAM + TJJA + TSON + PDJF + PMAM + PJJA + PSON + DAMZ + DCAA + DCER + DPMP + DPTN + DMATL";"SOY ~ TDJF + TMAM + TJJA + TSON + PDJF + PMAM + PJJA + PSON + DAMZ + DCAA + DCER + DPMP + DPTN + DMATL";"SOY ~ TDJF + TMAM + TJJA + TSON + PDJF + PMAM + PJJA + PSON + DAMZ + DCAA + DCER + DPMP + DPTN + DMATL";"pub";"pub";"[""rate""]";"[""rate""]";"[]";"0";"0";"[""Selected Y typology"", ""Selected Y evidence""]";"Typologie de la reponse selectionnee : rate. Ligne Detail Y correspondant a formula_used; les autres reponses candidates ne pilotent pas cette tache.

Provenance des corrections : audit du 2026-09-07, inspection du RDS et sources indiquees dans cette fiche. Regeneration : code/r_catalog/dataset_curation.py et dataset_curation_overrides.json.";"valid";"[]";"data/final_datasets/sf/paper_rocha_agricultural_technology_brazil.rds";"5507";"loaded";"";"[]";"false";"[""data/final_datasets/sf/paper_rocha_agricultural_technology_brazil.rds"", ""C:/Users/jdoliveira/SynologyDrive/johnny D'OLIVEIRA/Travaux stages/llm-wiki-karpathy/corpus/papers/raw_pdf/Agricultural technology adoption and land use - evidence for Brazilian municipalities.pdf"", ""corpus/papers/raw_pdf/Agricultural technology adoption and land use - evidence for Brazilian municipalities.pdf"", ""corpus/papers/tei/Agricultural technology adoption and land use - evidence for Brazilian municipalities.tei.xml"", ""data/raw/papers/DataCite_2019_AgriculturalTechnologyAdoptionAnd_10_1080_1747423x"", ""wiki/datasets/fiches_datasets/paper_rocha_agricultural_technology_brazil.md"", ""data/final_datasets/sf/paper_rocha_agricultural_technology_brazil.rds""]";"b1b5d6f549f2c4acb4e66b232494c72b425ce6db1e26e78cd1e14aa92f9c5d91";"4f29ee86f67f4ef7f9182c28c7ea194564e080fac63f6547170ff648740ef121"
"paper_rocky_mountain_tree_growth";"wiki/datasets/fiches_datasets/paper_rocky_mountain_tree_growth.md";"true";"ready";"ready";"yes";"yes";"true";"true";"mean_ring_width_mm ~ elevation_m + aspect_degrees + terrain_slope_pct + mean_stem_diameter_cm + mean_age_years + neighbor_count + neighbor_dbh_sum + neighbor_distance_mean";"mean_ring_width_mm ~ elevation_m + aspect_degrees + terrain_slope_pct + mean_stem_diameter_cm + mean_age_years + neighbor_count + neighbor_dbh_sum + neighbor_distance_mean";"annual tree growth / ring width ~ climate + competition + topography [mixed-effects tree-growth model]";"annual tree growth / ring width ~ climate + competition + topography [mixed-effects tree-growth model]";"pub";"paper_extracted";"[""continuous""]";"[""continuous""]";"[]";"0";"0";"[""Selected Y typology"", ""Selected Y evidence""]";"Typologie de la reponse selectionnee : continuous. Ligne Detail Y correspondant a formula_used; les autres reponses candidates ne pilotent pas cette tache.

Provenance des corrections : audit du 2026-09-07, inspection du RDS et sources indiquees dans cette fiche. Regeneration : code/r_catalog/dataset_curation.py et dataset_curation_overrides.json.";"valid";"[]";"data/final_datasets/sf/paper_rocky_mountain_tree_growth.rds";"771";"loaded";"";"[]";"false";"[""data/final_datasets/sf/paper_rocky_mountain_tree_growth.rds"", ""corpus/papers/raw_pdf/Buechling2017Climate.pdf"", ""corpus/papers/tei/Buechling2017Climate.tei.xml"", ""data/raw/papers/DataCite_2017_ClimateAndCompetitionEffects_10_1111_1365_274/neighbor tree location and size data.csv"", ""data/raw/papers/DataCite_2017_ClimateAndCompetitionEffects_10_1111_1365_274/sample tree growth data with locations.csv"", ""wiki/datasets/fiches_datasets/paper_rocky_mountain_tree_growth.md"", ""data/final_datasets/sf/paper_rocky_mountain_tree_growth.rds""]";"a303c10948533a65a26a94ddce9d29ea118b51ead73029d7b078735473811721";"68e05d9401e1bc5e70c05856dec94e679268f343364e92c001d62c59051d2b01"
"paper_seshat_social_complexity";"wiki/datasets/fiches_datasets/paper_seshat_social_complexity.md";"true";"ready";"manual_review";"yes";"manual_review";"true";"false";"Polity_Population ~ Polity_territory + Administrative_levels + Settlement_hierarchy";"Polity_Population ~ Polity_territory + Administrative_levels + Settlement_hierarchy";"PolityPopulation_t ~ PolityPopulation_(t-1) + covariables de complexite sociale [modele de regression dynamique (autoregressif) ajuste separement pour chaque variable de complexite sociale Seshat -- l'article demontre comment ajuster des modeles de regression dynamique a des donnees panel NGA x Polity x temps avec autocorrelation temporelle et incertitude de codage]";"PolityPopulation_t ~ PolityPopulation_(t-1) + covariables de complexite sociale [modele de regression dynamique (autoregressif) ajuste separement pour chaque variable de complexite sociale Seshat -- l'article demontre comment ajuster des modeles de regression dynamique a des donnees panel NGA x Polity x temps avec autocorrelation temporelle et incertitude de codage]";"pub";"generated_system_formula";"[""continuous""]";"[""continuous""]";"[]";"0";"0";"[""Geographic context"", ""Selected Y typology"", ""Selected Y evidence"", ""Recommended validation"", ""Formula used evidence""]";"La formule executee est une adaptation de la source, distincte des modeles publies : Fiche T=1 alors que 307 enregistrements partagent 31 positions; article Turchin présente des régressions dynamiques avec lags et spécifications distinctes.

Decision conservatoire : N lignes=307; T declare=1; variable temporelle declaree=n/a; repetitions de coordonnees controlees=276. Grouper les observations du meme site/immeuble/individu dans un seul fold, et respecter la chronologie si l’objectif est prospectif. Le split aleatoire par ligne n’est pas valide sans justification. La fiche et les donnees sont conservees ; aucune suppression ni promotion.

Typologie de la reponse selectionnee : continuous. Ligne Detail Y correspondant a formula_used; les autres reponses candidates ne pilotent pas cette tache.

Provenance des corrections : audit du 2026-09-07, inspection du RDS et sources indiquees dans cette fiche. Regeneration : code/r_catalog/dataset_curation.py et dataset_curation_overrides.json.";"valid";"[]";"data/final_datasets/sf/paper_seshat_social_complexity.rds";"307";"not_promoted";"N lignes=307; T declare=1; variable temporelle declaree=n/a; repetitions de coordonnees controlees=276. Grouper les observations du meme site/immeuble/individu dans un seul fold, et respecter la chronologie si l’objectif est prospectif. Le split aleatoire par ligne n’est pas valide sans justification.";"[""package_include_not_yes"", ""benchmark_status_not_ready""]";"false";"[""data/final_datasets/sf/paper_seshat_social_complexity.rds"", ""corpus/papers/raw_pdf/Turchin_2018_FittingDynamicRegressionSeshatData_Cliodynamics.pdf"", ""corpus/papers/tei/Turchin_2018_FittingDynamicRegressionSeshatData_Cliodynamics.tei.xml"", ""data/raw/papers/DatasetFirst_10_17916_p6159w/SCdat.csv"", ""wiki/datasets/fiches_datasets/paper_seshat_social_complexity.md"", ""data/final_datasets/sf/paper_seshat_social_complexity.rds""]";"c75facb40ee3fda9ac0b88270caacbc39e35bcd0e964d8e405601eed1f316070";"17d9f299314be67c093bf81b758f8434c52824f4e7aa796e3a9808182fce11b6"
"paper_sfbay_contaminated_sites";"wiki/datasets/fiches_datasets/paper_sfbay_contaminated_sites.md";"true";"ready";"manual_review";"yes";"manual_review";"false";"false";"is_open_case ~ FID_Rise_S + gridcode + COUNTY";"is_open_case ~ FID_Rise_S + gridcode + COUNTY";"is_open_case ~ FID_Rise_S (niveau de risque de remontee de nappe) + gridcode (zone d'inondation) [le papier compare la vulnerabilite des sites contamines (statut ouvert/actif vs ferme) aux zones de remontee de nappe phreatique (GWR) et d'inondation par elevation du niveau marin, sur les bases de donnees Envirostor (DTSC) et GeoTracker (SWRCB) combinees pour la baie de San Francisco]";"is_open_case ~ FID_Rise_S (niveau de risque de remontee de nappe) + gridcode (zone d'inondation) [le papier compare la vulnerabilite des sites contamines (statut ouvert/actif vs ferme) aux zones de remontee de nappe phreatique (GWR) et d'inondation par elevation du niveau marin, sur les bases de donnees Envirostor (DTSC) et GeoTracker (SWRCB) combinees pour la baie de San Francisco]";"pub";"paper_extracted";"[""binary""]";"[""binary""]";"[]";"0";"0";"[""Geographic context"", ""Selected Y typology"", ""Selected Y evidence""]";"Decision conservatoire : Tache binary a documenter par reponse et estimateur; aucune selection automatique de familles gaussiennes. Ligne Detail Y correspondant a formula_used; les autres reponses candidates ne pilotent pas cette tache. La fiche et les donnees sont conservees ; aucune suppression ni promotion.

Typologie de la reponse selectionnee : binary. Ligne Detail Y correspondant a formula_used; les autres reponses candidates ne pilotent pas cette tache.

Provenance des corrections : audit du 2026-09-07, inspection du RDS et sources indiquees dans cette fiche. Regeneration : code/r_catalog/dataset_curation.py et dataset_curation_overrides.json.";"valid";"[]";"data/final_datasets/sf/paper_sfbay_contaminated_sites.rds";"802";"not_promoted";"Tache binary a documenter par reponse et estimateur; aucune selection automatique de familles gaussiennes. Ligne Detail Y correspondant a formula_used; les autres reponses candidates ne pilotent pas cette tache.";"[""package_include_not_yes"", ""benchmark_status_not_ready""]";"false";"[""data/final_datasets/sf/paper_sfbay_contaminated_sites.rds"", ""corpus/papers/raw_pdf/Hill_2023_RisingCoastalGroundwater_essoar.pdf"", ""corpus/papers/tei/Hill_2023_RisingCoastalGroundwater_essoar.tei.xml"", ""data/raw/papers/DatasetFirst_10_6078_d15x4n/README.md"", ""wiki/datasets/fiches_datasets/paper_sfbay_contaminated_sites.md"", ""data/final_datasets/sf/paper_sfbay_contaminated_sites.rds""]";"4370a7b63112e5531993c65a7b01ca10eca2e6712ddbab40b6396bbc56e0c0ea";"62d856926eed359cf854765e211a5fc3d23e2fcfcc0dd7ae93fff563cb519346"
"paper_shark_longline_catch";"wiki/datasets/fiches_datasets/paper_shark_longline_catch.md";"true";"ready";"ready_panel_reduction";"yes";"manual_review";"true";"false";"catch ~ mean_sst + mean_chla + mean_ssh + sdm + target_effort + median_price_species";"catch ~ mean_sst + mean_chla + mean_ssh + sdm + target_effort + median_price_species";"catch ~ sdm + species_commonname + mean_sst + mean_chla + effort + [combinaisons de mean_ssh, cv_sst, cv_chla, cv_ssh, prix ex-vessel] [modele Random Forest a deux composantes : (1) classification presence/absence, (2) regression de la capture conditionnelle a la presence ; prediction finale = composante 1 x composante 2 ; ajuste separement par ORGP (ICCAT/IOTC/IATTC/WCPFC)]";"catch ~ sdm + species_commonname + mean_sst + mean_chla + effort + [combinaisons de mean_ssh, cv_sst, cv_chla, cv_ssh, prix ex-vessel] [modele Random Forest a deux composantes : (1) classification presence/absence, (2) regression de la capture conditionnelle a la presence ; prediction finale = composante 1 x composante 2 ; ajuste separement par ORGP (ICCAT/IOTC/IATTC/WCPFC)]";"pub";"paper_extracted";"[""continuous""]";"[""continuous""]";"[]";"0";"0";"[""Geographic context"", ""Selected Y typology"", ""Selected Y evidence"", ""Recommended validation""]";"Decision conservatoire : N lignes=8592; T declare=9; variable temporelle declaree=year; repetitions de coordonnees controlees=8292. Grouper les observations du meme site/immeuble/individu dans un seul fold, et respecter la chronologie si l’objectif est prospectif. Le split aleatoire par ligne n’est pas valide sans justification. La fiche et les donnees sont conservees ; aucune suppression ni promotion.

Typologie de la reponse selectionnee : continuous. Ligne Detail Y correspondant a formula_used; les autres reponses candidates ne pilotent pas cette tache.

Provenance des corrections : audit du 2026-09-07, inspection du RDS et sources indiquees dans cette fiche. Regeneration : code/r_catalog/dataset_curation.py et dataset_curation_overrides.json.";"valid";"[]";"data/final_datasets/sf/paper_shark_longline_catch.rds";"8592";"not_promoted";"N lignes=8592; T declare=9; variable temporelle declaree=year; repetitions de coordonnees controlees=8292. Grouper les observations du meme site/immeuble/individu dans un seul fold, et respecter la chronologie si l’objectif est prospectif. Le split aleatoire par ligne n’est pas valide sans justification.";"[""package_include_not_yes"", ""benchmark_status_not_ready""]";"false";"[""data/final_datasets/sf/paper_shark_longline_catch.rds"", ""corpus/papers/raw_pdf/Burns_2024_GlobalHotspotsSharkLongline.pdf"", ""corpus/papers/tei/Burns_2024_GlobalHotspotsSharkLongline.tei.xml"", ""data/raw/papers/DatasetFirst_10_25349_d9789w/README.md"", ""data/raw/papers/DatasetFirst_10_25349_d9789w/ICCAT_ll_untuned_final_predict.csv"", ""data/raw/papers/DatasetFirst_10_25349_d9789w/IOTC_ll_untuned_final_predict.csv"", ""wiki/datasets/fiches_datasets/paper_shark_longline_catch.md"", ""data/final_datasets/sf/paper_shark_longline_catch.rds""]";"8f5fbc82a7cc9704dd9a5c4cedf18f854d82fbcc84680ca25afe5cb3fc7ae1ea";"77bc983147a552a4c73380dc78c32011f9188e20fe394b6f539ce3e29398d365"
"paper_snake_home_range";"wiki/datasets/fiches_datasets/paper_snake_home_range.md";"true";"ready";"manual_review";"yes";"manual_review";"true";"false";"X100MCP ~ MaleMass + IUCN_habitats + Aquatic_index + Elevation + NPP + MeanAnnualTemp + Total_Precip";"X100MCP ~ MaleMass + IUCN_habitats + Aquatic_index + Elevation + NPP + MeanAnnualTemp + Total_Precip";"HR ~ log(Mass) + IUCN_habitats + Aquatic_index + Elevation + NPP + MeanAnnualTemp + Total_Precip + (1|study) + (1|species) [Modele Lineaire Mixte (LMM), package lme4, intercepts aleatoires etude/espece, comparaison de modeles emboites par AICc]";"HR ~ log(Mass) + IUCN_habitats + Aquatic_index + Elevation + NPP + MeanAnnualTemp + Total_Precip + (1|study) + (1|species) [Modele Lineaire Mixte (LMM), package lme4, intercepts aleatoires etude/espece, comparaison de modeles emboites par AICc]";"pub";"paper_extracted";"[""continuous"", ""binary""]";"[""continuous""]";"[""Y_WRONG_BINARY_ROUTE""]";"1";"0";"[""Selected Y typology"", ""Selected Y evidence"", ""benchmark_task_note"", ""Recommended validation""]";"Decision conservatoire : N lignes=109; T declare=1; variable temporelle declaree=n/a; repetitions de coordonnees controlees=15. Grouper les observations du meme site/immeuble/individu dans un seul fold, et respecter la chronologie si l’objectif est prospectif. Le split aleatoire par ligne n’est pas valide sans justification. La fiche et les donnees sont conservees ; aucune suppression ni promotion.

Typologie de la reponse selectionnee : continuous. X100MCP mesure une surface de domaine vital, avec 41 observations non manquantes sur 109.

Provenance des corrections : audit du 2026-09-07, inspection du RDS et sources indiquees dans cette fiche. Regeneration : code/r_catalog/dataset_curation.py et dataset_curation_overrides.json.";"valid";"[]";"data/final_datasets/sf/paper_snake_home_range.rds";"109";"not_promoted";"N lignes=109; T declare=1; variable temporelle declaree=n/a; repetitions de coordonnees controlees=15. Grouper les observations du meme site/immeuble/individu dans un seul fold, et respecter la chronologie si l’objectif est prospectif. Le split aleatoire par ligne n’est pas valide sans justification.";"[""package_include_not_yes"", ""benchmark_status_not_ready""]";"false";"[""data/final_datasets/sf/paper_snake_home_range.rds"", ""corpus/papers/raw_pdf/Todd2020Ectothermy.pdf"", ""corpus/papers/tei/Todd2020Ectothermy.tei.xml"", ""data/raw/papers/DataCite_2020_EctothermyAndTheMacroecology_10_25338_b85g98"", ""wiki/datasets/fiches_datasets/paper_snake_home_range.md"", ""data/final_datasets/sf/paper_snake_home_range.rds""]";"0eed7c543ecc9df5d4af4ddca0fa7206b774fd604c990232e2da44853f5d4237";"ce175900d1aea4b73eb080422c32621630241da0d0ae1533ba5f672631e51f34"
"paper_song_sparrow_breeding_date";"wiki/datasets/fiches_datasets/paper_song_sparrow_breeding_date.md";"true";"ready";"ready_panel_reduction";"yes";"manual_review";"true";"false";"Breeding_Date ~ female_f + female_age + female_is + male_f + male_age + male_is";"Breeding_Date ~ female_f + female_age + female_is + male_f + male_age + male_is";"y = Xb + Z1*a_female + Z2*a_male + Z3*PI_female + Z4*PI_male + Z5*Year + e [modele animal quantitatif-genetique (mixed model) avec effets fixes b (coefficients de consanguinite, classes d'age, statut immigrant, par sexe) et effets aleatoires genetiques additifs (matrice de parente A issue du pedigree), effets individuels permanents, annee et residus ; trois variantes spatiales ajoutent en plus des effets de localisation de nid]";"y = Xb + Z1*a_female + Z2*a_male + Z3*PI_female + Z4*PI_male + Z5*Year + e [modele animal quantitatif-genetique (mixed model) avec effets fixes b (coefficients de consanguinite, classes d'age, statut immigrant, par sexe) et effets aleatoires genetiques additifs (matrice de parente A issue du pedigree), effets individuels permanents, annee et residus ; trois variantes spatiales ajoutent en plus des effets de localisation de nid]";"pub";"paper_extracted";"[""count""]";"[""continuous""]";"[""INDIVIDUAL_REVIEW""]";"1";"0";"[""Geographic context"", ""Selected Y typology"", ""Selected Y evidence"", ""benchmark_task_note"", ""Recommended validation""]";"Decision conservatoire : N lignes=1040; T declare=38; variable temporelle declaree=year; repetitions de coordonnees controlees=189. Grouper les observations du meme site/immeuble/individu dans un seul fold, et respecter la chronologie si l’objectif est prospectif. Le split aleatoire par ligne n’est pas valide sans justification. La fiche et les donnees sont conservees ; aucune suppression ni promotion.

Typologie de la reponse selectionnee : continuous. Breeding_Date est un jour de l’annee, pas un nombre d’evenements.

Provenance des corrections : audit du 2026-09-07, inspection du RDS et sources indiquees dans cette fiche. Regeneration : code/r_catalog/dataset_curation.py et dataset_curation_overrides.json.";"valid";"[]";"data/final_datasets/sf/paper_song_sparrow_breeding_date.rds";"1040";"not_promoted";"N lignes=1040; T declare=38; variable temporelle declaree=year; repetitions de coordonnees controlees=189. Grouper les observations du meme site/immeuble/individu dans un seul fold, et respecter la chronologie si l’objectif est prospectif. Le split aleatoire par ligne n’est pas valide sans justification.";"[""package_include_not_yes"", ""benchmark_status_not_ready""]";"false";"[""data/final_datasets/sf/paper_song_sparrow_breeding_date.rds"", ""corpus/papers/raw_pdf/Direct_and_indirect_genetic_and_fine_scale_location_effects_on_breeding_date_in__W2483210804.pdf"", ""corpus/papers/tei/Direct_and_indirect_genetic_and_fine_scale_location_effects_on_breeding_date_in__W2483210804.tei.xml"", ""data/raw/papers/DatasetFirst_10_5061_dryad_n0513"", ""wiki/datasets/fiches_datasets/paper_song_sparrow_breeding_date.md"", ""data/final_datasets/sf/paper_song_sparrow_breeding_date.rds""]";"b69f3972484977417f3cf93ed482395e0dbe5491af7444ddd2c09e650324b490";"327277554428ad86f25b088ab2851cef9239fd52ecf07bac555db3fa7a928564"
"paper_spatial_confounding_diabetes";"wiki/datasets/fiches_datasets/paper_spatial_confounding_diabetes.md";"true";"ready";"ready";"yes";"yes";"true";"true";"diabetes_pct_est ~ PCT_18YOUNGER10 + PCT_65OLDER10 + PCT_HISP10 + PCT_LACCESS_POP15 + PCT_NHBLACK10 + RECFACPTH16 + physical_inactivity_2015 + pcps_2015_100k + outpatient_visits_2015_100k + urban_percent_2010 + hs_dipl_percent_2011_15 + unemployment_2015 + med_hh_inc_2015 + poverty_rate_2015 + snap_pct_2015 + uninsured_2015";"diabetes_pct_est ~ PCT_18YOUNGER10 + PCT_65OLDER10 + PCT_HISP10 + PCT_LACCESS_POP15 + PCT_NHBLACK10 + RECFACPTH16 + physical_inactivity_2015 + pcps_2015_100k + outpatient_visits_2015_100k + urban_percent_2010 + hs_dipl_percent_2011_15 + unemployment_2015 + med_hh_inc_2015 + poverty_rate_2015 + snap_pct_2015 + uninsured_2015";"[obesity_pct_est, diabetes_pct_est, diabetes_cancer_mortality] ~ XB_S + G + E_S [Wu, K.L. & Banerjee, S., 'Spatial Confounding in Multivariate Areal Data Analysis', arXiv:2505.07232 (texte integral libre acces consulte, session 2026-08-16). Modele areolaire bayesien coregionalise MULTIVARIE (3 reponses simultanees, structure spatiale BYM2 partagee via matrice de dependance M), avec 15 predicteurs exacts groupes en 5 domaines : contexte economique (Poverty Rate, Median Income, Unemployment, SNAP Assistance), contexte sanitaire (Uninsured Rate, PCP Density, Outpatient Visits, Low Access), environnement (Physical Inactivity, Recreation Facilities), education (HS Diploma Rate), demographie (Percent NH-Black, Percent Hispanic, Percent >=65, Percent <=18, Urban Percent). CORRESPONDANCE VERIFIEE A 100% (session 2026-08-16) entre les 15 predicteurs du papier et les colonnes reelles de RDA_data.csv -- ce depot Zenodo est manifestement le jeu de donnees original des auteurs, pas une source secondaire]";"[obesity_pct_est, diabetes_pct_est, diabetes_cancer_mortality] ~ XB_S + G + E_S [Wu, K.L. & Banerjee, S., 'Spatial Confounding in Multivariate Areal Data Analysis', arXiv:2505.07232 (texte integral libre acces consulte, session 2026-08-16). Modele areolaire bayesien coregionalise MULTIVARIE (3 reponses simultanees, structure spatiale BYM2 partagee via matrice de dependance M), avec 15 predicteurs exacts groupes en 5 domaines : contexte economique (Poverty Rate, Median Income, Unemployment, SNAP Assistance), contexte sanitaire (Uninsured Rate, PCP Density, Outpatient Visits, Low Access), environnement (Physical Inactivity, Recreation Facilities), education (HS Diploma Rate), demographie (Percent NH-Black, Percent Hispanic, Percent >=65, Percent <=18, Urban Percent). CORRESPONDANCE VERIFIEE A 100% (session 2026-08-16) entre les 15 predicteurs du papier et les colonnes reelles de RDA_data.csv -- ce depot Zenodo est manifestement le jeu de donnees original des auteurs, pas une source secondaire]";"pub";"paper_extracted";"[""continuous""]";"[""continuous""]";"[]";"0";"0";"[""Geographic context"", ""Selected Y typology"", ""Selected Y evidence""]";"Typologie de la reponse selectionnee : continuous. Ligne Detail Y correspondant a formula_used; les autres reponses candidates ne pilotent pas cette tache.

Provenance des corrections : audit du 2026-09-07, inspection du RDS et sources indiquees dans cette fiche. Regeneration : code/r_catalog/dataset_curation.py et dataset_curation_overrides.json.";"valid";"[]";"data/final_datasets/sf/paper_spatial_confounding_diabetes.rds";"2984";"loaded";"";"[]";"false";"[""data/final_datasets/sf/paper_spatial_confounding_diabetes.rds"", ""data/raw/papers/DatasetFirst_10_5281_zenodo_21300380/RDA_data_variables.csv"", ""data/raw/papers/DatasetFirst_10_5281_zenodo_21300380/RDA_data.csv"", ""wiki/datasets/fiches_datasets/paper_spatial_confounding_diabetes.md"", ""data/final_datasets/sf/paper_spatial_confounding_diabetes.rds""]";"b4fc7b2833469123b3e6d313e94b693dd0ce8addfa9577e289e7e3f80d9eec42";"5143b2bd29e8ccec0217e8073d935f0881e0340d20d89a2677f85209a30f0982"
"paper_spruce_bark_beetle";"wiki/datasets/fiches_datasets/paper_spruce_bark_beetle.md";"true";"ready";"ready_panel_reduction";"yes";"manual_review";"true";"false";"trapcounts ~ spruce_vol + felling_border + temperature + soil_moisture + veg_zone";"trapcounts ~ spruce_vol + felling_border + temperature + soil_moisture + veg_zone";"trapcounts ~ spruce_vol + felling_border_lag3 * veg_zone + temperature_lag3 + soil_moisture_lag3 + longitude + latitude + second_order_terms [negative binomial GLM]";"trapcounts ~ spruce_vol + felling_border_lag3 * veg_zone + temperature_lag3 + soil_moisture_lag3 + longitude + latitude + second_order_terms [negative binomial GLM]";"pub";"paper_extracted";"[""count""]";"[""count""]";"[]";"0";"0";"[""Selected Y typology"", ""Selected Y evidence"", ""Recommended validation""]";"Decision conservatoire : N lignes=1731; T declare=18; variable temporelle declaree=year; repetitions de coordonnees controlees=27. Grouper les observations du meme site/immeuble/individu dans un seul fold, et respecter la chronologie si l’objectif est prospectif. Le split aleatoire par ligne n’est pas valide sans justification. La fiche et les donnees sont conservees ; aucune suppression ni promotion.

Typologie de la reponse selectionnee : count. Ligne Detail Y correspondant a formula_used; les autres reponses candidates ne pilotent pas cette tache.

Provenance des corrections : audit du 2026-09-07, inspection du RDS et sources indiquees dans cette fiche. Regeneration : code/r_catalog/dataset_curation.py et dataset_curation_overrides.json.";"valid";"[]";"data/final_datasets/sf/paper_spruce_bark_beetle.rds";"1731";"not_promoted";"N lignes=1731; T declare=18; variable temporelle declaree=year; repetitions de coordonnees controlees=27. Grouper les observations du meme site/immeuble/individu dans un seul fold, et respecter la chronologie si l’objectif est prospectif. Le split aleatoire par ligne n’est pas valide sans justification.";"[""package_include_not_yes"", ""benchmark_status_not_ready""]";"false";"[""data/final_datasets/sf/paper_spruce_bark_beetle.rds"", ""corpus/papers/raw_pdf/Climatic and management-related drivers of endemic European spruce bark beetle populations in boreal forests.pdf"", ""corpus/papers/tei/Climatic and management-related drivers of endemic European spruce bark beetle populations in boreal forests.tei.xml"", ""data/raw/papers/DataCite_2024_ClimaticAndManagementRelated_10_1111_1365_266"", ""wiki/datasets/fiches_datasets/paper_spruce_bark_beetle.md"", ""data/final_datasets/sf/paper_spruce_bark_beetle.rds""]";"fb19652ed1460f965f2d875d4602a702831b4b99645dad1edbc87bfdc7a1c9c2";"8c7c0288e2f2d2c3fdf48c98bcc62821b8f0d0629920f718e43bd5025e249d2e"
"paper_stwr_precip_isotope";"wiki/datasets/fiches_datasets/paper_stwr_precip_isotope.md";"true";"ready";"manual_review";"yes";"manual_review";"true";"false";"d2h ~ ppt + tmean + Elevation";"d2h ~ ppt + tmean + Elevation";"d2h ~ ppt + tmean + height [Eq. 21 du papier : modele de regression spatio-temporelle ponderee (STWR), compare a GWR et GTWR, sur les isotopes d'hydrogene des precipitations (delta2H) dans le nord-est des Etats-Unis]";"d2h ~ ppt + tmean + height [Eq. 21 du papier : modele de regression spatio-temporelle ponderee (STWR), compare a GWR et GTWR, sur les isotopes d'hydrogene des precipitations (delta2H) dans le nord-est des Etats-Unis]";"pub";"paper_extracted";"[""continuous""]";"[""continuous""]";"[]";"0";"0";"[""Geographic context"", ""Selected Y typology"", ""Selected Y evidence"", ""Recommended validation""]";"Decision conservatoire : N lignes=272; T declare=1; variable temporelle declaree=n/a; repetitions de coordonnees controlees=156. Grouper les observations du meme site/immeuble/individu dans un seul fold, et respecter la chronologie si l’objectif est prospectif. Le split aleatoire par ligne n’est pas valide sans justification. La fiche et les donnees sont conservees ; aucune suppression ni promotion.

Typologie de la reponse selectionnee : continuous. Ligne Detail Y correspondant a formula_used; les autres reponses candidates ne pilotent pas cette tache.

Provenance des corrections : audit du 2026-09-07, inspection du RDS et sources indiquees dans cette fiche. Regeneration : code/r_catalog/dataset_curation.py et dataset_curation_overrides.json.";"valid";"[]";"data/final_datasets/sf/paper_stwr_precip_isotope.rds";"272";"not_promoted";"N lignes=272; T declare=1; variable temporelle declaree=n/a; repetitions de coordonnees controlees=156. Grouper les observations du meme site/immeuble/individu dans un seul fold, et respecter la chronologie si l’objectif est prospectif. Le split aleatoire par ligne n’est pas valide sans justification.";"[""package_include_not_yes"", ""benchmark_status_not_ready""]";"false";"[""data/final_datasets/sf/paper_stwr_precip_isotope.rds"", ""corpus/papers/raw_pdf/A spatiotemporal weighted regression model for nontationarity.pdf"", ""corpus/papers/tei/A spatiotemporal weighted regression model for nontationarity.tei.xml"", ""data/raw/papers/MediumPriorityRetry_10_5281_zenodo_3637689/extracted/quexiang-STWR-e29544f/Data_STWR/RealWorldData/precip_isotope_D3.csv"", ""wiki/datasets/fiches_datasets/paper_stwr_precip_isotope.md"", ""data/final_datasets/sf/paper_stwr_precip_isotope.rds""]";"8d650edd6dbd4eed00eaa1181e9fbf54c7ec78b4d7e4511ff3e9313812b9b23e";"2a2ef194bd3332ff64e20f4932ec4de2d30fb37e421a9e49c74160da6766a9c5"
"paper_sugarglider_occupancy";"wiki/datasets/fiches_datasets/paper_sugarglider_occupancy.md";"true";"ready";"manual_review";"yes";"manual_review";"true";"false";"n_detections ~ mat200 + mat500 + mat1000 + mat1500 + mat2000 + elev";"n_detections ~ mat200 + mat500 + mat1000 + mat1500 + mat2000 + elev";"psi(occupancy) ~ mature_forest_extent(200-2000m) + elev ; p(detection) ~ temperature + wind + moonlight + owl_playback [modele d'occupation-detection (site-occupancy model), naive occupancy = 0.79, detectabilite = 0.52 +/- 0.03 sur 5 visites]";"psi(occupancy) ~ mature_forest_extent(200-2000m) + elev ; p(detection) ~ temperature + wind + moonlight + owl_playback [modele d'occupation-detection (site-occupancy model), naive occupancy = 0.79, detectabilite = 0.52 +/- 0.03 sur 5 visites]";"pub";"paper_extracted";"[""continuous""]";"[""count""]";"[]";"0";"0";"[""Geographic context"", ""Selected Y typology"", ""Selected Y evidence"", ""benchmark_task_note""]";"Le nom paper_sugar_glider dans la demande correspond a paper_sugarglider_occupancy. Depot local de reutilisation : 10.5061/dryad.4xgxd259g ; depot original cite : 10.5061/dryad.xgxd254bt ; article de l’etude originale : 10.1111/aec.12583. Les deux DOI Dryad sont des datasets, pas des articles; relation DERIVED_FROM conservee dans le KG. Verification : https://datadryad.org/dataset/doi%3A10.5061/dryad.4xgxd259g .

Decision conservatoire : Tache count a documenter par reponse et estimateur; aucune selection automatique de familles gaussiennes. n_detections denombre les detections; occupation et detectabilite doivent rester distinguees. La fiche et les donnees sont conservees ; aucune suppression ni promotion.

Typologie de la reponse selectionnee : count. n_detections denombre les detections; occupation et detectabilite doivent rester distinguees.

Provenance des corrections : audit du 2026-09-07, inspection du RDS et sources indiquees dans cette fiche. Regeneration : code/r_catalog/dataset_curation.py et dataset_curation_overrides.json.";"valid";"[]";"data/final_datasets/sf/paper_sugarglider_occupancy.rds";"100";"not_promoted";"Tache count a documenter par reponse et estimateur; aucune selection automatique de familles gaussiennes. n_detections denombre les detections; occupation et detectabilite doivent rester distinguees.";"[""package_include_not_yes"", ""benchmark_status_not_ready""]";"false";"[""data/final_datasets/sf/paper_sugarglider_occupancy.rds"", ""data/raw/papers/DatasetFirst_10_5061_dryad_4xgxd259g/Readme.txt"", ""data/raw/papers/DatasetFirst_10_5061_dryad_4xgxd259g/Serengeti.csv"", ""data/raw/papers/DatasetFirst_10_5061_dryad_4xgxd259g/Sugarglider.csv"", ""wiki/datasets/fiches_datasets/paper_sugarglider_occupancy.md"", ""data/final_datasets/sf/paper_sugarglider_occupancy.rds""]";"6374ae4467842a870d7417e36fe2dd2242137d00df2979bfb63ac667ba5baf86";"a7a7bd28f451348d97c4093c935ead871660f80554b1bcc4ce60db491ba57b10"
"paper_swiss_heat_exposure";"wiki/datasets/fiches_datasets/paper_swiss_heat_exposure.md";"true";"ready";"manual_review";"manual_review";"manual_review";"false";"false";"deaths ~ temperature + temperature_lag1 + temperature_lag2 + temperature_lag3 + greenspace + urbanicity";"deaths ~ temperature + temperature_lag1 + temperature_lag2 + temperature_lag3 + greenspace + urbanicity";"deaths ~ f(temperature, nonlinear, spatially-varying) [modele bayesien BYM2 avec effets non-lineaires spatialement variables -- Chen, Blangiardo, Gascoigne & Konstantinoudis (2025), 'Modelling the spatially varying nonlinear effects of heat exposure', Journal of the Royal Statistical Society Series A, doi:10.1093/jrsssa/qnaf208 (preprint arXiv:2502.20745). Mortalite toutes causes en Suisse, disparites spatiales de mortalite liee a la chaleur expliquees principalement par la structure d'age de la population, les espaces verts et les vulnerabilites liees a l'exposition a la chaleur (resume officiel)]";"deaths ~ f(temperature, nonlinear, spatially-varying) [modele bayesien BYM2 avec effets non-lineaires spatialement variables -- Chen, Blangiardo, Gascoigne & Konstantinoudis (2025), 'Modelling the spatially varying nonlinear effects of heat exposure', Journal of the Royal Statistical Society Series A, doi:10.1093/jrsssa/qnaf208 (preprint arXiv:2502.20745). Mortalite toutes causes en Suisse, disparites spatiales de mortalite liee a la chaleur expliquees principalement par la structure d'age de la population, les espaces verts et les vulnerabilites liees a l'exposition a la chaleur (resume officiel)]";"pub";"paper_extracted";"[""continuous""]";"[""count""]";"[]";"0";"0";"[""Geographic context"", ""Selected Y typology"", ""Selected Y evidence"", ""benchmark_task_note""]";"Decision conservatoire : deaths est un comptage 0–12, mais typologie continuous; panel 2 368 080 lignes, 2 145 communes. Modèle BYM2 simplifié et colonnes deaths_sim/weight présentes. Vérifier deaths versus deaths_sim dans les deux RDS bruts et la notice, exposition population et dépendance temporelle; garder en revue. Ne pas inventer une version continue. La fiche et les donnees sont conservees ; aucune suppression ni promotion.

Typologie de la reponse selectionnee : count. deaths denombre les deces; verifier la provenance distincte de deaths_sim et le panel commune/jour.

Provenance des corrections : audit du 2026-09-07, inspection du RDS et sources indiquees dans cette fiche. Regeneration : code/r_catalog/dataset_curation.py et dataset_curation_overrides.json.";"valid";"[]";"data/final_datasets/sf/paper_swiss_heat_exposure.rds";"2368080";"not_promoted";"deaths est un comptage 0–12, mais typologie continuous; panel 2 368 080 lignes, 2 145 communes. Modèle BYM2 simplifié et colonnes deaths_sim/weight présentes. Vérifier deaths versus deaths_sim dans les deux RDS bruts et la notice, exposition population et dépendance temporelle; garder en revue. Ne pas inventer une version continue.";"[""package_include_not_yes"", ""benchmark_status_not_ready""]";"false";"[""data/final_datasets/sf/paper_swiss_heat_exposure.rds"", ""data/raw/papers/DatasetFirst_10_5281_zenodo_16923676"", ""wiki/datasets/fiches_datasets/paper_swiss_heat_exposure.md"", ""data/final_datasets/sf/paper_swiss_heat_exposure.rds""]";"90a3a1a2180457a2fd71cc7ba57daaac663a807bad053c3e5452c0b409cdf082";"4d65ea903dadbd5bcfa2bf548c9dd86d169b034915e1c1f581b14e0538e235c5"
"paper_swiss_rainfall";"wiki/datasets/fiches_datasets/paper_swiss_rainfall.md";"true";"ready";"ready";"yes";"yes";"true";"true";"rainfall ~ ogc_000 + ogc_030 + ogc_060 + ogc_090 + ogc_120 + ogc_150";"rainfall ~ ogc_000 + ogc_030 + ogc_060 + ogc_090 + ogc_120 + ogc_150";"rainfall ~ oblique_geographic_coordinates [random forest / OGC spatial covariates]";"rainfall ~ oblique_geographic_coordinates [random forest / OGC spatial covariates]";"pub";"paper_extracted";"[""continuous""]";"[""continuous""]";"[]";"0";"0";"[""Selected Y typology"", ""Selected Y evidence""]";"Typologie de la reponse selectionnee : continuous. Ligne Detail Y correspondant a formula_used; les autres reponses candidates ne pilotent pas cette tache.

Provenance des corrections : audit du 2026-09-07, inspection du RDS et sources indiquees dans cette fiche. Regeneration : code/r_catalog/dataset_curation.py et dataset_curation_overrides.json.";"valid";"[]";"data/final_datasets/sf/paper_swiss_rainfall.rds";"467";"loaded";"";"[]";"false";"[""data/final_datasets/sf/paper_swiss_rainfall.rds"", ""corpus/papers/raw_pdf/Moller_2020_OGC.pdf"", ""corpus/papers/tei/Moller_2020_OGC.tei.xml"", ""data/raw/papers/Moller_2020_OGC_swiss_rainfall"", ""data/raw/papers/Moller_2020_OGC_eberg"", ""data/raw/papers/Moller_2020_OGC_vindum"", ""wiki/datasets/fiches_datasets/paper_swiss_rainfall.md"", ""data/final_datasets/sf/paper_swiss_rainfall.rds""]";"706fb750a6bdc1df0ce2689e46bbd817a28fa642fc607321e5efc8aaad41bfe4";"760134c4c848963ca348202ac4b1fb396a65bd2190cfdfeac20a0939045c73e5"
"paper_teles_decapod_biodiversity_brazil";"wiki/datasets/fiches_datasets/paper_teles_decapod_biodiversity_brazil.md";"false";"ready";"ready";"yes";"yes";"true";"true";"PD.SES ~ tempmean + pp + curvel + sal + light + fishing_effort";"PD.SES ~ tempmean + pp + curvel + sal + light + fishing_effort";"PD.SES ~ tempmean + pp + curvel [Random Forest ; PD.SES = effet standardise de diversite phylogenetique, principale reponse continue modelisee par le papier avec SR (count) et PE.SES]";"PD.SES ~ tempmean + pp + curvel [Random Forest ; PD.SES = effet standardise de diversite phylogenetique, principale reponse continue modelisee par le papier avec SR (count) et PE.SES]";"pub";"paper_extracted";"[""continuous""]";"[""continuous""]";"[]";"0";"0";"[]";"Aucun changement de fiche requis.";"valid";"[]";"data/final_datasets/sf/paper_teles_decapod_biodiversity_brazil.rds";"160";"loaded";"";"[]";"false";"[""data/final_datasets/sf/paper_teles_decapod_biodiversity_brazil.rds"", ""corpus/papers/raw_pdf/Decapod Biodiversity Hotspots and Environmental Drivers - A Macroecological.pdf"", ""corpus/papers/tei/Decapod Biodiversity Hotspots and Environmental Drivers - A Macroecological.tei.xml"", ""data/raw/papers/DataCite_2026_DataAndRCode_10_1111_jbi_7007/README.md"", ""data/raw/papers/DataCite_2026_DataAndRCode_10_1111_jbi_7007/VariablesDataOK_pix1x1.csv"", ""data/raw/papers/DataCite_2026_DataAndRCode_10_1111_jbi_7007/CCDB_OBIS_GeoMar_data.csv"", ""data/raw/papers/DataCite_2026_DataAndRCode_10_1111_jbi_7007/clados_info.csv""]";"443c8fa4d1cd2592a52ea4218ac0418cc0f9bd2aeb1486e04a049f5dd3c373b2";"443c8fa4d1cd2592a52ea4218ac0418cc0f9bd2aeb1486e04a049f5dd3c373b2"
"paper_trillium_presence_background";"wiki/datasets/fiches_datasets/paper_trillium_presence_background.md";"true";"ready";"manual_review";"yes";"manual_review";"false";"false";"presence ~ bio1_annual_mean_temperature + bio4_temperature_seasonality + bio5_max_temperature_warmest_month + bio6_min_temperature_coldest_month + bio12_annual_precipitation + bio15_precipitation_seasonality";"presence ~ bio1_annual_mean_temperature + bio4_temperature_seasonality + bio5_max_temperature_warmest_month + bio6_min_temperature_coldest_month + bio12_annual_precipitation + bio15_precipitation_seasonality";"PO ~ Flower_Type + No_ovules + Seed_weight [beta regression; model building also considered seed set, seeds per plant and adult biomass]";"PO ~ Flower_Type + No_ovules + Seed_weight [beta regression; model building also considered seed set, seeds per plant and adult biomass]";"pub";"paper_extracted";"[""binary""]";"[""binary""]";"[]";"0";"0";"[""Selected Y typology"", ""Selected Y evidence""]";"Decision conservatoire : Tache binary a documenter par reponse et estimateur; aucune selection automatique de familles gaussiennes. Ligne Detail Y correspondant a formula_used; les autres reponses candidates ne pilotent pas cette tache. La fiche et les donnees sont conservees ; aucune suppression ni promotion.

Typologie de la reponse selectionnee : binary. Ligne Detail Y correspondant a formula_used; les autres reponses candidates ne pilotent pas cette tache.

Provenance des corrections : audit du 2026-09-07, inspection du RDS et sources indiquees dans cette fiche. Regeneration : code/r_catalog/dataset_curation.py et dataset_curation_overrides.json.";"valid";"[]";"data/final_datasets/sf/paper_trillium_presence_background.rds";"13557";"not_promoted";"Tache binary a documenter par reponse et estimateur; aucune selection automatique de familles gaussiennes. Ligne Detail Y correspondant a formula_used; les autres reponses candidates ne pilotent pas cette tache.";"[""package_include_not_yes"", ""benchmark_status_not_ready""]";"false";"[""data/final_datasets/sf/paper_trillium_presence_background.rds"", ""corpus/papers/raw_pdf/Miller2021Reproductive.pdf"", ""corpus/papers/tei/Miller2021Reproductive.tei.xml"", ""data/raw/papers/DataCite_2021_ReproductiveTraitsExplainOccupancy_10_1111_ddi_1329/catesbaei_training.csv"", ""data/raw/papers/DataCite_2021_ReproductiveTraitsExplainOccupancy_10_1111_ddi_1329/cernuum_both.csv"", ""wiki/datasets/fiches_datasets/paper_trillium_presence_background.md"", ""data/final_datasets/sf/paper_trillium_presence_background.rds""]";"c0af39696fd9cf443d5af0d35911a46f307254d4751d0123b9c224cbf6525317";"46475a6cac3f50ac648ca3784d5b68a2b5c5756c1c7bc7b5648b06194f3bbcc4"
"paper_trillium_proportional_occupancy";"wiki/datasets/fiches_datasets/paper_trillium_proportional_occupancy.md";"true";"ready";"ready";"yes";"yes";"true";"true";"PO ~ No_ovules + Seed_weight + Flower_Type";"PO ~ No_ovules + Seed_weight + Flower_Type";"PO ~ Flower_Type + No_ovules + Seed_weight [beta regression; model building also considered seed set, seeds per plant and adult biomass]";"PO ~ Flower_Type + No_ovules + Seed_weight [beta regression; model building also considered seed set, seeds per plant and adult biomass]";"pub";"paper_extracted";"[""rate""]";"[""rate""]";"[]";"0";"0";"[""Selected Y typology"", ""Selected Y evidence""]";"Typologie de la reponse selectionnee : rate. Ligne Detail Y correspondant a formula_used; les autres reponses candidates ne pilotent pas cette tache.

Provenance des corrections : audit du 2026-09-07, inspection du RDS et sources indiquees dans cette fiche. Regeneration : code/r_catalog/dataset_curation.py et dataset_curation_overrides.json.";"valid";"[]";"data/final_datasets/sf/paper_trillium_proportional_occupancy.rds";"16";"loaded";"";"[]";"false";"[""data/final_datasets/sf/paper_trillium_proportional_occupancy.rds"", ""corpus/papers/raw_pdf/Miller2021Reproductive.pdf"", ""corpus/papers/tei/Miller2021Reproductive.tei.xml"", ""data/raw/papers/DataCite_2021_ReproductiveTraitsExplainOccupancy_10_1111_ddi_1329/catesbaei_training.csv"", ""data/raw/papers/DataCite_2021_ReproductiveTraitsExplainOccupancy_10_1111_ddi_1329/cernuum_both.csv"", ""wiki/datasets/fiches_datasets/paper_trillium_proportional_occupancy.md"", ""data/final_datasets/sf/paper_trillium_proportional_occupancy.rds""]";"01447db8e456d8826492248b13411ae734b7bea10161940853827a4314d8b41e";"1c5f3c883082850df018233a854284f0c6338f8ef668c51051d28e824b5ecd3d"
"paper_uk_linear_features_birds";"wiki/datasets/fiches_datasets/paper_uk_linear_features_birds.md";"true";"ready";"manual_review";"yes";"manual_review";"true";"false";"total_bird_abundance ~ LinearFeaturesLength + WoodyLinearFeaturesLength";"total_bird_abundance ~ LinearFeaturesLength + WoodyLinearFeaturesLength";"abundance_species_i ~ LinearFeaturesLength + WoodyLinearFeaturesLength + [covariables d'habitat national] [modeles d'abondance par espece (18 especes d'oiseaux, 24 especes de papillons) sur 3723 (BBS) et 1547 (UKBMS) sites de suivi au Royaume-Uni, comparant modeles avec/sans le jeu de donnees national de haies/elements lineaires]";"abundance_species_i ~ LinearFeaturesLength + WoodyLinearFeaturesLength + [covariables d'habitat national] [modeles d'abondance par espece (18 especes d'oiseaux, 24 especes de papillons) sur 3723 (BBS) et 1547 (UKBMS) sites de suivi au Royaume-Uni, comparant modeles avec/sans le jeu de donnees national de haies/elements lineaires]";"pub";"paper_extracted";"[""count""]";"[""count""]";"[]";"0";"0";"[""Geographic context"", ""Selected Y typology"", ""Selected Y evidence""]";"Decision conservatoire : Tache count a documenter par reponse et estimateur; aucune selection automatique de familles gaussiennes. Ligne Detail Y correspondant a formula_used; les autres reponses candidates ne pilotent pas cette tache. La fiche et les donnees sont conservees ; aucune suppression ni promotion.

Typologie de la reponse selectionnee : count. Ligne Detail Y correspondant a formula_used; les autres reponses candidates ne pilotent pas cette tache.

Provenance des corrections : audit du 2026-09-07, inspection du RDS et sources indiquees dans cette fiche. Regeneration : code/r_catalog/dataset_curation.py et dataset_curation_overrides.json.";"valid";"[]";"data/final_datasets/sf/paper_uk_linear_features_birds.rds";"3312";"not_promoted";"Tache count a documenter par reponse et estimateur; aucune selection automatique de familles gaussiennes. Ligne Detail Y correspondant a formula_used; les autres reponses candidates ne pilotent pas cette tache.";"[""package_include_not_yes"", ""benchmark_status_not_ready""]";"false";"[""data/final_datasets/sf/paper_uk_linear_features_birds.rds"", ""data/raw/papers/DatasetFirst_10_5061_dryad_m5g04/Linear features length around survey sites.csv"", ""data/raw/papers/DatasetFirst_10_5061_dryad_m5g04/Species_abundance_data_Sullivan.csv"", ""wiki/datasets/fiches_datasets/paper_uk_linear_features_birds.md"", ""data/final_datasets/sf/paper_uk_linear_features_birds.rds""]";"91048fa70f62104c9e4dc476cbbc267f13271049b9af2d6b9105769c58df0a8f";"a886d2b367c4a7c37d9028fd486b5c55db9802fb1cd2c4c80edf9a9954299303"
"paper_uk_photovoltaic";"wiki/datasets/fiches_datasets/paper_uk_photovoltaic.md";"false";"needs_covariate_join";"needs_covariate_join";"no";"no";"false";"false";"pending";"pending";"PV_uptake ~ rho*W*PV_uptake + X*beta + W*X*theta + u (Spatial Durbin Model, eq. 1)";"PV_uptake ~ rho*W*PV_uptake + X*beta + W*X*theta + u (Spatial Durbin Model, eq. 1)";"pub";"unavailable";"[""continuous""]";"[""continuous""]";"[]";"0";"0";"[]";"Aucun changement de fiche requis.";"unavailable";"[]";"data/final_datasets/sf/paper_uk_photovoltaic.rds";"380";"not_promoted";"Le papier modelise 134 regions NUTS3 avec un tableau X documente, alors que l'extraction actuelle contient 380 LAD et seulement les agregats PV locaux (0 covariable explicative, non executable) -- statut normalise depuis needs_covariate_join_and_nuts3_reconciliation (2026-08-12).";"[""package_include_not_yes"", ""benchmark_status_not_ready"", ""formula_used_missing_or_pending"", ""response_missing"", ""predictors_missing"", ""formula_evidence_unavailable""]";"false";"[""data/final_datasets/sf/paper_uk_photovoltaic.rds"", ""corpus/papers/raw_pdf/BaltaOzkan2015Regional.pdf"", ""corpus/papers/raw_pdf/Regional distribution of photovoltaic deployment in the UK and its determinants A spatial econometric approach.pdf"", ""corpus/papers/tei/BaltaOzkan2015Regional.tei.xml"", ""corpus/papers/tei/Regional distribution of photovoltaic deployment in the UK and its determinants A spatial econometric approach.tei.xml"", ""data/raw/papers/DataCite_2015_RegionalDistributionOfPhotovoltaic_10_1016_j_eneco_""]";"c75daac6bbf2ae5229bb287b7520823173292ba3f1aa97c654e251788d95e7e7";"c75daac6bbf2ae5229bb287b7520823173292ba3f1aa97c654e251788d95e7e7"
"paper_usgs_flood_skew";"wiki/datasets/fiches_datasets/paper_usgs_flood_skew.md";"true";"ready";"ready_panel_reduction";"yes";"manual_review";"true";"false";"UnbiasSkew ~ DRAIN_SQKM + LAT_CENT + LONG_CENT + BSLDEM100M + ELEV + COMPRAT + LC06FOREST + LC06WATER + PERMAVE + PRECPRIS00";"UnbiasSkew ~ DRAIN_SQKM + LAT_CENT + LONG_CENT + BSLDEM100M + ELEV + COMPRAT + LC06FOREST + LC06WATER + PERMAVE + PRECPRIS00";"UnbiasSkew ~ DRAIN_SQKM + LAT_CENT + LONG_CENT + BSLDEM100M + ELEV + COMPRAT + LC06FOREST + LC06WATER + PERMAVE + PRECPRIS00 [Bayesian Weighted Least Squares / Bayesian Generalized Least Squares (B-WLS/B-GLS), asymetrie regionale des crues annuelles de pointe]";"UnbiasSkew ~ DRAIN_SQKM + LAT_CENT + LONG_CENT + BSLDEM100M + ELEV + COMPRAT + LC06FOREST + LC06WATER + PERMAVE + PRECPRIS00 [Bayesian Weighted Least Squares / Bayesian Generalized Least Squares (B-WLS/B-GLS), asymetrie regionale des crues annuelles de pointe]";"pub";"paper_extracted";"[""continuous""]";"[""continuous""]";"[]";"0";"0";"[""Observed population"", ""Selected Y typology"", ""Selected Y evidence"", ""Recommended validation""]";"Decision conservatoire : N lignes=183; T declare=70; variable temporelle declaree=BegYear; repetitions de coordonnees controlees=0. Grouper les observations du meme site/immeuble/individu dans un seul fold, et respecter la chronologie si l’objectif est prospectif. Le split aleatoire par ligne n’est pas valide sans justification. La fiche et les donnees sont conservees ; aucune suppression ni promotion.

Typologie de la reponse selectionnee : continuous. Ligne Detail Y correspondant a formula_used; les autres reponses candidates ne pilotent pas cette tache.

Provenance des corrections : audit du 2026-09-07, inspection du RDS et sources indiquees dans cette fiche. Regeneration : code/r_catalog/dataset_curation.py et dataset_curation_overrides.json.";"valid";"[]";"data/final_datasets/sf/paper_usgs_flood_skew.rds";"183";"not_promoted";"N lignes=183; T declare=70; variable temporelle declaree=BegYear; repetitions de coordonnees controlees=0. Grouper les observations du meme site/immeuble/individu dans un seul fold, et respecter la chronologie si l’objectif est prospectif. Le split aleatoire par ligne n’est pas valide sans justification.";"[""package_include_not_yes"", ""benchmark_status_not_ready""]";"false";"[""data/final_datasets/sf/paper_usgs_flood_skew.rds"", ""data/raw/papers/DataCite_2021_MethodsForEstimatingRegional_10_3133_sir20215"", ""wiki/datasets/fiches_datasets/paper_usgs_flood_skew.md"", ""data/final_datasets/sf/paper_usgs_flood_skew.rds""]";"73192e8592aaff2ae09b08e498caed8d182d6d0cf55f6d45208c597279c17c6c";"9af5d34041ce7f0aca972c90ba5a29a87e352dd26e813dec5595ce10f2134fc4"
"paper_velado_alonso_wildlife_livestock_diversity";"wiki/datasets/fiches_datasets/paper_velado_alonso_wildlife_livestock_diversity.md";"true";"ready";"manual_review";"yes";"manual_review";"true";"false";"Native_Mammal_Richness ~ Total_Breed_Richness + Annual_Mean_Temperature + Annual_Precipitation + HumanFootprint_2009";"Native_Mammal_Richness ~ Total_Breed_Richness + Annual_Mean_Temperature + Annual_Precipitation + HumanFootprint_2009";"modele GWR non explicite sous forme d'equation dans le TEI (extraction GROBID n'a pas capture de formule inline pour ce papier) ; description narrative verbatim : ""We modelled the spatial gradients in species richness of native terrestrial vertebrates [...] as a function of local livestock breed richness [...] climate variables and human footprint.";"modele GWR non explicite sous forme d'equation dans le TEI (extraction GROBID n'a pas capture de formule inline pour ce papier) ; description narrative verbatim : ""We modelled the spatial gradients in species richness of native terrestrial vertebrates [...] as a function of local livestock breed richness [...] climate variables and human footprint.";"pub";"paper_extracted";"[""count""]";"[""count""]";"[]";"0";"0";"[""Selected Y typology"", ""Selected Y evidence"", ""benchmark_task_note""]";"Decision conservatoire : Tache count a documenter par reponse et estimateur; aucune selection automatique de familles gaussiennes. Native_Mammal_Richness denombre les especes de mammiferes natives; une route count et le traitement du CRS suppose restent a valider. La fiche et les donnees sont conservees ; aucune suppression ni promotion.

Typologie de la reponse selectionnee : count. Native_Mammal_Richness denombre les especes de mammiferes natives; une route count et le traitement du CRS suppose restent a valider.

Provenance des corrections : audit du 2026-09-07, inspection du RDS et sources indiquees dans cette fiche. Regeneration : code/r_catalog/dataset_curation.py et dataset_curation_overrides.json.";"valid";"[]";"data/final_datasets/sf/paper_velado_alonso_wildlife_livestock_diversity.rds";"5324";"not_promoted";"Tache count a documenter par reponse et estimateur; aucune selection automatique de familles gaussiennes. Native_Mammal_Richness denombre les especes de mammiferes natives; une route count et le traitement du CRS suppose restent a valider.";"[""package_include_not_yes"", ""benchmark_status_not_ready""]";"false";"[""data/final_datasets/sf/paper_velado_alonso_wildlife_livestock_diversity.rds"", ""C:/Users/jdoliveira/SynologyDrive/johnny D'OLIVEIRA/Travaux stages/llm-wiki-karpathy/corpus/papers/raw_pdf/Relationships between the distribution of wildlife and livestock diversity.pdf"", ""corpus/papers/raw_pdf/Relationships between the distribution of wildlife and livestock diversity.pdf"", ""corpus/papers/tei/Relationships between the distribution of wildlife and livestock diversity.tei.xml"", ""data/raw/papers/DataCite_2020_RelationshipsBetweenTheDistribution_10_1111_ddi_1313/vertebrate_livestock_diversity_Spain_database.csv"", ""wiki/datasets/fiches_datasets/paper_velado_alonso_wildlife_livestock_diversity.md"", ""data/final_datasets/sf/paper_velado_alonso_wildlife_livestock_diversity.rds""]";"657e77f79e5587d3f721f8df88cc76a0084f38e872d51647beecb7c953b0fe10";"829772b1a0adf3407b0f4491a29ded7dabbf9ec3443bd237734b2f2431a70ddd"
"paper_vindum";"wiki/datasets/fiches_datasets/paper_vindum.md";"true";"ready";"ready";"yes";"yes";"true";"true";"SOM ~ aspect_cos + aspect_sin + bluespot + curvature_plan + curvature_prof + DEM + DVI + ECa + flow_accu + midslope + MRVBF + NDVI + RVI + SAGAWI + SAVI + SL + slope_gradient + TWI + valleydepth + ogc_000 + ogc_030 + ogc_060 + ogc_090 + ogc_120 + ogc_150";"SOM ~ aspect_cos + aspect_sin + bluespot + curvature_plan + curvature_prof + DEM + DVI + ECa + flow_accu + midslope + MRVBF + NDVI + RVI + SAGAWI + SAVI + SL + slope_gradient + TWI + valleydepth + ogc_000 + ogc_030 + ogc_060 + ogc_090 + ogc_120 + ogc_150";"SOM ~ oblique_geographic_coordinates + auxiliary_data [random forest / OGC spatial covariates]";"SOM ~ oblique_geographic_coordinates + auxiliary_data [random forest / OGC spatial covariates]";"pub";"paper_extracted";"[""continuous""]";"[""continuous""]";"[]";"0";"0";"[""Selected Y typology"", ""Selected Y evidence""]";"Typologie de la reponse selectionnee : continuous. Ligne Detail Y correspondant a formula_used; les autres reponses candidates ne pilotent pas cette tache.

Provenance des corrections : audit du 2026-09-07, inspection du RDS et sources indiquees dans cette fiche. Regeneration : code/r_catalog/dataset_curation.py et dataset_curation_overrides.json.";"valid";"[]";"data/final_datasets/sf/paper_vindum.rds";"285";"loaded";"";"[]";"false";"[""data/final_datasets/sf/paper_vindum.rds"", ""corpus/papers/raw_pdf/Moller_2020_OGC.pdf"", ""corpus/papers/tei/Moller_2020_OGC.tei.xml"", ""data/raw/papers/Moller_2020_OGC_vindum"", ""data/raw/papers/Moller_2020_OGC_eberg"", ""data/raw/papers/Moller_2020_OGC_swiss_rainfall"", ""wiki/datasets/fiches_datasets/paper_vindum.md"", ""data/final_datasets/sf/paper_vindum.rds""]";"dfd1b86dcb141feef796408a3c115a7a167bcd1a4862548168e299813faad154";"fb8b1664abe2492d8ca7b2f5d534c307f9c2de92b723d4274f717829296eeaf0"
"paper_wald_test";"wiki/datasets/fiches_datasets/paper_wald_test.md";"true";"ready";"ready_panel_reduction";"yes";"manual_review";"true";"false";"change ~ rgdppc_growth + growth_govt + pm_growth + party_shift_t + party_shift_t1 + ciep_perc + govt_ciep + pm_ciep + xregbet + prime_dummy + niche + gparties + pm_gparties + lag_pervote + pm_lag_pervote + niche_lag_pervote + eff_par";"change ~ rgdppc_growth + growth_govt + pm_growth + party_shift_t + party_shift_t1 + ciep_perc + govt_ciep + pm_ciep + xregbet + prime_dummy + niche + gparties + pm_gparties + lag_pervote + pm_lag_pervote + niche_lag_pervote + eff_par";"change ~ rgdppc_growth + growth_govt + pm_growth + party_shift_t + party_shift_t1 + ciep_perc + govt_ciep + pm_ciep + xregbet + prime_dummy + niche + gparties + pm_gparties + lag_pervote + pm_lag_pervote + niche_lag_pervote + eff_par [Spatial Durbin Model (SDM), sous-echantillon clear1=1, matrice W politique originale de Williams & Whitten 2015 attachee]";"change ~ rgdppc_growth + growth_govt + pm_growth + party_shift_t + party_shift_t1 + ciep_perc + govt_ciep + pm_ciep + xregbet + prime_dummy + niche + gparties + pm_gparties + lag_pervote + pm_lag_pervote + niche_lag_pervote + eff_par [Spatial Durbin Model (SDM), sous-echantillon clear1=1, matrice W politique originale de Williams & Whitten 2015 attachee]";"pub";"paper_extracted";"[""continuous""]";"[""continuous""]";"[]";"0";"0";"[""Selected Y typology"", ""Selected Y evidence"", ""Recommended validation""]";"Decision conservatoire : N lignes=1428; T declare=306; variable temporelle declaree=ts; repetitions de coordonnees controlees=1405. Grouper les observations du meme site/immeuble/individu dans un seul fold, et respecter la chronologie si l’objectif est prospectif. Le split aleatoire par ligne n’est pas valide sans justification. La fiche et les donnees sont conservees ; aucune suppression ni promotion.

Typologie de la reponse selectionnee : continuous. Ligne Detail Y correspondant a formula_used; les autres reponses candidates ne pilotent pas cette tache.

Provenance des corrections : audit du 2026-09-07, inspection du RDS et sources indiquees dans cette fiche. Regeneration : code/r_catalog/dataset_curation.py et dataset_curation_overrides.json.";"valid";"[]";"data/final_datasets/sf/paper_wald_test.rds";"1428";"not_promoted";"N lignes=1428; T declare=306; variable temporelle declaree=ts; repetitions de coordonnees controlees=1405. Grouper les observations du meme site/immeuble/individu dans un seul fold, et respecter la chronologie si l’objectif est prospectif. Le split aleatoire par ligne n’est pas valide sans justification.";"[""package_include_not_yes"", ""benchmark_status_not_ready""]";"false";"[""data/final_datasets/sf/paper_wald_test.rds"", ""corpus/papers/raw_pdf/Juhl2020Wald.pdf"", ""corpus/papers/raw_pdf/Juhl_2021_WaldTestCommonFactorsSpatialModelSpecification.pdf"", ""corpus/papers/raw_pdf/The Wald Test of Common Factors in Spatial Model Specification Search Strategies.pdf"", ""corpus/papers/tei/Juhl2020Wald.tei.xml"", ""corpus/papers/tei/Juhl_2021_WaldTestCommonFactorsSpatialModelSpecification.tei.xml"", ""corpus/papers/tei/The Wald Test of Common Factors in Spatial Model Specification Search Strategies.tei.xml"", ""data/raw/papers/DataCite_2020_TheWaldTestOf_10_1017_pan_2020/README.txt"", ""wiki/datasets/fiches_datasets/paper_wald_test.md"", ""data/final_datasets/sf/paper_wald_test.rds""]";"f7ebc62197803bea42308a9e2f4d88867ff3e7f1aabc1b025f1ec87f85ff2a52";"b4e5f51d5bf45c57afec8392288c2ddc02951e4c3e0d334c7fce1e1cea1fed23"
"paper_wang_henan_cultivated_land_quality";"wiki/datasets/fiches_datasets/paper_wang_henan_cultivated_land_quality.md";"false";"ready";"ready";"yes";"yes";"true";"true";"Effective.soil.thickness ~ Soil.salinity.content + Soil.acidity.and.alkalinity + Drainage.conditions + Irrigation.guarantee.rate + Slope";"Effective.soil.thickness ~ Soil.salinity.content + Soil.acidity.and.alkalinity + Drainage.conditions + Irrigation.guarantee.rate + Slope";"indice de qualite par comte comme moyenne ponderee par la surface des cantons `Y_i = sum(X_i,max/min,i * S_i) / sum(S_i)` (eqn 1), normalisation min-max `X_bar = (x_i - min)/(max - min)` (eqn 2), Moran's I global `I = n*sum_i,j(w_ij*(X_i-Xbar)*(X_j-Xbar)) / (sum_i,j(w_ij)*sum_i((X_i-Xbar)^2))` (eqn 3), Moran's I local (eqn 4-5)";"indice de qualite par comte comme moyenne ponderee par la surface des cantons `Y_i = sum(X_i,max/min,i * S_i) / sum(S_i)` (eqn 1), normalisation min-max `X_bar = (x_i - min)/(max - min)` (eqn 2), Moran's I global `I = n*sum_i,j(w_ij*(X_i-Xbar)*(X_j-Xbar)) / (sum_i,j(w_ij)*sum_i((X_i-Xbar)^2))` (eqn 3), Moran's I local (eqn 4-5)";"pub";"paper_extracted";"[""continuous""]";"[""continuous""]";"[]";"0";"0";"[]";"Aucun changement de fiche requis.";"valid";"[]";"data/final_datasets/sf/paper_wang_henan_cultivated_land_quality.rds";"143";"loaded";"";"[]";"false";"[""data/final_datasets/sf/paper_wang_henan_cultivated_land_quality.rds"", ""C:/Users/jdoliveira/SynologyDrive/johnny D'OLIVEIRA/Travaux stages/llm-wiki-karpathy/corpus/papers/raw_pdf/Modeling of spatial pattern and influencing factors of cultivated land quality in Henan Province based on spatial big data.pdf"", ""corpus/papers/raw_pdf/Modeling of spatial pattern and influencing factors of cultivated land quality in Henan Province based on spatial big data.pdf"", ""corpus/papers/tei/Modeling of spatial pattern and influencing factors of cultivated land quality in Henan Province based on spatial big data.tei.xml"", ""data/raw/papers/DataCite_2022_ModelingOfSpatialPattern_10_1371_journal_""]";"8f548e01525b6d2356addbd3901e1dc27ce7afc5c56a6ca6bf1aa7f1ab5b18de";"8f548e01525b6d2356addbd3901e1dc27ce7afc5c56a6ca6bf1aa7f1ab5b18de"
"paper_waste_site";"wiki/datasets/fiches_datasets/paper_waste_site.md";"true";"not_ready_current_package";"not_ready_main_benchmark";"no";"no";"false";"false";"elas ~ author + title + weight (sample_reuse) + second coding + year_publish + publish + element + site_cat + site_m + region + subnational state / district + NPL + ... (44 covariables au total, voir Candidate X variables)";"pending";"elas ~ meta-regression (WLS/REML) sur 727 estimations, correction du biais de publication (PET-PEESE)";"elas ~ meta-regression (WLS/REML) sur 727 estimations, correction du biais de publication (PET-PEESE)";"pub";"unavailable";"[""continuous""]";"[""continuous""]";"[]";"0";"0";"[""x_terms_used"", ""y_term_used"", ""Formula used evidence"", ""formula_used""]";"La prose/formule precedente ne definit pas une specification executable defendable. Elle est conservee dans dataset_curation_overrides.json.previous_formula_used ; une equation source exacte et ses variables sont a retrouver.

Decision conservatoire : 727 estimations de méta-analyse, 14 positions approximatives; formula_used inclut des champs d’étude et une prose invalide. Maintenir hors benchmark d’observations spatiales; conserver pour une éventuelle méta-régression avec variances et groupes d’étude. La fiche et les donnees sont conservees ; aucune suppression ni promotion.

Provenance des corrections : audit du 2026-09-07, inspection du RDS et sources indiquees dans cette fiche. Regeneration : code/r_catalog/dataset_curation.py et dataset_curation_overrides.json.";"unavailable";"[]";"data/final_datasets/sf/paper_waste_site.rds";"727";"not_promoted";"727 estimations de méta-analyse, 14 positions approximatives; formula_used inclut des champs d’étude et une prose invalide. Maintenir hors benchmark d’observations spatiales; conserver pour une éventuelle méta-régression avec variances et groupes d’étude.";"[""package_include_not_yes"", ""benchmark_status_not_ready"", ""formula_used_missing_or_pending"", ""response_missing"", ""predictors_missing"", ""formula_evidence_unavailable""]";"true";"[""data/final_datasets/sf/paper_waste_site.rds"", ""corpus/papers/raw_pdf/Schutt2021Systematic.pdf"", ""corpus/papers/raw_pdf/Systematic Variation in Waste Site Effects on Residential Property Values - A Meta-Regression Analysis and Benefit Transfer.pdf"", ""corpus/papers/tei/Schutt2021Systematic.tei.xml"", ""corpus/papers/tei/Systematic Variation in Waste Site Effects on Residential Property Values - A Meta-Regression Analysis and Benefit Transfer.tei.xml"", ""data/raw/papers/DataCite_2021_SystematicVariationInWaste_10_1007_s10640_0"", ""wiki/datasets/fiches_datasets/paper_waste_site.md"", ""data/final_datasets/sf/paper_waste_site.rds""]";"3ad926550ddc797289d4684bcdff9e8fdf371e89382b99ef10c4059f429ce994";"93c8441b8c18b12c7539a84a38d2640f6278d95567d7410c239af04f12110858"
"paper_wildebeest_movement_env";"wiki/datasets/fiches_datasets/paper_wildebeest_movement_env.md";"true";"ready";"ready_panel_reduction";"yes";"manual_review";"true";"false";"NDVI ~ Nitrogen + D_drainage";"NDVI ~ Nitrogen + D_drainage";"speed(x) ~ NDVI(x) + Nitrogen(x) + D_drainage(x) [sens causal INVERSE de formula_used ci-dessous] -- Paun, Husmeier, Hopcraft, Masolele & Torney (2022), 'Inferring spatially varying animal movement characteristics using a hierarchical continuous-time velocity model', Ecology Letters, doi:10.1111/ele.14117 (article en libre acces, PMC9828272, texte integral consulte). Modele hierarchique gaussien a 2 niveaux (processus Ornstein-Uhlenbeck de vitesse continue) : les covariables environnementales (NDVI/azote/distance drainage) n'entrent PAS comme predicteurs lineaires directs, elles modifient la MOYENNE des champs latents spatiaux gaussiens qui controlent persistance directionnelle (tau) et vitesse moyenne (sigma) -- Eq. 21-22 du papier, transformation exponentielle pour garantir la positivite. Le resume officiel confirme : 'NDVI values have a significant effect on the average speed of wildebeest, with lower speeds being associated with high quality forage' -- donc NDVI EXPLIQUE la vitesse, pas l'inverse";"speed(x) ~ NDVI(x) + Nitrogen(x) + D_drainage(x) [sens causal INVERSE de formula_used ci-dessous] -- Paun, Husmeier, Hopcraft, Masolele & Torney (2022), 'Inferring spatially varying animal movement characteristics using a hierarchical continuous-time velocity model', Ecology Letters, doi:10.1111/ele.14117 (article en libre acces, PMC9828272, texte integral consulte). Modele hierarchique gaussien a 2 niveaux (processus Ornstein-Uhlenbeck de vitesse continue) : les covariables environnementales (NDVI/azote/distance drainage) n'entrent PAS comme predicteurs lineaires directs, elles modifient la MOYENNE des champs latents spatiaux gaussiens qui controlent persistance directionnelle (tau) et vitesse moyenne (sigma) -- Eq. 21-22 du papier, transformation exponentielle pour garantir la positivite. Le resume officiel confirme : 'NDVI values have a significant effect on the average speed of wildebeest, with lower speeds being associated with high quality forage' -- donc NDVI EXPLIQUE la vitesse, pas l'inverse";"pub";"paper_extracted";"[""rate""]";"[""rate""]";"[]";"0";"0";"[""Geographic context"", ""Selected Y typology"", ""Selected Y evidence"", ""Recommended validation""]";"Decision conservatoire : N lignes=94006; T declare=13838; variable temporelle declaree=Date; repetitions de coordonnees controlees=33. Grouper les observations du meme site/immeuble/individu dans un seul fold, et respecter la chronologie si l’objectif est prospectif. Le split aleatoire par ligne n’est pas valide sans justification. La fiche et les donnees sont conservees ; aucune suppression ni promotion.

Typologie de la reponse selectionnee : rate. Ligne Detail Y correspondant a formula_used; les autres reponses candidates ne pilotent pas cette tache.

Provenance des corrections : audit du 2026-09-07, inspection du RDS et sources indiquees dans cette fiche. Regeneration : code/r_catalog/dataset_curation.py et dataset_curation_overrides.json.";"valid";"[]";"data/final_datasets/sf/paper_wildebeest_movement_env.rds";"94006";"not_promoted";"N lignes=94006; T declare=13838; variable temporelle declaree=Date; repetitions de coordonnees controlees=33. Grouper les observations du meme site/immeuble/individu dans un seul fold, et respecter la chronologie si l’objectif est prospectif. Le split aleatoire par ligne n’est pas valide sans justification.";"[""package_include_not_yes"", ""benchmark_status_not_ready""]";"false";"[""data/final_datasets/sf/paper_wildebeest_movement_env.rds"", ""data/raw/papers/DatasetFirst_10_5061_dryad_5tb2rbp76/README.txt"", ""data/raw/papers/DatasetFirst_10_5061_dryad_5tb2rbp76/wildebeest_env_data.csv"", ""wiki/datasets/fiches_datasets/paper_wildebeest_movement_env.md"", ""data/final_datasets/sf/paper_wildebeest_movement_env.rds""]";"c3d5057275385c196af681432792ee824caa3363c95290864a8d34be3b580948";"ff9c3b6115899eb3573d4a250f92e480c6cd1dd033ba07c609b6eefb92a9aaed"
"paper_wildfire_bootleg_severity";"wiki/datasets/fiches_datasets/paper_wildfire_bootleg_severity.md";"true";"ready";"ready";"yes";"yes";"true";"true";"rdnbr ~ annual_aet_1981_2010 + annual_deficit_1981_2010 + annual_pet_1981_2010 + annual_ppt_anl_total_1981_2010 + annual_tmmean_anl_mean_1981_2010 + annual_tmmin_anl_mean_1981_2010 + distance_to_roads + distance_to_streams_wetlands + distance_to_trt_edge + frs + gedi_rh100_mean + gedi_rh100_sd + erc + fm100 + fm1000 + minrh + tmmx + vpd + LF2020_CBD + LF2020_CC + LF2020_CH + scf + sdd + elevation_10res + hli_10res + slope_10res + sri_10res + tpi_10res_2010win + tpi_10res_410win + tpi_10res_8010win + tri_10res_410win + eastwestness_mx_speed_direction_20230501 + mx_speed_20230501 + northsouthness_mx_speed_direction_20230501";"rdnbr ~ annual_aet_1981_2010 + annual_deficit_1981_2010 + annual_pet_1981_2010 + annual_ppt_anl_total_1981_2010 + annual_tmmean_anl_mean_1981_2010 + annual_tmmin_anl_mean_1981_2010 + distance_to_roads + distance_to_streams_wetlands + distance_to_trt_edge + frs + gedi_rh100_mean + gedi_rh100_sd + erc + fm100 + fm1000 + minrh + tmmx + vpd + LF2020_CBD + LF2020_CC + LF2020_CH + scf + sdd + elevation_10res + hli_10res + slope_10res + sri_10res + tpi_10res_2010win + tpi_10res_410win + tpi_10res_8010win + tri_10res_410win + eastwestness_mx_speed_direction_20230501 + mx_speed_20230501 + northsouthness_mx_speed_direction_20230501";"rdnbr ~ annual_aet_1981_2010 + annual_deficit_1981_2010 + annual_pet_1981_2010 + annual_ppt_anl_total_1981_2010 + annual_tmmean_anl_mean_1981_2010 + annual_tmmin_anl_mean_1981_2010 + distance_to_roads + distance_to_streams_wetlands + distance_to_trt_edge + frs + gedi_rh100_mean + gedi_rh100_sd + erc + fm100 + fm1000 + minrh + tmmx + vpd + LF2020_CBD + LF2020_CC + LF2020_CH + scf + sdd + elevation_10res + hli_10res + slope_10res + sri_10res + tpi_10res_2010win + tpi_10res_410win + tpi_10res_8010win + tri_10res_410win + eastwestness_mx_speed_direction_20230501 + mx_speed_20230501 + northsouthness_mx_speed_direction_20230501 [modele SAR complet du papier, matching de traitement -- non reproduit ici, benchmark sur les predicteurs bruts]";"rdnbr ~ annual_aet_1981_2010 + annual_deficit_1981_2010 + annual_pet_1981_2010 + annual_ppt_anl_total_1981_2010 + annual_tmmean_anl_mean_1981_2010 + annual_tmmin_anl_mean_1981_2010 + distance_to_roads + distance_to_streams_wetlands + distance_to_trt_edge + frs + gedi_rh100_mean + gedi_rh100_sd + erc + fm100 + fm1000 + minrh + tmmx + vpd + LF2020_CBD + LF2020_CC + LF2020_CH + scf + sdd + elevation_10res + hli_10res + slope_10res + sri_10res + tpi_10res_2010win + tpi_10res_410win + tpi_10res_8010win + tri_10res_410win + eastwestness_mx_speed_direction_20230501 + mx_speed_20230501 + northsouthness_mx_speed_direction_20230501 [modele SAR complet du papier, matching de traitement -- non reproduit ici, benchmark sur les predicteurs bruts]";"pub";"paper_extracted";"[""continuous""]";"[""continuous""]";"[]";"0";"0";"[""Selected Y typology"", ""Selected Y evidence""]";"Typologie de la reponse selectionnee : continuous. Ligne Detail Y correspondant a formula_used; les autres reponses candidates ne pilotent pas cette tache.

Provenance des corrections : audit du 2026-09-07, inspection du RDS et sources indiquees dans cette fiche. Regeneration : code/r_catalog/dataset_curation.py et dataset_curation_overrides.json.";"valid";"[]";"data/final_datasets/sf/paper_wildfire_bootleg_severity.rds";"15430";"loaded";"";"[]";"false";"[""data/final_datasets/sf/paper_wildfire_bootleg_severity.rds"", ""corpus/papers/raw_pdf/Chamberlain2024Learning.pdf"", ""corpus/papers/tei/Chamberlain2024Learning.tei.xml"", ""data/raw/papers/DataCite_2024_LearningFromWildfiresA_10_1002_ecs2_700/extracted/bootleg_datasets/README.txt"", ""data/raw/papers/DataCite_2024_LearningFromWildfiresA_10_1002_ecs2_700/extracted/bootleg_datasets/predictors/gedi/README.txt"", ""wiki/datasets/fiches_datasets/paper_wildfire_bootleg_severity.md"", ""data/final_datasets/sf/paper_wildfire_bootleg_severity.rds""]";"8cbd641523aa58e5f25d91c340d4b4052b2e22794557175c18a05be657347724";"667fcbffd63aed12277357da03f156be88b0bd3fbcef5d37407d04a7e17229b8"
"paper_wildfire_greenup_nbr5";"wiki/datasets/fiches_datasets/paper_wildfire_greenup_nbr5.md";"true";"ready";"ready";"yes";"yes";"true";"true";"nbr_5_year ~ postfire_precipitation_total + postfire_precipitation_coefvar + ls_factor + KFACTWS_DC + nbr_0_year + vpd5 + def5 + ppt5 + tmax5 + month";"nbr_5_year ~ postfire_precipitation_total + postfire_precipitation_coefvar + ls_factor + KFACTWS_DC + nbr_0_year + vpd5 + def5 + ppt5 + tmax5 + month";"NBR_year5 ~ postfire precipitation total + precipitation coefficient of variation + slope length factor + soil erodibility + fire-year NBR + growing-season VPD + climatic water deficit + precipitation + maximum temperature + fire month [random forest]";"NBR_year5 ~ postfire precipitation total + precipitation coefficient of variation + slope length factor + soil erodibility + fire-year NBR + growing-season VPD + climatic water deficit + precipitation + maximum temperature + fire month [random forest]";"pub";"paper_extracted";"[""continuous""]";"[""continuous""]";"[]";"0";"0";"[""Selected Y typology"", ""Selected Y evidence""]";"Typologie de la reponse selectionnee : continuous. Ligne Detail Y correspondant a formula_used; les autres reponses candidates ne pilotent pas cette tache.

Provenance des corrections : audit du 2026-09-07, inspection du RDS et sources indiquees dans cette fiche. Regeneration : code/r_catalog/dataset_curation.py et dataset_curation_overrides.json.";"valid";"[]";"data/final_datasets/sf/paper_wildfire_greenup_nbr5.rds";"50000";"loaded";"";"[]";"false";"[""data/final_datasets/sf/paper_wildfire_greenup_nbr5.rds"", ""corpus/papers/raw_pdf/Crockett2024Climate.pdf"", ""corpus/papers/tei/Crockett2024Climate.tei.xml"", ""data/raw/papers/DataCite_2024_ClimateLimitsVegetationGreen_10_1186_s42408_0/README.md"", ""wiki/datasets/fiches_datasets/paper_wildfire_greenup_nbr5.md"", ""data/final_datasets/sf/paper_wildfire_greenup_nbr5.rds""]";"5ac79b1b3b855e35bc893e5645c02c551f5dd9f99f4f88c3217ae79ac1699c43";"7024fd1f7ed51c03bf91ccdc397e6ac896d8b3f62d9265021abe28e6c2f88ce7"
"paper_wildfire_schneider_springs_severity";"wiki/datasets/fiches_datasets/paper_wildfire_schneider_springs_severity.md";"true";"ready";"ready";"yes";"yes";"true";"true";"rdnbr ~ Annual_AET_V2_1981_2010 + Annual_Deficit_V2_1981_2010 + Annual_PET_1981_2010 + Annual_PPT_anl_total_1981_2010 + Annual_Tave_anl_mean_1981_2010 + Annual_Tmin_anl_mean_1981_2010 + distance_to_roads_20221021 + distance_to_strms_and_wetlands + distance_to_trt_edge + frs_ss_clipped + gedi_rh100_mean + gedi_rh100_sd + SS_erc + SS_fm100 + SS_fm1000 + SS_minrh + SS_tmmx_celsius + SS_vpd + LF2019_CBD + LF2019_CC + LF2019_CH + scf_20221011 + sdd_20221011 + elevation_10res + hli_10res + slope_10res + sri_10res + tpi_10res_2010win + tpi_10res_410win + tpi_10res_8010win + tri_10res_410win + eastwestness_mx_speed_direction_20230314 + mx_speed_20230310 + northsouthness_mx_speed_direction_20230314";"rdnbr ~ Annual_AET_V2_1981_2010 + Annual_Deficit_V2_1981_2010 + Annual_PET_1981_2010 + Annual_PPT_anl_total_1981_2010 + Annual_Tave_anl_mean_1981_2010 + Annual_Tmin_anl_mean_1981_2010 + distance_to_roads_20221021 + distance_to_strms_and_wetlands + distance_to_trt_edge + frs_ss_clipped + gedi_rh100_mean + gedi_rh100_sd + SS_erc + SS_fm100 + SS_fm1000 + SS_minrh + SS_tmmx_celsius + SS_vpd + LF2019_CBD + LF2019_CC + LF2019_CH + scf_20221011 + sdd_20221011 + elevation_10res + hli_10res + slope_10res + sri_10res + tpi_10res_2010win + tpi_10res_410win + tpi_10res_8010win + tri_10res_410win + eastwestness_mx_speed_direction_20230314 + mx_speed_20230310 + northsouthness_mx_speed_direction_20230314";"rdnbr ~ Annual_AET_V2_1981_2010 + Annual_Deficit_V2_1981_2010 + Annual_PET_1981_2010 + Annual_PPT_anl_total_1981_2010 + Annual_Tave_anl_mean_1981_2010 + Annual_Tmin_anl_mean_1981_2010 + distance_to_roads_20221021 + distance_to_strms_and_wetlands + distance_to_trt_edge + frs_ss_clipped + gedi_rh100_mean + gedi_rh100_sd + SS_erc + SS_fm100 + SS_fm1000 + SS_minrh + SS_tmmx_celsius + SS_vpd + LF2019_CBD + LF2019_CC + LF2019_CH + scf_20221011 + sdd_20221011 + elevation_10res + hli_10res + slope_10res + sri_10res + tpi_10res_2010win + tpi_10res_410win + tpi_10res_8010win + tri_10res_410win + eastwestness_mx_speed_direction_20230314 + mx_speed_20230310 + northsouthness_mx_speed_direction_20230314 [meme modele SAR que Bootleg, second incendie du papier]";"rdnbr ~ Annual_AET_V2_1981_2010 + Annual_Deficit_V2_1981_2010 + Annual_PET_1981_2010 + Annual_PPT_anl_total_1981_2010 + Annual_Tave_anl_mean_1981_2010 + Annual_Tmin_anl_mean_1981_2010 + distance_to_roads_20221021 + distance_to_strms_and_wetlands + distance_to_trt_edge + frs_ss_clipped + gedi_rh100_mean + gedi_rh100_sd + SS_erc + SS_fm100 + SS_fm1000 + SS_minrh + SS_tmmx_celsius + SS_vpd + LF2019_CBD + LF2019_CC + LF2019_CH + scf_20221011 + sdd_20221011 + elevation_10res + hli_10res + slope_10res + sri_10res + tpi_10res_2010win + tpi_10res_410win + tpi_10res_8010win + tri_10res_410win + eastwestness_mx_speed_direction_20230314 + mx_speed_20230310 + northsouthness_mx_speed_direction_20230314 [meme modele SAR que Bootleg, second incendie du papier]";"pub";"paper_extracted";"[""continuous""]";"[""continuous""]";"[]";"0";"0";"[""Selected Y typology"", ""Selected Y evidence""]";"Typologie de la reponse selectionnee : continuous. Ligne Detail Y correspondant a formula_used; les autres reponses candidates ne pilotent pas cette tache.

Provenance des corrections : audit du 2026-09-07, inspection du RDS et sources indiquees dans cette fiche. Regeneration : code/r_catalog/dataset_curation.py et dataset_curation_overrides.json.";"valid";"[]";"data/final_datasets/sf/paper_wildfire_schneider_springs_severity.rds";"6814";"loaded";"";"[]";"false";"[""data/final_datasets/sf/paper_wildfire_schneider_springs_severity.rds"", ""corpus/papers/raw_pdf/Chamberlain2024Learning.pdf"", ""corpus/papers/tei/Chamberlain2024Learning.tei.xml"", ""data/raw/papers/DataCite_2024_LearningFromWildfiresA_10_1002_ecs2_700/extracted/bootleg_datasets/README.txt"", ""data/raw/papers/DataCite_2024_LearningFromWildfiresA_10_1002_ecs2_700/extracted/bootleg_datasets/predictors/gedi/README.txt"", ""wiki/datasets/fiches_datasets/paper_wildfire_schneider_springs_severity.md"", ""data/final_datasets/sf/paper_wildfire_schneider_springs_severity.rds""]";"693a35a16f470d1a3e798278cbd4cd75874506e2ebc373b00288443abab7ae1a";"71da554d889bde3abd2507925815ba35e10fd28da412333b72a6f1c6e10045ed"
"Python_geodatasets_geoda.airbnb";"wiki/datasets/fiches_datasets/Python_geodatasets_geoda.airbnb.md";"true";"almost_ready_generated_formula";"almost_ready_generated_formula";"manual_review";"manual_review";"false";"false";"price_pp ~ poverty + crowded + dependency + without_hs + unemployed + income_pc + harship_in + num_crimes";"price_pp ~ poverty + crowded + dependency + without_hs + unemployed + income_pc + harship_in + num_crimes";"pending";"pending";"pub";"generated_system_formula";"[""continuous"", ""count""]";"[""continuous""]";"[]";"0";"0";"[""Observed population"", ""Geographic context"", ""Topic"", ""Selected Y typology"", ""Selected Y evidence"", ""Formula used evidence""]";"Typologie de la reponse selectionnee : continuous. Ligne Detail Y correspondant a formula_used; les autres reponses candidates ne pilotent pas cette tache.

Provenance des corrections : audit du 2026-09-07, inspection du RDS et sources indiquees dans cette fiche. Regeneration : code/r_catalog/dataset_curation.py et dataset_curation_overrides.json.";"valid";"[]";"data/final_datasets/sf/Python_geodatasets_geoda.airbnb.rds";"77";"not_promoted";"La formule est executable et le support spatial existe, mais elle provient d une proposition systeme plutot que d une source scientifique confirmee.";"[""package_include_not_yes"", ""benchmark_status_not_ready"", ""estimator_eligibility_block_missing""]";"false";"[""data/final_datasets/sf/Python_geodatasets_geoda.airbnb.rds"", ""data/manifests/datasets/proposed_formula_used_audit.csv"", ""data/manifests/datasets/software_python_catalog_classified.jsonl"", ""data/manifests/datasets/python_dataset_formula_audit.jsonl"", ""data/downloads/software/python_datasets/csv/geodatasets__geoda_airbnb.csv"", ""wiki/datasets/fiches_datasets/Python_geodatasets_geoda.airbnb.md"", ""data/final_datasets/sf/Python_geodatasets_geoda.airbnb.rds""]";"d0879803dd74c2ea0d0156c2f41a60916b893bae1b95f2ed811278f96208336e";"cd9d037783e40d17cdbcf82c65f8c58380d6e8ff2237d4f305e2a67b91f810f5"
"Python_geodatasets_geoda.charleston1";"wiki/datasets/fiches_datasets/Python_geodatasets_geoda.charleston1.md";"true";"almost_ready_generated_formula";"almost_ready_generated_formula";"manual_review";"manual_review";"false";"false";"HH_INC ~ TOT_POP + POP_16 + POP_65 + WHITE_ + BLACK_ + ASIAN_ + HISP_ + MULTI_RA";"HH_INC ~ TOT_POP + POP_16 + POP_65 + WHITE_ + BLACK_ + ASIAN_ + HISP_ + MULTI_RA";"pending";"pending";"pub";"generated_system_formula";"[""count""]";"[""count""]";"[]";"0";"0";"[""Observed population"", ""Geographic context"", ""Topic"", ""Selected Y typology"", ""Selected Y evidence"", ""Formula used evidence""]";"Typologie de la reponse selectionnee : count. Ligne Detail Y correspondant a formula_used; les autres reponses candidates ne pilotent pas cette tache.

Provenance des corrections : audit du 2026-09-07, inspection du RDS et sources indiquees dans cette fiche. Regeneration : code/r_catalog/dataset_curation.py et dataset_curation_overrides.json.";"valid";"[]";"data/final_datasets/sf/Python_geodatasets_geoda.charleston1.rds";"117";"not_promoted";"La formule est executable et le support spatial existe, mais elle provient d une proposition systeme plutot que d une source scientifique confirmee.";"[""package_include_not_yes"", ""benchmark_status_not_ready"", ""estimator_eligibility_block_missing""]";"false";"[""data/final_datasets/sf/Python_geodatasets_geoda.charleston1.rds"", ""data/manifests/datasets/proposed_formula_used_audit.csv"", ""data/manifests/datasets/software_python_catalog_classified.jsonl"", ""data/manifests/datasets/python_dataset_formula_audit.jsonl"", ""data/downloads/software/python_datasets/csv/geodatasets__geoda_charleston1.csv"", ""wiki/datasets/fiches_datasets/Python_geodatasets_geoda.charleston1.md"", ""data/final_datasets/sf/Python_geodatasets_geoda.charleston1.rds""]";"aa46720aad10659ef4b6930b6260b99f90f1f54e51a0a152c6fc38c303ba6f06";"c0725515d8816606d964283abf0089f120818fd0c5b5232d6a47c8fb408b1ed9"
"Python_geodatasets_geoda.charleston2";"wiki/datasets/fiches_datasets/Python_geodatasets_geoda.charleston2.md";"true";"almost_ready_generated_formula";"almost_ready_generated_formula";"manual_review";"manual_review";"false";"false";"INDEX ~ POP2001 + EST98 + EMP98 + PAY98 + EST01 + MAN98 + MAN01 + OFF98";"INDEX ~ POP2001 + EST98 + EMP98 + PAY98 + EST01 + MAN98 + MAN01 + OFF98";"pending";"pending";"pub";"generated_system_formula";"[""count"", ""continuous""]";"[""count""]";"[]";"0";"0";"[""Observed population"", ""Geographic context"", ""Topic"", ""Selected Y typology"", ""Selected Y evidence"", ""Formula used evidence""]";"Typologie de la reponse selectionnee : count. Ligne Detail Y correspondant a formula_used; les autres reponses candidates ne pilotent pas cette tache.

Provenance des corrections : audit du 2026-09-07, inspection du RDS et sources indiquees dans cette fiche. Regeneration : code/r_catalog/dataset_curation.py et dataset_curation_overrides.json.";"valid";"[]";"data/final_datasets/sf/Python_geodatasets_geoda.charleston2.rds";"42";"not_promoted";"La formule est executable et le support spatial existe, mais elle provient d une proposition systeme plutot que d une source scientifique confirmee.";"[""package_include_not_yes"", ""benchmark_status_not_ready"", ""estimator_eligibility_block_missing""]";"false";"[""data/final_datasets/sf/Python_geodatasets_geoda.charleston2.rds"", ""data/manifests/datasets/proposed_formula_used_audit.csv"", ""data/manifests/datasets/software_python_catalog_classified.jsonl"", ""data/manifests/datasets/python_dataset_formula_audit.jsonl"", ""data/downloads/software/python_datasets/csv/geodatasets__geoda_charleston2.csv"", ""wiki/datasets/fiches_datasets/Python_geodatasets_geoda.charleston2.md"", ""data/final_datasets/sf/Python_geodatasets_geoda.charleston2.rds""]";"d5b5f21416755f25d15607c98c364c0b1c569db11486be43a68c79ecdeac98b7";"c6bb3a68ea49980ae78d5978164d36bf1844e037c73bb1697adbf8773a702d0c"
"Python_geodatasets_geoda.chicago_commpop";"wiki/datasets/fiches_datasets/Python_geodatasets_geoda.chicago_commpop.md";"true";"not_ready_non_continuous_response";"not_ready_non_continuous_response";"no";"no";"false";"false";"POP2010 ~ POP2000";"POP2010 ~ POP2000";"pending";"pending";"pub";"unavailable";"[""count"", ""continuous"", ""binary""]";"[""count""]";"[]";"0";"0";"[""Observed population"", ""Geographic context"", ""Topic"", ""Selected Y typology"", ""Selected Y evidence""]";"Typologie de la reponse selectionnee : count. Ligne Detail Y correspondant a formula_used; les autres reponses candidates ne pilotent pas cette tache.

Provenance des corrections : audit du 2026-09-07, inspection du RDS et sources indiquees dans cette fiche. Regeneration : code/r_catalog/dataset_curation.py et dataset_curation_overrides.json.";"valid";"[]";"data/final_datasets/sf/Python_geodatasets_geoda.chicago_commpop.rds";"77";"not_promoted";"La variable reponse ou la formule n est pas une regression continue scalaire compatible avec le benchmark actuel.";"[""package_include_not_yes"", ""benchmark_status_not_ready"", ""estimator_eligibility_block_missing"", ""formula_evidence_unavailable""]";"false";"[""data/final_datasets/sf/Python_geodatasets_geoda.chicago_commpop.rds"", ""data/manifests/datasets/proposed_formula_used_audit.csv"", ""data/manifests/datasets/software_python_catalog_classified.jsonl"", ""data/manifests/datasets/python_dataset_formula_audit.jsonl"", ""data/downloads/software/python_datasets/csv/geodatasets__geoda_chicago_commpop.csv"", ""wiki/datasets/fiches_datasets/Python_geodatasets_geoda.chicago_commpop.md"", ""data/final_datasets/sf/Python_geodatasets_geoda.chicago_commpop.rds""]";"d032c6ea104b2090e8aed52240006f294095250dfbdae2593e5c41ad8f3d90d9";"2be225e8e3ce4e872016f419e9ac42d25cc0e189094cb4451241752ece3b2c01"
"Python_geodatasets_geoda.chicago_health";"wiki/datasets/fiches_datasets/Python_geodatasets_geoda.chicago_health.md";"true";"almost_ready_generated_formula";"almost_ready_generated_formula";"manual_review";"manual_review";"false";"false";"BirthRate ~ Pop2014 + PopChng + PopMP + PopFP + Under5P + Under18P + Over65P + Wht14P";"BirthRate ~ Pop2014 + PopChng + PopMP + PopFP + Under5P + Under18P + Over65P + Wht14P";"pending";"pending";"pub";"generated_system_formula";"[""continuous"", ""count"", ""rate""]";"[""continuous""]";"[]";"0";"0";"[""Geographic context"", ""Selected Y typology"", ""Selected Y evidence"", ""Formula used evidence""]";"Typologie de la reponse selectionnee : continuous. Ligne Detail Y correspondant a formula_used; les autres reponses candidates ne pilotent pas cette tache.

Provenance des corrections : audit du 2026-09-07, inspection du RDS et sources indiquees dans cette fiche. Regeneration : code/r_catalog/dataset_curation.py et dataset_curation_overrides.json.";"valid";"[]";"data/final_datasets/sf/Python_geodatasets_geoda.chicago_health.rds";"77";"not_promoted";"La formule est executable et le support spatial existe, mais elle provient d une proposition systeme plutot que d une source scientifique confirmee.";"[""package_include_not_yes"", ""benchmark_status_not_ready"", ""estimator_eligibility_block_missing""]";"false";"[""data/final_datasets/sf/Python_geodatasets_geoda.chicago_health.rds"", ""data/manifests/datasets/proposed_formula_used_audit.csv"", ""data/manifests/datasets/software_python_catalog_classified.jsonl"", ""data/manifests/datasets/python_dataset_formula_audit.jsonl"", ""data/downloads/software/python_datasets/csv/geodatasets__geoda_chicago_health.csv"", ""wiki/datasets/fiches_datasets/Python_geodatasets_geoda.chicago_health.md"", ""data/final_datasets/sf/Python_geodatasets_geoda.chicago_health.rds""]";"b1b87d149528e57660099e55faa5911082d38c7f124178bbaa75a72aa045fe63";"a4a5e5033c4141509fab285af40fc1bc35782683fc5e20cb70147257966b624f"
"Python_geodatasets_geoda.chile_labor";"wiki/datasets/fiches_datasets/Python_geodatasets_geoda.chile_labor.md";"true";"almost_ready_generated_formula";"almost_ready_generated_formula";"manual_review";"manual_review";"false";"false";"lfs2__1982 ~ pop_1982 + pop_1992 + pop_2002 + area_km2 + sex1__1982 + sex2__1982 + sex1__1992 + sex2__1992";"lfs2__1982 ~ pop_1982 + pop_1992 + pop_2002 + area_km2 + sex1__1982 + sex2__1982 + sex1__1992 + sex2__1992";"pending";"pending";"pub";"generated_system_formula";"[""continuous""]";"[""continuous""]";"[]";"0";"0";"[""Observed population"", ""Geographic context"", ""Topic"", ""Selected Y typology"", ""Selected Y evidence"", ""Formula used evidence""]";"Typologie de la reponse selectionnee : continuous. Ligne Detail Y correspondant a formula_used; les autres reponses candidates ne pilotent pas cette tache.

Provenance des corrections : audit du 2026-09-07, inspection du RDS et sources indiquees dans cette fiche. Regeneration : code/r_catalog/dataset_curation.py et dataset_curation_overrides.json.";"valid";"[]";"data/final_datasets/sf/Python_geodatasets_geoda.chile_labor.rds";"64";"not_promoted";"La formule est executable et le support spatial existe, mais elle provient d une proposition systeme plutot que d une source scientifique confirmee.";"[""package_include_not_yes"", ""benchmark_status_not_ready"", ""estimator_eligibility_block_missing""]";"false";"[""data/final_datasets/sf/Python_geodatasets_geoda.chile_labor.rds"", ""data/manifests/datasets/proposed_formula_used_audit.csv"", ""data/manifests/datasets/software_python_catalog_classified.jsonl"", ""data/manifests/datasets/python_dataset_formula_audit.jsonl"", ""data/downloads/software/python_datasets/csv/geodatasets__geoda_chile_labor.csv"", ""wiki/datasets/fiches_datasets/Python_geodatasets_geoda.chile_labor.md"", ""data/final_datasets/sf/Python_geodatasets_geoda.chile_labor.rds""]";"bb45e8c8b7f11247d607b34c09e018ca512bb681876e069b1b8a780c60ce74f1";"08ee4701dff566e33dba185f7115bb09aacc76531bf91f60272c856abd6d403e"
"Python_geodatasets_geoda.cincinnati";"wiki/datasets/fiches_datasets/Python_geodatasets_geoda.cincinnati.md";"true";"not_ready_non_continuous_response";"not_ready_non_continuous_response";"no";"no";"false";"false";"BURGLARY ~ AREA + POPULATION + MEDIAN_AGE + AGE_0_5 + AGE_15_19 + AGE_20_24 + AGE_25_34 + AGE_35_44";"BURGLARY ~ AREA + POPULATION + MEDIAN_AGE + AGE_0_5 + AGE_15_19 + AGE_20_24 + AGE_25_34 + AGE_35_44";"pending";"pending";"pub";"unavailable";"[""count"", ""binary"", ""continuous""]";"[""count""]";"[]";"0";"0";"[""Observed population"", ""Geographic context"", ""Topic"", ""Selected Y typology"", ""Selected Y evidence""]";"Typologie de la reponse selectionnee : count. Ligne Detail Y correspondant a formula_used; les autres reponses candidates ne pilotent pas cette tache.

Provenance des corrections : audit du 2026-09-07, inspection du RDS et sources indiquees dans cette fiche. Regeneration : code/r_catalog/dataset_curation.py et dataset_curation_overrides.json.";"valid";"[]";"data/final_datasets/sf/Python_geodatasets_geoda.cincinnati.rds";"457";"not_promoted";"La variable reponse ou la formule n est pas une regression continue scalaire compatible avec le benchmark actuel.";"[""package_include_not_yes"", ""benchmark_status_not_ready"", ""estimator_eligibility_block_missing"", ""formula_evidence_unavailable""]";"false";"[""data/final_datasets/sf/Python_geodatasets_geoda.cincinnati.rds"", ""data/manifests/datasets/proposed_formula_used_audit.csv"", ""data/manifests/datasets/software_python_catalog_classified.jsonl"", ""data/manifests/datasets/python_dataset_formula_audit.jsonl"", ""data/downloads/software/python_datasets/csv/geodatasets__geoda_cincinnati.csv"", ""wiki/datasets/fiches_datasets/Python_geodatasets_geoda.cincinnati.md"", ""data/final_datasets/sf/Python_geodatasets_geoda.cincinnati.rds""]";"f17f5d9987b6ec4ff68a53aabac5b78c6e5dfa01161d3f3a8c3b68b895ac4b41";"1b39f490e8b3a891da097964a0c9781a01d52ddf7608fe5574937ea6d194e358"
"Python_geodatasets_geoda.guerry";"wiki/datasets/fiches_datasets/Python_geodatasets_geoda.guerry.md";"true";"ready";"manual_review";"yes";"manual_review";"false";"false";"Crm_prs ~ Litercy";"Crm_prs ~ Litercy";"Crm_prs ~ Litercy";"Crm_prs ~ Litercy";"pub";"pub";"[""continuous""]";"[""continuous""]";"[]";"0";"0";"[""Observed population"", ""Geographic context"", ""Topic"", ""Selected Y typology"", ""Selected Y evidence""]";"Decision conservatoire : Ancienne declaration yes incoherente avec les conditions du registre : estimator_eligibility_block_missing. Conserver la décision actuelle jusqu’au traitement des constats. La fiche et les donnees sont conservees ; aucune suppression ni promotion.

Typologie de la reponse selectionnee : continuous. Ligne Detail Y correspondant a formula_used; les autres reponses candidates ne pilotent pas cette tache.

Provenance des corrections : audit du 2026-09-07, inspection du RDS et sources indiquees dans cette fiche. Regeneration : code/r_catalog/dataset_curation.py et dataset_curation_overrides.json.";"valid";"[]";"data/final_datasets/sf/Python_geodatasets_geoda.guerry.rds";"85";"not_promoted";"Ancienne declaration yes incoherente avec les conditions du registre : estimator_eligibility_block_missing. Conserver la décision actuelle jusqu’au traitement des constats.";"[""package_include_not_yes"", ""benchmark_status_not_ready""]";"false";"[""data/final_datasets/sf/Python_geodatasets_geoda.guerry.rds"", ""data/manifests/datasets/software_python_catalog_classified.jsonl"", ""data/manifests/datasets/python_dataset_formula_audit.jsonl"", ""data/downloads/software/python_datasets/csv/geodatasets__geoda_guerry.csv"", ""wiki/datasets/fiches_datasets/Python_geodatasets_geoda.guerry.md"", ""data/final_datasets/sf/Python_geodatasets_geoda.guerry.rds""]";"13dba6c22cb809d45a2b43740cb9c0d68d6101843611f07a44d7fce6e31b497b";"4b2acdea5407a02291268510efd5daa93ddffa67dea1ea6d8fe8167bec595bfd"
"Python_geodatasets_geoda.health";"wiki/datasets/fiches_datasets/Python_geodatasets_geoda.health.md";"true";"almost_ready_generated_formula";"almost_ready_generated_formula";"manual_review";"manual_review";"false";"false";"le_agg_q1 ~ statemhir + tractmhir + cty_pop200 + cz_pop2000 + Diversity + BlackorA + AmericanI + Asianalon";"le_agg_q1 ~ statemhir + tractmhir + cty_pop200 + cz_pop2000 + Diversity + BlackorA + AmericanI + Asianalon";"pending";"pending";"pub";"generated_system_formula";"[""continuous""]";"[""continuous""]";"[]";"0";"0";"[""Geographic context"", ""Selected Y typology"", ""Selected Y evidence"", ""Formula used evidence""]";"Typologie de la reponse selectionnee : continuous. Ligne Detail Y correspondant a formula_used; les autres reponses candidates ne pilotent pas cette tache.

Provenance des corrections : audit du 2026-09-07, inspection du RDS et sources indiquees dans cette fiche. Regeneration : code/r_catalog/dataset_curation.py et dataset_curation_overrides.json.";"valid";"[]";"data/final_datasets/sf/Python_geodatasets_geoda.health.rds";"3984";"not_promoted";"La formule est executable et le support spatial existe, mais elle provient d une proposition systeme plutot que d une source scientifique confirmee.";"[""package_include_not_yes"", ""benchmark_status_not_ready"", ""estimator_eligibility_block_missing""]";"false";"[""data/final_datasets/sf/Python_geodatasets_geoda.health.rds"", ""data/manifests/datasets/proposed_formula_used_audit.csv"", ""data/manifests/datasets/software_python_catalog_classified.jsonl"", ""data/manifests/datasets/python_dataset_formula_audit.jsonl"", ""data/downloads/software/python_datasets/csv/geodatasets__geoda_health.csv"", ""wiki/datasets/fiches_datasets/Python_geodatasets_geoda.health.md"", ""data/final_datasets/sf/Python_geodatasets_geoda.health.rds""]";"e305dc3f7c08364c3f389c5f28dbbb9c46cfd2330133cdaceda8c696c59d0177";"41f62f4fc21f27e11e8c9b742e2ac9ced9297a5af1adbcf040db403091885280"
"Python_geodatasets_geoda.health_indicators";"wiki/datasets/fiches_datasets/Python_geodatasets_geoda.health_indicators.md";"true";"almost_ready_generated_formula";"almost_ready_generated_formula";"manual_review";"manual_review";"false";"false";"Infan_Rate ~ Below_evel + Unemp_ment + NoHig_loma + PerCa_come + Dependency + Crowd_sing + Prena_ster + Prete_rths";"Infan_Rate ~ Below_evel + Unemp_ment + NoHig_loma + PerCa_come + Dependency + Crowd_sing + Prena_ster + Prete_rths";"pending";"pending";"pub";"generated_system_formula";"[""continuous""]";"[""continuous""]";"[]";"0";"0";"[""Geographic context"", ""Selected Y typology"", ""Selected Y evidence"", ""Formula used evidence""]";"Typologie de la reponse selectionnee : continuous. Ligne Detail Y correspondant a formula_used; les autres reponses candidates ne pilotent pas cette tache.

Provenance des corrections : audit du 2026-09-07, inspection du RDS et sources indiquees dans cette fiche. Regeneration : code/r_catalog/dataset_curation.py et dataset_curation_overrides.json.";"valid";"[]";"data/final_datasets/sf/Python_geodatasets_geoda.health_indicators.rds";"77";"not_promoted";"La formule est executable et le support spatial existe, mais elle provient d une proposition systeme plutot que d une source scientifique confirmee.";"[""package_include_not_yes"", ""benchmark_status_not_ready"", ""estimator_eligibility_block_missing""]";"false";"[""data/final_datasets/sf/Python_geodatasets_geoda.health_indicators.rds"", ""data/manifests/datasets/proposed_formula_used_audit.csv"", ""data/manifests/datasets/software_python_catalog_classified.jsonl"", ""data/manifests/datasets/python_dataset_formula_audit.jsonl"", ""data/downloads/software/python_datasets/csv/geodatasets__geoda_health_indicators.csv"", ""wiki/datasets/fiches_datasets/Python_geodatasets_geoda.health_indicators.md"", ""data/final_datasets/sf/Python_geodatasets_geoda.health_indicators.rds""]";"492594c70083cf95a25062d39a85055f0183aef04ccb89c1314d5c73ecf21f29";"b44df3d2b747d6ea593652b9f233e5b9e60f23cc2eace04b91a0122d179db37e"
"Python_geodatasets_geoda.hickory1";"wiki/datasets/fiches_datasets/Python_geodatasets_geoda.hickory1.md";"true";"almost_ready_generated_formula";"almost_ready_generated_formula";"manual_review";"manual_review";"false";"false";"hh_inc ~ tot_pop + pop_16 + pop_65 + white + black + asian + hisp + multi_ra";"hh_inc ~ tot_pop + pop_16 + pop_65 + white + black + asian + hisp + multi_ra";"pending";"pending";"pub";"generated_system_formula";"[""count""]";"[""count""]";"[]";"0";"0";"[""Observed population"", ""Geographic context"", ""Topic"", ""Selected Y typology"", ""Selected Y evidence"", ""Formula used evidence""]";"Typologie de la reponse selectionnee : count. Ligne Detail Y correspondant a formula_used; les autres reponses candidates ne pilotent pas cette tache.

Provenance des corrections : audit du 2026-09-07, inspection du RDS et sources indiquees dans cette fiche. Regeneration : code/r_catalog/dataset_curation.py et dataset_curation_overrides.json.";"valid";"[]";"data/final_datasets/sf/Python_geodatasets_geoda.hickory1.rds";"68";"not_promoted";"La formule est executable et le support spatial existe, mais elle provient d une proposition systeme plutot que d une source scientifique confirmee.";"[""package_include_not_yes"", ""benchmark_status_not_ready"", ""estimator_eligibility_block_missing""]";"false";"[""data/final_datasets/sf/Python_geodatasets_geoda.hickory1.rds"", ""data/manifests/datasets/proposed_formula_used_audit.csv"", ""data/manifests/datasets/software_python_catalog_classified.jsonl"", ""data/manifests/datasets/python_dataset_formula_audit.jsonl"", ""data/downloads/software/python_datasets/csv/geodatasets__geoda_hickory1.csv"", ""wiki/datasets/fiches_datasets/Python_geodatasets_geoda.hickory1.md"", ""data/final_datasets/sf/Python_geodatasets_geoda.hickory1.rds""]";"d1cdac97e15a683053965063f7b2cc000f020e0cabfde4ba75cde4eb531e22bc";"48a29df716a40772de11d46936893152906572df7a4c24101f5353efecc878de"
"Python_geodatasets_geoda.hickory2";"wiki/datasets/fiches_datasets/Python_geodatasets_geoda.hickory2.md";"true";"almost_ready_small_n";"almost_ready_small_n";"manual_review";"manual_review";"false";"false";"INDEX ~ POP2001 + EST98 + EMP98 + PAY98 + EST01 + MAN98 + MAN98_12 + MAN98_39";"INDEX ~ POP2001 + EST98 + EMP98 + PAY98 + EST01 + MAN98 + MAN98_12 + MAN98_39";"pending";"pending";"pub";"unavailable";"[""count"", ""continuous""]";"[""count""]";"[]";"0";"0";"[""Observed population"", ""Geographic context"", ""Topic"", ""Selected Y typology"", ""Selected Y evidence""]";"Typologie de la reponse selectionnee : count. Ligne Detail Y correspondant a formula_used; les autres reponses candidates ne pilotent pas cette tache.

Provenance des corrections : audit du 2026-09-07, inspection du RDS et sources indiquees dans cette fiche. Regeneration : code/r_catalog/dataset_curation.py et dataset_curation_overrides.json.";"valid";"[]";"data/final_datasets/sf/Python_geodatasets_geoda.hickory2.rds";"29";"not_promoted";"La formule et les covariables sont executables, mais l echantillon est petit pour une comparaison robuste d estimateurs.";"[""package_include_not_yes"", ""benchmark_status_not_ready"", ""estimator_eligibility_block_missing"", ""formula_evidence_unavailable""]";"false";"[""data/final_datasets/sf/Python_geodatasets_geoda.hickory2.rds"", ""data/manifests/datasets/proposed_formula_used_audit.csv"", ""data/manifests/datasets/software_python_catalog_classified.jsonl"", ""data/manifests/datasets/python_dataset_formula_audit.jsonl"", ""data/downloads/software/python_datasets/csv/geodatasets__geoda_hickory2.csv"", ""wiki/datasets/fiches_datasets/Python_geodatasets_geoda.hickory2.md"", ""data/final_datasets/sf/Python_geodatasets_geoda.hickory2.rds""]";"e984bb81847d1c1adf2525c7835895325b8414b1eee40d5329210c5dc1da0262";"75b41d110cf6cd7ce723d1d7c50bf821d08430a94a9e4df5817d0c4718e91b37"
"Python_geodatasets_geoda.home_sales";"wiki/datasets/fiches_datasets/Python_geodatasets_geoda.home_sales.md";"true";"almost_ready_cross_section_or_panel_reduction";"almost_ready_cross_section_or_panel_reduction";"manual_review";"manual_review";"false";"false";"price ~ bedrooms + bathrooms + sqft_liv + sqft_lot + floors + waterfront + view + condition";"price ~ bedrooms + bathrooms + sqft_liv + sqft_lot + floors + waterfront + view + condition";"pending";"pending";"pub";"unavailable";"[""continuous""]";"[""continuous""]";"[]";"0";"0";"[""Geographic context"", ""Selected Y typology"", ""Selected Y evidence""]";"Typologie de la reponse selectionnee : continuous. Ligne Detail Y correspondant a formula_used; les autres reponses candidates ne pilotent pas cette tache.

Provenance des corrections : audit du 2026-09-07, inspection du RDS et sources indiquees dans cette fiche. Regeneration : code/r_catalog/dataset_curation.py et dataset_curation_overrides.json.";"valid";"[]";"data/final_datasets/sf/Python_geodatasets_geoda.home_sales.rds";"21613";"not_promoted";"Le jeu contient une dimension temporelle; il peut etre benchmarkable apres choix documente d une coupe ou d une aggregation temporelle.";"[""package_include_not_yes"", ""benchmark_status_not_ready"", ""estimator_eligibility_block_missing"", ""formula_evidence_unavailable""]";"false";"[""data/final_datasets/sf/Python_geodatasets_geoda.home_sales.rds"", ""data/manifests/datasets/proposed_formula_used_audit.csv"", ""data/manifests/datasets/software_python_catalog_classified.jsonl"", ""data/manifests/datasets/python_dataset_formula_audit.jsonl"", ""data/downloads/software/python_datasets/csv/geodatasets__geoda_home_sales.csv"", ""wiki/datasets/fiches_datasets/Python_geodatasets_geoda.home_sales.md"", ""data/final_datasets/sf/Python_geodatasets_geoda.home_sales.rds""]";"7cb4e6545cd58ccda9c11a9a9911d27018614166035cff9e59428c0bf0420914";"869e33db243ee5e17dc6316bae77c7895a3d485d9990aadb131900af76c6e335"
"Python_geodatasets_geoda.lansing1";"wiki/datasets/fiches_datasets/Python_geodatasets_geoda.lansing1.md";"true";"almost_ready_generated_formula";"almost_ready_generated_formula";"manual_review";"manual_review";"false";"false";"HH_INC ~ TOT_POP + POP_16 + POP_65 + WHITE + BLACK + ASIAN + HISP + MUTLI_RA";"HH_INC ~ TOT_POP + POP_16 + POP_65 + WHITE + BLACK + ASIAN + HISP + MUTLI_RA";"pending";"pending";"pub";"generated_system_formula";"[""count""]";"[""count""]";"[]";"0";"0";"[""Observed population"", ""Geographic context"", ""Topic"", ""Selected Y typology"", ""Selected Y evidence"", ""Formula used evidence""]";"Typologie de la reponse selectionnee : count. Ligne Detail Y correspondant a formula_used; les autres reponses candidates ne pilotent pas cette tache.

Provenance des corrections : audit du 2026-09-07, inspection du RDS et sources indiquees dans cette fiche. Regeneration : code/r_catalog/dataset_curation.py et dataset_curation_overrides.json.";"valid";"[]";"data/final_datasets/sf/Python_geodatasets_geoda.lansing1.rds";"117";"not_promoted";"La formule est executable et le support spatial existe, mais elle provient d une proposition systeme plutot que d une source scientifique confirmee.";"[""package_include_not_yes"", ""benchmark_status_not_ready"", ""estimator_eligibility_block_missing""]";"false";"[""data/final_datasets/sf/Python_geodatasets_geoda.lansing1.rds"", ""data/manifests/datasets/proposed_formula_used_audit.csv"", ""data/manifests/datasets/software_python_catalog_classified.jsonl"", ""data/manifests/datasets/python_dataset_formula_audit.jsonl"", ""data/downloads/software/python_datasets/csv/geodatasets__geoda_lansing1.csv"", ""wiki/datasets/fiches_datasets/Python_geodatasets_geoda.lansing1.md"", ""data/final_datasets/sf/Python_geodatasets_geoda.lansing1.rds""]";"d34abe48e940946342a2ad8664f5e6704347781b543dbf5e65e1895539fe3e05";"2dca8d7b14498767c03a25078c78feeee50576e003a3c6cff7b15f3ca9cac938"
"Python_geodatasets_geoda.lansing2";"wiki/datasets/fiches_datasets/Python_geodatasets_geoda.lansing2.md";"true";"almost_ready_generated_formula";"almost_ready_generated_formula";"manual_review";"manual_review";"false";"false";"PCTGRO ~ POP2001 + EST98 + EMP98 + MAN98 + MAN98_12 + MAN98_39 + MAN01 + OFF98";"PCTGRO ~ POP2001 + EST98 + EMP98 + MAN98 + MAN98_12 + MAN98_39 + MAN01 + OFF98";"pending";"pending";"pub";"generated_system_formula";"[""continuous"", ""count""]";"[""continuous""]";"[]";"0";"0";"[""Observed population"", ""Geographic context"", ""Topic"", ""Selected Y typology"", ""Selected Y evidence"", ""Formula used evidence""]";"Typologie de la reponse selectionnee : continuous. Ligne Detail Y correspondant a formula_used; les autres reponses candidates ne pilotent pas cette tache.

Provenance des corrections : audit du 2026-09-07, inspection du RDS et sources indiquees dans cette fiche. Regeneration : code/r_catalog/dataset_curation.py et dataset_curation_overrides.json.";"valid";"[]";"data/final_datasets/sf/Python_geodatasets_geoda.lansing2.rds";"46";"not_promoted";"La formule est executable et le support spatial existe, mais elle provient d une proposition systeme plutot que d une source scientifique confirmee.";"[""package_include_not_yes"", ""benchmark_status_not_ready"", ""estimator_eligibility_block_missing""]";"false";"[""data/final_datasets/sf/Python_geodatasets_geoda.lansing2.rds"", ""data/manifests/datasets/proposed_formula_used_audit.csv"", ""data/manifests/datasets/software_python_catalog_classified.jsonl"", ""data/manifests/datasets/python_dataset_formula_audit.jsonl"", ""data/downloads/software/python_datasets/csv/geodatasets__geoda_lansing2.csv"", ""wiki/datasets/fiches_datasets/Python_geodatasets_geoda.lansing2.md"", ""data/final_datasets/sf/Python_geodatasets_geoda.lansing2.rds""]";"1c0029cb0e5f5d569c8bfa230a9f198edcfaebc7453900fad74b63dba75b1fb9";"4c185f019579caacda4ef6c18bfe624cb1c130e43292988d07a029eb673337c8"
"Python_geodatasets_geoda.milwaukee1";"wiki/datasets/fiches_datasets/Python_geodatasets_geoda.milwaukee1.md";"true";"almost_ready_generated_formula";"almost_ready_generated_formula";"manual_review";"manual_review";"false";"false";"HH_INC ~ TOT_POP + POP_16 + POP_65 + WHITE_ + BLACK_ + ASIAN_ + HISP_ + MALES";"HH_INC ~ TOT_POP + POP_16 + POP_65 + WHITE_ + BLACK_ + ASIAN_ + HISP_ + MALES";"pending";"pending";"pub";"generated_system_formula";"[""count"", ""rate""]";"[""count""]";"[]";"0";"0";"[""Observed population"", ""Geographic context"", ""Topic"", ""Selected Y typology"", ""Selected Y evidence"", ""Formula used evidence""]";"Typologie de la reponse selectionnee : count. Ligne Detail Y correspondant a formula_used; les autres reponses candidates ne pilotent pas cette tache.

Provenance des corrections : audit du 2026-09-07, inspection du RDS et sources indiquees dans cette fiche. Regeneration : code/r_catalog/dataset_curation.py et dataset_curation_overrides.json.";"valid";"[]";"data/final_datasets/sf/Python_geodatasets_geoda.milwaukee1.rds";"417";"not_promoted";"La formule est executable et le support spatial existe, mais elle provient d une proposition systeme plutot que d une source scientifique confirmee.";"[""package_include_not_yes"", ""benchmark_status_not_ready"", ""estimator_eligibility_block_missing""]";"false";"[""data/final_datasets/sf/Python_geodatasets_geoda.milwaukee1.rds"", ""data/manifests/datasets/proposed_formula_used_audit.csv"", ""data/manifests/datasets/software_python_catalog_classified.jsonl"", ""data/manifests/datasets/python_dataset_formula_audit.jsonl"", ""data/downloads/software/python_datasets/csv/geodatasets__geoda_milwaukee1.csv"", ""wiki/datasets/fiches_datasets/Python_geodatasets_geoda.milwaukee1.md"", ""data/final_datasets/sf/Python_geodatasets_geoda.milwaukee1.rds""]";"59fa4fecc78f5989b710a9366ba44da058b56ed9972fa61ed095eb73f5758648";"af0fb7beb865fcf72864f99d781946e2cb73fc3f895f2b72d5c6f15f265a6bea"
"Python_geodatasets_geoda.ncovr_1960";"wiki/datasets/fiches_datasets/Python_geodatasets_geoda.ncovr_1960.md";"true";"ready";"manual_review";"yes";"manual_review";"false";"false";"homicide_rate ~ resource_deprivation + population_structure + median_age + unemployment_rate + divorce_rate + SOUTH";"homicide_rate ~ resource_deprivation + population_structure + median_age + unemployment_rate + divorce_rate + SOUTH";"homicide_rate ~ resource_deprivation + population_structure + median_age + unemployment_rate + divorce_rate + SOUTH (referencee dans catalogue)";"homicide_rate ~ resource_deprivation + population_structure + median_age + unemployment_rate + divorce_rate + SOUTH (referencee dans catalogue)";"pub";"paper_extracted";"[""continuous""]";"[""continuous""]";"[]";"0";"0";"[""Observed population"", ""Geographic context"", ""Topic"", ""Selected Y typology"", ""Selected Y evidence""]";"Decision conservatoire : Ancienne declaration yes incoherente avec les conditions du registre : estimator_eligibility_block_missing. Conserver la décision actuelle jusqu’au traitement des constats. La fiche et les donnees sont conservees ; aucune suppression ni promotion.

Typologie de la reponse selectionnee : continuous. Ligne Detail Y correspondant a formula_used; les autres reponses candidates ne pilotent pas cette tache.

Provenance des corrections : audit du 2026-09-07, inspection du RDS et sources indiquees dans cette fiche. Regeneration : code/r_catalog/dataset_curation.py et dataset_curation_overrides.json.";"valid";"[]";"data/final_datasets/sf/Python_geodatasets_geoda.ncovr_1960.rds";"3085";"not_promoted";"Ancienne declaration yes incoherente avec les conditions du registre : estimator_eligibility_block_missing. Conserver la décision actuelle jusqu’au traitement des constats.";"[""package_include_not_yes"", ""benchmark_status_not_ready""]";"false";"[""data/final_datasets/sf/Python_geodatasets_geoda.ncovr_1960.rds"", ""data/manifests/datasets/software_python_catalog_classified.jsonl"", ""data/manifests/datasets/python_dataset_formula_audit.jsonl"", ""data/downloads/software/python_datasets/csv/geodatasets__geoda_ncovr.csv"", ""wiki/datasets/fiches_datasets/Python_geodatasets_geoda.ncovr_1960.md"", ""data/final_datasets/sf/Python_geodatasets_geoda.ncovr_1960.rds""]";"4d71aa3db464b925867b28df1efa2374276568ddeaab91bd34dcbccea5c2c4f3";"36ddae988707e69caa80d7c1c400509de0d7f2368a88ca5e3870b5b915187ba0"
"Python_geodatasets_geoda.ncovr_1970";"wiki/datasets/fiches_datasets/Python_geodatasets_geoda.ncovr_1970.md";"true";"ready";"manual_review";"yes";"manual_review";"false";"false";"homicide_rate ~ resource_deprivation + population_structure + median_age + unemployment_rate + divorce_rate + SOUTH";"homicide_rate ~ resource_deprivation + population_structure + median_age + unemployment_rate + divorce_rate + SOUTH";"homicide_rate ~ resource_deprivation + population_structure + median_age + unemployment_rate + divorce_rate + SOUTH (referencee dans catalogue)";"homicide_rate ~ resource_deprivation + population_structure + median_age + unemployment_rate + divorce_rate + SOUTH (referencee dans catalogue)";"pub";"paper_extracted";"[""continuous""]";"[""continuous""]";"[]";"0";"0";"[""Observed population"", ""Geographic context"", ""Topic"", ""Selected Y typology"", ""Selected Y evidence""]";"Decision conservatoire : Ancienne declaration yes incoherente avec les conditions du registre : estimator_eligibility_block_missing. Conserver la décision actuelle jusqu’au traitement des constats. La fiche et les donnees sont conservees ; aucune suppression ni promotion.

Typologie de la reponse selectionnee : continuous. Ligne Detail Y correspondant a formula_used; les autres reponses candidates ne pilotent pas cette tache.

Provenance des corrections : audit du 2026-09-07, inspection du RDS et sources indiquees dans cette fiche. Regeneration : code/r_catalog/dataset_curation.py et dataset_curation_overrides.json.";"valid";"[]";"data/final_datasets/sf/Python_geodatasets_geoda.ncovr_1970.rds";"3085";"not_promoted";"Ancienne declaration yes incoherente avec les conditions du registre : estimator_eligibility_block_missing. Conserver la décision actuelle jusqu’au traitement des constats.";"[""package_include_not_yes"", ""benchmark_status_not_ready""]";"false";"[""data/final_datasets/sf/Python_geodatasets_geoda.ncovr_1970.rds"", ""data/manifests/datasets/software_python_catalog_classified.jsonl"", ""data/manifests/datasets/python_dataset_formula_audit.jsonl"", ""data/downloads/software/python_datasets/csv/geodatasets__geoda_ncovr.csv"", ""wiki/datasets/fiches_datasets/Python_geodatasets_geoda.ncovr_1970.md"", ""data/final_datasets/sf/Python_geodatasets_geoda.ncovr_1970.rds""]";"f5160033e9c265b5b1955701b25e356cc3938d9ba97393836d502074b0c1f8f7";"2698323923cb1641dd19402462d8b6f75b3010d5045cf3cc8e063cd0a2063d2b"
"Python_geodatasets_geoda.ncovr_1980";"wiki/datasets/fiches_datasets/Python_geodatasets_geoda.ncovr_1980.md";"true";"ready";"manual_review";"yes";"manual_review";"false";"false";"homicide_rate ~ resource_deprivation + population_structure + median_age + unemployment_rate + divorce_rate + SOUTH";"homicide_rate ~ resource_deprivation + population_structure + median_age + unemployment_rate + divorce_rate + SOUTH";"homicide_rate ~ resource_deprivation + population_structure + median_age + unemployment_rate + divorce_rate + SOUTH (referencee dans catalogue)";"homicide_rate ~ resource_deprivation + population_structure + median_age + unemployment_rate + divorce_rate + SOUTH (referencee dans catalogue)";"pub";"paper_extracted";"[""continuous""]";"[""continuous""]";"[]";"0";"0";"[""Observed population"", ""Geographic context"", ""Topic"", ""Selected Y typology"", ""Selected Y evidence""]";"Decision conservatoire : Ancienne declaration yes incoherente avec les conditions du registre : estimator_eligibility_block_missing. Conserver la décision actuelle jusqu’au traitement des constats. La fiche et les donnees sont conservees ; aucune suppression ni promotion.

Typologie de la reponse selectionnee : continuous. Ligne Detail Y correspondant a formula_used; les autres reponses candidates ne pilotent pas cette tache.

Provenance des corrections : audit du 2026-09-07, inspection du RDS et sources indiquees dans cette fiche. Regeneration : code/r_catalog/dataset_curation.py et dataset_curation_overrides.json.";"valid";"[]";"data/final_datasets/sf/Python_geodatasets_geoda.ncovr_1980.rds";"3085";"not_promoted";"Ancienne declaration yes incoherente avec les conditions du registre : estimator_eligibility_block_missing. Conserver la décision actuelle jusqu’au traitement des constats.";"[""package_include_not_yes"", ""benchmark_status_not_ready""]";"false";"[""data/final_datasets/sf/Python_geodatasets_geoda.ncovr_1980.rds"", ""data/manifests/datasets/software_python_catalog_classified.jsonl"", ""data/manifests/datasets/python_dataset_formula_audit.jsonl"", ""data/downloads/software/python_datasets/csv/geodatasets__geoda_ncovr.csv"", ""wiki/datasets/fiches_datasets/Python_geodatasets_geoda.ncovr_1980.md"", ""data/final_datasets/sf/Python_geodatasets_geoda.ncovr_1980.rds""]";"dabb62b269d85fb642ef7ac7440665674641c0f94239ddf11d4b24d8facf301b";"52b904cee3fbccaf20c0f1a217c42007911aaae13f81f0a6cab81f30723eb048"
"Python_geodatasets_geoda.ncovr_1990";"wiki/datasets/fiches_datasets/Python_geodatasets_geoda.ncovr_1990.md";"true";"ready";"manual_review";"yes";"manual_review";"false";"false";"homicide_rate ~ resource_deprivation + population_structure + median_age + unemployment_rate + divorce_rate + SOUTH";"homicide_rate ~ resource_deprivation + population_structure + median_age + unemployment_rate + divorce_rate + SOUTH";"homicide_rate ~ resource_deprivation + population_structure + median_age + unemployment_rate + divorce_rate + SOUTH (referencee dans catalogue)";"homicide_rate ~ resource_deprivation + population_structure + median_age + unemployment_rate + divorce_rate + SOUTH (referencee dans catalogue)";"pub";"paper_extracted";"[""continuous""]";"[""continuous""]";"[]";"0";"0";"[""Observed population"", ""Geographic context"", ""Topic"", ""Selected Y typology"", ""Selected Y evidence""]";"Decision conservatoire : Ancienne declaration yes incoherente avec les conditions du registre : estimator_eligibility_block_missing. Conserver la décision actuelle jusqu’au traitement des constats. La fiche et les donnees sont conservees ; aucune suppression ni promotion.

Typologie de la reponse selectionnee : continuous. Ligne Detail Y correspondant a formula_used; les autres reponses candidates ne pilotent pas cette tache.

Provenance des corrections : audit du 2026-09-07, inspection du RDS et sources indiquees dans cette fiche. Regeneration : code/r_catalog/dataset_curation.py et dataset_curation_overrides.json.";"valid";"[]";"data/final_datasets/sf/Python_geodatasets_geoda.ncovr_1990.rds";"3085";"not_promoted";"Ancienne declaration yes incoherente avec les conditions du registre : estimator_eligibility_block_missing. Conserver la décision actuelle jusqu’au traitement des constats.";"[""package_include_not_yes"", ""benchmark_status_not_ready""]";"false";"[""data/final_datasets/sf/Python_geodatasets_geoda.ncovr_1990.rds"", ""data/manifests/datasets/software_python_catalog_classified.jsonl"", ""data/manifests/datasets/python_dataset_formula_audit.jsonl"", ""data/downloads/software/python_datasets/csv/geodatasets__geoda_ncovr.csv"", ""wiki/datasets/fiches_datasets/Python_geodatasets_geoda.ncovr_1990.md"", ""data/final_datasets/sf/Python_geodatasets_geoda.ncovr_1990.rds""]";"480fd69ac6c7e067c8e6a705e90ead588f6826b7dc5858b2ac98942f1d37bc10";"cbfc9a5371abee006e28a38df52dca973919ed33586cf5b3dc60a6e31afeea65"
"Python_geodatasets_geoda.ndvi";"wiki/datasets/fiches_datasets/Python_geodatasets_geoda.ndvi.md";"true";"almost_ready_generated_formula";"almost_ready_generated_formula";"manual_review";"manual_review";"false";"false";"GREEN ~ TEMP + ELEV + PREC";"GREEN ~ TEMP + ELEV + PREC";"pending";"pending";"pub";"generated_system_formula";"[""count""]";"[""count""]";"[]";"0";"0";"[""Observed population"", ""Geographic context"", ""Topic"", ""Selected Y typology"", ""Selected Y evidence"", ""Formula used evidence""]";"Typologie de la reponse selectionnee : count. Ligne Detail Y correspondant a formula_used; les autres reponses candidates ne pilotent pas cette tache.

Provenance des corrections : audit du 2026-09-07, inspection du RDS et sources indiquees dans cette fiche. Regeneration : code/r_catalog/dataset_curation.py et dataset_curation_overrides.json.";"valid";"[]";"data/final_datasets/sf/Python_geodatasets_geoda.ndvi.rds";"49";"not_promoted";"La formule est executable et le support spatial existe, mais elle provient d une proposition systeme plutot que d une source scientifique confirmee.";"[""package_include_not_yes"", ""benchmark_status_not_ready"", ""estimator_eligibility_block_missing""]";"false";"[""data/final_datasets/sf/Python_geodatasets_geoda.ndvi.rds"", ""data/manifests/datasets/proposed_formula_used_audit.csv"", ""data/manifests/datasets/software_python_catalog_classified.jsonl"", ""data/manifests/datasets/python_dataset_formula_audit.jsonl"", ""data/downloads/software/python_datasets/csv/geodatasets__geoda_ndvi.csv"", ""wiki/datasets/fiches_datasets/Python_geodatasets_geoda.ndvi.md"", ""data/final_datasets/sf/Python_geodatasets_geoda.ndvi.rds""]";"36fca123f87e7bfbd664f0904331c83e523d103a34b6247e47c98708bd66a986";"47c18059bdef5e414bb50bfb4ea4580be6d08c14973faf938a95c7b66a28b5c4"
"Python_geodatasets_geoda.nepal";"wiki/datasets/fiches_datasets/Python_geodatasets_geoda.nepal.md";"true";"not_ready_non_continuous_response";"not_ready_non_continuous_response";"no";"no";"false";"false";"povindex ~ population + schlppop + schoolcnt + kids1_5 + pcincmp + TOTCAMT + TOTDAMT + EDUCAMT";"povindex ~ population + schlppop + schoolcnt + kids1_5 + pcincmp + TOTCAMT + TOTDAMT + EDUCAMT";"pending";"pending";"pub";"unavailable";"[""continuous"", ""count"", ""binary""]";"[""continuous""]";"[]";"0";"0";"[""Observed population"", ""Geographic context"", ""Topic"", ""Selected Y typology"", ""Selected Y evidence""]";"Typologie de la reponse selectionnee : continuous. Ligne Detail Y correspondant a formula_used; les autres reponses candidates ne pilotent pas cette tache.

Provenance des corrections : audit du 2026-09-07, inspection du RDS et sources indiquees dans cette fiche. Regeneration : code/r_catalog/dataset_curation.py et dataset_curation_overrides.json.";"valid";"[]";"data/final_datasets/sf/Python_geodatasets_geoda.nepal.rds";"75";"not_promoted";"La variable reponse ou la formule n est pas une regression continue scalaire compatible avec le benchmark actuel.";"[""package_include_not_yes"", ""benchmark_status_not_ready"", ""estimator_eligibility_block_missing"", ""formula_evidence_unavailable""]";"false";"[""data/final_datasets/sf/Python_geodatasets_geoda.nepal.rds"", ""data/manifests/datasets/proposed_formula_used_audit.csv"", ""data/manifests/datasets/software_python_catalog_classified.jsonl"", ""data/manifests/datasets/python_dataset_formula_audit.jsonl"", ""data/downloads/software/python_datasets/csv/geodatasets__geoda_nepal.csv"", ""wiki/datasets/fiches_datasets/Python_geodatasets_geoda.nepal.md"", ""data/final_datasets/sf/Python_geodatasets_geoda.nepal.rds""]";"7c669f91e90c3f502dd506e33586576463a1d52e28f047a959598ef9a799465c";"82278194c811e8e362fa50e48582044c7c9c3a12d926570c3db3a803b574d058"
"Python_geodatasets_geoda.nyc";"wiki/datasets/fiches_datasets/Python_geodatasets_geoda.nyc.md";"true";"almost_ready_generated_formula";"almost_ready_generated_formula";"manual_review";"manual_review";"false";"false";"rent2008 ~ forhis06 + forhis07 + forhis08 + forhis09 + forwh06 + forwh07 + forwh08 + forwh09";"rent2008 ~ forhis06 + forhis07 + forhis08 + forhis09 + forwh06 + forwh07 + forwh08 + forwh09";"pending";"pending";"pub";"generated_system_formula";"[""count"", ""continuous""]";"[""count""]";"[]";"0";"0";"[""Observed population"", ""Geographic context"", ""Topic"", ""Selected Y typology"", ""Selected Y evidence"", ""Formula used evidence""]";"Typologie de la reponse selectionnee : count. Ligne Detail Y correspondant a formula_used; les autres reponses candidates ne pilotent pas cette tache.

Provenance des corrections : audit du 2026-09-07, inspection du RDS et sources indiquees dans cette fiche. Regeneration : code/r_catalog/dataset_curation.py et dataset_curation_overrides.json.";"valid";"[]";"data/final_datasets/sf/Python_geodatasets_geoda.nyc.rds";"55";"not_promoted";"La formule est executable et le support spatial existe, mais elle provient d une proposition systeme plutot que d une source scientifique confirmee.";"[""package_include_not_yes"", ""benchmark_status_not_ready"", ""estimator_eligibility_block_missing""]";"false";"[""data/final_datasets/sf/Python_geodatasets_geoda.nyc.rds"", ""data/manifests/datasets/proposed_formula_used_audit.csv"", ""data/manifests/datasets/software_python_catalog_classified.jsonl"", ""data/manifests/datasets/python_dataset_formula_audit.jsonl"", ""data/downloads/software/python_datasets/csv/geodatasets__geoda_nyc.csv"", ""wiki/datasets/fiches_datasets/Python_geodatasets_geoda.nyc.md"", ""data/final_datasets/sf/Python_geodatasets_geoda.nyc.rds""]";"2d82e5042a6a35792a8a17b02a9c4ed16c5fea1efd32dfce85be42284b8d910a";"f74bfee943beebae1fc90d9f78c21f28ba9eed99f578d6b1f2602e1b49909be8"
"Python_geodatasets_geoda.nyc_earnings_2002";"wiki/datasets/fiches_datasets/Python_geodatasets_geoda.nyc_earnings_2002.md";"true";"not_ready_missing_formula";"not_ready_missing_formula";"no";"no";"false";"false";"pending";"pending";"pending";"pending";"pub";"unavailable";"[""count""]";"[""count""]";"[]";"0";"0";"[""Observed population"", ""Geographic context"", ""Topic""]";"Provenance des corrections : audit du 2026-09-07, inspection du RDS et sources indiquees dans cette fiche. Regeneration : code/r_catalog/dataset_curation.py et dataset_curation_overrides.json.";"unavailable";"[]";"data/final_datasets/sf/Python_geodatasets_geoda.nyc_earnings_2002.rds";"108487";"not_promoted";"Aucune formule systeme ou publication n est disponible pour ce jeu de donnees package.";"[""package_include_not_yes"", ""benchmark_status_not_ready"", ""formula_used_missing_or_pending"", ""response_missing"", ""estimator_eligibility_block_missing"", ""formula_evidence_unavailable""]";"false";"[""data/final_datasets/sf/Python_geodatasets_geoda.nyc_earnings_2002.rds"", ""data/manifests/datasets/software_python_catalog_classified.jsonl"", ""data/manifests/datasets/python_dataset_formula_audit.jsonl"", ""data/downloads/software/python_datasets/csv/geodatasets__geoda_nyc_earnings.csv"", ""wiki/datasets/fiches_datasets/Python_geodatasets_geoda.nyc_earnings_2002.md"", ""data/final_datasets/sf/Python_geodatasets_geoda.nyc_earnings_2002.rds""]";"5536fe7eec26b9bcf7f1f0e3322846d5d9118e72b0e3c25361f95faf84987a51";"5dd09a0bc419a198b8a9dc72ddca71c3571f80b4f8188561a1cb17a23abd7b75"
"Python_geodatasets_geoda.nyc_earnings_2003";"wiki/datasets/fiches_datasets/Python_geodatasets_geoda.nyc_earnings_2003.md";"true";"not_ready_missing_formula";"not_ready_missing_formula";"no";"no";"false";"false";"pending";"pending";"pending";"pending";"pub";"unavailable";"[""count""]";"[""count""]";"[]";"0";"0";"[""Observed population"", ""Geographic context"", ""Topic""]";"Provenance des corrections : audit du 2026-09-07, inspection du RDS et sources indiquees dans cette fiche. Regeneration : code/r_catalog/dataset_curation.py et dataset_curation_overrides.json.";"unavailable";"[]";"data/final_datasets/sf/Python_geodatasets_geoda.nyc_earnings_2003.rds";"108487";"not_promoted";"Aucune formule systeme ou publication n est disponible pour ce jeu de donnees package.";"[""package_include_not_yes"", ""benchmark_status_not_ready"", ""formula_used_missing_or_pending"", ""response_missing"", ""estimator_eligibility_block_missing"", ""formula_evidence_unavailable""]";"false";"[""data/final_datasets/sf/Python_geodatasets_geoda.nyc_earnings_2003.rds"", ""data/manifests/datasets/software_python_catalog_classified.jsonl"", ""data/manifests/datasets/python_dataset_formula_audit.jsonl"", ""data/downloads/software/python_datasets/csv/geodatasets__geoda_nyc_earnings.csv"", ""wiki/datasets/fiches_datasets/Python_geodatasets_geoda.nyc_earnings_2003.md"", ""data/final_datasets/sf/Python_geodatasets_geoda.nyc_earnings_2003.rds""]";"50ca86fb1890941aff134279710c932f67ca480ee2e1b88dae516a34134c4324";"a352c82cc2ab01016c8e102d73bf9e30d227279340f0729b68815e15fd622e26"
"Python_geodatasets_geoda.nyc_earnings_2004";"wiki/datasets/fiches_datasets/Python_geodatasets_geoda.nyc_earnings_2004.md";"true";"not_ready_missing_formula";"not_ready_missing_formula";"no";"no";"false";"false";"pending";"pending";"pending";"pending";"pub";"unavailable";"[""count""]";"[""count""]";"[]";"0";"0";"[""Observed population"", ""Geographic context"", ""Topic""]";"Provenance des corrections : audit du 2026-09-07, inspection du RDS et sources indiquees dans cette fiche. Regeneration : code/r_catalog/dataset_curation.py et dataset_curation_overrides.json.";"unavailable";"[]";"data/final_datasets/sf/Python_geodatasets_geoda.nyc_earnings_2004.rds";"108487";"not_promoted";"Aucune formule systeme ou publication n est disponible pour ce jeu de donnees package.";"[""package_include_not_yes"", ""benchmark_status_not_ready"", ""formula_used_missing_or_pending"", ""response_missing"", ""estimator_eligibility_block_missing"", ""formula_evidence_unavailable""]";"false";"[""data/final_datasets/sf/Python_geodatasets_geoda.nyc_earnings_2004.rds"", ""data/manifests/datasets/software_python_catalog_classified.jsonl"", ""data/manifests/datasets/python_dataset_formula_audit.jsonl"", ""data/downloads/software/python_datasets/csv/geodatasets__geoda_nyc_earnings.csv"", ""wiki/datasets/fiches_datasets/Python_geodatasets_geoda.nyc_earnings_2004.md"", ""data/final_datasets/sf/Python_geodatasets_geoda.nyc_earnings_2004.rds""]";"c04933e95d65d1da2b8917a10bd343906bc9fa0ba286cd218bf86eeb42911006";"6bbed9d8c9acb7de611edd4ab179108b3f8420dbc4775bc4ed48f874bedbe34d"
"Python_geodatasets_geoda.nyc_earnings_2005";"wiki/datasets/fiches_datasets/Python_geodatasets_geoda.nyc_earnings_2005.md";"true";"not_ready_missing_formula";"not_ready_missing_formula";"no";"no";"false";"false";"pending";"pending";"pending";"pending";"pub";"unavailable";"[""count""]";"[""count""]";"[]";"0";"0";"[""Observed population"", ""Geographic context"", ""Topic""]";"Provenance des corrections : audit du 2026-09-07, inspection du RDS et sources indiquees dans cette fiche. Regeneration : code/r_catalog/dataset_curation.py et dataset_curation_overrides.json.";"unavailable";"[]";"data/final_datasets/sf/Python_geodatasets_geoda.nyc_earnings_2005.rds";"108487";"not_promoted";"Aucune formule systeme ou publication n est disponible pour ce jeu de donnees package.";"[""package_include_not_yes"", ""benchmark_status_not_ready"", ""formula_used_missing_or_pending"", ""response_missing"", ""estimator_eligibility_block_missing"", ""formula_evidence_unavailable""]";"false";"[""data/final_datasets/sf/Python_geodatasets_geoda.nyc_earnings_2005.rds"", ""data/manifests/datasets/software_python_catalog_classified.jsonl"", ""data/manifests/datasets/python_dataset_formula_audit.jsonl"", ""data/downloads/software/python_datasets/csv/geodatasets__geoda_nyc_earnings.csv"", ""wiki/datasets/fiches_datasets/Python_geodatasets_geoda.nyc_earnings_2005.md"", ""data/final_datasets/sf/Python_geodatasets_geoda.nyc_earnings_2005.rds""]";"352d25b7b84d3a1157a1087f8d87a9720de10348ac478c35a26d0b4bfe7d19bb";"a81bb78be4985e989eb5b3931b0a5891b4353783d466bcfa4dedb8b7282b091b"
"Python_geodatasets_geoda.nyc_earnings_2006";"wiki/datasets/fiches_datasets/Python_geodatasets_geoda.nyc_earnings_2006.md";"true";"not_ready_missing_formula";"not_ready_missing_formula";"no";"no";"false";"false";"pending";"pending";"pending";"pending";"pub";"unavailable";"[""count""]";"[""count""]";"[]";"0";"0";"[""Observed population"", ""Geographic context"", ""Topic""]";"Provenance des corrections : audit du 2026-09-07, inspection du RDS et sources indiquees dans cette fiche. Regeneration : code/r_catalog/dataset_curation.py et dataset_curation_overrides.json.";"unavailable";"[]";"data/final_datasets/sf/Python_geodatasets_geoda.nyc_earnings_2006.rds";"108487";"not_promoted";"Aucune formule systeme ou publication n est disponible pour ce jeu de donnees package.";"[""package_include_not_yes"", ""benchmark_status_not_ready"", ""formula_used_missing_or_pending"", ""response_missing"", ""estimator_eligibility_block_missing"", ""formula_evidence_unavailable""]";"false";"[""data/final_datasets/sf/Python_geodatasets_geoda.nyc_earnings_2006.rds"", ""data/manifests/datasets/software_python_catalog_classified.jsonl"", ""data/manifests/datasets/python_dataset_formula_audit.jsonl"", ""data/downloads/software/python_datasets/csv/geodatasets__geoda_nyc_earnings.csv"", ""wiki/datasets/fiches_datasets/Python_geodatasets_geoda.nyc_earnings_2006.md"", ""data/final_datasets/sf/Python_geodatasets_geoda.nyc_earnings_2006.rds""]";"08caf2564ed5bdf28654846a22dd2a07abcf8424bb47c5b3886c8efd8b52a757";"3d5626c5d112a3c1de819a6f00d5efe89c7c2bca1829941458bcccdac5a94064"
"Python_geodatasets_geoda.nyc_earnings_2007";"wiki/datasets/fiches_datasets/Python_geodatasets_geoda.nyc_earnings_2007.md";"true";"not_ready_missing_formula";"not_ready_missing_formula";"no";"no";"false";"false";"pending";"pending";"pending";"pending";"pub";"unavailable";"[""count""]";"[""count""]";"[]";"0";"0";"[""Observed population"", ""Geographic context"", ""Topic""]";"Provenance des corrections : audit du 2026-09-07, inspection du RDS et sources indiquees dans cette fiche. Regeneration : code/r_catalog/dataset_curation.py et dataset_curation_overrides.json.";"unavailable";"[]";"data/final_datasets/sf/Python_geodatasets_geoda.nyc_earnings_2007.rds";"108487";"not_promoted";"Aucune formule systeme ou publication n est disponible pour ce jeu de donnees package.";"[""package_include_not_yes"", ""benchmark_status_not_ready"", ""formula_used_missing_or_pending"", ""response_missing"", ""estimator_eligibility_block_missing"", ""formula_evidence_unavailable""]";"false";"[""data/final_datasets/sf/Python_geodatasets_geoda.nyc_earnings_2007.rds"", ""data/manifests/datasets/software_python_catalog_classified.jsonl"", ""data/manifests/datasets/python_dataset_formula_audit.jsonl"", ""data/downloads/software/python_datasets/csv/geodatasets__geoda_nyc_earnings.csv"", ""wiki/datasets/fiches_datasets/Python_geodatasets_geoda.nyc_earnings_2007.md"", ""data/final_datasets/sf/Python_geodatasets_geoda.nyc_earnings_2007.rds""]";"f74a6999cd66c5d2894ce8c504d2b6076ef6ef5f848fba1ac5dbacff0aa7a166";"77202642f73d7171b7881a35c05958cbf44f108f54bab89ab51c8456129a124c"
"Python_geodatasets_geoda.nyc_earnings_2008";"wiki/datasets/fiches_datasets/Python_geodatasets_geoda.nyc_earnings_2008.md";"true";"not_ready_missing_formula";"not_ready_missing_formula";"no";"no";"false";"false";"pending";"pending";"pending";"pending";"pub";"unavailable";"[""count""]";"[""count""]";"[]";"0";"0";"[""Observed population"", ""Geographic context"", ""Topic""]";"Provenance des corrections : audit du 2026-09-07, inspection du RDS et sources indiquees dans cette fiche. Regeneration : code/r_catalog/dataset_curation.py et dataset_curation_overrides.json.";"unavailable";"[]";"data/final_datasets/sf/Python_geodatasets_geoda.nyc_earnings_2008.rds";"108487";"not_promoted";"Aucune formule systeme ou publication n est disponible pour ce jeu de donnees package.";"[""package_include_not_yes"", ""benchmark_status_not_ready"", ""formula_used_missing_or_pending"", ""response_missing"", ""estimator_eligibility_block_missing"", ""formula_evidence_unavailable""]";"false";"[""data/final_datasets/sf/Python_geodatasets_geoda.nyc_earnings_2008.rds"", ""data/manifests/datasets/software_python_catalog_classified.jsonl"", ""data/manifests/datasets/python_dataset_formula_audit.jsonl"", ""data/downloads/software/python_datasets/csv/geodatasets__geoda_nyc_earnings.csv"", ""wiki/datasets/fiches_datasets/Python_geodatasets_geoda.nyc_earnings_2008.md"", ""data/final_datasets/sf/Python_geodatasets_geoda.nyc_earnings_2008.rds""]";"33591388739cbfd89b254dac5c1f40f21766a3728ac4e3627c9606e9054cd27b";"7fb0182d09a849a6500d9f8bb4aa82940be86367ea9c5623529c23e9ce5a5226"
"Python_geodatasets_geoda.nyc_earnings_2009";"wiki/datasets/fiches_datasets/Python_geodatasets_geoda.nyc_earnings_2009.md";"true";"not_ready_missing_formula";"not_ready_missing_formula";"no";"no";"false";"false";"pending";"pending";"pending";"pending";"pub";"unavailable";"[""count""]";"[""count""]";"[]";"0";"0";"[""Observed population"", ""Geographic context"", ""Topic""]";"Provenance des corrections : audit du 2026-09-07, inspection du RDS et sources indiquees dans cette fiche. Regeneration : code/r_catalog/dataset_curation.py et dataset_curation_overrides.json.";"unavailable";"[]";"data/final_datasets/sf/Python_geodatasets_geoda.nyc_earnings_2009.rds";"108487";"not_promoted";"Aucune formule systeme ou publication n est disponible pour ce jeu de donnees package.";"[""package_include_not_yes"", ""benchmark_status_not_ready"", ""formula_used_missing_or_pending"", ""response_missing"", ""estimator_eligibility_block_missing"", ""formula_evidence_unavailable""]";"false";"[""data/final_datasets/sf/Python_geodatasets_geoda.nyc_earnings_2009.rds"", ""data/manifests/datasets/software_python_catalog_classified.jsonl"", ""data/manifests/datasets/python_dataset_formula_audit.jsonl"", ""data/downloads/software/python_datasets/csv/geodatasets__geoda_nyc_earnings.csv"", ""wiki/datasets/fiches_datasets/Python_geodatasets_geoda.nyc_earnings_2009.md"", ""data/final_datasets/sf/Python_geodatasets_geoda.nyc_earnings_2009.rds""]";"5fcc4d7e757ed059805180c050a1f7ca22620abd5b22b875b495f836870b14db";"d48df9fe8ecba34d658b83e1ff2637214c40fc2922fb7c3ed265039778134dee"
"Python_geodatasets_geoda.nyc_earnings_2010";"wiki/datasets/fiches_datasets/Python_geodatasets_geoda.nyc_earnings_2010.md";"true";"not_ready_missing_formula";"not_ready_missing_formula";"no";"no";"false";"false";"pending";"pending";"pending";"pending";"pub";"unavailable";"[""count""]";"[""count""]";"[]";"0";"0";"[""Observed population"", ""Geographic context"", ""Topic""]";"Provenance des corrections : audit du 2026-09-07, inspection du RDS et sources indiquees dans cette fiche. Regeneration : code/r_catalog/dataset_curation.py et dataset_curation_overrides.json.";"unavailable";"[]";"data/final_datasets/sf/Python_geodatasets_geoda.nyc_earnings_2010.rds";"108487";"not_promoted";"Aucune formule systeme ou publication n est disponible pour ce jeu de donnees package.";"[""package_include_not_yes"", ""benchmark_status_not_ready"", ""formula_used_missing_or_pending"", ""response_missing"", ""estimator_eligibility_block_missing"", ""formula_evidence_unavailable""]";"false";"[""data/final_datasets/sf/Python_geodatasets_geoda.nyc_earnings_2010.rds"", ""data/manifests/datasets/software_python_catalog_classified.jsonl"", ""data/manifests/datasets/python_dataset_formula_audit.jsonl"", ""data/downloads/software/python_datasets/csv/geodatasets__geoda_nyc_earnings.csv"", ""wiki/datasets/fiches_datasets/Python_geodatasets_geoda.nyc_earnings_2010.md"", ""data/final_datasets/sf/Python_geodatasets_geoda.nyc_earnings_2010.rds""]";"07fa48eda23411745afc824f8021cb6b21c569dd6bbfe4e19dbc0e21a0ade983";"e50474635651f169b1cb2dcc7d9e221556ce3424898daf77adea93c557d23984"
"Python_geodatasets_geoda.nyc_earnings_2011";"wiki/datasets/fiches_datasets/Python_geodatasets_geoda.nyc_earnings_2011.md";"true";"not_ready_missing_formula";"not_ready_missing_formula";"no";"no";"false";"false";"pending";"pending";"pending";"pending";"pub";"unavailable";"[""count""]";"[""count""]";"[]";"0";"0";"[""Observed population"", ""Geographic context"", ""Topic""]";"Provenance des corrections : audit du 2026-09-07, inspection du RDS et sources indiquees dans cette fiche. Regeneration : code/r_catalog/dataset_curation.py et dataset_curation_overrides.json.";"unavailable";"[]";"data/final_datasets/sf/Python_geodatasets_geoda.nyc_earnings_2011.rds";"108487";"not_promoted";"Aucune formule systeme ou publication n est disponible pour ce jeu de donnees package.";"[""package_include_not_yes"", ""benchmark_status_not_ready"", ""formula_used_missing_or_pending"", ""response_missing"", ""estimator_eligibility_block_missing"", ""formula_evidence_unavailable""]";"false";"[""data/final_datasets/sf/Python_geodatasets_geoda.nyc_earnings_2011.rds"", ""data/manifests/datasets/software_python_catalog_classified.jsonl"", ""data/manifests/datasets/python_dataset_formula_audit.jsonl"", ""data/downloads/software/python_datasets/csv/geodatasets__geoda_nyc_earnings.csv"", ""wiki/datasets/fiches_datasets/Python_geodatasets_geoda.nyc_earnings_2011.md"", ""data/final_datasets/sf/Python_geodatasets_geoda.nyc_earnings_2011.rds""]";"8851300a7a36134f987f02734aff58f1a8048405b3c23903cf3eb088197f81cd";"2611ba0e12e969c2ed130215581053fced0e367a79e7aee4e7d1e4ede4c0e966"
"Python_geodatasets_geoda.nyc_earnings_2012";"wiki/datasets/fiches_datasets/Python_geodatasets_geoda.nyc_earnings_2012.md";"true";"not_ready_missing_formula";"not_ready_missing_formula";"no";"no";"false";"false";"pending";"pending";"pending";"pending";"pub";"unavailable";"[""count""]";"[""count""]";"[]";"0";"0";"[""Observed population"", ""Geographic context"", ""Topic""]";"Provenance des corrections : audit du 2026-09-07, inspection du RDS et sources indiquees dans cette fiche. Regeneration : code/r_catalog/dataset_curation.py et dataset_curation_overrides.json.";"unavailable";"[]";"data/final_datasets/sf/Python_geodatasets_geoda.nyc_earnings_2012.rds";"108487";"not_promoted";"Aucune formule systeme ou publication n est disponible pour ce jeu de donnees package.";"[""package_include_not_yes"", ""benchmark_status_not_ready"", ""formula_used_missing_or_pending"", ""response_missing"", ""estimator_eligibility_block_missing"", ""formula_evidence_unavailable""]";"false";"[""data/final_datasets/sf/Python_geodatasets_geoda.nyc_earnings_2012.rds"", ""data/manifests/datasets/software_python_catalog_classified.jsonl"", ""data/manifests/datasets/python_dataset_formula_audit.jsonl"", ""data/downloads/software/python_datasets/csv/geodatasets__geoda_nyc_earnings.csv"", ""wiki/datasets/fiches_datasets/Python_geodatasets_geoda.nyc_earnings_2012.md"", ""data/final_datasets/sf/Python_geodatasets_geoda.nyc_earnings_2012.rds""]";"66b7d6ac71b9cad54148276a489558c4836aea74bf2cdd87b8c73d9b263359fc";"9670cd4de5f7006dba3ab32c269cb6f0fff2cdd8ed9d65d64ed636966cfbeffa"
"Python_geodatasets_geoda.nyc_earnings_2013";"wiki/datasets/fiches_datasets/Python_geodatasets_geoda.nyc_earnings_2013.md";"true";"not_ready_missing_formula";"not_ready_missing_formula";"no";"no";"false";"false";"pending";"pending";"pending";"pending";"pub";"unavailable";"[""count""]";"[""count""]";"[]";"0";"0";"[""Observed population"", ""Geographic context"", ""Topic""]";"Provenance des corrections : audit du 2026-09-07, inspection du RDS et sources indiquees dans cette fiche. Regeneration : code/r_catalog/dataset_curation.py et dataset_curation_overrides.json.";"unavailable";"[]";"data/final_datasets/sf/Python_geodatasets_geoda.nyc_earnings_2013.rds";"108487";"not_promoted";"Aucune formule systeme ou publication n est disponible pour ce jeu de donnees package.";"[""package_include_not_yes"", ""benchmark_status_not_ready"", ""formula_used_missing_or_pending"", ""response_missing"", ""estimator_eligibility_block_missing"", ""formula_evidence_unavailable""]";"false";"[""data/final_datasets/sf/Python_geodatasets_geoda.nyc_earnings_2013.rds"", ""data/manifests/datasets/software_python_catalog_classified.jsonl"", ""data/manifests/datasets/python_dataset_formula_audit.jsonl"", ""data/downloads/software/python_datasets/csv/geodatasets__geoda_nyc_earnings.csv"", ""wiki/datasets/fiches_datasets/Python_geodatasets_geoda.nyc_earnings_2013.md"", ""data/final_datasets/sf/Python_geodatasets_geoda.nyc_earnings_2013.rds""]";"93f6ca6f3668069c5cb14437f81576a065da14d790df7c832e361b2dad4e74a6";"fa730c5d3e2702a0302a978219ad4ea42fb012673f95a7b5f5e19eae0206883e"
"Python_geodatasets_geoda.nyc_earnings_2014";"wiki/datasets/fiches_datasets/Python_geodatasets_geoda.nyc_earnings_2014.md";"true";"not_ready_missing_formula";"not_ready_missing_formula";"no";"no";"false";"false";"pending";"pending";"pending";"pending";"pub";"unavailable";"[""count""]";"[""count""]";"[]";"0";"0";"[""Observed population"", ""Geographic context"", ""Topic""]";"Provenance des corrections : audit du 2026-09-07, inspection du RDS et sources indiquees dans cette fiche. Regeneration : code/r_catalog/dataset_curation.py et dataset_curation_overrides.json.";"unavailable";"[]";"data/final_datasets/sf/Python_geodatasets_geoda.nyc_earnings_2014.rds";"108487";"not_promoted";"Aucune formule systeme ou publication n est disponible pour ce jeu de donnees package.";"[""package_include_not_yes"", ""benchmark_status_not_ready"", ""formula_used_missing_or_pending"", ""response_missing"", ""estimator_eligibility_block_missing"", ""formula_evidence_unavailable""]";"false";"[""data/final_datasets/sf/Python_geodatasets_geoda.nyc_earnings_2014.rds"", ""data/manifests/datasets/software_python_catalog_classified.jsonl"", ""data/manifests/datasets/python_dataset_formula_audit.jsonl"", ""data/downloads/software/python_datasets/csv/geodatasets__geoda_nyc_earnings.csv"", ""wiki/datasets/fiches_datasets/Python_geodatasets_geoda.nyc_earnings_2014.md"", ""data/final_datasets/sf/Python_geodatasets_geoda.nyc_earnings_2014.rds""]";"06b8c49203d865b4bbf5071650ec0e16a4dea1d5c490191c7513ef86a91ed2f1";"bb7eab2a9b842c1d7beb16fe74f551e38a823837571d1bf94f74750244ec4c09"
"Python_geodatasets_geoda.nyc_education";"wiki/datasets/fiches_datasets/Python_geodatasets_geoda.nyc_education.md";"true";"almost_ready_generated_formula";"almost_ready_generated_formula";"manual_review";"manual_review";"false";"false";"YOUTH_DROP ~ PER_MNRTY + PER_ASIAN + PER_WHITE + PER_BLACK + mean_inc + pop1619 + enrollhs + PER_PRV_SC";"YOUTH_DROP ~ PER_MNRTY + PER_ASIAN + PER_WHITE + PER_BLACK + mean_inc + pop1619 + enrollhs + PER_PRV_SC";"pending";"pending";"pub";"generated_system_formula";"[""rate"", ""continuous""]";"[""rate""]";"[]";"0";"0";"[""Geographic context"", ""Selected Y typology"", ""Selected Y evidence"", ""Formula used evidence""]";"Typologie de la reponse selectionnee : rate. Ligne Detail Y correspondant a formula_used; les autres reponses candidates ne pilotent pas cette tache.

Provenance des corrections : audit du 2026-09-07, inspection du RDS et sources indiquees dans cette fiche. Regeneration : code/r_catalog/dataset_curation.py et dataset_curation_overrides.json.";"valid";"[]";"data/final_datasets/sf/Python_geodatasets_geoda.nyc_education.rds";"2216";"not_promoted";"La formule est executable et le support spatial existe, mais elle provient d une proposition systeme plutot que d une source scientifique confirmee.";"[""package_include_not_yes"", ""benchmark_status_not_ready"", ""estimator_eligibility_block_missing""]";"false";"[""data/final_datasets/sf/Python_geodatasets_geoda.nyc_education.rds"", ""data/manifests/datasets/proposed_formula_used_audit.csv"", ""data/manifests/datasets/software_python_catalog_classified.jsonl"", ""data/manifests/datasets/python_dataset_formula_audit.jsonl"", ""data/downloads/software/python_datasets/csv/geodatasets__geoda_nyc_education.csv"", ""wiki/datasets/fiches_datasets/Python_geodatasets_geoda.nyc_education.md"", ""data/final_datasets/sf/Python_geodatasets_geoda.nyc_education.rds""]";"10d59a933014d842240f243890043d3cb1108a9b704304262ef386a925c4cf0f";"83c04d9f484764f4e19c015c087181f7ed8a5bc7ebc965de84db827291dd1cc6"
"Python_geodatasets_geoda.nyc_neighborhoods";"wiki/datasets/fiches_datasets/Python_geodatasets_geoda.nyc_neighborhoods.md";"true";"not_ready_non_continuous_response";"not_ready_non_continuous_response";"no";"no";"false";"false";"UEMPRATE ~ poptot + popover18 + popinlabou + households + hispanic + african + asian + european";"UEMPRATE ~ poptot + popover18 + popinlabou + households + hispanic + african + asian + european";"pending";"pending";"pub";"unavailable";"[""rate"", ""count"", ""categorical""]";"[""rate""]";"[]";"0";"0";"[""Observed population"", ""Geographic context"", ""Topic"", ""Selected Y typology"", ""Selected Y evidence""]";"Typologie de la reponse selectionnee : rate. Ligne Detail Y correspondant a formula_used; les autres reponses candidates ne pilotent pas cette tache.

Provenance des corrections : audit du 2026-09-07, inspection du RDS et sources indiquees dans cette fiche. Regeneration : code/r_catalog/dataset_curation.py et dataset_curation_overrides.json.";"valid";"[]";"data/final_datasets/sf/Python_geodatasets_geoda.nyc_neighborhoods.rds";"195";"not_promoted";"La variable reponse ou la formule n est pas une regression continue scalaire compatible avec le benchmark actuel.";"[""package_include_not_yes"", ""benchmark_status_not_ready"", ""estimator_eligibility_block_missing"", ""formula_evidence_unavailable""]";"false";"[""data/final_datasets/sf/Python_geodatasets_geoda.nyc_neighborhoods.rds"", ""data/manifests/datasets/proposed_formula_used_audit.csv"", ""data/manifests/datasets/software_python_catalog_classified.jsonl"", ""data/manifests/datasets/python_dataset_formula_audit.jsonl"", ""data/downloads/software/python_datasets/csv/geodatasets__geoda_nyc_neighborhoods.csv"", ""wiki/datasets/fiches_datasets/Python_geodatasets_geoda.nyc_neighborhoods.md"", ""data/final_datasets/sf/Python_geodatasets_geoda.nyc_neighborhoods.rds""]";"391eed38b3d1ce745270ebaebd563b17a5bc07bdc397c297c770702e5bd78b0d";"e9d92b573abb122d47040b0bcc84a1b0673fd272914907a703b328ac406d3b6e"
"Python_geodatasets_geoda.orlando1";"wiki/datasets/fiches_datasets/Python_geodatasets_geoda.orlando1.md";"true";"almost_ready_generated_formula";"almost_ready_generated_formula";"manual_review";"manual_review";"false";"false";"HH_INC ~ TOT_POP + POP_16 + POP_65 + WHITE_ + BLACK_ + ASIAN_ + HISP_ + MUTLI_RA";"HH_INC ~ TOT_POP + POP_16 + POP_65 + WHITE_ + BLACK_ + ASIAN_ + HISP_ + MUTLI_RA";"pending";"pending";"pub";"generated_system_formula";"[""count""]";"[""count""]";"[]";"0";"0";"[""Observed population"", ""Geographic context"", ""Topic"", ""Selected Y typology"", ""Selected Y evidence"", ""Formula used evidence""]";"Typologie de la reponse selectionnee : count. Ligne Detail Y correspondant a formula_used; les autres reponses candidates ne pilotent pas cette tache.

Provenance des corrections : audit du 2026-09-07, inspection du RDS et sources indiquees dans cette fiche. Regeneration : code/r_catalog/dataset_curation.py et dataset_curation_overrides.json.";"valid";"[]";"data/final_datasets/sf/Python_geodatasets_geoda.orlando1.rds";"328";"not_promoted";"La formule est executable et le support spatial existe, mais elle provient d une proposition systeme plutot que d une source scientifique confirmee.";"[""package_include_not_yes"", ""benchmark_status_not_ready"", ""estimator_eligibility_block_missing""]";"false";"[""data/final_datasets/sf/Python_geodatasets_geoda.orlando1.rds"", ""data/manifests/datasets/proposed_formula_used_audit.csv"", ""data/manifests/datasets/software_python_catalog_classified.jsonl"", ""data/manifests/datasets/python_dataset_formula_audit.jsonl"", ""data/downloads/software/python_datasets/csv/geodatasets__geoda_orlando1.csv"", ""wiki/datasets/fiches_datasets/Python_geodatasets_geoda.orlando1.md"", ""data/final_datasets/sf/Python_geodatasets_geoda.orlando1.rds""]";"b481dd4a314b693391b82d447c47a3182e3874b7e7ae0abb15474038bcecfa5b";"fb2bea7cb8777a07e3cee21aab4054f740edf673815aebefc819f1418b371257"
"Python_geodatasets_geoda.phoenix_acs";"wiki/datasets/fiches_datasets/Python_geodatasets_geoda.phoenix_acs.md";"true";"almost_ready_generated_formula";"almost_ready_generated_formula";"manual_review";"manual_review";"false";"false";"inc ~ ALAND10 + AWATER10 + pop + white_rt + black_rt + hisp_rt + fem_nh_rt + hsu";"inc ~ ALAND10 + AWATER10 + pop + white_rt + black_rt + hisp_rt + fem_nh_rt + hsu";"pending";"pending";"pub";"generated_system_formula";"[""continuous""]";"[""continuous""]";"[]";"0";"0";"[""Observed population"", ""Geographic context"", ""Topic"", ""Selected Y typology"", ""Selected Y evidence"", ""Formula used evidence""]";"Typologie de la reponse selectionnee : continuous. Ligne Detail Y correspondant a formula_used; les autres reponses candidates ne pilotent pas cette tache.

Provenance des corrections : audit du 2026-09-07, inspection du RDS et sources indiquees dans cette fiche. Regeneration : code/r_catalog/dataset_curation.py et dataset_curation_overrides.json.";"valid";"[]";"data/final_datasets/sf/Python_geodatasets_geoda.phoenix_acs.rds";"985";"not_promoted";"La formule est executable et le support spatial existe, mais elle provient d une proposition systeme plutot que d une source scientifique confirmee.";"[""package_include_not_yes"", ""benchmark_status_not_ready"", ""estimator_eligibility_block_missing""]";"false";"[""data/final_datasets/sf/Python_geodatasets_geoda.phoenix_acs.rds"", ""data/manifests/datasets/proposed_formula_used_audit.csv"", ""data/manifests/datasets/software_python_catalog_classified.jsonl"", ""data/manifests/datasets/python_dataset_formula_audit.jsonl"", ""data/downloads/software/python_datasets/csv/geodatasets__geoda_phoenix_acs.csv"", ""wiki/datasets/fiches_datasets/Python_geodatasets_geoda.phoenix_acs.md"", ""data/final_datasets/sf/Python_geodatasets_geoda.phoenix_acs.rds""]";"6c42af7064469116fc38da0c8b70c39a8f94e0b992aa21dc4b4874da8d97e8be";"da3f90d26e93ad4aa52b197bc26e6abdff650c3eb3955512c525d1c4209a03ce"
"Python_geodatasets_geoda.police";"wiki/datasets/fiches_datasets/Python_geodatasets_geoda.police.md";"true";"almost_ready_generated_formula";"almost_ready_generated_formula";"manual_review";"manual_review";"false";"false";"CRIME ~ POP + INC + UNEMP + OWN + COLLEGE + WHITE + COMMUTE + TAX";"CRIME ~ POP + INC + UNEMP + OWN + COLLEGE + WHITE + COMMUTE + TAX";"pending";"pending";"pub";"generated_system_formula";"[""count""]";"[""count""]";"[]";"0";"0";"[""Geographic context"", ""Selected Y typology"", ""Selected Y evidence"", ""Formula used evidence""]";"Typologie de la reponse selectionnee : count. Ligne Detail Y correspondant a formula_used; les autres reponses candidates ne pilotent pas cette tache.

Provenance des corrections : audit du 2026-09-07, inspection du RDS et sources indiquees dans cette fiche. Regeneration : code/r_catalog/dataset_curation.py et dataset_curation_overrides.json.";"valid";"[]";"data/final_datasets/sf/Python_geodatasets_geoda.police.rds";"82";"not_promoted";"La formule est executable et le support spatial existe, mais elle provient d une proposition systeme plutot que d une source scientifique confirmee.";"[""package_include_not_yes"", ""benchmark_status_not_ready"", ""estimator_eligibility_block_missing""]";"false";"[""data/final_datasets/sf/Python_geodatasets_geoda.police.rds"", ""data/manifests/datasets/proposed_formula_used_audit.csv"", ""data/manifests/datasets/software_python_catalog_classified.jsonl"", ""data/manifests/datasets/python_dataset_formula_audit.jsonl"", ""data/downloads/software/python_datasets/csv/geodatasets__geoda_police.csv"", ""wiki/datasets/fiches_datasets/Python_geodatasets_geoda.police.md"", ""data/final_datasets/sf/Python_geodatasets_geoda.police.rds""]";"f99172e3a04041dba0f683d42c5d35f2dedf102ab24367a371145aaf56d1020f";"5b6f6d5f51365addd2040e211b04e25a5ab9ebd7895382a04f065013a76ad300"
"Python_geodatasets_geoda.sacramento1";"wiki/datasets/fiches_datasets/Python_geodatasets_geoda.sacramento1.md";"true";"almost_ready_generated_formula";"almost_ready_generated_formula";"manual_review";"manual_review";"false";"false";"HH_INC ~ TOT_POP + POP_16 + POP_65 + WHITE_ + BLACK_ + ASIAN_ + HISP_ + MULTI_RA";"HH_INC ~ TOT_POP + POP_16 + POP_65 + WHITE_ + BLACK_ + ASIAN_ + HISP_ + MULTI_RA";"pending";"pending";"pub";"generated_system_formula";"[""count""]";"[""count""]";"[]";"0";"0";"[""Observed population"", ""Geographic context"", ""Topic"", ""Selected Y typology"", ""Selected Y evidence"", ""Formula used evidence""]";"Typologie de la reponse selectionnee : count. Ligne Detail Y correspondant a formula_used; les autres reponses candidates ne pilotent pas cette tache.

Provenance des corrections : audit du 2026-09-07, inspection du RDS et sources indiquees dans cette fiche. Regeneration : code/r_catalog/dataset_curation.py et dataset_curation_overrides.json.";"valid";"[]";"data/final_datasets/sf/Python_geodatasets_geoda.sacramento1.rds";"403";"not_promoted";"La formule est executable et le support spatial existe, mais elle provient d une proposition systeme plutot que d une source scientifique confirmee.";"[""package_include_not_yes"", ""benchmark_status_not_ready"", ""estimator_eligibility_block_missing""]";"false";"[""data/final_datasets/sf/Python_geodatasets_geoda.sacramento1.rds"", ""data/manifests/datasets/proposed_formula_used_audit.csv"", ""data/manifests/datasets/software_python_catalog_classified.jsonl"", ""data/manifests/datasets/python_dataset_formula_audit.jsonl"", ""data/downloads/software/python_datasets/csv/geodatasets__geoda_sacramento1.csv"", ""wiki/datasets/fiches_datasets/Python_geodatasets_geoda.sacramento1.md"", ""data/final_datasets/sf/Python_geodatasets_geoda.sacramento1.rds""]";"cb458f861a514c471a0a3b6fcddb2e99f0d900f7094187e185a55e160bac953d";"679c9aefe85b436f25499ee6c4f256459fa926c80482f6d27b97f8be2e9d07d0"
"Python_geodatasets_geoda.savannah1";"wiki/datasets/fiches_datasets/Python_geodatasets_geoda.savannah1.md";"true";"almost_ready_generated_formula";"almost_ready_generated_formula";"manual_review";"manual_review";"false";"false";"HH_INC ~ TOT_POP + POP_16 + POP_65 + WHITE_ + BLACK_ + ASIAN_ + HISP_ + MUTLI_RA";"HH_INC ~ TOT_POP + POP_16 + POP_65 + WHITE_ + BLACK_ + ASIAN_ + HISP_ + MUTLI_RA";"pending";"pending";"pub";"generated_system_formula";"[""count""]";"[""count""]";"[]";"0";"0";"[""Observed population"", ""Geographic context"", ""Topic"", ""Selected Y typology"", ""Selected Y evidence"", ""Formula used evidence""]";"Typologie de la reponse selectionnee : count. Ligne Detail Y correspondant a formula_used; les autres reponses candidates ne pilotent pas cette tache.

Provenance des corrections : audit du 2026-09-07, inspection du RDS et sources indiquees dans cette fiche. Regeneration : code/r_catalog/dataset_curation.py et dataset_curation_overrides.json.";"valid";"[]";"data/final_datasets/sf/Python_geodatasets_geoda.savannah1.rds";"77";"not_promoted";"La formule est executable et le support spatial existe, mais elle provient d une proposition systeme plutot que d une source scientifique confirmee.";"[""package_include_not_yes"", ""benchmark_status_not_ready"", ""estimator_eligibility_block_missing""]";"false";"[""data/final_datasets/sf/Python_geodatasets_geoda.savannah1.rds"", ""data/manifests/datasets/proposed_formula_used_audit.csv"", ""data/manifests/datasets/software_python_catalog_classified.jsonl"", ""data/manifests/datasets/python_dataset_formula_audit.jsonl"", ""data/downloads/software/python_datasets/csv/geodatasets__geoda_savannah1.csv"", ""wiki/datasets/fiches_datasets/Python_geodatasets_geoda.savannah1.md"", ""data/final_datasets/sf/Python_geodatasets_geoda.savannah1.rds""]";"9b929a6f94808e9a680bca3ec6c42d26beacfc841e802525f0e75e8bf1c99c3d";"27de705423d6c7a21c5fb1b27ea5ad2b88116c18afd48ec6cbff625d44580ea5"
"Python_geodatasets_geoda.seattle1";"wiki/datasets/fiches_datasets/Python_geodatasets_geoda.seattle1.md";"true";"almost_ready_generated_formula";"almost_ready_generated_formula";"manual_review";"manual_review";"false";"false";"HH_INC ~ TOT_POP + POP_16 + POP_65 + WHITE_ + BLACK_ + ASIAN_ + HISP_ + MULTI_RA";"HH_INC ~ TOT_POP + POP_16 + POP_65 + WHITE_ + BLACK_ + ASIAN_ + HISP_ + MULTI_RA";"pending";"pending";"pub";"generated_system_formula";"[""count""]";"[""count""]";"[]";"0";"0";"[""Observed population"", ""Geographic context"", ""Topic"", ""Selected Y typology"", ""Selected Y evidence"", ""Formula used evidence""]";"Typologie de la reponse selectionnee : count. Ligne Detail Y correspondant a formula_used; les autres reponses candidates ne pilotent pas cette tache.

Provenance des corrections : audit du 2026-09-07, inspection du RDS et sources indiquees dans cette fiche. Regeneration : code/r_catalog/dataset_curation.py et dataset_curation_overrides.json.";"valid";"[]";"data/final_datasets/sf/Python_geodatasets_geoda.seattle1.rds";"664";"not_promoted";"La formule est executable et le support spatial existe, mais elle provient d une proposition systeme plutot que d une source scientifique confirmee.";"[""package_include_not_yes"", ""benchmark_status_not_ready"", ""estimator_eligibility_block_missing""]";"false";"[""data/final_datasets/sf/Python_geodatasets_geoda.seattle1.rds"", ""data/manifests/datasets/proposed_formula_used_audit.csv"", ""data/manifests/datasets/software_python_catalog_classified.jsonl"", ""data/manifests/datasets/python_dataset_formula_audit.jsonl"", ""data/downloads/software/python_datasets/csv/geodatasets__geoda_seattle1.csv"", ""wiki/datasets/fiches_datasets/Python_geodatasets_geoda.seattle1.md"", ""data/final_datasets/sf/Python_geodatasets_geoda.seattle1.rds""]";"8f586b5a99d20ef73c17c01832b9191ce16e3bfd63a20e4453c7f20f6e205681";"bb161be88fdf845d32b3665269e43d8b82b8250292404f83098bdcc347a29072"
"Python_geodatasets_geoda.sids_1974";"wiki/datasets/fiches_datasets/Python_geodatasets_geoda.sids_1974.md";"true";"ready";"manual_review";"yes";"manual_review";"false";"false";"sids_rate ~ nonwhite_birth_rate";"sids_rate ~ nonwhite_birth_rate";"sids_rate ~ nonwhite_birth_rate (referencee dans catalogue)";"sids_rate ~ nonwhite_birth_rate (referencee dans catalogue)";"pub";"paper_extracted";"[""continuous""]";"[""continuous""]";"[]";"0";"0";"[""Observed population"", ""Geographic context"", ""Topic"", ""Selected Y typology"", ""Selected Y evidence""]";"Decision conservatoire : Ancienne declaration yes incoherente avec les conditions du registre : estimator_eligibility_block_missing. Conserver la décision actuelle jusqu’au traitement des constats. La fiche et les donnees sont conservees ; aucune suppression ni promotion.

Typologie de la reponse selectionnee : continuous. Ligne Detail Y correspondant a formula_used; les autres reponses candidates ne pilotent pas cette tache.

Provenance des corrections : audit du 2026-09-07, inspection du RDS et sources indiquees dans cette fiche. Regeneration : code/r_catalog/dataset_curation.py et dataset_curation_overrides.json.";"valid";"[]";"data/final_datasets/sf/Python_geodatasets_geoda.sids_1974.rds";"100";"not_promoted";"Ancienne declaration yes incoherente avec les conditions du registre : estimator_eligibility_block_missing. Conserver la décision actuelle jusqu’au traitement des constats.";"[""package_include_not_yes"", ""benchmark_status_not_ready""]";"false";"[""data/final_datasets/sf/Python_geodatasets_geoda.sids_1974.rds"", ""data/manifests/datasets/software_python_catalog_classified.jsonl"", ""data/manifests/datasets/python_dataset_formula_audit.jsonl"", ""data/downloads/software/python_datasets/csv/geodatasets__geoda_sids.csv"", ""wiki/datasets/fiches_datasets/Python_geodatasets_geoda.sids_1974.md"", ""data/final_datasets/sf/Python_geodatasets_geoda.sids_1974.rds""]";"66cb4a617eeb3fdb787647b5d9405de694fd96c7f443a1e19c6b660e7fdbae87";"5d61c03809b63daccfaa2eab2ee52bdce22d86897a7e35d70245d2cf00893177"
"Python_geodatasets_geoda.sids_1979";"wiki/datasets/fiches_datasets/Python_geodatasets_geoda.sids_1979.md";"true";"ready";"manual_review";"yes";"manual_review";"false";"false";"sids_rate ~ nonwhite_birth_rate";"sids_rate ~ nonwhite_birth_rate";"sids_rate ~ nonwhite_birth_rate (referencee dans catalogue)";"sids_rate ~ nonwhite_birth_rate (referencee dans catalogue)";"pub";"paper_extracted";"[""continuous""]";"[""continuous""]";"[]";"0";"0";"[""Observed population"", ""Geographic context"", ""Topic"", ""Selected Y typology"", ""Selected Y evidence""]";"Decision conservatoire : Ancienne declaration yes incoherente avec les conditions du registre : estimator_eligibility_block_missing. Conserver la décision actuelle jusqu’au traitement des constats. La fiche et les donnees sont conservees ; aucune suppression ni promotion.

Typologie de la reponse selectionnee : continuous. Ligne Detail Y correspondant a formula_used; les autres reponses candidates ne pilotent pas cette tache.

Provenance des corrections : audit du 2026-09-07, inspection du RDS et sources indiquees dans cette fiche. Regeneration : code/r_catalog/dataset_curation.py et dataset_curation_overrides.json.";"valid";"[]";"data/final_datasets/sf/Python_geodatasets_geoda.sids_1979.rds";"100";"not_promoted";"Ancienne declaration yes incoherente avec les conditions du registre : estimator_eligibility_block_missing. Conserver la décision actuelle jusqu’au traitement des constats.";"[""package_include_not_yes"", ""benchmark_status_not_ready""]";"false";"[""data/final_datasets/sf/Python_geodatasets_geoda.sids_1979.rds"", ""data/manifests/datasets/software_python_catalog_classified.jsonl"", ""data/manifests/datasets/python_dataset_formula_audit.jsonl"", ""data/downloads/software/python_datasets/csv/geodatasets__geoda_sids.csv"", ""wiki/datasets/fiches_datasets/Python_geodatasets_geoda.sids_1979.md"", ""data/final_datasets/sf/Python_geodatasets_geoda.sids_1979.rds""]";"881a63067a0643a3fbd9ddcefeced9526cf920705465a6bbe8dc628eefc6d8ca";"51e68c007ceed0fa8576245a3a8520e85771487a179367e4ff7bc44c0d1ed195"
"Python_geodatasets_geoda.tampa1";"wiki/datasets/fiches_datasets/Python_geodatasets_geoda.tampa1.md";"true";"almost_ready_generated_formula";"almost_ready_generated_formula";"manual_review";"manual_review";"false";"false";"HH_INC ~ TOT_POP + POP_16 + POP_65 + WHITE_ + BLACK_ + ASIAN_ + HISP_ + MULTI_RA";"HH_INC ~ TOT_POP + POP_16 + POP_65 + WHITE_ + BLACK_ + ASIAN_ + HISP_ + MULTI_RA";"pending";"pending";"pub";"generated_system_formula";"[""count""]";"[""count""]";"[]";"0";"0";"[""Observed population"", ""Geographic context"", ""Topic"", ""Selected Y typology"", ""Selected Y evidence"", ""Formula used evidence""]";"Typologie de la reponse selectionnee : count. Ligne Detail Y correspondant a formula_used; les autres reponses candidates ne pilotent pas cette tache.

Provenance des corrections : audit du 2026-09-07, inspection du RDS et sources indiquees dans cette fiche. Regeneration : code/r_catalog/dataset_curation.py et dataset_curation_overrides.json.";"valid";"[]";"data/final_datasets/sf/Python_geodatasets_geoda.tampa1.rds";"547";"not_promoted";"La formule est executable et le support spatial existe, mais elle provient d une proposition systeme plutot que d une source scientifique confirmee.";"[""package_include_not_yes"", ""benchmark_status_not_ready"", ""estimator_eligibility_block_missing""]";"false";"[""data/final_datasets/sf/Python_geodatasets_geoda.tampa1.rds"", ""data/manifests/datasets/proposed_formula_used_audit.csv"", ""data/manifests/datasets/software_python_catalog_classified.jsonl"", ""data/manifests/datasets/python_dataset_formula_audit.jsonl"", ""data/downloads/software/python_datasets/csv/geodatasets__geoda_tampa1.csv"", ""wiki/datasets/fiches_datasets/Python_geodatasets_geoda.tampa1.md"", ""data/final_datasets/sf/Python_geodatasets_geoda.tampa1.rds""]";"48dc13a3f1e4dfd7dd72bccc2753426dcc9ce746415412dab2aa2177a4bf6f77";"6c5f197b69008ea25b83e0b4570bb1d1d240c0850b818442ca697edc94154fd9"
"Python_geodatasets_geoda.us_sdoh";"wiki/datasets/fiches_datasets/Python_geodatasets_geoda.us_sdoh.md";"true";"almost_ready_generated_formula";"almost_ready_generated_formula";"manual_review";"manual_review";"false";"false";"SDOH_CL ~ ep_pci + ep_nohs + ep_sngp + ep_lime + ep_crow + ep_nove + rntov30p_1 + ep_minrty";"SDOH_CL ~ ep_pci + ep_nohs + ep_sngp + ep_lime + ep_crow + ep_nove + rntov30p_1 + ep_minrty";"pending";"pending";"pub";"generated_system_formula";"[""count"", ""continuous""]";"[""count""]";"[]";"0";"0";"[""Geographic context"", ""Selected Y typology"", ""Selected Y evidence"", ""Formula used evidence""]";"Typologie de la reponse selectionnee : count. Ligne Detail Y correspondant a formula_used; les autres reponses candidates ne pilotent pas cette tache.

Provenance des corrections : audit du 2026-09-07, inspection du RDS et sources indiquees dans cette fiche. Regeneration : code/r_catalog/dataset_curation.py et dataset_curation_overrides.json.";"valid";"[]";"data/final_datasets/sf/Python_geodatasets_geoda.us_sdoh.rds";"71901";"not_promoted";"La formule est executable et le support spatial existe, mais elle provient d une proposition systeme plutot que d une source scientifique confirmee.";"[""package_include_not_yes"", ""benchmark_status_not_ready"", ""estimator_eligibility_block_missing""]";"false";"[""data/final_datasets/sf/Python_geodatasets_geoda.us_sdoh.rds"", ""data/manifests/datasets/proposed_formula_used_audit.csv"", ""data/manifests/datasets/software_python_catalog_classified.jsonl"", ""data/manifests/datasets/python_dataset_formula_audit.jsonl"", ""data/downloads/software/python_datasets/csv/geodatasets__geoda_us_sdoh.csv"", ""wiki/datasets/fiches_datasets/Python_geodatasets_geoda.us_sdoh.md"", ""data/final_datasets/sf/Python_geodatasets_geoda.us_sdoh.rds""]";"042cf127ed33c589e3b4946eb357f648de0d4ce5618121182c3e2fec4e779c78";"ccdc004fdc07ea0119ae80500f7994cea6cb16f6fe04ab5921015e4088635d2d"
"Python_geodatasets_naturalearth.cities";"wiki/datasets/fiches_datasets/Python_geodatasets_naturalearth.cities.md";"true";"not_ready_non_continuous_response";"not_ready_main_benchmark";"no";"no";"false";"false";"pop_max ~ scalerank + natscale + labelrank + adm0cap + capalt + rank_max + rank_min + min_zoom";"pop_max ~ scalerank + natscale + labelrank + adm0cap + capalt + rank_max + rank_min + min_zoom";"pending";"pending";"pub";"unavailable";"[""count"", ""binary""]";"[""count""]";"[]";"0";"0";"[""Observed population"", ""Geographic context"", ""Topic"", ""Selected Y typology"", ""Selected Y evidence""]";"Decision conservatoire : La formule propose des rangs/paramètres cartographiques (scalerank, labelrank, rank_max, zoom) comme X de population. Certains peuvent dériver de la population. Garder la couche comme référence cartographique; une tâche population nécessite des covariables indépendantes et datées. La fiche et les donnees sont conservees ; aucune suppression ni promotion.

Typologie de la reponse selectionnee : count. Ligne Detail Y correspondant a formula_used; les autres reponses candidates ne pilotent pas cette tache.

Provenance des corrections : audit du 2026-09-07, inspection du RDS et sources indiquees dans cette fiche. Regeneration : code/r_catalog/dataset_curation.py et dataset_curation_overrides.json.";"valid";"[]";"data/final_datasets/sf/Python_geodatasets_naturalearth.cities.rds";"243";"not_promoted";"La formule propose des rangs/paramètres cartographiques (scalerank, labelrank, rank_max, zoom) comme X de population. Certains peuvent dériver de la population. Garder la couche comme référence cartographique; une tâche population nécessite des covariables indépendantes et datées.";"[""package_include_not_yes"", ""benchmark_status_not_ready"", ""formula_evidence_unavailable""]";"true";"[""data/final_datasets/sf/Python_geodatasets_naturalearth.cities.rds"", ""data/manifests/datasets/proposed_formula_used_audit.csv"", ""data/manifests/datasets/software_python_catalog_classified.jsonl"", ""data/manifests/datasets/python_dataset_formula_audit.jsonl"", ""data/downloads/software/python_datasets/csv/geodatasets__naturalearth_cities.csv"", ""wiki/datasets/fiches_datasets/Python_geodatasets_naturalearth.cities.md"", ""data/final_datasets/sf/Python_geodatasets_naturalearth.cities.rds""]";"fea89469a97a4cebc4837bc12ad5a04218508f03697b601a92847afa3f5eb227";"9f2854ef6c494d75eafc23274a1aa5b754e1c08e8f0bcbcce555ebcf19e9d188"
"Python_geodatasets_spdata.auckland";"wiki/datasets/fiches_datasets/Python_geodatasets_spdata.auckland.md";"true";"not_ready_missing_formula";"not_ready_missing_formula";"no";"no";"false";"false";"pending";"pending";"not_applicable - estimation de taux par lissage Bayes empirique (M77_85 / Und5_81, ou M77_85 ~ offset(log(Und5_81))), pas une regression Y~X multivariee : aucune covariable explicative n'est presente dans le dataset au-dela des coordonnees. (referencee dans catalogue)";"not_applicable - estimation de taux par lissage Bayes empirique (M77_85 / Und5_81, ou M77_85 ~ offset(log(Und5_81))), pas une regression Y~X multivariee : aucune covariable explicative n'est presente dans le dataset au-dela des coordonnees. (referencee dans catalogue)";"pub";"unavailable";"[""continuous""]";"[""continuous""]";"[]";"0";"0";"[""Observed population"", ""Geographic context"", ""Topic""]";"Provenance des corrections : audit du 2026-09-07, inspection du RDS et sources indiquees dans cette fiche. Regeneration : code/r_catalog/dataset_curation.py et dataset_curation_overrides.json.";"unavailable";"[]";"data/final_datasets/sf/Python_geodatasets_spdata.auckland.rds";"167";"not_promoted";"Aucune formule systeme ou publication n est disponible pour ce jeu de donnees package.";"[""package_include_not_yes"", ""benchmark_status_not_ready"", ""formula_used_missing_or_pending"", ""response_missing"", ""estimator_eligibility_block_missing"", ""formula_evidence_unavailable""]";"false";"[""data/final_datasets/sf/Python_geodatasets_spdata.auckland.rds"", ""data/manifests/datasets/software_python_catalog_classified.jsonl"", ""data/manifests/datasets/python_dataset_formula_audit.jsonl"", ""data/downloads/software/python_datasets/csv/geodatasets__spdata_auckland.csv"", ""wiki/datasets/fiches_datasets/Python_geodatasets_spdata.auckland.md"", ""data/final_datasets/sf/Python_geodatasets_spdata.auckland.rds""]";"9765751d51c178814183ebac637a497139e0de4a72052d732b9e0a639f40a4ff";"029028bdf4f1c188975d017756b80812fedebcac835444c80ee33cc98da581db"
"Python_geodatasets_spdata.boston";"wiki/datasets/fiches_datasets/Python_geodatasets_spdata.boston.md";"true";"ready";"ready";"yes";"yes";"true";"true";"CMEDV ~ CRIM + ZN + INDUS + CHAS + NOX + RM + AGE + DIS + RAD + TAX + PTRATIO + B + LSTAT";"CMEDV ~ CRIM + ZN + INDUS + CHAS + NOX + RM + AGE + DIS + RAD + TAX + PTRATIO + B + LSTAT";"CMEDV ~ CRIM + ZN + INDUS + CHAS + NOX + RM + AGE + DIS + RAD + TAX + PTRATIO + B + LSTAT";"CMEDV ~ CRIM + ZN + INDUS + CHAS + NOX + RM + AGE + DIS + RAD + TAX + PTRATIO + B + LSTAT";"pub";"pub";"[""continuous""]";"[""continuous""]";"[]";"0";"0";"[""Observed population"", ""Geographic context"", ""Topic"", ""Selected Y typology"", ""Selected Y evidence""]";"Typologie de la reponse selectionnee : continuous. Ligne Detail Y correspondant a formula_used; les autres reponses candidates ne pilotent pas cette tache.

Provenance des corrections : audit du 2026-09-07, inspection du RDS et sources indiquees dans cette fiche. Regeneration : code/r_catalog/dataset_curation.py et dataset_curation_overrides.json.";"valid";"[]";"data/final_datasets/sf/Python_geodatasets_spdata.boston.rds";"506";"loaded";"";"[]";"false";"[""data/final_datasets/sf/Python_geodatasets_spdata.boston.rds"", ""data/manifests/datasets/software_python_catalog_classified.jsonl"", ""data/manifests/datasets/python_dataset_formula_audit.jsonl"", ""data/downloads/software/python_datasets/csv/geodatasets__spdata_boston.csv"", ""wiki/datasets/fiches_datasets/Python_geodatasets_spdata.boston.md"", ""data/final_datasets/sf/Python_geodatasets_spdata.boston.rds""]";"2f5b31dd651cfa6cc3be62b660f24acd8686b7f172e23cf9a97f68011a8fe499";"8d82ddb559b790089cf7c1057990faa2c2738ae95c71cc743b453bc2ec09b4dc"
"Python_geodatasets_spdata.columbus";"wiki/datasets/fiches_datasets/Python_geodatasets_spdata.columbus.md";"true";"ready";"ready";"yes";"yes";"true";"true";"CRIME ~ HOVAL + INC";"CRIME ~ HOVAL + INC";"pending";"CRIME ~ HOVAL + INC";"pub";"pub";"[""continuous""]";"[""continuous""]";"[]";"0";"0";"[""Geographic context"", ""Selected Y typology"", ""Selected Y evidence"", ""formula_pub"", ""x_terms_pub"", ""y_term_pub"", ""Reference publication"", ""Formula used evidence""]";"Preuve de l’alias Columbus preservee; permutation de l’ordre INC/HOVAL sans modification de la specification. W original de contiguite conserve.

Typologie de la reponse selectionnee : continuous. Ligne Detail Y correspondant a formula_used; les autres reponses candidates ne pilotent pas cette tache.

Provenance des corrections : audit du 2026-09-07, inspection du RDS et sources indiquees dans cette fiche. Regeneration : code/r_catalog/dataset_curation.py et dataset_curation_overrides.json.";"valid";"[]";"data/final_datasets/sf/Python_geodatasets_spdata.columbus.rds";"49";"loaded";"";"[]";"false";"[""data/final_datasets/sf/Python_geodatasets_spdata.columbus.rds"", ""data/manifests/datasets/proposed_formula_used_audit.csv"", ""data/manifests/datasets/package_generated_formula_validation_2026-08.csv"", ""data/manifests/datasets/software_python_catalog_classified.jsonl"", ""data/manifests/datasets/python_dataset_formula_audit.jsonl"", ""data/downloads/software/python_datasets/csv/geodatasets__spdata_columbus.csv"", ""wiki/datasets/fiches_datasets/Python_geodatasets_spdata.columbus.md"", ""data/final_datasets/sf/Python_geodatasets_spdata.columbus.rds""]";"1e495f1ed0ad5ef7a0cd8ffea8482ae5eb9303b308268ffe19a06f1407915a5e";"2ec972b39e776d20bee14a64552456ef621bd8ec9f8fa38a6448c84bba2d2f31"
"Python_geodatasets_spdata.eire";"wiki/datasets/fiches_datasets/Python_geodatasets_spdata.eire.md";"true";"almost_ready_small_n";"almost_ready_small_n";"manual_review";"manual_review";"false";"false";"A ~ towns + pale";"A ~ towns + pale";"pending";"pending";"pub";"unavailable";"[""continuous""]";"[""continuous""]";"[]";"0";"0";"[""Observed population"", ""Geographic context"", ""Topic""]";"Provenance des corrections : audit du 2026-09-07, inspection du RDS et sources indiquees dans cette fiche. Regeneration : code/r_catalog/dataset_curation.py et dataset_curation_overrides.json.";"valid";"[]";"data/final_datasets/sf/Python_geodatasets_spdata.eire.rds";"26";"not_promoted";"La formule et les covariables sont executables, mais l echantillon est petit pour une comparaison robuste d estimateurs.";"[""package_include_not_yes"", ""benchmark_status_not_ready"", ""estimator_eligibility_block_missing"", ""formula_evidence_unavailable""]";"false";"[""data/final_datasets/sf/Python_geodatasets_spdata.eire.rds"", ""data/manifests/datasets/proposed_formula_used_audit.csv"", ""data/manifests/datasets/software_python_catalog_classified.jsonl"", ""data/manifests/datasets/python_dataset_formula_audit.jsonl"", ""data/downloads/software/python_datasets/csv/geodatasets__spdata_eire.csv"", ""wiki/datasets/fiches_datasets/Python_geodatasets_spdata.eire.md"", ""data/final_datasets/sf/Python_geodatasets_spdata.eire.rds""]";"7cad5c9ee582a7e478d3257d5b9c01b678f1215510d57aa2846869b39c28151f";"52a89818e99105c82a737d494039a7e1a870adabf2ebb3eb36efb7c83000840a"
"Python_geodatasets_spdata.nydata";"wiki/datasets/fiches_datasets/Python_geodatasets_spdata.nydata.md";"true";"ready";"manual_review";"yes";"manual_review";"false";"false";"TRACTCAS ~ POP8 + PCTOWNHOME + PCTAGE65P + AVGIDIST + PEXPOSURE";"TRACTCAS ~ POP8 + PCTOWNHOME + PCTAGE65P + AVGIDIST + PEXPOSURE";"pending";"pending";"pub";"generated_system_formula";"[""continuous"", ""rate""]";"[""continuous""]";"[]";"0";"0";"[""Observed population"", ""Geographic context"", ""Topic"", ""Selected Y typology"", ""Selected Y evidence""]";"Decision conservatoire : Ancienne declaration yes incoherente avec les conditions du registre : estimator_eligibility_block_missing. Conserver la décision actuelle jusqu’au traitement des constats. La fiche et les donnees sont conservees ; aucune suppression ni promotion.

Typologie de la reponse selectionnee : continuous. Ligne Detail Y correspondant a formula_used; les autres reponses candidates ne pilotent pas cette tache.

Provenance des corrections : audit du 2026-09-07, inspection du RDS et sources indiquees dans cette fiche. Regeneration : code/r_catalog/dataset_curation.py et dataset_curation_overrides.json.";"valid";"[]";"data/final_datasets/sf/Python_geodatasets_spdata.nydata.rds";"281";"not_promoted";"Ancienne declaration yes incoherente avec les conditions du registre : estimator_eligibility_block_missing. Conserver la décision actuelle jusqu’au traitement des constats.";"[""package_include_not_yes"", ""benchmark_status_not_ready""]";"false";"[""data/final_datasets/sf/Python_geodatasets_spdata.nydata.rds"", ""data/manifests/datasets/proposed_formula_used_audit.csv"", ""data/manifests/datasets/package_generated_formula_validation_2026-08.csv"", ""data/manifests/datasets/software_python_catalog_classified.jsonl"", ""data/manifests/datasets/python_dataset_formula_audit.jsonl"", ""data/downloads/software/python_datasets/csv/geodatasets__spdata_nydata.csv"", ""wiki/datasets/fiches_datasets/Python_geodatasets_spdata.nydata.md"", ""data/final_datasets/sf/Python_geodatasets_spdata.nydata.rds""]";"ce419b882f391aac0e72f350b5925667479c0327714aa9cfc550228ab8dc0428";"c330269bcad76aef3150328bdbb94a96d761434692c0baa58cdb76c6d807b84a"
"Python_geodatasets_spdata.wheat";"wiki/datasets/fiches_datasets/Python_geodatasets_spdata.wheat.md";"true";"ready";"manual_review";"yes";"manual_review";"false";"false";"yield ~ r + c + lat1";"yield ~ r + c + lat1";"pending";"pending";"pub";"generated_system_formula";"[""continuous""]";"[""continuous""]";"[]";"0";"0";"[""Geographic context"", ""Selected Y typology"", ""Selected Y evidence""]";"Decision conservatoire : Ancienne declaration yes incoherente avec les conditions du registre : estimator_eligibility_block_missing. Conserver la décision actuelle jusqu’au traitement des constats. La fiche et les donnees sont conservees ; aucune suppression ni promotion.

Typologie de la reponse selectionnee : continuous. Ligne Detail Y correspondant a formula_used; les autres reponses candidates ne pilotent pas cette tache.

Provenance des corrections : audit du 2026-09-07, inspection du RDS et sources indiquees dans cette fiche. Regeneration : code/r_catalog/dataset_curation.py et dataset_curation_overrides.json.";"valid";"[]";"data/final_datasets/sf/Python_geodatasets_spdata.wheat.rds";"500";"not_promoted";"Ancienne declaration yes incoherente avec les conditions du registre : estimator_eligibility_block_missing. Conserver la décision actuelle jusqu’au traitement des constats.";"[""package_include_not_yes"", ""benchmark_status_not_ready""]";"false";"[""data/final_datasets/sf/Python_geodatasets_spdata.wheat.rds"", ""data/manifests/datasets/proposed_formula_used_audit.csv"", ""data/manifests/datasets/package_generated_formula_validation_2026-08.csv"", ""data/manifests/datasets/software_python_catalog_classified.jsonl"", ""data/manifests/datasets/python_dataset_formula_audit.jsonl"", ""data/downloads/software/python_datasets/csv/geodatasets__spdata_wheat.csv"", ""wiki/datasets/fiches_datasets/Python_geodatasets_spdata.wheat.md"", ""data/final_datasets/sf/Python_geodatasets_spdata.wheat.rds""]";"2d4f58206af378580b32c4617f8c7115d85bb562f140f055814a54c664404192";"cb3a6ad138f8805390e7970f039b1a664d1c9a8ff41422300b8f4c0f54ebad10"
"Python_libpysal_Baltimore";"wiki/datasets/fiches_datasets/Python_libpysal_Baltimore.md";"true";"ready";"manual_review";"yes";"manual_review";"false";"false";"PRICE ~ NROOM + NBATH + PATIO + FIREPL + AC + GAR + AGE + LOTSZ + SQFT";"PRICE ~ NROOM + NBATH + PATIO + FIREPL + AC + GAR + AGE + LOTSZ + SQFT";"pending";"pending";"pub";"generated_system_formula";"[""continuous""]";"[""continuous""]";"[]";"0";"0";"[""Observed population"", ""Geographic context"", ""Topic"", ""Selected Y typology"", ""Selected Y evidence""]";"Decision conservatoire : Ancienne declaration yes incoherente avec les conditions du registre : estimator_eligibility_block_missing. Conserver la décision actuelle jusqu’au traitement des constats. La fiche et les donnees sont conservees ; aucune suppression ni promotion.

Typologie de la reponse selectionnee : continuous. Ligne Detail Y correspondant a formula_used; les autres reponses candidates ne pilotent pas cette tache.

Provenance des corrections : audit du 2026-09-07, inspection du RDS et sources indiquees dans cette fiche. Regeneration : code/r_catalog/dataset_curation.py et dataset_curation_overrides.json.";"valid";"[]";"data/final_datasets/sf/Python_libpysal_Baltimore.rds";"211";"not_promoted";"Ancienne declaration yes incoherente avec les conditions du registre : estimator_eligibility_block_missing. Conserver la décision actuelle jusqu’au traitement des constats.";"[""package_include_not_yes"", ""benchmark_status_not_ready""]";"false";"[""data/final_datasets/sf/Python_libpysal_Baltimore.rds"", ""data/manifests/datasets/proposed_formula_used_audit.csv"", ""data/manifests/datasets/package_generated_formula_validation_2026-08.csv"", ""data/manifests/datasets/software_python_catalog_classified.jsonl"", ""data/manifests/datasets/python_dataset_formula_audit.jsonl"", ""data/downloads/software/python_datasets/csv/libpysal__Baltimore.csv"", ""wiki/datasets/fiches_datasets/Python_libpysal_Baltimore.md"", ""data/final_datasets/sf/Python_libpysal_Baltimore.rds""]";"f126e2e7a94a66f528546d45a6219031fb7f2c81184876463bc11de29c8296aa";"7b89fc453f46cb7b6d4729e90ecee17260c52a1ed8289a32e2af75008e010237"
"Python_libpysal_chicagoSDOH";"wiki/datasets/fiches_datasets/Python_libpysal_chicagoSDOH.md";"true";"almost_ready_generated_formula";"almost_ready_generated_formula";"manual_review";"manual_review";"false";"false";"YPLL_rate ~ PDENS14 + CarC14P + CTA14P + Undr514P + Wht14P + Blk14P + Hisp14P + Pop2014";"YPLL_rate ~ PDENS14 + CarC14P + CTA14P + Undr514P + Wht14P + Blk14P + Hisp14P + Pop2014";"pending";"pending";"pub";"generated_system_formula";"[""continuous"", ""count"", ""rate""]";"[""continuous""]";"[]";"0";"0";"[""Geographic context"", ""Selected Y typology"", ""Selected Y evidence"", ""Formula used evidence""]";"Typologie de la reponse selectionnee : continuous. Ligne Detail Y correspondant a formula_used; les autres reponses candidates ne pilotent pas cette tache.

Provenance des corrections : audit du 2026-09-07, inspection du RDS et sources indiquees dans cette fiche. Regeneration : code/r_catalog/dataset_curation.py et dataset_curation_overrides.json.";"valid";"[]";"data/final_datasets/sf/Python_libpysal_chicagoSDOH.rds";"791";"not_promoted";"La formule est executable et le support spatial existe, mais elle provient d une proposition systeme plutot que d une source scientifique confirmee.";"[""package_include_not_yes"", ""benchmark_status_not_ready"", ""estimator_eligibility_block_missing""]";"false";"[""data/final_datasets/sf/Python_libpysal_chicagoSDOH.rds"", ""data/manifests/datasets/proposed_formula_used_audit.csv"", ""data/manifests/datasets/software_python_catalog_classified.jsonl"", ""data/manifests/datasets/python_dataset_formula_audit.jsonl"", ""data/downloads/software/python_datasets/csv/libpysal__chicagoSDOH.csv"", ""wiki/datasets/fiches_datasets/Python_libpysal_chicagoSDOH.md"", ""data/final_datasets/sf/Python_libpysal_chicagoSDOH.rds""]";"7177be5ef86ae00bd4ba5b6ce5dcb5d1418baf54a6877c23dcf14638bb106a85";"9b99a0ab8045d0b0b2696aed26e6fe626b98ba283054bd6573af587b9e9f15d3"
"Python_libpysal_Elections";"wiki/datasets/fiches_datasets/Python_libpysal_Elections.md";"true";"almost_ready_generated_formula";"almost_ready_generated_formula";"manual_review";"manual_review";"false";"false";"pct_dem_16 ~ ALAND + AWATER + PST045214 + PST120214 + POP010210 + AGE135214 + AGE295214 + AGE775214";"pct_dem_16 ~ ALAND + AWATER + PST045214 + PST120214 + POP010210 + AGE135214 + AGE295214 + AGE775214";"pending";"pending";"pub";"generated_system_formula";"[""rate"", ""continuous""]";"[""rate""]";"[]";"0";"0";"[""Geographic context"", ""Selected Y typology"", ""Selected Y evidence"", ""Formula used evidence""]";"Typologie de la reponse selectionnee : rate. Ligne Detail Y correspondant a formula_used; les autres reponses candidates ne pilotent pas cette tache.

Provenance des corrections : audit du 2026-09-07, inspection du RDS et sources indiquees dans cette fiche. Regeneration : code/r_catalog/dataset_curation.py et dataset_curation_overrides.json.";"valid";"[]";"data/final_datasets/sf/Python_libpysal_Elections.rds";"3108";"not_promoted";"La formule est executable et le support spatial existe, mais elle provient d une proposition systeme plutot que d une source scientifique confirmee.";"[""package_include_not_yes"", ""benchmark_status_not_ready"", ""estimator_eligibility_block_missing""]";"false";"[""data/final_datasets/sf/Python_libpysal_Elections.rds"", ""data/manifests/datasets/proposed_formula_used_audit.csv"", ""data/manifests/datasets/software_python_catalog_classified.jsonl"", ""data/manifests/datasets/python_dataset_formula_audit.jsonl"", ""data/downloads/software/python_datasets/csv/libpysal__Elections.csv"", ""wiki/datasets/fiches_datasets/Python_libpysal_Elections.md"", ""data/final_datasets/sf/Python_libpysal_Elections.rds""]";"a6409cc5ce54bb9221588480cf0fec9c6d94d9c0499fc885397c79424be37736";"9b89db60600a05c5a9ea6c84ce51e6952631e6add190e41a87fa74af7ce92e37"
"Python_libpysal_georgia";"wiki/datasets/fiches_datasets/Python_libpysal_georgia.md";"true";"ready";"ready";"yes";"yes";"true";"true";"PctBach ~ PctRural + PctFB + PctBlack + PctEld";"PctBach ~ PctRural + PctFB + PctBlack + PctEld";"pending";"PctBach ~ PctRural + PctEld + PctFB + PctPov";"pub";"generated_system_formula";"[""continuous""]";"[""continuous""]";"[]";"0";"0";"[""Observed population"", ""Geographic context"", ""Topic"", ""Selected Y typology"", ""Selected Y evidence"", ""formula_pub"", ""x_terms_pub"", ""y_term_pub"", ""Reference publication"", ""Formula used evidence""]";"L’exemple primaire de GWmodel est conserve dans formula_pub. La formule actuelle de l’alias remplace PctPov par PctBlack; l’equivalence exacte n’est pas attestee. formula_used est conservee et explicitement classee comme variante systeme, sans attribuer ce choix au papier. Aucune promotion effectuee.

Typologie de la reponse selectionnee : continuous. Ligne Detail Y correspondant a formula_used; les autres reponses candidates ne pilotent pas cette tache.

Provenance des corrections : audit du 2026-09-07, inspection du RDS et sources indiquees dans cette fiche. Regeneration : code/r_catalog/dataset_curation.py et dataset_curation_overrides.json.";"valid";"[]";"data/final_datasets/sf/Python_libpysal_georgia.rds";"159";"loaded";"";"[]";"false";"[""data/final_datasets/sf/Python_libpysal_georgia.rds"", ""corpus/papers/raw_pdf/Journal of Geographical Systems_geniaux_2026_top down scale for MGWR.pdf"", ""corpus/papers/raw_pdf/atds_mgwr_ghislain_geniaux.pdf"", ""corpus/papers/tei/Journal of Geographical Systems_geniaux_2026_top down scale for MGWR.tei.xml"", ""corpus/papers/tei/atds_mgwr_ghislain_geniaux.tei.xml"", ""data/manifests/datasets/proposed_formula_used_audit.csv"", ""data/manifests/datasets/package_generated_formula_validation_2026-08.csv"", ""data/manifests/datasets/software_python_catalog_classified.jsonl"", ""data/manifests/datasets/python_dataset_formula_audit.jsonl"", ""data/downloads/software/python_datasets/csv/libpysal__georgia.csv"", ""wiki/datasets/fiches_datasets/Python_libpysal_georgia.md"", ""data/final_datasets/sf/Python_libpysal_georgia.rds""]";"802ba7e2b75a119277b70e4f65f59d874dc941e2ee9f674456a28a5de358a961";"d43cda3d5db9aa74e5a70dcf39882ff01608ae92e374ae83328164373ac84e38"
"Python_libpysal_NYC_Socio-Demographics";"wiki/datasets/fiches_datasets/Python_libpysal_NYC_Socio-Demographics.md";"true";"not_ready_non_continuous_response";"not_ready_non_continuous_response";"no";"no";"false";"false";"UNEMP_RATE ~ poptot + popover18 + popinlabou + households + african + hispanic + asian + european";"UNEMP_RATE ~ poptot + popover18 + popinlabou + households + african + hispanic + asian + european";"pending";"pending";"pub";"unavailable";"[""rate"", ""count"", ""categorical"", ""continuous""]";"[""rate""]";"[]";"0";"0";"[""Geographic context"", ""Selected Y typology"", ""Selected Y evidence""]";"Typologie de la reponse selectionnee : rate. Ligne Detail Y correspondant a formula_used; les autres reponses candidates ne pilotent pas cette tache.

Provenance des corrections : audit du 2026-09-07, inspection du RDS et sources indiquees dans cette fiche. Regeneration : code/r_catalog/dataset_curation.py et dataset_curation_overrides.json.";"valid";"[]";"data/final_datasets/sf/Python_libpysal_NYC_Socio-Demographics.rds";"2166";"not_promoted";"La variable reponse ou la formule n est pas une regression continue scalaire compatible avec le benchmark actuel.";"[""package_include_not_yes"", ""benchmark_status_not_ready"", ""estimator_eligibility_block_missing"", ""formula_evidence_unavailable""]";"false";"[""data/final_datasets/sf/Python_libpysal_NYC_Socio-Demographics.rds"", ""data/manifests/datasets/proposed_formula_used_audit.csv"", ""data/manifests/datasets/software_python_catalog_classified.jsonl"", ""data/manifests/datasets/python_dataset_formula_audit.jsonl"", ""wiki/datasets/fiches_datasets/Python_libpysal_NYC_Socio-Demographics.md"", ""data/final_datasets/sf/Python_libpysal_NYC_Socio-Demographics.rds""]";"bb2026b90b645b970227bd2b325e3553bdc21578494e80585cd7da0f0033365c";"ae6b0da60ee44b3e1bdcbd325c41e77aaacd35144ff91b90b81383bb84a1bca9"
"Python_libpysal_Ohiolung";"wiki/datasets/fiches_datasets/Python_libpysal_Ohiolung.md";"true";"almost_ready_generated_formula";"almost_ready_generated_formula";"manual_review";"manual_review";"false";"false";"LM68 ~ AREA + POPM68 + POPF68 + POPM78 + POPF78 + POPM88 + POPF88 + LMW68";"LM68 ~ AREA + POPM68 + POPF68 + POPM78 + POPF78 + POPM88 + POPF88 + LMW68";"pending";"pending";"pub";"generated_system_formula";"[""count""]";"[""count""]";"[]";"0";"0";"[""Geographic context"", ""Selected Y typology"", ""Selected Y evidence"", ""Formula used evidence""]";"Typologie de la reponse selectionnee : count. Ligne Detail Y correspondant a formula_used; les autres reponses candidates ne pilotent pas cette tache.

Provenance des corrections : audit du 2026-09-07, inspection du RDS et sources indiquees dans cette fiche. Regeneration : code/r_catalog/dataset_curation.py et dataset_curation_overrides.json.";"valid";"[]";"data/final_datasets/sf/Python_libpysal_Ohiolung.rds";"88";"not_promoted";"La formule est executable et le support spatial existe, mais elle provient d une proposition systeme plutot que d une source scientifique confirmee.";"[""package_include_not_yes"", ""benchmark_status_not_ready"", ""estimator_eligibility_block_missing""]";"false";"[""data/final_datasets/sf/Python_libpysal_Ohiolung.rds"", ""data/manifests/datasets/proposed_formula_used_audit.csv"", ""data/manifests/datasets/software_python_catalog_classified.jsonl"", ""data/manifests/datasets/python_dataset_formula_audit.jsonl"", ""data/downloads/software/python_datasets/csv/libpysal__Ohiolung.csv"", ""wiki/datasets/fiches_datasets/Python_libpysal_Ohiolung.md"", ""data/final_datasets/sf/Python_libpysal_Ohiolung.rds""]";"2a304d6c6ff7f03f7cce4b0253924157db075350726e6dc08325154b62e951bb";"e41105271353c38bd6b2490a76d3dc7ff6aeafa57f356e280a6e63fd07b1ecc8"
"Python_libpysal_Snow";"wiki/datasets/fiches_datasets/Python_libpysal_Snow.md";"true";"almost_ready_generated_formula";"almost_ready_generated_formula";"manual_review";"manual_review";"false";"false";"deaths ~ pestfield + dis_pestf + dis_sewers + dis_bspump";"deaths ~ pestfield + dis_pestf + dis_sewers + dis_bspump";"pending";"pending";"pub";"generated_system_formula";"[""count""]";"[""count""]";"[]";"0";"0";"[""Observed population"", ""Geographic context"", ""Topic"", ""Selected Y typology"", ""Selected Y evidence"", ""Formula used evidence""]";"Typologie de la reponse selectionnee : count. Ligne Detail Y correspondant a formula_used; les autres reponses candidates ne pilotent pas cette tache.

Provenance des corrections : audit du 2026-09-07, inspection du RDS et sources indiquees dans cette fiche. Regeneration : code/r_catalog/dataset_curation.py et dataset_curation_overrides.json.";"valid";"[]";"data/final_datasets/sf/Python_libpysal_Snow.rds";"1852";"not_promoted";"La formule est executable et le support spatial existe, mais elle provient d une proposition systeme plutot que d une source scientifique confirmee.";"[""package_include_not_yes"", ""benchmark_status_not_ready"", ""estimator_eligibility_block_missing""]";"false";"[""data/final_datasets/sf/Python_libpysal_Snow.rds"", ""data/manifests/datasets/proposed_formula_used_audit.csv"", ""data/manifests/datasets/software_python_catalog_classified.jsonl"", ""data/manifests/datasets/python_dataset_formula_audit.jsonl"", ""data/downloads/software/python_datasets/csv/libpysal__Snow.csv"", ""wiki/datasets/fiches_datasets/Python_libpysal_Snow.md"", ""data/final_datasets/sf/Python_libpysal_Snow.rds""]";"6feb53ae056af8dbc3a552cfdbaa46c5d128bf95911daf08202e8ff1f827099b";"dfe1f650eef9311119d5e1f2017bd5d53fdcbc24ae3774eaff1be9b45e7041d5"
"R_ade4_atlas_atlas";"wiki/datasets/fiches_datasets/R_ade4_atlas_atlas.md";"true";"not_ready_multivariate_ecology";"not_ready_multivariate_ecology";"no";"no";"false";"false";"pending";"pending";"pending";"pending";"pub";"unavailable";"[""unknown""]";"[""unknown""]";"[]";"0";"0";"[""Observed population"", ""Geographic context"", ""Topic""]";"Provenance des corrections : audit du 2026-09-07, inspection du RDS et sources indiquees dans cette fiche. Regeneration : code/r_catalog/dataset_curation.py et dataset_curation_overrides.json.";"unavailable";"[]";"data/final_datasets/sf/R_ade4_atlas_atlas.rds";"23";"not_promoted";"Les jeux ade4 sont principalement des donnees ecologiques multivariees/ordination; le generateur ne promeut pas automatiquement une colonne en reponse de regression.";"[""package_include_not_yes"", ""benchmark_status_not_ready"", ""formula_used_missing_or_pending"", ""response_missing"", ""estimator_eligibility_block_missing"", ""formula_evidence_unavailable"", ""selected_response_typology_unresolved""]";"false";"[""data/final_datasets/sf/R_ade4_atlas_atlas.rds"", ""wiki/datasets/r_package_docs/ade4/topics/atlas.md"", ""wiki/datasets/fiches_datasets/R_ade4_atlas_atlas.md"", ""data/final_datasets/sf/R_ade4_atlas_atlas.rds""]";"757dfd7ef824045e3f21105429a534b7f7ac0d509b1b02e9fac7f1392bf8f21a";"8ecd420ab2ecd56a73e2bf82bcab75c7507328d82dc138ad08b1b3cd2671d016"
"R_ade4_atya_atya";"wiki/datasets/fiches_datasets/R_ade4_atya_atya.md";"true";"not_ready_multivariate_ecology";"not_ready_multivariate_ecology";"no";"no";"false";"false";"pending";"pending";"pending";"pending";"pub";"unavailable";"[""unknown""]";"[""unknown""]";"[]";"0";"0";"[""Observed population"", ""Geographic context"", ""Topic""]";"Provenance des corrections : audit du 2026-09-07, inspection du RDS et sources indiquees dans cette fiche. Regeneration : code/r_catalog/dataset_curation.py et dataset_curation_overrides.json.";"unavailable";"[]";"data/final_datasets/sf/R_ade4_atya_atya.rds";"31";"not_promoted";"Les jeux ade4 sont principalement des donnees ecologiques multivariees/ordination; le generateur ne promeut pas automatiquement une colonne en reponse de regression.";"[""package_include_not_yes"", ""benchmark_status_not_ready"", ""formula_used_missing_or_pending"", ""response_missing"", ""estimator_eligibility_block_missing"", ""formula_evidence_unavailable"", ""selected_response_typology_unresolved""]";"false";"[""data/final_datasets/sf/R_ade4_atya_atya.rds"", ""wiki/datasets/r_package_docs/ade4/topics/atya.md"", ""wiki/datasets/fiches_datasets/R_ade4_atya_atya.md"", ""data/final_datasets/sf/R_ade4_atya_atya.rds""]";"3adb5551a735be7374f901b3efec2ad413c2e55320479f759b4d73c398003e78";"0a5a7c7f3b711b438683e0e1c070c5480cc47ba1cf3a6a55472b65553127b53f"
"R_ade4_avijons_avijons";"wiki/datasets/fiches_datasets/R_ade4_avijons_avijons.md";"true";"not_ready_multivariate_ecology";"not_ready_multivariate_ecology";"no";"no";"false";"false";"pending";"pending";"pending";"pending";"pub";"unavailable";"[""unknown""]";"[""unknown""]";"[]";"0";"0";"[""Observed population"", ""Geographic context"", ""Topic""]";"Provenance des corrections : audit du 2026-09-07, inspection du RDS et sources indiquees dans cette fiche. Regeneration : code/r_catalog/dataset_curation.py et dataset_curation_overrides.json.";"unavailable";"[]";"data/final_datasets/sf/R_ade4_avijons_avijons.rds";"91";"not_promoted";"Les jeux ade4 sont principalement des donnees ecologiques multivariees/ordination; le generateur ne promeut pas automatiquement une colonne en reponse de regression.";"[""package_include_not_yes"", ""benchmark_status_not_ready"", ""formula_used_missing_or_pending"", ""response_missing"", ""estimator_eligibility_block_missing"", ""formula_evidence_unavailable"", ""selected_response_typology_unresolved""]";"false";"[""data/final_datasets/sf/R_ade4_avijons_avijons.rds"", ""wiki/datasets/r_package_docs/ade4/topics/avijons.md"", ""wiki/datasets/fiches_datasets/R_ade4_avijons_avijons.md"", ""data/final_datasets/sf/R_ade4_avijons_avijons.rds""]";"dc03689913b5a70be38e1888bb1b7802f9898bdcf6bd9d0040b0248030275d71";"6340d20383fd358fdc04725cd55f065e4d7869d037e23fc9a89aeca0d46104b0"
"R_ade4_buech_buech";"wiki/datasets/fiches_datasets/R_ade4_buech_buech.md";"true";"not_ready_multivariate_ecology";"not_ready_multivariate_ecology";"no";"no";"false";"false";"pending";"pending";"pending";"pending";"pub";"unavailable";"[""unknown""]";"[""unknown""]";"[]";"0";"0";"[""Observed population"", ""Geographic context"", ""Topic""]";"Provenance des corrections : audit du 2026-09-07, inspection du RDS et sources indiquees dans cette fiche. Regeneration : code/r_catalog/dataset_curation.py et dataset_curation_overrides.json.";"unavailable";"[]";"data/final_datasets/sf/R_ade4_buech_buech.rds";"31";"not_promoted";"Les jeux ade4 sont principalement des donnees ecologiques multivariees/ordination; le generateur ne promeut pas automatiquement une colonne en reponse de regression.";"[""package_include_not_yes"", ""benchmark_status_not_ready"", ""formula_used_missing_or_pending"", ""response_missing"", ""estimator_eligibility_block_missing"", ""formula_evidence_unavailable"", ""selected_response_typology_unresolved""]";"false";"[""data/final_datasets/sf/R_ade4_buech_buech.rds"", ""wiki/datasets/r_package_docs/ade4/topics/buech.md"", ""wiki/datasets/fiches_datasets/R_ade4_buech_buech.md"", ""data/final_datasets/sf/R_ade4_buech_buech.rds""]";"e9b71a092423e81186ea362a2bc78ceb6037cfa220c276055c1547c507c0e9cb";"375f27cdb7d475685bfd3ea31e38d5087abe219bdfe63e187c1b7633e45f7e06"
"R_ade4_butterfly_butterfly";"wiki/datasets/fiches_datasets/R_ade4_butterfly_butterfly.md";"true";"not_ready_multivariate_ecology";"not_ready_multivariate_ecology";"no";"no";"false";"false";"pending";"pending";"pending";"pending";"pub";"unavailable";"[""unknown""]";"[""unknown""]";"[]";"0";"0";"[""Observed population"", ""Geographic context"", ""Topic""]";"Provenance des corrections : audit du 2026-09-07, inspection du RDS et sources indiquees dans cette fiche. Regeneration : code/r_catalog/dataset_curation.py et dataset_curation_overrides.json.";"unavailable";"[]";"data/final_datasets/sf/R_ade4_butterfly_butterfly.rds";"16";"not_promoted";"Les jeux ade4 sont principalement des donnees ecologiques multivariees/ordination; le generateur ne promeut pas automatiquement une colonne en reponse de regression.";"[""package_include_not_yes"", ""benchmark_status_not_ready"", ""formula_used_missing_or_pending"", ""response_missing"", ""estimator_eligibility_block_missing"", ""formula_evidence_unavailable"", ""selected_response_typology_unresolved""]";"false";"[""data/final_datasets/sf/R_ade4_butterfly_butterfly.rds"", ""wiki/datasets/r_package_docs/ade4/topics/butterfly.md"", ""wiki/datasets/fiches_datasets/R_ade4_butterfly_butterfly.md"", ""data/final_datasets/sf/R_ade4_butterfly_butterfly.rds""]";"ec288be2961387d22a91009cc928289f613b0edb1cb7602d8af7001b0b40b026";"eefc41d744f806369f2fcebed8e39d2e3c78fcf5e639e9d3f3f0f950af62210c"
"R_ade4_doubs_doubs";"wiki/datasets/fiches_datasets/R_ade4_doubs_doubs.md";"true";"not_ready_multivariate_ecology";"manual_review";"no";"manual_review";"false";"false";"pending";"pending";"pending";"pending";"pub";"unavailable";"[""unknown""]";"[""unknown""]";"[]";"0";"0";"[""Observed population"", ""Geographic context"", ""Topic"", ""k variables"", ""formula_used"", ""x_terms_used"", ""y_term_used"", ""Formula used evidence"", ""Restored source variables""]";"Tables restaurees : env, fish. Les prefixes conservent la table d’origine. Documentation primaire : wiki/datasets/r_package_docs/ade4/topics/doubs.md ; verification : data/manifests/datasets/ade4_reviewed_table_joins_2026-09-07.json .

Decision conservatoire : Sous-tables natives de sites restaurees par jointure exacte sur les rownames de xy, puis egalite des coordonnees verifiee. Choix scientifique de Y/X et formule encore requis; aucune colonne numerique choisie automatiquement. La fiche et les donnees sont conservees ; aucune suppression ni promotion.

Provenance des corrections : audit du 2026-09-07, inspection du RDS et sources indiquees dans cette fiche. Regeneration : code/r_catalog/dataset_curation.py et dataset_curation_overrides.json.";"unavailable";"[]";"data/final_datasets/sf/R_ade4_doubs_doubs.rds";"30";"not_promoted";"Sous-tables natives de sites restaurees par jointure exacte sur les rownames de xy, puis egalite des coordonnees verifiee. Choix scientifique de Y/X et formule encore requis; aucune colonne numerique choisie automatiquement.";"[""package_include_not_yes"", ""benchmark_status_not_ready"", ""formula_used_missing_or_pending"", ""response_missing"", ""formula_evidence_unavailable"", ""selected_response_typology_unresolved""]";"false";"[""data/final_datasets/sf/R_ade4_doubs_doubs.rds"", ""wiki/datasets/r_package_docs/ade4/topics/doubs.md"", ""wiki/datasets/fiches_datasets/R_ade4_doubs_doubs.md"", ""data/final_datasets/sf/R_ade4_doubs_doubs.rds""]";"9e4b07276740f2f03eab083e6a8f468dbdb27bdb542da56d6012a412910ec54d";"4a4b473606db9ea9e57b71c1c14233cf664bc567606ff439f82f56de82e7735f"
"R_ade4_elec88_elec88";"wiki/datasets/fiches_datasets/R_ade4_elec88_elec88.md";"true";"not_ready_multivariate_ecology";"not_ready_multivariate_ecology";"no";"no";"false";"false";"pending";"pending";"pending";"pending";"pub";"unavailable";"[""continuous""]";"[""continuous""]";"[]";"0";"0";"[""Geographic context""]";"Provenance des corrections : audit du 2026-09-07, inspection du RDS et sources indiquees dans cette fiche. Regeneration : code/r_catalog/dataset_curation.py et dataset_curation_overrides.json.";"unavailable";"[]";"data/final_datasets/sf/R_ade4_elec88_elec88.rds";"94";"not_promoted";"Les jeux ade4 sont principalement des donnees ecologiques multivariees/ordination; le generateur ne promeut pas automatiquement une colonne en reponse de regression.";"[""package_include_not_yes"", ""benchmark_status_not_ready"", ""formula_used_missing_or_pending"", ""response_missing"", ""estimator_eligibility_block_missing"", ""formula_evidence_unavailable""]";"false";"[""data/final_datasets/sf/R_ade4_elec88_elec88.rds"", ""wiki/datasets/r_package_docs/ade4/topics/elec88.md"", ""wiki/datasets/fiches_datasets/R_ade4_elec88_elec88.md"", ""data/final_datasets/sf/R_ade4_elec88_elec88.rds""]";"03f42d5c7fe58339e2a78168198c11745a78237e267ecefb7c84ded7015115df";"e95a8e9eabcd4d7647d4c3f1bb270cb90f77e101466d297dd9f02f5c8a217377"
"R_ade4_irishdata_irishdata";"wiki/datasets/fiches_datasets/R_ade4_irishdata_irishdata.md";"true";"not_ready_multivariate_ecology";"not_ready_multivariate_ecology";"no";"no";"false";"false";"pending";"pending";"pending";"pending";"pub";"unavailable";"[""continuous""]";"[""continuous""]";"[]";"0";"0";"[""Observed population"", ""Geographic context"", ""Topic""]";"Provenance des corrections : audit du 2026-09-07, inspection du RDS et sources indiquees dans cette fiche. Regeneration : code/r_catalog/dataset_curation.py et dataset_curation_overrides.json.";"unavailable";"[]";"data/final_datasets/sf/R_ade4_irishdata_irishdata.rds";"25";"not_promoted";"Les jeux ade4 sont principalement des donnees ecologiques multivariees/ordination; le generateur ne promeut pas automatiquement une colonne en reponse de regression.";"[""package_include_not_yes"", ""benchmark_status_not_ready"", ""formula_used_missing_or_pending"", ""response_missing"", ""estimator_eligibility_block_missing"", ""formula_evidence_unavailable""]";"false";"[""data/final_datasets/sf/R_ade4_irishdata_irishdata.rds"", ""wiki/datasets/r_package_docs/ade4/topics/irishdata.md"", ""wiki/datasets/fiches_datasets/R_ade4_irishdata_irishdata.md"", ""data/final_datasets/sf/R_ade4_irishdata_irishdata.rds""]";"dfa23e987160db4ee6e08555e95353f7dfd969191b21600e8a2b34355f3a77fc";"a3c099dcc4add2867a4881d54f95edb67baefb869c8d44bcfa2ba368616f7ade"
"R_ade4_julliot_julliot";"wiki/datasets/fiches_datasets/R_ade4_julliot_julliot.md";"true";"not_ready_multivariate_ecology";"not_ready_multivariate_ecology";"no";"no";"false";"false";"pending";"pending";"pending";"pending";"pub";"unavailable";"[""binary"", ""count""]";"[""unknown""]";"[]";"0";"0";"[""Observed population"", ""Geographic context"", ""Topic""]";"Provenance des corrections : audit du 2026-09-07, inspection du RDS et sources indiquees dans cette fiche. Regeneration : code/r_catalog/dataset_curation.py et dataset_curation_overrides.json.";"unavailable";"[]";"data/final_datasets/sf/R_ade4_julliot_julliot.rds";"160";"not_promoted";"Les jeux ade4 sont principalement des donnees ecologiques multivariees/ordination; le generateur ne promeut pas automatiquement une colonne en reponse de regression.";"[""package_include_not_yes"", ""benchmark_status_not_ready"", ""formula_used_missing_or_pending"", ""response_missing"", ""estimator_eligibility_block_missing"", ""formula_evidence_unavailable"", ""selected_response_typology_unresolved""]";"false";"[""data/final_datasets/sf/R_ade4_julliot_julliot.rds"", ""wiki/datasets/r_package_docs/ade4/topics/julliot.md"", ""wiki/datasets/fiches_datasets/R_ade4_julliot_julliot.md"", ""data/final_datasets/sf/R_ade4_julliot_julliot.rds""]";"cabcd0ff6123139743726fe6220c19eba3cfad4ad904b23a40e11ecdab5fcecf";"43eb0da6c1d1e6df0774572d5cd0de168beeddc65b35061ccd70e0cb9db6c5a2"
"R_ade4_jv73_jv73";"wiki/datasets/fiches_datasets/R_ade4_jv73_jv73.md";"true";"not_ready_multivariate_ecology";"not_ready_multivariate_ecology";"no";"no";"false";"false";"pending";"pending";"pending";"pending";"pub";"unavailable";"[""unknown""]";"[""unknown""]";"[]";"0";"0";"[""Observed population"", ""Geographic context"", ""Topic""]";"Provenance des corrections : audit du 2026-09-07, inspection du RDS et sources indiquees dans cette fiche. Regeneration : code/r_catalog/dataset_curation.py et dataset_curation_overrides.json.";"unavailable";"[]";"data/final_datasets/sf/R_ade4_jv73_jv73.rds";"92";"not_promoted";"Les jeux ade4 sont principalement des donnees ecologiques multivariees/ordination; le generateur ne promeut pas automatiquement une colonne en reponse de regression.";"[""package_include_not_yes"", ""benchmark_status_not_ready"", ""formula_used_missing_or_pending"", ""response_missing"", ""estimator_eligibility_block_missing"", ""formula_evidence_unavailable"", ""selected_response_typology_unresolved""]";"false";"[""data/final_datasets/sf/R_ade4_jv73_jv73.rds"", ""wiki/datasets/r_package_docs/ade4/topics/jv73.md"", ""wiki/datasets/fiches_datasets/R_ade4_jv73_jv73.md"", ""data/final_datasets/sf/R_ade4_jv73_jv73.rds""]";"75eec5232c468de9e79eb01ffbd39cc3ab6a36b6c54a0c57b1c52a827e6f3e2e";"a6cf797c832a130e25c8e5f56846b9a33b4d31eaaa0ec4bdf5628a5740bf01f9"
"R_ade4_kcponds_kcponds";"wiki/datasets/fiches_datasets/R_ade4_kcponds_kcponds.md";"true";"not_ready_multivariate_ecology";"not_ready_multivariate_ecology";"no";"no";"false";"false";"pending";"pending";"pending";"pending";"pub";"unavailable";"[""count"", ""continuous""]";"[""unknown""]";"[]";"0";"0";"[""Observed population"", ""Geographic context"", ""Topic""]";"Provenance des corrections : audit du 2026-09-07, inspection du RDS et sources indiquees dans cette fiche. Regeneration : code/r_catalog/dataset_curation.py et dataset_curation_overrides.json.";"unavailable";"[]";"data/final_datasets/sf/R_ade4_kcponds_kcponds.rds";"33";"not_promoted";"Les jeux ade4 sont principalement des donnees ecologiques multivariees/ordination; le generateur ne promeut pas automatiquement une colonne en reponse de regression.";"[""package_include_not_yes"", ""benchmark_status_not_ready"", ""formula_used_missing_or_pending"", ""response_missing"", ""estimator_eligibility_block_missing"", ""formula_evidence_unavailable"", ""selected_response_typology_unresolved""]";"false";"[""data/final_datasets/sf/R_ade4_kcponds_kcponds.rds"", ""wiki/datasets/r_package_docs/ade4/topics/kcponds.md"", ""wiki/datasets/fiches_datasets/R_ade4_kcponds_kcponds.md"", ""data/final_datasets/sf/R_ade4_kcponds_kcponds.rds""]";"c18de10ed25ab65181f8bf491a2d023560507b3eb26c5e7dea8f2e2a873c300a";"92f092a60b731436e8dac34ea2ff1d68909d375954b34a3cc44071f76f242a4b"
"R_ade4_macon_macon";"wiki/datasets/fiches_datasets/R_ade4_macon_macon.md";"true";"not_ready_multivariate_ecology";"not_ready_main_benchmark";"no";"no";"false";"false";"pending";"pending";"pending";"pending";"pub";"unavailable";"[""continuous""]";"[""continuous""]";"[]";"0";"0";"[""Observed population"", ""Geographic context"", ""Topic""]";"Decision conservatoire : Huit lignes d’un tableau de vins; les colonnes nommées x/y ne suffisent pas à prouver un support géographique. Garder hors benchmark spatial jusqu’à preuve d’un repère réel; examiner la documentation de macon. La fiche et les donnees sont conservees ; aucune suppression ni promotion.

Provenance des corrections : audit du 2026-09-07, inspection du RDS et sources indiquees dans cette fiche. Regeneration : code/r_catalog/dataset_curation.py et dataset_curation_overrides.json.";"unavailable";"[]";"data/final_datasets/sf/R_ade4_macon_macon.rds";"8";"not_promoted";"Huit lignes d’un tableau de vins; les colonnes nommées x/y ne suffisent pas à prouver un support géographique. Garder hors benchmark spatial jusqu’à preuve d’un repère réel; examiner la documentation de macon.";"[""package_include_not_yes"", ""benchmark_status_not_ready"", ""formula_used_missing_or_pending"", ""response_missing"", ""formula_evidence_unavailable""]";"true";"[""data/final_datasets/sf/R_ade4_macon_macon.rds"", ""wiki/datasets/r_package_docs/ade4/topics/macon.md"", ""wiki/datasets/fiches_datasets/R_ade4_macon_macon.md"", ""data/final_datasets/sf/R_ade4_macon_macon.rds""]";"6509ac015e1dcfa4fec23411008fdb719e7fe39c64b8a196d7be5f39b4757268";"a8e2b0b46288b212a1b2bbed9f0350e9b8289597f31959161deb265be69f40d6"
"R_ade4_mafragh_mafragh";"wiki/datasets/fiches_datasets/R_ade4_mafragh_mafragh.md";"true";"not_ready_multivariate_ecology";"manual_review";"no";"manual_review";"false";"false";"pending";"pending";"pending";"pending";"pub";"unavailable";"[""unknown""]";"[""unknown""]";"[]";"0";"0";"[""Observed population"", ""Geographic context"", ""Topic"", ""k variables"", ""formula_used"", ""x_terms_used"", ""y_term_used"", ""Formula used evidence"", ""Restored source variables""]";"Tables restaurees : env, flo. Les prefixes conservent la table d’origine. Documentation primaire : wiki/datasets/r_package_docs/ade4/topics/mafragh.md ; verification : data/manifests/datasets/ade4_reviewed_table_joins_2026-09-07.json .

Decision conservatoire : Sous-tables natives de sites restaurees par jointure exacte sur les rownames de xy, puis egalite des coordonnees verifiee. Choix scientifique de Y/X et formule encore requis; aucune colonne numerique choisie automatiquement. La fiche et les donnees sont conservees ; aucune suppression ni promotion.

Provenance des corrections : audit du 2026-09-07, inspection du RDS et sources indiquees dans cette fiche. Regeneration : code/r_catalog/dataset_curation.py et dataset_curation_overrides.json.";"unavailable";"[]";"data/final_datasets/sf/R_ade4_mafragh_mafragh.rds";"97";"not_promoted";"Sous-tables natives de sites restaurees par jointure exacte sur les rownames de xy, puis egalite des coordonnees verifiee. Choix scientifique de Y/X et formule encore requis; aucune colonne numerique choisie automatiquement.";"[""package_include_not_yes"", ""benchmark_status_not_ready"", ""formula_used_missing_or_pending"", ""response_missing"", ""formula_evidence_unavailable"", ""selected_response_typology_unresolved""]";"false";"[""data/final_datasets/sf/R_ade4_mafragh_mafragh.rds"", ""wiki/datasets/r_package_docs/ade4/topics/mafragh.md"", ""wiki/datasets/fiches_datasets/R_ade4_mafragh_mafragh.md"", ""data/final_datasets/sf/R_ade4_mafragh_mafragh.rds""]";"d71818a7d2f5e0e78b1f9b2fd315a9b9f21d744d43463842a0d0915fc8d6f935";"872e398ce58eec39a4dda588d0cfb450100454ff009d810ebd46165d70abac1f"
"R_ade4_oribatid_oribatid";"wiki/datasets/fiches_datasets/R_ade4_oribatid_oribatid.md";"true";"not_ready_multivariate_ecology";"not_ready_multivariate_ecology";"no";"no";"false";"false";"pending";"pending";"pending";"pending";"pub";"unavailable";"[""unknown""]";"[""unknown""]";"[]";"0";"0";"[""Observed population"", ""Geographic context"", ""Topic""]";"Provenance des corrections : audit du 2026-09-07, inspection du RDS et sources indiquees dans cette fiche. Regeneration : code/r_catalog/dataset_curation.py et dataset_curation_overrides.json.";"unavailable";"[]";"data/final_datasets/sf/R_ade4_oribatid_oribatid.rds";"70";"not_promoted";"Les jeux ade4 sont principalement des donnees ecologiques multivariees/ordination; le generateur ne promeut pas automatiquement une colonne en reponse de regression.";"[""package_include_not_yes"", ""benchmark_status_not_ready"", ""formula_used_missing_or_pending"", ""response_missing"", ""estimator_eligibility_block_missing"", ""formula_evidence_unavailable"", ""selected_response_typology_unresolved""]";"false";"[""data/final_datasets/sf/R_ade4_oribatid_oribatid.rds"", ""wiki/datasets/r_package_docs/ade4/topics/oribatid.md"", ""wiki/datasets/fiches_datasets/R_ade4_oribatid_oribatid.md"", ""data/final_datasets/sf/R_ade4_oribatid_oribatid.rds""]";"480915ce59fded59a2d30ab45e4502f1eb517219ceb44204e003d0fde91251e5";"2e961c274c0d9667997330a7ec61a1a67cc6f7aedc8847273e6c61b23666b827"
"R_ade4_pcw_pcw";"wiki/datasets/fiches_datasets/R_ade4_pcw_pcw.md";"true";"not_ready_multivariate_ecology";"not_ready_multivariate_ecology";"no";"no";"false";"false";"pending";"pending";"pending";"pending";"pub";"unavailable";"[""unknown""]";"[""unknown""]";"[]";"0";"0";"[""Observed population"", ""Geographic context"", ""Topic""]";"Provenance des corrections : audit du 2026-09-07, inspection du RDS et sources indiquees dans cette fiche. Regeneration : code/r_catalog/dataset_curation.py et dataset_curation_overrides.json.";"unavailable";"[]";"data/final_datasets/sf/R_ade4_pcw_pcw.rds";"50";"not_promoted";"Les jeux ade4 sont principalement des donnees ecologiques multivariees/ordination; le generateur ne promeut pas automatiquement une colonne en reponse de regression.";"[""package_include_not_yes"", ""benchmark_status_not_ready"", ""formula_used_missing_or_pending"", ""response_missing"", ""estimator_eligibility_block_missing"", ""formula_evidence_unavailable"", ""selected_response_typology_unresolved""]";"false";"[""data/final_datasets/sf/R_ade4_pcw_pcw.rds"", ""wiki/datasets/r_package_docs/ade4/topics/pcw.md"", ""wiki/datasets/fiches_datasets/R_ade4_pcw_pcw.md"", ""data/final_datasets/sf/R_ade4_pcw_pcw.rds""]";"337b374d1244e620d5f58f0bb2a824c42c6a814f3b3028de4cc529755d6f6c63";"39956d485c9122d2bad9fc0fc22b3bbeb127333e9d81ec65cdb8b80dd390be70"
"R_ade4_sarcelles_sarcelles";"wiki/datasets/fiches_datasets/R_ade4_sarcelles_sarcelles.md";"true";"not_ready_multivariate_ecology";"not_ready_multivariate_ecology";"no";"no";"false";"false";"pending";"pending";"pending";"pending";"pub";"unavailable";"[""count""]";"[""count""]";"[]";"0";"0";"[""Observed population"", ""Geographic context"", ""Topic""]";"Provenance des corrections : audit du 2026-09-07, inspection du RDS et sources indiquees dans cette fiche. Regeneration : code/r_catalog/dataset_curation.py et dataset_curation_overrides.json.";"unavailable";"[]";"data/final_datasets/sf/R_ade4_sarcelles_sarcelles.rds";"14";"not_promoted";"Les jeux ade4 sont principalement des donnees ecologiques multivariees/ordination; le generateur ne promeut pas automatiquement une colonne en reponse de regression.";"[""package_include_not_yes"", ""benchmark_status_not_ready"", ""formula_used_missing_or_pending"", ""response_missing"", ""estimator_eligibility_block_missing"", ""formula_evidence_unavailable""]";"false";"[""data/final_datasets/sf/R_ade4_sarcelles_sarcelles.rds"", ""wiki/datasets/r_package_docs/ade4/topics/sarcelles.md"", ""wiki/datasets/fiches_datasets/R_ade4_sarcelles_sarcelles.md"", ""data/final_datasets/sf/R_ade4_sarcelles_sarcelles.rds""]";"c19436565b0d8abef7c54f1652b6376c5336faab8aea5a0597953a60fd28babb";"62b55b5ebdb3d53db2ac558b69d1e748aae282163f2a93b5d5504aa5296ab35a"
"R_ade4_t3012_t3012";"wiki/datasets/fiches_datasets/R_ade4_t3012_t3012.md";"true";"not_ready_multivariate_ecology";"not_ready_multivariate_ecology";"no";"no";"false";"false";"pending";"pending";"pending";"pending";"pub";"unavailable";"[""unknown""]";"[""unknown""]";"[]";"0";"0";"[""Observed population"", ""Geographic context"", ""Topic""]";"Provenance des corrections : audit du 2026-09-07, inspection du RDS et sources indiquees dans cette fiche. Regeneration : code/r_catalog/dataset_curation.py et dataset_curation_overrides.json.";"unavailable";"[]";"data/final_datasets/sf/R_ade4_t3012_t3012.rds";"30";"not_promoted";"Les jeux ade4 sont principalement des donnees ecologiques multivariees/ordination; le generateur ne promeut pas automatiquement une colonne en reponse de regression.";"[""package_include_not_yes"", ""benchmark_status_not_ready"", ""formula_used_missing_or_pending"", ""response_missing"", ""estimator_eligibility_block_missing"", ""formula_evidence_unavailable"", ""selected_response_typology_unresolved""]";"false";"[""data/final_datasets/sf/R_ade4_t3012_t3012.rds"", ""wiki/datasets/r_package_docs/ade4/topics/t3012.md"", ""wiki/datasets/fiches_datasets/R_ade4_t3012_t3012.md"", ""data/final_datasets/sf/R_ade4_t3012_t3012.rds""]";"25b090d280657e065706973ba6952b7ba12a8b6c550646f34e05dbdb671927ca";"c921d69d48b0793b25e7c22e924b1e7fe230973b6ec5ca64cd9f2db5a333b9ae"
"R_ade4_tintoodiel_tintoodiel";"wiki/datasets/fiches_datasets/R_ade4_tintoodiel_tintoodiel.md";"true";"not_ready_multivariate_ecology";"not_ready_multivariate_ecology";"no";"no";"false";"false";"pending";"pending";"pending";"pending";"pub";"unavailable";"[""continuous""]";"[""continuous""]";"[]";"0";"0";"[""Observed population"", ""Geographic context"", ""Topic""]";"Provenance des corrections : audit du 2026-09-07, inspection du RDS et sources indiquees dans cette fiche. Regeneration : code/r_catalog/dataset_curation.py et dataset_curation_overrides.json.";"unavailable";"[]";"data/final_datasets/sf/R_ade4_tintoodiel_tintoodiel.rds";"52";"not_promoted";"Les jeux ade4 sont principalement des donnees ecologiques multivariees/ordination; le generateur ne promeut pas automatiquement une colonne en reponse de regression.";"[""package_include_not_yes"", ""benchmark_status_not_ready"", ""formula_used_missing_or_pending"", ""response_missing"", ""estimator_eligibility_block_missing"", ""formula_evidence_unavailable""]";"false";"[""data/final_datasets/sf/R_ade4_tintoodiel_tintoodiel.rds"", ""wiki/datasets/r_package_docs/ade4/topics/tintoodiel.md"", ""wiki/datasets/fiches_datasets/R_ade4_tintoodiel_tintoodiel.md"", ""data/final_datasets/sf/R_ade4_tintoodiel_tintoodiel.rds""]";"a25e5739bbfd9b0eb20b01e34cbaf5065b77564e4c5a203100151d513e961dfd";"f4dce6369f69999232b64c25096a13d2409778dfe6636ab46770cec6928d547c"
"R_ade4_vegtf_vegtf";"wiki/datasets/fiches_datasets/R_ade4_vegtf_vegtf.md";"true";"not_ready_multivariate_ecology";"not_ready_multivariate_ecology";"no";"no";"false";"false";"pending";"pending";"pending";"pending";"pub";"unavailable";"[""unknown""]";"[""unknown""]";"[]";"0";"0";"[""Observed population"", ""Geographic context"", ""Topic""]";"Provenance des corrections : audit du 2026-09-07, inspection du RDS et sources indiquees dans cette fiche. Regeneration : code/r_catalog/dataset_curation.py et dataset_curation_overrides.json.";"unavailable";"[]";"data/final_datasets/sf/R_ade4_vegtf_vegtf.rds";"337";"not_promoted";"Les jeux ade4 sont principalement des donnees ecologiques multivariees/ordination; le generateur ne promeut pas automatiquement une colonne en reponse de regression.";"[""package_include_not_yes"", ""benchmark_status_not_ready"", ""formula_used_missing_or_pending"", ""response_missing"", ""estimator_eligibility_block_missing"", ""formula_evidence_unavailable"", ""selected_response_typology_unresolved""]";"false";"[""data/final_datasets/sf/R_ade4_vegtf_vegtf.rds"", ""wiki/datasets/r_package_docs/ade4/topics/vegtf.md"", ""wiki/datasets/fiches_datasets/R_ade4_vegtf_vegtf.md"", ""data/final_datasets/sf/R_ade4_vegtf_vegtf.rds""]";"9454d3f0cdcc823965fb40f528c4e7ae17364fda423405888a443532925d24c3";"6f17f9f7c752b657ff75dca5623de39bb985f6511b406d34f99e8e29cf728a09"
"R_ade4_zealand_zealand";"wiki/datasets/fiches_datasets/R_ade4_zealand_zealand.md";"true";"not_ready_multivariate_ecology";"not_ready_main_benchmark";"no";"no";"false";"false";"pending";"pending";"pending";"pending";"pub";"unavailable";"[""unknown""]";"[""unknown""]";"[]";"0";"0";"[""Observed population"", ""Geographic context"", ""Topic""]";"Decision conservatoire : Objet actuel essentiellement géométrique, cartographique ou réseau de distances; aucune paire Y/X empirique justifiée dans le sf. Conserver comme source/support; joindre de vraies mesures via des clés documentées si une tâche est définie. Aucune suppression recommandée. La fiche et les donnees sont conservees ; aucune suppression ni promotion.

Provenance des corrections : audit du 2026-09-07, inspection du RDS et sources indiquees dans cette fiche. Regeneration : code/r_catalog/dataset_curation.py et dataset_curation_overrides.json.";"unavailable";"[]";"data/final_datasets/sf/R_ade4_zealand_zealand.rds";"13";"not_promoted";"Objet actuel essentiellement géométrique, cartographique ou réseau de distances; aucune paire Y/X empirique justifiée dans le sf. Conserver comme source/support; joindre de vraies mesures via des clés documentées si une tâche est définie. Aucune suppression recommandée.";"[""package_include_not_yes"", ""benchmark_status_not_ready"", ""formula_used_missing_or_pending"", ""response_missing"", ""formula_evidence_unavailable"", ""selected_response_typology_unresolved""]";"true";"[""data/final_datasets/sf/R_ade4_zealand_zealand.rds"", ""wiki/datasets/r_package_docs/ade4/topics/zealand.md"", ""wiki/datasets/fiches_datasets/R_ade4_zealand_zealand.md"", ""data/final_datasets/sf/R_ade4_zealand_zealand.rds""]";"05fa051087f2f0ecc6d7a33c191fabc7229084cb5b68e6645a62da371bc7d836";"b39046c0ff68942b3afd057298713ceab4033173a6cec8c70e5841bf241cdc15"
"R_agridat_gartner.corn_gartner.corn";"wiki/datasets/fiches_datasets/R_agridat_gartner.corn_gartner.corn.md";"true";"almost_ready_generated_formula";"almost_ready_generated_formula";"manual_review";"manual_review";"false";"false";"mass ~ dist + elev";"mass ~ dist + elev";"pending";"pending";"pub";"generated_system_formula";"[""continuous""]";"[""continuous""]";"[]";"0";"0";"[""Geographic context"", ""Selected Y typology"", ""Selected Y evidence"", ""Formula used evidence""]";"Typologie de la reponse selectionnee : continuous. Ligne Detail Y correspondant a formula_used; les autres reponses candidates ne pilotent pas cette tache.

Provenance des corrections : audit du 2026-09-07, inspection du RDS et sources indiquees dans cette fiche. Regeneration : code/r_catalog/dataset_curation.py et dataset_curation_overrides.json.";"valid";"[]";"data/final_datasets/sf/R_agridat_gartner.corn_gartner.corn.rds";"4949";"not_promoted";"La formule est executable et le support spatial existe, mais elle provient d une proposition systeme plutot que d une source scientifique confirmee.";"[""package_include_not_yes"", ""benchmark_status_not_ready"", ""estimator_eligibility_block_missing""]";"false";"[""data/final_datasets/sf/R_agridat_gartner.corn_gartner.corn.rds"", ""wiki/datasets/r_package_docs/agridat/topics/gartner.corn.md"", ""wiki/datasets/fiches_datasets/R_agridat_gartner.corn_gartner.corn.md"", ""data/final_datasets/sf/R_agridat_gartner.corn_gartner.corn.rds""]";"e69b02a8ee3a309a2ccb3c9f53c8ac920e902eeb20c3065da619a36db7e8c56f";"0c2d88fe06b6525e90dc9ee5a4075203fe9eb38ba8239d1583b96938d44738f5"
"R_agridat_gotway.hessianfly_gotway.hessianfly";"wiki/datasets/fiches_datasets/R_agridat_gotway.hessianfly_gotway.hessianfly.md";"true";"not_ready_non_continuous_response";"not_ready_non_continuous_response";"no";"no";"false";"false";"cbind(y, n-y) ~ gen + (1|block) + Matern(1|long+lat)";"cbind(y, n-y) ~ gen + (1|block) + Matern(1|long+lat)";"cbind(y, n-y) ~ gen + (1|block) + Matern(1|long+lat)";"cbind(y, n-y) ~ gen + (1|block) + Matern(1|long+lat)";"pub";"pub";"[""count""]";"[""count""]";"[]";"0";"0";"[""Geographic context""]";"Provenance des corrections : audit du 2026-09-07, inspection du RDS et sources indiquees dans cette fiche. Regeneration : code/r_catalog/dataset_curation.py et dataset_curation_overrides.json.";"valid";"[]";"data/final_datasets/sf/R_agridat_gotway.hessianfly_gotway.hessianfly.rds";"64";"not_promoted";"La variable reponse ou la formule n est pas une regression continue scalaire compatible avec le benchmark actuel.";"[""package_include_not_yes"", ""benchmark_status_not_ready"", ""estimator_eligibility_block_missing""]";"false";"[""data/final_datasets/sf/R_agridat_gotway.hessianfly_gotway.hessianfly.rds"", ""wiki/datasets/r_package_docs/agridat/topics/gotway.hessianfly.md"", ""wiki/datasets/fiches_datasets/R_agridat_gotway.hessianfly_gotway.hessianfly.md"", ""data/final_datasets/sf/R_agridat_gotway.hessianfly_gotway.hessianfly.rds""]";"0c37aba2b59501b6a298c69eb54ff0a9fdad74426b427df75befdde9bd20b568";"1dd0aa9d78d518bea7beeaab1d1df16e2029521a247b25ff100170834cc874fc"
"R_agridat_kayad.alfalfa_kayad.alfalfa";"wiki/datasets/fiches_datasets/R_agridat_kayad.alfalfa_kayad.alfalfa.md";"true";"not_ready_missing_formula";"not_ready_missing_formula";"no";"no";"false";"false";"pending";"pending";"not_applicable - aucune covariable presente dans le jeu de donnees local ; le papier source utilise des indices de teledetection non inclus dans ce depot (cartographie de rendement seulement, yield ~ long*lat a but de visualisation, pas de regression).";"not_applicable - aucune covariable presente dans le jeu de donnees local ; le papier source utilise des indices de teledetection non inclus dans ce depot (cartographie de rendement seulement, yield ~ long*lat a but de visualisation, pas de regression).";"pub";"unavailable";"[""continuous""]";"[""continuous""]";"[]";"0";"0";"[""Geographic context""]";"Provenance des corrections : audit du 2026-09-07, inspection du RDS et sources indiquees dans cette fiche. Regeneration : code/r_catalog/dataset_curation.py et dataset_curation_overrides.json.";"unavailable";"[]";"data/final_datasets/sf/R_agridat_kayad.alfalfa_kayad.alfalfa.rds";"8628";"not_promoted";"Aucune formule systeme ou publication n est disponible pour ce jeu de donnees package.";"[""package_include_not_yes"", ""benchmark_status_not_ready"", ""formula_used_missing_or_pending"", ""response_missing"", ""estimator_eligibility_block_missing"", ""formula_evidence_unavailable""]";"false";"[""data/final_datasets/sf/R_agridat_kayad.alfalfa_kayad.alfalfa.rds"", ""corpus/papers/raw_pdf/agridat_kayad.alfalfa - Assessing the Spatial Variability of Alfalfa Yield Using Satellite Imagery and Ground-Based Data.pdf"", ""corpus/papers/tei/agridat_kayad.alfalfa - Assessing the Spatial Variability of Alfalfa Yield Using Satellite Imagery and Ground-Based Data.tei.xml"", ""wiki/datasets/r_package_docs/agridat/topics/kayad.alfalfa.md"", ""wiki/datasets/fiches_datasets/R_agridat_kayad.alfalfa_kayad.alfalfa.md"", ""data/final_datasets/sf/R_agridat_kayad.alfalfa_kayad.alfalfa.rds""]";"d3e38cfdedf81cb7fc9992f0d402385f0a271e55a162a7e581de8e6d6ad02a50";"cad115d3930915d07a1cccca6c32f0fdf9301a999a5c8254a56f7694d7fa4e65"
"R_agridat_lasrosas.corn_lasrosas.corn";"wiki/datasets/fiches_datasets/R_agridat_lasrosas.corn_lasrosas.corn.md";"false";"manual_review";"manual_review";"manual_review";"manual_review";"false";"false";"pending";"pending";"yield ~ nitro + I(nitro^2) + topo + nitro:topo + I(nitro^2):topo (campagne 1999 uniquement)";"yield ~ nitro + I(nitro^2) + topo + nitro:topo + I(nitro^2):topo (campagne 1999 uniquement)";"pub";"unavailable";"[""continuous""]";"[""continuous""]";"[]";"0";"0";"[]";"Aucun changement de fiche requis.";"unavailable";"[]";"data/final_datasets/sf/R_agridat_lasrosas.corn_lasrosas.corn.rds";"3443";"not_promoted";"La source complete est utile a la tracabilite, mais son empilement 1999-2001 ne constitue pas une tache de regression spatiale transversale ni un panel confirme.";"[""package_include_not_yes"", ""benchmark_status_not_ready"", ""formula_used_missing_or_pending"", ""response_missing"", ""estimator_eligibility_block_missing"", ""selection_yx_block_missing"", ""formula_evidence_unavailable""]";"false";"[""data/final_datasets/sf/R_agridat_lasrosas.corn_lasrosas.corn.rds"", ""wiki/datasets/r_package_docs/agridat/topics/lasrosas.corn.md""]";"f70da1299d31f1549a41fea32d7c30a8a85bcbc552f19631520ee691fd5337ba";"f70da1299d31f1549a41fea32d7c30a8a85bcbc552f19631520ee691fd5337ba"
"R_agridat_lasrosas.corn_lasrosas.corn_1999";"wiki/datasets/fiches_datasets/R_agridat_lasrosas.corn_lasrosas.corn_1999.md";"true";"ready";"ready";"yes";"yes";"true";"true";"yield ~ nitro + I(nitro^2) + topo + nitro:topo + I(nitro^2):topo";"yield ~ nitro + I(nitro^2) + topo + nitro:topo + I(nitro^2):topo";"yield ~ nitro + I(nitro^2) + topo + nitro:topo + I(nitro^2):topo";"yield ~ nitro + I(nitro^2) + topo + nitro:topo + I(nitro^2):topo";"pub";"pub";"[""continuous""]";"[""continuous""]";"[]";"0";"0";"[""Selection Y/X"", ""Selected Y typology"", ""Selected Y evidence"", ""Formula used evidence""]";"Structure sf reparee par prepare_lasrosas_benchmark_tasks.R : geometries subsettees explicitement avec sf charge. Les 1738 lignes et toutes les valeurs attributaires restent celles de la campagne 1999 du parent.

Typologie de la reponse selectionnee : continuous. Rendement de mais; specification Anselin et al. (2004) documentee dans cette fiche.

Provenance des corrections : audit du 2026-09-07, inspection du RDS et sources indiquees dans cette fiche. Regeneration : code/r_catalog/dataset_curation.py et dataset_curation_overrides.json.";"valid";"[]";"data/final_datasets/sf/R_agridat_lasrosas.corn_lasrosas.corn_1999.rds";"1738";"loaded";"";"[]";"false";"[""data/final_datasets/sf/R_agridat_lasrosas.corn_lasrosas.corn_1999.rds"", ""wiki/datasets/r_package_docs/agridat/topics/lasrosas.corn.md"", ""wiki/datasets/fiches_datasets/R_agridat_lasrosas.corn_lasrosas.corn_1999.md"", ""data/final_datasets/sf/R_agridat_lasrosas.corn_lasrosas.corn_1999.rds""]";"6675ac59d09ffe60d4d0b4a0ca630ade789479487b1709012fe474a20fafca6d";"930a31618432e54dd54d6e12bcc96e60d3a01a71831a217b6257705ec9ec49bb"
"R_agridat_lasrosas.corn_lasrosas.corn_2001";"wiki/datasets/fiches_datasets/R_agridat_lasrosas.corn_lasrosas.corn_2001.md";"false";"manual_review";"manual_review";"manual_review";"manual_review";"false";"false";"pending";"pending";"pending";"pending";"pub";"unavailable";"[""continuous""]";"[""continuous""]";"[]";"0";"0";"[]";"Aucun changement de fiche requis.";"unavailable";"[]";"data/final_datasets/sf/R_agridat_lasrosas.corn_lasrosas.corn_2001.rds";"1705";"not_promoted";"La campagne est une coupe transversale exploitable, mais la preuve de modelisation disponible est moins precise que pour 1999.";"[""package_include_not_yes"", ""benchmark_status_not_ready"", ""formula_used_missing_or_pending"", ""response_missing"", ""estimator_eligibility_block_missing"", ""selection_yx_block_missing"", ""formula_evidence_unavailable""]";"false";"[""data/final_datasets/sf/R_agridat_lasrosas.corn_lasrosas.corn_2001.rds"", ""wiki/datasets/r_package_docs/agridat/topics/lasrosas.corn.md""]";"351dcc853ee783ce81fa60848ab2485ece76683b36ff97173d3af6c0c25f8b4b";"351dcc853ee783ce81fa60848ab2485ece76683b36ff97173d3af6c0c25f8b4b"
"R_agridat_ortiz.tomato.covs_ortiz.tomato.covs";"wiki/datasets/fiches_datasets/R_agridat_ortiz.tomato.covs_ortiz.tomato.covs.md";"true";"almost_ready_small_n";"almost_ready_small_n";"manual_review";"manual_review";"false";"false";"Day ~ Dha + Driv + ExK + ExN + ExP + Irr + K + MeT";"Day ~ Dha + Driv + ExK + ExN + ExP + Irr + K + MeT";"pending";"pending";"pub";"unavailable";"[""count""]";"[""count""]";"[]";"0";"0";"[""Geographic context"", ""Selected Y typology"", ""Selected Y evidence""]";"Typologie de la reponse selectionnee : count. Ligne Detail Y correspondant a formula_used; les autres reponses candidates ne pilotent pas cette tache.

Provenance des corrections : audit du 2026-09-07, inspection du RDS et sources indiquees dans cette fiche. Regeneration : code/r_catalog/dataset_curation.py et dataset_curation_overrides.json.";"valid";"[]";"data/final_datasets/sf/R_agridat_ortiz.tomato.covs_ortiz.tomato.covs.rds";"18";"not_promoted";"La formule et les covariables sont executables, mais l echantillon est petit pour une comparaison robuste d estimateurs.";"[""package_include_not_yes"", ""benchmark_status_not_ready"", ""estimator_eligibility_block_missing"", ""formula_evidence_unavailable""]";"false";"[""data/final_datasets/sf/R_agridat_ortiz.tomato.covs_ortiz.tomato.covs.rds"", ""wiki/datasets/fiches_datasets/R_agridat_ortiz.tomato.covs_ortiz.tomato.covs.md"", ""data/final_datasets/sf/R_agridat_ortiz.tomato.covs_ortiz.tomato.covs.rds""]";"873808ba6fd8f81bf1f7751a920a8bb39bdf94da417bef48a8306809bb0879fc";"556f3a425b9e90c3e5592229de965d2cc56c321aa840de550e98d44e5611cfe6"
"R_agridat_usgs.herbicides_usgs.herbicides";"wiki/datasets/fiches_datasets/R_agridat_usgs.herbicides_usgs.herbicides.md";"true";"not_ready_non_continuous_response";"not_ready_non_continuous_response";"no";"no";"false";"false";"atrazine ~ sampletype + date + hour + ametryn + T";"atrazine ~ sampletype + date + hour + ametryn + T";"pending";"pending";"pub";"unavailable";"[""categorical""]";"[""categorical""]";"[]";"0";"0";"[""Geographic context"", ""Selected Y typology"", ""Selected Y evidence""]";"Typologie de la reponse selectionnee : categorical. Ligne Detail Y correspondant a formula_used; les autres reponses candidates ne pilotent pas cette tache.

Provenance des corrections : audit du 2026-09-07, inspection du RDS et sources indiquees dans cette fiche. Regeneration : code/r_catalog/dataset_curation.py et dataset_curation_overrides.json.";"valid";"[]";"data/final_datasets/sf/R_agridat_usgs.herbicides_usgs.herbicides.rds";"184";"not_promoted";"La variable reponse ou la formule n est pas une regression continue scalaire compatible avec le benchmark actuel.";"[""package_include_not_yes"", ""benchmark_status_not_ready"", ""estimator_eligibility_block_missing"", ""formula_evidence_unavailable"", ""selected_response_typology_unresolved""]";"false";"[""data/final_datasets/sf/R_agridat_usgs.herbicides_usgs.herbicides.rds"", ""wiki/datasets/r_package_docs/agridat/topics/usgs.herbicides.md"", ""wiki/datasets/fiches_datasets/R_agridat_usgs.herbicides_usgs.herbicides.md"", ""data/final_datasets/sf/R_agridat_usgs.herbicides_usgs.herbicides.rds""]";"294b13a11cb6b4eea98f90a4c1ea7d224979d1083278ce754dcaf949914cab72";"267d845d48dab199202dc5fd17dcfcfa3bf8f6e1cf1d5d477f7f3d7ad47dc937"
"R_agridat_wallace.iowaland_wallace.iowaland";"wiki/datasets/fiches_datasets/R_agridat_wallace.iowaland_wallace.iowaland.md";"true";"almost_ready_generated_formula";"almost_ready_generated_formula";"manual_review";"manual_review";"false";"false";"fedval ~ yield + corn + grain + untillable";"fedval ~ yield + corn + grain + untillable";"pending (referencee dans catalogue)";"pending (referencee dans catalogue)";"pub";"generated_system_formula";"[""count""]";"[""count""]";"[]";"0";"0";"[""Geographic context"", ""Selected Y typology"", ""Selected Y evidence"", ""Formula used evidence""]";"Typologie de la reponse selectionnee : count. Ligne Detail Y correspondant a formula_used; les autres reponses candidates ne pilotent pas cette tache.

Provenance des corrections : audit du 2026-09-07, inspection du RDS et sources indiquees dans cette fiche. Regeneration : code/r_catalog/dataset_curation.py et dataset_curation_overrides.json.";"valid";"[]";"data/final_datasets/sf/R_agridat_wallace.iowaland_wallace.iowaland.rds";"99";"not_promoted";"La formule est executable et le support spatial existe, mais elle provient d une proposition systeme plutot que d une source scientifique confirmee.";"[""package_include_not_yes"", ""benchmark_status_not_ready"", ""estimator_eligibility_block_missing""]";"false";"[""data/final_datasets/sf/R_agridat_wallace.iowaland_wallace.iowaland.rds"", ""wiki/datasets/r_package_docs/agridat/topics/wallace.iowaland.md"", ""wiki/datasets/fiches_datasets/R_agridat_wallace.iowaland_wallace.iowaland.md"", ""data/final_datasets/sf/R_agridat_wallace.iowaland_wallace.iowaland.rds""]";"e842c06a5d361d8ff304bf8096bb7267998d69a3568a13db17216678e5c79c1b";"37f5d6df4920a2fad7f5013d2abee610dac520324cd0901b923219fc889496a9"
"R_gstat_DE_RB_2005_DE_RB_2005";"wiki/datasets/fiches_datasets/R_gstat_DE_RB_2005_DE_RB_2005.md";"true";"not_ready_no_covariates";"not_ready_no_covariates";"no";"no";"false";"false";"PM10 ~ 1";"PM10 ~ 1";"PM10 ~ 1";"PM10 ~ 1";"pub";"pub";"[""continuous""]";"[""continuous""]";"[]";"0";"0";"[""Observed population"", ""Geographic context"", ""Selected Y typology"", ""Selected Y evidence""]";"Typologie de la reponse selectionnee : continuous. Ligne Detail Y correspondant a formula_used; les autres reponses candidates ne pilotent pas cette tache.

Provenance des corrections : audit du 2026-09-07, inspection du RDS et sources indiquees dans cette fiche. Regeneration : code/r_catalog/dataset_curation.py et dataset_curation_overrides.json.";"valid";"[]";"data/final_datasets/sf/R_gstat_DE_RB_2005_DE_RB_2005.rds";"23230";"not_promoted";"Le benchmark compare des estimateurs supervises Y ~ X; les jeux sans covariables explicatives restent hors package pour le moment.";"[""package_include_not_yes"", ""benchmark_status_not_ready"", ""estimator_eligibility_block_missing""]";"false";"[""data/final_datasets/sf/R_gstat_DE_RB_2005_DE_RB_2005.rds"", ""wiki/datasets/r_package_docs/gstat/topics/DE_RB_2005.md"", ""wiki/datasets/fiches_datasets/R_gstat_DE_RB_2005_DE_RB_2005.md"", ""data/final_datasets/sf/R_gstat_DE_RB_2005_DE_RB_2005.rds""]";"794fd3489b9fc1cf67dbe15dca9cdb784a0ba93f99aefce8b3b559a24acad718";"b41ecb8c95898b0d5723eef8af15f9270fad65f5bad8aa0742191ea8a49e8461"
"R_gstat_fulmar_fulmar";"wiki/datasets/fiches_datasets/R_gstat_fulmar_fulmar.md";"true";"almost_ready_cross_section_or_panel_reduction";"almost_ready_cross_section_or_panel_reduction";"manual_review";"manual_review";"false";"false";"fulmar ~ depth + coast";"fulmar ~ depth + coast";"fulmar ~ depth + coast (referencee dans catalogue)";"fulmar ~ depth + coast (referencee dans catalogue)";"pub";"paper_extracted";"[""continuous""]";"[""continuous""]";"[]";"0";"0";"[""Observed population"", ""Geographic context"", ""Selected Y typology"", ""Selected Y evidence""]";"Typologie de la reponse selectionnee : continuous. Ligne Detail Y correspondant a formula_used; les autres reponses candidates ne pilotent pas cette tache.

Provenance des corrections : audit du 2026-09-07, inspection du RDS et sources indiquees dans cette fiche. Regeneration : code/r_catalog/dataset_curation.py et dataset_curation_overrides.json.";"valid";"[]";"data/final_datasets/sf/R_gstat_fulmar_fulmar.rds";"1324";"not_promoted";"Le jeu contient une dimension temporelle; il peut etre benchmarkable apres choix documente d une coupe ou d une aggregation temporelle.";"[""package_include_not_yes"", ""benchmark_status_not_ready"", ""estimator_eligibility_block_missing""]";"false";"[""data/final_datasets/sf/R_gstat_fulmar_fulmar.rds"", ""wiki/datasets/r_package_docs/gstat/topics/fulmar.md"", ""wiki/datasets/fiches_datasets/R_gstat_fulmar_fulmar.md"", ""data/final_datasets/sf/R_gstat_fulmar_fulmar.rds""]";"531894607c1b78a2b81224ac1f2fff3271245811b0424a1118d928c52336f90a";"e730f3c78cb75fd0afea19714c09ebfd3f81a77cedda9518bc5b64a00b5bfecc"
"R_gstat_jura_jura.val";"wiki/datasets/fiches_datasets/R_gstat_jura_jura.val.md";"true";"ready";"manual_review";"yes";"manual_review";"false";"false";"Cd ~ Landuse + Rock";"Cd ~ Landuse + Rock";"pending";"pending";"pub";"generated_system_formula";"[""continuous""]";"[""continuous""]";"[]";"0";"0";"[""Geographic context"", ""Selected Y typology"", ""Selected Y evidence""]";"Decision conservatoire : Ancienne declaration yes incoherente avec les conditions du registre : estimator_eligibility_block_missing. Conserver la décision actuelle jusqu’au traitement des constats. La fiche et les donnees sont conservees ; aucune suppression ni promotion.

Typologie de la reponse selectionnee : continuous. Ligne Detail Y correspondant a formula_used; les autres reponses candidates ne pilotent pas cette tache.

Provenance des corrections : audit du 2026-09-07, inspection du RDS et sources indiquees dans cette fiche. Regeneration : code/r_catalog/dataset_curation.py et dataset_curation_overrides.json.";"valid";"[]";"data/final_datasets/sf/R_gstat_jura_jura.val.rds";"100";"not_promoted";"Ancienne declaration yes incoherente avec les conditions du registre : estimator_eligibility_block_missing. Conserver la décision actuelle jusqu’au traitement des constats.";"[""package_include_not_yes"", ""benchmark_status_not_ready""]";"false";"[""data/final_datasets/sf/R_gstat_jura_jura.val.rds"", ""wiki/datasets/r_package_docs/gstat/topics/jura.md"", ""wiki/datasets/fiches_datasets/R_gstat_jura_jura.val.md"", ""data/final_datasets/sf/R_gstat_jura_jura.val.rds""]";"d9b6392abaae32da2a72e336351b3061874783003f03e9d7fd2758d6f38a4391";"25a41b8a417d6f2b85dae6d95c50acbe3b5b5ba500dc881406d7ad8d0034ecd7"
"R_gstat_oxford_oxford";"wiki/datasets/fiches_datasets/R_gstat_oxford_oxford.md";"true";"not_ready_non_continuous_response";"not_ready_non_continuous_response";"no";"no";"false";"false";"PROFCLASS ~ ELEV + VAL1 + CHR1 + LIME1 + VAL2 + CHR2 + LIME2";"PROFCLASS ~ ELEV + VAL1 + CHR1 + LIME1 + VAL2 + CHR2 + LIME2";"pending";"pending";"pub";"unavailable";"[""categorical"", ""continuous""]";"[""categorical""]";"[]";"0";"0";"[""Observed population"", ""Geographic context"", ""Topic"", ""Selected Y typology"", ""Selected Y evidence""]";"Typologie de la reponse selectionnee : categorical. Ligne Detail Y correspondant a formula_used; les autres reponses candidates ne pilotent pas cette tache.

Provenance des corrections : audit du 2026-09-07, inspection du RDS et sources indiquees dans cette fiche. Regeneration : code/r_catalog/dataset_curation.py et dataset_curation_overrides.json.";"valid";"[]";"data/final_datasets/sf/R_gstat_oxford_oxford.rds";"126";"not_promoted";"La variable reponse ou la formule n est pas une regression continue scalaire compatible avec le benchmark actuel.";"[""package_include_not_yes"", ""benchmark_status_not_ready"", ""estimator_eligibility_block_missing"", ""formula_evidence_unavailable"", ""selected_response_typology_unresolved""]";"false";"[""data/final_datasets/sf/R_gstat_oxford_oxford.rds"", ""wiki/datasets/r_package_docs/gstat/topics/oxford.md"", ""wiki/datasets/fiches_datasets/R_gstat_oxford_oxford.md"", ""data/final_datasets/sf/R_gstat_oxford_oxford.rds""]";"b688bb35a4a06aafd0d0d3fa80e810d54459ee9eeda47524dc38415c5895bb29";"aa1f1003fccdebe8c326da1647fd71abcf066de9d297f4a34e68ce69ea52b262"
"R_gstat_pcb_pcb";"wiki/datasets/fiches_datasets/R_gstat_pcb_pcb.md";"true";"not_ready_missing_formula";"not_ready_missing_formula";"no";"no";"false";"false";"pending";"pending";"pending - analyse geostatistique spatio-temporelle de PCB138 ; coast/depth sont des candidats plausibles de derive externe (universal kriging with external drift) mais aucune formule exacte confirmee dans la source (article non accessible en texte integral).";"pending - analyse geostatistique spatio-temporelle de PCB138 ; coast/depth sont des candidats plausibles de derive externe (universal kriging with external drift) mais aucune formule exacte confirmee dans la source (article non accessible en texte integral).";"pub";"unavailable";"[""continuous""]";"[""continuous""]";"[]";"0";"0";"[""Observed population"", ""Geographic context""]";"Provenance des corrections : audit du 2026-09-07, inspection du RDS et sources indiquees dans cette fiche. Regeneration : code/r_catalog/dataset_curation.py et dataset_curation_overrides.json.";"unavailable";"[]";"data/final_datasets/sf/R_gstat_pcb_pcb.rds";"216";"not_promoted";"Aucune formule systeme ou publication n est disponible pour ce jeu de donnees package.";"[""package_include_not_yes"", ""benchmark_status_not_ready"", ""formula_used_missing_or_pending"", ""response_missing"", ""estimator_eligibility_block_missing"", ""formula_evidence_unavailable""]";"false";"[""data/final_datasets/sf/R_gstat_pcb_pcb.rds"", ""wiki/datasets/r_package_docs/gstat/topics/pcb.md"", ""wiki/datasets/fiches_datasets/R_gstat_pcb_pcb.md"", ""data/final_datasets/sf/R_gstat_pcb_pcb.rds""]";"6cf461c6407c5ba14c771d213e00f505f80f3b09fd1ae346f4d2beca4821d2df";"533059793d5348f5114a7614dc87092e6067a573915afb768d393e13d4ee841d"
"R_gstat_walker_walker";"wiki/datasets/fiches_datasets/R_gstat_walker_walker.md";"true";"not_ready_missing_formula";"not_ready_missing_formula";"no";"no";"false";"false";"pending";"pending";"not_applicable - interpolation geostatistique univariee de V (krigeage) ; U sert de variable secondaire dans des exercices de cokrigeage ailleurs dans le livre, ce n'est pas une regression OLS/GLM.";"not_applicable - interpolation geostatistique univariee de V (krigeage) ; U sert de variable secondaire dans des exercices de cokrigeage ailleurs dans le livre, ce n'est pas une regression OLS/GLM.";"pub";"unavailable";"[""continuous""]";"[""continuous""]";"[]";"0";"0";"[""Observed population"", ""Geographic context"", ""Topic""]";"Provenance des corrections : audit du 2026-09-07, inspection du RDS et sources indiquees dans cette fiche. Regeneration : code/r_catalog/dataset_curation.py et dataset_curation_overrides.json.";"unavailable";"[]";"data/final_datasets/sf/R_gstat_walker_walker.rds";"470";"not_promoted";"Aucune formule systeme ou publication n est disponible pour ce jeu de donnees package.";"[""package_include_not_yes"", ""benchmark_status_not_ready"", ""formula_used_missing_or_pending"", ""response_missing"", ""estimator_eligibility_block_missing"", ""formula_evidence_unavailable""]";"false";"[""data/final_datasets/sf/R_gstat_walker_walker.rds"", ""wiki/datasets/r_package_docs/gstat/topics/walker.md"", ""wiki/datasets/fiches_datasets/R_gstat_walker_walker.md"", ""data/final_datasets/sf/R_gstat_walker_walker.rds""]";"07778d25e4c47617e7b8c53374629461bac14833defcb7080b10f1f497e9828a";"33f1df1b2e9cbbdf7559e465f5982632e1c3df87dd1d9a47f082604d0d5c72b3"
"R_gstat_wind_wind.loc";"wiki/datasets/fiches_datasets/R_gstat_wind_wind.loc.md";"true";"not_ready_missing_formula";"not_ready_missing_formula";"no";"no";"false";"false";"pending";"pending";"not_applicable - table de localisation des stations uniquement (Station, Code, Latitude, Longitude, MeanWind), pas les donnees modelisees. Le modele spatio-temporel de Haslett & Raftery porte sur l'objet separe `wind` (series quotidiennes de vitesse de vent transformees), non present dans ce depot.";"not_applicable - table de localisation des stations uniquement (Station, Code, Latitude, Longitude, MeanWind), pas les donnees modelisees. Le modele spatio-temporel de Haslett & Raftery porte sur l'objet separe `wind` (series quotidiennes de vitesse de vent transformees), non present dans ce depot.";"pub";"unavailable";"[""continuous""]";"[""continuous""]";"[]";"0";"0";"[""Observed population"", ""Geographic context"", ""Topic""]";"Provenance des corrections : audit du 2026-09-07, inspection du RDS et sources indiquees dans cette fiche. Regeneration : code/r_catalog/dataset_curation.py et dataset_curation_overrides.json.";"unavailable";"[]";"data/final_datasets/sf/R_gstat_wind_wind.loc.rds";"12";"not_promoted";"Aucune formule systeme ou publication n est disponible pour ce jeu de donnees package.";"[""package_include_not_yes"", ""benchmark_status_not_ready"", ""formula_used_missing_or_pending"", ""response_missing"", ""estimator_eligibility_block_missing"", ""formula_evidence_unavailable""]";"false";"[""data/final_datasets/sf/R_gstat_wind_wind.loc.rds"", ""wiki/datasets/r_package_docs/gstat/topics/wind.md"", ""wiki/datasets/fiches_datasets/R_gstat_wind_wind.loc.md"", ""data/final_datasets/sf/R_gstat_wind_wind.loc.rds""]";"567b1a7889006c4fccc57adf10da2f34fe3cf78f13328e91638aa1544cc5111e";"da096fc947d2e2e1ef626a3a3043c70d2e7b53489c9add3b547463a9f5f9d51a"
"R_GWmodel_DubVoter_Dub.voter";"wiki/datasets/fiches_datasets/R_GWmodel_DubVoter_Dub.voter.md";"true";"ready";"ready";"yes";"yes";"true";"true";"GenEl2004~DiffAdd+LARent+SC1+Unempl+LowEduc+Age18_24+Age25_44+Age45_64";"GenEl2004~DiffAdd+LARent+SC1+Unempl+LowEduc+Age18_24+Age25_44+Age45_64";"GenEl2004~DiffAdd+LARent+SC1+Unempl+LowEduc+Age18_24+Age25_44+Age45_64";"GenEl2004~DiffAdd+LARent+SC1+Unempl+LowEduc+Age18_24+Age25_44+Age45_64";"pub";"paper_extracted";"[""continuous""]";"[""continuous""]";"[]";"0";"0";"[""Geographic context"", ""Selected Y typology"", ""Selected Y evidence""]";"Typologie de la reponse selectionnee : continuous. Ligne Detail Y correspondant a formula_used; les autres reponses candidates ne pilotent pas cette tache.

Provenance des corrections : audit du 2026-09-07, inspection du RDS et sources indiquees dans cette fiche. Regeneration : code/r_catalog/dataset_curation.py et dataset_curation_overrides.json.";"valid";"[]";"data/final_datasets/sf/R_GWmodel_DubVoter_Dub.voter.rds";"322";"loaded";"";"[]";"false";"[""data/final_datasets/sf/R_GWmodel_DubVoter_Dub.voter.rds"", ""wiki/datasets/fiches_datasets/R_GWmodel_DubVoter_Dub.voter.md"", ""data/final_datasets/sf/R_GWmodel_DubVoter_Dub.voter.rds""]";"cc8e251f5ecc24fa4b5f1b2d3e3bb8e47a423713c2ff143cc9c5256d47efc687";"5acf0897f1b44b0f864191a15568c4cc731984d6341d6ea16d63dd4255b32daa"
"R_GWmodel_EWHP_ewhp";"wiki/datasets/fiches_datasets/R_GWmodel_EWHP_ewhp.md";"true";"ready";"ready";"yes";"yes";"true";"true";"PurPrice ~ BldIntWr + BldPostW + Bld60s + Bld70s + Bld80s + TypDetch + TypFlat + FlrArea";"PurPrice ~ BldIntWr + BldPostW + Bld60s + Bld70s + Bld80s + TypDetch + TypFlat + FlrArea";"pending";"pending";"used";"generated_system_formula";"[""continuous""]";"[""continuous""]";"[]";"0";"0";"[""Geographic context"", ""Selected Y typology"", ""Selected Y evidence""]";"Typologie de la reponse selectionnee : continuous. Ligne Detail Y correspondant a formula_used; les autres reponses candidates ne pilotent pas cette tache.

Provenance des corrections : audit du 2026-09-07, inspection du RDS et sources indiquees dans cette fiche. Regeneration : code/r_catalog/dataset_curation.py et dataset_curation_overrides.json.";"valid";"[]";"data/final_datasets/sf/R_GWmodel_EWHP_ewhp.rds";"519";"loaded";"";"[]";"false";"[""data/final_datasets/sf/R_GWmodel_EWHP_ewhp.rds"", ""wiki/datasets/r_package_docs/GWmodel/topics/EWHP.md"", ""wiki/datasets/fiches_datasets/R_GWmodel_EWHP_ewhp.md"", ""data/final_datasets/sf/R_GWmodel_EWHP_ewhp.rds""]";"504d2b5426f28e3c2237d51fca68db45f3ca8ed7417baf2f7125c1606ae15c56";"ae09881fe9182dab9d5777d2b38e001819b82e2bae9a4a70207819332034311a"
"R_GWmodel_LondonHP_londonhp";"wiki/datasets/fiches_datasets/R_GWmodel_LondonHP_londonhp.md";"true";"ready";"ready";"yes";"yes";"true";"true";"PURCHASE ~ FLOORSZ + PROF + BATH2";"PURCHASE ~ FLOORSZ + PROF + BATH2";"PURCHASE ~ FLOORSZ + PROF + BATH2";"PURCHASE ~ FLOORSZ + PROF + BATH2";"used";"pub";"[""continuous""]";"[""continuous""]";"[]";"0";"0";"[""Geographic context"", ""Selected Y typology"", ""Selected Y evidence""]";"Typologie de la reponse selectionnee : continuous. Ligne Detail Y correspondant a formula_used; les autres reponses candidates ne pilotent pas cette tache.

Provenance des corrections : audit du 2026-09-07, inspection du RDS et sources indiquees dans cette fiche. Regeneration : code/r_catalog/dataset_curation.py et dataset_curation_overrides.json.";"valid";"[]";"data/final_datasets/sf/R_GWmodel_LondonHP_londonhp.rds";"316";"loaded";"";"[]";"false";"[""data/final_datasets/sf/R_GWmodel_LondonHP_londonhp.rds"", ""corpus/papers/raw_pdf/Geographicallyweightedregressionwithanon-Euclideandistance.pdf"", ""corpus/papers/tei/Geographicallyweightedregressionwithanon-Euclideandistance.tei.xml"", ""wiki/datasets/r_package_docs/GWmodel/topics/LondonHP.md"", ""wiki/datasets/fiches_datasets/R_GWmodel_LondonHP_londonhp.md"", ""data/final_datasets/sf/R_GWmodel_LondonHP_londonhp.rds""]";"a6eefe5648a03adf2279bb20d77f8cb5e73fedb9f647b87a22081ea625b2916d";"e48525c4a49d7e70ccb3f1c9ebb6ef3ae76aa02d05b3e9ac6c5e63f978e1ce03"
"R_GWmodel_USelect_USelect2004";"wiki/datasets/fiches_datasets/R_GWmodel_USelect_USelect2004.md";"true";"not_ready_non_continuous_response";"not_ready_non_continuous_response";"no";"no";"false";"false";"winner ~ unemploy + pctcoled + PEROVER65 + pcturban + WHITE";"winner ~ unemploy + pctcoled + PEROVER65 + pcturban + WHITE";"winner ~ unemploy + pctcoled + PEROVER65 + pcturban + WHITE";"winner ~ unemploy + pctcoled + PEROVER65 + pcturban + WHITE";"pub";"pub";"[""categorical""]";"[""categorical""]";"[]";"0";"0";"[""Geographic context"", ""Selected Y typology"", ""Selected Y evidence""]";"Typologie de la reponse selectionnee : categorical. Ligne Detail Y correspondant a formula_used; les autres reponses candidates ne pilotent pas cette tache.

Provenance des corrections : audit du 2026-09-07, inspection du RDS et sources indiquees dans cette fiche. Regeneration : code/r_catalog/dataset_curation.py et dataset_curation_overrides.json.";"valid";"[]";"data/final_datasets/sf/R_GWmodel_USelect_USelect2004.rds";"3111";"not_promoted";"La variable reponse ou la formule n est pas une regression continue scalaire compatible avec le benchmark actuel.";"[""package_include_not_yes"", ""benchmark_status_not_ready"", ""estimator_eligibility_block_missing"", ""selected_response_typology_unresolved""]";"false";"[""data/final_datasets/sf/R_GWmodel_USelect_USelect2004.rds"", ""wiki/datasets/fiches_datasets/R_GWmodel_USelect_USelect2004.md"", ""data/final_datasets/sf/R_GWmodel_USelect_USelect2004.rds""]";"8264a33ca31ea5bc22a60d43a374e1942c47cdb4afde7f7efeee56139a3b2d6d";"7522a8906ff932301ce7a47e5ea4207151ca24ac62b4e2ff3f218db911962878"
"R_HistData_OldMaps_OldMaps";"wiki/datasets/fiches_datasets/R_HistData_OldMaps_OldMaps.md";"true";"not_ready_missing_formula";"not_ready_main_benchmark";"no";"no";"false";"false";"pending";"pending";"not_applicable - jeu de donnees de calibration cartographique/geodesique (latitude/longitude de 39 points de reference des Grands Lacs sur 11 cartes anciennes 1688-1818 vs coordonnees reelles), destine a diagnostiquer des erreurs de cartographe (erreur constante/proportionnelle en lat/long, rotation), pas une regression Y~X unique et defendable comparable aux autres fiches.";"not_applicable - jeu de donnees de calibration cartographique/geodesique (latitude/longitude de 39 points de reference des Grands Lacs sur 11 cartes anciennes 1688-1818 vs coordonnees reelles), destine a diagnostiquer des erreurs de cartographe (erreur constante/proportionnelle en lat/long, rotation), pas une regression Y~X unique et defendable comparable aux autres fiches.";"pub";"unavailable";"[""continuous""]";"[""continuous""]";"[]";"0";"0";"[""Geographic context""]";"Decision conservatoire : Objet actuel essentiellement géométrique, cartographique ou réseau de distances; aucune paire Y/X empirique justifiée dans le sf. Conserver comme source/support; joindre de vraies mesures via des clés documentées si une tâche est définie. Aucune suppression recommandée. La fiche et les donnees sont conservees ; aucune suppression ni promotion.

Provenance des corrections : audit du 2026-09-07, inspection du RDS et sources indiquees dans cette fiche. Regeneration : code/r_catalog/dataset_curation.py et dataset_curation_overrides.json.";"unavailable";"[]";"data/final_datasets/sf/R_HistData_OldMaps_OldMaps.rds";"468";"not_promoted";"Objet actuel essentiellement géométrique, cartographique ou réseau de distances; aucune paire Y/X empirique justifiée dans le sf. Conserver comme source/support; joindre de vraies mesures via des clés documentées si une tâche est définie. Aucune suppression recommandée.";"[""package_include_not_yes"", ""benchmark_status_not_ready"", ""formula_used_missing_or_pending"", ""response_missing"", ""formula_evidence_unavailable""]";"true";"[""data/final_datasets/sf/R_HistData_OldMaps_OldMaps.rds"", ""wiki/datasets/r_package_docs/HistData/topics/OldMaps.md"", ""wiki/datasets/fiches_datasets/R_HistData_OldMaps_OldMaps.md"", ""data/final_datasets/sf/R_HistData_OldMaps_OldMaps.rds""]";"d8b62d43439076137b606b84bd48a80e6f2af4444991a6ea5ed33722f7757c27";"4cc45eebaeb3ecc959bcbc65c97aae2adc1d4c7ce126c9292e473a1257c39a72"
"R_MASS_npr1_npr1";"wiki/datasets/fiches_datasets/R_MASS_npr1_npr1.md";"true";"not_ready_missing_formula";"not_ready_missing_formula";"no";"no";"false";"false";"pending";"pending";"pending - hypothese non verifiee par analogie avec le traitement de `topo` dans le meme livre (surface de tendance polynomiale degre 2 puis krigeage des residus, ex. por ~ poly(x,y,2)) mais texte du chapitre non accessible pour confirmer ; ne pas retenir comme fait etabli.";"pending - hypothese non verifiee par analogie avec le traitement de `topo` dans le meme livre (surface de tendance polynomiale degre 2 puis krigeage des residus, ex. por ~ poly(x,y,2)) mais texte du chapitre non accessible pour confirmer ; ne pas retenir comme fait etabli.";"pub";"unavailable";"[""count""]";"[""count""]";"[]";"0";"0";"[""Observed population"", ""Geographic context"", ""Topic""]";"Provenance des corrections : audit du 2026-09-07, inspection du RDS et sources indiquees dans cette fiche. Regeneration : code/r_catalog/dataset_curation.py et dataset_curation_overrides.json.";"unavailable";"[]";"data/final_datasets/sf/R_MASS_npr1_npr1.rds";"104";"not_promoted";"Aucune formule systeme ou publication n est disponible pour ce jeu de donnees package.";"[""package_include_not_yes"", ""benchmark_status_not_ready"", ""formula_used_missing_or_pending"", ""response_missing"", ""estimator_eligibility_block_missing"", ""formula_evidence_unavailable""]";"false";"[""data/final_datasets/sf/R_MASS_npr1_npr1.rds"", ""wiki/datasets/r_package_docs/MASS/topics/npr1.md"", ""wiki/datasets/fiches_datasets/R_MASS_npr1_npr1.md"", ""data/final_datasets/sf/R_MASS_npr1_npr1.rds""]";"7ccc36905416aba3084af210b25b95416cb0cd6264a050f2011f70e5c15a7d2f";"5a160fad096fd0e8445b75c289ec99008aaf4a5f7076b07bc4bf0b6d14c4e9d7"
"R_mgwrsar_mydata_mydata";"wiki/datasets/fiches_datasets/R_mgwrsar_mydata_mydata.md";"true";"ready";"manual_review";"yes";"manual_review";"false";"false";"Y_mgwrsar_0_kc_kv ~ X1 + X2 + X3";"Y_mgwrsar_0_kc_kv ~ X1 + X2 + X3";"Y_mgwrsar_0_kc_kv ~ X1 + X2 + X3";"Y_mgwrsar_0_kc_kv ~ X1 + X2 + X3";"pub";"pub";"[""continuous""]";"[""continuous""]";"[]";"0";"0";"[""Observed population"", ""Geographic context"", ""Topic"", ""Selected Y typology"", ""Selected Y evidence""]";"Decision conservatoire : Ancienne declaration yes incoherente avec les conditions du registre : estimator_eligibility_block_missing. Conserver la décision actuelle jusqu’au traitement des constats. La fiche et les donnees sont conservees ; aucune suppression ni promotion.

Typologie de la reponse selectionnee : continuous. Ligne Detail Y correspondant a formula_used; les autres reponses candidates ne pilotent pas cette tache.

Provenance des corrections : audit du 2026-09-07, inspection du RDS et sources indiquees dans cette fiche. Regeneration : code/r_catalog/dataset_curation.py et dataset_curation_overrides.json.";"valid";"[]";"data/final_datasets/sf/R_mgwrsar_mydata_mydata.rds";"1000";"not_promoted";"Ancienne declaration yes incoherente avec les conditions du registre : estimator_eligibility_block_missing. Conserver la décision actuelle jusqu’au traitement des constats.";"[""package_include_not_yes"", ""benchmark_status_not_ready""]";"false";"[""data/final_datasets/sf/R_mgwrsar_mydata_mydata.rds"", ""corpus/papers/raw_pdf/MGWR-SAR_Geniaux&Martinetti.pdf"", ""corpus/papers/tei/MGWR-SAR_Geniaux&Martinetti.tei.xml"", ""wiki/datasets/r_package_docs/mgwrsar/topics/mydata.md"", ""wiki/datasets/fiches_datasets/R_mgwrsar_mydata_mydata.md"", ""data/final_datasets/sf/R_mgwrsar_mydata_mydata.rds""]";"4a01d5c3195f06251af948eb5f01356e61a5c041a0e656bd29047ebe3589d535";"2dbd81b694c6de9dc6d55eccd811e1e449cf1ee4e16e934ef64cad05aa35ab5e"
"R_mgwrsar_mydatasf_mydatasf";"wiki/datasets/fiches_datasets/R_mgwrsar_mydatasf_mydatasf.md";"true";"almost_ready_cross_section_or_panel_reduction";"almost_ready_cross_section_or_panel_reduction";"manual_review";"manual_review";"false";"false";"price ~ year + footage + land_area";"price ~ year + footage + land_area";"price ~ year + footage + land_area";"price ~ year + footage + land_area";"pub";"pub";"[""continuous""]";"[""continuous""]";"[]";"0";"0";"[""Observed population"", ""Geographic context"", ""Selected Y typology"", ""Selected Y evidence""]";"Typologie de la reponse selectionnee : continuous. Ligne Detail Y correspondant a formula_used; les autres reponses candidates ne pilotent pas cette tache.

Provenance des corrections : audit du 2026-09-07, inspection du RDS et sources indiquees dans cette fiche. Regeneration : code/r_catalog/dataset_curation.py et dataset_curation_overrides.json.";"valid";"[]";"data/final_datasets/sf/R_mgwrsar_mydatasf_mydatasf.rds";"1403";"not_promoted";"Le jeu contient une dimension temporelle; il peut etre benchmarkable apres choix documente d une coupe ou d une aggregation temporelle.";"[""package_include_not_yes"", ""benchmark_status_not_ready"", ""estimator_eligibility_block_missing""]";"false";"[""data/final_datasets/sf/R_mgwrsar_mydatasf_mydatasf.rds"", ""corpus/papers/raw_pdf/MGWR-SAR_Geniaux&Martinetti.pdf"", ""corpus/papers/tei/MGWR-SAR_Geniaux&Martinetti.tei.xml"", ""wiki/datasets/r_package_docs/mgwrsar/topics/mydatasf.md"", ""wiki/datasets/fiches_datasets/R_mgwrsar_mydatasf_mydatasf.md"", ""data/final_datasets/sf/R_mgwrsar_mydatasf_mydatasf.rds""]";"3e826fc41e77bad485deaa7eb7189fe5d403f0ea5ac241773936efc5a78a3bfa";"ccb55514cd8c8fa5a9f83254cfe9b8334f0a1234d598f9276160f1072f8d2140"
"R_sfdep_guerry_nb_guerry_nb";"wiki/datasets/fiches_datasets/R_sfdep_guerry_nb_guerry_nb.md";"true";"almost_ready_generated_formula";"almost_ready_generated_formula";"manual_review";"manual_review";"false";"false";"crime_pers ~ wealth + commerce + clergy + crime_parents + donation_clergy + instruction + prostitutes + distance";"crime_pers ~ wealth + commerce + clergy + crime_parents + donation_clergy + instruction + prostitutes + distance";"pending";"pending";"pub";"generated_system_formula";"[""count""]";"[""count""]";"[]";"0";"0";"[""Observed population"", ""Geographic context"", ""Topic"", ""Selected Y typology"", ""Selected Y evidence"", ""Formula used evidence""]";"Typologie de la reponse selectionnee : count. Ligne Detail Y correspondant a formula_used; les autres reponses candidates ne pilotent pas cette tache.

Provenance des corrections : audit du 2026-09-07, inspection du RDS et sources indiquees dans cette fiche. Regeneration : code/r_catalog/dataset_curation.py et dataset_curation_overrides.json.";"valid";"[]";"data/final_datasets/sf/R_sfdep_guerry_nb_guerry_nb.rds";"85";"not_promoted";"La formule est executable et le support spatial existe, mais elle provient d une proposition systeme plutot que d une source scientifique confirmee.";"[""package_include_not_yes"", ""benchmark_status_not_ready"", ""estimator_eligibility_block_missing""]";"false";"[""data/final_datasets/sf/R_sfdep_guerry_nb_guerry_nb.rds"", ""corpus/papers/raw_pdf/HistData_Guerry - Revisiting Guerrys data Introducing spatial constraints in multivariate analysis.pdf"", ""corpus/papers/tei/HistData_Guerry - Revisiting Guerrys data Introducing spatial constraints in multivariate analysis.tei.xml"", ""wiki/datasets/r_package_docs/sfdep/topics/guerry.md"", ""wiki/datasets/fiches_datasets/R_sfdep_guerry_nb_guerry_nb.md"", ""data/final_datasets/sf/R_sfdep_guerry_nb_guerry_nb.rds""]";"35f33454e0275b4a7a7a4176166ae37c727750fc25856b6b664edd61ad83fc7e";"32e3d24d4715758746c3e3022fbfc72433329fada60337cfdb4b9a0b035e2513"
"R_sp_meuse.grid_ll_meuse.grid_ll";"wiki/datasets/fiches_datasets/R_sp_meuse.grid_ll_meuse.grid_ll.md";"true";"almost_ready_generated_formula";"not_ready_main_benchmark";"manual_review";"no";"false";"false";"dist ~ part.a + part.b + soil + ffreq";"dist ~ part.a + part.b + soil + ffreq";"pending";"pending";"pub";"generated_system_formula";"[""rate""]";"[""rate""]";"[]";"0";"0";"[""Observed population"", ""Geographic context"", ""Topic"", ""Selected Y typology"", ""Selected Y evidence"", ""Formula used evidence""]";"Decision conservatoire : Grille de prédiction meuse; dist est une distance géographique et part.a/part.b des partitions, pas la concentration de zinc observée. Les deux fiches décrivent deux représentations du même support. Conserver comme support de prédiction et rattacher à R_sp_meuse_meuse; ne pas promouvoir la régression dist sur champs de grille. La fiche et les donnees sont conservees ; aucune suppression ni promotion.

Typologie de la reponse selectionnee : rate. Ligne Detail Y correspondant a formula_used; les autres reponses candidates ne pilotent pas cette tache.

Provenance des corrections : audit du 2026-09-07, inspection du RDS et sources indiquees dans cette fiche. Regeneration : code/r_catalog/dataset_curation.py et dataset_curation_overrides.json.";"valid";"[]";"data/final_datasets/sf/R_sp_meuse.grid_ll_meuse.grid_ll.rds";"3103";"not_promoted";"Grille de prédiction meuse; dist est une distance géographique et part.a/part.b des partitions, pas la concentration de zinc observée. Les deux fiches décrivent deux représentations du même support. Conserver comme support de prédiction et rattacher à R_sp_meuse_meuse; ne pas promouvoir la régression dist sur champs de grille.";"[""package_include_not_yes"", ""benchmark_status_not_ready""]";"true";"[""data/final_datasets/sf/R_sp_meuse.grid_ll_meuse.grid_ll.rds"", ""wiki/datasets/r_package_docs/sp/topics/meuse.grid_ll.md"", ""wiki/datasets/r_package_docs/sp/topics/meuse.grid.md"", ""wiki/datasets/fiches_datasets/R_sp_meuse.grid_ll_meuse.grid_ll.md"", ""data/final_datasets/sf/R_sp_meuse.grid_ll_meuse.grid_ll.rds""]";"0030c4e2654239e2fb6f3d5dd649c7b08d41b4fe73e5a8c087fd11f74a2a63c3";"e2bb083147a8754a9e5330c1b2411810fbf3e31db9cc4f13f8392973ab7bd1eb"
"R_sp_meuse.grid_meuse.grid";"wiki/datasets/fiches_datasets/R_sp_meuse.grid_meuse.grid.md";"true";"almost_ready_generated_formula";"not_ready_main_benchmark";"manual_review";"no";"false";"false";"dist ~ part.a + part.b + soil + ffreq";"dist ~ part.a + part.b + soil + ffreq";"pending";"pending";"pub";"generated_system_formula";"[""rate""]";"[""rate""]";"[]";"0";"0";"[""Observed population"", ""Geographic context"", ""Topic"", ""Selected Y typology"", ""Selected Y evidence"", ""Formula used evidence""]";"Decision conservatoire : Grille de prédiction meuse; dist est une distance géographique et part.a/part.b des partitions, pas la concentration de zinc observée. Les deux fiches décrivent deux représentations du même support. Conserver comme support de prédiction et rattacher à R_sp_meuse_meuse; ne pas promouvoir la régression dist sur champs de grille. La fiche et les donnees sont conservees ; aucune suppression ni promotion.

Typologie de la reponse selectionnee : rate. Ligne Detail Y correspondant a formula_used; les autres reponses candidates ne pilotent pas cette tache.

Provenance des corrections : audit du 2026-09-07, inspection du RDS et sources indiquees dans cette fiche. Regeneration : code/r_catalog/dataset_curation.py et dataset_curation_overrides.json.";"valid";"[]";"data/final_datasets/sf/R_sp_meuse.grid_meuse.grid.rds";"3103";"not_promoted";"Grille de prédiction meuse; dist est une distance géographique et part.a/part.b des partitions, pas la concentration de zinc observée. Les deux fiches décrivent deux représentations du même support. Conserver comme support de prédiction et rattacher à R_sp_meuse_meuse; ne pas promouvoir la régression dist sur champs de grille.";"[""package_include_not_yes"", ""benchmark_status_not_ready""]";"true";"[""data/final_datasets/sf/R_sp_meuse.grid_meuse.grid.rds"", ""wiki/datasets/r_package_docs/sp/topics/meuse.grid.md"", ""wiki/datasets/fiches_datasets/R_sp_meuse.grid_meuse.grid.md"", ""data/final_datasets/sf/R_sp_meuse.grid_meuse.grid.rds""]";"c1dba2272c9ba230c1c3f3488d91acbd32b9320b9a3f2320e68a75c94275ebb9";"7dec301b0c241451e1d95673f1dfda4755f3c2331ff9bcaf9ed779e635e451c1"
"R_sp_meuse_meuse";"wiki/datasets/fiches_datasets/R_sp_meuse_meuse.md";"true";"ready";"ready";"yes";"yes";"true";"true";"log(zinc) ~ sqrt(dist)";"log(zinc) ~ sqrt(dist)";"log(zinc) ~ sqrt(dist)";"log(zinc) ~ sqrt(dist)";"pub";"pub";"[""continuous""]";"[""continuous""]";"[]";"0";"0";"[""Observed population"", ""Geographic context"", ""Topic"", ""Selected Y typology"", ""Selected Y evidence""]";"Typologie de la reponse selectionnee : continuous. Ligne Detail Y correspondant a formula_used; les autres reponses candidates ne pilotent pas cette tache.

Provenance des corrections : audit du 2026-09-07, inspection du RDS et sources indiquees dans cette fiche. Regeneration : code/r_catalog/dataset_curation.py et dataset_curation_overrides.json.";"valid";"[]";"data/final_datasets/sf/R_sp_meuse_meuse.rds";"155";"loaded";"";"[]";"false";"[""data/final_datasets/sf/R_sp_meuse_meuse.rds"", ""wiki/datasets/r_package_docs/sp/topics/meuse.md"", ""wiki/datasets/fiches_datasets/R_sp_meuse_meuse.md"", ""data/final_datasets/sf/R_sp_meuse_meuse.rds""]";"ac8678b7f61fd43fabfcfc3929f41602521b50871177ce7e9891e1ae3c7df01c";"bb9983153b359ba15abc1faa5533ccf6f171156d3a63187181d6355acc1cab9e"
"R_spacetime_air_DE_NUTS1";"wiki/datasets/fiches_datasets/R_spacetime_air_DE_NUTS1.md";"true";"not_ready_missing_formula";"not_ready_main_benchmark";"no";"no";"false";"false";"pending";"pending";"not_applicable - couche de polygones administratifs allemands (NUTS1/Bundeslander) utilisee pour illustrer l'agregation spatiale, sans variable reponse propre. La variable PM10 reelle vit dans l'objet separe STFDF (stations/dates/PM10), non present dans ce depot.";"not_applicable - couche de polygones administratifs allemands (NUTS1/Bundeslander) utilisee pour illustrer l'agregation spatiale, sans variable reponse propre. La variable PM10 reelle vit dans l'objet separe STFDF (stations/dates/PM10), non present dans ce depot.";"pub";"unavailable";"[""continuous""]";"[""continuous""]";"[]";"0";"0";"[""Observed population"", ""Geographic context"", ""Topic""]";"Decision conservatoire : Objet actuel essentiellement géométrique, cartographique ou réseau de distances; aucune paire Y/X empirique justifiée dans le sf. Conserver comme source/support; joindre de vraies mesures via des clés documentées si une tâche est définie. Aucune suppression recommandée. La fiche et les donnees sont conservees ; aucune suppression ni promotion.

Provenance des corrections : audit du 2026-09-07, inspection du RDS et sources indiquees dans cette fiche. Regeneration : code/r_catalog/dataset_curation.py et dataset_curation_overrides.json.";"unavailable";"[]";"data/final_datasets/sf/R_spacetime_air_DE_NUTS1.rds";"16";"not_promoted";"Objet actuel essentiellement géométrique, cartographique ou réseau de distances; aucune paire Y/X empirique justifiée dans le sf. Conserver comme source/support; joindre de vraies mesures via des clés documentées si une tâche est définie. Aucune suppression recommandée.";"[""package_include_not_yes"", ""benchmark_status_not_ready"", ""formula_used_missing_or_pending"", ""response_missing"", ""formula_evidence_unavailable""]";"true";"[""data/final_datasets/sf/R_spacetime_air_DE_NUTS1.rds"", ""wiki/datasets/r_package_docs/spacetime/topics/air.md"", ""wiki/datasets/fiches_datasets/R_spacetime_air_DE_NUTS1.md"", ""data/final_datasets/sf/R_spacetime_air_DE_NUTS1.rds""]";"2d1c3c01806072bf2457d30e056c9b3670ae7f93d3694e6b722fd0b48505c2ab";"ac8ef9dfa02bb98efeff49ebb625124f04d25f3cca3c0a68be6aa15385b82943"
"R_spaMM_arabidopsis_arabidopsis";"wiki/datasets/fiches_datasets/R_spaMM_arabidopsis_arabidopsis.md";"true";"not_ready_non_continuous_response";"not_ready_non_continuous_response";"no";"no";"false";"false";"cbind(pos1046738, 1-pos1046738) ~ seasonal + Matern(1|LAT+LONG)";"cbind(pos1046738, 1-pos1046738) ~ seasonal + Matern(1|LAT+LONG)";"cbind(pos1046738, 1-pos1046738) ~ seasonal + Matern(1|LAT+LONG)";"cbind(pos1046738, 1-pos1046738) ~ seasonal + Matern(1|LAT+LONG)";"pub";"pub";"[""binary""]";"[""binary""]";"[]";"0";"0";"[""Geographic context"", ""Selected Y typology"", ""Selected Y evidence""]";"Typologie de la reponse selectionnee : binary. Ligne Detail Y correspondant a formula_used; les autres reponses candidates ne pilotent pas cette tache.

Provenance des corrections : audit du 2026-09-07, inspection du RDS et sources indiquees dans cette fiche. Regeneration : code/r_catalog/dataset_curation.py et dataset_curation_overrides.json.";"valid";"[]";"data/final_datasets/sf/R_spaMM_arabidopsis_arabidopsis.rds";"948";"not_promoted";"La variable reponse ou la formule n est pas une regression continue scalaire compatible avec le benchmark actuel.";"[""package_include_not_yes"", ""benchmark_status_not_ready"", ""estimator_eligibility_block_missing""]";"false";"[""data/final_datasets/sf/R_spaMM_arabidopsis_arabidopsis.rds"", ""wiki/datasets/r_package_docs/spaMM/topics/arabidopsis.md"", ""wiki/datasets/fiches_datasets/R_spaMM_arabidopsis_arabidopsis.md"", ""data/final_datasets/sf/R_spaMM_arabidopsis_arabidopsis.rds""]";"0c001209fd5e6abc0b72b804bf239e380b71a6f56ab9a723c7e9f7dc0b12a6b7";"9e4d14c96e2eca349370623299b13877d787d2abfeff2b5930de220ddd3e360a"
"R_spaMM_blackcap_blackcap";"wiki/datasets/fiches_datasets/R_spaMM_blackcap_blackcap.md";"true";"not_ready_non_continuous_response";"not_ready_non_continuous_response";"no";"no";"false";"false";"migStatus ~ means + Matern(1|longitude+latitude)";"migStatus ~ means + Matern(1|longitude+latitude)";"migStatus ~ means + Matern(1|longitude+latitude)";"migStatus ~ means + Matern(1|longitude+latitude)";"pub";"pub";"[""continuous""]";"[""continuous""]";"[]";"0";"0";"[""Geographic context"", ""Selected Y typology"", ""Selected Y evidence""]";"Typologie de la reponse selectionnee : continuous. Ligne Detail Y correspondant a formula_used; les autres reponses candidates ne pilotent pas cette tache.

Provenance des corrections : audit du 2026-09-07, inspection du RDS et sources indiquees dans cette fiche. Regeneration : code/r_catalog/dataset_curation.py et dataset_curation_overrides.json.";"valid";"[]";"data/final_datasets/sf/R_spaMM_blackcap_blackcap.rds";"14";"not_promoted";"La variable reponse ou la formule n est pas une regression continue scalaire compatible avec le benchmark actuel.";"[""package_include_not_yes"", ""benchmark_status_not_ready"", ""estimator_eligibility_block_missing""]";"false";"[""data/final_datasets/sf/R_spaMM_blackcap_blackcap.rds"", ""corpus/papers/raw_pdf/Mueller et al 2011, spatial or population model data.pdf"", ""corpus/papers/tei/Mueller et al 2011, spatial or population model data.tei.xml"", ""wiki/datasets/r_package_docs/spaMM/topics/blackcap.md"", ""wiki/datasets/fiches_datasets/R_spaMM_blackcap_blackcap.md"", ""data/final_datasets/sf/R_spaMM_blackcap_blackcap.rds""]";"11dd18b289f1e16aa9f6a757bf19f392b4f8a99e5bab2f887f9fd6d3f75b6751";"366b47dd11a934ea4e56c0da14a9e6d8953541e9f1d401bb322d4f8e916b2605"
"R_spaMM_Leuca_Leuca";"wiki/datasets/fiches_datasets/R_spaMM_Leuca_Leuca.md";"true";"not_ready_non_continuous_response";"not_ready_non_continuous_response";"no";"no";"false";"false";"fec_div ~ sex + Matern(1|x+y %in% sex)";"fec_div ~ sex + Matern(1|x+y %in% sex)";"fec_div ~ sex + Matern(1|x+y %in% sex)";"fec_div ~ sex + Matern(1|x+y %in% sex)";"pub";"pub";"[""continuous"", ""count""]";"[""continuous""]";"[]";"0";"0";"[""Observed population"", ""Geographic context"", ""Topic"", ""Selected Y typology"", ""Selected Y evidence""]";"Typologie de la reponse selectionnee : continuous. Ligne Detail Y correspondant a formula_used; les autres reponses candidates ne pilotent pas cette tache.

Provenance des corrections : audit du 2026-09-07, inspection du RDS et sources indiquees dans cette fiche. Regeneration : code/r_catalog/dataset_curation.py et dataset_curation_overrides.json.";"valid";"[]";"data/final_datasets/sf/R_spaMM_Leuca_Leuca.rds";"156";"not_promoted";"La variable reponse ou la formule n est pas une regression continue scalaire compatible avec le benchmark actuel.";"[""package_include_not_yes"", ""benchmark_status_not_ready"", ""estimator_eligibility_block_missing""]";"false";"[""data/final_datasets/sf/R_spaMM_Leuca_Leuca.rds"", ""corpus/papers/raw_pdf/Sex-specific spatial variation in fitness in the highly dimorphic.pdf"", ""corpus/papers/tei/Sex-specific spatial variation in fitness in the highly dimorphic.tei.xml"", ""wiki/datasets/r_package_docs/spaMM/topics/Leuca.md"", ""wiki/datasets/fiches_datasets/R_spaMM_Leuca_Leuca.md"", ""data/final_datasets/sf/R_spaMM_Leuca_Leuca.rds""]";"ebbb094858e897ccabf2e65f2d1b2fb346fe5b9a5ab8d4cc91251a2d711f67cc";"aa2c0e982612efa475d751d8540386c8c69a4fecbaa6cda55ae9c8b9547d305a"
"R_spaMM_Loaloa_Loaloa";"wiki/datasets/fiches_datasets/R_spaMM_Loaloa_Loaloa.md";"true";"not_ready_non_continuous_response";"not_ready_non_continuous_response";"no";"no";"false";"false";"cbind(npos, ntot-npos) ~ elev1 + elev2 + elev3 + elev4 + maxNDVI1 + seNDVI + Matern(1|longitude+latitude)";"cbind(npos, ntot-npos) ~ elev1 + elev2 + elev3 + elev4 + maxNDVI1 + seNDVI + Matern(1|longitude+latitude)";"cbind(npos, ntot-npos) ~ elev1 + elev2 + elev3 + elev4 + maxNDVI1 + seNDVI + Matern(1|longitude+latitude)";"cbind(npos, ntot-npos) ~ elev1 + elev2 + elev3 + elev4 + maxNDVI1 + seNDVI + Matern(1|longitude+latitude)";"pub";"pub";"[""continuous""]";"[""continuous""]";"[]";"0";"0";"[""Geographic context"", ""Selected Y typology"", ""Selected Y evidence""]";"Typologie de la reponse selectionnee : continuous. Ligne Detail Y correspondant a formula_used; les autres reponses candidates ne pilotent pas cette tache.

Provenance des corrections : audit du 2026-09-07, inspection du RDS et sources indiquees dans cette fiche. Regeneration : code/r_catalog/dataset_curation.py et dataset_curation_overrides.json.";"valid";"[]";"data/final_datasets/sf/R_spaMM_Loaloa_Loaloa.rds";"197";"not_promoted";"La variable reponse ou la formule n est pas une regression continue scalaire compatible avec le benchmark actuel.";"[""package_include_not_yes"", ""benchmark_status_not_ready"", ""estimator_eligibility_block_missing""]";"false";"[""data/final_datasets/sf/R_spaMM_Loaloa_Loaloa.rds"", ""wiki/datasets/r_package_docs/spaMM/topics/Loaloa.md"", ""wiki/datasets/fiches_datasets/R_spaMM_Loaloa_Loaloa.md"", ""data/final_datasets/sf/R_spaMM_Loaloa_Loaloa.rds""]";"027168f96e0badb9506975f8ea3cbbb88021bd76a646e1d5e4ddea0ba01a78ee";"a1a3d12e189dba6c9ea8c4270da0b21adb147b12e9a62052c5abe4db2b8a4c62"
"R_SpatialEpi_pennLC_sf_pennLC_sf";"wiki/datasets/fiches_datasets/R_SpatialEpi_pennLC_sf_pennLC_sf.md";"true";"almost_ready_generated_formula";"almost_ready_generated_formula";"manual_review";"manual_review";"false";"false";"cases ~ population + race + gender + age + smoking";"cases ~ population + race + gender + age + smoking";"pending";"pending";"pub";"generated_system_formula";"[""count""]";"[""count""]";"[]";"0";"0";"[""Geographic context"", ""Selected Y typology"", ""Selected Y evidence"", ""Formula used evidence""]";"Typologie de la reponse selectionnee : count. Ligne Detail Y correspondant a formula_used; les autres reponses candidates ne pilotent pas cette tache.

Provenance des corrections : audit du 2026-09-07, inspection du RDS et sources indiquees dans cette fiche. Regeneration : code/r_catalog/dataset_curation.py et dataset_curation_overrides.json.";"valid";"[]";"data/final_datasets/sf/R_SpatialEpi_pennLC_sf_pennLC_sf.rds";"1072";"not_promoted";"La formule est executable et le support spatial existe, mais elle provient d une proposition systeme plutot que d une source scientifique confirmee.";"[""package_include_not_yes"", ""benchmark_status_not_ready"", ""estimator_eligibility_block_missing""]";"false";"[""data/final_datasets/sf/R_SpatialEpi_pennLC_sf_pennLC_sf.rds"", ""wiki/datasets/r_package_docs/SpatialEpi/topics/pennLC.md"", ""wiki/datasets/r_package_docs/SpatialEpi/topics/pennLC_sf.md"", ""wiki/datasets/fiches_datasets/R_SpatialEpi_pennLC_sf_pennLC_sf.md"", ""data/final_datasets/sf/R_SpatialEpi_pennLC_sf_pennLC_sf.rds""]";"568138b4392a5053d7b6cbb46fbf79fac4ecbe08975f89194fc88fcd664c8e97";"6f747c94f9efd02716b3d417a144c329313a993acd43f38642504b0fec2cce61"
"R_SpatialEpi_scotland_sf_scotland_sf";"wiki/datasets/fiches_datasets/R_SpatialEpi_scotland_sf_scotland_sf.md";"true";"ready";"manual_review";"yes";"manual_review";"true";"false";"cases ~ AFF + offset(log(expected))";"cases ~ AFF + offset(log(expected))";"cases ~ AFF + offset(log(expected))";"cases ~ AFF + offset(log(expected))";"pub";"pub";"[""continuous""]";"[""count""]";"[]";"0";"0";"[""Geographic context"", ""Selected Y typology"", ""Selected Y evidence"", ""benchmark_task_note""]";"Decision conservatoire : Tache count a documenter par reponse et estimateur; aucune selection automatique de familles gaussiennes. cases est un nombre de cas avec exposition expected en offset. La fiche et les donnees sont conservees ; aucune suppression ni promotion.

Typologie de la reponse selectionnee : count. cases est un nombre de cas avec exposition expected en offset.

Provenance des corrections : audit du 2026-09-07, inspection du RDS et sources indiquees dans cette fiche. Regeneration : code/r_catalog/dataset_curation.py et dataset_curation_overrides.json.";"valid";"[]";"data/final_datasets/sf/R_SpatialEpi_scotland_sf_scotland_sf.rds";"56";"not_promoted";"Tache count a documenter par reponse et estimateur; aucune selection automatique de familles gaussiennes. cases est un nombre de cas avec exposition expected en offset.";"[""package_include_not_yes"", ""benchmark_status_not_ready""]";"false";"[""data/final_datasets/sf/R_SpatialEpi_scotland_sf_scotland_sf.rds"", ""wiki/datasets/r_package_docs/SpatialEpi/topics/scotland.md"", ""wiki/datasets/fiches_datasets/R_SpatialEpi_scotland_sf_scotland_sf.md"", ""data/final_datasets/sf/R_SpatialEpi_scotland_sf_scotland_sf.rds""]";"3b0c7dc4e7775d732ff6a055aecfc2972a2d3ea1fb80be731b000179d966b6a5";"a39b829b21fa4f5bc61f5dd4f8886cdc5acbf6b5a9c3818d8406058f433e6693"
"R_spatstat.data_betacells_betacells";"wiki/datasets/fiches_datasets/R_spatstat.data_betacells_betacells.md";"true";"not_ready_missing_formula";"not_ready_missing_formula";"no";"no";"false";"false";"pending";"pending";"not_applicable - analyse d'independance/dependance entre 2 types de points (processus ponctuel multitype), pas une regression Y~X. `area` est un attribut descriptif (taille du marqueur en plot), jamais modelise comme reponse.";"not_applicable - analyse d'independance/dependance entre 2 types de points (processus ponctuel multitype), pas une regression Y~X. `area` est un attribut descriptif (taille du marqueur en plot), jamais modelise comme reponse.";"pub";"unavailable";"[""categorical"", ""continuous""]";"[""unknown""]";"[]";"0";"0";"[""Observed population"", ""Geographic context"", ""Topic""]";"Provenance des corrections : audit du 2026-09-07, inspection du RDS et sources indiquees dans cette fiche. Regeneration : code/r_catalog/dataset_curation.py et dataset_curation_overrides.json.";"unavailable";"[]";"data/final_datasets/sf/R_spatstat.data_betacells_betacells.rds";"135";"not_promoted";"Aucune formule systeme ou publication n est disponible pour ce jeu de donnees package.";"[""package_include_not_yes"", ""benchmark_status_not_ready"", ""formula_used_missing_or_pending"", ""response_missing"", ""estimator_eligibility_block_missing"", ""formula_evidence_unavailable"", ""selected_response_typology_unresolved""]";"false";"[""data/final_datasets/sf/R_spatstat.data_betacells_betacells.rds"", ""wiki/datasets/r_package_docs/spatstat.data/topics/betacells.md"", ""wiki/datasets/fiches_datasets/R_spatstat.data_betacells_betacells.md"", ""data/final_datasets/sf/R_spatstat.data_betacells_betacells.rds""]";"359816a9f62616242b8e45175dba8758bef45c3cf275628ae5c41b95884c4f91";"454a7d895b1c820303ad52960d922bed7f53b963259245685fd7a0a3a833dc95"
"R_spatstat.data_btb_btb";"wiki/datasets/fiches_datasets/R_spatstat.data_btb_btb.md";"true";"not_ready_missing_formula";"not_ready_missing_formula";"no";"no";"false";"false";"pending";"pending";"not_applicable - estimation non parametrique de segregation spatiale entre types de spoligotype de tuberculose bovine, pas une regression Y~X.";"not_applicable - estimation non parametrique de segregation spatiale entre types de spoligotype de tuberculose bovine, pas une regression Y~X.";"pub";"unavailable";"[""categorical""]";"[""categorical""]";"[]";"0";"0";"[""Geographic context""]";"Provenance des corrections : audit du 2026-09-07, inspection du RDS et sources indiquees dans cette fiche. Regeneration : code/r_catalog/dataset_curation.py et dataset_curation_overrides.json.";"unavailable";"[]";"data/final_datasets/sf/R_spatstat.data_btb_btb.rds";"873";"not_promoted";"Aucune formule systeme ou publication n est disponible pour ce jeu de donnees package.";"[""package_include_not_yes"", ""benchmark_status_not_ready"", ""formula_used_missing_or_pending"", ""response_missing"", ""estimator_eligibility_block_missing"", ""formula_evidence_unavailable"", ""selected_response_typology_unresolved""]";"false";"[""data/final_datasets/sf/R_spatstat.data_btb_btb.rds"", ""wiki/datasets/r_package_docs/spatstat.data/topics/btb.md"", ""wiki/datasets/fiches_datasets/R_spatstat.data_btb_btb.md"", ""data/final_datasets/sf/R_spatstat.data_btb_btb.rds""]";"f343d24930957dd92a3067e973223938f5bdd16fe5ab1f1ecf38d96c717e1459";"e84e0da1627295a5789e216f5f818b86724d184e149a9d3791dfd5359a2cd9e2"
"R_spatstat.data_clmfires_clmfires";"wiki/datasets/fiches_datasets/R_spatstat.data_clmfires_clmfires.md";"true";"almost_ready_cross_section_or_panel_reduction";"almost_ready_cross_section_or_panel_reduction";"manual_review";"manual_review";"false";"false";"burnt.area ~ cause";"burnt.area ~ cause";"burnt.area ~ cause (referencee dans catalogue)";"burnt.area ~ cause (referencee dans catalogue)";"pub";"paper_extracted";"[""continuous""]";"[""continuous""]";"[]";"0";"0";"[""Observed population"", ""Geographic context"", ""Selected Y typology"", ""Selected Y evidence""]";"Typologie de la reponse selectionnee : continuous. Ligne Detail Y correspondant a formula_used; les autres reponses candidates ne pilotent pas cette tache.

Provenance des corrections : audit du 2026-09-07, inspection du RDS et sources indiquees dans cette fiche. Regeneration : code/r_catalog/dataset_curation.py et dataset_curation_overrides.json.";"valid";"[]";"data/final_datasets/sf/R_spatstat.data_clmfires_clmfires.rds";"8488";"not_promoted";"Le jeu contient une dimension temporelle; il peut etre benchmarkable apres choix documente d une coupe ou d une aggregation temporelle.";"[""package_include_not_yes"", ""benchmark_status_not_ready"", ""estimator_eligibility_block_missing""]";"false";"[""data/final_datasets/sf/R_spatstat.data_clmfires_clmfires.rds"", ""wiki/datasets/r_package_docs/spatstat.data/topics/clmfires.md"", ""wiki/datasets/fiches_datasets/R_spatstat.data_clmfires_clmfires.md"", ""data/final_datasets/sf/R_spatstat.data_clmfires_clmfires.rds""]";"7d9e5b489cdff0043a536b5801648989b13b97d5ac998c39f63e0fcc6164ca19";"80df5e1b67672dedf077d582ebd5a97bc53edd7727edb942659d2f518b9fa53b"
"R_spatstat.data_finpines_finpines";"wiki/datasets/fiches_datasets/R_spatstat.data_finpines_finpines.md";"true";"not_ready_missing_formula";"not_ready_missing_formula";"no";"no";"false";"false";"pending";"pending";"not_applicable - analyse par fonction J (statistique d'interaction spatiale non parametrique comparant les distances au plus proche voisin par marque), pas une regression height~diameter malgre l'apparence allometrique des colonnes.";"not_applicable - analyse par fonction J (statistique d'interaction spatiale non parametrique comparant les distances au plus proche voisin par marque), pas une regression height~diameter malgre l'apparence allometrique des colonnes.";"pub";"unavailable";"[""continuous""]";"[""continuous""]";"[]";"0";"0";"[""Observed population"", ""Geographic context"", ""Topic""]";"Provenance des corrections : audit du 2026-09-07, inspection du RDS et sources indiquees dans cette fiche. Regeneration : code/r_catalog/dataset_curation.py et dataset_curation_overrides.json.";"unavailable";"[]";"data/final_datasets/sf/R_spatstat.data_finpines_finpines.rds";"126";"not_promoted";"Aucune formule systeme ou publication n est disponible pour ce jeu de donnees package.";"[""package_include_not_yes"", ""benchmark_status_not_ready"", ""formula_used_missing_or_pending"", ""response_missing"", ""estimator_eligibility_block_missing"", ""formula_evidence_unavailable""]";"false";"[""data/final_datasets/sf/R_spatstat.data_finpines_finpines.rds"", ""wiki/datasets/r_package_docs/spatstat.data/topics/finpines.md"", ""wiki/datasets/fiches_datasets/R_spatstat.data_finpines_finpines.md"", ""data/final_datasets/sf/R_spatstat.data_finpines_finpines.rds""]";"3afb4198a9364efab220cccc9c34a7644981383aa27e26bf5568162544e9f4a8";"f8c288c722252bd89d34c5c2581f48be16c6af0a0676719faf48338ee2f39f4a"
"R_spatstat.data_gorillas_gorillas";"wiki/datasets/fiches_datasets/R_spatstat.data_gorillas_gorillas.md";"true";"not_ready_missing_formula";"not_ready_missing_formula";"no";"no";"false";"false";"pending";"pending";"not_applicable en l'etat pour ce projet (modele d'intensite de processus ponctuel area-interaction, pas une table Y~X ligne-par-observation) : intensity ~ elevation + slope + vegetation + aspect + waterdist [+ group + season], ajuste via ppm() sur les rasters de covariables gorillas.extra (non presents dans ce depot local, package spatstat.data seul).";"not_applicable en l'etat pour ce projet (modele d'intensite de processus ponctuel area-interaction, pas une table Y~X ligne-par-observation) : intensity ~ elevation + slope + vegetation + aspect + waterdist [+ group + season], ajuste via ppm() sur les rasters de covariables gorillas.extra (non presents dans ce depot local, package spatstat.data seul).";"pub";"unavailable";"[""unknown""]";"[""unknown""]";"[]";"0";"0";"[""Observed population"", ""Geographic context""]";"Provenance des corrections : audit du 2026-09-07, inspection du RDS et sources indiquees dans cette fiche. Regeneration : code/r_catalog/dataset_curation.py et dataset_curation_overrides.json.";"unavailable";"[]";"data/final_datasets/sf/R_spatstat.data_gorillas_gorillas.rds";"647";"not_promoted";"Aucune formule systeme ou publication n est disponible pour ce jeu de donnees package.";"[""package_include_not_yes"", ""benchmark_status_not_ready"", ""formula_used_missing_or_pending"", ""response_missing"", ""estimator_eligibility_block_missing"", ""formula_evidence_unavailable"", ""selected_response_typology_unresolved""]";"false";"[""data/final_datasets/sf/R_spatstat.data_gorillas_gorillas.rds"", ""wiki/datasets/r_package_docs/spatstat.data/topics/gorillas.md"", ""wiki/datasets/fiches_datasets/R_spatstat.data_gorillas_gorillas.md"", ""data/final_datasets/sf/R_spatstat.data_gorillas_gorillas.rds""]";"bc067a3db93b05ff80ac0d47f7de166f8226c969e71c40b374a020f2df0e49f5";"f9c5e83a547a056285e20b5c54a331bc55a52ca8f2562ade0a1baa83d12e0c03"
"R_spatstat.data_nbfires_nbfires";"wiki/datasets/fiches_datasets/R_spatstat.data_nbfires_nbfires.md";"true";"almost_ready_cross_section_or_panel_reduction";"almost_ready_cross_section_or_panel_reduction";"manual_review";"manual_review";"false";"false";"fnl.size ~ year + fire.type + dis.julian + out.julian + cause + ign.src";"fnl.size ~ year + fire.type + dis.julian + out.julian + cause + ign.src";"pending";"pending";"pub";"unavailable";"[""continuous""]";"[""continuous""]";"[]";"0";"0";"[""Observed population"", ""Geographic context"", ""Selected Y typology"", ""Selected Y evidence""]";"Typologie de la reponse selectionnee : continuous. Ligne Detail Y correspondant a formula_used; les autres reponses candidates ne pilotent pas cette tache.

Provenance des corrections : audit du 2026-09-07, inspection du RDS et sources indiquees dans cette fiche. Regeneration : code/r_catalog/dataset_curation.py et dataset_curation_overrides.json.";"valid";"[]";"data/final_datasets/sf/R_spatstat.data_nbfires_nbfires.rds";"7108";"not_promoted";"Le jeu contient une dimension temporelle; il peut etre benchmarkable apres choix documente d une coupe ou d une aggregation temporelle.";"[""package_include_not_yes"", ""benchmark_status_not_ready"", ""estimator_eligibility_block_missing"", ""formula_evidence_unavailable""]";"false";"[""data/final_datasets/sf/R_spatstat.data_nbfires_nbfires.rds"", ""wiki/datasets/r_package_docs/spatstat.data/topics/nbfires.md"", ""wiki/datasets/fiches_datasets/R_spatstat.data_nbfires_nbfires.md"", ""data/final_datasets/sf/R_spatstat.data_nbfires_nbfires.rds""]";"28d87e280c716f2a3f71ec0917b01f3287c57c76e03623623e11a891441c956a";"96b89c5382ccdac293c642c04fcb9d693fbb01b3f3661c65c55adfd42b9f49a5"
"R_spatstat.data_shapley_shapley";"wiki/datasets/fiches_datasets/R_spatstat.data_shapley_shapley.md";"true";"not_ready_missing_formula";"not_ready_missing_formula";"no";"no";"false";"false";"pending";"pending";"not_applicable - pattern de points pur (positions de galaxies), analyse descriptive/clustering du supercluster, aucune covariable de regression associee dans la source.";"not_applicable - pattern de points pur (positions de galaxies), analyse descriptive/clustering du supercluster, aucune covariable de regression associee dans la source.";"pub";"unavailable";"[""count""]";"[""count""]";"[]";"0";"0";"[""Observed population"", ""Geographic context"", ""Topic""]";"Provenance des corrections : audit du 2026-09-07, inspection du RDS et sources indiquees dans cette fiche. Regeneration : code/r_catalog/dataset_curation.py et dataset_curation_overrides.json.";"unavailable";"[]";"data/final_datasets/sf/R_spatstat.data_shapley_shapley.rds";"4215";"not_promoted";"Aucune formule systeme ou publication n est disponible pour ce jeu de donnees package.";"[""package_include_not_yes"", ""benchmark_status_not_ready"", ""formula_used_missing_or_pending"", ""response_missing"", ""estimator_eligibility_block_missing"", ""formula_evidence_unavailable""]";"false";"[""data/final_datasets/sf/R_spatstat.data_shapley_shapley.rds"", ""wiki/datasets/r_package_docs/spatstat.data/topics/shapley.md"", ""wiki/datasets/fiches_datasets/R_spatstat.data_shapley_shapley.md"", ""data/final_datasets/sf/R_spatstat.data_shapley_shapley.rds""]";"d7a641ad41c44ca7dc5d2b00ab695e65436deccb6c6810f379c7ead53430829f";"2d91e640d60c05847a6bc38f9a7f3d821637ac502ae9c3d99343f1de92a3d6cc"
"R_spatstat.data_stonetools_stonetools";"wiki/datasets/fiches_datasets/R_spatstat.data_stonetools_stonetools.md";"true";"not_ready_missing_formula";"not_ready_missing_formula";"no";"no";"false";"false";"pending";"pending";"not_applicable - estimation d'intensite non parametrique et test de segregation Monte Carlo entre points lithiques/osseux, pas une regression Y~X coordonnee-par-coordonnee (la regression logistique multinomiale du papier teste l'homogeneite technologique entre zones, pas un Y~X spatial).";"not_applicable - estimation d'intensite non parametrique et test de segregation Monte Carlo entre points lithiques/osseux, pas une regression Y~X coordonnee-par-coordonnee (la regression logistique multinomiale du papier teste l'homogeneite technologique entre zones, pas un Y~X spatial).";"pub";"unavailable";"[""categorical""]";"[""categorical""]";"[]";"0";"0";"[""Observed population"", ""Geographic context"", ""Topic""]";"Provenance des corrections : audit du 2026-09-07, inspection du RDS et sources indiquees dans cette fiche. Regeneration : code/r_catalog/dataset_curation.py et dataset_curation_overrides.json.";"unavailable";"[]";"data/final_datasets/sf/R_spatstat.data_stonetools_stonetools.rds";"4745";"not_promoted";"Aucune formule systeme ou publication n est disponible pour ce jeu de donnees package.";"[""package_include_not_yes"", ""benchmark_status_not_ready"", ""formula_used_missing_or_pending"", ""response_missing"", ""estimator_eligibility_block_missing"", ""formula_evidence_unavailable"", ""selected_response_typology_unresolved""]";"false";"[""data/final_datasets/sf/R_spatstat.data_stonetools_stonetools.rds"", ""wiki/datasets/r_package_docs/spatstat.data/topics/stonetools.md"", ""wiki/datasets/fiches_datasets/R_spatstat.data_stonetools_stonetools.md"", ""data/final_datasets/sf/R_spatstat.data_stonetools_stonetools.rds""]";"e67f90e38e9f58a6e831cc45a0c546bc45c7465fbbd7b9bee53b1d1c480445ab";"de2de0a164df884c4f5be9df0398605d2b9d89019cf6192423c2c16f1a2a6e43"
"R_spData_baltimore_baltimore";"wiki/datasets/fiches_datasets/R_spData_baltimore_baltimore.md";"true";"ready";"manual_review";"yes";"manual_review";"false";"false";"PRICE ~ NROOM + NBATH + PATIO + FIREPL + AC + GAR + AGE + LOTSZ + SQFT";"PRICE ~ NROOM + NBATH + PATIO + FIREPL + AC + GAR + AGE + LOTSZ + SQFT";"PRICE ~ NROOM + NBATH + PATIO + FIREPL + AC + GAR + AGE + LOTSZ + SQFT";"PRICE ~ NROOM + NBATH + PATIO + FIREPL + AC + GAR + AGE + LOTSZ + SQFT";"pub";"pub";"[""continuous""]";"[""continuous""]";"[]";"0";"0";"[""Geographic context"", ""Selected Y typology"", ""Selected Y evidence""]";"Decision conservatoire : Ancienne declaration yes incoherente avec les conditions du registre : estimator_eligibility_block_missing. Conserver la décision actuelle jusqu’au traitement des constats. La fiche et les donnees sont conservees ; aucune suppression ni promotion.

Typologie de la reponse selectionnee : continuous. Ligne Detail Y correspondant a formula_used; les autres reponses candidates ne pilotent pas cette tache.

Provenance des corrections : audit du 2026-09-07, inspection du RDS et sources indiquees dans cette fiche. Regeneration : code/r_catalog/dataset_curation.py et dataset_curation_overrides.json.";"valid";"[]";"data/final_datasets/sf/R_spData_baltimore_baltimore.rds";"211";"not_promoted";"Ancienne declaration yes incoherente avec les conditions du registre : estimator_eligibility_block_missing. Conserver la décision actuelle jusqu’au traitement des constats.";"[""package_include_not_yes"", ""benchmark_status_not_ready""]";"false";"[""data/final_datasets/sf/R_spData_baltimore_baltimore.rds"", ""wiki/datasets/r_package_docs/spData/topics/baltimore.md"", ""wiki/datasets/fiches_datasets/R_spData_baltimore_baltimore.md"", ""data/final_datasets/sf/R_spData_baltimore_baltimore.rds""]";"4e634faecc970013ebfad819697d5489b099843e0c528ea83865a6f093f7f77a";"08c58944aa48372876f064e83fb41ee6a6f4b0ba17cc9163495083315017966e"
"R_spData_depmunic_depmunic";"wiki/datasets/fiches_datasets/R_spData_depmunic_depmunic.md";"true";"not_ready_too_small";"not_ready_main_benchmark";"no";"no";"false";"false";"y_{i,j} = rho * W_i * y + x'_{i,j} * beta + z'_j * gamma + theta_j + epsilon_{i,j}; theta_j = lambda * M_j * theta + mu_j";"pending";"y_{i,j} = rho * W_i * y + x'_{i,j} * beta + z'_j * gamma + theta_j + epsilon_{i,j}; theta_j = lambda * M_j * theta + mu_j";"y_{i,j} = rho * W_i * y + x'_{i,j} * beta + z'_j * gamma + theta_j + epsilon_{i,j}; theta_j = lambda * M_j * theta + mu_j";"pub";"unavailable";"[""continuous""]";"[""continuous""]";"[]";"0";"0";"[""Observed population"", ""Geographic context"", ""Topic"", ""formula_used"", ""x_terms_used"", ""y_term_used"", ""Formula used evidence""]";"Equation hierarchique mathematique conservee dans formula_pub; aucune traduction executable inventee pour les sept lignes disponibles.

Decision conservatoire : N=7 et formula_used contient une équation mathématique hiérarchique non exécutable telle quelle. Garder hors benchmark général; rechercher l’échelle municipale liée avant toute tâche hiérarchique. La fiche et les donnees sont conservees ; aucune suppression ni promotion.

Provenance des corrections : audit du 2026-09-07, inspection du RDS et sources indiquees dans cette fiche. Regeneration : code/r_catalog/dataset_curation.py et dataset_curation_overrides.json.";"unavailable";"[]";"data/final_datasets/sf/R_spData_depmunic_depmunic.rds";"7";"not_promoted";"N=7 et formula_used contient une équation mathématique hiérarchique non exécutable telle quelle. Garder hors benchmark général; rechercher l’échelle municipale liée avant toute tâche hiérarchique.";"[""package_include_not_yes"", ""benchmark_status_not_ready"", ""formula_used_missing_or_pending"", ""response_missing"", ""formula_evidence_unavailable""]";"true";"[""data/final_datasets/sf/R_spData_depmunic_depmunic.rds"", ""wiki/datasets/r_package_docs/spData/topics/depmunic.md"", ""wiki/datasets/fiches_datasets/R_spData_depmunic_depmunic.md"", ""data/final_datasets/sf/R_spData_depmunic_depmunic.rds""]";"a3df5810c385db3d58fd268e0d8a6d7fdd0cf41b6877f9340b8ac0c578327ccd";"c34fbd21de6b07937f69591fa1ef4e76b8a6343c198c47cf6e101a3a2aa15c98"
"R_spData_elect80_elect80";"wiki/datasets/fiches_datasets/R_spData_elect80_elect80.md";"true";"ready";"manual_review";"yes";"manual_review";"false";"false";"pc_turnout ~ pc_college + pc_homeownership + pc_income";"pc_turnout ~ pc_college + pc_homeownership + pc_income";"pc_turnout ~ pc_college + pc_homeownership + pc_income (referencee dans catalogue)";"pc_turnout ~ pc_college + pc_homeownership + pc_income (referencee dans catalogue)";"pub";"paper_extracted";"[""continuous""]";"[""continuous""]";"[]";"0";"0";"[""Geographic context"", ""Selected Y typology"", ""Selected Y evidence""]";"Decision conservatoire : Ancienne declaration yes incoherente avec les conditions du registre : estimator_eligibility_block_missing. Conserver la décision actuelle jusqu’au traitement des constats. La fiche et les donnees sont conservees ; aucune suppression ni promotion.

Typologie de la reponse selectionnee : continuous. Ligne Detail Y correspondant a formula_used; les autres reponses candidates ne pilotent pas cette tache.

Provenance des corrections : audit du 2026-09-07, inspection du RDS et sources indiquees dans cette fiche. Regeneration : code/r_catalog/dataset_curation.py et dataset_curation_overrides.json.";"valid";"[]";"data/final_datasets/sf/R_spData_elect80_elect80.rds";"3107";"not_promoted";"Ancienne declaration yes incoherente avec les conditions du registre : estimator_eligibility_block_missing. Conserver la décision actuelle jusqu’au traitement des constats.";"[""package_include_not_yes"", ""benchmark_status_not_ready""]";"false";"[""data/final_datasets/sf/R_spData_elect80_elect80.rds"", ""wiki/datasets/r_package_docs/spData/topics/elect80.md"", ""wiki/datasets/fiches_datasets/R_spData_elect80_elect80.md"", ""data/final_datasets/sf/R_spData_elect80_elect80.rds""]";"7b6213ca3d67cf15169a8436ee61e3fbfc82ed56a149be764cd4e4639935c382";"50a96eef5537093d6b6b852cb71f3bb39b27f89a8847f955e4e06e61df3f818b"
"R_spData_house_house";"wiki/datasets/fiches_datasets/R_spData_house_house.md";"true";"ready";"manual_review";"yes";"manual_review";"false";"false";"price ~ yrbuilt + stories + TLA + wall + beds + baths + halfbaths + frontage";"price ~ yrbuilt + stories + TLA + wall + beds + baths + halfbaths + frontage";"pending";"pending";"pub";"unavailable";"[""count""]";"[""count""]";"[]";"0";"0";"[""Geographic context"", ""Selected Y typology"", ""Selected Y evidence""]";"Decision conservatoire : Tache count a documenter par reponse et estimateur; aucune selection automatique de familles gaussiennes. Ligne Detail Y correspondant a formula_used; les autres reponses candidates ne pilotent pas cette tache. La fiche et les donnees sont conservees ; aucune suppression ni promotion.

Typologie de la reponse selectionnee : count. Ligne Detail Y correspondant a formula_used; les autres reponses candidates ne pilotent pas cette tache.

Provenance des corrections : audit du 2026-09-07, inspection du RDS et sources indiquees dans cette fiche. Regeneration : code/r_catalog/dataset_curation.py et dataset_curation_overrides.json.";"valid";"[]";"data/final_datasets/sf/R_spData_house_house.rds";"25357";"not_promoted";"Tache count a documenter par reponse et estimateur; aucune selection automatique de familles gaussiennes. Ligne Detail Y correspondant a formula_used; les autres reponses candidates ne pilotent pas cette tache.";"[""package_include_not_yes"", ""benchmark_status_not_ready"", ""formula_evidence_unavailable""]";"false";"[""data/final_datasets/sf/R_spData_house_house.rds"", ""wiki/datasets/r_package_docs/spData/topics/house.md"", ""wiki/datasets/fiches_datasets/R_spData_house_house.md"", ""data/final_datasets/sf/R_spData_house_house.rds""]";"5a548742f7317cd8213aeac89b5d9b1ecc10647a73a247844ea3568573c4a28c";"95da83c0039b23c5c6106e9679e80a896c7297d71dedcefb222726635cbedbf2"
"R_spData_nydata_nydata";"wiki/datasets/fiches_datasets/R_spData_nydata_nydata.md";"true";"ready";"manual_review";"yes";"manual_review";"false";"false";"Cases ~ PEXPOSURE + PCTAGE65P + PCTOWNHOME + offset(log(POP8))";"pending";"Cases ~ PEXPOSURE + PCTAGE65P + PCTOWNHOME + offset(log(POP8))";"Cases ~ PEXPOSURE + PCTAGE65P + PCTOWNHOME + offset(log(POP8))";"pub";"unavailable";"[""continuous"", ""rate""]";"[""unknown""]";"[""FORMULA_COLUMN_MISSING""]";"0";"1";"[""Observed population"", ""Geographic context"", ""Topic"", ""formula_used"", ""x_terms_used"", ""y_term_used"", ""Formula used evidence""]";"formula_pub reste intacte. formula_used est indisponible : aucune reponse de substitution n’a ete inventee.

Decision conservatoire : Ancienne declaration yes incoherente avec les conditions du registre : estimator_eligibility_block_missing. Conserver la décision actuelle jusqu’au traitement des constats. La fiche et les donnees sont conservees ; aucune suppression ni promotion.

Provenance des corrections : audit du 2026-09-07, inspection du RDS et sources indiquees dans cette fiche. Regeneration : code/r_catalog/dataset_curation.py et dataset_curation_overrides.json.";"unavailable";"[]";"data/final_datasets/sf/R_spData_nydata_nydata.rds";"281";"not_promoted";"Ancienne declaration yes incoherente avec les conditions du registre : estimator_eligibility_block_missing. Conserver la décision actuelle jusqu’au traitement des constats.";"[""package_include_not_yes"", ""benchmark_status_not_ready"", ""formula_used_missing_or_pending"", ""response_missing"", ""formula_evidence_unavailable"", ""selected_response_typology_unresolved""]";"false";"[""data/final_datasets/sf/R_spData_nydata_nydata.rds"", ""wiki/datasets/r_package_docs/spData/topics/nydata.md"", ""wiki/datasets/fiches_datasets/R_spData_nydata_nydata.md"", ""data/final_datasets/sf/R_spData_nydata_nydata.rds""]";"386aebb5c285ec00c77397c48d1b7af21240289d4099d7cc4de525343fd8832d";"4f88e24ed403ea0ce2faf7cb8c9c591511549563e3c21cadf842376a121ca332"
"R_spData_nz_nz";"wiki/datasets/fiches_datasets/R_spData_nz_nz.md";"true";"almost_ready_small_n";"almost_ready_small_n";"manual_review";"manual_review";"false";"false";"Population ~ Land_area + Island";"Population ~ Land_area + Island";"pending";"pending";"pub";"unavailable";"[""continuous"", ""count""]";"[""continuous""]";"[]";"0";"0";"[""Observed population"", ""Geographic context"", ""Topic"", ""Selected Y typology"", ""Selected Y evidence""]";"Typologie de la reponse selectionnee : continuous. Ligne Detail Y correspondant a formula_used; les autres reponses candidates ne pilotent pas cette tache.

Provenance des corrections : audit du 2026-09-07, inspection du RDS et sources indiquees dans cette fiche. Regeneration : code/r_catalog/dataset_curation.py et dataset_curation_overrides.json.";"valid";"[]";"data/final_datasets/sf/R_spData_nz_nz.rds";"16";"not_promoted";"La formule et les covariables sont executables, mais l echantillon est petit pour une comparaison robuste d estimateurs.";"[""package_include_not_yes"", ""benchmark_status_not_ready"", ""estimator_eligibility_block_missing"", ""formula_evidence_unavailable""]";"false";"[""data/final_datasets/sf/R_spData_nz_nz.rds"", ""wiki/datasets/r_package_docs/spData/topics/nz.md"", ""wiki/datasets/fiches_datasets/R_spData_nz_nz.md"", ""data/final_datasets/sf/R_spData_nz_nz.rds""]";"33acb5c73ef5a0514f7a8ccc157b16fa12decd3193bd1de124d433bb84c88b0e";"bd73bf802b3053f3b81ccfff9e8e92911e94822fc7e980ee68df96ee4af977d6"
"R_spData_properties_properties";"wiki/datasets/fiches_datasets/R_spData_properties_properties.md";"true";"almost_ready_generated_formula";"almost_ready_generated_formula";"manual_review";"manual_review";"false";"false";"price ~ size + age + dist_metro";"price ~ size + age + dist_metro";"pending";"pending";"pub";"generated_system_formula";"[""count"", ""continuous""]";"[""count""]";"[]";"0";"0";"[""Geographic context"", ""Selected Y typology"", ""Selected Y evidence"", ""Formula used evidence""]";"Typologie de la reponse selectionnee : count. Ligne Detail Y correspondant a formula_used; les autres reponses candidates ne pilotent pas cette tache.

Provenance des corrections : audit du 2026-09-07, inspection du RDS et sources indiquees dans cette fiche. Regeneration : code/r_catalog/dataset_curation.py et dataset_curation_overrides.json.";"valid";"[]";"data/final_datasets/sf/R_spData_properties_properties.rds";"1000";"not_promoted";"La formule est executable et le support spatial existe, mais elle provient d une proposition systeme plutot que d une source scientifique confirmee.";"[""package_include_not_yes"", ""benchmark_status_not_ready"", ""estimator_eligibility_block_missing""]";"false";"[""data/final_datasets/sf/R_spData_properties_properties.rds"", ""wiki/datasets/r_package_docs/spData/topics/properties.md"", ""wiki/datasets/fiches_datasets/R_spData_properties_properties.md"", ""data/final_datasets/sf/R_spData_properties_properties.rds""]";"4d3b741353d95a73d3481e734373a417ed0073fab6a7937f4d3ecab38ee835fc";"bd0aa50a0397c558b9c09946e163043c76352c6d81342ac48d1c7d7e3f250419"
"R_spData_state.vbm_state.vbm";"wiki/datasets/fiches_datasets/R_spData_state.vbm_state.vbm.md";"true";"not_ready_missing_formula";"not_ready_main_benchmark";"no";"no";"false";"false";"pending";"pending";"not_applicable - jeu de donnees purement cartographique (polygones redimensionnes pour la lisibilite visuelle), aucune variable reponse ni covariable : seulement center_x/center_y (centroides pour le placement d'etiquettes). L'exemple de la doc colore les etats avec une variable EXTERNE (state.x77) a but de demonstration graphique, pas de modelisation.";"not_applicable - jeu de donnees purement cartographique (polygones redimensionnes pour la lisibilite visuelle), aucune variable reponse ni covariable : seulement center_x/center_y (centroides pour le placement d'etiquettes). L'exemple de la doc colore les etats avec une variable EXTERNE (state.x77) a but de demonstration graphique, pas de modelisation.";"pub";"unavailable";"[""unknown""]";"[""unknown""]";"[]";"0";"0";"[""Observed population"", ""Geographic context"", ""Topic""]";"Decision conservatoire : Objet actuel essentiellement géométrique, cartographique ou réseau de distances; aucune paire Y/X empirique justifiée dans le sf. Conserver comme source/support; joindre de vraies mesures via des clés documentées si une tâche est définie. Aucune suppression recommandée. La fiche et les donnees sont conservees ; aucune suppression ni promotion.

Provenance des corrections : audit du 2026-09-07, inspection du RDS et sources indiquees dans cette fiche. Regeneration : code/r_catalog/dataset_curation.py et dataset_curation_overrides.json.";"unavailable";"[]";"data/final_datasets/sf/R_spData_state.vbm_state.vbm.rds";"50";"not_promoted";"Objet actuel essentiellement géométrique, cartographique ou réseau de distances; aucune paire Y/X empirique justifiée dans le sf. Conserver comme source/support; joindre de vraies mesures via des clés documentées si une tâche est définie. Aucune suppression recommandée.";"[""package_include_not_yes"", ""benchmark_status_not_ready"", ""formula_used_missing_or_pending"", ""response_missing"", ""formula_evidence_unavailable"", ""selected_response_typology_unresolved""]";"true";"[""data/final_datasets/sf/R_spData_state.vbm_state.vbm.rds"", ""wiki/datasets/r_package_docs/spData/topics/state.vbm.md"", ""wiki/datasets/fiches_datasets/R_spData_state.vbm_state.vbm.md"", ""data/final_datasets/sf/R_spData_state.vbm_state.vbm.rds""]";"e15da082f1b34e23ff29c1059f61a94f6e85c0cd1fddad3e378c522815fc5d53";"566f9766ee9d570ec564060a7da076f5f9bec0aabbaa046a95ddd2d3f9cff213"
"R_spData_world_world";"wiki/datasets/fiches_datasets/R_spData_world_world.md";"true";"almost_ready_generated_formula";"almost_ready_generated_formula";"manual_review";"manual_review";"false";"false";"lifeExp ~ area_km2 + continent + region_un + subregion + type";"lifeExp ~ area_km2 + continent + region_un + subregion + type";"pending";"pending";"pub";"generated_system_formula";"[""continuous""]";"[""continuous""]";"[]";"0";"0";"[""Observed population"", ""Geographic context"", ""Topic"", ""Selected Y typology"", ""Selected Y evidence"", ""Formula used evidence""]";"Typologie de la reponse selectionnee : continuous. Ligne Detail Y correspondant a formula_used; les autres reponses candidates ne pilotent pas cette tache.

Provenance des corrections : audit du 2026-09-07, inspection du RDS et sources indiquees dans cette fiche. Regeneration : code/r_catalog/dataset_curation.py et dataset_curation_overrides.json.";"valid";"[]";"data/final_datasets/sf/R_spData_world_world.rds";"177";"not_promoted";"La formule est executable et le support spatial existe, mais elle provient d une proposition systeme plutot que d une source scientifique confirmee.";"[""package_include_not_yes"", ""benchmark_status_not_ready"", ""estimator_eligibility_block_missing""]";"false";"[""data/final_datasets/sf/R_spData_world_world.rds"", ""wiki/datasets/r_package_docs/spData/topics/world.md"", ""wiki/datasets/fiches_datasets/R_spData_world_world.md"", ""data/final_datasets/sf/R_spData_world_world.rds""]";"cf0de4b74ffe8459c7078262e6ab9f1712f165523cbc54e174caced532894d84";"59f6c9d5076a1f8c84b81807c77ff7f06dcc9ac813cdb258468ba1134d4519ac"
"R_spDataLarge_census_de_census_de";"wiki/datasets/fiches_datasets/R_spDataLarge_census_de_census_de.md";"true";"not_ready_missing_formula";"not_ready_missing_formula";"no";"no";"false";"false";"pending";"pending";"pending";"pending";"pub";"unavailable";"[""count""]";"[""count""]";"[]";"0";"0";"[""Geographic context""]";"Provenance des corrections : audit du 2026-09-07, inspection du RDS et sources indiquees dans cette fiche. Regeneration : code/r_catalog/dataset_curation.py et dataset_curation_overrides.json.";"unavailable";"[]";"data/final_datasets/sf/R_spDataLarge_census_de_census_de.rds";"210556";"not_promoted";"Aucune formule systeme ou publication n est disponible pour ce jeu de donnees package.";"[""package_include_not_yes"", ""benchmark_status_not_ready"", ""formula_used_missing_or_pending"", ""response_missing"", ""estimator_eligibility_block_missing"", ""formula_evidence_unavailable""]";"false";"[""data/final_datasets/sf/R_spDataLarge_census_de_census_de.rds"", ""wiki/datasets/r_package_docs/spDataLarge/topics/census_de.md"", ""wiki/datasets/fiches_datasets/R_spDataLarge_census_de_census_de.md"", ""data/final_datasets/sf/R_spDataLarge_census_de_census_de.rds""]";"4a476a3a1cd6bf4b4e3c3e28458493d6f7801b46f3c3a56eb55699b36a0dbfe7";"9fe32be39d412f6a141b265f675a9fafe9c590a514b6a8243fcd473b0fc786f3"
"R_spDataLarge_lsl_lsl";"wiki/datasets/fiches_datasets/R_spDataLarge_lsl_lsl.md";"true";"not_ready_non_continuous_response";"not_ready_non_continuous_response";"no";"no";"false";"false";"lslpts ~ slope + cplan + cprof + elev + log10_carea";"lslpts ~ slope + cplan + cprof + elev + log10_carea";"lslpts ~ slope + cplan + cprof + elev + log10_carea";"lslpts ~ slope + cplan + cprof + elev + log10_carea";"pub";"pub";"[""categorical""]";"[""categorical""]";"[]";"0";"0";"[""Observed population"", ""Geographic context"", ""Topic"", ""Selected Y typology"", ""Selected Y evidence""]";"Typologie de la reponse selectionnee : categorical. Ligne Detail Y correspondant a formula_used; les autres reponses candidates ne pilotent pas cette tache.

Provenance des corrections : audit du 2026-09-07, inspection du RDS et sources indiquees dans cette fiche. Regeneration : code/r_catalog/dataset_curation.py et dataset_curation_overrides.json.";"valid";"[]";"data/final_datasets/sf/R_spDataLarge_lsl_lsl.rds";"350";"not_promoted";"La variable reponse ou la formule n est pas une regression continue scalaire compatible avec le benchmark actuel.";"[""package_include_not_yes"", ""benchmark_status_not_ready"", ""estimator_eligibility_block_missing"", ""selected_response_typology_unresolved""]";"false";"[""data/final_datasets/sf/R_spDataLarge_lsl_lsl.rds"", ""corpus/papers/raw_pdf/muenchow2012_lsl_dataset.pdf"", ""corpus/papers/tei/muenchow2012_lsl_dataset.tei.xml"", ""wiki/datasets/r_package_docs/spDataLarge/topics/lsl.md"", ""wiki/datasets/fiches_datasets/R_spDataLarge_lsl_lsl.md"", ""data/final_datasets/sf/R_spDataLarge_lsl_lsl.rds""]";"0f4e58d96e0f040c59a72b1d6d5bdbe87bd9e9bd535f87e2a04f0a094143df15";"19235f62465014d727704465417dd7f9c32aa88404db141a157ffe24bd1f5eea"
"R_spDataLarge_pol_pres15_pol_pres15";"wiki/datasets/fiches_datasets/R_spDataLarge_pol_pres15_pol_pres15.md";"true";"almost_ready_generated_formula";"almost_ready_generated_formula";"manual_review";"manual_review";"false";"false";"I_turnout ~ types + I_entitled_to_vote + II_entitled_to_vote + I_voters_voting_by_proxy + I_voters_voting_by_declaration + I_postal_voting_envelopes_received + I_invalid_votes + II_voters_voting_by_proxy";"I_turnout ~ types + I_entitled_to_vote + II_entitled_to_vote + I_voters_voting_by_proxy + I_voters_voting_by_declaration + I_postal_voting_envelopes_received + I_invalid_votes + II_voters_voting_by_proxy";"pending";"pending";"pub";"generated_system_formula";"[""rate""]";"[""rate""]";"[]";"0";"0";"[""Geographic context"", ""Selected Y typology"", ""Selected Y evidence"", ""Formula used evidence""]";"Typologie de la reponse selectionnee : rate. Ligne Detail Y correspondant a formula_used; les autres reponses candidates ne pilotent pas cette tache.

Provenance des corrections : audit du 2026-09-07, inspection du RDS et sources indiquees dans cette fiche. Regeneration : code/r_catalog/dataset_curation.py et dataset_curation_overrides.json.";"valid";"[]";"data/final_datasets/sf/R_spDataLarge_pol_pres15_pol_pres15.rds";"2495";"not_promoted";"La formule est executable et le support spatial existe, mais elle provient d une proposition systeme plutot que d une source scientifique confirmee.";"[""package_include_not_yes"", ""benchmark_status_not_ready"", ""estimator_eligibility_block_missing""]";"false";"[""data/final_datasets/sf/R_spDataLarge_pol_pres15_pol_pres15.rds"", ""wiki/datasets/r_package_docs/spDataLarge/topics/pol_pres15.md"", ""wiki/datasets/fiches_datasets/R_spDataLarge_pol_pres15_pol_pres15.md"", ""data/final_datasets/sf/R_spDataLarge_pol_pres15_pol_pres15.rds""]";"7761433f902d05e9205c32470666f02bf1ab9e9c2c49371c5ba228110b6cabd0";"1295d77cc13d0449baf45cfbadad2ca9ab4d4e0d00531d132fe8e105b76e331a"
"R_surveillance_hagelloch_hagelloch";"wiki/datasets/fiches_datasets/R_surveillance_hagelloch_hagelloch.md";"true";"not_ready_non_continuous_response";"not_ready_non_continuous_response";"no";"no";"false";"false";"event ~ start + stop + atRiskY + AGE + SEX + CL + household + nothousehold";"event ~ start + stop + atRiskY + AGE + SEX + CL + household + nothousehold";"not_applicable - twinSIR (Neal & Roberts 2004, Biostatistics 5(2):249-261, DOI 10.1093/biostatistics/5.2.249) est un modele de hasard/intensite pour processus ponctuel epidemique (classe 'epidata'/twinSIR du package surveillance, cf. https://surveillance.r-forge.r-project.org/pkgdown/reference/twinSIR.html), pas une regression Y~X classique : la 'reponse' est la structure d'historique d'evenements SIR elle-meme (start/stop/atRiskY/event, construite par as.epidata() depuis hagelloch.df), pas une colonne scalaire. household + cox(AGE) sont les covariables du terme de hasard, pas des predicteurs d'un Y observable. N reel : 188 enfants (hagelloch.df), 56 foyers distincts (x.loc/y.loc) -- les 70500 lignes de l'objet 'epidata' hagelloch sont 188 enfants x 375 pas de temps de la fenetre a risque, pas 70500 observations spatiales independantes.";"not_applicable - twinSIR (Neal & Roberts 2004, Biostatistics 5(2):249-261, DOI 10.1093/biostatistics/5.2.249) est un modele de hasard/intensite pour processus ponctuel epidemique (classe 'epidata'/twinSIR du package surveillance, cf. https://surveillance.r-forge.r-project.org/pkgdown/reference/twinSIR.html), pas une regression Y~X classique : la 'reponse' est la structure d'historique d'evenements SIR elle-meme (start/stop/atRiskY/event, construite par as.epidata() depuis hagelloch.df), pas une colonne scalaire. household + cox(AGE) sont les covariables du terme de hasard, pas des predicteurs d'un Y observable. N reel : 188 enfants (hagelloch.df), 56 foyers distincts (x.loc/y.loc) -- les 70500 lignes de l'objet 'epidata' hagelloch sont 188 enfants x 375 pas de temps de la fenetre a risque, pas 70500 observations spatiales independantes.";"pub";"paper_extracted";"[""binary""]";"[""binary""]";"[]";"0";"0";"[""Geographic context"", ""Selected Y typology"", ""Selected Y evidence""]";"Typologie de la reponse selectionnee : binary. Ligne Detail Y correspondant a formula_used; les autres reponses candidates ne pilotent pas cette tache.

Provenance des corrections : audit du 2026-09-07, inspection du RDS et sources indiquees dans cette fiche. Regeneration : code/r_catalog/dataset_curation.py et dataset_curation_overrides.json.";"valid";"[]";"data/final_datasets/sf/R_surveillance_hagelloch_hagelloch.rds";"70500";"not_promoted";"La variable reponse ou la formule n est pas une regression continue scalaire compatible avec le benchmark actuel.";"[""package_include_not_yes"", ""benchmark_status_not_ready"", ""estimator_eligibility_block_missing""]";"false";"[""data/final_datasets/sf/R_surveillance_hagelloch_hagelloch.rds"", ""wiki/datasets/r_package_docs/surveillance/topics/hagelloch.md"", ""wiki/datasets/fiches_datasets/R_surveillance_hagelloch_hagelloch.md"", ""data/final_datasets/sf/R_surveillance_hagelloch_hagelloch.rds""]";"330eba10445af3cc1af0b591a33a03554c0c0e751a44cc2a6ee350dbe5937df8";"748cece0f6ed22e847dfb62fc0768e81b7300f3b316e0bc96434311156728dad"
"warehouse_ted_can_2015_nuts3";"wiki/datasets/fiches_datasets/warehouse_ted_can_2015_nuts3.md";"false";"ready_needs_review";"ready_needs_review";"manual_review";"manual_review";"false";"false";"log_mean_award_value_eur ~ mean_number_offers + single_bid_share + share_services + share_works + share_eu_funds + share_gpa + share_framework_agreement + share_electronic_auction + share_cpv45_construction + share_cpv71_arch_engineering + share_cpv72_it_services + share_cpv90_environment";"log_mean_award_value_eur ~ mean_number_offers + single_bid_share + share_services + share_works + share_eu_funds + share_gpa + share_framework_agreement + share_electronic_auction + share_cpv45_construction + share_cpv71_arch_engineering + share_cpv72_it_services + share_cpv90_environment";"not_applicable_warehouse_source";"not_applicable_warehouse_source";"absent_du_registre";"paper_extracted";"[""continuous.""]";"[""continuous.""]";"[]";"0";"0";"[]";"Aucun changement de fiche requis.";"valid";"[]";"data/final_datasets/sf/warehouse_ted_can_2015_nuts3.rds";"1043";"not_promoted";"";"[""package_include_not_yes"", ""benchmark_status_not_ready"", ""estimator_eligibility_block_missing"", ""selected_response_typology_unresolved""]";"false";"[""data/final_datasets/sf/warehouse_ted_can_2015_nuts3.rds"", ""data/raw/warehouse/warehouse_ted_can_2015_nuts3""]";"06225de605eaf79ca0f2426b5520a660ac0f95b259cd518ef643a7a0888c7dec";"06225de605eaf79ca0f2426b5520a660ac0f95b259cd518ef643a7a0888c7dec"
