"dataset","seed","estimator","fold","typ","truth","pred","ytrain_mean"
"baltimore",33,"baseline_mean",1,"continuous",107,41.9939117647059,41.9939117647059
"baltimore",33,"baseline_mean",1,"continuous",112,41.9939117647059,41.9939117647059
"baltimore",33,"baseline_mean",1,"continuous",39,41.9939117647059,41.9939117647059
"baltimore",33,"baseline_mean",1,"continuous",8,41.9939117647059,41.9939117647059
"baltimore",33,"baseline_mean",1,"continuous",62,41.9939117647059,41.9939117647059
"baltimore",33,"baseline_mean",1,"continuous",60,41.9939117647059,41.9939117647059
"baltimore",33,"baseline_mean",1,"continuous",85.9,41.9939117647059,41.9939117647059
"baltimore",33,"baseline_mean",1,"continuous",57,41.9939117647059,41.9939117647059
"baltimore",33,"baseline_mean",1,"continuous",110,41.9939117647059,41.9939117647059
"baltimore",33,"baseline_mean",1,"continuous",89.5,41.9939117647059,41.9939117647059
"baltimore",33,"baseline_mean",1,"continuous",38.9,41.9939117647059,41.9939117647059
"baltimore",33,"baseline_mean",1,"continuous",20.7,41.9939117647059,41.9939117647059
"baltimore",33,"baseline_mean",1,"continuous",49.9,41.9939117647059,41.9939117647059
"baltimore",33,"baseline_mean",1,"continuous",39,41.9939117647059,41.9939117647059
"baltimore",33,"baseline_mean",1,"continuous",33,41.9939117647059,41.9939117647059
"baltimore",33,"baseline_mean",1,"continuous",33.4,41.9939117647059,41.9939117647059
"baltimore",33,"baseline_mean",1,"continuous",47,41.9939117647059,41.9939117647059
"baltimore",33,"baseline_mean",1,"continuous",40,41.9939117647059,41.9939117647059
"baltimore",33,"baseline_mean",1,"continuous",46,41.9939117647059,41.9939117647059
"baltimore",33,"baseline_mean",1,"continuous",57.5,41.9939117647059,41.9939117647059
"baltimore",33,"baseline_mean",1,"continuous",85.5,41.9939117647059,41.9939117647059
"baltimore",33,"baseline_mean",1,"continuous",61,41.9939117647059,41.9939117647059
"baltimore",33,"baseline_mean",1,"continuous",38,41.9939117647059,41.9939117647059
"baltimore",33,"baseline_mean",1,"continuous",60.4,41.9939117647059,41.9939117647059
"baltimore",33,"baseline_mean",1,"continuous",54,41.9939117647059,41.9939117647059
"baltimore",33,"baseline_mean",1,"continuous",56,41.9939117647059,41.9939117647059
"baltimore",33,"baseline_mean",1,"continuous",27.9,41.9939117647059,41.9939117647059
"baltimore",33,"baseline_mean",1,"continuous",57,41.9939117647059,41.9939117647059
"baltimore",33,"baseline_mean",1,"continuous",47,41.9939117647059,41.9939117647059
"baltimore",33,"baseline_mean",1,"continuous",43.5,41.9939117647059,41.9939117647059
"baltimore",33,"baseline_mean",1,"continuous",44.25,41.9939117647059,41.9939117647059
"baltimore",33,"baseline_mean",1,"continuous",61,41.9939117647059,41.9939117647059
"baltimore",33,"baseline_mean",1,"continuous",40,41.9939117647059,41.9939117647059
"baltimore",33,"baseline_mean",1,"continuous",44.5,41.9939117647059,41.9939117647059
"baltimore",33,"baseline_mean",1,"continuous",40,41.9939117647059,41.9939117647059
"baltimore",33,"baseline_mean",1,"continuous",50,41.9939117647059,41.9939117647059
"baltimore",33,"baseline_mean",1,"continuous",58,41.9939117647059,41.9939117647059
"baltimore",33,"baseline_mean",1,"continuous",58,41.9939117647059,41.9939117647059
"baltimore",33,"baseline_mean",1,"continuous",55,41.9939117647059,41.9939117647059
"baltimore",33,"baseline_mean",1,"continuous",54,41.9939117647059,41.9939117647059
"baltimore",33,"baseline_mean",1,"continuous",39,41.9939117647059,41.9939117647059
"baltimore",33,"baseline_mean",2,"continuous",113,40.9259939759036,40.9259939759036
"baltimore",33,"baseline_mean",2,"continuous",165,40.9259939759036,40.9259939759036
"baltimore",33,"baseline_mean",2,"continuous",104.3,40.9259939759036,40.9259939759036
"baltimore",33,"baseline_mean",2,"continuous",62.5,40.9259939759036,40.9259939759036
"baltimore",33,"baseline_mean",2,"continuous",70,40.9259939759036,40.9259939759036
"baltimore",33,"baseline_mean",2,"continuous",127.5,40.9259939759036,40.9259939759036
"baltimore",33,"baseline_mean",2,"continuous",53,40.9259939759036,40.9259939759036
"baltimore",33,"baseline_mean",2,"continuous",145,40.9259939759036,40.9259939759036
"baltimore",33,"baseline_mean",2,"continuous",63.5,40.9259939759036,40.9259939759036
"baltimore",33,"baseline_mean",2,"continuous",58.9,40.9259939759036,40.9259939759036
"baltimore",33,"baseline_mean",2,"continuous",52,40.9259939759036,40.9259939759036
"baltimore",33,"baseline_mean",2,"continuous",48,40.9259939759036,40.9259939759036
"baltimore",33,"baseline_mean",2,"continuous",46,40.9259939759036,40.9259939759036
"baltimore",33,"baseline_mean",2,"continuous",46,40.9259939759036,40.9259939759036
"baltimore",33,"baseline_mean",2,"continuous",44,40.9259939759036,40.9259939759036
"baltimore",33,"baseline_mean",2,"continuous",54.9,40.9259939759036,40.9259939759036
"baltimore",33,"baseline_mean",2,"continuous",42.5,40.9259939759036,40.9259939759036
"baltimore",33,"baseline_mean",2,"continuous",44,40.9259939759036,40.9259939759036
"baltimore",33,"baseline_mean",2,"continuous",44.9,40.9259939759036,40.9259939759036
"baltimore",33,"baseline_mean",2,"continuous",37.9,40.9259939759036,40.9259939759036
"baltimore",33,"baseline_mean",2,"continuous",33,40.9259939759036,40.9259939759036
"baltimore",33,"baseline_mean",2,"continuous",43.9,40.9259939759036,40.9259939759036
"baltimore",33,"baseline_mean",2,"continuous",45.5,40.9259939759036,40.9259939759036
"baltimore",33,"baseline_mean",2,"continuous",37.5,40.9259939759036,40.9259939759036
"baltimore",33,"baseline_mean",2,"continuous",35.9,40.9259939759036,40.9259939759036
"baltimore",33,"baseline_mean",2,"continuous",102,40.9259939759036,40.9259939759036
"baltimore",33,"baseline_mean",2,"continuous",87.5,40.9259939759036,40.9259939759036
"baltimore",33,"baseline_mean",2,"continuous",34,40.9259939759036,40.9259939759036
"baltimore",33,"baseline_mean",2,"continuous",18.9,40.9259939759036,40.9259939759036
"baltimore",33,"baseline_mean",2,"continuous",41.5,40.9259939759036,40.9259939759036
"baltimore",33,"baseline_mean",2,"continuous",53,40.9259939759036,40.9259939759036
"baltimore",33,"baseline_mean",2,"continuous",37.9,40.9259939759036,40.9259939759036
"baltimore",33,"baseline_mean",2,"continuous",29,40.9259939759036,40.9259939759036
"baltimore",33,"baseline_mean",2,"continuous",32.5,40.9259939759036,40.9259939759036
"baltimore",33,"baseline_mean",2,"continuous",51.9,40.9259939759036,40.9259939759036
"baltimore",33,"baseline_mean",2,"continuous",31,40.9259939759036,40.9259939759036
"baltimore",33,"baseline_mean",2,"continuous",41.8,40.9259939759036,40.9259939759036
"baltimore",33,"baseline_mean",2,"continuous",48,40.9259939759036,40.9259939759036
"baltimore",33,"baseline_mean",2,"continuous",28,40.9259939759036,40.9259939759036
"baltimore",33,"baseline_mean",2,"continuous",35,40.9259939759036,40.9259939759036
"baltimore",33,"baseline_mean",2,"continuous",46.5,40.9259939759036,40.9259939759036
"baltimore",33,"baseline_mean",2,"continuous",51.9,40.9259939759036,40.9259939759036
"baltimore",33,"baseline_mean",2,"continuous",33,40.9259939759036,40.9259939759036
"baltimore",33,"baseline_mean",2,"continuous",68.5,40.9259939759036,40.9259939759036
"baltimore",33,"baseline_mean",2,"continuous",64.5,40.9259939759036,40.9259939759036
"baltimore",33,"baseline_mean",3,"continuous",47,45.4389534883721,45.4389534883721
"baltimore",33,"baseline_mean",3,"continuous",64.5,45.4389534883721,45.4389534883721
"baltimore",33,"baseline_mean",3,"continuous",65,45.4389534883721,45.4389534883721
"baltimore",33,"baseline_mean",3,"continuous",36,45.4389534883721,45.4389534883721
"baltimore",33,"baseline_mean",3,"continuous",41.9,45.4389534883721,45.4389534883721
"baltimore",33,"baseline_mean",3,"continuous",53.5,45.4389534883721,45.4389534883721
"baltimore",33,"baseline_mean",3,"continuous",24.5,45.4389534883721,45.4389534883721
"baltimore",33,"baseline_mean",3,"continuous",24.5,45.4389534883721,45.4389534883721
"baltimore",33,"baseline_mean",3,"continuous",55.5,45.4389534883721,45.4389534883721
"baltimore",33,"baseline_mean",3,"continuous",60,45.4389534883721,45.4389534883721
"baltimore",33,"baseline_mean",3,"continuous",48,45.4389534883721,45.4389534883721
"baltimore",33,"baseline_mean",3,"continuous",53.5,45.4389534883721,45.4389534883721
"baltimore",33,"baseline_mean",3,"continuous",34.5,45.4389534883721,45.4389534883721
"baltimore",33,"baseline_mean",3,"continuous",53,45.4389534883721,45.4389534883721
"baltimore",33,"baseline_mean",3,"continuous",24,45.4389534883721,45.4389534883721
"baltimore",33,"baseline_mean",3,"continuous",41,45.4389534883721,45.4389534883721
"baltimore",33,"baseline_mean",3,"continuous",30,45.4389534883721,45.4389534883721
"baltimore",33,"baseline_mean",3,"continuous",15.2,45.4389534883721,45.4389534883721
"baltimore",33,"baseline_mean",3,"continuous",22,45.4389534883721,45.4389534883721
"baltimore",33,"baseline_mean",3,"continuous",24.9,45.4389534883721,45.4389534883721
"baltimore",33,"baseline_mean",3,"continuous",6.7,45.4389534883721,45.4389534883721
"baltimore",33,"baseline_mean",3,"continuous",32.5,45.4389534883721,45.4389534883721
"baltimore",33,"baseline_mean",3,"continuous",16.5,45.4389534883721,45.4389534883721
"baltimore",33,"baseline_mean",3,"continuous",67.5,45.4389534883721,45.4389534883721
"baltimore",33,"baseline_mean",3,"continuous",29.9,45.4389534883721,45.4389534883721
"baltimore",33,"baseline_mean",3,"continuous",43.9,45.4389534883721,45.4389534883721
"baltimore",33,"baseline_mean",3,"continuous",57,45.4389534883721,45.4389534883721
"baltimore",33,"baseline_mean",3,"continuous",35,45.4389534883721,45.4389534883721
"baltimore",33,"baseline_mean",3,"continuous",35.1,45.4389534883721,45.4389534883721
"baltimore",33,"baseline_mean",3,"continuous",42.6,45.4389534883721,45.4389534883721
"baltimore",33,"baseline_mean",3,"continuous",43,45.4389534883721,45.4389534883721
"baltimore",33,"baseline_mean",3,"continuous",45,45.4389534883721,45.4389534883721
"baltimore",33,"baseline_mean",3,"continuous",42,45.4389534883721,45.4389534883721
"baltimore",33,"baseline_mean",3,"continuous",38.9,45.4389534883721,45.4389534883721
"baltimore",33,"baseline_mean",3,"continuous",37.5,45.4389534883721,45.4389534883721
"baltimore",33,"baseline_mean",3,"continuous",39,45.4389534883721,45.4389534883721
"baltimore",33,"baseline_mean",3,"continuous",43.215,45.4389534883721,45.4389534883721
"baltimore",33,"baseline_mean",3,"continuous",30,45.4389534883721,45.4389534883721
"baltimore",33,"baseline_mean",3,"continuous",29.5,45.4389534883721,45.4389534883721
"baltimore",33,"baseline_mean",4,"continuous",51,45.9237719298246,45.9237719298246
"baltimore",33,"baseline_mean",4,"continuous",49.6,45.9237719298246,45.9237719298246
"baltimore",33,"baseline_mean",4,"continuous",52,45.9237719298246,45.9237719298246
"baltimore",33,"baseline_mean",4,"continuous",42.9,45.9237719298246,45.9237719298246
"baltimore",33,"baseline_mean",4,"continuous",44.9,45.9237719298246,45.9237719298246
"baltimore",33,"baseline_mean",4,"continuous",55,45.9237719298246,45.9237719298246
"baltimore",33,"baseline_mean",4,"continuous",35.5,45.9237719298246,45.9237719298246
"baltimore",33,"baseline_mean",4,"continuous",62.9,45.9237719298246,45.9237719298246
"baltimore",33,"baseline_mean",4,"continuous",110,45.9237719298246,45.9237719298246
"baltimore",33,"baseline_mean",4,"continuous",67.7,45.9237719298246,45.9237719298246
"baltimore",33,"baseline_mean",4,"continuous",70,45.9237719298246,45.9237719298246
"baltimore",33,"baseline_mean",4,"continuous",74,45.9237719298246,45.9237719298246
"baltimore",33,"baseline_mean",4,"continuous",22.9,45.9237719298246,45.9237719298246
"baltimore",33,"baseline_mean",4,"continuous",13,45.9237719298246,45.9237719298246
"baltimore",33,"baseline_mean",4,"continuous",24,45.9237719298246,45.9237719298246
"baltimore",33,"baseline_mean",4,"continuous",33.5,45.9237719298246,45.9237719298246
"baltimore",33,"baseline_mean",4,"continuous",18.6,45.9237719298246,45.9237719298246
"baltimore",33,"baseline_mean",4,"continuous",16,45.9237719298246,45.9237719298246
"baltimore",33,"baseline_mean",4,"continuous",30,45.9237719298246,45.9237719298246
"baltimore",33,"baseline_mean",4,"continuous",59,45.9237719298246,45.9237719298246
"baltimore",33,"baseline_mean",4,"continuous",29.5,45.9237719298246,45.9237719298246
"baltimore",33,"baseline_mean",4,"continuous",26,45.9237719298246,45.9237719298246
"baltimore",33,"baseline_mean",4,"continuous",21.5,45.9237719298246,45.9237719298246
"baltimore",33,"baseline_mean",4,"continuous",9,45.9237719298246,45.9237719298246
"baltimore",33,"baseline_mean",4,"continuous",11,45.9237719298246,45.9237719298246
"baltimore",33,"baseline_mean",4,"continuous",30.9,45.9237719298246,45.9237719298246
"baltimore",33,"baseline_mean",4,"continuous",31.65,45.9237719298246,45.9237719298246
"baltimore",33,"baseline_mean",4,"continuous",45.5,45.9237719298246,45.9237719298246
"baltimore",33,"baseline_mean",4,"continuous",57,45.9237719298246,45.9237719298246
"baltimore",33,"baseline_mean",4,"continuous",29.9,45.9237719298246,45.9237719298246
"baltimore",33,"baseline_mean",4,"continuous",30,45.9237719298246,45.9237719298246
"baltimore",33,"baseline_mean",4,"continuous",34,45.9237719298246,45.9237719298246
"baltimore",33,"baseline_mean",4,"continuous",32.9,45.9237719298246,45.9237719298246
"baltimore",33,"baseline_mean",4,"continuous",22,45.9237719298246,45.9237719298246
"baltimore",33,"baseline_mean",4,"continuous",32.6,45.9237719298246,45.9237719298246
"baltimore",33,"baseline_mean",4,"continuous",25.9,45.9237719298246,45.9237719298246
"baltimore",33,"baseline_mean",4,"continuous",27.5,45.9237719298246,45.9237719298246
"baltimore",33,"baseline_mean",4,"continuous",31.5,45.9237719298246,45.9237719298246
"baltimore",33,"baseline_mean",4,"continuous",8.5,45.9237719298246,45.9237719298246
"baltimore",33,"baseline_mean",4,"continuous",26.5,45.9237719298246,45.9237719298246
"baltimore",33,"baseline_mean",5,"continuous",3.5,47.2370606060606,47.2370606060606
"baltimore",33,"baseline_mean",5,"continuous",12.8,47.2370606060606,47.2370606060606
"baltimore",33,"baseline_mean",5,"continuous",17.5,47.2370606060606,47.2370606060606
"baltimore",33,"baseline_mean",5,"continuous",50,47.2370606060606,47.2370606060606
"baltimore",33,"baseline_mean",5,"continuous",9.6,47.2370606060606,47.2370606060606
"baltimore",33,"baseline_mean",5,"continuous",30,47.2370606060606,47.2370606060606
"baltimore",33,"baseline_mean",5,"continuous",39,47.2370606060606,47.2370606060606
"baltimore",33,"baseline_mean",5,"continuous",48.9,47.2370606060606,47.2370606060606
"baltimore",33,"baseline_mean",5,"continuous",33.5,47.2370606060606,47.2370606060606
"baltimore",33,"baseline_mean",5,"continuous",46,47.2370606060606,47.2370606060606
"baltimore",33,"baseline_mean",5,"continuous",54,47.2370606060606,47.2370606060606
"baltimore",33,"baseline_mean",5,"continuous",57.9,47.2370606060606,47.2370606060606
"baltimore",33,"baseline_mean",5,"continuous",32,47.2370606060606,47.2370606060606
"baltimore",33,"baseline_mean",5,"continuous",31,47.2370606060606,47.2370606060606
"baltimore",33,"baseline_mean",5,"continuous",34,47.2370606060606,47.2370606060606
"baltimore",33,"baseline_mean",5,"continuous",35.4,47.2370606060606,47.2370606060606
"baltimore",33,"baseline_mean",5,"continuous",16,47.2370606060606,47.2370606060606
"baltimore",33,"baseline_mean",5,"continuous",35,47.2370606060606,47.2370606060606
"baltimore",33,"baseline_mean",5,"continuous",35,47.2370606060606,47.2370606060606
"baltimore",33,"baseline_mean",5,"continuous",36.5,47.2370606060606,47.2370606060606
"baltimore",33,"baseline_mean",5,"continuous",35.9,47.2370606060606,47.2370606060606
"baltimore",33,"baseline_mean",5,"continuous",45,47.2370606060606,47.2370606060606
"baltimore",33,"baseline_mean",5,"continuous",40,47.2370606060606,47.2370606060606
"baltimore",33,"baseline_mean",5,"continuous",35,47.2370606060606,47.2370606060606
"baltimore",33,"baseline_mean",5,"continuous",38,47.2370606060606,47.2370606060606
"baltimore",33,"baseline_mean",5,"continuous",37,47.2370606060606,47.2370606060606
"baltimore",33,"baseline_mean",5,"continuous",23,47.2370606060606,47.2370606060606
"baltimore",33,"baseline_mean",5,"continuous",25.5,47.2370606060606,47.2370606060606
"baltimore",33,"baseline_mean",5,"continuous",39.5,47.2370606060606,47.2370606060606
"baltimore",33,"baseline_mean",5,"continuous",13.4,47.2370606060606,47.2370606060606
"baltimore",33,"baseline_mean",5,"continuous",12.5,47.2370606060606,47.2370606060606
"baltimore",33,"baseline_mean",5,"continuous",28.5,47.2370606060606,47.2370606060606
"baltimore",33,"baseline_mean",5,"continuous",23,47.2370606060606,47.2370606060606
"baltimore",33,"baseline_mean",5,"continuous",33.5,47.2370606060606,47.2370606060606
"baltimore",33,"baseline_mean",5,"continuous",9,47.2370606060606,47.2370606060606
"baltimore",33,"baseline_mean",5,"continuous",51,47.2370606060606,47.2370606060606
"baltimore",33,"baseline_mean",5,"continuous",64.5,47.2370606060606,47.2370606060606
"baltimore",33,"baseline_mean",5,"continuous",56.5,47.2370606060606,47.2370606060606
"baltimore",33,"baseline_mean",5,"continuous",51.5,47.2370606060606,47.2370606060606
"baltimore",33,"baseline_mean",5,"continuous",69,47.2370606060606,47.2370606060606
"baltimore",33,"baseline_mean",5,"continuous",37.5,47.2370606060606,47.2370606060606
"baltimore",33,"baseline_mean",5,"continuous",39.9,47.2370606060606,47.2370606060606
"baltimore",33,"baseline_mean",5,"continuous",38.5,47.2370606060606,47.2370606060606
"baltimore",33,"baseline_mean",5,"continuous",21.5,47.2370606060606,47.2370606060606
"baltimore",33,"baseline_mean",5,"continuous",22.9,47.2370606060606,47.2370606060606
"baltimore",33,"baseline_mean",5,"continuous",5.5,47.2370606060606,47.2370606060606
"baltimore",33,"ols",1,"continuous",107,77.2623985716192,41.9939117647059
"baltimore",33,"ols",1,"continuous",112,73.7637299389228,41.9939117647059
"baltimore",33,"ols",1,"continuous",39,56.584134306363,41.9939117647059
"baltimore",33,"ols",1,"continuous",8,36.4565112861715,41.9939117647059
"baltimore",33,"ols",1,"continuous",62,64.3925110386199,41.9939117647059
"baltimore",33,"ols",1,"continuous",60,41.3669940944159,41.9939117647059
"baltimore",33,"ols",1,"continuous",85.9,59.165831770883,41.9939117647059
"baltimore",33,"ols",1,"continuous",57,52.6000012270189,41.9939117647059
"baltimore",33,"ols",1,"continuous",110,83.6735536424709,41.9939117647059
"baltimore",33,"ols",1,"continuous",89.5,96.1842558728005,41.9939117647059
"baltimore",33,"ols",1,"continuous",38.9,41.4576975150317,41.9939117647059
"baltimore",33,"ols",1,"continuous",20.7,33.4736008798266,41.9939117647059
"baltimore",33,"ols",1,"continuous",49.9,74.3362897161169,41.9939117647059
"baltimore",33,"ols",1,"continuous",39,46.7690240123984,41.9939117647059
"baltimore",33,"ols",1,"continuous",33,27.8784713413399,41.9939117647059
"baltimore",33,"ols",1,"continuous",33.4,25.7447041743197,41.9939117647059
"baltimore",33,"ols",1,"continuous",47,38.2440673257894,41.9939117647059
"baltimore",33,"ols",1,"continuous",40,29.0417087240842,41.9939117647059
"baltimore",33,"ols",1,"continuous",46,34.8902451967857,41.9939117647059
"baltimore",33,"ols",1,"continuous",57.5,41.5244615837824,41.9939117647059
"baltimore",33,"ols",1,"continuous",85.5,87.5545352300376,41.9939117647059
"baltimore",33,"ols",1,"continuous",61,42.9246080070301,41.9939117647059
"baltimore",33,"ols",1,"continuous",38,31.9558125453362,41.9939117647059
"baltimore",33,"ols",1,"continuous",60.4,59.1788108862717,41.9939117647059
"baltimore",33,"ols",1,"continuous",54,59.7640151821062,41.9939117647059
"baltimore",33,"ols",1,"continuous",56,33.8961276076763,41.9939117647059
"baltimore",33,"ols",1,"continuous",27.9,31.1518148170545,41.9939117647059
"baltimore",33,"ols",1,"continuous",57,42.7048556711011,41.9939117647059
"baltimore",33,"ols",1,"continuous",47,38.0111915400524,41.9939117647059
"baltimore",33,"ols",1,"continuous",43.5,39.2910051673046,41.9939117647059
"baltimore",33,"ols",1,"continuous",44.25,39.9426760173493,41.9939117647059
"baltimore",33,"ols",1,"continuous",61,61.2647438923684,41.9939117647059
"baltimore",33,"ols",1,"continuous",40,46.62194386935,41.9939117647059
"baltimore",33,"ols",1,"continuous",44.5,58.0865040628099,41.9939117647059
"baltimore",33,"ols",1,"continuous",40,35.8175365347045,41.9939117647059
"baltimore",33,"ols",1,"continuous",50,38.4968820589431,41.9939117647059
"baltimore",33,"ols",1,"continuous",58,48.0577991000955,41.9939117647059
"baltimore",33,"ols",1,"continuous",58,44.5182024513275,41.9939117647059
"baltimore",33,"ols",1,"continuous",55,38.6558214356831,41.9939117647059
"baltimore",33,"ols",1,"continuous",54,54.1489260912448,41.9939117647059
"baltimore",33,"ols",1,"continuous",39,36.2049627751774,41.9939117647059
"baltimore",33,"ols",2,"continuous",113,99.7725797887272,40.9259939759036
"baltimore",33,"ols",2,"continuous",165,61.7418865942275,40.9259939759036
"baltimore",33,"ols",2,"continuous",104.3,85.8353914516682,40.9259939759036
"baltimore",33,"ols",2,"continuous",62.5,63.3714158126881,40.9259939759036
"baltimore",33,"ols",2,"continuous",70,73.5234145013005,40.9259939759036
"baltimore",33,"ols",2,"continuous",127.5,91.1534096850752,40.9259939759036
"baltimore",33,"ols",2,"continuous",53,57.2223961599204,40.9259939759036
"baltimore",33,"ols",2,"continuous",145,114.968885725623,40.9259939759036
"baltimore",33,"ols",2,"continuous",63.5,55.5424935071984,40.9259939759036
"baltimore",33,"ols",2,"continuous",58.9,62.2712618219021,40.9259939759036
"baltimore",33,"ols",2,"continuous",52,46.6111753326743,40.9259939759036
"baltimore",33,"ols",2,"continuous",48,34.3186153861865,40.9259939759036
"baltimore",33,"ols",2,"continuous",46,62.4951020343647,40.9259939759036
"baltimore",33,"ols",2,"continuous",46,44.9478202836581,40.9259939759036
"baltimore",33,"ols",2,"continuous",44,46.09182190325,40.9259939759036
"baltimore",33,"ols",2,"continuous",54.9,54.5754627839091,40.9259939759036
"baltimore",33,"ols",2,"continuous",42.5,54.9934240065668,40.9259939759036
"baltimore",33,"ols",2,"continuous",44,49.365360428017,40.9259939759036
"baltimore",33,"ols",2,"continuous",44.9,41.1217319582616,40.9259939759036
"baltimore",33,"ols",2,"continuous",37.9,38.4231406315261,40.9259939759036
"baltimore",33,"ols",2,"continuous",33,65.7251650961835,40.9259939759036
"baltimore",33,"ols",2,"continuous",43.9,73.9655670961512,40.9259939759036
"baltimore",33,"ols",2,"continuous",45.5,48.6889304309106,40.9259939759036
"baltimore",33,"ols",2,"continuous",37.5,52.9544942359123,40.9259939759036
"baltimore",33,"ols",2,"continuous",35.9,46.3831302684977,40.9259939759036
"baltimore",33,"ols",2,"continuous",102,97.9589547928724,40.9259939759036
"baltimore",33,"ols",2,"continuous",87.5,44.127994166919,40.9259939759036
"baltimore",33,"ols",2,"continuous",34,31.4323905151835,40.9259939759036
"baltimore",33,"ols",2,"continuous",18.9,35.7627578725415,40.9259939759036
"baltimore",33,"ols",2,"continuous",41.5,62.6793222482547,40.9259939759036
"baltimore",33,"ols",2,"continuous",53,85.6213463919444,40.9259939759036
"baltimore",33,"ols",2,"continuous",37.9,51.0637880143301,40.9259939759036
"baltimore",33,"ols",2,"continuous",29,27.4987393070495,40.9259939759036
"baltimore",33,"ols",2,"continuous",32.5,32.861204888546,40.9259939759036
"baltimore",33,"ols",2,"continuous",51.9,58.29103147622,40.9259939759036
"baltimore",33,"ols",2,"continuous",31,30.440280416907,40.9259939759036
"baltimore",33,"ols",2,"continuous",41.8,47.5476406605417,40.9259939759036
"baltimore",33,"ols",2,"continuous",48,33.7194193401889,40.9259939759036
"baltimore",33,"ols",2,"continuous",28,37.8025425123253,40.9259939759036
"baltimore",33,"ols",2,"continuous",35,36.0046854848014,40.9259939759036
"baltimore",33,"ols",2,"continuous",46.5,74.4688801095869,40.9259939759036
"baltimore",33,"ols",2,"continuous",51.9,73.4076855546763,40.9259939759036
"baltimore",33,"ols",2,"continuous",33,37.8669270402463,40.9259939759036
"baltimore",33,"ols",2,"continuous",68.5,85.5099683977178,40.9259939759036
"baltimore",33,"ols",2,"continuous",64.5,55.6381992024387,40.9259939759036
"baltimore",33,"ols",3,"continuous",47,-13.6515687565074,45.4389534883721
"baltimore",33,"ols",3,"continuous",64.5,73.1623244612542,45.4389534883721
"baltimore",33,"ols",3,"continuous",65,36.871139432957,45.4389534883721
"baltimore",33,"ols",3,"continuous",36,36.3856086926673,45.4389534883721
"baltimore",33,"ols",3,"continuous",41.9,28.2129113969621,45.4389534883721
"baltimore",33,"ols",3,"continuous",53.5,39.2507280875571,45.4389534883721
"baltimore",33,"ols",3,"continuous",24.5,29.031835908659,45.4389534883721
"baltimore",33,"ols",3,"continuous",24.5,31.2235640362957,45.4389534883721
"baltimore",33,"ols",3,"continuous",55.5,60.5759115930023,45.4389534883721
"baltimore",33,"ols",3,"continuous",60,93.8826166776811,45.4389534883721
"baltimore",33,"ols",3,"continuous",48,39.4887136943032,45.4389534883721
"baltimore",33,"ols",3,"continuous",53.5,31.3718915241457,45.4389534883721
"baltimore",33,"ols",3,"continuous",34.5,46.0735281447104,45.4389534883721
"baltimore",33,"ols",3,"continuous",53,29.9895489206726,45.4389534883721
"baltimore",33,"ols",3,"continuous",24,36.1602637240599,45.4389534883721
"baltimore",33,"ols",3,"continuous",41,40.1931243184879,45.4389534883721
"baltimore",33,"ols",3,"continuous",30,35.8822458607929,45.4389534883721
"baltimore",33,"ols",3,"continuous",15.2,25.0778255968552,45.4389534883721
"baltimore",33,"ols",3,"continuous",22,32.2544958099298,45.4389534883721
"baltimore",33,"ols",3,"continuous",24.9,28.9680552462491,45.4389534883721
"baltimore",33,"ols",3,"continuous",6.7,31.5514053776941,45.4389534883721
"baltimore",33,"ols",3,"continuous",32.5,33.6703375100364,45.4389534883721
"baltimore",33,"ols",3,"continuous",16.5,18.6385511401702,45.4389534883721
"baltimore",33,"ols",3,"continuous",67.5,31.3483349907284,45.4389534883721
"baltimore",33,"ols",3,"continuous",29.9,32.7771635960132,45.4389534883721
"baltimore",33,"ols",3,"continuous",43.9,43.9141698016328,45.4389534883721
"baltimore",33,"ols",3,"continuous",57,34.7963997051083,45.4389534883721
"baltimore",33,"ols",3,"continuous",35,27.4206622042064,45.4389534883721
"baltimore",33,"ols",3,"continuous",35.1,32.3633809933152,45.4389534883721
"baltimore",33,"ols",3,"continuous",42.6,29.6847631189705,45.4389534883721
"baltimore",33,"ols",3,"continuous",43,35.9342370567976,45.4389534883721
"baltimore",33,"ols",3,"continuous",45,40.8702292857926,45.4389534883721
"baltimore",33,"ols",3,"continuous",42,33.781679441391,45.4389534883721
"baltimore",33,"ols",3,"continuous",38.9,31.2178654730977,45.4389534883721
"baltimore",33,"ols",3,"continuous",37.5,61.7716626236267,45.4389534883721
"baltimore",33,"ols",3,"continuous",39,47.1674455189175,45.4389534883721
"baltimore",33,"ols",3,"continuous",43.215,58.8427387843765,45.4389534883721
"baltimore",33,"ols",3,"continuous",30,39.6401181088366,45.4389534883721
"baltimore",33,"ols",3,"continuous",29.5,30.8807647046599,45.4389534883721
"baltimore",33,"ols",4,"continuous",51,63.4561893480836,45.9237719298246
"baltimore",33,"ols",4,"continuous",49.6,51.513763059403,45.9237719298246
"baltimore",33,"ols",4,"continuous",52,63.9967382792344,45.9237719298246
"baltimore",33,"ols",4,"continuous",42.9,40.103450547938,45.9237719298246
"baltimore",33,"ols",4,"continuous",44.9,48.0411124951912,45.9237719298246
"baltimore",33,"ols",4,"continuous",55,48.8408834115933,45.9237719298246
"baltimore",33,"ols",4,"continuous",35.5,46.6392508127647,45.9237719298246
"baltimore",33,"ols",4,"continuous",62.9,66.6765246553366,45.9237719298246
"baltimore",33,"ols",4,"continuous",110,95.0727820049468,45.9237719298246
"baltimore",33,"ols",4,"continuous",67.7,46.5163427392048,45.9237719298246
"baltimore",33,"ols",4,"continuous",70,57.0573551811055,45.9237719298246
"baltimore",33,"ols",4,"continuous",74,84.9666985845114,45.9237719298246
"baltimore",33,"ols",4,"continuous",22.9,24.4800387992899,45.9237719298246
"baltimore",33,"ols",4,"continuous",13,23.1258442238679,45.9237719298246
"baltimore",33,"ols",4,"continuous",24,26.7632792005503,45.9237719298246
"baltimore",33,"ols",4,"continuous",33.5,38.6419190462282,45.9237719298246
"baltimore",33,"ols",4,"continuous",18.6,29.757910576081,45.9237719298246
"baltimore",33,"ols",4,"continuous",16,33.9896182354395,45.9237719298246
"baltimore",33,"ols",4,"continuous",30,35.2356536280387,45.9237719298246
"baltimore",33,"ols",4,"continuous",59,34.162498356891,45.9237719298246
"baltimore",33,"ols",4,"continuous",29.5,38.569897964476,45.9237719298246
"baltimore",33,"ols",4,"continuous",26,47.9186786537706,45.9237719298246
"baltimore",33,"ols",4,"continuous",21.5,28.3321594019265,45.9237719298246
"baltimore",33,"ols",4,"continuous",9,31.4425000710915,45.9237719298246
"baltimore",33,"ols",4,"continuous",11,27.8335238454792,45.9237719298246
"baltimore",33,"ols",4,"continuous",30.9,26.4651352610517,45.9237719298246
"baltimore",33,"ols",4,"continuous",31.65,42.0438344153094,45.9237719298246
"baltimore",33,"ols",4,"continuous",45.5,55.4446037285338,45.9237719298246
"baltimore",33,"ols",4,"continuous",57,37.7551237808474,45.9237719298246
"baltimore",33,"ols",4,"continuous",29.9,31.7072464872899,45.9237719298246
"baltimore",33,"ols",4,"continuous",30,31.5818479066134,45.9237719298246
"baltimore",33,"ols",4,"continuous",34,44.4072875406217,45.9237719298246
"baltimore",33,"ols",4,"continuous",32.9,32.1164317042009,45.9237719298246
"baltimore",33,"ols",4,"continuous",22,38.193497881637,45.9237719298246
"baltimore",33,"ols",4,"continuous",32.6,40.4093771487278,45.9237719298246
"baltimore",33,"ols",4,"continuous",25.9,28.3110085769976,45.9237719298246
"baltimore",33,"ols",4,"continuous",27.5,28.9197628570335,45.9237719298246
"baltimore",33,"ols",4,"continuous",31.5,34.5919311299531,45.9237719298246
"baltimore",33,"ols",4,"continuous",8.5,17.1742161385775,45.9237719298246
"baltimore",33,"ols",4,"continuous",26.5,29.766600220321,45.9237719298246
"baltimore",33,"ols",5,"continuous",3.5,37.6688451500996,47.2370606060606
"baltimore",33,"ols",5,"continuous",12.8,36.7758882502578,47.2370606060606
"baltimore",33,"ols",5,"continuous",17.5,22.4536676836888,47.2370606060606
"baltimore",33,"ols",5,"continuous",50,47.3605839692465,47.2370606060606
"baltimore",33,"ols",5,"continuous",9.6,25.0551929071369,47.2370606060606
"baltimore",33,"ols",5,"continuous",30,38.3745593252745,47.2370606060606
"baltimore",33,"ols",5,"continuous",39,32.8390369451369,47.2370606060606
"baltimore",33,"ols",5,"continuous",48.9,39.3909120825953,47.2370606060606
"baltimore",33,"ols",5,"continuous",33.5,30.0429977872974,47.2370606060606
"baltimore",33,"ols",5,"continuous",46,51.0545734917521,47.2370606060606
"baltimore",33,"ols",5,"continuous",54,34.9325559988642,47.2370606060606
"baltimore",33,"ols",5,"continuous",57.9,52.154744944008,47.2370606060606
"baltimore",33,"ols",5,"continuous",32,29.3129096482061,47.2370606060606
"baltimore",33,"ols",5,"continuous",31,32.4561298955677,47.2370606060606
"baltimore",33,"ols",5,"continuous",34,33.056106969802,47.2370606060606
"baltimore",33,"ols",5,"continuous",35.4,31.6053743049924,47.2370606060606
"baltimore",33,"ols",5,"continuous",16,32.9329231483248,47.2370606060606
"baltimore",33,"ols",5,"continuous",35,34.3506340178868,47.2370606060606
"baltimore",33,"ols",5,"continuous",35,27.7216949062407,47.2370606060606
"baltimore",33,"ols",5,"continuous",36.5,42.3377022748713,47.2370606060606
"baltimore",33,"ols",5,"continuous",35.9,31.8168385932125,47.2370606060606
"baltimore",33,"ols",5,"continuous",45,32.9581139948822,47.2370606060606
"baltimore",33,"ols",5,"continuous",40,31.1409441857412,47.2370606060606
"baltimore",33,"ols",5,"continuous",35,31.3620740244612,47.2370606060606
"baltimore",33,"ols",5,"continuous",38,37.3952916573757,47.2370606060606
"baltimore",33,"ols",5,"continuous",37,30.7264730418207,47.2370606060606
"baltimore",33,"ols",5,"continuous",23,36.1062530815852,47.2370606060606
"baltimore",33,"ols",5,"continuous",25.5,27.9033722417322,47.2370606060606
"baltimore",33,"ols",5,"continuous",39.5,29.8399395597565,47.2370606060606
"baltimore",33,"ols",5,"continuous",13.4,21.4943823256671,47.2370606060606
"baltimore",33,"ols",5,"continuous",12.5,23.8917693675624,47.2370606060606
"baltimore",33,"ols",5,"continuous",28.5,35.5878558792496,47.2370606060606
"baltimore",33,"ols",5,"continuous",23,27.3064415778211,47.2370606060606
"baltimore",33,"ols",5,"continuous",33.5,41.0092566092987,47.2370606060606
"baltimore",33,"ols",5,"continuous",9,23.1595805209919,47.2370606060606
"baltimore",33,"ols",5,"continuous",51,77.9790355178994,47.2370606060606
"baltimore",33,"ols",5,"continuous",64.5,57.4171636177039,47.2370606060606
"baltimore",33,"ols",5,"continuous",56.5,40.2547408720196,47.2370606060606
"baltimore",33,"ols",5,"continuous",51.5,34.9430599896482,47.2370606060606
"baltimore",33,"ols",5,"continuous",69,65.7917238878301,47.2370606060606
"baltimore",33,"ols",5,"continuous",37.5,40.4872309225306,47.2370606060606
"baltimore",33,"ols",5,"continuous",39.9,34.4751512579192,47.2370606060606
"baltimore",33,"ols",5,"continuous",38.5,32.925162175575,47.2370606060606
"baltimore",33,"ols",5,"continuous",21.5,19.8254361593558,47.2370606060606
"baltimore",33,"ols",5,"continuous",22.9,17.097196347297,47.2370606060606
"baltimore",33,"ols",5,"continuous",5.5,21.1530887097637,47.2370606060606
"baltimore",33,"gam_spatial",1,"continuous",107,82.4619893238402,41.9939117647059
"baltimore",33,"gam_spatial",1,"continuous",112,76.7272029460848,41.9939117647059
"baltimore",33,"gam_spatial",1,"continuous",39,63.8444662581985,41.9939117647059
"baltimore",33,"gam_spatial",1,"continuous",8,49.4618971493634,41.9939117647059
"baltimore",33,"gam_spatial",1,"continuous",62,63.5311080159317,41.9939117647059
"baltimore",33,"gam_spatial",1,"continuous",60,54.429028417163,41.9939117647059
"baltimore",33,"gam_spatial",1,"continuous",85.9,56.200357972892,41.9939117647059
"baltimore",33,"gam_spatial",1,"continuous",57,53.8137790476334,41.9939117647059
"baltimore",33,"gam_spatial",1,"continuous",110,78.1631477760843,41.9939117647059
"baltimore",33,"gam_spatial",1,"continuous",89.5,86.2587359908069,41.9939117647059
"baltimore",33,"gam_spatial",1,"continuous",38.9,46.0553979797782,41.9939117647059
"baltimore",33,"gam_spatial",1,"continuous",20.7,32.1612406883413,41.9939117647059
"baltimore",33,"gam_spatial",1,"continuous",49.9,71.5294249967566,41.9939117647059
"baltimore",33,"gam_spatial",1,"continuous",39,48.9186029828444,41.9939117647059
"baltimore",33,"gam_spatial",1,"continuous",33,36.2282752063797,41.9939117647059
"baltimore",33,"gam_spatial",1,"continuous",33.4,41.4706072702928,41.9939117647059
"baltimore",33,"gam_spatial",1,"continuous",47,44.2722761053845,41.9939117647059
"baltimore",33,"gam_spatial",1,"continuous",40,39.4238015443622,41.9939117647059
"baltimore",33,"gam_spatial",1,"continuous",46,36.0762448584105,41.9939117647059
"baltimore",33,"gam_spatial",1,"continuous",57.5,51.8799424374451,41.9939117647059
"baltimore",33,"gam_spatial",1,"continuous",85.5,88.8365644504474,41.9939117647059
"baltimore",33,"gam_spatial",1,"continuous",61,53.5376421292077,41.9939117647059
"baltimore",33,"gam_spatial",1,"continuous",38,37.8797358167122,41.9939117647059
"baltimore",33,"gam_spatial",1,"continuous",60.4,66.4007058172974,41.9939117647059
"baltimore",33,"gam_spatial",1,"continuous",54,65.6334912786562,41.9939117647059
"baltimore",33,"gam_spatial",1,"continuous",56,45.5672840614746,41.9939117647059
"baltimore",33,"gam_spatial",1,"continuous",27.9,36.433540549732,41.9939117647059
"baltimore",33,"gam_spatial",1,"continuous",57,63.3760274527854,41.9939117647059
"baltimore",33,"gam_spatial",1,"continuous",47,49.7690643450051,41.9939117647059
"baltimore",33,"gam_spatial",1,"continuous",43.5,56.6419659415944,41.9939117647059
"baltimore",33,"gam_spatial",1,"continuous",44.25,58.1215726725589,41.9939117647059
"baltimore",33,"gam_spatial",1,"continuous",61,55.6649640242214,41.9939117647059
"baltimore",33,"gam_spatial",1,"continuous",40,68.3858446116157,41.9939117647059
"baltimore",33,"gam_spatial",1,"continuous",44.5,85.0712733168168,41.9939117647059
"baltimore",33,"gam_spatial",1,"continuous",40,57.5156242855934,41.9939117647059
"baltimore",33,"gam_spatial",1,"continuous",50,48.6403008699497,41.9939117647059
"baltimore",33,"gam_spatial",1,"continuous",58,65.5243989602999,41.9939117647059
"baltimore",33,"gam_spatial",1,"continuous",58,60.2089788922174,41.9939117647059
"baltimore",33,"gam_spatial",1,"continuous",55,62.4530551032404,41.9939117647059
"baltimore",33,"gam_spatial",1,"continuous",54,60.0449238039862,41.9939117647059
"baltimore",33,"gam_spatial",1,"continuous",39,43.0467724304763,41.9939117647059
"baltimore",33,"gam_spatial",2,"continuous",113,100.226476325544,40.9259939759036
"baltimore",33,"gam_spatial",2,"continuous",165,82.7676903002062,40.9259939759036
"baltimore",33,"gam_spatial",2,"continuous",104.3,94.078646527266,40.9259939759036
"baltimore",33,"gam_spatial",2,"continuous",62.5,75.4023887088129,40.9259939759036
"baltimore",33,"gam_spatial",2,"continuous",70,95.4467964201346,40.9259939759036
"baltimore",33,"gam_spatial",2,"continuous",127.5,99.507003926072,40.9259939759036
"baltimore",33,"gam_spatial",2,"continuous",53,77.6987430300159,40.9259939759036
"baltimore",33,"gam_spatial",2,"continuous",145,122.060344616326,40.9259939759036
"baltimore",33,"gam_spatial",2,"continuous",63.5,66.1404499965598,40.9259939759036
"baltimore",33,"gam_spatial",2,"continuous",58.9,79.468256204649,40.9259939759036
"baltimore",33,"gam_spatial",2,"continuous",52,67.3038454835238,40.9259939759036
"baltimore",33,"gam_spatial",2,"continuous",48,45.1515397990392,40.9259939759036
"baltimore",33,"gam_spatial",2,"continuous",46,57.5264057344025,40.9259939759036
"baltimore",33,"gam_spatial",2,"continuous",46,36.3797243102215,40.9259939759036
"baltimore",33,"gam_spatial",2,"continuous",44,35.0793077293284,40.9259939759036
"baltimore",33,"gam_spatial",2,"continuous",54.9,46.7369169918453,40.9259939759036
"baltimore",33,"gam_spatial",2,"continuous",42.5,45.203140907272,40.9259939759036
"baltimore",33,"gam_spatial",2,"continuous",44,42.7031811320099,40.9259939759036
"baltimore",33,"gam_spatial",2,"continuous",44.9,31.9371772141187,40.9259939759036
"baltimore",33,"gam_spatial",2,"continuous",37.9,30.1779938172701,40.9259939759036
"baltimore",33,"gam_spatial",2,"continuous",33,51.7239391485075,40.9259939759036
"baltimore",33,"gam_spatial",2,"continuous",43.9,53.9615678354614,40.9259939759036
"baltimore",33,"gam_spatial",2,"continuous",45.5,42.3519767663964,40.9259939759036
"baltimore",33,"gam_spatial",2,"continuous",37.5,41.2641695930593,40.9259939759036
"baltimore",33,"gam_spatial",2,"continuous",35.9,34.9075931810332,40.9259939759036
"baltimore",33,"gam_spatial",2,"continuous",102,103.029321232449,40.9259939759036
"baltimore",33,"gam_spatial",2,"continuous",87.5,67.3669914994975,40.9259939759036
"baltimore",33,"gam_spatial",2,"continuous",34,22.3770353408236,40.9259939759036
"baltimore",33,"gam_spatial",2,"continuous",18.9,28.6448485918124,40.9259939759036
"baltimore",33,"gam_spatial",2,"continuous",41.5,51.0959694393643,40.9259939759036
"baltimore",33,"gam_spatial",2,"continuous",53,72.8306228189626,40.9259939759036
"baltimore",33,"gam_spatial",2,"continuous",37.9,55.0866419527458,40.9259939759036
"baltimore",33,"gam_spatial",2,"continuous",29,35.9496039018983,40.9259939759036
"baltimore",33,"gam_spatial",2,"continuous",32.5,36.4775316661806,40.9259939759036
"baltimore",33,"gam_spatial",2,"continuous",51.9,57.9539755986415,40.9259939759036
"baltimore",33,"gam_spatial",2,"continuous",31,34.2350677149146,40.9259939759036
"baltimore",33,"gam_spatial",2,"continuous",41.8,51.1284882005803,40.9259939759036
"baltimore",33,"gam_spatial",2,"continuous",48,35.5308773951665,40.9259939759036
"baltimore",33,"gam_spatial",2,"continuous",28,39.6105108510381,40.9259939759036
"baltimore",33,"gam_spatial",2,"continuous",35,39.2724412552074,40.9259939759036
"baltimore",33,"gam_spatial",2,"continuous",46.5,70.4153829946051,40.9259939759036
"baltimore",33,"gam_spatial",2,"continuous",51.9,65.3806490725257,40.9259939759036
"baltimore",33,"gam_spatial",2,"continuous",33,44.6077728689334,40.9259939759036
"baltimore",33,"gam_spatial",2,"continuous",68.5,82.1064980917571,40.9259939759036
"baltimore",33,"gam_spatial",2,"continuous",64.5,59.4369473090387,40.9259939759036
"baltimore",33,"gam_spatial",3,"continuous",47,-6.42310253242288,45.4389534883721
"baltimore",33,"gam_spatial",3,"continuous",64.5,66.0232194917886,45.4389534883721
"baltimore",33,"gam_spatial",3,"continuous",65,45.9937057428947,45.4389534883721
"baltimore",33,"gam_spatial",3,"continuous",36,31.9617008391738,45.4389534883721
"baltimore",33,"gam_spatial",3,"continuous",41.9,26.2092520131238,45.4389534883721
"baltimore",33,"gam_spatial",3,"continuous",53.5,35.1404011700343,45.4389534883721
"baltimore",33,"gam_spatial",3,"continuous",24.5,24.1223558711157,45.4389534883721
"baltimore",33,"gam_spatial",3,"continuous",24.5,25.518664844215,45.4389534883721
"baltimore",33,"gam_spatial",3,"continuous",55.5,48.4500642714168,45.4389534883721
"baltimore",33,"gam_spatial",3,"continuous",60,80.7952641361538,45.4389534883721
"baltimore",33,"gam_spatial",3,"continuous",48,45.721479040163,45.4389534883721
"baltimore",33,"gam_spatial",3,"continuous",53.5,41.048866794797,45.4389534883721
"baltimore",33,"gam_spatial",3,"continuous",34.5,46.0449024889538,45.4389534883721
"baltimore",33,"gam_spatial",3,"continuous",53,37.9147849813567,45.4389534883721
"baltimore",33,"gam_spatial",3,"continuous",24,28.9043899245372,45.4389534883721
"baltimore",33,"gam_spatial",3,"continuous",41,35.6015457248504,45.4389534883721
"baltimore",33,"gam_spatial",3,"continuous",30,35.256561966733,45.4389534883721
"baltimore",33,"gam_spatial",3,"continuous",15.2,19.720919598584,45.4389534883721
"baltimore",33,"gam_spatial",3,"continuous",22,26.767325498768,45.4389534883721
"baltimore",33,"gam_spatial",3,"continuous",24.9,23.4579242475675,45.4389534883721
"baltimore",33,"gam_spatial",3,"continuous",6.7,20.2545706860815,45.4389534883721
"baltimore",33,"gam_spatial",3,"continuous",32.5,29.0610110426891,45.4389534883721
"baltimore",33,"gam_spatial",3,"continuous",16.5,17.6684844969297,45.4389534883721
"baltimore",33,"gam_spatial",3,"continuous",67.5,30.0649953553241,45.4389534883721
"baltimore",33,"gam_spatial",3,"continuous",29.9,28.5739201705982,45.4389534883721
"baltimore",33,"gam_spatial",3,"continuous",43.9,41.6752889047957,45.4389534883721
"baltimore",33,"gam_spatial",3,"continuous",57,36.5263260433408,45.4389534883721
"baltimore",33,"gam_spatial",3,"continuous",35,27.1355842998652,45.4389534883721
"baltimore",33,"gam_spatial",3,"continuous",35.1,36.5573040796824,45.4389534883721
"baltimore",33,"gam_spatial",3,"continuous",42.6,34.4316123778084,45.4389534883721
"baltimore",33,"gam_spatial",3,"continuous",43,34.4696574280324,45.4389534883721
"baltimore",33,"gam_spatial",3,"continuous",45,38.5778496970794,45.4389534883721
"baltimore",33,"gam_spatial",3,"continuous",42,29.6698459142491,45.4389534883721
"baltimore",33,"gam_spatial",3,"continuous",38.9,27.5623068802787,45.4389534883721
"baltimore",33,"gam_spatial",3,"continuous",37.5,51.420739720118,45.4389534883721
"baltimore",33,"gam_spatial",3,"continuous",39,41.964528590034,45.4389534883721
"baltimore",33,"gam_spatial",3,"continuous",43.215,51.4059315693966,45.4389534883721
"baltimore",33,"gam_spatial",3,"continuous",30,37.2223792412682,45.4389534883721
"baltimore",33,"gam_spatial",3,"continuous",29.5,32.7514469923342,45.4389534883721
"baltimore",33,"gam_spatial",4,"continuous",51,70.0349911785268,45.9237719298246
"baltimore",33,"gam_spatial",4,"continuous",49.6,63.5853882027817,45.9237719298246
"baltimore",33,"gam_spatial",4,"continuous",52,67.7181301319668,45.9237719298246
"baltimore",33,"gam_spatial",4,"continuous",42.9,50.7580282024433,45.9237719298246
"baltimore",33,"gam_spatial",4,"continuous",44.9,60.779945731439,45.9237719298246
"baltimore",33,"gam_spatial",4,"continuous",55,51.6620191127202,45.9237719298246
"baltimore",33,"gam_spatial",4,"continuous",35.5,61.1231794610324,45.9237719298246
"baltimore",33,"gam_spatial",4,"continuous",62.9,76.3524007315776,45.9237719298246
"baltimore",33,"gam_spatial",4,"continuous",110,105.25624318809,45.9237719298246
"baltimore",33,"gam_spatial",4,"continuous",67.7,37.0655233080416,45.9237719298246
"baltimore",33,"gam_spatial",4,"continuous",70,43.691378123488,45.9237719298246
"baltimore",33,"gam_spatial",4,"continuous",74,63.6952054919212,45.9237719298246
"baltimore",33,"gam_spatial",4,"continuous",22.9,16.3681320594406,45.9237719298246
"baltimore",33,"gam_spatial",4,"continuous",13,17.0318177490174,45.9237719298246
"baltimore",33,"gam_spatial",4,"continuous",24,25.23028900744,45.9237719298246
"baltimore",33,"gam_spatial",4,"continuous",33.5,33.5083464585621,45.9237719298246
"baltimore",33,"gam_spatial",4,"continuous",18.6,23.3519136952713,45.9237719298246
"baltimore",33,"gam_spatial",4,"continuous",16,25.4452196417903,45.9237719298246
"baltimore",33,"gam_spatial",4,"continuous",30,26.8997388117782,45.9237719298246
"baltimore",33,"gam_spatial",4,"continuous",59,28.4269579570366,45.9237719298246
"baltimore",33,"gam_spatial",4,"continuous",29.5,29.0059716061797,45.9237719298246
"baltimore",33,"gam_spatial",4,"continuous",26,31.9558533531524,45.9237719298246
"baltimore",33,"gam_spatial",4,"continuous",21.5,26.3204690526991,45.9237719298246
"baltimore",33,"gam_spatial",4,"continuous",9,28.574331522736,45.9237719298246
"baltimore",33,"gam_spatial",4,"continuous",11,26.4185195460424,45.9237719298246
"baltimore",33,"gam_spatial",4,"continuous",30.9,27.5939963693698,45.9237719298246
"baltimore",33,"gam_spatial",4,"continuous",31.65,41.6780366783889,45.9237719298246
"baltimore",33,"gam_spatial",4,"continuous",45.5,47.4674059273648,45.9237719298246
"baltimore",33,"gam_spatial",4,"continuous",57,39.3825599843475,45.9237719298246
"baltimore",33,"gam_spatial",4,"continuous",29.9,32.8038383683091,45.9237719298246
"baltimore",33,"gam_spatial",4,"continuous",30,31.6990917744619,45.9237719298246
"baltimore",33,"gam_spatial",4,"continuous",34,39.7035626829836,45.9237719298246
"baltimore",33,"gam_spatial",4,"continuous",32.9,34.3260269909338,45.9237719298246
"baltimore",33,"gam_spatial",4,"continuous",22,36.3790225279197,45.9237719298246
"baltimore",33,"gam_spatial",4,"continuous",32.6,38.5820992828685,45.9237719298246
"baltimore",33,"gam_spatial",4,"continuous",25.9,27.0069398160756,45.9237719298246
"baltimore",33,"gam_spatial",4,"continuous",27.5,28.9456925381911,45.9237719298246
"baltimore",33,"gam_spatial",4,"continuous",31.5,32.7637582986355,45.9237719298246
"baltimore",33,"gam_spatial",4,"continuous",8.5,19.2930008318039,45.9237719298246
"baltimore",33,"gam_spatial",4,"continuous",26.5,25.0328115078065,45.9237719298246
"baltimore",33,"gam_spatial",5,"continuous",3.5,45.001523437657,47.2370606060606
"baltimore",33,"gam_spatial",5,"continuous",12.8,29.9565111473042,47.2370606060606
"baltimore",33,"gam_spatial",5,"continuous",17.5,22.4559325456635,47.2370606060606
"baltimore",33,"gam_spatial",5,"continuous",50,48.5708848488342,47.2370606060606
"baltimore",33,"gam_spatial",5,"continuous",9.6,22.5122699300877,47.2370606060606
"baltimore",33,"gam_spatial",5,"continuous",30,35.679713071204,47.2370606060606
"baltimore",33,"gam_spatial",5,"continuous",39,21.5258004188395,47.2370606060606
"baltimore",33,"gam_spatial",5,"continuous",48.9,32.480662649319,47.2370606060606
"baltimore",33,"gam_spatial",5,"continuous",33.5,29.8642008484469,47.2370606060606
"baltimore",33,"gam_spatial",5,"continuous",46,43.0837065174016,47.2370606060606
"baltimore",33,"gam_spatial",5,"continuous",54,30.0296489588009,47.2370606060606
"baltimore",33,"gam_spatial",5,"continuous",57.9,43.8358246039697,47.2370606060606
"baltimore",33,"gam_spatial",5,"continuous",32,29.3512504399126,47.2370606060606
"baltimore",33,"gam_spatial",5,"continuous",31,35.0940589404898,47.2370606060606
"baltimore",33,"gam_spatial",5,"continuous",34,34.1008255031976,47.2370606060606
"baltimore",33,"gam_spatial",5,"continuous",35.4,26.1149341727543,47.2370606060606
"baltimore",33,"gam_spatial",5,"continuous",16,32.0070151033425,47.2370606060606
"baltimore",33,"gam_spatial",5,"continuous",35,31.9998349797265,47.2370606060606
"baltimore",33,"gam_spatial",5,"continuous",35,26.5611189087395,47.2370606060606
"baltimore",33,"gam_spatial",5,"continuous",36.5,33.7864477240854,47.2370606060606
"baltimore",33,"gam_spatial",5,"continuous",35.9,30.8289338823343,47.2370606060606
"baltimore",33,"gam_spatial",5,"continuous",45,27.4799948607881,47.2370606060606
"baltimore",33,"gam_spatial",5,"continuous",40,27.1410860499241,47.2370606060606
"baltimore",33,"gam_spatial",5,"continuous",35,25.3856072415339,47.2370606060606
"baltimore",33,"gam_spatial",5,"continuous",38,32.9915533248077,47.2370606060606
"baltimore",33,"gam_spatial",5,"continuous",37,25.9768924706382,47.2370606060606
"baltimore",33,"gam_spatial",5,"continuous",23,37.8023334751743,47.2370606060606
"baltimore",33,"gam_spatial",5,"continuous",25.5,24.1182369344713,47.2370606060606
"baltimore",33,"gam_spatial",5,"continuous",39.5,28.3593126729174,47.2370606060606
"baltimore",33,"gam_spatial",5,"continuous",13.4,19.9749284896543,47.2370606060606
"baltimore",33,"gam_spatial",5,"continuous",12.5,22.6951204136051,47.2370606060606
"baltimore",33,"gam_spatial",5,"continuous",28.5,37.9656260425353,47.2370606060606
"baltimore",33,"gam_spatial",5,"continuous",23,28.756489659384,47.2370606060606
"baltimore",33,"gam_spatial",5,"continuous",33.5,33.3603818632404,47.2370606060606
"baltimore",33,"gam_spatial",5,"continuous",9,22.7103771365374,47.2370606060606
"baltimore",33,"gam_spatial",5,"continuous",51,68.2113446939366,47.2370606060606
"baltimore",33,"gam_spatial",5,"continuous",64.5,61.9009634825795,47.2370606060606
"baltimore",33,"gam_spatial",5,"continuous",56.5,47.2911875265831,47.2370606060606
"baltimore",33,"gam_spatial",5,"continuous",51.5,44.8696119287338,47.2370606060606
"baltimore",33,"gam_spatial",5,"continuous",69,69.1639883482101,47.2370606060606
"baltimore",33,"gam_spatial",5,"continuous",37.5,35.4610373177664,47.2370606060606
"baltimore",33,"gam_spatial",5,"continuous",39.9,36.2701078544955,47.2370606060606
"baltimore",33,"gam_spatial",5,"continuous",38.5,34.9123467791459,47.2370606060606
"baltimore",33,"gam_spatial",5,"continuous",21.5,20.6121434831919,47.2370606060606
"baltimore",33,"gam_spatial",5,"continuous",22.9,22.5719268956163,47.2370606060606
"baltimore",33,"gam_spatial",5,"continuous",5.5,19.3946861769464,47.2370606060606
"baltimore",33,"random_forest",1,"continuous",107,78.3788377777778,41.9939117647059
"baltimore",33,"random_forest",1,"continuous",112,59.9373516666666,41.9939117647059
"baltimore",33,"random_forest",1,"continuous",39,43.8798333333333,41.9939117647059
"baltimore",33,"random_forest",1,"continuous",8,42.7155402564103,41.9939117647059
"baltimore",33,"random_forest",1,"continuous",62,62.4532627777778,41.9939117647059
"baltimore",33,"random_forest",1,"continuous",60,47.8154769230769,41.9939117647059
"baltimore",33,"random_forest",1,"continuous",85.9,53.7220976190476,41.9939117647059
"baltimore",33,"random_forest",1,"continuous",57,55.0431611111111,41.9939117647059
"baltimore",33,"random_forest",1,"continuous",110,75.8850666666667,41.9939117647059
"baltimore",33,"random_forest",1,"continuous",89.5,80.3951166666667,41.9939117647059
"baltimore",33,"random_forest",1,"continuous",38.9,43.2097414955658,41.9939117647059
"baltimore",33,"random_forest",1,"continuous",20.7,32.1769363117171,41.9939117647059
"baltimore",33,"random_forest",1,"continuous",49.9,68.1409416666667,41.9939117647059
"baltimore",33,"random_forest",1,"continuous",39,43.1927805555556,41.9939117647059
"baltimore",33,"random_forest",1,"continuous",33,28.2221846070596,41.9939117647059
"baltimore",33,"random_forest",1,"continuous",33.4,32.0934759044877,41.9939117647059
"baltimore",33,"random_forest",1,"continuous",47,40.103835643085,41.9939117647059
"baltimore",33,"random_forest",1,"continuous",40,36.6439236317604,41.9939117647059
"baltimore",33,"random_forest",1,"continuous",46,35.7819358681548,41.9939117647059
"baltimore",33,"random_forest",1,"continuous",57.5,50.67685,41.9939117647059
"baltimore",33,"random_forest",1,"continuous",85.5,70.385775,41.9939117647059
"baltimore",33,"random_forest",1,"continuous",61,45.0505870238095,41.9939117647059
"baltimore",33,"random_forest",1,"continuous",38,33.2339047619048,41.9939117647059
"baltimore",33,"random_forest",1,"continuous",60.4,51.4953541666667,41.9939117647059
"baltimore",33,"random_forest",1,"continuous",54,50.3337889705882,41.9939117647059
"baltimore",33,"random_forest",1,"continuous",56,40.8278708624709,41.9939117647059
"baltimore",33,"random_forest",1,"continuous",27.9,30.0619817301875,41.9939117647059
"baltimore",33,"random_forest",1,"continuous",57,49.326290530303,41.9939117647059
"baltimore",33,"random_forest",1,"continuous",47,48.5682858585859,41.9939117647059
"baltimore",33,"random_forest",1,"continuous",43.5,37.4330711842105,41.9939117647059
"baltimore",33,"random_forest",1,"continuous",44.25,40.0500628508772,41.9939117647059
"baltimore",33,"random_forest",1,"continuous",61,56.7256041666667,41.9939117647059
"baltimore",33,"random_forest",1,"continuous",40,40.8688931372549,41.9939117647059
"baltimore",33,"random_forest",1,"continuous",44.5,44.4712722222222,41.9939117647059
"baltimore",33,"random_forest",1,"continuous",40,29.8281416666667,41.9939117647059
"baltimore",33,"random_forest",1,"continuous",50,49.5878642857143,41.9939117647059
"baltimore",33,"random_forest",1,"continuous",58,52.4393944444444,41.9939117647059
"baltimore",33,"random_forest",1,"continuous",58,47.3025944444444,41.9939117647059
"baltimore",33,"random_forest",1,"continuous",55,48.1213102564102,41.9939117647059
"baltimore",33,"random_forest",1,"continuous",54,45.7783875,41.9939117647059
"baltimore",33,"random_forest",1,"continuous",39,34.5590176731602,41.9939117647059
"baltimore",33,"random_forest",2,"continuous",113,92.1149119047619,40.9259939759036
"baltimore",33,"random_forest",2,"continuous",165,61.5953,40.9259939759036
"baltimore",33,"random_forest",2,"continuous",104.3,89.6663785714286,40.9259939759036
"baltimore",33,"random_forest",2,"continuous",62.5,61.17475,40.9259939759036
"baltimore",33,"random_forest",2,"continuous",70,72.8567166666667,40.9259939759036
"baltimore",33,"random_forest",2,"continuous",127.5,88.3480976190476,40.9259939759036
"baltimore",33,"random_forest",2,"continuous",53,56.5251888888889,40.9259939759036
"baltimore",33,"random_forest",2,"continuous",145,93.7755619047619,40.9259939759036
"baltimore",33,"random_forest",2,"continuous",63.5,53.592325,40.9259939759036
"baltimore",33,"random_forest",2,"continuous",58.9,57.3749823717949,40.9259939759036
"baltimore",33,"random_forest",2,"continuous",52,44.1828451262626,40.9259939759036
"baltimore",33,"random_forest",2,"continuous",48,39.0020002164502,40.9259939759036
"baltimore",33,"random_forest",2,"continuous",46,64.7500166666667,40.9259939759036
"baltimore",33,"random_forest",2,"continuous",46,54.3764527777778,40.9259939759036
"baltimore",33,"random_forest",2,"continuous",44,46.2079886849262,40.9259939759036
"baltimore",33,"random_forest",2,"continuous",54.9,57.7866004273504,40.9259939759036
"baltimore",33,"random_forest",2,"continuous",42.5,52.4181888888889,40.9259939759036
"baltimore",33,"random_forest",2,"continuous",44,48.458969047619,40.9259939759036
"baltimore",33,"random_forest",2,"continuous",44.9,51.028453030303,40.9259939759036
"baltimore",33,"random_forest",2,"continuous",37.9,48.148804427736,40.9259939759036
"baltimore",33,"random_forest",2,"continuous",33,56.2773597222222,40.9259939759036
"baltimore",33,"random_forest",2,"continuous",43.9,52.4598817404817,40.9259939759036
"baltimore",33,"random_forest",2,"continuous",45.5,49.0645252525253,40.9259939759036
"baltimore",33,"random_forest",2,"continuous",37.5,50.4755226190476,40.9259939759036
"baltimore",33,"random_forest",2,"continuous",35.9,46.583724047619,40.9259939759036
"baltimore",33,"random_forest",2,"continuous",102,70.1437782051282,40.9259939759036
"baltimore",33,"random_forest",2,"continuous",87.5,43.8374083333333,40.9259939759036
"baltimore",33,"random_forest",2,"continuous",34,26.9832047008547,40.9259939759036
"baltimore",33,"random_forest",2,"continuous",18.9,36.6849476190476,40.9259939759036
"baltimore",33,"random_forest",2,"continuous",41.5,56.7619476190476,40.9259939759036
"baltimore",33,"random_forest",2,"continuous",53,72.3223166666666,40.9259939759036
"baltimore",33,"random_forest",2,"continuous",37.9,47.2467912373737,40.9259939759036
"baltimore",33,"random_forest",2,"continuous",29,28.7041322055138,40.9259939759036
"baltimore",33,"random_forest",2,"continuous",32.5,30.7894293290043,40.9259939759036
"baltimore",33,"random_forest",2,"continuous",51.9,53.5146452020202,40.9259939759036
"baltimore",33,"random_forest",2,"continuous",31,32.2576054146692,40.9259939759036
"baltimore",33,"random_forest",2,"continuous",41.8,45.7041549242424,40.9259939759036
"baltimore",33,"random_forest",2,"continuous",48,39.8885275443511,40.9259939759036
"baltimore",33,"random_forest",2,"continuous",28,44.4792251633987,40.9259939759036
"baltimore",33,"random_forest",2,"continuous",35,38.5376509318713,40.9259939759036
"baltimore",33,"random_forest",2,"continuous",46.5,56.6450222222222,40.9259939759036
"baltimore",33,"random_forest",2,"continuous",51.9,52.8445419191919,40.9259939759036
"baltimore",33,"random_forest",2,"continuous",33,45.7224518398268,40.9259939759036
"baltimore",33,"random_forest",2,"continuous",68.5,79.1351,40.9259939759036
"baltimore",33,"random_forest",2,"continuous",64.5,55.1867004273504,40.9259939759036
"baltimore",33,"random_forest",3,"continuous",47,14.5414960887949,45.4389534883721
"baltimore",33,"random_forest",3,"continuous",64.5,67.9411380952381,45.4389534883721
"baltimore",33,"random_forest",3,"continuous",65,43.3445833333333,45.4389534883721
"baltimore",33,"random_forest",3,"continuous",36,40.3094291292838,45.4389534883721
"baltimore",33,"random_forest",3,"continuous",41.9,36.6045071428572,45.4389534883721
"baltimore",33,"random_forest",3,"continuous",53.5,45.596251984127,45.4389534883721
"baltimore",33,"random_forest",3,"continuous",24.5,30.3191428356755,45.4389534883721
"baltimore",33,"random_forest",3,"continuous",24.5,37.7104238095238,45.4389534883721
"baltimore",33,"random_forest",3,"continuous",55.5,51.8303666666667,45.4389534883721
"baltimore",33,"random_forest",3,"continuous",60,76.2819333333333,45.4389534883721
"baltimore",33,"random_forest",3,"continuous",48,40.3013166666667,45.4389534883721
"baltimore",33,"random_forest",3,"continuous",53.5,36.8326493188981,45.4389534883721
"baltimore",33,"random_forest",3,"continuous",34.5,44.4310619047619,45.4389534883721
"baltimore",33,"random_forest",3,"continuous",53,31.7908933449701,45.4389534883721
"baltimore",33,"random_forest",3,"continuous",24,36.6356428571429,45.4389534883721
"baltimore",33,"random_forest",3,"continuous",41,45.2625333333333,45.4389534883721
"baltimore",33,"random_forest",3,"continuous",30,35.5208959041756,45.4389534883721
"baltimore",33,"random_forest",3,"continuous",15.2,28.6196013897032,45.4389534883721
"baltimore",33,"random_forest",3,"continuous",22,29.6094623392112,45.4389534883721
"baltimore",33,"random_forest",3,"continuous",24.9,32.3482855152998,45.4389534883721
"baltimore",33,"random_forest",3,"continuous",6.7,29.3288222222222,45.4389534883721
"baltimore",33,"random_forest",3,"continuous",32.5,37.8415857142857,45.4389534883721
"baltimore",33,"random_forest",3,"continuous",16.5,21.2494612403101,45.4389534883721
"baltimore",33,"random_forest",3,"continuous",67.5,39.3049666666667,45.4389534883721
"baltimore",33,"random_forest",3,"continuous",29.9,34.1147005363082,45.4389534883721
"baltimore",33,"random_forest",3,"continuous",43.9,39.4628948052745,45.4389534883721
"baltimore",33,"random_forest",3,"continuous",57,43.5381436507937,45.4389534883721
"baltimore",33,"random_forest",3,"continuous",35,35.7758071428572,45.4389534883721
"baltimore",33,"random_forest",3,"continuous",35.1,38.0703833333333,45.4389534883721
"baltimore",33,"random_forest",3,"continuous",42.6,33.8992477751804,45.4389534883721
"baltimore",33,"random_forest",3,"continuous",43,40.7798792208589,45.4389534883721
"baltimore",33,"random_forest",3,"continuous",45,43.6765166666667,45.4389534883721
"baltimore",33,"random_forest",3,"continuous",42,41.0140007936508,45.4389534883721
"baltimore",33,"random_forest",3,"continuous",38.9,36.094796031746,45.4389534883721
"baltimore",33,"random_forest",3,"continuous",37.5,56.23575,45.4389534883721
"baltimore",33,"random_forest",3,"continuous",39,41.5710877705628,45.4389534883721
"baltimore",33,"random_forest",3,"continuous",43.215,39.8027984848485,45.4389534883721
"baltimore",33,"random_forest",3,"continuous",30,43.3342762626263,45.4389534883721
"baltimore",33,"random_forest",3,"continuous",29.5,34.1676744756042,45.4389534883721
"baltimore",33,"random_forest",4,"continuous",51,64.5687833333333,45.9237719298246
"baltimore",33,"random_forest",4,"continuous",49.6,56.2200714285714,45.9237719298246
"baltimore",33,"random_forest",4,"continuous",52,50.8473547619048,45.9237719298246
"baltimore",33,"random_forest",4,"continuous",42.9,47.2422047619048,45.9237719298246
"baltimore",33,"random_forest",4,"continuous",44.9,51.1025755050505,45.9237719298246
"baltimore",33,"random_forest",4,"continuous",55,52.8494683333333,45.9237719298246
"baltimore",33,"random_forest",4,"continuous",35.5,43.8420236201299,45.9237719298246
"baltimore",33,"random_forest",4,"continuous",62.9,66.0598833333333,45.9237719298246
"baltimore",33,"random_forest",4,"continuous",110,86.6385833333334,45.9237719298246
"baltimore",33,"random_forest",4,"continuous",67.7,49.2917375,45.9237719298246
"baltimore",33,"random_forest",4,"continuous",70,44.4878147619048,45.9237719298246
"baltimore",33,"random_forest",4,"continuous",74,94.9906166666667,45.9237719298246
"baltimore",33,"random_forest",4,"continuous",22.9,17.4056383824144,45.9237719298246
"baltimore",33,"random_forest",4,"continuous",13,14.4079620927318,45.9237719298246
"baltimore",33,"random_forest",4,"continuous",24,31.8109464285714,45.9237719298246
"baltimore",33,"random_forest",4,"continuous",33.5,35.462407020202,45.9237719298246
"baltimore",33,"random_forest",4,"continuous",18.6,21.5839257290955,45.9237719298246
"baltimore",33,"random_forest",4,"continuous",16,29.7861523268398,45.9237719298246
"baltimore",33,"random_forest",4,"continuous",30,33.2727404945055,45.9237719298246
"baltimore",33,"random_forest",4,"continuous",59,31.0498,45.9237719298246
"baltimore",33,"random_forest",4,"continuous",29.5,36.3306081439394,45.9237719298246
"baltimore",33,"random_forest",4,"continuous",26,40.236345,45.9237719298246
"baltimore",33,"random_forest",4,"continuous",21.5,21.3935781641604,45.9237719298246
"baltimore",33,"random_forest",4,"continuous",9,21.4630736998747,45.9237719298246
"baltimore",33,"random_forest",4,"continuous",11,25.5252118506494,45.9237719298246
"baltimore",33,"random_forest",4,"continuous",30.9,21.5128895292208,45.9237719298246
"baltimore",33,"random_forest",4,"continuous",31.65,31.0110791666667,45.9237719298246
"baltimore",33,"random_forest",4,"continuous",45.5,46.593726504329,45.9237719298246
"baltimore",33,"random_forest",4,"continuous",57,44.6038043859649,45.9237719298246
"baltimore",33,"random_forest",4,"continuous",29.9,33.1071020050125,45.9237719298246
"baltimore",33,"random_forest",4,"continuous",30,35.1703948621554,45.9237719298246
"baltimore",33,"random_forest",4,"continuous",34,41.8537278242956,45.9237719298246
"baltimore",33,"random_forest",4,"continuous",32.9,31.284986988012,45.9237719298246
"baltimore",33,"random_forest",4,"continuous",22,28.0886815371763,45.9237719298246
"baltimore",33,"random_forest",4,"continuous",32.6,33.5088018253968,45.9237719298246
"baltimore",33,"random_forest",4,"continuous",25.9,21.668691800524,45.9237719298246
"baltimore",33,"random_forest",4,"continuous",27.5,34.7002679924242,45.9237719298246
"baltimore",33,"random_forest",4,"continuous",31.5,33.3343392316017,45.9237719298246
"baltimore",33,"random_forest",4,"continuous",8.5,18.7448585213033,45.9237719298246
"baltimore",33,"random_forest",4,"continuous",26.5,35.4056906114719,45.9237719298246
"baltimore",33,"random_forest",5,"continuous",3.5,44.0949545454545,47.2370606060606
"baltimore",33,"random_forest",5,"continuous",12.8,25.539050974026,47.2370606060606
"baltimore",33,"random_forest",5,"continuous",17.5,19.7163176406926,47.2370606060606
"baltimore",33,"random_forest",5,"continuous",50,37.1349543022329,47.2370606060606
"baltimore",33,"random_forest",5,"continuous",9.6,21.8755726190476,47.2370606060606
"baltimore",33,"random_forest",5,"continuous",30,41.0127133173844,47.2370606060606
"baltimore",33,"random_forest",5,"continuous",39,46.2718238095238,47.2370606060606
"baltimore",33,"random_forest",5,"continuous",48.9,46.8579,47.2370606060606
"baltimore",33,"random_forest",5,"continuous",33.5,33.0740976190476,47.2370606060606
"baltimore",33,"random_forest",5,"continuous",46,45.8360666666667,47.2370606060606
"baltimore",33,"random_forest",5,"continuous",54,48.8635,47.2370606060606
"baltimore",33,"random_forest",5,"continuous",57.9,48.3313133333333,47.2370606060606
"baltimore",33,"random_forest",5,"continuous",32,32.734730952381,47.2370606060606
"baltimore",33,"random_forest",5,"continuous",31,37.057763790604,47.2370606060606
"baltimore",33,"random_forest",5,"continuous",34,40.4609222222222,47.2370606060606
"baltimore",33,"random_forest",5,"continuous",35.4,36.2927579365079,47.2370606060606
"baltimore",33,"random_forest",5,"continuous",16,34.9909595238095,47.2370606060606
"baltimore",33,"random_forest",5,"continuous",35,43.2586117647059,47.2370606060606
"baltimore",33,"random_forest",5,"continuous",35,32.8802357142857,47.2370606060606
"baltimore",33,"random_forest",5,"continuous",36.5,32.8865446428571,47.2370606060606
"baltimore",33,"random_forest",5,"continuous",35.9,38.1428231607763,47.2370606060606
"baltimore",33,"random_forest",5,"continuous",45,44.4546176767677,47.2370606060606
"baltimore",33,"random_forest",5,"continuous",40,40.4204976190476,47.2370606060606
"baltimore",33,"random_forest",5,"continuous",35,39.8612343434344,47.2370606060606
"baltimore",33,"random_forest",5,"continuous",38,40.0772343434344,47.2370606060606
"baltimore",33,"random_forest",5,"continuous",37,34.6237412698413,47.2370606060606
"baltimore",33,"random_forest",5,"continuous",23,46.4325666666667,47.2370606060606
"baltimore",33,"random_forest",5,"continuous",25.5,26.4856446428571,47.2370606060606
"baltimore",33,"random_forest",5,"continuous",39.5,32.5041523809524,47.2370606060606
"baltimore",33,"random_forest",5,"continuous",13.4,18.1920775613276,47.2370606060606
"baltimore",33,"random_forest",5,"continuous",12.5,18.8931021645022,47.2370606060606
"baltimore",33,"random_forest",5,"continuous",28.5,33.4222607843137,47.2370606060606
"baltimore",33,"random_forest",5,"continuous",23,22.7573042264753,47.2370606060606
"baltimore",33,"random_forest",5,"continuous",33.5,28.6412976190476,47.2370606060606
"baltimore",33,"random_forest",5,"continuous",9,16.0044656565656,47.2370606060606
"baltimore",33,"random_forest",5,"continuous",51,60.2575875,47.2370606060606
"baltimore",33,"random_forest",5,"continuous",64.5,57.6139166666667,47.2370606060606
"baltimore",33,"random_forest",5,"continuous",56.5,51.51705,47.2370606060606
"baltimore",33,"random_forest",5,"continuous",51.5,34.9661089501829,47.2370606060606
"baltimore",33,"random_forest",5,"continuous",69,66.9328141666667,47.2370606060606
"baltimore",33,"random_forest",5,"continuous",37.5,32.7669888888889,47.2370606060606
"baltimore",33,"random_forest",5,"continuous",39.9,31.1215322567783,47.2370606060606
"baltimore",33,"random_forest",5,"continuous",38.5,38.0380151542403,47.2370606060606
"baltimore",33,"random_forest",5,"continuous",21.5,15.484598989899,47.2370606060606
"baltimore",33,"random_forest",5,"continuous",22.9,18.9878343073593,47.2370606060606
"baltimore",33,"random_forest",5,"continuous",5.5,16.2201013708514,47.2370606060606
"baltimore",33,"xgboost",1,"continuous",107,64.8700790405273,41.9939117647059
"baltimore",33,"xgboost",1,"continuous",112,61.6084098815918,41.9939117647059
"baltimore",33,"xgboost",1,"continuous",39,47.0300254821777,41.9939117647059
"baltimore",33,"xgboost",1,"continuous",8,42.2500915527344,41.9939117647059
"baltimore",33,"xgboost",1,"continuous",62,63.0749816894531,41.9939117647059
"baltimore",33,"xgboost",1,"continuous",60,48.2071876525879,41.9939117647059
"baltimore",33,"xgboost",1,"continuous",85.9,50.1688804626465,41.9939117647059
"baltimore",33,"xgboost",1,"continuous",57,52.7460899353027,41.9939117647059
"baltimore",33,"xgboost",1,"continuous",110,81.8689346313477,41.9939117647059
"baltimore",33,"xgboost",1,"continuous",89.5,68.6929779052734,41.9939117647059
"baltimore",33,"xgboost",1,"continuous",38.9,45.1340942382812,41.9939117647059
"baltimore",33,"xgboost",1,"continuous",20.7,30.6017036437988,41.9939117647059
"baltimore",33,"xgboost",1,"continuous",49.9,50.4020233154297,41.9939117647059
"baltimore",33,"xgboost",1,"continuous",39,42.9427452087402,41.9939117647059
"baltimore",33,"xgboost",1,"continuous",33,26.3829689025879,41.9939117647059
"baltimore",33,"xgboost",1,"continuous",33.4,31.6821899414062,41.9939117647059
"baltimore",33,"xgboost",1,"continuous",47,41.0899772644043,41.9939117647059
"baltimore",33,"xgboost",1,"continuous",40,40.4193687438965,41.9939117647059
"baltimore",33,"xgboost",1,"continuous",46,34.9184036254883,41.9939117647059
"baltimore",33,"xgboost",1,"continuous",57.5,52.4784507751465,41.9939117647059
"baltimore",33,"xgboost",1,"continuous",85.5,69.7927627563477,41.9939117647059
"baltimore",33,"xgboost",1,"continuous",61,51.4384918212891,41.9939117647059
"baltimore",33,"xgboost",1,"continuous",38,33.5579872131348,41.9939117647059
"baltimore",33,"xgboost",1,"continuous",60.4,47.442325592041,41.9939117647059
"baltimore",33,"xgboost",1,"continuous",54,50.6789588928223,41.9939117647059
"baltimore",33,"xgboost",1,"continuous",56,38.9236869812012,41.9939117647059
"baltimore",33,"xgboost",1,"continuous",27.9,27.3069763183594,41.9939117647059
"baltimore",33,"xgboost",1,"continuous",57,52.1384735107422,41.9939117647059
"baltimore",33,"xgboost",1,"continuous",47,51.7331657409668,41.9939117647059
"baltimore",33,"xgboost",1,"continuous",43.5,43.8740196228027,41.9939117647059
"baltimore",33,"xgboost",1,"continuous",44.25,43.6539421081543,41.9939117647059
"baltimore",33,"xgboost",1,"continuous",61,46.5316543579102,41.9939117647059
"baltimore",33,"xgboost",1,"continuous",40,42.3723411560059,41.9939117647059
"baltimore",33,"xgboost",1,"continuous",44.5,38.2700271606445,41.9939117647059
"baltimore",33,"xgboost",1,"continuous",40,28.3593502044678,41.9939117647059
"baltimore",33,"xgboost",1,"continuous",50,50.1462211608887,41.9939117647059
"baltimore",33,"xgboost",1,"continuous",58,52.3751335144043,41.9939117647059
"baltimore",33,"xgboost",1,"continuous",58,42.9011268615723,41.9939117647059
"baltimore",33,"xgboost",1,"continuous",55,48.8698196411133,41.9939117647059
"baltimore",33,"xgboost",1,"continuous",54,39.7346839904785,41.9939117647059
"baltimore",33,"xgboost",1,"continuous",39,39.5274200439453,41.9939117647059
"baltimore",33,"xgboost",2,"continuous",113,78.8764190673828,40.9259939759036
"baltimore",33,"xgboost",2,"continuous",165,63.1832656860352,40.9259939759036
"baltimore",33,"xgboost",2,"continuous",104.3,78.8749923706055,40.9259939759036
"baltimore",33,"xgboost",2,"continuous",62.5,52.2083625793457,40.9259939759036
"baltimore",33,"xgboost",2,"continuous",70,70.8963851928711,40.9259939759036
"baltimore",33,"xgboost",2,"continuous",127.5,78.2727279663086,40.9259939759036
"baltimore",33,"xgboost",2,"continuous",53,56.847297668457,40.9259939759036
"baltimore",33,"xgboost",2,"continuous",145,79.3716583251953,40.9259939759036
"baltimore",33,"xgboost",2,"continuous",63.5,59.8681297302246,40.9259939759036
"baltimore",33,"xgboost",2,"continuous",58.9,61.4684906005859,40.9259939759036
"baltimore",33,"xgboost",2,"continuous",52,41.4209938049316,40.9259939759036
"baltimore",33,"xgboost",2,"continuous",48,44.6633834838867,40.9259939759036
"baltimore",33,"xgboost",2,"continuous",46,60.3645935058594,40.9259939759036
"baltimore",33,"xgboost",2,"continuous",46,56.4437065124512,40.9259939759036
"baltimore",33,"xgboost",2,"continuous",44,42.4546279907227,40.9259939759036
"baltimore",33,"xgboost",2,"continuous",54.9,54.3386459350586,40.9259939759036
"baltimore",33,"xgboost",2,"continuous",42.5,47.9150695800781,40.9259939759036
"baltimore",33,"xgboost",2,"continuous",44,55.0069122314453,40.9259939759036
"baltimore",33,"xgboost",2,"continuous",44.9,50.1511650085449,40.9259939759036
"baltimore",33,"xgboost",2,"continuous",37.9,51.0953559875488,40.9259939759036
"baltimore",33,"xgboost",2,"continuous",33,59.7548675537109,40.9259939759036
"baltimore",33,"xgboost",2,"continuous",43.9,54.3308639526367,40.9259939759036
"baltimore",33,"xgboost",2,"continuous",45.5,53.658374786377,40.9259939759036
"baltimore",33,"xgboost",2,"continuous",37.5,59.7755165100098,40.9259939759036
"baltimore",33,"xgboost",2,"continuous",35.9,54.4591636657715,40.9259939759036
"baltimore",33,"xgboost",2,"continuous",102,70.7376556396484,40.9259939759036
"baltimore",33,"xgboost",2,"continuous",87.5,45.4349098205566,40.9259939759036
"baltimore",33,"xgboost",2,"continuous",34,18.3873252868652,40.9259939759036
"baltimore",33,"xgboost",2,"continuous",18.9,44.4540596008301,40.9259939759036
"baltimore",33,"xgboost",2,"continuous",41.5,50.3714141845703,40.9259939759036
"baltimore",33,"xgboost",2,"continuous",53,70.6856842041016,40.9259939759036
"baltimore",33,"xgboost",2,"continuous",37.9,45.8955268859863,40.9259939759036
"baltimore",33,"xgboost",2,"continuous",29,18.3950290679932,40.9259939759036
"baltimore",33,"xgboost",2,"continuous",32.5,28.6483192443848,40.9259939759036
"baltimore",33,"xgboost",2,"continuous",51.9,49.3803405761719,40.9259939759036
"baltimore",33,"xgboost",2,"continuous",31,28.7077331542969,40.9259939759036
"baltimore",33,"xgboost",2,"continuous",41.8,50.2317848205566,40.9259939759036
"baltimore",33,"xgboost",2,"continuous",48,39.8002166748047,40.9259939759036
"baltimore",33,"xgboost",2,"continuous",28,49.1685180664062,40.9259939759036
"baltimore",33,"xgboost",2,"continuous",35,36.6265335083008,40.9259939759036
"baltimore",33,"xgboost",2,"continuous",46.5,57.9814987182617,40.9259939759036
"baltimore",33,"xgboost",2,"continuous",51.9,55.1594047546387,40.9259939759036
"baltimore",33,"xgboost",2,"continuous",33,48.3606872558594,40.9259939759036
"baltimore",33,"xgboost",2,"continuous",68.5,79.6409683227539,40.9259939759036
"baltimore",33,"xgboost",2,"continuous",64.5,55.9228515625,40.9259939759036
"baltimore",33,"xgboost",3,"continuous",47,23.1832885742188,45.4389534883721
"baltimore",33,"xgboost",3,"continuous",64.5,60.7993621826172,45.4389534883721
"baltimore",33,"xgboost",3,"continuous",65,48.684513092041,45.4389534883721
"baltimore",33,"xgboost",3,"continuous",36,36.2846298217773,45.4389534883721
"baltimore",33,"xgboost",3,"continuous",41.9,32.9466667175293,45.4389534883721
"baltimore",33,"xgboost",3,"continuous",53.5,43.7458801269531,45.4389534883721
"baltimore",33,"xgboost",3,"continuous",24.5,33.9396095275879,45.4389534883721
"baltimore",33,"xgboost",3,"continuous",24.5,37.9271354675293,45.4389534883721
"baltimore",33,"xgboost",3,"continuous",55.5,54.7133369445801,45.4389534883721
"baltimore",33,"xgboost",3,"continuous",60,61.3988304138184,45.4389534883721
"baltimore",33,"xgboost",3,"continuous",48,37.3085632324219,45.4389534883721
"baltimore",33,"xgboost",3,"continuous",53.5,40.3971519470215,45.4389534883721
"baltimore",33,"xgboost",3,"continuous",34.5,44.1413192749023,45.4389534883721
"baltimore",33,"xgboost",3,"continuous",53,25.974967956543,45.4389534883721
"baltimore",33,"xgboost",3,"continuous",24,37.2479667663574,45.4389534883721
"baltimore",33,"xgboost",3,"continuous",41,48.4220695495605,45.4389534883721
"baltimore",33,"xgboost",3,"continuous",30,27.9246768951416,45.4389534883721
"baltimore",33,"xgboost",3,"continuous",15.2,28.5908470153809,45.4389534883721
"baltimore",33,"xgboost",3,"continuous",22,20.4755210876465,45.4389534883721
"baltimore",33,"xgboost",3,"continuous",24.9,30.4910678863525,45.4389534883721
"baltimore",33,"xgboost",3,"continuous",6.7,21.063814163208,45.4389534883721
"baltimore",33,"xgboost",3,"continuous",32.5,32.1044387817383,45.4389534883721
"baltimore",33,"xgboost",3,"continuous",16.5,15.4994764328003,45.4389534883721
"baltimore",33,"xgboost",3,"continuous",67.5,39.9523963928223,45.4389534883721
"baltimore",33,"xgboost",3,"continuous",29.9,41.4602584838867,45.4389534883721
"baltimore",33,"xgboost",3,"continuous",43.9,46.6308250427246,45.4389534883721
"baltimore",33,"xgboost",3,"continuous",57,46.4431228637695,45.4389534883721
"baltimore",33,"xgboost",3,"continuous",35,31.512638092041,45.4389534883721
"baltimore",33,"xgboost",3,"continuous",35.1,33.9323348999023,45.4389534883721
"baltimore",33,"xgboost",3,"continuous",42.6,38.5897827148438,45.4389534883721
"baltimore",33,"xgboost",3,"continuous",43,39.603385925293,45.4389534883721
"baltimore",33,"xgboost",3,"continuous",45,46.9325828552246,45.4389534883721
"baltimore",33,"xgboost",3,"continuous",42,42.5054779052734,45.4389534883721
"baltimore",33,"xgboost",3,"continuous",38.9,31.0532035827637,45.4389534883721
"baltimore",33,"xgboost",3,"continuous",37.5,67.8392944335938,45.4389534883721
"baltimore",33,"xgboost",3,"continuous",39,43.5081329345703,45.4389534883721
"baltimore",33,"xgboost",3,"continuous",43.215,30.1803245544434,45.4389534883721
"baltimore",33,"xgboost",3,"continuous",30,42.8885955810547,45.4389534883721
"baltimore",33,"xgboost",3,"continuous",29.5,35.6822204589844,45.4389534883721
"baltimore",33,"xgboost",4,"continuous",51,59.5532417297363,45.9237719298246
"baltimore",33,"xgboost",4,"continuous",49.6,56.1069221496582,45.9237719298246
"baltimore",33,"xgboost",4,"continuous",52,59.9010543823242,45.9237719298246
"baltimore",33,"xgboost",4,"continuous",42.9,37.7665977478027,45.9237719298246
"baltimore",33,"xgboost",4,"continuous",44.9,52.4717559814453,45.9237719298246
"baltimore",33,"xgboost",4,"continuous",55,52.6466293334961,45.9237719298246
"baltimore",33,"xgboost",4,"continuous",35.5,48.6086387634277,45.9237719298246
"baltimore",33,"xgboost",4,"continuous",62.9,47.4580345153809,45.9237719298246
"baltimore",33,"xgboost",4,"continuous",110,107.211692810059,45.9237719298246
"baltimore",33,"xgboost",4,"continuous",67.7,58.4786834716797,45.9237719298246
"baltimore",33,"xgboost",4,"continuous",70,34.3979415893555,45.9237719298246
"baltimore",33,"xgboost",4,"continuous",74,88.8765182495117,45.9237719298246
"baltimore",33,"xgboost",4,"continuous",22.9,14.6709241867065,45.9237719298246
"baltimore",33,"xgboost",4,"continuous",13,9.91685390472412,45.9237719298246
"baltimore",33,"xgboost",4,"continuous",24,32.9895439147949,45.9237719298246
"baltimore",33,"xgboost",4,"continuous",33.5,31.783805847168,45.9237719298246
"baltimore",33,"xgboost",4,"continuous",18.6,17.4788475036621,45.9237719298246
"baltimore",33,"xgboost",4,"continuous",16,32.1824378967285,45.9237719298246
"baltimore",33,"xgboost",4,"continuous",30,30.6684398651123,45.9237719298246
"baltimore",33,"xgboost",4,"continuous",59,28.6747379302979,45.9237719298246
"baltimore",33,"xgboost",4,"continuous",29.5,40.6835517883301,45.9237719298246
"baltimore",33,"xgboost",4,"continuous",26,28.3048267364502,45.9237719298246
"baltimore",33,"xgboost",4,"continuous",21.5,19.5131359100342,45.9237719298246
"baltimore",33,"xgboost",4,"continuous",9,18.453577041626,45.9237719298246
"baltimore",33,"xgboost",4,"continuous",11,26.9831714630127,45.9237719298246
"baltimore",33,"xgboost",4,"continuous",30.9,17.3977394104004,45.9237719298246
"baltimore",33,"xgboost",4,"continuous",31.65,23.2404632568359,45.9237719298246
"baltimore",33,"xgboost",4,"continuous",45.5,34.3628807067871,45.9237719298246
"baltimore",33,"xgboost",4,"continuous",57,37.8830337524414,45.9237719298246
"baltimore",33,"xgboost",4,"continuous",29.9,30.872745513916,45.9237719298246
"baltimore",33,"xgboost",4,"continuous",30,30.1329765319824,45.9237719298246
"baltimore",33,"xgboost",4,"continuous",34,29.1392097473145,45.9237719298246
"baltimore",33,"xgboost",4,"continuous",32.9,26.4354057312012,45.9237719298246
"baltimore",33,"xgboost",4,"continuous",22,16.5740146636963,45.9237719298246
"baltimore",33,"xgboost",4,"continuous",32.6,32.2581024169922,45.9237719298246
"baltimore",33,"xgboost",4,"continuous",25.9,19.5131359100342,45.9237719298246
"baltimore",33,"xgboost",4,"continuous",27.5,44.163516998291,45.9237719298246
"baltimore",33,"xgboost",4,"continuous",31.5,31.4706020355225,45.9237719298246
"baltimore",33,"xgboost",4,"continuous",8.5,27.6472301483154,45.9237719298246
"baltimore",33,"xgboost",4,"continuous",26.5,41.0592422485352,45.9237719298246
"baltimore",33,"xgboost",5,"continuous",3.5,31.7470531463623,47.2370606060606
"baltimore",33,"xgboost",5,"continuous",12.8,16.0805759429932,47.2370606060606
"baltimore",33,"xgboost",5,"continuous",17.5,9.80894565582275,47.2370606060606
"baltimore",33,"xgboost",5,"continuous",50,34.9190902709961,47.2370606060606
"baltimore",33,"xgboost",5,"continuous",9.6,12.1764545440674,47.2370606060606
"baltimore",33,"xgboost",5,"continuous",30,31.5793933868408,47.2370606060606
"baltimore",33,"xgboost",5,"continuous",39,50.7756195068359,47.2370606060606
"baltimore",33,"xgboost",5,"continuous",48.9,46.9858627319336,47.2370606060606
"baltimore",33,"xgboost",5,"continuous",33.5,31.7918338775635,47.2370606060606
"baltimore",33,"xgboost",5,"continuous",46,46.9938011169434,47.2370606060606
"baltimore",33,"xgboost",5,"continuous",54,48.6548805236816,47.2370606060606
"baltimore",33,"xgboost",5,"continuous",57.9,47.2678031921387,47.2370606060606
"baltimore",33,"xgboost",5,"continuous",32,31.5501613616943,47.2370606060606
"baltimore",33,"xgboost",5,"continuous",31,38.0578079223633,47.2370606060606
"baltimore",33,"xgboost",5,"continuous",34,39.495246887207,47.2370606060606
"baltimore",33,"xgboost",5,"continuous",35.4,31.7543106079102,47.2370606060606
"baltimore",33,"xgboost",5,"continuous",16,40.0175895690918,47.2370606060606
"baltimore",33,"xgboost",5,"continuous",35,45.4516258239746,47.2370606060606
"baltimore",33,"xgboost",5,"continuous",35,28.2400512695312,47.2370606060606
"baltimore",33,"xgboost",5,"continuous",36.5,34.7115364074707,47.2370606060606
"baltimore",33,"xgboost",5,"continuous",35.9,43.5215263366699,47.2370606060606
"baltimore",33,"xgboost",5,"continuous",45,46.9451065063477,47.2370606060606
"baltimore",33,"xgboost",5,"continuous",40,46.2602653503418,47.2370606060606
"baltimore",33,"xgboost",5,"continuous",35,37.3853759765625,47.2370606060606
"baltimore",33,"xgboost",5,"continuous",38,37.5466804504395,47.2370606060606
"baltimore",33,"xgboost",5,"continuous",37,28.1199035644531,47.2370606060606
"baltimore",33,"xgboost",5,"continuous",23,48.9211311340332,47.2370606060606
"baltimore",33,"xgboost",5,"continuous",25.5,24.7087688446045,47.2370606060606
"baltimore",33,"xgboost",5,"continuous",39.5,29.9676647186279,47.2370606060606
"baltimore",33,"xgboost",5,"continuous",13.4,13.0809030532837,47.2370606060606
"baltimore",33,"xgboost",5,"continuous",12.5,11.0085182189941,47.2370606060606
"baltimore",33,"xgboost",5,"continuous",28.5,39.3459358215332,47.2370606060606
"baltimore",33,"xgboost",5,"continuous",23,12.0749044418335,47.2370606060606
"baltimore",33,"xgboost",5,"continuous",33.5,31.0452899932861,47.2370606060606
"baltimore",33,"xgboost",5,"continuous",9,13.000617980957,47.2370606060606
"baltimore",33,"xgboost",5,"continuous",51,61.8778533935547,47.2370606060606
"baltimore",33,"xgboost",5,"continuous",64.5,52.5051116943359,47.2370606060606
"baltimore",33,"xgboost",5,"continuous",56.5,50.5852241516113,47.2370606060606
"baltimore",33,"xgboost",5,"continuous",51.5,42.1604156494141,47.2370606060606
"baltimore",33,"xgboost",5,"continuous",69,66.1646957397461,47.2370606060606
"baltimore",33,"xgboost",5,"continuous",37.5,30.7761344909668,47.2370606060606
"baltimore",33,"xgboost",5,"continuous",39.9,25.0349349975586,47.2370606060606
"baltimore",33,"xgboost",5,"continuous",38.5,35.8129615783691,47.2370606060606
"baltimore",33,"xgboost",5,"continuous",21.5,9.7411003112793,47.2370606060606
"baltimore",33,"xgboost",5,"continuous",22.9,43.3263854980469,47.2370606060606
"baltimore",33,"xgboost",5,"continuous",5.5,9.33714771270752,47.2370606060606
"baltimore",33,"sar_lag",1,"continuous",107,66.2992022421491,41.9939117647059
"baltimore",33,"sar_lag",1,"continuous",112,78.3067539948073,41.9939117647059
"baltimore",33,"sar_lag",1,"continuous",39,65.8997546986443,41.9939117647059
"baltimore",33,"sar_lag",1,"continuous",8,51.0001220392402,41.9939117647059
"baltimore",33,"sar_lag",1,"continuous",62,70.2089425329506,41.9939117647059
"baltimore",33,"sar_lag",1,"continuous",60,55.1428310406873,41.9939117647059
"baltimore",33,"sar_lag",1,"continuous",85.9,62.8900470706665,41.9939117647059
"baltimore",33,"sar_lag",1,"continuous",57,61.5940745814729,41.9939117647059
"baltimore",33,"sar_lag",1,"continuous",110,86.9048397724561,41.9939117647059
"baltimore",33,"sar_lag",1,"continuous",89.5,93.0120248767708,41.9939117647059
"baltimore",33,"sar_lag",1,"continuous",38.9,55.5411359162134,41.9939117647059
"baltimore",33,"sar_lag",1,"continuous",20.7,45.7087977045375,41.9939117647059
"baltimore",33,"sar_lag",1,"continuous",49.9,84.9550543465057,41.9939117647059
"baltimore",33,"sar_lag",1,"continuous",39,58.5997027887153,41.9939117647059
"baltimore",33,"sar_lag",1,"continuous",33,41.2988019633892,41.9939117647059
"baltimore",33,"sar_lag",1,"continuous",33.4,30.6486570204747,41.9939117647059
"baltimore",33,"sar_lag",1,"continuous",47,32.6735603033475,41.9939117647059
"baltimore",33,"sar_lag",1,"continuous",40,28.6776182309178,41.9939117647059
"baltimore",33,"sar_lag",1,"continuous",46,44.7727242716244,41.9939117647059
"baltimore",33,"sar_lag",1,"continuous",57.5,50.3328460636356,41.9939117647059
"baltimore",33,"sar_lag",1,"continuous",85.5,85.7912554814872,41.9939117647059
"baltimore",33,"sar_lag",1,"continuous",61,47.2251016015956,41.9939117647059
"baltimore",33,"sar_lag",1,"continuous",38,37.0662759409348,41.9939117647059
"baltimore",33,"sar_lag",1,"continuous",60.4,57.1680846954393,41.9939117647059
"baltimore",33,"sar_lag",1,"continuous",54,65.3495832151877,41.9939117647059
"baltimore",33,"sar_lag",1,"continuous",56,33.8916261784563,41.9939117647059
"baltimore",33,"sar_lag",1,"continuous",27.9,34.0473103743561,41.9939117647059
"baltimore",33,"sar_lag",1,"continuous",57,43.6731970678909,41.9939117647059
"baltimore",33,"sar_lag",1,"continuous",47,41.1341352548291,41.9939117647059
"baltimore",33,"sar_lag",1,"continuous",43.5,39.4170411280488,41.9939117647059
"baltimore",33,"sar_lag",1,"continuous",44.25,39.3313925746595,41.9939117647059
"baltimore",33,"sar_lag",1,"continuous",61,55.6957514209802,41.9939117647059
"baltimore",33,"sar_lag",1,"continuous",40,48.1215551654843,41.9939117647059
"baltimore",33,"sar_lag",1,"continuous",44.5,57.7650612797706,41.9939117647059
"baltimore",33,"sar_lag",1,"continuous",40,41.9555768010436,41.9939117647059
"baltimore",33,"sar_lag",1,"continuous",50,40.6456479800415,41.9939117647059
"baltimore",33,"sar_lag",1,"continuous",58,43.856201593193,41.9939117647059
"baltimore",33,"sar_lag",1,"continuous",58,41.7925032328413,41.9939117647059
"baltimore",33,"sar_lag",1,"continuous",55,39.1149863355161,41.9939117647059
"baltimore",33,"sar_lag",1,"continuous",54,50.3132673515142,41.9939117647059
"baltimore",33,"sar_lag",1,"continuous",39,33.9833670216971,41.9939117647059
"baltimore",33,"sar_lag",2,"continuous",113,101.170329780498,40.9259939759036
"baltimore",33,"sar_lag",2,"continuous",165,66.1511454405678,40.9259939759036
"baltimore",33,"sar_lag",2,"continuous",104.3,85.6468266093371,40.9259939759036
"baltimore",33,"sar_lag",2,"continuous",62.5,73.760975243901,40.9259939759036
"baltimore",33,"sar_lag",2,"continuous",70,80.4131175405979,40.9259939759036
"baltimore",33,"sar_lag",2,"continuous",127.5,94.6390150387492,40.9259939759036
"baltimore",33,"sar_lag",2,"continuous",53,62.8802476014066,40.9259939759036
"baltimore",33,"sar_lag",2,"continuous",145,110.701084732786,40.9259939759036
"baltimore",33,"sar_lag",2,"continuous",63.5,62.1819431594323,40.9259939759036
"baltimore",33,"sar_lag",2,"continuous",58.9,64.2943729777203,40.9259939759036
"baltimore",33,"sar_lag",2,"continuous",52,50.8728122118304,40.9259939759036
"baltimore",33,"sar_lag",2,"continuous",48,42.7095587789291,40.9259939759036
"baltimore",33,"sar_lag",2,"continuous",46,68.0357225214916,40.9259939759036
"baltimore",33,"sar_lag",2,"continuous",46,47.489981338971,40.9259939759036
"baltimore",33,"sar_lag",2,"continuous",44,49.0084222191945,40.9259939759036
"baltimore",33,"sar_lag",2,"continuous",54.9,56.1190984352666,40.9259939759036
"baltimore",33,"sar_lag",2,"continuous",42.5,44.6976356642895,40.9259939759036
"baltimore",33,"sar_lag",2,"continuous",44,53.0680020167271,40.9259939759036
"baltimore",33,"sar_lag",2,"continuous",44.9,42.8601053751449,40.9259939759036
"baltimore",33,"sar_lag",2,"continuous",37.9,40.6595561467964,40.9259939759036
"baltimore",33,"sar_lag",2,"continuous",33,66.7945839029062,40.9259939759036
"baltimore",33,"sar_lag",2,"continuous",43.9,72.3902099563061,40.9259939759036
"baltimore",33,"sar_lag",2,"continuous",45.5,51.0694220386749,40.9259939759036
"baltimore",33,"sar_lag",2,"continuous",37.5,57.5789604926333,40.9259939759036
"baltimore",33,"sar_lag",2,"continuous",35.9,48.2638196689028,40.9259939759036
"baltimore",33,"sar_lag",2,"continuous",102,95.4095142678289,40.9259939759036
"baltimore",33,"sar_lag",2,"continuous",87.5,44.6739538839664,40.9259939759036
"baltimore",33,"sar_lag",2,"continuous",34,36.3446620586148,40.9259939759036
"baltimore",33,"sar_lag",2,"continuous",18.9,39.5079518176087,40.9259939759036
"baltimore",33,"sar_lag",2,"continuous",41.5,63.5209303581426,40.9259939759036
"baltimore",33,"sar_lag",2,"continuous",53,81.6962013598612,40.9259939759036
"baltimore",33,"sar_lag",2,"continuous",37.9,53.0913554066739,40.9259939759036
"baltimore",33,"sar_lag",2,"continuous",29,30.3324343832505,40.9259939759036
"baltimore",33,"sar_lag",2,"continuous",32.5,36.6634249684418,40.9259939759036
"baltimore",33,"sar_lag",2,"continuous",51.9,57.6564503840795,40.9259939759036
"baltimore",33,"sar_lag",2,"continuous",31,31.5585037012689,40.9259939759036
"baltimore",33,"sar_lag",2,"continuous",41.8,46.792565858435,40.9259939759036
"baltimore",33,"sar_lag",2,"continuous",48,34.3467101593511,40.9259939759036
"baltimore",33,"sar_lag",2,"continuous",28,44.6240456302538,40.9259939759036
"baltimore",33,"sar_lag",2,"continuous",35,39.6583552861336,40.9259939759036
"baltimore",33,"sar_lag",2,"continuous",46.5,75.3629127776519,40.9259939759036
"baltimore",33,"sar_lag",2,"continuous",51.9,72.95222014412,40.9259939759036
"baltimore",33,"sar_lag",2,"continuous",33,43.0367334334766,40.9259939759036
"baltimore",33,"sar_lag",2,"continuous",68.5,82.4783449961402,40.9259939759036
"baltimore",33,"sar_lag",2,"continuous",64.5,60.5273682632971,40.9259939759036
"baltimore",33,"sar_lag",3,"continuous",47,-1.1504176100226,45.4389534883721
"baltimore",33,"sar_lag",3,"continuous",64.5,63.1761719905937,45.4389534883721
"baltimore",33,"sar_lag",3,"continuous",65,35.7258096900062,45.4389534883721
"baltimore",33,"sar_lag",3,"continuous",36,35.3638220231377,45.4389534883721
"baltimore",33,"sar_lag",3,"continuous",41.9,31.5981684064978,45.4389534883721
"baltimore",33,"sar_lag",3,"continuous",53.5,37.8379722084335,45.4389534883721
"baltimore",33,"sar_lag",3,"continuous",24.5,31.4036819155376,45.4389534883721
"baltimore",33,"sar_lag",3,"continuous",24.5,33.8766357375054,45.4389534883721
"baltimore",33,"sar_lag",3,"continuous",55.5,51.2679456991319,45.4389534883721
"baltimore",33,"sar_lag",3,"continuous",60,88.5370724737434,45.4389534883721
"baltimore",33,"sar_lag",3,"continuous",48,43.4083218592936,45.4389534883721
"baltimore",33,"sar_lag",3,"continuous",53.5,29.5304665467311,45.4389534883721
"baltimore",33,"sar_lag",3,"continuous",34.5,41.356770148715,45.4389534883721
"baltimore",33,"sar_lag",3,"continuous",53,30.2227429550779,45.4389534883721
"baltimore",33,"sar_lag",3,"continuous",24,34.4849280661331,45.4389534883721
"baltimore",33,"sar_lag",3,"continuous",41,38.6369285178442,45.4389534883721
"baltimore",33,"sar_lag",3,"continuous",30,33.3735315681586,45.4389534883721
"baltimore",33,"sar_lag",3,"continuous",15.2,23.814972654525,45.4389534883721
"baltimore",33,"sar_lag",3,"continuous",22,31.4183379829431,45.4389534883721
"baltimore",33,"sar_lag",3,"continuous",24.9,27.6005606209527,45.4389534883721
"baltimore",33,"sar_lag",3,"continuous",6.7,27.8856493048762,45.4389534883721
"baltimore",33,"sar_lag",3,"continuous",32.5,32.2527866429269,45.4389534883721
"baltimore",33,"sar_lag",3,"continuous",16.5,20.9339863393881,45.4389534883721
"baltimore",33,"sar_lag",3,"continuous",67.5,31.3347257056457,45.4389534883721
"baltimore",33,"sar_lag",3,"continuous",29.9,30.7887801875239,45.4389534883721
"baltimore",33,"sar_lag",3,"continuous",43.9,41.9894574022076,45.4389534883721
"baltimore",33,"sar_lag",3,"continuous",57,32.4837534146164,45.4389534883721
"baltimore",33,"sar_lag",3,"continuous",35,26.6852499289946,45.4389534883721
"baltimore",33,"sar_lag",3,"continuous",35.1,32.1051509295439,45.4389534883721
"baltimore",33,"sar_lag",3,"continuous",42.6,28.7263245410587,45.4389534883721
"baltimore",33,"sar_lag",3,"continuous",43,33.1398531376381,45.4389534883721
"baltimore",33,"sar_lag",3,"continuous",45,38.8967199167724,45.4389534883721
"baltimore",33,"sar_lag",3,"continuous",42,32.6411962801924,45.4389534883721
"baltimore",33,"sar_lag",3,"continuous",38.9,32.6191491290433,45.4389534883721
"baltimore",33,"sar_lag",3,"continuous",37.5,55.4823201748113,45.4389534883721
"baltimore",33,"sar_lag",3,"continuous",39,41.9896758274251,45.4389534883721
"baltimore",33,"sar_lag",3,"continuous",43.215,53.0553892960118,45.4389534883721
"baltimore",33,"sar_lag",3,"continuous",30,38.6169118087942,45.4389534883721
"baltimore",33,"sar_lag",3,"continuous",29.5,32.3532579133124,45.4389534883721
"baltimore",33,"sar_lag",4,"continuous",51,52.7293220817709,45.9237719298246
"baltimore",33,"sar_lag",4,"continuous",49.6,51.6245326766837,45.9237719298246
"baltimore",33,"sar_lag",4,"continuous",52,59.034312162443,45.9237719298246
"baltimore",33,"sar_lag",4,"continuous",42.9,43.7265029882568,45.9237719298246
"baltimore",33,"sar_lag",4,"continuous",44.9,48.515358083366,45.9237719298246
"baltimore",33,"sar_lag",4,"continuous",55,52.5783062119458,45.9237719298246
"baltimore",33,"sar_lag",4,"continuous",35.5,47.3079125503283,45.9237719298246
"baltimore",33,"sar_lag",4,"continuous",62.9,67.8162960715744,45.9237719298246
"baltimore",33,"sar_lag",4,"continuous",110,85.9311942982227,45.9237719298246
"baltimore",33,"sar_lag",4,"continuous",67.7,51.6259708538338,45.9237719298246
"baltimore",33,"sar_lag",4,"continuous",70,56.6218848527962,45.9237719298246
"baltimore",33,"sar_lag",4,"continuous",74,80.0245792388962,45.9237719298246
"baltimore",33,"sar_lag",4,"continuous",22.9,41.7036621171092,45.9237719298246
"baltimore",33,"sar_lag",4,"continuous",13,34.7367389459148,45.9237719298246
"baltimore",33,"sar_lag",4,"continuous",24,35.5547100907496,45.9237719298246
"baltimore",33,"sar_lag",4,"continuous",33.5,36.7816485277797,45.9237719298246
"baltimore",33,"sar_lag",4,"continuous",18.6,29.0751419482737,45.9237719298246
"baltimore",33,"sar_lag",4,"continuous",16,31.2876812271598,45.9237719298246
"baltimore",33,"sar_lag",4,"continuous",30,33.4066633362966,45.9237719298246
"baltimore",33,"sar_lag",4,"continuous",59,33.4685075113871,45.9237719298246
"baltimore",33,"sar_lag",4,"continuous",29.5,36.3557507327193,45.9237719298246
"baltimore",33,"sar_lag",4,"continuous",26,39.7164962873405,45.9237719298246
"baltimore",33,"sar_lag",4,"continuous",21.5,27.2864519061438,45.9237719298246
"baltimore",33,"sar_lag",4,"continuous",9,29.4966364137567,45.9237719298246
"baltimore",33,"sar_lag",4,"continuous",11,26.9420866517699,45.9237719298246
"baltimore",33,"sar_lag",4,"continuous",30.9,24.8959122365603,45.9237719298246
"baltimore",33,"sar_lag",4,"continuous",31.65,37.0552086193859,45.9237719298246
"baltimore",33,"sar_lag",4,"continuous",45.5,43.5923466881238,45.9237719298246
"baltimore",33,"sar_lag",4,"continuous",57,32.1683318598453,45.9237719298246
"baltimore",33,"sar_lag",4,"continuous",29.9,27.8078214135814,45.9237719298246
"baltimore",33,"sar_lag",4,"continuous",30,28.31952302305,45.9237719298246
"baltimore",33,"sar_lag",4,"continuous",34,36.4924035137037,45.9237719298246
"baltimore",33,"sar_lag",4,"continuous",32.9,29.7353608169946,45.9237719298246
"baltimore",33,"sar_lag",4,"continuous",22,31.7196708412692,45.9237719298246
"baltimore",33,"sar_lag",4,"continuous",32.6,35.0095539666386,45.9237719298246
"baltimore",33,"sar_lag",4,"continuous",25.9,26.4900111935281,45.9237719298246
"baltimore",33,"sar_lag",4,"continuous",27.5,26.6756014564325,45.9237719298246
"baltimore",33,"sar_lag",4,"continuous",31.5,29.3551418624602,45.9237719298246
"baltimore",33,"sar_lag",4,"continuous",8.5,20.8017636830159,45.9237719298246
"baltimore",33,"sar_lag",4,"continuous",26.5,12.6638835861602,45.9237719298246
"baltimore",33,"sar_lag",5,"continuous",3.5,25.6216861951827,47.2370606060606
"baltimore",33,"sar_lag",5,"continuous",12.8,30.3933297008834,47.2370606060606
"baltimore",33,"sar_lag",5,"continuous",17.5,20.6561239750281,47.2370606060606
"baltimore",33,"sar_lag",5,"continuous",50,38.8409304727576,47.2370606060606
"baltimore",33,"sar_lag",5,"continuous",9.6,22.030133396823,47.2370606060606
"baltimore",33,"sar_lag",5,"continuous",30,36.8801006733825,47.2370606060606
"baltimore",33,"sar_lag",5,"continuous",39,27.3065725536057,47.2370606060606
"baltimore",33,"sar_lag",5,"continuous",48.9,36.1804232079679,47.2370606060606
"baltimore",33,"sar_lag",5,"continuous",33.5,23.4157933234666,47.2370606060606
"baltimore",33,"sar_lag",5,"continuous",46,43.5973758849921,47.2370606060606
"baltimore",33,"sar_lag",5,"continuous",54,28.1326776570275,47.2370606060606
"baltimore",33,"sar_lag",5,"continuous",57.9,42.8980668087442,47.2370606060606
"baltimore",33,"sar_lag",5,"continuous",32,22.9333388298419,47.2370606060606
"baltimore",33,"sar_lag",5,"continuous",31,28.4568876738634,47.2370606060606
"baltimore",33,"sar_lag",5,"continuous",34,27.6467453437769,47.2370606060606
"baltimore",33,"sar_lag",5,"continuous",35.4,25.6007483214494,47.2370606060606
"baltimore",33,"sar_lag",5,"continuous",16,28.5183689708303,47.2370606060606
"baltimore",33,"sar_lag",5,"continuous",35,28.5816112900419,47.2370606060606
"baltimore",33,"sar_lag",5,"continuous",35,23.8212584668823,47.2370606060606
"baltimore",33,"sar_lag",5,"continuous",36.5,32.4665686355921,47.2370606060606
"baltimore",33,"sar_lag",5,"continuous",35.9,27.5913644719815,47.2370606060606
"baltimore",33,"sar_lag",5,"continuous",45,27.3875582787343,47.2370606060606
"baltimore",33,"sar_lag",5,"continuous",40,25.7812014797661,47.2370606060606
"baltimore",33,"sar_lag",5,"continuous",35,27.5108001290226,47.2370606060606
"baltimore",33,"sar_lag",5,"continuous",38,32.8771316685754,47.2370606060606
"baltimore",33,"sar_lag",5,"continuous",37,25.8058611411434,47.2370606060606
"baltimore",33,"sar_lag",5,"continuous",23,33.8710266843074,47.2370606060606
"baltimore",33,"sar_lag",5,"continuous",25.5,23.3061667860363,47.2370606060606
"baltimore",33,"sar_lag",5,"continuous",39.5,26.600235990486,47.2370606060606
"baltimore",33,"sar_lag",5,"continuous",13.4,20.4110127975147,47.2370606060606
"baltimore",33,"sar_lag",5,"continuous",12.5,22.9439327284922,47.2370606060606
"baltimore",33,"sar_lag",5,"continuous",28.5,33.0859053773025,47.2370606060606
"baltimore",33,"sar_lag",5,"continuous",23,26.0947577783495,47.2370606060606
"baltimore",33,"sar_lag",5,"continuous",33.5,32.391014017597,47.2370606060606
"baltimore",33,"sar_lag",5,"continuous",9,21.9637151978968,47.2370606060606
"baltimore",33,"sar_lag",5,"continuous",51,64.0294985147101,47.2370606060606
"baltimore",33,"sar_lag",5,"continuous",64.5,50.5167903185835,47.2370606060606
"baltimore",33,"sar_lag",5,"continuous",56.5,34.3029710861678,47.2370606060606
"baltimore",33,"sar_lag",5,"continuous",51.5,29.3008225126968,47.2370606060606
"baltimore",33,"sar_lag",5,"continuous",69,55.125023239854,47.2370606060606
"baltimore",33,"sar_lag",5,"continuous",37.5,37.1542942294387,47.2370606060606
"baltimore",33,"sar_lag",5,"continuous",39.9,30.0839918433694,47.2370606060606
"baltimore",33,"sar_lag",5,"continuous",38.5,27.0928619168879,47.2370606060606
"baltimore",33,"sar_lag",5,"continuous",21.5,24.3912429395024,47.2370606060606
"baltimore",33,"sar_lag",5,"continuous",22.9,19.1156530731584,47.2370606060606
"baltimore",33,"sar_lag",5,"continuous",5.5,18.1066027785624,47.2370606060606
"baltimore",33,"sem_error",1,"continuous",107,73.9114131666268,41.9939117647059
"baltimore",33,"sem_error",1,"continuous",112,71.8119633813696,41.9939117647059
"baltimore",33,"sem_error",1,"continuous",39,58.5477933200525,41.9939117647059
"baltimore",33,"sem_error",1,"continuous",8,38.6443041403253,41.9939117647059
"baltimore",33,"sem_error",1,"continuous",62,63.8306138334074,41.9939117647059
"baltimore",33,"sem_error",1,"continuous",60,45.7616545344329,41.9939117647059
"baltimore",33,"sem_error",1,"continuous",85.9,55.1828533200119,41.9939117647059
"baltimore",33,"sem_error",1,"continuous",57,53.2414327033264,41.9939117647059
"baltimore",33,"sem_error",1,"continuous",110,77.587128828335,41.9939117647059
"baltimore",33,"sem_error",1,"continuous",89.5,92.1959114879675,41.9939117647059
"baltimore",33,"sem_error",1,"continuous",38.9,44.6951992029077,41.9939117647059
"baltimore",33,"sem_error",1,"continuous",20.7,36.8053732855638,41.9939117647059
"baltimore",33,"sem_error",1,"continuous",49.9,75.4662117134517,41.9939117647059
"baltimore",33,"sem_error",1,"continuous",39,49.7460801074785,41.9939117647059
"baltimore",33,"sem_error",1,"continuous",33,30.4430650991033,41.9939117647059
"baltimore",33,"sem_error",1,"continuous",33.4,29.8716104398638,41.9939117647059
"baltimore",33,"sem_error",1,"continuous",47,38.6854797495315,41.9939117647059
"baltimore",33,"sem_error",1,"continuous",40,31.9367430868348,41.9939117647059
"baltimore",33,"sem_error",1,"continuous",46,36.9597517166847,41.9939117647059
"baltimore",33,"sem_error",1,"continuous",57.5,41.6025093197321,41.9939117647059
"baltimore",33,"sem_error",1,"continuous",85.5,81.8746969765806,41.9939117647059
"baltimore",33,"sem_error",1,"continuous",61,42.731469947907,41.9939117647059
"baltimore",33,"sem_error",1,"continuous",38,33.591817002402,41.9939117647059
"baltimore",33,"sem_error",1,"continuous",60.4,55.9259021160501,41.9939117647059
"baltimore",33,"sem_error",1,"continuous",54,56.9397750056364,41.9939117647059
"baltimore",33,"sem_error",1,"continuous",56,34.7591074632851,41.9939117647059
"baltimore",33,"sem_error",1,"continuous",27.9,33.9013275895399,41.9939117647059
"baltimore",33,"sem_error",1,"continuous",57,42.9638524481188,41.9939117647059
"baltimore",33,"sem_error",1,"continuous",47,38.5209824496287,41.9939117647059
"baltimore",33,"sem_error",1,"continuous",43.5,38.354983227281,41.9939117647059
"baltimore",33,"sem_error",1,"continuous",44.25,39.4351772169734,41.9939117647059
"baltimore",33,"sem_error",1,"continuous",61,56.3910957905478,41.9939117647059
"baltimore",33,"sem_error",1,"continuous",40,47.0978681048134,41.9939117647059
"baltimore",33,"sem_error",1,"continuous",44.5,58.5552133829839,41.9939117647059
"baltimore",33,"sem_error",1,"continuous",40,38.6775794293235,41.9939117647059
"baltimore",33,"sem_error",1,"continuous",50,38.9954351178891,41.9939117647059
"baltimore",33,"sem_error",1,"continuous",58,47.5575798978259,41.9939117647059
"baltimore",33,"sem_error",1,"continuous",58,46.3387922420334,41.9939117647059
"baltimore",33,"sem_error",1,"continuous",55,39.0337626722956,41.9939117647059
"baltimore",33,"sem_error",1,"continuous",54,52.3078998958613,41.9939117647059
"baltimore",33,"sem_error",1,"continuous",39,35.7015361476256,41.9939117647059
"baltimore",33,"sem_error",2,"continuous",113,96.773783684021,40.9259939759036
"baltimore",33,"sem_error",2,"continuous",165,60.6178823058226,40.9259939759036
"baltimore",33,"sem_error",2,"continuous",104.3,83.6084333435581,40.9259939759036
"baltimore",33,"sem_error",2,"continuous",62.5,62.7429230005897,40.9259939759036
"baltimore",33,"sem_error",2,"continuous",70,71.7821252955222,40.9259939759036
"baltimore",33,"sem_error",2,"continuous",127.5,88.9120175755379,40.9259939759036
"baltimore",33,"sem_error",2,"continuous",53,56.7864798112127,40.9259939759036
"baltimore",33,"sem_error",2,"continuous",145,110.579725294726,40.9259939759036
"baltimore",33,"sem_error",2,"continuous",63.5,54.7265214565494,40.9259939759036
"baltimore",33,"sem_error",2,"continuous",58.9,61.5607006620893,40.9259939759036
"baltimore",33,"sem_error",2,"continuous",52,47.1211390566031,40.9259939759036
"baltimore",33,"sem_error",2,"continuous",48,34.4224036730875,40.9259939759036
"baltimore",33,"sem_error",2,"continuous",46,62.8117357599346,40.9259939759036
"baltimore",33,"sem_error",2,"continuous",46,44.1349781076662,40.9259939759036
"baltimore",33,"sem_error",2,"continuous",44,45.9944898744021,40.9259939759036
"baltimore",33,"sem_error",2,"continuous",54.9,53.9379105853981,40.9259939759036
"baltimore",33,"sem_error",2,"continuous",42.5,55.2464982679201,40.9259939759036
"baltimore",33,"sem_error",2,"continuous",44,48.8591107230292,40.9259939759036
"baltimore",33,"sem_error",2,"continuous",44.9,40.624450793693,40.9259939759036
"baltimore",33,"sem_error",2,"continuous",37.9,38.0051753022527,40.9259939759036
"baltimore",33,"sem_error",2,"continuous",33,64.1654967963819,40.9259939759036
"baltimore",33,"sem_error",2,"continuous",43.9,72.4782685188801,40.9259939759036
"baltimore",33,"sem_error",2,"continuous",45.5,48.6886532897414,40.9259939759036
"baltimore",33,"sem_error",2,"continuous",37.5,52.2009548374103,40.9259939759036
"baltimore",33,"sem_error",2,"continuous",35.9,46.002618232433,40.9259939759036
"baltimore",33,"sem_error",2,"continuous",102,95.3867108427942,40.9259939759036
"baltimore",33,"sem_error",2,"continuous",87.5,42.3161358382941,40.9259939759036
"baltimore",33,"sem_error",2,"continuous",34,31.965752540449,40.9259939759036
"baltimore",33,"sem_error",2,"continuous",18.9,36.5283678141392,40.9259939759036
"baltimore",33,"sem_error",2,"continuous",41.5,62.1182082115556,40.9259939759036
"baltimore",33,"sem_error",2,"continuous",53,83.7666153075689,40.9259939759036
"baltimore",33,"sem_error",2,"continuous",37.9,51.422993155817,40.9259939759036
"baltimore",33,"sem_error",2,"continuous",29,27.9079807528815,40.9259939759036
"baltimore",33,"sem_error",2,"continuous",32.5,33.1434691416625,40.9259939759036
"baltimore",33,"sem_error",2,"continuous",51.9,58.0566616639259,40.9259939759036
"baltimore",33,"sem_error",2,"continuous",31,30.6574141778585,40.9259939759036
"baltimore",33,"sem_error",2,"continuous",41.8,47.4592593133196,40.9259939759036
"baltimore",33,"sem_error",2,"continuous",48,33.656853360511,40.9259939759036
"baltimore",33,"sem_error",2,"continuous",28,37.303519789812,40.9259939759036
"baltimore",33,"sem_error",2,"continuous",35,35.875494313688,40.9259939759036
"baltimore",33,"sem_error",2,"continuous",46.5,70.9351727602206,40.9259939759036
"baltimore",33,"sem_error",2,"continuous",51.9,71.8208733995681,40.9259939759036
"baltimore",33,"sem_error",2,"continuous",33,37.5871464388303,40.9259939759036
"baltimore",33,"sem_error",2,"continuous",68.5,83.3236397544324,40.9259939759036
"baltimore",33,"sem_error",2,"continuous",64.5,55.0857805942783,40.9259939759036
"baltimore",33,"sem_error",3,"continuous",47,-10.9581134169319,45.4389534883721
"baltimore",33,"sem_error",3,"continuous",64.5,69.094027594209,45.4389534883721
"baltimore",33,"sem_error",3,"continuous",65,38.298082469284,45.4389534883721
"baltimore",33,"sem_error",3,"continuous",36,37.9998229781703,45.4389534883721
"baltimore",33,"sem_error",3,"continuous",41.9,29.8589766842553,45.4389534883721
"baltimore",33,"sem_error",3,"continuous",53.5,40.7156367750116,45.4389534883721
"baltimore",33,"sem_error",3,"continuous",24.5,30.1350845996226,45.4389534883721
"baltimore",33,"sem_error",3,"continuous",24.5,32.3701057197505,45.4389534883721
"baltimore",33,"sem_error",3,"continuous",55.5,60.0693692775935,45.4389534883721
"baltimore",33,"sem_error",3,"continuous",60,89.6655432474834,45.4389534883721
"baltimore",33,"sem_error",3,"continuous",48,39.5846481944577,45.4389534883721
"baltimore",33,"sem_error",3,"continuous",53.5,33.1619096316723,45.4389534883721
"baltimore",33,"sem_error",3,"continuous",34.5,46.1555666838372,45.4389534883721
"baltimore",33,"sem_error",3,"continuous",53,31.6006259644081,45.4389534883721
"baltimore",33,"sem_error",3,"continuous",24,36.7421545906562,45.4389534883721
"baltimore",33,"sem_error",3,"continuous",41,41.0566536749459,45.4389534883721
"baltimore",33,"sem_error",3,"continuous",30,36.8694414479353,45.4389534883721
"baltimore",33,"sem_error",3,"continuous",15.2,26.7669537934704,45.4389534883721
"baltimore",33,"sem_error",3,"continuous",22,34.619840108673,45.4389534883721
"baltimore",33,"sem_error",3,"continuous",24.9,31.0250773107167,45.4389534883721
"baltimore",33,"sem_error",3,"continuous",6.7,31.4860290976235,45.4389534883721
"baltimore",33,"sem_error",3,"continuous",32.5,35.5048672452128,45.4389534883721
"baltimore",33,"sem_error",3,"continuous",16.5,20.7609293282895,45.4389534883721
"baltimore",33,"sem_error",3,"continuous",67.5,33.5736756110908,45.4389534883721
"baltimore",33,"sem_error",3,"continuous",29.9,35.0243825802901,45.4389534883721
"baltimore",33,"sem_error",3,"continuous",43.9,43.6633861109869,45.4389534883721
"baltimore",33,"sem_error",3,"continuous",57,35.9743738559463,45.4389534883721
"baltimore",33,"sem_error",3,"continuous",35,28.5805681182722,45.4389534883721
"baltimore",33,"sem_error",3,"continuous",35.1,35.7180350313478,45.4389534883721
"baltimore",33,"sem_error",3,"continuous",42.6,31.1812436889808,45.4389534883721
"baltimore",33,"sem_error",3,"continuous",43,38.0117369173619,45.4389534883721
"baltimore",33,"sem_error",3,"continuous",45,40.9113555494532,45.4389534883721
"baltimore",33,"sem_error",3,"continuous",42,35.0243728846139,45.4389534883721
"baltimore",33,"sem_error",3,"continuous",38.9,32.7512324298632,45.4389534883721
"baltimore",33,"sem_error",3,"continuous",37.5,59.1801000260461,45.4389534883721
"baltimore",33,"sem_error",3,"continuous",39,47.5822667802161,45.4389534883721
"baltimore",33,"sem_error",3,"continuous",43.215,57.2084638891337,45.4389534883721
"baltimore",33,"sem_error",3,"continuous",30,40.8894870489991,45.4389534883721
"baltimore",33,"sem_error",3,"continuous",29.5,32.3319572070324,45.4389534883721
"baltimore",33,"sem_error",4,"continuous",51,58.9718101913331,45.9237719298246
"baltimore",33,"sem_error",4,"continuous",49.6,50.465828862644,45.9237719298246
"baltimore",33,"sem_error",4,"continuous",52,60.8106567795977,45.9237719298246
"baltimore",33,"sem_error",4,"continuous",42.9,44.0358446324991,45.9237719298246
"baltimore",33,"sem_error",4,"continuous",44.9,48.5625625138863,45.9237719298246
"baltimore",33,"sem_error",4,"continuous",55,47.2257618423282,45.9237719298246
"baltimore",33,"sem_error",4,"continuous",35.5,45.3435901019866,45.9237719298246
"baltimore",33,"sem_error",4,"continuous",62.9,68.1738285798509,45.9237719298246
"baltimore",33,"sem_error",4,"continuous",110,85.8916845299925,45.9237719298246
"baltimore",33,"sem_error",4,"continuous",67.7,45.5907258629065,45.9237719298246
"baltimore",33,"sem_error",4,"continuous",70,54.4190021546531,45.9237719298246
"baltimore",33,"sem_error",4,"continuous",74,78.798490035237,45.9237719298246
"baltimore",33,"sem_error",4,"continuous",22.9,29.1701721187133,45.9237719298246
"baltimore",33,"sem_error",4,"continuous",13,27.891446824053,45.9237719298246
"baltimore",33,"sem_error",4,"continuous",24,32.3605716510183,45.9237719298246
"baltimore",33,"sem_error",4,"continuous",33.5,40.0433774298546,45.9237719298246
"baltimore",33,"sem_error",4,"continuous",18.6,34.8582188010888,45.9237719298246
"baltimore",33,"sem_error",4,"continuous",16,36.9603180317683,45.9237719298246
"baltimore",33,"sem_error",4,"continuous",30,39.669906057718,45.9237719298246
"baltimore",33,"sem_error",4,"continuous",59,40.9531496253968,45.9237719298246
"baltimore",33,"sem_error",4,"continuous",29.5,41.4808641160453,45.9237719298246
"baltimore",33,"sem_error",4,"continuous",26,45.9618159771345,45.9237719298246
"baltimore",33,"sem_error",4,"continuous",21.5,31.5315512028663,45.9237719298246
"baltimore",33,"sem_error",4,"continuous",9,35.0744446456431,45.9237719298246
"baltimore",33,"sem_error",4,"continuous",11,30.8260600083856,45.9237719298246
"baltimore",33,"sem_error",4,"continuous",30.9,30.7048241384956,45.9237719298246
"baltimore",33,"sem_error",4,"continuous",31.65,43.8711529146101,45.9237719298246
"baltimore",33,"sem_error",4,"continuous",45.5,50.9661483109862,45.9237719298246
"baltimore",33,"sem_error",4,"continuous",57,40.494545581248,45.9237719298246
"baltimore",33,"sem_error",4,"continuous",29.9,34.0349918247768,45.9237719298246
"baltimore",33,"sem_error",4,"continuous",30,33.9023396862738,45.9237719298246
"baltimore",33,"sem_error",4,"continuous",34,42.5692007344531,45.9237719298246
"baltimore",33,"sem_error",4,"continuous",32.9,36.1322663736404,45.9237719298246
"baltimore",33,"sem_error",4,"continuous",22,37.7311924127185,45.9237719298246
"baltimore",33,"sem_error",4,"continuous",32.6,40.7779018646274,45.9237719298246
"baltimore",33,"sem_error",4,"continuous",25.9,31.5292332519094,45.9237719298246
"baltimore",33,"sem_error",4,"continuous",27.5,32.4441201131467,45.9237719298246
"baltimore",33,"sem_error",4,"continuous",31.5,37.3656767169079,45.9237719298246
"baltimore",33,"sem_error",4,"continuous",8.5,23.7046122245611,45.9237719298246
"baltimore",33,"sem_error",4,"continuous",26.5,33.0265313277124,45.9237719298246
"baltimore",33,"sem_error",5,"continuous",3.5,48.2764323514331,47.2370606060606
"baltimore",33,"sem_error",5,"continuous",12.8,37.0193272741518,47.2370606060606
"baltimore",33,"sem_error",5,"continuous",17.5,26.6040166775082,47.2370606060606
"baltimore",33,"sem_error",5,"continuous",50,48.4592304089047,47.2370606060606
"baltimore",33,"sem_error",5,"continuous",9.6,28.6302563377609,47.2370606060606
"baltimore",33,"sem_error",5,"continuous",30,42.8073373615467,47.2370606060606
"baltimore",33,"sem_error",5,"continuous",39,34.697114570768,47.2370606060606
"baltimore",33,"sem_error",5,"continuous",48.9,42.6210597276529,47.2370606060606
"baltimore",33,"sem_error",5,"continuous",33.5,30.5067863203006,47.2370606060606
"baltimore",33,"sem_error",5,"continuous",46,48.9183929234366,47.2370606060606
"baltimore",33,"sem_error",5,"continuous",54,36.3815542143282,47.2370606060606
"baltimore",33,"sem_error",5,"continuous",57.9,49.7495807807758,47.2370606060606
"baltimore",33,"sem_error",5,"continuous",32,29.8956987761944,47.2370606060606
"baltimore",33,"sem_error",5,"continuous",31,35.6586736715907,47.2370606060606
"baltimore",33,"sem_error",5,"continuous",34,35.7869273835539,47.2370606060606
"baltimore",33,"sem_error",5,"continuous",35.4,32.2389602928512,47.2370606060606
"baltimore",33,"sem_error",5,"continuous",16,35.6800366890821,47.2370606060606
"baltimore",33,"sem_error",5,"continuous",35,37.3434113010073,47.2370606060606
"baltimore",33,"sem_error",5,"continuous",35,30.07911634711,47.2370606060606
"baltimore",33,"sem_error",5,"continuous",36.5,39.9537075506298,47.2370606060606
"baltimore",33,"sem_error",5,"continuous",35.9,35.0761320584538,47.2370606060606
"baltimore",33,"sem_error",5,"continuous",45,34.8316406975399,47.2370606060606
"baltimore",33,"sem_error",5,"continuous",40,32.3089969537957,47.2370606060606
"baltimore",33,"sem_error",5,"continuous",35,33.1191680046209,47.2370606060606
"baltimore",33,"sem_error",5,"continuous",38,37.8760097668283,47.2370606060606
"baltimore",33,"sem_error",5,"continuous",37,31.6355425852663,47.2370606060606
"baltimore",33,"sem_error",5,"continuous",23,42.3399148216202,47.2370606060606
"baltimore",33,"sem_error",5,"continuous",25.5,29.3705137301617,47.2370606060606
"baltimore",33,"sem_error",5,"continuous",39.5,30.3876914218169,47.2370606060606
"baltimore",33,"sem_error",5,"continuous",13.4,23.8503098554491,47.2370606060606
"baltimore",33,"sem_error",5,"continuous",12.5,27.747812083897,47.2370606060606
"baltimore",33,"sem_error",5,"continuous",28.5,38.3056495825818,47.2370606060606
"baltimore",33,"sem_error",5,"continuous",23,31.8254874417345,47.2370606060606
"baltimore",33,"sem_error",5,"continuous",33.5,39.0991338137204,47.2370606060606
"baltimore",33,"sem_error",5,"continuous",9,26.1783709935348,47.2370606060606
"baltimore",33,"sem_error",5,"continuous",51,71.021140537333,47.2370606060606
"baltimore",33,"sem_error",5,"continuous",64.5,59.4379167826141,47.2370606060606
"baltimore",33,"sem_error",5,"continuous",56.5,42.451393041722,47.2370606060606
"baltimore",33,"sem_error",5,"continuous",51.5,38.9662818561869,47.2370606060606
"baltimore",33,"sem_error",5,"continuous",69,64.9967165801755,47.2370606060606
"baltimore",33,"sem_error",5,"continuous",37.5,41.3157021148534,47.2370606060606
"baltimore",33,"sem_error",5,"continuous",39.9,38.8002533526174,47.2370606060606
"baltimore",33,"sem_error",5,"continuous",38.5,36.0385319220064,47.2370606060606
"baltimore",33,"sem_error",5,"continuous",21.5,23.9639580093833,47.2370606060606
"baltimore",33,"sem_error",5,"continuous",22.9,23.1464196700639,47.2370606060606
"baltimore",33,"sem_error",5,"continuous",5.5,23.1937699990692,47.2370606060606
"baltimore",33,"inla_spde",1,"continuous",107,75.3000692844338,41.9939117647059
"baltimore",33,"inla_spde",1,"continuous",112,92.0077528594119,41.9939117647059
"baltimore",33,"inla_spde",1,"continuous",39,59.9344905675586,41.9939117647059
"baltimore",33,"inla_spde",1,"continuous",8,68.9807094674977,41.9939117647059
"baltimore",33,"inla_spde",1,"continuous",62,70.532043843812,41.9939117647059
"baltimore",33,"inla_spde",1,"continuous",60,46.3207221426112,41.9939117647059
"baltimore",33,"inla_spde",1,"continuous",85.9,76.1249147077068,41.9939117647059
"baltimore",33,"inla_spde",1,"continuous",57,66.0328638053469,41.9939117647059
"baltimore",33,"inla_spde",1,"continuous",110,84.3130453260501,41.9939117647059
"baltimore",33,"inla_spde",1,"continuous",89.5,76.6462243659877,41.9939117647059
"baltimore",33,"inla_spde",1,"continuous",38.9,63.9179418676878,41.9939117647059
"baltimore",33,"inla_spde",1,"continuous",20.7,40.5584604854599,41.9939117647059
"baltimore",33,"inla_spde",1,"continuous",49.9,54.4795816868611,41.9939117647059
"baltimore",33,"inla_spde",1,"continuous",39,50.443002853492,41.9939117647059
"baltimore",33,"inla_spde",1,"continuous",33,37.5096434907446,41.9939117647059
"baltimore",33,"inla_spde",1,"continuous",33.4,39.1872701747362,41.9939117647059
"baltimore",33,"inla_spde",1,"continuous",47,57.2512425212192,41.9939117647059
"baltimore",33,"inla_spde",1,"continuous",40,40.9014028838185,41.9939117647059
"baltimore",33,"inla_spde",1,"continuous",46,33.5487715770339,41.9939117647059
"baltimore",33,"inla_spde",1,"continuous",57.5,59.1789632905968,41.9939117647059
"baltimore",33,"inla_spde",1,"continuous",85.5,67.5183537430415,41.9939117647059
"baltimore",33,"inla_spde",1,"continuous",61,66.2690813443749,41.9939117647059
"baltimore",33,"inla_spde",1,"continuous",38,43.1893791712512,41.9939117647059
"baltimore",33,"inla_spde",1,"continuous",60.4,59.2295521075895,41.9939117647059
"baltimore",33,"inla_spde",1,"continuous",54,64.8257801724091,41.9939117647059
"baltimore",33,"inla_spde",1,"continuous",56,50.2771304078231,41.9939117647059
"baltimore",33,"inla_spde",1,"continuous",27.9,40.5020312087331,41.9939117647059
"baltimore",33,"inla_spde",1,"continuous",57,59.4174176075443,41.9939117647059
"baltimore",33,"inla_spde",1,"continuous",47,62.4212533030604,41.9939117647059
"baltimore",33,"inla_spde",1,"continuous",43.5,67.2655266978471,41.9939117647059
"baltimore",33,"inla_spde",1,"continuous",44.25,57.6334595067589,41.9939117647059
"baltimore",33,"inla_spde",1,"continuous",61,73.8280609950075,41.9939117647059
"baltimore",33,"inla_spde",1,"continuous",40,38.7111446230707,41.9939117647059
"baltimore",33,"inla_spde",1,"continuous",44.5,45.8901325145895,41.9939117647059
"baltimore",33,"inla_spde",1,"continuous",40,47.7757827156628,41.9939117647059
"baltimore",33,"inla_spde",1,"continuous",50,62.2365251804052,41.9939117647059
"baltimore",33,"inla_spde",1,"continuous",58,65.5383221832981,41.9939117647059
"baltimore",33,"inla_spde",1,"continuous",58,53.3775282247596,41.9939117647059
"baltimore",33,"inla_spde",1,"continuous",55,36.9150957903412,41.9939117647059
"baltimore",33,"inla_spde",1,"continuous",54,46.7871946078976,41.9939117647059
"baltimore",33,"inla_spde",1,"continuous",39,53.1131523638705,41.9939117647059
"baltimore",33,"inla_spde",2,"continuous",113,70.4000797559249,40.9259939759036
"baltimore",33,"inla_spde",2,"continuous",165,49.8645856503239,40.9259939759036
"baltimore",33,"inla_spde",2,"continuous",104.3,59.8214363351916,40.9259939759036
"baltimore",33,"inla_spde",2,"continuous",62.5,61.5805079551146,40.9259939759036
"baltimore",33,"inla_spde",2,"continuous",70,65.1221187254598,40.9259939759036
"baltimore",33,"inla_spde",2,"continuous",127.5,59.7300506107602,40.9259939759036
"baltimore",33,"inla_spde",2,"continuous",53,68.6346047624713,40.9259939759036
"baltimore",33,"inla_spde",2,"continuous",145,85.0220504940645,40.9259939759036
"baltimore",33,"inla_spde",2,"continuous",63.5,65.7645390146617,40.9259939759036
"baltimore",33,"inla_spde",2,"continuous",58.9,53.3976691809693,40.9259939759036
"baltimore",33,"inla_spde",2,"continuous",52,46.3659155210089,40.9259939759036
"baltimore",33,"inla_spde",2,"continuous",48,44.7992265479455,40.9259939759036
"baltimore",33,"inla_spde",2,"continuous",46,57.87957613014,40.9259939759036
"baltimore",33,"inla_spde",2,"continuous",46,50.597681736488,40.9259939759036
"baltimore",33,"inla_spde",2,"continuous",44,48.8243054987163,40.9259939759036
"baltimore",33,"inla_spde",2,"continuous",54.9,55.4923812703423,40.9259939759036
"baltimore",33,"inla_spde",2,"continuous",42.5,54.5239603049685,40.9259939759036
"baltimore",33,"inla_spde",2,"continuous",44,48.6637332471461,40.9259939759036
"baltimore",33,"inla_spde",2,"continuous",44.9,53.0569018058547,40.9259939759036
"baltimore",33,"inla_spde",2,"continuous",37.9,53.2399816451668,40.9259939759036
"baltimore",33,"inla_spde",2,"continuous",33,57.0165418085446,40.9259939759036
"baltimore",33,"inla_spde",2,"continuous",43.9,69.4293018085837,40.9259939759036
"baltimore",33,"inla_spde",2,"continuous",45.5,54.4826777910288,40.9259939759036
"baltimore",33,"inla_spde",2,"continuous",37.5,43.4444638426234,40.9259939759036
"baltimore",33,"inla_spde",2,"continuous",35.9,45.5158207494445,40.9259939759036
"baltimore",33,"inla_spde",2,"continuous",102,82.3298551226543,40.9259939759036
"baltimore",33,"inla_spde",2,"continuous",87.5,30.3212874568165,40.9259939759036
"baltimore",33,"inla_spde",2,"continuous",34,22.6289255856865,40.9259939759036
"baltimore",33,"inla_spde",2,"continuous",18.9,36.4539949518883,40.9259939759036
"baltimore",33,"inla_spde",2,"continuous",41.5,70.8524401864088,40.9259939759036
"baltimore",33,"inla_spde",2,"continuous",53,64.1990851987178,40.9259939759036
"baltimore",33,"inla_spde",2,"continuous",37.9,39.39977743513,40.9259939759036
"baltimore",33,"inla_spde",2,"continuous",29,30.5112679711452,40.9259939759036
"baltimore",33,"inla_spde",2,"continuous",32.5,34.9552173044934,40.9259939759036
"baltimore",33,"inla_spde",2,"continuous",51.9,48.6836900502932,40.9259939759036
"baltimore",33,"inla_spde",2,"continuous",31,30.7362893961445,40.9259939759036
"baltimore",33,"inla_spde",2,"continuous",41.8,46.0510219621954,40.9259939759036
"baltimore",33,"inla_spde",2,"continuous",48,38.1854615824876,40.9259939759036
"baltimore",33,"inla_spde",2,"continuous",28,35.1195921473496,40.9259939759036
"baltimore",33,"inla_spde",2,"continuous",35,42.3509344764719,40.9259939759036
"baltimore",33,"inla_spde",2,"continuous",46.5,47.7875230138682,40.9259939759036
"baltimore",33,"inla_spde",2,"continuous",51.9,58.3936661067541,40.9259939759036
"baltimore",33,"inla_spde",2,"continuous",33,50.2463599822195,40.9259939759036
"baltimore",33,"inla_spde",2,"continuous",68.5,81.7104297935567,40.9259939759036
"baltimore",33,"inla_spde",2,"continuous",64.5,53.3689667014124,40.9259939759036
"baltimore",33,"inla_spde",3,"continuous",47,0.850960957842157,45.4389534883721
"baltimore",33,"inla_spde",3,"continuous",64.5,73.650232134423,45.4389534883721
"baltimore",33,"inla_spde",3,"continuous",65,40.8006176050605,45.4389534883721
"baltimore",33,"inla_spde",3,"continuous",36,34.3928255950966,45.4389534883721
"baltimore",33,"inla_spde",3,"continuous",41.9,32.7942023920202,45.4389534883721
"baltimore",33,"inla_spde",3,"continuous",53.5,33.8007120560969,45.4389534883721
"baltimore",33,"inla_spde",3,"continuous",24.5,30.6916833304525,45.4389534883721
"baltimore",33,"inla_spde",3,"continuous",24.5,31.9024406700425,45.4389534883721
"baltimore",33,"inla_spde",3,"continuous",55.5,91.8748816924244,45.4389534883721
"baltimore",33,"inla_spde",3,"continuous",60,64.4247994780688,45.4389534883721
"baltimore",33,"inla_spde",3,"continuous",48,42.1885122736181,45.4389534883721
"baltimore",33,"inla_spde",3,"continuous",53.5,33.2175509493057,45.4389534883721
"baltimore",33,"inla_spde",3,"continuous",34.5,40.6647655406413,45.4389534883721
"baltimore",33,"inla_spde",3,"continuous",53,38.8695688299048,45.4389534883721
"baltimore",33,"inla_spde",3,"continuous",24,34.9342363840082,45.4389534883721
"baltimore",33,"inla_spde",3,"continuous",41,35.7326724726773,45.4389534883721
"baltimore",33,"inla_spde",3,"continuous",30,43.4030291157492,45.4389534883721
"baltimore",33,"inla_spde",3,"continuous",15.2,20.4961498864903,45.4389534883721
"baltimore",33,"inla_spde",3,"continuous",22,8.05949317412677,45.4389534883721
"baltimore",33,"inla_spde",3,"continuous",24.9,18.2838427469845,45.4389534883721
"baltimore",33,"inla_spde",3,"continuous",6.7,59.1632416448215,45.4389534883721
"baltimore",33,"inla_spde",3,"continuous",32.5,50.5229648259383,45.4389534883721
"baltimore",33,"inla_spde",3,"continuous",16.5,31.8894140769589,45.4389534883721
"baltimore",33,"inla_spde",3,"continuous",67.5,46.7954394187606,45.4389534883721
"baltimore",33,"inla_spde",3,"continuous",29.9,23.4530059365188,45.4389534883721
"baltimore",33,"inla_spde",3,"continuous",43.9,27.7242132224561,45.4389534883721
"baltimore",33,"inla_spde",3,"continuous",57,26.5152289357558,45.4389534883721
"baltimore",33,"inla_spde",3,"continuous",35,36.6696067264607,45.4389534883721
"baltimore",33,"inla_spde",3,"continuous",35.1,28.7319074515708,45.4389534883721
"baltimore",33,"inla_spde",3,"continuous",42.6,32.367933570677,45.4389534883721
"baltimore",33,"inla_spde",3,"continuous",43,31.281748844097,45.4389534883721
"baltimore",33,"inla_spde",3,"continuous",45,44.4891335194556,45.4389534883721
"baltimore",33,"inla_spde",3,"continuous",42,31.1172062373389,45.4389534883721
"baltimore",33,"inla_spde",3,"continuous",38.9,37.1254478195343,45.4389534883721
"baltimore",33,"inla_spde",3,"continuous",37.5,70.3509066517607,45.4389534883721
"baltimore",33,"inla_spde",3,"continuous",39,53.2047691516426,45.4389534883721
"baltimore",33,"inla_spde",3,"continuous",43.215,61.2395415771019,45.4389534883721
"baltimore",33,"inla_spde",3,"continuous",30,38.9393609876632,45.4389534883721
"baltimore",33,"inla_spde",3,"continuous",29.5,28.3211637023237,45.4389534883721
"baltimore",33,"inla_spde",4,"continuous",51,61.0380375416913,45.9237719298246
"baltimore",33,"inla_spde",4,"continuous",49.6,54.6010530465926,45.9237719298246
"baltimore",33,"inla_spde",4,"continuous",52,102.859510885106,45.9237719298246
"baltimore",33,"inla_spde",4,"continuous",42.9,48.2750590081971,45.9237719298246
"baltimore",33,"inla_spde",4,"continuous",44.9,71.0456952011661,45.9237719298246
"baltimore",33,"inla_spde",4,"continuous",55,38.4723715888464,45.9237719298246
"baltimore",33,"inla_spde",4,"continuous",35.5,65.4193587545583,45.9237719298246
"baltimore",33,"inla_spde",4,"continuous",62.9,98.4184182306498,45.9237719298246
"baltimore",33,"inla_spde",4,"continuous",110,63.5908452811318,45.9237719298246
"baltimore",33,"inla_spde",4,"continuous",67.7,40.9003159251525,45.9237719298246
"baltimore",33,"inla_spde",4,"continuous",70,45.4801626672453,45.9237719298246
"baltimore",33,"inla_spde",4,"continuous",74,70.217120951934,45.9237719298246
"baltimore",33,"inla_spde",4,"continuous",22.9,21.3516490073084,45.9237719298246
"baltimore",33,"inla_spde",4,"continuous",13,27.4626899361853,45.9237719298246
"baltimore",33,"inla_spde",4,"continuous",24,38.7633219049323,45.9237719298246
"baltimore",33,"inla_spde",4,"continuous",33.5,50.5526788446543,45.9237719298246
"baltimore",33,"inla_spde",4,"continuous",18.6,28.2289224562241,45.9237719298246
"baltimore",33,"inla_spde",4,"continuous",16,24.4577675362675,45.9237719298246
"baltimore",33,"inla_spde",4,"continuous",30,33.8877341992195,45.9237719298246
"baltimore",33,"inla_spde",4,"continuous",59,34.4887783446584,45.9237719298246
"baltimore",33,"inla_spde",4,"continuous",29.5,35.9457093422632,45.9237719298246
"baltimore",33,"inla_spde",4,"continuous",26,27.1236365766738,45.9237719298246
"baltimore",33,"inla_spde",4,"continuous",21.5,32.4677586423318,45.9237719298246
"baltimore",33,"inla_spde",4,"continuous",9,44.3375530489302,45.9237719298246
"baltimore",33,"inla_spde",4,"continuous",11,38.7018099911656,45.9237719298246
"baltimore",33,"inla_spde",4,"continuous",30.9,37.7252710755016,45.9237719298246
"baltimore",33,"inla_spde",4,"continuous",31.65,41.4156189950966,45.9237719298246
"baltimore",33,"inla_spde",4,"continuous",45.5,53.7547919642808,45.9237719298246
"baltimore",33,"inla_spde",4,"continuous",57,43.8561975219876,45.9237719298246
"baltimore",33,"inla_spde",4,"continuous",29.9,42.2544835935055,45.9237719298246
"baltimore",33,"inla_spde",4,"continuous",30,40.3304685364558,45.9237719298246
"baltimore",33,"inla_spde",4,"continuous",34,39.2947878853577,45.9237719298246
"baltimore",33,"inla_spde",4,"continuous",32.9,34.9290535278025,45.9237719298246
"baltimore",33,"inla_spde",4,"continuous",22,32.271982689368,45.9237719298246
"baltimore",33,"inla_spde",4,"continuous",32.6,38.0206164890771,45.9237719298246
"baltimore",33,"inla_spde",4,"continuous",25.9,38.3069112749356,45.9237719298246
"baltimore",33,"inla_spde",4,"continuous",27.5,39.1877052698384,45.9237719298246
"baltimore",33,"inla_spde",4,"continuous",31.5,43.6229467369671,45.9237719298246
"baltimore",33,"inla_spde",4,"continuous",8.5,39.9595230607839,45.9237719298246
"baltimore",33,"inla_spde",4,"continuous",26.5,30.2475384201897,45.9237719298246
"baltimore",33,"inla_spde",5,"continuous",3.5,50.3856680291261,47.2370606060606
"baltimore",33,"inla_spde",5,"continuous",12.8,37.081416111199,47.2370606060606
"baltimore",33,"inla_spde",5,"continuous",17.5,31.0860017737182,47.2370606060606
"baltimore",33,"inla_spde",5,"continuous",50,44.6799604665249,47.2370606060606
"baltimore",33,"inla_spde",5,"continuous",9.6,24.3604384534998,47.2370606060606
"baltimore",33,"inla_spde",5,"continuous",30,41.4137318315544,47.2370606060606
"baltimore",33,"inla_spde",5,"continuous",39,40.1153199566314,47.2370606060606
"baltimore",33,"inla_spde",5,"continuous",48.9,47.579258635865,47.2370606060606
"baltimore",33,"inla_spde",5,"continuous",33.5,30.4481840754199,47.2370606060606
"baltimore",33,"inla_spde",5,"continuous",46,41.6520241920439,47.2370606060606
"baltimore",33,"inla_spde",5,"continuous",54,39.7615248359613,47.2370606060606
"baltimore",33,"inla_spde",5,"continuous",57.9,43.2193619305587,47.2370606060606
"baltimore",33,"inla_spde",5,"continuous",32,28.1316232662359,47.2370606060606
"baltimore",33,"inla_spde",5,"continuous",31,38.1071306223855,47.2370606060606
"baltimore",33,"inla_spde",5,"continuous",34,34.9382481075272,47.2370606060606
"baltimore",33,"inla_spde",5,"continuous",35.4,39.2443877711361,47.2370606060606
"baltimore",33,"inla_spde",5,"continuous",16,43.2404344743439,47.2370606060606
"baltimore",33,"inla_spde",5,"continuous",35,42.0112831501846,47.2370606060606
"baltimore",33,"inla_spde",5,"continuous",35,34.5598483698022,47.2370606060606
"baltimore",33,"inla_spde",5,"continuous",36.5,39.5564782211863,47.2370606060606
"baltimore",33,"inla_spde",5,"continuous",35.9,41.6915302669725,47.2370606060606
"baltimore",33,"inla_spde",5,"continuous",45,40.0590627763505,47.2370606060606
"baltimore",33,"inla_spde",5,"continuous",40,36.0596192398623,47.2370606060606
"baltimore",33,"inla_spde",5,"continuous",35,41.5625578338501,47.2370606060606
"baltimore",33,"inla_spde",5,"continuous",38,40.6202529734815,47.2370606060606
"baltimore",33,"inla_spde",5,"continuous",37,39.3737563571963,47.2370606060606
"baltimore",33,"inla_spde",5,"continuous",23,53.0301757420332,47.2370606060606
"baltimore",33,"inla_spde",5,"continuous",25.5,37.122612216166,47.2370606060606
"baltimore",33,"inla_spde",5,"continuous",39.5,34.2700669117368,47.2370606060606
"baltimore",33,"inla_spde",5,"continuous",13.4,31.9449447061507,47.2370606060606
"baltimore",33,"inla_spde",5,"continuous",12.5,34.8633425385232,47.2370606060606
"baltimore",33,"inla_spde",5,"continuous",28.5,38.6457388596172,47.2370606060606
"baltimore",33,"inla_spde",5,"continuous",23,38.9553129434204,47.2370606060606
"baltimore",33,"inla_spde",5,"continuous",33.5,37.7284465013834,47.2370606060606
"baltimore",33,"inla_spde",5,"continuous",9,31.9985746021644,47.2370606060606
"baltimore",33,"inla_spde",5,"continuous",51,59.3700128399967,47.2370606060606
"baltimore",33,"inla_spde",5,"continuous",64.5,58.6767612544014,47.2370606060606
"baltimore",33,"inla_spde",5,"continuous",56.5,52.0657350953498,47.2370606060606
"baltimore",33,"inla_spde",5,"continuous",51.5,47.839160165683,47.2370606060606
"baltimore",33,"inla_spde",5,"continuous",69,56.3698333122775,47.2370606060606
"baltimore",33,"inla_spde",5,"continuous",37.5,35.5816154091241,47.2370606060606
"baltimore",33,"inla_spde",5,"continuous",39.9,39.2300995982569,47.2370606060606
"baltimore",33,"inla_spde",5,"continuous",38.5,35.8261030832507,47.2370606060606
"baltimore",33,"inla_spde",5,"continuous",21.5,26.8454908546144,47.2370606060606
"baltimore",33,"inla_spde",5,"continuous",22.9,31.6423080255962,47.2370606060606
"baltimore",33,"inla_spde",5,"continuous",5.5,33.6726093031377,47.2370606060606
