"dataset","seed","estimator","fold","typ","truth","pred","ytrain_mean"
"crane",33,"baseline_mean",1,"binary",0,0.0213592233009709,0.0213592233009709
"crane",33,"baseline_mean",1,"binary",0,0.0213592233009709,0.0213592233009709
"crane",33,"baseline_mean",1,"binary",0,0.0213592233009709,0.0213592233009709
"crane",33,"baseline_mean",1,"binary",0,0.0213592233009709,0.0213592233009709
"crane",33,"baseline_mean",1,"binary",0,0.0213592233009709,0.0213592233009709
"crane",33,"baseline_mean",1,"binary",0,0.0213592233009709,0.0213592233009709
"crane",33,"baseline_mean",1,"binary",0,0.0213592233009709,0.0213592233009709
"crane",33,"baseline_mean",1,"binary",0,0.0213592233009709,0.0213592233009709
"crane",33,"baseline_mean",1,"binary",0,0.0213592233009709,0.0213592233009709
"crane",33,"baseline_mean",1,"binary",0,0.0213592233009709,0.0213592233009709
"crane",33,"baseline_mean",1,"binary",0,0.0213592233009709,0.0213592233009709
"crane",33,"baseline_mean",1,"binary",0,0.0213592233009709,0.0213592233009709
"crane",33,"baseline_mean",1,"binary",0,0.0213592233009709,0.0213592233009709
"crane",33,"baseline_mean",1,"binary",0,0.0213592233009709,0.0213592233009709
"crane",33,"baseline_mean",1,"binary",0,0.0213592233009709,0.0213592233009709
"crane",33,"baseline_mean",1,"binary",0,0.0213592233009709,0.0213592233009709
"crane",33,"baseline_mean",1,"binary",0,0.0213592233009709,0.0213592233009709
"crane",33,"baseline_mean",1,"binary",0,0.0213592233009709,0.0213592233009709
"crane",33,"baseline_mean",1,"binary",0,0.0213592233009709,0.0213592233009709
"crane",33,"baseline_mean",1,"binary",0,0.0213592233009709,0.0213592233009709
"crane",33,"baseline_mean",1,"binary",0,0.0213592233009709,0.0213592233009709
"crane",33,"baseline_mean",1,"binary",0,0.0213592233009709,0.0213592233009709
"crane",33,"baseline_mean",1,"binary",0,0.0213592233009709,0.0213592233009709
"crane",33,"baseline_mean",1,"binary",0,0.0213592233009709,0.0213592233009709
"crane",33,"baseline_mean",1,"binary",0,0.0213592233009709,0.0213592233009709
"crane",33,"baseline_mean",1,"binary",0,0.0213592233009709,0.0213592233009709
"crane",33,"baseline_mean",1,"binary",0,0.0213592233009709,0.0213592233009709
"crane",33,"baseline_mean",1,"binary",0,0.0213592233009709,0.0213592233009709
"crane",33,"baseline_mean",1,"binary",0,0.0213592233009709,0.0213592233009709
"crane",33,"baseline_mean",1,"binary",0,0.0213592233009709,0.0213592233009709
"crane",33,"baseline_mean",1,"binary",0,0.0213592233009709,0.0213592233009709
"crane",33,"baseline_mean",1,"binary",0,0.0213592233009709,0.0213592233009709
"crane",33,"baseline_mean",1,"binary",0,0.0213592233009709,0.0213592233009709
"crane",33,"baseline_mean",1,"binary",0,0.0213592233009709,0.0213592233009709
"crane",33,"baseline_mean",1,"binary",0,0.0213592233009709,0.0213592233009709
"crane",33,"baseline_mean",1,"binary",0,0.0213592233009709,0.0213592233009709
"crane",33,"baseline_mean",1,"binary",0,0.0213592233009709,0.0213592233009709
"crane",33,"baseline_mean",1,"binary",0,0.0213592233009709,0.0213592233009709
"crane",33,"baseline_mean",1,"binary",0,0.0213592233009709,0.0213592233009709
"crane",33,"baseline_mean",1,"binary",0,0.0213592233009709,0.0213592233009709
"crane",33,"baseline_mean",1,"binary",0,0.0213592233009709,0.0213592233009709
"crane",33,"baseline_mean",1,"binary",0,0.0213592233009709,0.0213592233009709
"crane",33,"baseline_mean",1,"binary",0,0.0213592233009709,0.0213592233009709
"crane",33,"baseline_mean",1,"binary",0,0.0213592233009709,0.0213592233009709
"crane",33,"baseline_mean",1,"binary",0,0.0213592233009709,0.0213592233009709
"crane",33,"baseline_mean",1,"binary",0,0.0213592233009709,0.0213592233009709
"crane",33,"baseline_mean",1,"binary",0,0.0213592233009709,0.0213592233009709
"crane",33,"baseline_mean",1,"binary",0,0.0213592233009709,0.0213592233009709
"crane",33,"baseline_mean",1,"binary",0,0.0213592233009709,0.0213592233009709
"crane",33,"baseline_mean",1,"binary",0,0.0213592233009709,0.0213592233009709
"crane",33,"baseline_mean",1,"binary",0,0.0213592233009709,0.0213592233009709
"crane",33,"baseline_mean",1,"binary",0,0.0213592233009709,0.0213592233009709
"crane",33,"baseline_mean",1,"binary",0,0.0213592233009709,0.0213592233009709
"crane",33,"baseline_mean",1,"binary",0,0.0213592233009709,0.0213592233009709
"crane",33,"baseline_mean",1,"binary",0,0.0213592233009709,0.0213592233009709
"crane",33,"baseline_mean",1,"binary",0,0.0213592233009709,0.0213592233009709
"crane",33,"baseline_mean",1,"binary",0,0.0213592233009709,0.0213592233009709
"crane",33,"baseline_mean",1,"binary",0,0.0213592233009709,0.0213592233009709
"crane",33,"baseline_mean",1,"binary",0,0.0213592233009709,0.0213592233009709
"crane",33,"baseline_mean",1,"binary",0,0.0213592233009709,0.0213592233009709
"crane",33,"baseline_mean",1,"binary",0,0.0213592233009709,0.0213592233009709
"crane",33,"baseline_mean",1,"binary",0,0.0213592233009709,0.0213592233009709
"crane",33,"baseline_mean",1,"binary",0,0.0213592233009709,0.0213592233009709
"crane",33,"baseline_mean",1,"binary",0,0.0213592233009709,0.0213592233009709
"crane",33,"baseline_mean",1,"binary",0,0.0213592233009709,0.0213592233009709
"crane",33,"baseline_mean",1,"binary",0,0.0213592233009709,0.0213592233009709
"crane",33,"baseline_mean",1,"binary",0,0.0213592233009709,0.0213592233009709
"crane",33,"baseline_mean",1,"binary",0,0.0213592233009709,0.0213592233009709
"crane",33,"baseline_mean",1,"binary",0,0.0213592233009709,0.0213592233009709
"crane",33,"baseline_mean",1,"binary",0,0.0213592233009709,0.0213592233009709
"crane",33,"baseline_mean",1,"binary",0,0.0213592233009709,0.0213592233009709
"crane",33,"baseline_mean",1,"binary",0,0.0213592233009709,0.0213592233009709
"crane",33,"baseline_mean",1,"binary",0,0.0213592233009709,0.0213592233009709
"crane",33,"baseline_mean",1,"binary",0,0.0213592233009709,0.0213592233009709
"crane",33,"baseline_mean",1,"binary",0,0.0213592233009709,0.0213592233009709
"crane",33,"baseline_mean",1,"binary",0,0.0213592233009709,0.0213592233009709
"crane",33,"baseline_mean",1,"binary",0,0.0213592233009709,0.0213592233009709
"crane",33,"baseline_mean",1,"binary",0,0.0213592233009709,0.0213592233009709
"crane",33,"baseline_mean",1,"binary",0,0.0213592233009709,0.0213592233009709
"crane",33,"baseline_mean",1,"binary",0,0.0213592233009709,0.0213592233009709
"crane",33,"baseline_mean",1,"binary",0,0.0213592233009709,0.0213592233009709
"crane",33,"baseline_mean",1,"binary",0,0.0213592233009709,0.0213592233009709
"crane",33,"baseline_mean",1,"binary",0,0.0213592233009709,0.0213592233009709
"crane",33,"baseline_mean",1,"binary",0,0.0213592233009709,0.0213592233009709
"crane",33,"baseline_mean",1,"binary",0,0.0213592233009709,0.0213592233009709
"crane",33,"baseline_mean",1,"binary",0,0.0213592233009709,0.0213592233009709
"crane",33,"baseline_mean",1,"binary",0,0.0213592233009709,0.0213592233009709
"crane",33,"baseline_mean",1,"binary",0,0.0213592233009709,0.0213592233009709
"crane",33,"baseline_mean",1,"binary",0,0.0213592233009709,0.0213592233009709
"crane",33,"baseline_mean",1,"binary",0,0.0213592233009709,0.0213592233009709
"crane",33,"baseline_mean",1,"binary",0,0.0213592233009709,0.0213592233009709
"crane",33,"baseline_mean",1,"binary",0,0.0213592233009709,0.0213592233009709
"crane",33,"baseline_mean",1,"binary",0,0.0213592233009709,0.0213592233009709
"crane",33,"baseline_mean",1,"binary",0,0.0213592233009709,0.0213592233009709
"crane",33,"baseline_mean",1,"binary",0,0.0213592233009709,0.0213592233009709
"crane",33,"baseline_mean",1,"binary",0,0.0213592233009709,0.0213592233009709
"crane",33,"baseline_mean",1,"binary",0,0.0213592233009709,0.0213592233009709
"crane",33,"baseline_mean",1,"binary",0,0.0213592233009709,0.0213592233009709
"crane",33,"baseline_mean",1,"binary",0,0.0213592233009709,0.0213592233009709
"crane",33,"baseline_mean",1,"binary",0,0.0213592233009709,0.0213592233009709
"crane",33,"baseline_mean",1,"binary",0,0.0213592233009709,0.0213592233009709
"crane",33,"baseline_mean",1,"binary",0,0.0213592233009709,0.0213592233009709
"crane",33,"baseline_mean",1,"binary",0,0.0213592233009709,0.0213592233009709
"crane",33,"baseline_mean",1,"binary",0,0.0213592233009709,0.0213592233009709
"crane",33,"baseline_mean",1,"binary",0,0.0213592233009709,0.0213592233009709
"crane",33,"baseline_mean",1,"binary",0,0.0213592233009709,0.0213592233009709
"crane",33,"baseline_mean",1,"binary",0,0.0213592233009709,0.0213592233009709
"crane",33,"baseline_mean",1,"binary",0,0.0213592233009709,0.0213592233009709
"crane",33,"baseline_mean",1,"binary",0,0.0213592233009709,0.0213592233009709
"crane",33,"baseline_mean",1,"binary",0,0.0213592233009709,0.0213592233009709
"crane",33,"baseline_mean",1,"binary",0,0.0213592233009709,0.0213592233009709
"crane",33,"baseline_mean",1,"binary",0,0.0213592233009709,0.0213592233009709
"crane",33,"baseline_mean",1,"binary",0,0.0213592233009709,0.0213592233009709
"crane",33,"baseline_mean",1,"binary",0,0.0213592233009709,0.0213592233009709
"crane",33,"baseline_mean",1,"binary",0,0.0213592233009709,0.0213592233009709
"crane",33,"baseline_mean",1,"binary",0,0.0213592233009709,0.0213592233009709
"crane",33,"baseline_mean",1,"binary",0,0.0213592233009709,0.0213592233009709
"crane",33,"baseline_mean",1,"binary",0,0.0213592233009709,0.0213592233009709
"crane",33,"baseline_mean",1,"binary",0,0.0213592233009709,0.0213592233009709
"crane",33,"baseline_mean",1,"binary",0,0.0213592233009709,0.0213592233009709
"crane",33,"baseline_mean",1,"binary",0,0.0213592233009709,0.0213592233009709
"crane",33,"baseline_mean",1,"binary",0,0.0213592233009709,0.0213592233009709
"crane",33,"baseline_mean",1,"binary",0,0.0213592233009709,0.0213592233009709
"crane",33,"baseline_mean",1,"binary",0,0.0213592233009709,0.0213592233009709
"crane",33,"baseline_mean",1,"binary",0,0.0213592233009709,0.0213592233009709
"crane",33,"baseline_mean",1,"binary",0,0.0213592233009709,0.0213592233009709
"crane",33,"baseline_mean",1,"binary",0,0.0213592233009709,0.0213592233009709
"crane",33,"baseline_mean",1,"binary",0,0.0213592233009709,0.0213592233009709
"crane",33,"baseline_mean",1,"binary",0,0.0213592233009709,0.0213592233009709
"crane",33,"baseline_mean",1,"binary",0,0.0213592233009709,0.0213592233009709
"crane",33,"baseline_mean",1,"binary",0,0.0213592233009709,0.0213592233009709
"crane",33,"baseline_mean",1,"binary",0,0.0213592233009709,0.0213592233009709
"crane",33,"baseline_mean",1,"binary",0,0.0213592233009709,0.0213592233009709
"crane",33,"baseline_mean",1,"binary",0,0.0213592233009709,0.0213592233009709
"crane",33,"baseline_mean",1,"binary",0,0.0213592233009709,0.0213592233009709
"crane",33,"baseline_mean",2,"binary",0,0.0217821782178218,0.0217821782178218
"crane",33,"baseline_mean",2,"binary",0,0.0217821782178218,0.0217821782178218
"crane",33,"baseline_mean",2,"binary",0,0.0217821782178218,0.0217821782178218
"crane",33,"baseline_mean",2,"binary",0,0.0217821782178218,0.0217821782178218
"crane",33,"baseline_mean",2,"binary",0,0.0217821782178218,0.0217821782178218
"crane",33,"baseline_mean",2,"binary",0,0.0217821782178218,0.0217821782178218
"crane",33,"baseline_mean",2,"binary",0,0.0217821782178218,0.0217821782178218
"crane",33,"baseline_mean",2,"binary",0,0.0217821782178218,0.0217821782178218
"crane",33,"baseline_mean",2,"binary",0,0.0217821782178218,0.0217821782178218
"crane",33,"baseline_mean",2,"binary",0,0.0217821782178218,0.0217821782178218
"crane",33,"baseline_mean",2,"binary",0,0.0217821782178218,0.0217821782178218
"crane",33,"baseline_mean",2,"binary",0,0.0217821782178218,0.0217821782178218
"crane",33,"baseline_mean",2,"binary",0,0.0217821782178218,0.0217821782178218
"crane",33,"baseline_mean",2,"binary",0,0.0217821782178218,0.0217821782178218
"crane",33,"baseline_mean",2,"binary",0,0.0217821782178218,0.0217821782178218
"crane",33,"baseline_mean",2,"binary",0,0.0217821782178218,0.0217821782178218
"crane",33,"baseline_mean",2,"binary",0,0.0217821782178218,0.0217821782178218
"crane",33,"baseline_mean",2,"binary",0,0.0217821782178218,0.0217821782178218
"crane",33,"baseline_mean",2,"binary",0,0.0217821782178218,0.0217821782178218
"crane",33,"baseline_mean",2,"binary",0,0.0217821782178218,0.0217821782178218
"crane",33,"baseline_mean",2,"binary",0,0.0217821782178218,0.0217821782178218
"crane",33,"baseline_mean",2,"binary",0,0.0217821782178218,0.0217821782178218
"crane",33,"baseline_mean",2,"binary",0,0.0217821782178218,0.0217821782178218
"crane",33,"baseline_mean",2,"binary",0,0.0217821782178218,0.0217821782178218
"crane",33,"baseline_mean",2,"binary",0,0.0217821782178218,0.0217821782178218
"crane",33,"baseline_mean",2,"binary",0,0.0217821782178218,0.0217821782178218
"crane",33,"baseline_mean",2,"binary",0,0.0217821782178218,0.0217821782178218
"crane",33,"baseline_mean",2,"binary",0,0.0217821782178218,0.0217821782178218
"crane",33,"baseline_mean",2,"binary",0,0.0217821782178218,0.0217821782178218
"crane",33,"baseline_mean",2,"binary",0,0.0217821782178218,0.0217821782178218
"crane",33,"baseline_mean",2,"binary",0,0.0217821782178218,0.0217821782178218
"crane",33,"baseline_mean",2,"binary",0,0.0217821782178218,0.0217821782178218
"crane",33,"baseline_mean",2,"binary",0,0.0217821782178218,0.0217821782178218
"crane",33,"baseline_mean",2,"binary",0,0.0217821782178218,0.0217821782178218
"crane",33,"baseline_mean",2,"binary",0,0.0217821782178218,0.0217821782178218
"crane",33,"baseline_mean",2,"binary",0,0.0217821782178218,0.0217821782178218
"crane",33,"baseline_mean",2,"binary",0,0.0217821782178218,0.0217821782178218
"crane",33,"baseline_mean",2,"binary",0,0.0217821782178218,0.0217821782178218
"crane",33,"baseline_mean",2,"binary",0,0.0217821782178218,0.0217821782178218
"crane",33,"baseline_mean",2,"binary",0,0.0217821782178218,0.0217821782178218
"crane",33,"baseline_mean",2,"binary",0,0.0217821782178218,0.0217821782178218
"crane",33,"baseline_mean",2,"binary",0,0.0217821782178218,0.0217821782178218
"crane",33,"baseline_mean",2,"binary",0,0.0217821782178218,0.0217821782178218
"crane",33,"baseline_mean",2,"binary",0,0.0217821782178218,0.0217821782178218
"crane",33,"baseline_mean",2,"binary",0,0.0217821782178218,0.0217821782178218
"crane",33,"baseline_mean",2,"binary",0,0.0217821782178218,0.0217821782178218
"crane",33,"baseline_mean",2,"binary",0,0.0217821782178218,0.0217821782178218
"crane",33,"baseline_mean",2,"binary",0,0.0217821782178218,0.0217821782178218
"crane",33,"baseline_mean",2,"binary",0,0.0217821782178218,0.0217821782178218
"crane",33,"baseline_mean",2,"binary",0,0.0217821782178218,0.0217821782178218
"crane",33,"baseline_mean",2,"binary",0,0.0217821782178218,0.0217821782178218
"crane",33,"baseline_mean",2,"binary",0,0.0217821782178218,0.0217821782178218
"crane",33,"baseline_mean",2,"binary",0,0.0217821782178218,0.0217821782178218
"crane",33,"baseline_mean",2,"binary",0,0.0217821782178218,0.0217821782178218
"crane",33,"baseline_mean",2,"binary",0,0.0217821782178218,0.0217821782178218
"crane",33,"baseline_mean",2,"binary",0,0.0217821782178218,0.0217821782178218
"crane",33,"baseline_mean",2,"binary",0,0.0217821782178218,0.0217821782178218
"crane",33,"baseline_mean",2,"binary",0,0.0217821782178218,0.0217821782178218
"crane",33,"baseline_mean",2,"binary",0,0.0217821782178218,0.0217821782178218
"crane",33,"baseline_mean",2,"binary",0,0.0217821782178218,0.0217821782178218
"crane",33,"baseline_mean",2,"binary",0,0.0217821782178218,0.0217821782178218
"crane",33,"baseline_mean",2,"binary",0,0.0217821782178218,0.0217821782178218
"crane",33,"baseline_mean",2,"binary",0,0.0217821782178218,0.0217821782178218
"crane",33,"baseline_mean",2,"binary",0,0.0217821782178218,0.0217821782178218
"crane",33,"baseline_mean",2,"binary",0,0.0217821782178218,0.0217821782178218
"crane",33,"baseline_mean",2,"binary",0,0.0217821782178218,0.0217821782178218
"crane",33,"baseline_mean",2,"binary",0,0.0217821782178218,0.0217821782178218
"crane",33,"baseline_mean",2,"binary",0,0.0217821782178218,0.0217821782178218
"crane",33,"baseline_mean",2,"binary",0,0.0217821782178218,0.0217821782178218
"crane",33,"baseline_mean",2,"binary",0,0.0217821782178218,0.0217821782178218
"crane",33,"baseline_mean",2,"binary",0,0.0217821782178218,0.0217821782178218
"crane",33,"baseline_mean",2,"binary",0,0.0217821782178218,0.0217821782178218
"crane",33,"baseline_mean",2,"binary",0,0.0217821782178218,0.0217821782178218
"crane",33,"baseline_mean",2,"binary",0,0.0217821782178218,0.0217821782178218
"crane",33,"baseline_mean",2,"binary",0,0.0217821782178218,0.0217821782178218
"crane",33,"baseline_mean",2,"binary",0,0.0217821782178218,0.0217821782178218
"crane",33,"baseline_mean",2,"binary",0,0.0217821782178218,0.0217821782178218
"crane",33,"baseline_mean",2,"binary",0,0.0217821782178218,0.0217821782178218
"crane",33,"baseline_mean",2,"binary",0,0.0217821782178218,0.0217821782178218
"crane",33,"baseline_mean",2,"binary",0,0.0217821782178218,0.0217821782178218
"crane",33,"baseline_mean",2,"binary",0,0.0217821782178218,0.0217821782178218
"crane",33,"baseline_mean",2,"binary",0,0.0217821782178218,0.0217821782178218
"crane",33,"baseline_mean",2,"binary",0,0.0217821782178218,0.0217821782178218
"crane",33,"baseline_mean",2,"binary",0,0.0217821782178218,0.0217821782178218
"crane",33,"baseline_mean",2,"binary",0,0.0217821782178218,0.0217821782178218
"crane",33,"baseline_mean",2,"binary",0,0.0217821782178218,0.0217821782178218
"crane",33,"baseline_mean",2,"binary",0,0.0217821782178218,0.0217821782178218
"crane",33,"baseline_mean",2,"binary",0,0.0217821782178218,0.0217821782178218
"crane",33,"baseline_mean",2,"binary",0,0.0217821782178218,0.0217821782178218
"crane",33,"baseline_mean",2,"binary",0,0.0217821782178218,0.0217821782178218
"crane",33,"baseline_mean",2,"binary",0,0.0217821782178218,0.0217821782178218
"crane",33,"baseline_mean",2,"binary",0,0.0217821782178218,0.0217821782178218
"crane",33,"baseline_mean",2,"binary",0,0.0217821782178218,0.0217821782178218
"crane",33,"baseline_mean",2,"binary",0,0.0217821782178218,0.0217821782178218
"crane",33,"baseline_mean",2,"binary",0,0.0217821782178218,0.0217821782178218
"crane",33,"baseline_mean",2,"binary",0,0.0217821782178218,0.0217821782178218
"crane",33,"baseline_mean",2,"binary",0,0.0217821782178218,0.0217821782178218
"crane",33,"baseline_mean",2,"binary",0,0.0217821782178218,0.0217821782178218
"crane",33,"baseline_mean",2,"binary",0,0.0217821782178218,0.0217821782178218
"crane",33,"baseline_mean",2,"binary",0,0.0217821782178218,0.0217821782178218
"crane",33,"baseline_mean",2,"binary",0,0.0217821782178218,0.0217821782178218
"crane",33,"baseline_mean",2,"binary",0,0.0217821782178218,0.0217821782178218
"crane",33,"baseline_mean",2,"binary",0,0.0217821782178218,0.0217821782178218
"crane",33,"baseline_mean",2,"binary",0,0.0217821782178218,0.0217821782178218
"crane",33,"baseline_mean",2,"binary",0,0.0217821782178218,0.0217821782178218
"crane",33,"baseline_mean",2,"binary",0,0.0217821782178218,0.0217821782178218
"crane",33,"baseline_mean",2,"binary",0,0.0217821782178218,0.0217821782178218
"crane",33,"baseline_mean",2,"binary",0,0.0217821782178218,0.0217821782178218
"crane",33,"baseline_mean",2,"binary",0,0.0217821782178218,0.0217821782178218
"crane",33,"baseline_mean",2,"binary",0,0.0217821782178218,0.0217821782178218
"crane",33,"baseline_mean",2,"binary",0,0.0217821782178218,0.0217821782178218
"crane",33,"baseline_mean",2,"binary",0,0.0217821782178218,0.0217821782178218
"crane",33,"baseline_mean",2,"binary",0,0.0217821782178218,0.0217821782178218
"crane",33,"baseline_mean",2,"binary",0,0.0217821782178218,0.0217821782178218
"crane",33,"baseline_mean",2,"binary",0,0.0217821782178218,0.0217821782178218
"crane",33,"baseline_mean",2,"binary",0,0.0217821782178218,0.0217821782178218
"crane",33,"baseline_mean",2,"binary",0,0.0217821782178218,0.0217821782178218
"crane",33,"baseline_mean",2,"binary",0,0.0217821782178218,0.0217821782178218
"crane",33,"baseline_mean",2,"binary",0,0.0217821782178218,0.0217821782178218
"crane",33,"baseline_mean",2,"binary",0,0.0217821782178218,0.0217821782178218
"crane",33,"baseline_mean",2,"binary",0,0.0217821782178218,0.0217821782178218
"crane",33,"baseline_mean",2,"binary",0,0.0217821782178218,0.0217821782178218
"crane",33,"baseline_mean",2,"binary",0,0.0217821782178218,0.0217821782178218
"crane",33,"baseline_mean",2,"binary",0,0.0217821782178218,0.0217821782178218
"crane",33,"baseline_mean",2,"binary",0,0.0217821782178218,0.0217821782178218
"crane",33,"baseline_mean",2,"binary",0,0.0217821782178218,0.0217821782178218
"crane",33,"baseline_mean",2,"binary",0,0.0217821782178218,0.0217821782178218
"crane",33,"baseline_mean",2,"binary",0,0.0217821782178218,0.0217821782178218
"crane",33,"baseline_mean",2,"binary",0,0.0217821782178218,0.0217821782178218
"crane",33,"baseline_mean",2,"binary",0,0.0217821782178218,0.0217821782178218
"crane",33,"baseline_mean",2,"binary",0,0.0217821782178218,0.0217821782178218
"crane",33,"baseline_mean",2,"binary",0,0.0217821782178218,0.0217821782178218
"crane",33,"baseline_mean",2,"binary",0,0.0217821782178218,0.0217821782178218
"crane",33,"baseline_mean",2,"binary",0,0.0217821782178218,0.0217821782178218
"crane",33,"baseline_mean",2,"binary",0,0.0217821782178218,0.0217821782178218
"crane",33,"baseline_mean",2,"binary",0,0.0217821782178218,0.0217821782178218
"crane",33,"baseline_mean",2,"binary",0,0.0217821782178218,0.0217821782178218
"crane",33,"baseline_mean",2,"binary",0,0.0217821782178218,0.0217821782178218
"crane",33,"baseline_mean",2,"binary",0,0.0217821782178218,0.0217821782178218
"crane",33,"baseline_mean",2,"binary",0,0.0217821782178218,0.0217821782178218
"crane",33,"baseline_mean",2,"binary",0,0.0217821782178218,0.0217821782178218
"crane",33,"baseline_mean",2,"binary",0,0.0217821782178218,0.0217821782178218
"crane",33,"baseline_mean",2,"binary",0,0.0217821782178218,0.0217821782178218
"crane",33,"baseline_mean",2,"binary",0,0.0217821782178218,0.0217821782178218
"crane",33,"baseline_mean",2,"binary",0,0.0217821782178218,0.0217821782178218
"crane",33,"baseline_mean",3,"binary",0,0.0114285714285714,0.0114285714285714
"crane",33,"baseline_mean",3,"binary",0,0.0114285714285714,0.0114285714285714
"crane",33,"baseline_mean",3,"binary",0,0.0114285714285714,0.0114285714285714
"crane",33,"baseline_mean",3,"binary",0,0.0114285714285714,0.0114285714285714
"crane",33,"baseline_mean",3,"binary",0,0.0114285714285714,0.0114285714285714
"crane",33,"baseline_mean",3,"binary",0,0.0114285714285714,0.0114285714285714
"crane",33,"baseline_mean",3,"binary",0,0.0114285714285714,0.0114285714285714
"crane",33,"baseline_mean",3,"binary",0,0.0114285714285714,0.0114285714285714
"crane",33,"baseline_mean",3,"binary",0,0.0114285714285714,0.0114285714285714
"crane",33,"baseline_mean",3,"binary",0,0.0114285714285714,0.0114285714285714
"crane",33,"baseline_mean",3,"binary",0,0.0114285714285714,0.0114285714285714
"crane",33,"baseline_mean",3,"binary",0,0.0114285714285714,0.0114285714285714
"crane",33,"baseline_mean",3,"binary",0,0.0114285714285714,0.0114285714285714
"crane",33,"baseline_mean",3,"binary",0,0.0114285714285714,0.0114285714285714
"crane",33,"baseline_mean",3,"binary",0,0.0114285714285714,0.0114285714285714
"crane",33,"baseline_mean",3,"binary",0,0.0114285714285714,0.0114285714285714
"crane",33,"baseline_mean",3,"binary",0,0.0114285714285714,0.0114285714285714
"crane",33,"baseline_mean",3,"binary",1,0.0114285714285714,0.0114285714285714
"crane",33,"baseline_mean",3,"binary",0,0.0114285714285714,0.0114285714285714
"crane",33,"baseline_mean",3,"binary",0,0.0114285714285714,0.0114285714285714
"crane",33,"baseline_mean",3,"binary",0,0.0114285714285714,0.0114285714285714
"crane",33,"baseline_mean",3,"binary",0,0.0114285714285714,0.0114285714285714
"crane",33,"baseline_mean",3,"binary",0,0.0114285714285714,0.0114285714285714
"crane",33,"baseline_mean",3,"binary",0,0.0114285714285714,0.0114285714285714
"crane",33,"baseline_mean",3,"binary",0,0.0114285714285714,0.0114285714285714
"crane",33,"baseline_mean",3,"binary",0,0.0114285714285714,0.0114285714285714
"crane",33,"baseline_mean",3,"binary",0,0.0114285714285714,0.0114285714285714
"crane",33,"baseline_mean",3,"binary",0,0.0114285714285714,0.0114285714285714
"crane",33,"baseline_mean",3,"binary",0,0.0114285714285714,0.0114285714285714
"crane",33,"baseline_mean",3,"binary",0,0.0114285714285714,0.0114285714285714
"crane",33,"baseline_mean",3,"binary",0,0.0114285714285714,0.0114285714285714
"crane",33,"baseline_mean",3,"binary",0,0.0114285714285714,0.0114285714285714
"crane",33,"baseline_mean",3,"binary",0,0.0114285714285714,0.0114285714285714
"crane",33,"baseline_mean",3,"binary",0,0.0114285714285714,0.0114285714285714
"crane",33,"baseline_mean",3,"binary",0,0.0114285714285714,0.0114285714285714
"crane",33,"baseline_mean",3,"binary",0,0.0114285714285714,0.0114285714285714
"crane",33,"baseline_mean",3,"binary",0,0.0114285714285714,0.0114285714285714
"crane",33,"baseline_mean",3,"binary",0,0.0114285714285714,0.0114285714285714
"crane",33,"baseline_mean",3,"binary",0,0.0114285714285714,0.0114285714285714
"crane",33,"baseline_mean",3,"binary",0,0.0114285714285714,0.0114285714285714
"crane",33,"baseline_mean",3,"binary",0,0.0114285714285714,0.0114285714285714
"crane",33,"baseline_mean",3,"binary",0,0.0114285714285714,0.0114285714285714
"crane",33,"baseline_mean",3,"binary",1,0.0114285714285714,0.0114285714285714
"crane",33,"baseline_mean",3,"binary",0,0.0114285714285714,0.0114285714285714
"crane",33,"baseline_mean",3,"binary",0,0.0114285714285714,0.0114285714285714
"crane",33,"baseline_mean",3,"binary",0,0.0114285714285714,0.0114285714285714
"crane",33,"baseline_mean",3,"binary",0,0.0114285714285714,0.0114285714285714
"crane",33,"baseline_mean",3,"binary",0,0.0114285714285714,0.0114285714285714
"crane",33,"baseline_mean",3,"binary",0,0.0114285714285714,0.0114285714285714
"crane",33,"baseline_mean",3,"binary",0,0.0114285714285714,0.0114285714285714
"crane",33,"baseline_mean",3,"binary",0,0.0114285714285714,0.0114285714285714
"crane",33,"baseline_mean",3,"binary",0,0.0114285714285714,0.0114285714285714
"crane",33,"baseline_mean",3,"binary",0,0.0114285714285714,0.0114285714285714
"crane",33,"baseline_mean",3,"binary",0,0.0114285714285714,0.0114285714285714
"crane",33,"baseline_mean",3,"binary",0,0.0114285714285714,0.0114285714285714
"crane",33,"baseline_mean",3,"binary",0,0.0114285714285714,0.0114285714285714
"crane",33,"baseline_mean",3,"binary",0,0.0114285714285714,0.0114285714285714
"crane",33,"baseline_mean",3,"binary",0,0.0114285714285714,0.0114285714285714
"crane",33,"baseline_mean",3,"binary",0,0.0114285714285714,0.0114285714285714
"crane",33,"baseline_mean",3,"binary",0,0.0114285714285714,0.0114285714285714
"crane",33,"baseline_mean",3,"binary",0,0.0114285714285714,0.0114285714285714
"crane",33,"baseline_mean",3,"binary",0,0.0114285714285714,0.0114285714285714
"crane",33,"baseline_mean",3,"binary",0,0.0114285714285714,0.0114285714285714
"crane",33,"baseline_mean",3,"binary",0,0.0114285714285714,0.0114285714285714
"crane",33,"baseline_mean",3,"binary",0,0.0114285714285714,0.0114285714285714
"crane",33,"baseline_mean",3,"binary",0,0.0114285714285714,0.0114285714285714
"crane",33,"baseline_mean",3,"binary",0,0.0114285714285714,0.0114285714285714
"crane",33,"baseline_mean",3,"binary",1,0.0114285714285714,0.0114285714285714
"crane",33,"baseline_mean",3,"binary",0,0.0114285714285714,0.0114285714285714
"crane",33,"baseline_mean",3,"binary",0,0.0114285714285714,0.0114285714285714
"crane",33,"baseline_mean",3,"binary",0,0.0114285714285714,0.0114285714285714
"crane",33,"baseline_mean",3,"binary",0,0.0114285714285714,0.0114285714285714
"crane",33,"baseline_mean",3,"binary",0,0.0114285714285714,0.0114285714285714
"crane",33,"baseline_mean",3,"binary",0,0.0114285714285714,0.0114285714285714
"crane",33,"baseline_mean",3,"binary",0,0.0114285714285714,0.0114285714285714
"crane",33,"baseline_mean",3,"binary",0,0.0114285714285714,0.0114285714285714
"crane",33,"baseline_mean",3,"binary",0,0.0114285714285714,0.0114285714285714
"crane",33,"baseline_mean",3,"binary",0,0.0114285714285714,0.0114285714285714
"crane",33,"baseline_mean",3,"binary",0,0.0114285714285714,0.0114285714285714
"crane",33,"baseline_mean",3,"binary",0,0.0114285714285714,0.0114285714285714
"crane",33,"baseline_mean",3,"binary",0,0.0114285714285714,0.0114285714285714
"crane",33,"baseline_mean",3,"binary",0,0.0114285714285714,0.0114285714285714
"crane",33,"baseline_mean",3,"binary",0,0.0114285714285714,0.0114285714285714
"crane",33,"baseline_mean",3,"binary",0,0.0114285714285714,0.0114285714285714
"crane",33,"baseline_mean",3,"binary",0,0.0114285714285714,0.0114285714285714
"crane",33,"baseline_mean",3,"binary",0,0.0114285714285714,0.0114285714285714
"crane",33,"baseline_mean",3,"binary",0,0.0114285714285714,0.0114285714285714
"crane",33,"baseline_mean",3,"binary",0,0.0114285714285714,0.0114285714285714
"crane",33,"baseline_mean",3,"binary",0,0.0114285714285714,0.0114285714285714
"crane",33,"baseline_mean",3,"binary",0,0.0114285714285714,0.0114285714285714
"crane",33,"baseline_mean",3,"binary",0,0.0114285714285714,0.0114285714285714
"crane",33,"baseline_mean",3,"binary",0,0.0114285714285714,0.0114285714285714
"crane",33,"baseline_mean",3,"binary",1,0.0114285714285714,0.0114285714285714
"crane",33,"baseline_mean",3,"binary",0,0.0114285714285714,0.0114285714285714
"crane",33,"baseline_mean",3,"binary",0,0.0114285714285714,0.0114285714285714
"crane",33,"baseline_mean",3,"binary",0,0.0114285714285714,0.0114285714285714
"crane",33,"baseline_mean",3,"binary",0,0.0114285714285714,0.0114285714285714
"crane",33,"baseline_mean",3,"binary",0,0.0114285714285714,0.0114285714285714
"crane",33,"baseline_mean",3,"binary",0,0.0114285714285714,0.0114285714285714
"crane",33,"baseline_mean",3,"binary",0,0.0114285714285714,0.0114285714285714
"crane",33,"baseline_mean",3,"binary",0,0.0114285714285714,0.0114285714285714
"crane",33,"baseline_mean",3,"binary",0,0.0114285714285714,0.0114285714285714
"crane",33,"baseline_mean",3,"binary",0,0.0114285714285714,0.0114285714285714
"crane",33,"baseline_mean",3,"binary",0,0.0114285714285714,0.0114285714285714
"crane",33,"baseline_mean",3,"binary",0,0.0114285714285714,0.0114285714285714
"crane",33,"baseline_mean",3,"binary",0,0.0114285714285714,0.0114285714285714
"crane",33,"baseline_mean",3,"binary",0,0.0114285714285714,0.0114285714285714
"crane",33,"baseline_mean",3,"binary",0,0.0114285714285714,0.0114285714285714
"crane",33,"baseline_mean",3,"binary",0,0.0114285714285714,0.0114285714285714
"crane",33,"baseline_mean",3,"binary",0,0.0114285714285714,0.0114285714285714
"crane",33,"baseline_mean",3,"binary",0,0.0114285714285714,0.0114285714285714
"crane",33,"baseline_mean",3,"binary",0,0.0114285714285714,0.0114285714285714
"crane",33,"baseline_mean",3,"binary",0,0.0114285714285714,0.0114285714285714
"crane",33,"baseline_mean",3,"binary",0,0.0114285714285714,0.0114285714285714
"crane",33,"baseline_mean",3,"binary",0,0.0114285714285714,0.0114285714285714
"crane",33,"baseline_mean",3,"binary",0,0.0114285714285714,0.0114285714285714
"crane",33,"baseline_mean",3,"binary",0,0.0114285714285714,0.0114285714285714
"crane",33,"baseline_mean",3,"binary",1,0.0114285714285714,0.0114285714285714
"crane",33,"baseline_mean",3,"binary",0,0.0114285714285714,0.0114285714285714
"crane",33,"baseline_mean",3,"binary",0,0.0114285714285714,0.0114285714285714
"crane",33,"baseline_mean",3,"binary",0,0.0114285714285714,0.0114285714285714
"crane",33,"baseline_mean",3,"binary",0,0.0114285714285714,0.0114285714285714
"crane",33,"baseline_mean",3,"binary",0,0.0114285714285714,0.0114285714285714
"crane",33,"baseline_mean",3,"binary",0,0.0114285714285714,0.0114285714285714
"crane",33,"baseline_mean",3,"binary",0,0.0114285714285714,0.0114285714285714
"crane",33,"baseline_mean",4,"binary",0,0.019047619047619,0.019047619047619
"crane",33,"baseline_mean",4,"binary",0,0.019047619047619,0.019047619047619
"crane",33,"baseline_mean",4,"binary",0,0.019047619047619,0.019047619047619
"crane",33,"baseline_mean",4,"binary",0,0.019047619047619,0.019047619047619
"crane",33,"baseline_mean",4,"binary",0,0.019047619047619,0.019047619047619
"crane",33,"baseline_mean",4,"binary",0,0.019047619047619,0.019047619047619
"crane",33,"baseline_mean",4,"binary",0,0.019047619047619,0.019047619047619
"crane",33,"baseline_mean",4,"binary",0,0.019047619047619,0.019047619047619
"crane",33,"baseline_mean",4,"binary",0,0.019047619047619,0.019047619047619
"crane",33,"baseline_mean",4,"binary",0,0.019047619047619,0.019047619047619
"crane",33,"baseline_mean",4,"binary",0,0.019047619047619,0.019047619047619
"crane",33,"baseline_mean",4,"binary",0,0.019047619047619,0.019047619047619
"crane",33,"baseline_mean",4,"binary",0,0.019047619047619,0.019047619047619
"crane",33,"baseline_mean",4,"binary",0,0.019047619047619,0.019047619047619
"crane",33,"baseline_mean",4,"binary",0,0.019047619047619,0.019047619047619
"crane",33,"baseline_mean",4,"binary",0,0.019047619047619,0.019047619047619
"crane",33,"baseline_mean",4,"binary",0,0.019047619047619,0.019047619047619
"crane",33,"baseline_mean",4,"binary",0,0.019047619047619,0.019047619047619
"crane",33,"baseline_mean",4,"binary",0,0.019047619047619,0.019047619047619
"crane",33,"baseline_mean",4,"binary",0,0.019047619047619,0.019047619047619
"crane",33,"baseline_mean",4,"binary",0,0.019047619047619,0.019047619047619
"crane",33,"baseline_mean",4,"binary",0,0.019047619047619,0.019047619047619
"crane",33,"baseline_mean",4,"binary",0,0.019047619047619,0.019047619047619
"crane",33,"baseline_mean",4,"binary",0,0.019047619047619,0.019047619047619
"crane",33,"baseline_mean",4,"binary",0,0.019047619047619,0.019047619047619
"crane",33,"baseline_mean",4,"binary",0,0.019047619047619,0.019047619047619
"crane",33,"baseline_mean",4,"binary",0,0.019047619047619,0.019047619047619
"crane",33,"baseline_mean",4,"binary",0,0.019047619047619,0.019047619047619
"crane",33,"baseline_mean",4,"binary",0,0.019047619047619,0.019047619047619
"crane",33,"baseline_mean",4,"binary",0,0.019047619047619,0.019047619047619
"crane",33,"baseline_mean",4,"binary",0,0.019047619047619,0.019047619047619
"crane",33,"baseline_mean",4,"binary",0,0.019047619047619,0.019047619047619
"crane",33,"baseline_mean",4,"binary",0,0.019047619047619,0.019047619047619
"crane",33,"baseline_mean",4,"binary",0,0.019047619047619,0.019047619047619
"crane",33,"baseline_mean",4,"binary",0,0.019047619047619,0.019047619047619
"crane",33,"baseline_mean",4,"binary",0,0.019047619047619,0.019047619047619
"crane",33,"baseline_mean",4,"binary",0,0.019047619047619,0.019047619047619
"crane",33,"baseline_mean",4,"binary",0,0.019047619047619,0.019047619047619
"crane",33,"baseline_mean",4,"binary",0,0.019047619047619,0.019047619047619
"crane",33,"baseline_mean",4,"binary",0,0.019047619047619,0.019047619047619
"crane",33,"baseline_mean",4,"binary",0,0.019047619047619,0.019047619047619
"crane",33,"baseline_mean",4,"binary",0,0.019047619047619,0.019047619047619
"crane",33,"baseline_mean",4,"binary",0,0.019047619047619,0.019047619047619
"crane",33,"baseline_mean",4,"binary",0,0.019047619047619,0.019047619047619
"crane",33,"baseline_mean",4,"binary",0,0.019047619047619,0.019047619047619
"crane",33,"baseline_mean",4,"binary",0,0.019047619047619,0.019047619047619
"crane",33,"baseline_mean",4,"binary",0,0.019047619047619,0.019047619047619
"crane",33,"baseline_mean",4,"binary",0,0.019047619047619,0.019047619047619
"crane",33,"baseline_mean",4,"binary",0,0.019047619047619,0.019047619047619
"crane",33,"baseline_mean",4,"binary",0,0.019047619047619,0.019047619047619
"crane",33,"baseline_mean",4,"binary",0,0.019047619047619,0.019047619047619
"crane",33,"baseline_mean",4,"binary",0,0.019047619047619,0.019047619047619
"crane",33,"baseline_mean",4,"binary",0,0.019047619047619,0.019047619047619
"crane",33,"baseline_mean",4,"binary",0,0.019047619047619,0.019047619047619
"crane",33,"baseline_mean",4,"binary",0,0.019047619047619,0.019047619047619
"crane",33,"baseline_mean",4,"binary",0,0.019047619047619,0.019047619047619
"crane",33,"baseline_mean",4,"binary",0,0.019047619047619,0.019047619047619
"crane",33,"baseline_mean",4,"binary",0,0.019047619047619,0.019047619047619
"crane",33,"baseline_mean",4,"binary",0,0.019047619047619,0.019047619047619
"crane",33,"baseline_mean",4,"binary",0,0.019047619047619,0.019047619047619
"crane",33,"baseline_mean",4,"binary",0,0.019047619047619,0.019047619047619
"crane",33,"baseline_mean",4,"binary",0,0.019047619047619,0.019047619047619
"crane",33,"baseline_mean",4,"binary",0,0.019047619047619,0.019047619047619
"crane",33,"baseline_mean",4,"binary",0,0.019047619047619,0.019047619047619
"crane",33,"baseline_mean",4,"binary",0,0.019047619047619,0.019047619047619
"crane",33,"baseline_mean",4,"binary",0,0.019047619047619,0.019047619047619
"crane",33,"baseline_mean",4,"binary",0,0.019047619047619,0.019047619047619
"crane",33,"baseline_mean",4,"binary",0,0.019047619047619,0.019047619047619
"crane",33,"baseline_mean",4,"binary",0,0.019047619047619,0.019047619047619
"crane",33,"baseline_mean",4,"binary",0,0.019047619047619,0.019047619047619
"crane",33,"baseline_mean",4,"binary",0,0.019047619047619,0.019047619047619
"crane",33,"baseline_mean",4,"binary",0,0.019047619047619,0.019047619047619
"crane",33,"baseline_mean",4,"binary",0,0.019047619047619,0.019047619047619
"crane",33,"baseline_mean",4,"binary",0,0.019047619047619,0.019047619047619
"crane",33,"baseline_mean",4,"binary",0,0.019047619047619,0.019047619047619
"crane",33,"baseline_mean",4,"binary",0,0.019047619047619,0.019047619047619
"crane",33,"baseline_mean",4,"binary",0,0.019047619047619,0.019047619047619
"crane",33,"baseline_mean",4,"binary",0,0.019047619047619,0.019047619047619
"crane",33,"baseline_mean",4,"binary",0,0.019047619047619,0.019047619047619
"crane",33,"baseline_mean",4,"binary",0,0.019047619047619,0.019047619047619
"crane",33,"baseline_mean",4,"binary",0,0.019047619047619,0.019047619047619
"crane",33,"baseline_mean",4,"binary",0,0.019047619047619,0.019047619047619
"crane",33,"baseline_mean",4,"binary",0,0.019047619047619,0.019047619047619
"crane",33,"baseline_mean",4,"binary",0,0.019047619047619,0.019047619047619
"crane",33,"baseline_mean",4,"binary",0,0.019047619047619,0.019047619047619
"crane",33,"baseline_mean",4,"binary",0,0.019047619047619,0.019047619047619
"crane",33,"baseline_mean",4,"binary",0,0.019047619047619,0.019047619047619
"crane",33,"baseline_mean",4,"binary",0,0.019047619047619,0.019047619047619
"crane",33,"baseline_mean",4,"binary",0,0.019047619047619,0.019047619047619
"crane",33,"baseline_mean",4,"binary",0,0.019047619047619,0.019047619047619
"crane",33,"baseline_mean",4,"binary",0,0.019047619047619,0.019047619047619
"crane",33,"baseline_mean",4,"binary",0,0.019047619047619,0.019047619047619
"crane",33,"baseline_mean",4,"binary",0,0.019047619047619,0.019047619047619
"crane",33,"baseline_mean",4,"binary",0,0.019047619047619,0.019047619047619
"crane",33,"baseline_mean",4,"binary",0,0.019047619047619,0.019047619047619
"crane",33,"baseline_mean",4,"binary",0,0.019047619047619,0.019047619047619
"crane",33,"baseline_mean",4,"binary",0,0.019047619047619,0.019047619047619
"crane",33,"baseline_mean",4,"binary",0,0.019047619047619,0.019047619047619
"crane",33,"baseline_mean",4,"binary",0,0.019047619047619,0.019047619047619
"crane",33,"baseline_mean",4,"binary",0,0.019047619047619,0.019047619047619
"crane",33,"baseline_mean",4,"binary",0,0.019047619047619,0.019047619047619
"crane",33,"baseline_mean",4,"binary",0,0.019047619047619,0.019047619047619
"crane",33,"baseline_mean",4,"binary",0,0.019047619047619,0.019047619047619
"crane",33,"baseline_mean",4,"binary",0,0.019047619047619,0.019047619047619
"crane",33,"baseline_mean",4,"binary",0,0.019047619047619,0.019047619047619
"crane",33,"baseline_mean",4,"binary",0,0.019047619047619,0.019047619047619
"crane",33,"baseline_mean",4,"binary",0,0.019047619047619,0.019047619047619
"crane",33,"baseline_mean",4,"binary",0,0.019047619047619,0.019047619047619
"crane",33,"baseline_mean",4,"binary",0,0.019047619047619,0.019047619047619
"crane",33,"baseline_mean",4,"binary",1,0.019047619047619,0.019047619047619
"crane",33,"baseline_mean",4,"binary",0,0.019047619047619,0.019047619047619
"crane",33,"baseline_mean",4,"binary",0,0.019047619047619,0.019047619047619
"crane",33,"baseline_mean",4,"binary",0,0.019047619047619,0.019047619047619
"crane",33,"baseline_mean",4,"binary",0,0.019047619047619,0.019047619047619
"crane",33,"baseline_mean",4,"binary",0,0.019047619047619,0.019047619047619
"crane",33,"baseline_mean",4,"binary",0,0.019047619047619,0.019047619047619
"crane",33,"baseline_mean",4,"binary",0,0.019047619047619,0.019047619047619
"crane",33,"baseline_mean",4,"binary",0,0.019047619047619,0.019047619047619
"crane",33,"baseline_mean",4,"binary",0,0.019047619047619,0.019047619047619
"crane",33,"baseline_mean",4,"binary",0,0.019047619047619,0.019047619047619
"crane",33,"baseline_mean",4,"binary",0,0.019047619047619,0.019047619047619
"crane",33,"baseline_mean",4,"binary",0,0.019047619047619,0.019047619047619
"crane",33,"baseline_mean",4,"binary",0,0.019047619047619,0.019047619047619
"crane",33,"baseline_mean",4,"binary",0,0.019047619047619,0.019047619047619
"crane",33,"baseline_mean",4,"binary",0,0.019047619047619,0.019047619047619
"crane",33,"baseline_mean",5,"binary",0,0.0113207547169811,0.0113207547169811
"crane",33,"baseline_mean",5,"binary",0,0.0113207547169811,0.0113207547169811
"crane",33,"baseline_mean",5,"binary",0,0.0113207547169811,0.0113207547169811
"crane",33,"baseline_mean",5,"binary",0,0.0113207547169811,0.0113207547169811
"crane",33,"baseline_mean",5,"binary",0,0.0113207547169811,0.0113207547169811
"crane",33,"baseline_mean",5,"binary",0,0.0113207547169811,0.0113207547169811
"crane",33,"baseline_mean",5,"binary",0,0.0113207547169811,0.0113207547169811
"crane",33,"baseline_mean",5,"binary",0,0.0113207547169811,0.0113207547169811
"crane",33,"baseline_mean",5,"binary",0,0.0113207547169811,0.0113207547169811
"crane",33,"baseline_mean",5,"binary",0,0.0113207547169811,0.0113207547169811
"crane",33,"baseline_mean",5,"binary",0,0.0113207547169811,0.0113207547169811
"crane",33,"baseline_mean",5,"binary",0,0.0113207547169811,0.0113207547169811
"crane",33,"baseline_mean",5,"binary",0,0.0113207547169811,0.0113207547169811
"crane",33,"baseline_mean",5,"binary",0,0.0113207547169811,0.0113207547169811
"crane",33,"baseline_mean",5,"binary",0,0.0113207547169811,0.0113207547169811
"crane",33,"baseline_mean",5,"binary",0,0.0113207547169811,0.0113207547169811
"crane",33,"baseline_mean",5,"binary",0,0.0113207547169811,0.0113207547169811
"crane",33,"baseline_mean",5,"binary",0,0.0113207547169811,0.0113207547169811
"crane",33,"baseline_mean",5,"binary",0,0.0113207547169811,0.0113207547169811
"crane",33,"baseline_mean",5,"binary",1,0.0113207547169811,0.0113207547169811
"crane",33,"baseline_mean",5,"binary",0,0.0113207547169811,0.0113207547169811
"crane",33,"baseline_mean",5,"binary",0,0.0113207547169811,0.0113207547169811
"crane",33,"baseline_mean",5,"binary",0,0.0113207547169811,0.0113207547169811
"crane",33,"baseline_mean",5,"binary",0,0.0113207547169811,0.0113207547169811
"crane",33,"baseline_mean",5,"binary",0,0.0113207547169811,0.0113207547169811
"crane",33,"baseline_mean",5,"binary",0,0.0113207547169811,0.0113207547169811
"crane",33,"baseline_mean",5,"binary",0,0.0113207547169811,0.0113207547169811
"crane",33,"baseline_mean",5,"binary",0,0.0113207547169811,0.0113207547169811
"crane",33,"baseline_mean",5,"binary",0,0.0113207547169811,0.0113207547169811
"crane",33,"baseline_mean",5,"binary",0,0.0113207547169811,0.0113207547169811
"crane",33,"baseline_mean",5,"binary",0,0.0113207547169811,0.0113207547169811
"crane",33,"baseline_mean",5,"binary",0,0.0113207547169811,0.0113207547169811
"crane",33,"baseline_mean",5,"binary",0,0.0113207547169811,0.0113207547169811
"crane",33,"baseline_mean",5,"binary",0,0.0113207547169811,0.0113207547169811
"crane",33,"baseline_mean",5,"binary",0,0.0113207547169811,0.0113207547169811
"crane",33,"baseline_mean",5,"binary",0,0.0113207547169811,0.0113207547169811
"crane",33,"baseline_mean",5,"binary",0,0.0113207547169811,0.0113207547169811
"crane",33,"baseline_mean",5,"binary",0,0.0113207547169811,0.0113207547169811
"crane",33,"baseline_mean",5,"binary",0,0.0113207547169811,0.0113207547169811
"crane",33,"baseline_mean",5,"binary",0,0.0113207547169811,0.0113207547169811
"crane",33,"baseline_mean",5,"binary",0,0.0113207547169811,0.0113207547169811
"crane",33,"baseline_mean",5,"binary",0,0.0113207547169811,0.0113207547169811
"crane",33,"baseline_mean",5,"binary",0,0.0113207547169811,0.0113207547169811
"crane",33,"baseline_mean",5,"binary",1,0.0113207547169811,0.0113207547169811
"crane",33,"baseline_mean",5,"binary",0,0.0113207547169811,0.0113207547169811
"crane",33,"baseline_mean",5,"binary",0,0.0113207547169811,0.0113207547169811
"crane",33,"baseline_mean",5,"binary",0,0.0113207547169811,0.0113207547169811
"crane",33,"baseline_mean",5,"binary",0,0.0113207547169811,0.0113207547169811
"crane",33,"baseline_mean",5,"binary",0,0.0113207547169811,0.0113207547169811
"crane",33,"baseline_mean",5,"binary",0,0.0113207547169811,0.0113207547169811
"crane",33,"baseline_mean",5,"binary",0,0.0113207547169811,0.0113207547169811
"crane",33,"baseline_mean",5,"binary",0,0.0113207547169811,0.0113207547169811
"crane",33,"baseline_mean",5,"binary",0,0.0113207547169811,0.0113207547169811
"crane",33,"baseline_mean",5,"binary",0,0.0113207547169811,0.0113207547169811
"crane",33,"baseline_mean",5,"binary",0,0.0113207547169811,0.0113207547169811
"crane",33,"baseline_mean",5,"binary",0,0.0113207547169811,0.0113207547169811
"crane",33,"baseline_mean",5,"binary",0,0.0113207547169811,0.0113207547169811
"crane",33,"baseline_mean",5,"binary",0,0.0113207547169811,0.0113207547169811
"crane",33,"baseline_mean",5,"binary",0,0.0113207547169811,0.0113207547169811
"crane",33,"baseline_mean",5,"binary",0,0.0113207547169811,0.0113207547169811
"crane",33,"baseline_mean",5,"binary",0,0.0113207547169811,0.0113207547169811
"crane",33,"baseline_mean",5,"binary",0,0.0113207547169811,0.0113207547169811
"crane",33,"baseline_mean",5,"binary",0,0.0113207547169811,0.0113207547169811
"crane",33,"baseline_mean",5,"binary",0,0.0113207547169811,0.0113207547169811
"crane",33,"baseline_mean",5,"binary",0,0.0113207547169811,0.0113207547169811
"crane",33,"baseline_mean",5,"binary",0,0.0113207547169811,0.0113207547169811
"crane",33,"baseline_mean",5,"binary",0,0.0113207547169811,0.0113207547169811
"crane",33,"baseline_mean",5,"binary",1,0.0113207547169811,0.0113207547169811
"crane",33,"baseline_mean",5,"binary",0,0.0113207547169811,0.0113207547169811
"crane",33,"baseline_mean",5,"binary",0,0.0113207547169811,0.0113207547169811
"crane",33,"baseline_mean",5,"binary",0,0.0113207547169811,0.0113207547169811
"crane",33,"baseline_mean",5,"binary",0,0.0113207547169811,0.0113207547169811
"crane",33,"baseline_mean",5,"binary",0,0.0113207547169811,0.0113207547169811
"crane",33,"baseline_mean",5,"binary",0,0.0113207547169811,0.0113207547169811
"crane",33,"baseline_mean",5,"binary",0,0.0113207547169811,0.0113207547169811
"crane",33,"baseline_mean",5,"binary",0,0.0113207547169811,0.0113207547169811
"crane",33,"baseline_mean",5,"binary",0,0.0113207547169811,0.0113207547169811
"crane",33,"baseline_mean",5,"binary",0,0.0113207547169811,0.0113207547169811
"crane",33,"baseline_mean",5,"binary",0,0.0113207547169811,0.0113207547169811
"crane",33,"baseline_mean",5,"binary",0,0.0113207547169811,0.0113207547169811
"crane",33,"baseline_mean",5,"binary",0,0.0113207547169811,0.0113207547169811
"crane",33,"baseline_mean",5,"binary",0,0.0113207547169811,0.0113207547169811
"crane",33,"baseline_mean",5,"binary",0,0.0113207547169811,0.0113207547169811
"crane",33,"baseline_mean",5,"binary",0,0.0113207547169811,0.0113207547169811
"crane",33,"baseline_mean",5,"binary",0,0.0113207547169811,0.0113207547169811
"crane",33,"baseline_mean",5,"binary",0,0.0113207547169811,0.0113207547169811
"crane",33,"baseline_mean",5,"binary",0,0.0113207547169811,0.0113207547169811
"crane",33,"baseline_mean",5,"binary",0,0.0113207547169811,0.0113207547169811
"crane",33,"baseline_mean",5,"binary",0,0.0113207547169811,0.0113207547169811
"crane",33,"baseline_mean",5,"binary",0,0.0113207547169811,0.0113207547169811
"crane",33,"baseline_mean",5,"binary",0,0.0113207547169811,0.0113207547169811
"crane",33,"baseline_mean",5,"binary",1,0.0113207547169811,0.0113207547169811
"crane",33,"baseline_mean",5,"binary",0,0.0113207547169811,0.0113207547169811
"crane",33,"baseline_mean",5,"binary",0,0.0113207547169811,0.0113207547169811
"crane",33,"baseline_mean",5,"binary",0,0.0113207547169811,0.0113207547169811
"crane",33,"baseline_mean",5,"binary",0,0.0113207547169811,0.0113207547169811
"crane",33,"baseline_mean",5,"binary",0,0.0113207547169811,0.0113207547169811
"crane",33,"baseline_mean",5,"binary",0,0.0113207547169811,0.0113207547169811
"crane",33,"baseline_mean",5,"binary",0,0.0113207547169811,0.0113207547169811
"crane",33,"baseline_mean",5,"binary",0,0.0113207547169811,0.0113207547169811
"crane",33,"baseline_mean",5,"binary",0,0.0113207547169811,0.0113207547169811
"crane",33,"baseline_mean",5,"binary",0,0.0113207547169811,0.0113207547169811
"crane",33,"baseline_mean",5,"binary",0,0.0113207547169811,0.0113207547169811
"crane",33,"baseline_mean",5,"binary",0,0.0113207547169811,0.0113207547169811
"crane",33,"baseline_mean",5,"binary",0,0.0113207547169811,0.0113207547169811
"crane",33,"baseline_mean",5,"binary",0,0.0113207547169811,0.0113207547169811
"crane",33,"baseline_mean",5,"binary",0,0.0113207547169811,0.0113207547169811
"crane",33,"baseline_mean",5,"binary",0,0.0113207547169811,0.0113207547169811
"crane",33,"baseline_mean",5,"binary",0,0.0113207547169811,0.0113207547169811
"crane",33,"baseline_mean",5,"binary",0,0.0113207547169811,0.0113207547169811
"crane",33,"baseline_mean",5,"binary",0,0.0113207547169811,0.0113207547169811
"crane",33,"baseline_mean",5,"binary",0,0.0113207547169811,0.0113207547169811
"crane",33,"baseline_mean",5,"binary",0,0.0113207547169811,0.0113207547169811
"crane",33,"baseline_mean",5,"binary",0,0.0113207547169811,0.0113207547169811
"crane",33,"baseline_mean",5,"binary",0,0.0113207547169811,0.0113207547169811
"crane",33,"baseline_mean",5,"binary",1,0.0113207547169811,0.0113207547169811
"crane",33,"baseline_mean",5,"binary",0,0.0113207547169811,0.0113207547169811
"crane",33,"baseline_mean",5,"binary",0,0.0113207547169811,0.0113207547169811
"crane",33,"baseline_mean",5,"binary",0,0.0113207547169811,0.0113207547169811
"crane",33,"baseline_mean",5,"binary",0,0.0113207547169811,0.0113207547169811
"crane",33,"ols",1,"binary",0,2.22044604925031e-16,0.0213592233009709
"crane",33,"ols",1,"binary",0,2.22044604925031e-16,0.0213592233009709
"crane",33,"ols",1,"binary",0,2.22044604925031e-16,0.0213592233009709
"crane",33,"ols",1,"binary",0,2.22044604925031e-16,0.0213592233009709
"crane",33,"ols",1,"binary",0,2.22044604925031e-16,0.0213592233009709
"crane",33,"ols",1,"binary",0,2.22044604925031e-16,0.0213592233009709
"crane",33,"ols",1,"binary",0,2.22044604925031e-16,0.0213592233009709
"crane",33,"ols",1,"binary",0,2.22044604925031e-16,0.0213592233009709
"crane",33,"ols",1,"binary",0,2.22044604925031e-16,0.0213592233009709
"crane",33,"ols",1,"binary",0,2.22044604925031e-16,0.0213592233009709
"crane",33,"ols",1,"binary",0,2.22044604925031e-16,0.0213592233009709
"crane",33,"ols",1,"binary",0,2.22044604925031e-16,0.0213592233009709
"crane",33,"ols",1,"binary",0,2.22044604925031e-16,0.0213592233009709
"crane",33,"ols",1,"binary",0,2.22044604925031e-16,0.0213592233009709
"crane",33,"ols",1,"binary",0,2.22044604925031e-16,0.0213592233009709
"crane",33,"ols",1,"binary",0,2.22044604925031e-16,0.0213592233009709
"crane",33,"ols",1,"binary",0,2.22044604925031e-16,0.0213592233009709
"crane",33,"ols",1,"binary",0,2.22044604925031e-16,0.0213592233009709
"crane",33,"ols",1,"binary",0,2.22044604925031e-16,0.0213592233009709
"crane",33,"ols",1,"binary",0,2.22044604925031e-16,0.0213592233009709
"crane",33,"ols",1,"binary",0,2.22044604925031e-16,0.0213592233009709
"crane",33,"ols",1,"binary",0,2.22044604925031e-16,0.0213592233009709
"crane",33,"ols",1,"binary",0,2.22044604925031e-16,0.0213592233009709
"crane",33,"ols",1,"binary",0,2.22044604925031e-16,0.0213592233009709
"crane",33,"ols",1,"binary",0,2.22044604925031e-16,0.0213592233009709
"crane",33,"ols",1,"binary",0,2.22044604925031e-16,0.0213592233009709
"crane",33,"ols",1,"binary",0,2.22044604925031e-16,0.0213592233009709
"crane",33,"ols",1,"binary",0,2.22044604925031e-16,0.0213592233009709
"crane",33,"ols",1,"binary",0,2.22044604925031e-16,0.0213592233009709
"crane",33,"ols",1,"binary",0,2.22044604925031e-16,0.0213592233009709
"crane",33,"ols",1,"binary",0,2.22044604925031e-16,0.0213592233009709
"crane",33,"ols",1,"binary",0,2.22044604925031e-16,0.0213592233009709
"crane",33,"ols",1,"binary",0,2.22044604925031e-16,0.0213592233009709
"crane",33,"ols",1,"binary",0,2.22044604925031e-16,0.0213592233009709
"crane",33,"ols",1,"binary",0,2.22044604925031e-16,0.0213592233009709
"crane",33,"ols",1,"binary",0,2.22044604925031e-16,0.0213592233009709
"crane",33,"ols",1,"binary",0,2.22044604925031e-16,0.0213592233009709
"crane",33,"ols",1,"binary",0,2.22044604925031e-16,0.0213592233009709
"crane",33,"ols",1,"binary",0,2.22044604925031e-16,0.0213592233009709
"crane",33,"ols",1,"binary",0,2.22044604925031e-16,0.0213592233009709
"crane",33,"ols",1,"binary",0,2.22044604925031e-16,0.0213592233009709
"crane",33,"ols",1,"binary",0,2.22044604925031e-16,0.0213592233009709
"crane",33,"ols",1,"binary",0,2.22044604925031e-16,0.0213592233009709
"crane",33,"ols",1,"binary",0,2.22044604925031e-16,0.0213592233009709
"crane",33,"ols",1,"binary",0,2.22044604925031e-16,0.0213592233009709
"crane",33,"ols",1,"binary",0,2.22044604925031e-16,0.0213592233009709
"crane",33,"ols",1,"binary",0,2.22044604925031e-16,0.0213592233009709
"crane",33,"ols",1,"binary",0,2.22044604925031e-16,0.0213592233009709
"crane",33,"ols",1,"binary",0,2.22044604925031e-16,0.0213592233009709
"crane",33,"ols",1,"binary",0,2.22044604925031e-16,0.0213592233009709
"crane",33,"ols",1,"binary",0,2.22044604925031e-16,0.0213592233009709
"crane",33,"ols",1,"binary",0,2.22044604925031e-16,0.0213592233009709
"crane",33,"ols",1,"binary",0,2.22044604925031e-16,0.0213592233009709
"crane",33,"ols",1,"binary",0,2.22044604925031e-16,0.0213592233009709
"crane",33,"ols",1,"binary",0,2.22044604925031e-16,0.0213592233009709
"crane",33,"ols",1,"binary",0,2.22044604925031e-16,0.0213592233009709
"crane",33,"ols",1,"binary",0,2.22044604925031e-16,0.0213592233009709
"crane",33,"ols",1,"binary",0,2.22044604925031e-16,0.0213592233009709
"crane",33,"ols",1,"binary",0,2.22044604925031e-16,0.0213592233009709
"crane",33,"ols",1,"binary",0,2.22044604925031e-16,0.0213592233009709
"crane",33,"ols",1,"binary",0,2.22044604925031e-16,0.0213592233009709
"crane",33,"ols",1,"binary",0,2.22044604925031e-16,0.0213592233009709
"crane",33,"ols",1,"binary",0,2.22044604925031e-16,0.0213592233009709
"crane",33,"ols",1,"binary",0,2.22044604925031e-16,0.0213592233009709
"crane",33,"ols",1,"binary",0,2.22044604925031e-16,0.0213592233009709
"crane",33,"ols",1,"binary",0,2.22044604925031e-16,0.0213592233009709
"crane",33,"ols",1,"binary",0,2.22044604925031e-16,0.0213592233009709
"crane",33,"ols",1,"binary",0,2.22044604925031e-16,0.0213592233009709
"crane",33,"ols",1,"binary",0,2.22044604925031e-16,0.0213592233009709
"crane",33,"ols",1,"binary",0,2.22044604925031e-16,0.0213592233009709
"crane",33,"ols",1,"binary",0,2.22044604925031e-16,0.0213592233009709
"crane",33,"ols",1,"binary",0,2.22044604925031e-16,0.0213592233009709
"crane",33,"ols",1,"binary",0,2.22044604925031e-16,0.0213592233009709
"crane",33,"ols",1,"binary",0,2.22044604925031e-16,0.0213592233009709
"crane",33,"ols",1,"binary",0,2.22044604925031e-16,0.0213592233009709
"crane",33,"ols",1,"binary",0,2.22044604925031e-16,0.0213592233009709
"crane",33,"ols",1,"binary",0,2.22044604925031e-16,0.0213592233009709
"crane",33,"ols",1,"binary",0,2.22044604925031e-16,0.0213592233009709
"crane",33,"ols",1,"binary",0,2.22044604925031e-16,0.0213592233009709
"crane",33,"ols",1,"binary",0,2.22044604925031e-16,0.0213592233009709
"crane",33,"ols",1,"binary",0,2.22044604925031e-16,0.0213592233009709
"crane",33,"ols",1,"binary",0,2.22044604925031e-16,0.0213592233009709
"crane",33,"ols",1,"binary",0,2.22044604925031e-16,0.0213592233009709
"crane",33,"ols",1,"binary",0,2.22044604925031e-16,0.0213592233009709
"crane",33,"ols",1,"binary",0,2.22044604925031e-16,0.0213592233009709
"crane",33,"ols",1,"binary",0,2.22044604925031e-16,0.0213592233009709
"crane",33,"ols",1,"binary",0,2.22044604925031e-16,0.0213592233009709
"crane",33,"ols",1,"binary",0,2.22044604925031e-16,0.0213592233009709
"crane",33,"ols",1,"binary",0,2.22044604925031e-16,0.0213592233009709
"crane",33,"ols",1,"binary",0,2.22044604925031e-16,0.0213592233009709
"crane",33,"ols",1,"binary",0,2.22044604925031e-16,0.0213592233009709
"crane",33,"ols",1,"binary",0,2.22044604925031e-16,0.0213592233009709
"crane",33,"ols",1,"binary",0,2.22044604925031e-16,0.0213592233009709
"crane",33,"ols",1,"binary",0,2.22044604925031e-16,0.0213592233009709
"crane",33,"ols",1,"binary",0,2.22044604925031e-16,0.0213592233009709
"crane",33,"ols",1,"binary",0,2.22044604925031e-16,0.0213592233009709
"crane",33,"ols",1,"binary",0,2.22044604925031e-16,0.0213592233009709
"crane",33,"ols",1,"binary",0,2.22044604925031e-16,0.0213592233009709
"crane",33,"ols",1,"binary",0,2.22044604925031e-16,0.0213592233009709
"crane",33,"ols",1,"binary",0,2.22044604925031e-16,0.0213592233009709
"crane",33,"ols",1,"binary",0,2.22044604925031e-16,0.0213592233009709
"crane",33,"ols",1,"binary",0,2.22044604925031e-16,0.0213592233009709
"crane",33,"ols",1,"binary",0,2.22044604925031e-16,0.0213592233009709
"crane",33,"ols",1,"binary",0,2.22044604925031e-16,0.0213592233009709
"crane",33,"ols",1,"binary",0,2.22044604925031e-16,0.0213592233009709
"crane",33,"ols",1,"binary",0,2.22044604925031e-16,0.0213592233009709
"crane",33,"ols",1,"binary",0,2.22044604925031e-16,0.0213592233009709
"crane",33,"ols",1,"binary",0,2.22044604925031e-16,0.0213592233009709
"crane",33,"ols",1,"binary",0,2.22044604925031e-16,0.0213592233009709
"crane",33,"ols",1,"binary",0,2.22044604925031e-16,0.0213592233009709
"crane",33,"ols",1,"binary",0,2.22044604925031e-16,0.0213592233009709
"crane",33,"ols",1,"binary",0,2.22044604925031e-16,0.0213592233009709
"crane",33,"ols",1,"binary",0,2.22044604925031e-16,0.0213592233009709
"crane",33,"ols",1,"binary",0,2.22044604925031e-16,0.0213592233009709
"crane",33,"ols",1,"binary",0,2.22044604925031e-16,0.0213592233009709
"crane",33,"ols",1,"binary",0,2.22044604925031e-16,0.0213592233009709
"crane",33,"ols",1,"binary",0,2.22044604925031e-16,0.0213592233009709
"crane",33,"ols",1,"binary",0,2.22044604925031e-16,0.0213592233009709
"crane",33,"ols",1,"binary",0,2.22044604925031e-16,0.0213592233009709
"crane",33,"ols",1,"binary",0,2.22044604925031e-16,0.0213592233009709
"crane",33,"ols",1,"binary",0,2.22044604925031e-16,0.0213592233009709
"crane",33,"ols",1,"binary",0,2.22044604925031e-16,0.0213592233009709
"crane",33,"ols",1,"binary",0,2.22044604925031e-16,0.0213592233009709
"crane",33,"ols",1,"binary",0,2.22044604925031e-16,0.0213592233009709
"crane",33,"ols",1,"binary",0,2.22044604925031e-16,0.0213592233009709
"crane",33,"ols",1,"binary",0,2.22044604925031e-16,0.0213592233009709
"crane",33,"ols",1,"binary",0,2.22044604925031e-16,0.0213592233009709
"crane",33,"ols",1,"binary",0,2.22044604925031e-16,0.0213592233009709
"crane",33,"ols",1,"binary",0,2.22044604925031e-16,0.0213592233009709
"crane",33,"ols",1,"binary",0,2.22044604925031e-16,0.0213592233009709
"crane",33,"ols",1,"binary",0,2.22044604925031e-16,0.0213592233009709
"crane",33,"ols",1,"binary",0,2.22044604925031e-16,0.0213592233009709
"crane",33,"ols",1,"binary",0,2.22044604925031e-16,0.0213592233009709
"crane",33,"ols",1,"binary",0,2.22044604925031e-16,0.0213592233009709
"crane",33,"ols",1,"binary",0,2.22044604925031e-16,0.0213592233009709
"crane",33,"ols",2,"binary",0,2.22044604925031e-16,0.0217821782178218
"crane",33,"ols",2,"binary",0,2.22044604925031e-16,0.0217821782178218
"crane",33,"ols",2,"binary",0,2.22044604925031e-16,0.0217821782178218
"crane",33,"ols",2,"binary",0,2.22044604925031e-16,0.0217821782178218
"crane",33,"ols",2,"binary",0,2.22044604925031e-16,0.0217821782178218
"crane",33,"ols",2,"binary",0,2.22044604925031e-16,0.0217821782178218
"crane",33,"ols",2,"binary",0,2.22044604925031e-16,0.0217821782178218
"crane",33,"ols",2,"binary",0,2.22044604925031e-16,0.0217821782178218
"crane",33,"ols",2,"binary",0,2.22044604925031e-16,0.0217821782178218
"crane",33,"ols",2,"binary",0,2.22044604925031e-16,0.0217821782178218
"crane",33,"ols",2,"binary",0,2.22044604925031e-16,0.0217821782178218
"crane",33,"ols",2,"binary",0,2.22044604925031e-16,0.0217821782178218
"crane",33,"ols",2,"binary",0,2.22044604925031e-16,0.0217821782178218
"crane",33,"ols",2,"binary",0,2.22044604925031e-16,0.0217821782178218
"crane",33,"ols",2,"binary",0,2.22044604925031e-16,0.0217821782178218
"crane",33,"ols",2,"binary",0,2.22044604925031e-16,0.0217821782178218
"crane",33,"ols",2,"binary",0,2.22044604925031e-16,0.0217821782178218
"crane",33,"ols",2,"binary",0,2.22044604925031e-16,0.0217821782178218
"crane",33,"ols",2,"binary",0,2.22044604925031e-16,0.0217821782178218
"crane",33,"ols",2,"binary",0,2.22044604925031e-16,0.0217821782178218
"crane",33,"ols",2,"binary",0,2.22044604925031e-16,0.0217821782178218
"crane",33,"ols",2,"binary",0,2.22044604925031e-16,0.0217821782178218
"crane",33,"ols",2,"binary",0,2.22044604925031e-16,0.0217821782178218
"crane",33,"ols",2,"binary",0,2.22044604925031e-16,0.0217821782178218
"crane",33,"ols",2,"binary",0,2.22044604925031e-16,0.0217821782178218
"crane",33,"ols",2,"binary",0,2.22044604925031e-16,0.0217821782178218
"crane",33,"ols",2,"binary",0,2.22044604925031e-16,0.0217821782178218
"crane",33,"ols",2,"binary",0,2.22044604925031e-16,0.0217821782178218
"crane",33,"ols",2,"binary",0,2.22044604925031e-16,0.0217821782178218
"crane",33,"ols",2,"binary",0,2.22044604925031e-16,0.0217821782178218
"crane",33,"ols",2,"binary",0,2.22044604925031e-16,0.0217821782178218
"crane",33,"ols",2,"binary",0,2.22044604925031e-16,0.0217821782178218
"crane",33,"ols",2,"binary",0,2.22044604925031e-16,0.0217821782178218
"crane",33,"ols",2,"binary",0,2.22044604925031e-16,0.0217821782178218
"crane",33,"ols",2,"binary",0,2.22044604925031e-16,0.0217821782178218
"crane",33,"ols",2,"binary",0,2.22044604925031e-16,0.0217821782178218
"crane",33,"ols",2,"binary",0,2.22044604925031e-16,0.0217821782178218
"crane",33,"ols",2,"binary",0,2.22044604925031e-16,0.0217821782178218
"crane",33,"ols",2,"binary",0,2.22044604925031e-16,0.0217821782178218
"crane",33,"ols",2,"binary",0,2.22044604925031e-16,0.0217821782178218
"crane",33,"ols",2,"binary",0,2.22044604925031e-16,0.0217821782178218
"crane",33,"ols",2,"binary",0,2.22044604925031e-16,0.0217821782178218
"crane",33,"ols",2,"binary",0,2.22044604925031e-16,0.0217821782178218
"crane",33,"ols",2,"binary",0,2.22044604925031e-16,0.0217821782178218
"crane",33,"ols",2,"binary",0,2.22044604925031e-16,0.0217821782178218
"crane",33,"ols",2,"binary",0,2.22044604925031e-16,0.0217821782178218
"crane",33,"ols",2,"binary",0,2.22044604925031e-16,0.0217821782178218
"crane",33,"ols",2,"binary",0,2.22044604925031e-16,0.0217821782178218
"crane",33,"ols",2,"binary",0,2.22044604925031e-16,0.0217821782178218
"crane",33,"ols",2,"binary",0,2.22044604925031e-16,0.0217821782178218
"crane",33,"ols",2,"binary",0,2.22044604925031e-16,0.0217821782178218
"crane",33,"ols",2,"binary",0,2.22044604925031e-16,0.0217821782178218
"crane",33,"ols",2,"binary",0,2.22044604925031e-16,0.0217821782178218
"crane",33,"ols",2,"binary",0,2.22044604925031e-16,0.0217821782178218
"crane",33,"ols",2,"binary",0,2.22044604925031e-16,0.0217821782178218
"crane",33,"ols",2,"binary",0,2.22044604925031e-16,0.0217821782178218
"crane",33,"ols",2,"binary",0,2.22044604925031e-16,0.0217821782178218
"crane",33,"ols",2,"binary",0,2.22044604925031e-16,0.0217821782178218
"crane",33,"ols",2,"binary",0,2.22044604925031e-16,0.0217821782178218
"crane",33,"ols",2,"binary",0,2.22044604925031e-16,0.0217821782178218
"crane",33,"ols",2,"binary",0,2.22044604925031e-16,0.0217821782178218
"crane",33,"ols",2,"binary",0,2.22044604925031e-16,0.0217821782178218
"crane",33,"ols",2,"binary",0,2.22044604925031e-16,0.0217821782178218
"crane",33,"ols",2,"binary",0,2.22044604925031e-16,0.0217821782178218
"crane",33,"ols",2,"binary",0,2.22044604925031e-16,0.0217821782178218
"crane",33,"ols",2,"binary",0,2.22044604925031e-16,0.0217821782178218
"crane",33,"ols",2,"binary",0,2.22044604925031e-16,0.0217821782178218
"crane",33,"ols",2,"binary",0,2.22044604925031e-16,0.0217821782178218
"crane",33,"ols",2,"binary",0,2.22044604925031e-16,0.0217821782178218
"crane",33,"ols",2,"binary",0,2.22044604925031e-16,0.0217821782178218
"crane",33,"ols",2,"binary",0,2.22044604925031e-16,0.0217821782178218
"crane",33,"ols",2,"binary",0,2.22044604925031e-16,0.0217821782178218
"crane",33,"ols",2,"binary",0,2.22044604925031e-16,0.0217821782178218
"crane",33,"ols",2,"binary",0,2.22044604925031e-16,0.0217821782178218
"crane",33,"ols",2,"binary",0,2.22044604925031e-16,0.0217821782178218
"crane",33,"ols",2,"binary",0,2.22044604925031e-16,0.0217821782178218
"crane",33,"ols",2,"binary",0,2.22044604925031e-16,0.0217821782178218
"crane",33,"ols",2,"binary",0,2.22044604925031e-16,0.0217821782178218
"crane",33,"ols",2,"binary",0,2.22044604925031e-16,0.0217821782178218
"crane",33,"ols",2,"binary",0,2.22044604925031e-16,0.0217821782178218
"crane",33,"ols",2,"binary",0,2.22044604925031e-16,0.0217821782178218
"crane",33,"ols",2,"binary",0,2.22044604925031e-16,0.0217821782178218
"crane",33,"ols",2,"binary",0,2.22044604925031e-16,0.0217821782178218
"crane",33,"ols",2,"binary",0,2.22044604925031e-16,0.0217821782178218
"crane",33,"ols",2,"binary",0,2.22044604925031e-16,0.0217821782178218
"crane",33,"ols",2,"binary",0,2.22044604925031e-16,0.0217821782178218
"crane",33,"ols",2,"binary",0,2.22044604925031e-16,0.0217821782178218
"crane",33,"ols",2,"binary",0,2.22044604925031e-16,0.0217821782178218
"crane",33,"ols",2,"binary",0,2.22044604925031e-16,0.0217821782178218
"crane",33,"ols",2,"binary",0,2.22044604925031e-16,0.0217821782178218
"crane",33,"ols",2,"binary",0,2.22044604925031e-16,0.0217821782178218
"crane",33,"ols",2,"binary",0,2.22044604925031e-16,0.0217821782178218
"crane",33,"ols",2,"binary",0,2.22044604925031e-16,0.0217821782178218
"crane",33,"ols",2,"binary",0,2.22044604925031e-16,0.0217821782178218
"crane",33,"ols",2,"binary",0,2.22044604925031e-16,0.0217821782178218
"crane",33,"ols",2,"binary",0,2.22044604925031e-16,0.0217821782178218
"crane",33,"ols",2,"binary",0,2.22044604925031e-16,0.0217821782178218
"crane",33,"ols",2,"binary",0,2.22044604925031e-16,0.0217821782178218
"crane",33,"ols",2,"binary",0,2.22044604925031e-16,0.0217821782178218
"crane",33,"ols",2,"binary",0,2.22044604925031e-16,0.0217821782178218
"crane",33,"ols",2,"binary",0,2.22044604925031e-16,0.0217821782178218
"crane",33,"ols",2,"binary",0,2.22044604925031e-16,0.0217821782178218
"crane",33,"ols",2,"binary",0,2.22044604925031e-16,0.0217821782178218
"crane",33,"ols",2,"binary",0,2.22044604925031e-16,0.0217821782178218
"crane",33,"ols",2,"binary",0,2.22044604925031e-16,0.0217821782178218
"crane",33,"ols",2,"binary",0,2.22044604925031e-16,0.0217821782178218
"crane",33,"ols",2,"binary",0,2.22044604925031e-16,0.0217821782178218
"crane",33,"ols",2,"binary",0,2.22044604925031e-16,0.0217821782178218
"crane",33,"ols",2,"binary",0,2.22044604925031e-16,0.0217821782178218
"crane",33,"ols",2,"binary",0,2.22044604925031e-16,0.0217821782178218
"crane",33,"ols",2,"binary",0,2.22044604925031e-16,0.0217821782178218
"crane",33,"ols",2,"binary",0,2.22044604925031e-16,0.0217821782178218
"crane",33,"ols",2,"binary",0,2.22044604925031e-16,0.0217821782178218
"crane",33,"ols",2,"binary",0,2.22044604925031e-16,0.0217821782178218
"crane",33,"ols",2,"binary",0,2.22044604925031e-16,0.0217821782178218
"crane",33,"ols",2,"binary",0,2.22044604925031e-16,0.0217821782178218
"crane",33,"ols",2,"binary",0,2.22044604925031e-16,0.0217821782178218
"crane",33,"ols",2,"binary",0,2.22044604925031e-16,0.0217821782178218
"crane",33,"ols",2,"binary",0,2.22044604925031e-16,0.0217821782178218
"crane",33,"ols",2,"binary",0,2.22044604925031e-16,0.0217821782178218
"crane",33,"ols",2,"binary",0,2.22044604925031e-16,0.0217821782178218
"crane",33,"ols",2,"binary",0,2.22044604925031e-16,0.0217821782178218
"crane",33,"ols",2,"binary",0,2.22044604925031e-16,0.0217821782178218
"crane",33,"ols",2,"binary",0,2.22044604925031e-16,0.0217821782178218
"crane",33,"ols",2,"binary",0,2.22044604925031e-16,0.0217821782178218
"crane",33,"ols",2,"binary",0,2.22044604925031e-16,0.0217821782178218
"crane",33,"ols",2,"binary",0,2.22044604925031e-16,0.0217821782178218
"crane",33,"ols",2,"binary",0,2.22044604925031e-16,0.0217821782178218
"crane",33,"ols",2,"binary",0,2.22044604925031e-16,0.0217821782178218
"crane",33,"ols",2,"binary",0,2.22044604925031e-16,0.0217821782178218
"crane",33,"ols",2,"binary",0,2.22044604925031e-16,0.0217821782178218
"crane",33,"ols",2,"binary",0,2.22044604925031e-16,0.0217821782178218
"crane",33,"ols",2,"binary",0,2.22044604925031e-16,0.0217821782178218
"crane",33,"ols",2,"binary",0,2.22044604925031e-16,0.0217821782178218
"crane",33,"ols",2,"binary",0,2.22044604925031e-16,0.0217821782178218
"crane",33,"ols",2,"binary",0,2.22044604925031e-16,0.0217821782178218
"crane",33,"ols",2,"binary",0,2.22044604925031e-16,0.0217821782178218
"crane",33,"ols",2,"binary",0,2.22044604925031e-16,0.0217821782178218
"crane",33,"ols",2,"binary",0,2.22044604925031e-16,0.0217821782178218
"crane",33,"ols",2,"binary",0,2.22044604925031e-16,0.0217821782178218
"crane",33,"ols",2,"binary",0,2.22044604925031e-16,0.0217821782178218
"crane",33,"ols",2,"binary",0,2.22044604925031e-16,0.0217821782178218
"crane",33,"ols",2,"binary",0,2.22044604925031e-16,0.0217821782178218
"crane",33,"ols",2,"binary",0,2.22044604925031e-16,0.0217821782178218
"crane",33,"ols",2,"binary",0,2.22044604925031e-16,0.0217821782178218
"crane",33,"ols",3,"binary",0,2.22044604925031e-16,0.0114285714285714
"crane",33,"ols",3,"binary",0,2.22044604925031e-16,0.0114285714285714
"crane",33,"ols",3,"binary",0,2.22044604925031e-16,0.0114285714285714
"crane",33,"ols",3,"binary",0,2.22044604925031e-16,0.0114285714285714
"crane",33,"ols",3,"binary",0,2.22044604925031e-16,0.0114285714285714
"crane",33,"ols",3,"binary",0,2.22044604925031e-16,0.0114285714285714
"crane",33,"ols",3,"binary",0,2.22044604925031e-16,0.0114285714285714
"crane",33,"ols",3,"binary",0,2.22044604925031e-16,0.0114285714285714
"crane",33,"ols",3,"binary",0,2.22044604925031e-16,0.0114285714285714
"crane",33,"ols",3,"binary",0,2.22044604925031e-16,0.0114285714285714
"crane",33,"ols",3,"binary",0,0.999999999999344,0.0114285714285714
"crane",33,"ols",3,"binary",0,2.22044604925031e-16,0.0114285714285714
"crane",33,"ols",3,"binary",0,2.22044604925031e-16,0.0114285714285714
"crane",33,"ols",3,"binary",0,2.22044604925031e-16,0.0114285714285714
"crane",33,"ols",3,"binary",0,2.22044604925031e-16,0.0114285714285714
"crane",33,"ols",3,"binary",0,2.22044604925031e-16,0.0114285714285714
"crane",33,"ols",3,"binary",0,2.22044604925031e-16,0.0114285714285714
"crane",33,"ols",3,"binary",1,0.91969095513257,0.0114285714285714
"crane",33,"ols",3,"binary",0,2.22044604925031e-16,0.0114285714285714
"crane",33,"ols",3,"binary",0,2.22044604925031e-16,0.0114285714285714
"crane",33,"ols",3,"binary",0,2.22044604925031e-16,0.0114285714285714
"crane",33,"ols",3,"binary",0,2.22044604925031e-16,0.0114285714285714
"crane",33,"ols",3,"binary",0,2.22044604925031e-16,0.0114285714285714
"crane",33,"ols",3,"binary",0,2.22044604925031e-16,0.0114285714285714
"crane",33,"ols",3,"binary",0,2.22044604925031e-16,0.0114285714285714
"crane",33,"ols",3,"binary",0,2.22044604925031e-16,0.0114285714285714
"crane",33,"ols",3,"binary",0,2.22044604925031e-16,0.0114285714285714
"crane",33,"ols",3,"binary",0,2.22044604925031e-16,0.0114285714285714
"crane",33,"ols",3,"binary",0,2.22044604925031e-16,0.0114285714285714
"crane",33,"ols",3,"binary",0,2.22044604925031e-16,0.0114285714285714
"crane",33,"ols",3,"binary",0,2.22044604925031e-16,0.0114285714285714
"crane",33,"ols",3,"binary",0,2.22044604925031e-16,0.0114285714285714
"crane",33,"ols",3,"binary",0,2.22044604925031e-16,0.0114285714285714
"crane",33,"ols",3,"binary",0,2.22044604925031e-16,0.0114285714285714
"crane",33,"ols",3,"binary",0,2.22044604925031e-16,0.0114285714285714
"crane",33,"ols",3,"binary",0,0.999999999999344,0.0114285714285714
"crane",33,"ols",3,"binary",0,2.22044604925031e-16,0.0114285714285714
"crane",33,"ols",3,"binary",0,2.22044604925031e-16,0.0114285714285714
"crane",33,"ols",3,"binary",0,2.22044604925031e-16,0.0114285714285714
"crane",33,"ols",3,"binary",0,2.22044604925031e-16,0.0114285714285714
"crane",33,"ols",3,"binary",0,2.22044604925031e-16,0.0114285714285714
"crane",33,"ols",3,"binary",0,2.22044604925031e-16,0.0114285714285714
"crane",33,"ols",3,"binary",1,0.91969095513257,0.0114285714285714
"crane",33,"ols",3,"binary",0,2.22044604925031e-16,0.0114285714285714
"crane",33,"ols",3,"binary",0,2.22044604925031e-16,0.0114285714285714
"crane",33,"ols",3,"binary",0,2.22044604925031e-16,0.0114285714285714
"crane",33,"ols",3,"binary",0,2.22044604925031e-16,0.0114285714285714
"crane",33,"ols",3,"binary",0,2.22044604925031e-16,0.0114285714285714
"crane",33,"ols",3,"binary",0,2.22044604925031e-16,0.0114285714285714
"crane",33,"ols",3,"binary",0,2.22044604925031e-16,0.0114285714285714
"crane",33,"ols",3,"binary",0,2.22044604925031e-16,0.0114285714285714
"crane",33,"ols",3,"binary",0,2.22044604925031e-16,0.0114285714285714
"crane",33,"ols",3,"binary",0,2.22044604925031e-16,0.0114285714285714
"crane",33,"ols",3,"binary",0,2.22044604925031e-16,0.0114285714285714
"crane",33,"ols",3,"binary",0,2.22044604925031e-16,0.0114285714285714
"crane",33,"ols",3,"binary",0,2.22044604925031e-16,0.0114285714285714
"crane",33,"ols",3,"binary",0,2.22044604925031e-16,0.0114285714285714
"crane",33,"ols",3,"binary",0,2.22044604925031e-16,0.0114285714285714
"crane",33,"ols",3,"binary",0,2.22044604925031e-16,0.0114285714285714
"crane",33,"ols",3,"binary",0,2.22044604925031e-16,0.0114285714285714
"crane",33,"ols",3,"binary",0,0.999999999999344,0.0114285714285714
"crane",33,"ols",3,"binary",0,2.22044604925031e-16,0.0114285714285714
"crane",33,"ols",3,"binary",0,2.22044604925031e-16,0.0114285714285714
"crane",33,"ols",3,"binary",0,2.22044604925031e-16,0.0114285714285714
"crane",33,"ols",3,"binary",0,2.22044604925031e-16,0.0114285714285714
"crane",33,"ols",3,"binary",0,2.22044604925031e-16,0.0114285714285714
"crane",33,"ols",3,"binary",0,2.22044604925031e-16,0.0114285714285714
"crane",33,"ols",3,"binary",1,0.91969095513257,0.0114285714285714
"crane",33,"ols",3,"binary",0,2.22044604925031e-16,0.0114285714285714
"crane",33,"ols",3,"binary",0,2.22044604925031e-16,0.0114285714285714
"crane",33,"ols",3,"binary",0,2.22044604925031e-16,0.0114285714285714
"crane",33,"ols",3,"binary",0,2.22044604925031e-16,0.0114285714285714
"crane",33,"ols",3,"binary",0,2.22044604925031e-16,0.0114285714285714
"crane",33,"ols",3,"binary",0,2.22044604925031e-16,0.0114285714285714
"crane",33,"ols",3,"binary",0,2.22044604925031e-16,0.0114285714285714
"crane",33,"ols",3,"binary",0,2.22044604925031e-16,0.0114285714285714
"crane",33,"ols",3,"binary",0,2.22044604925031e-16,0.0114285714285714
"crane",33,"ols",3,"binary",0,2.22044604925031e-16,0.0114285714285714
"crane",33,"ols",3,"binary",0,2.22044604925031e-16,0.0114285714285714
"crane",33,"ols",3,"binary",0,2.22044604925031e-16,0.0114285714285714
"crane",33,"ols",3,"binary",0,2.22044604925031e-16,0.0114285714285714
"crane",33,"ols",3,"binary",0,2.22044604925031e-16,0.0114285714285714
"crane",33,"ols",3,"binary",0,2.22044604925031e-16,0.0114285714285714
"crane",33,"ols",3,"binary",0,2.22044604925031e-16,0.0114285714285714
"crane",33,"ols",3,"binary",0,2.22044604925031e-16,0.0114285714285714
"crane",33,"ols",3,"binary",0,0.999999999999344,0.0114285714285714
"crane",33,"ols",3,"binary",0,2.22044604925031e-16,0.0114285714285714
"crane",33,"ols",3,"binary",0,2.22044604925031e-16,0.0114285714285714
"crane",33,"ols",3,"binary",0,2.22044604925031e-16,0.0114285714285714
"crane",33,"ols",3,"binary",0,2.22044604925031e-16,0.0114285714285714
"crane",33,"ols",3,"binary",0,2.22044604925031e-16,0.0114285714285714
"crane",33,"ols",3,"binary",0,2.22044604925031e-16,0.0114285714285714
"crane",33,"ols",3,"binary",1,0.91969095513257,0.0114285714285714
"crane",33,"ols",3,"binary",0,2.22044604925031e-16,0.0114285714285714
"crane",33,"ols",3,"binary",0,2.22044604925031e-16,0.0114285714285714
"crane",33,"ols",3,"binary",0,2.22044604925031e-16,0.0114285714285714
"crane",33,"ols",3,"binary",0,2.22044604925031e-16,0.0114285714285714
"crane",33,"ols",3,"binary",0,2.22044604925031e-16,0.0114285714285714
"crane",33,"ols",3,"binary",0,2.22044604925031e-16,0.0114285714285714
"crane",33,"ols",3,"binary",0,2.22044604925031e-16,0.0114285714285714
"crane",33,"ols",3,"binary",0,2.22044604925031e-16,0.0114285714285714
"crane",33,"ols",3,"binary",0,2.22044604925031e-16,0.0114285714285714
"crane",33,"ols",3,"binary",0,2.22044604925031e-16,0.0114285714285714
"crane",33,"ols",3,"binary",0,2.22044604925031e-16,0.0114285714285714
"crane",33,"ols",3,"binary",0,2.22044604925031e-16,0.0114285714285714
"crane",33,"ols",3,"binary",0,2.22044604925031e-16,0.0114285714285714
"crane",33,"ols",3,"binary",0,2.22044604925031e-16,0.0114285714285714
"crane",33,"ols",3,"binary",0,2.22044604925031e-16,0.0114285714285714
"crane",33,"ols",3,"binary",0,2.22044604925031e-16,0.0114285714285714
"crane",33,"ols",3,"binary",0,2.22044604925031e-16,0.0114285714285714
"crane",33,"ols",3,"binary",0,0.999999999999344,0.0114285714285714
"crane",33,"ols",3,"binary",0,2.22044604925031e-16,0.0114285714285714
"crane",33,"ols",3,"binary",0,2.22044604925031e-16,0.0114285714285714
"crane",33,"ols",3,"binary",0,2.22044604925031e-16,0.0114285714285714
"crane",33,"ols",3,"binary",0,2.22044604925031e-16,0.0114285714285714
"crane",33,"ols",3,"binary",0,2.22044604925031e-16,0.0114285714285714
"crane",33,"ols",3,"binary",0,2.22044604925031e-16,0.0114285714285714
"crane",33,"ols",3,"binary",1,0.91969095513257,0.0114285714285714
"crane",33,"ols",3,"binary",0,2.22044604925031e-16,0.0114285714285714
"crane",33,"ols",3,"binary",0,2.22044604925031e-16,0.0114285714285714
"crane",33,"ols",3,"binary",0,2.22044604925031e-16,0.0114285714285714
"crane",33,"ols",3,"binary",0,2.22044604925031e-16,0.0114285714285714
"crane",33,"ols",3,"binary",0,2.22044604925031e-16,0.0114285714285714
"crane",33,"ols",3,"binary",0,2.22044604925031e-16,0.0114285714285714
"crane",33,"ols",3,"binary",0,2.22044604925031e-16,0.0114285714285714
"crane",33,"ols",4,"binary",0,2.22044604925031e-16,0.019047619047619
"crane",33,"ols",4,"binary",0,2.22044604925031e-16,0.019047619047619
"crane",33,"ols",4,"binary",0,2.22044604925031e-16,0.019047619047619
"crane",33,"ols",4,"binary",0,2.22044604925031e-16,0.019047619047619
"crane",33,"ols",4,"binary",0,2.22044604925031e-16,0.019047619047619
"crane",33,"ols",4,"binary",0,2.22044604925031e-16,0.019047619047619
"crane",33,"ols",4,"binary",0,2.22044604925031e-16,0.019047619047619
"crane",33,"ols",4,"binary",0,2.22044604925031e-16,0.019047619047619
"crane",33,"ols",4,"binary",0,4.20823724053606e-07,0.019047619047619
"crane",33,"ols",4,"binary",0,2.22044604925031e-16,0.019047619047619
"crane",33,"ols",4,"binary",0,2.22044604925031e-16,0.019047619047619
"crane",33,"ols",4,"binary",0,2.22044604925031e-16,0.019047619047619
"crane",33,"ols",4,"binary",0,2.22044604925031e-16,0.019047619047619
"crane",33,"ols",4,"binary",0,2.22044604925031e-16,0.019047619047619
"crane",33,"ols",4,"binary",0,2.22044604925031e-16,0.019047619047619
"crane",33,"ols",4,"binary",0,2.22044604925031e-16,0.019047619047619
"crane",33,"ols",4,"binary",0,2.22044604925031e-16,0.019047619047619
"crane",33,"ols",4,"binary",0,2.22044604925031e-16,0.019047619047619
"crane",33,"ols",4,"binary",0,2.22044604925031e-16,0.019047619047619
"crane",33,"ols",4,"binary",0,2.22044604925031e-16,0.019047619047619
"crane",33,"ols",4,"binary",0,2.22044604925031e-16,0.019047619047619
"crane",33,"ols",4,"binary",0,2.22044604925031e-16,0.019047619047619
"crane",33,"ols",4,"binary",0,2.22044604925031e-16,0.019047619047619
"crane",33,"ols",4,"binary",0,2.22044604925031e-16,0.019047619047619
"crane",33,"ols",4,"binary",0,2.22044604925031e-16,0.019047619047619
"crane",33,"ols",4,"binary",0,2.22044604925031e-16,0.019047619047619
"crane",33,"ols",4,"binary",0,2.22044604925031e-16,0.019047619047619
"crane",33,"ols",4,"binary",0,2.22044604925031e-16,0.019047619047619
"crane",33,"ols",4,"binary",0,2.22044604925031e-16,0.019047619047619
"crane",33,"ols",4,"binary",0,2.22044604925031e-16,0.019047619047619
"crane",33,"ols",4,"binary",0,2.22044604925031e-16,0.019047619047619
"crane",33,"ols",4,"binary",0,2.22044604925031e-16,0.019047619047619
"crane",33,"ols",4,"binary",0,2.22044604925031e-16,0.019047619047619
"crane",33,"ols",4,"binary",0,4.20823724053606e-07,0.019047619047619
"crane",33,"ols",4,"binary",0,2.22044604925031e-16,0.019047619047619
"crane",33,"ols",4,"binary",0,2.22044604925031e-16,0.019047619047619
"crane",33,"ols",4,"binary",0,2.22044604925031e-16,0.019047619047619
"crane",33,"ols",4,"binary",0,2.22044604925031e-16,0.019047619047619
"crane",33,"ols",4,"binary",0,2.22044604925031e-16,0.019047619047619
"crane",33,"ols",4,"binary",0,2.22044604925031e-16,0.019047619047619
"crane",33,"ols",4,"binary",0,2.22044604925031e-16,0.019047619047619
"crane",33,"ols",4,"binary",0,2.22044604925031e-16,0.019047619047619
"crane",33,"ols",4,"binary",0,2.22044604925031e-16,0.019047619047619
"crane",33,"ols",4,"binary",0,2.22044604925031e-16,0.019047619047619
"crane",33,"ols",4,"binary",0,2.22044604925031e-16,0.019047619047619
"crane",33,"ols",4,"binary",0,2.22044604925031e-16,0.019047619047619
"crane",33,"ols",4,"binary",0,2.22044604925031e-16,0.019047619047619
"crane",33,"ols",4,"binary",0,2.22044604925031e-16,0.019047619047619
"crane",33,"ols",4,"binary",0,2.22044604925031e-16,0.019047619047619
"crane",33,"ols",4,"binary",0,2.22044604925031e-16,0.019047619047619
"crane",33,"ols",4,"binary",0,2.22044604925031e-16,0.019047619047619
"crane",33,"ols",4,"binary",0,2.22044604925031e-16,0.019047619047619
"crane",33,"ols",4,"binary",0,2.22044604925031e-16,0.019047619047619
"crane",33,"ols",4,"binary",0,2.22044604925031e-16,0.019047619047619
"crane",33,"ols",4,"binary",0,2.22044604925031e-16,0.019047619047619
"crane",33,"ols",4,"binary",0,2.22044604925031e-16,0.019047619047619
"crane",33,"ols",4,"binary",0,2.22044604925031e-16,0.019047619047619
"crane",33,"ols",4,"binary",0,2.22044604925031e-16,0.019047619047619
"crane",33,"ols",4,"binary",0,4.20823724053606e-07,0.019047619047619
"crane",33,"ols",4,"binary",0,2.22044604925031e-16,0.019047619047619
"crane",33,"ols",4,"binary",0,2.22044604925031e-16,0.019047619047619
"crane",33,"ols",4,"binary",0,2.22044604925031e-16,0.019047619047619
"crane",33,"ols",4,"binary",0,2.22044604925031e-16,0.019047619047619
"crane",33,"ols",4,"binary",0,2.22044604925031e-16,0.019047619047619
"crane",33,"ols",4,"binary",0,2.22044604925031e-16,0.019047619047619
"crane",33,"ols",4,"binary",0,2.22044604925031e-16,0.019047619047619
"crane",33,"ols",4,"binary",0,2.22044604925031e-16,0.019047619047619
"crane",33,"ols",4,"binary",0,2.22044604925031e-16,0.019047619047619
"crane",33,"ols",4,"binary",0,2.22044604925031e-16,0.019047619047619
"crane",33,"ols",4,"binary",0,2.22044604925031e-16,0.019047619047619
"crane",33,"ols",4,"binary",0,2.22044604925031e-16,0.019047619047619
"crane",33,"ols",4,"binary",0,2.22044604925031e-16,0.019047619047619
"crane",33,"ols",4,"binary",0,2.22044604925031e-16,0.019047619047619
"crane",33,"ols",4,"binary",0,2.22044604925031e-16,0.019047619047619
"crane",33,"ols",4,"binary",0,2.22044604925031e-16,0.019047619047619
"crane",33,"ols",4,"binary",0,2.22044604925031e-16,0.019047619047619
"crane",33,"ols",4,"binary",0,2.22044604925031e-16,0.019047619047619
"crane",33,"ols",4,"binary",0,2.22044604925031e-16,0.019047619047619
"crane",33,"ols",4,"binary",0,2.22044604925031e-16,0.019047619047619
"crane",33,"ols",4,"binary",0,2.22044604925031e-16,0.019047619047619
"crane",33,"ols",4,"binary",0,2.22044604925031e-16,0.019047619047619
"crane",33,"ols",4,"binary",0,2.22044604925031e-16,0.019047619047619
"crane",33,"ols",4,"binary",0,2.22044604925031e-16,0.019047619047619
"crane",33,"ols",4,"binary",0,4.20823724053606e-07,0.019047619047619
"crane",33,"ols",4,"binary",0,2.22044604925031e-16,0.019047619047619
"crane",33,"ols",4,"binary",0,2.22044604925031e-16,0.019047619047619
"crane",33,"ols",4,"binary",0,2.22044604925031e-16,0.019047619047619
"crane",33,"ols",4,"binary",0,2.22044604925031e-16,0.019047619047619
"crane",33,"ols",4,"binary",0,2.22044604925031e-16,0.019047619047619
"crane",33,"ols",4,"binary",0,2.22044604925031e-16,0.019047619047619
"crane",33,"ols",4,"binary",0,2.22044604925031e-16,0.019047619047619
"crane",33,"ols",4,"binary",0,2.22044604925031e-16,0.019047619047619
"crane",33,"ols",4,"binary",0,2.22044604925031e-16,0.019047619047619
"crane",33,"ols",4,"binary",0,2.22044604925031e-16,0.019047619047619
"crane",33,"ols",4,"binary",0,2.22044604925031e-16,0.019047619047619
"crane",33,"ols",4,"binary",0,2.22044604925031e-16,0.019047619047619
"crane",33,"ols",4,"binary",0,2.22044604925031e-16,0.019047619047619
"crane",33,"ols",4,"binary",0,2.22044604925031e-16,0.019047619047619
"crane",33,"ols",4,"binary",0,2.22044604925031e-16,0.019047619047619
"crane",33,"ols",4,"binary",0,2.22044604925031e-16,0.019047619047619
"crane",33,"ols",4,"binary",0,2.22044604925031e-16,0.019047619047619
"crane",33,"ols",4,"binary",0,2.22044604925031e-16,0.019047619047619
"crane",33,"ols",4,"binary",0,2.22044604925031e-16,0.019047619047619
"crane",33,"ols",4,"binary",0,2.22044604925031e-16,0.019047619047619
"crane",33,"ols",4,"binary",0,2.22044604925031e-16,0.019047619047619
"crane",33,"ols",4,"binary",0,2.22044604925031e-16,0.019047619047619
"crane",33,"ols",4,"binary",0,2.22044604925031e-16,0.019047619047619
"crane",33,"ols",4,"binary",0,2.22044604925031e-16,0.019047619047619
"crane",33,"ols",4,"binary",0,4.20823724053606e-07,0.019047619047619
"crane",33,"ols",4,"binary",1,2.22044604925031e-16,0.019047619047619
"crane",33,"ols",4,"binary",0,2.22044604925031e-16,0.019047619047619
"crane",33,"ols",4,"binary",0,2.22044604925031e-16,0.019047619047619
"crane",33,"ols",4,"binary",0,2.22044604925031e-16,0.019047619047619
"crane",33,"ols",4,"binary",0,2.22044604925031e-16,0.019047619047619
"crane",33,"ols",4,"binary",0,2.22044604925031e-16,0.019047619047619
"crane",33,"ols",4,"binary",0,2.22044604925031e-16,0.019047619047619
"crane",33,"ols",4,"binary",0,2.22044604925031e-16,0.019047619047619
"crane",33,"ols",4,"binary",0,2.22044604925031e-16,0.019047619047619
"crane",33,"ols",4,"binary",0,2.22044604925031e-16,0.019047619047619
"crane",33,"ols",4,"binary",0,2.22044604925031e-16,0.019047619047619
"crane",33,"ols",4,"binary",0,2.22044604925031e-16,0.019047619047619
"crane",33,"ols",4,"binary",0,2.22044604925031e-16,0.019047619047619
"crane",33,"ols",4,"binary",0,2.22044604925031e-16,0.019047619047619
"crane",33,"ols",4,"binary",0,2.22044604925031e-16,0.019047619047619
"crane",33,"ols",4,"binary",0,2.22044604925031e-16,0.019047619047619
"crane",33,"ols",5,"binary",0,2.22044604925031e-16,0.0113207547169811
"crane",33,"ols",5,"binary",0,2.22044604925031e-16,0.0113207547169811
"crane",33,"ols",5,"binary",0,2.22044604925031e-16,0.0113207547169811
"crane",33,"ols",5,"binary",0,0.0822927846970315,0.0113207547169811
"crane",33,"ols",5,"binary",0,2.22044604925031e-16,0.0113207547169811
"crane",33,"ols",5,"binary",0,2.22044604925031e-16,0.0113207547169811
"crane",33,"ols",5,"binary",0,2.22044604925031e-16,0.0113207547169811
"crane",33,"ols",5,"binary",0,2.22044604925031e-16,0.0113207547169811
"crane",33,"ols",5,"binary",0,2.22044604925031e-16,0.0113207547169811
"crane",33,"ols",5,"binary",0,2.22044604925031e-16,0.0113207547169811
"crane",33,"ols",5,"binary",0,2.22044604925031e-16,0.0113207547169811
"crane",33,"ols",5,"binary",0,2.22044604925031e-16,0.0113207547169811
"crane",33,"ols",5,"binary",0,2.22044604925031e-16,0.0113207547169811
"crane",33,"ols",5,"binary",0,2.22044604925031e-16,0.0113207547169811
"crane",33,"ols",5,"binary",0,2.22044604925031e-16,0.0113207547169811
"crane",33,"ols",5,"binary",0,2.22044604925031e-16,0.0113207547169811
"crane",33,"ols",5,"binary",0,2.22044604925031e-16,0.0113207547169811
"crane",33,"ols",5,"binary",0,2.22044604925031e-16,0.0113207547169811
"crane",33,"ols",5,"binary",0,2.22044604925031e-16,0.0113207547169811
"crane",33,"ols",5,"binary",1,1,0.0113207547169811
"crane",33,"ols",5,"binary",0,2.22044604925031e-16,0.0113207547169811
"crane",33,"ols",5,"binary",0,2.22044604925031e-16,0.0113207547169811
"crane",33,"ols",5,"binary",0,2.22044604925031e-16,0.0113207547169811
"crane",33,"ols",5,"binary",0,2.22044604925031e-16,0.0113207547169811
"crane",33,"ols",5,"binary",0,2.22044604925031e-16,0.0113207547169811
"crane",33,"ols",5,"binary",0,2.22044604925031e-16,0.0113207547169811
"crane",33,"ols",5,"binary",0,2.22044604925031e-16,0.0113207547169811
"crane",33,"ols",5,"binary",0,0.0822927846970315,0.0113207547169811
"crane",33,"ols",5,"binary",0,2.22044604925031e-16,0.0113207547169811
"crane",33,"ols",5,"binary",0,2.22044604925031e-16,0.0113207547169811
"crane",33,"ols",5,"binary",0,2.22044604925031e-16,0.0113207547169811
"crane",33,"ols",5,"binary",0,2.22044604925031e-16,0.0113207547169811
"crane",33,"ols",5,"binary",0,2.22044604925031e-16,0.0113207547169811
"crane",33,"ols",5,"binary",0,2.22044604925031e-16,0.0113207547169811
"crane",33,"ols",5,"binary",0,2.22044604925031e-16,0.0113207547169811
"crane",33,"ols",5,"binary",0,2.22044604925031e-16,0.0113207547169811
"crane",33,"ols",5,"binary",0,2.22044604925031e-16,0.0113207547169811
"crane",33,"ols",5,"binary",0,2.22044604925031e-16,0.0113207547169811
"crane",33,"ols",5,"binary",0,2.22044604925031e-16,0.0113207547169811
"crane",33,"ols",5,"binary",0,2.22044604925031e-16,0.0113207547169811
"crane",33,"ols",5,"binary",0,2.22044604925031e-16,0.0113207547169811
"crane",33,"ols",5,"binary",0,2.22044604925031e-16,0.0113207547169811
"crane",33,"ols",5,"binary",0,2.22044604925031e-16,0.0113207547169811
"crane",33,"ols",5,"binary",1,1,0.0113207547169811
"crane",33,"ols",5,"binary",0,2.22044604925031e-16,0.0113207547169811
"crane",33,"ols",5,"binary",0,2.22044604925031e-16,0.0113207547169811
"crane",33,"ols",5,"binary",0,2.22044604925031e-16,0.0113207547169811
"crane",33,"ols",5,"binary",0,2.22044604925031e-16,0.0113207547169811
"crane",33,"ols",5,"binary",0,2.22044604925031e-16,0.0113207547169811
"crane",33,"ols",5,"binary",0,2.22044604925031e-16,0.0113207547169811
"crane",33,"ols",5,"binary",0,2.22044604925031e-16,0.0113207547169811
"crane",33,"ols",5,"binary",0,0.0822927846970315,0.0113207547169811
"crane",33,"ols",5,"binary",0,2.22044604925031e-16,0.0113207547169811
"crane",33,"ols",5,"binary",0,2.22044604925031e-16,0.0113207547169811
"crane",33,"ols",5,"binary",0,2.22044604925031e-16,0.0113207547169811
"crane",33,"ols",5,"binary",0,2.22044604925031e-16,0.0113207547169811
"crane",33,"ols",5,"binary",0,2.22044604925031e-16,0.0113207547169811
"crane",33,"ols",5,"binary",0,2.22044604925031e-16,0.0113207547169811
"crane",33,"ols",5,"binary",0,2.22044604925031e-16,0.0113207547169811
"crane",33,"ols",5,"binary",0,2.22044604925031e-16,0.0113207547169811
"crane",33,"ols",5,"binary",0,2.22044604925031e-16,0.0113207547169811
"crane",33,"ols",5,"binary",0,2.22044604925031e-16,0.0113207547169811
"crane",33,"ols",5,"binary",0,2.22044604925031e-16,0.0113207547169811
"crane",33,"ols",5,"binary",0,2.22044604925031e-16,0.0113207547169811
"crane",33,"ols",5,"binary",0,2.22044604925031e-16,0.0113207547169811
"crane",33,"ols",5,"binary",0,2.22044604925031e-16,0.0113207547169811
"crane",33,"ols",5,"binary",0,2.22044604925031e-16,0.0113207547169811
"crane",33,"ols",5,"binary",1,1,0.0113207547169811
"crane",33,"ols",5,"binary",0,2.22044604925031e-16,0.0113207547169811
"crane",33,"ols",5,"binary",0,2.22044604925031e-16,0.0113207547169811
"crane",33,"ols",5,"binary",0,2.22044604925031e-16,0.0113207547169811
"crane",33,"ols",5,"binary",0,2.22044604925031e-16,0.0113207547169811
"crane",33,"ols",5,"binary",0,2.22044604925031e-16,0.0113207547169811
"crane",33,"ols",5,"binary",0,2.22044604925031e-16,0.0113207547169811
"crane",33,"ols",5,"binary",0,2.22044604925031e-16,0.0113207547169811
"crane",33,"ols",5,"binary",0,0.0822927846970315,0.0113207547169811
"crane",33,"ols",5,"binary",0,2.22044604925031e-16,0.0113207547169811
"crane",33,"ols",5,"binary",0,2.22044604925031e-16,0.0113207547169811
"crane",33,"ols",5,"binary",0,2.22044604925031e-16,0.0113207547169811
"crane",33,"ols",5,"binary",0,2.22044604925031e-16,0.0113207547169811
"crane",33,"ols",5,"binary",0,2.22044604925031e-16,0.0113207547169811
"crane",33,"ols",5,"binary",0,2.22044604925031e-16,0.0113207547169811
"crane",33,"ols",5,"binary",0,2.22044604925031e-16,0.0113207547169811
"crane",33,"ols",5,"binary",0,2.22044604925031e-16,0.0113207547169811
"crane",33,"ols",5,"binary",0,2.22044604925031e-16,0.0113207547169811
"crane",33,"ols",5,"binary",0,2.22044604925031e-16,0.0113207547169811
"crane",33,"ols",5,"binary",0,2.22044604925031e-16,0.0113207547169811
"crane",33,"ols",5,"binary",0,2.22044604925031e-16,0.0113207547169811
"crane",33,"ols",5,"binary",0,2.22044604925031e-16,0.0113207547169811
"crane",33,"ols",5,"binary",0,2.22044604925031e-16,0.0113207547169811
"crane",33,"ols",5,"binary",0,2.22044604925031e-16,0.0113207547169811
"crane",33,"ols",5,"binary",1,1,0.0113207547169811
"crane",33,"ols",5,"binary",0,2.22044604925031e-16,0.0113207547169811
"crane",33,"ols",5,"binary",0,2.22044604925031e-16,0.0113207547169811
"crane",33,"ols",5,"binary",0,2.22044604925031e-16,0.0113207547169811
"crane",33,"ols",5,"binary",0,2.22044604925031e-16,0.0113207547169811
"crane",33,"ols",5,"binary",0,2.22044604925031e-16,0.0113207547169811
"crane",33,"ols",5,"binary",0,2.22044604925031e-16,0.0113207547169811
"crane",33,"ols",5,"binary",0,2.22044604925031e-16,0.0113207547169811
"crane",33,"ols",5,"binary",0,0.0822927846970315,0.0113207547169811
"crane",33,"ols",5,"binary",0,2.22044604925031e-16,0.0113207547169811
"crane",33,"ols",5,"binary",0,2.22044604925031e-16,0.0113207547169811
"crane",33,"ols",5,"binary",0,2.22044604925031e-16,0.0113207547169811
"crane",33,"ols",5,"binary",0,2.22044604925031e-16,0.0113207547169811
"crane",33,"ols",5,"binary",0,2.22044604925031e-16,0.0113207547169811
"crane",33,"ols",5,"binary",0,2.22044604925031e-16,0.0113207547169811
"crane",33,"ols",5,"binary",0,2.22044604925031e-16,0.0113207547169811
"crane",33,"ols",5,"binary",0,2.22044604925031e-16,0.0113207547169811
"crane",33,"ols",5,"binary",0,2.22044604925031e-16,0.0113207547169811
"crane",33,"ols",5,"binary",0,2.22044604925031e-16,0.0113207547169811
"crane",33,"ols",5,"binary",0,2.22044604925031e-16,0.0113207547169811
"crane",33,"ols",5,"binary",0,2.22044604925031e-16,0.0113207547169811
"crane",33,"ols",5,"binary",0,2.22044604925031e-16,0.0113207547169811
"crane",33,"ols",5,"binary",0,2.22044604925031e-16,0.0113207547169811
"crane",33,"ols",5,"binary",0,2.22044604925031e-16,0.0113207547169811
"crane",33,"ols",5,"binary",1,1,0.0113207547169811
"crane",33,"ols",5,"binary",0,2.22044604925031e-16,0.0113207547169811
"crane",33,"ols",5,"binary",0,2.22044604925031e-16,0.0113207547169811
"crane",33,"ols",5,"binary",0,2.22044604925031e-16,0.0113207547169811
"crane",33,"ols",5,"binary",0,2.22044604925031e-16,0.0113207547169811
"crane",33,"gam_spatial",1,"binary",0,2.22044604925031e-16,0.0213592233009709
"crane",33,"gam_spatial",1,"binary",0,2.22044604925031e-16,0.0213592233009709
"crane",33,"gam_spatial",1,"binary",0,2.22044604925031e-16,0.0213592233009709
"crane",33,"gam_spatial",1,"binary",0,2.22044604925031e-16,0.0213592233009709
"crane",33,"gam_spatial",1,"binary",0,2.22044604925031e-16,0.0213592233009709
"crane",33,"gam_spatial",1,"binary",0,2.22044604925031e-16,0.0213592233009709
"crane",33,"gam_spatial",1,"binary",0,2.22044604925031e-16,0.0213592233009709
"crane",33,"gam_spatial",1,"binary",0,2.22044604925031e-16,0.0213592233009709
"crane",33,"gam_spatial",1,"binary",0,2.22044604925031e-16,0.0213592233009709
"crane",33,"gam_spatial",1,"binary",0,2.22044604925031e-16,0.0213592233009709
"crane",33,"gam_spatial",1,"binary",0,2.22044604925031e-16,0.0213592233009709
"crane",33,"gam_spatial",1,"binary",0,2.22044604925031e-16,0.0213592233009709
"crane",33,"gam_spatial",1,"binary",0,2.22044604925031e-16,0.0213592233009709
"crane",33,"gam_spatial",1,"binary",0,2.22044604925031e-16,0.0213592233009709
"crane",33,"gam_spatial",1,"binary",0,4.18869284021061e-05,0.0213592233009709
"crane",33,"gam_spatial",1,"binary",0,2.22044604925031e-16,0.0213592233009709
"crane",33,"gam_spatial",1,"binary",0,2.22044604925031e-16,0.0213592233009709
"crane",33,"gam_spatial",1,"binary",0,2.22044604925031e-16,0.0213592233009709
"crane",33,"gam_spatial",1,"binary",0,2.22044604925031e-16,0.0213592233009709
"crane",33,"gam_spatial",1,"binary",0,2.22044604925031e-16,0.0213592233009709
"crane",33,"gam_spatial",1,"binary",0,2.22044604925031e-16,0.0213592233009709
"crane",33,"gam_spatial",1,"binary",0,2.22044604925031e-16,0.0213592233009709
"crane",33,"gam_spatial",1,"binary",0,2.22044604925031e-16,0.0213592233009709
"crane",33,"gam_spatial",1,"binary",0,2.22044604925031e-16,0.0213592233009709
"crane",33,"gam_spatial",1,"binary",0,2.22044604925031e-16,0.0213592233009709
"crane",33,"gam_spatial",1,"binary",0,2.22044604925031e-16,0.0213592233009709
"crane",33,"gam_spatial",1,"binary",0,2.22044604925031e-16,0.0213592233009709
"crane",33,"gam_spatial",1,"binary",0,2.22044604925031e-16,0.0213592233009709
"crane",33,"gam_spatial",1,"binary",0,2.22044604925031e-16,0.0213592233009709
"crane",33,"gam_spatial",1,"binary",0,2.22044604925031e-16,0.0213592233009709
"crane",33,"gam_spatial",1,"binary",0,2.22044604925031e-16,0.0213592233009709
"crane",33,"gam_spatial",1,"binary",0,2.22044604925031e-16,0.0213592233009709
"crane",33,"gam_spatial",1,"binary",0,2.22044604925031e-16,0.0213592233009709
"crane",33,"gam_spatial",1,"binary",0,2.22044604925031e-16,0.0213592233009709
"crane",33,"gam_spatial",1,"binary",0,2.22044604925031e-16,0.0213592233009709
"crane",33,"gam_spatial",1,"binary",0,2.22044604925031e-16,0.0213592233009709
"crane",33,"gam_spatial",1,"binary",0,2.22044604925031e-16,0.0213592233009709
"crane",33,"gam_spatial",1,"binary",0,2.22044604925031e-16,0.0213592233009709
"crane",33,"gam_spatial",1,"binary",0,2.22044604925031e-16,0.0213592233009709
"crane",33,"gam_spatial",1,"binary",0,2.22044604925031e-16,0.0213592233009709
"crane",33,"gam_spatial",1,"binary",0,2.22044604925031e-16,0.0213592233009709
"crane",33,"gam_spatial",1,"binary",0,4.18869284021061e-05,0.0213592233009709
"crane",33,"gam_spatial",1,"binary",0,2.22044604925031e-16,0.0213592233009709
"crane",33,"gam_spatial",1,"binary",0,2.22044604925031e-16,0.0213592233009709
"crane",33,"gam_spatial",1,"binary",0,2.22044604925031e-16,0.0213592233009709
"crane",33,"gam_spatial",1,"binary",0,2.22044604925031e-16,0.0213592233009709
"crane",33,"gam_spatial",1,"binary",0,2.22044604925031e-16,0.0213592233009709
"crane",33,"gam_spatial",1,"binary",0,2.22044604925031e-16,0.0213592233009709
"crane",33,"gam_spatial",1,"binary",0,2.22044604925031e-16,0.0213592233009709
"crane",33,"gam_spatial",1,"binary",0,2.22044604925031e-16,0.0213592233009709
"crane",33,"gam_spatial",1,"binary",0,2.22044604925031e-16,0.0213592233009709
"crane",33,"gam_spatial",1,"binary",0,2.22044604925031e-16,0.0213592233009709
"crane",33,"gam_spatial",1,"binary",0,2.22044604925031e-16,0.0213592233009709
"crane",33,"gam_spatial",1,"binary",0,2.22044604925031e-16,0.0213592233009709
"crane",33,"gam_spatial",1,"binary",0,2.22044604925031e-16,0.0213592233009709
"crane",33,"gam_spatial",1,"binary",0,2.22044604925031e-16,0.0213592233009709
"crane",33,"gam_spatial",1,"binary",0,2.22044604925031e-16,0.0213592233009709
"crane",33,"gam_spatial",1,"binary",0,2.22044604925031e-16,0.0213592233009709
"crane",33,"gam_spatial",1,"binary",0,2.22044604925031e-16,0.0213592233009709
"crane",33,"gam_spatial",1,"binary",0,2.22044604925031e-16,0.0213592233009709
"crane",33,"gam_spatial",1,"binary",0,2.22044604925031e-16,0.0213592233009709
"crane",33,"gam_spatial",1,"binary",0,2.22044604925031e-16,0.0213592233009709
"crane",33,"gam_spatial",1,"binary",0,2.22044604925031e-16,0.0213592233009709
"crane",33,"gam_spatial",1,"binary",0,2.22044604925031e-16,0.0213592233009709
"crane",33,"gam_spatial",1,"binary",0,2.22044604925031e-16,0.0213592233009709
"crane",33,"gam_spatial",1,"binary",0,2.22044604925031e-16,0.0213592233009709
"crane",33,"gam_spatial",1,"binary",0,2.22044604925031e-16,0.0213592233009709
"crane",33,"gam_spatial",1,"binary",0,2.22044604925031e-16,0.0213592233009709
"crane",33,"gam_spatial",1,"binary",0,4.18869284021061e-05,0.0213592233009709
"crane",33,"gam_spatial",1,"binary",0,2.22044604925031e-16,0.0213592233009709
"crane",33,"gam_spatial",1,"binary",0,2.22044604925031e-16,0.0213592233009709
"crane",33,"gam_spatial",1,"binary",0,2.22044604925031e-16,0.0213592233009709
"crane",33,"gam_spatial",1,"binary",0,2.22044604925031e-16,0.0213592233009709
"crane",33,"gam_spatial",1,"binary",0,2.22044604925031e-16,0.0213592233009709
"crane",33,"gam_spatial",1,"binary",0,2.22044604925031e-16,0.0213592233009709
"crane",33,"gam_spatial",1,"binary",0,2.22044604925031e-16,0.0213592233009709
"crane",33,"gam_spatial",1,"binary",0,2.22044604925031e-16,0.0213592233009709
"crane",33,"gam_spatial",1,"binary",0,2.22044604925031e-16,0.0213592233009709
"crane",33,"gam_spatial",1,"binary",0,2.22044604925031e-16,0.0213592233009709
"crane",33,"gam_spatial",1,"binary",0,2.22044604925031e-16,0.0213592233009709
"crane",33,"gam_spatial",1,"binary",0,2.22044604925031e-16,0.0213592233009709
"crane",33,"gam_spatial",1,"binary",0,2.22044604925031e-16,0.0213592233009709
"crane",33,"gam_spatial",1,"binary",0,2.22044604925031e-16,0.0213592233009709
"crane",33,"gam_spatial",1,"binary",0,2.22044604925031e-16,0.0213592233009709
"crane",33,"gam_spatial",1,"binary",0,2.22044604925031e-16,0.0213592233009709
"crane",33,"gam_spatial",1,"binary",0,2.22044604925031e-16,0.0213592233009709
"crane",33,"gam_spatial",1,"binary",0,2.22044604925031e-16,0.0213592233009709
"crane",33,"gam_spatial",1,"binary",0,2.22044604925031e-16,0.0213592233009709
"crane",33,"gam_spatial",1,"binary",0,2.22044604925031e-16,0.0213592233009709
"crane",33,"gam_spatial",1,"binary",0,2.22044604925031e-16,0.0213592233009709
"crane",33,"gam_spatial",1,"binary",0,2.22044604925031e-16,0.0213592233009709
"crane",33,"gam_spatial",1,"binary",0,2.22044604925031e-16,0.0213592233009709
"crane",33,"gam_spatial",1,"binary",0,2.22044604925031e-16,0.0213592233009709
"crane",33,"gam_spatial",1,"binary",0,2.22044604925031e-16,0.0213592233009709
"crane",33,"gam_spatial",1,"binary",0,2.22044604925031e-16,0.0213592233009709
"crane",33,"gam_spatial",1,"binary",0,4.18869284021061e-05,0.0213592233009709
"crane",33,"gam_spatial",1,"binary",0,2.22044604925031e-16,0.0213592233009709
"crane",33,"gam_spatial",1,"binary",0,2.22044604925031e-16,0.0213592233009709
"crane",33,"gam_spatial",1,"binary",0,2.22044604925031e-16,0.0213592233009709
"crane",33,"gam_spatial",1,"binary",0,2.22044604925031e-16,0.0213592233009709
"crane",33,"gam_spatial",1,"binary",0,2.22044604925031e-16,0.0213592233009709
"crane",33,"gam_spatial",1,"binary",0,2.22044604925031e-16,0.0213592233009709
"crane",33,"gam_spatial",1,"binary",0,2.22044604925031e-16,0.0213592233009709
"crane",33,"gam_spatial",1,"binary",0,2.22044604925031e-16,0.0213592233009709
"crane",33,"gam_spatial",1,"binary",0,2.22044604925031e-16,0.0213592233009709
"crane",33,"gam_spatial",1,"binary",0,2.22044604925031e-16,0.0213592233009709
"crane",33,"gam_spatial",1,"binary",0,2.22044604925031e-16,0.0213592233009709
"crane",33,"gam_spatial",1,"binary",0,2.22044604925031e-16,0.0213592233009709
"crane",33,"gam_spatial",1,"binary",0,2.22044604925031e-16,0.0213592233009709
"crane",33,"gam_spatial",1,"binary",0,2.22044604925031e-16,0.0213592233009709
"crane",33,"gam_spatial",1,"binary",0,2.22044604925031e-16,0.0213592233009709
"crane",33,"gam_spatial",1,"binary",0,2.22044604925031e-16,0.0213592233009709
"crane",33,"gam_spatial",1,"binary",0,2.22044604925031e-16,0.0213592233009709
"crane",33,"gam_spatial",1,"binary",0,2.22044604925031e-16,0.0213592233009709
"crane",33,"gam_spatial",1,"binary",0,2.22044604925031e-16,0.0213592233009709
"crane",33,"gam_spatial",1,"binary",0,2.22044604925031e-16,0.0213592233009709
"crane",33,"gam_spatial",1,"binary",0,2.22044604925031e-16,0.0213592233009709
"crane",33,"gam_spatial",1,"binary",0,2.22044604925031e-16,0.0213592233009709
"crane",33,"gam_spatial",1,"binary",0,2.22044604925031e-16,0.0213592233009709
"crane",33,"gam_spatial",1,"binary",0,2.22044604925031e-16,0.0213592233009709
"crane",33,"gam_spatial",1,"binary",0,2.22044604925031e-16,0.0213592233009709
"crane",33,"gam_spatial",1,"binary",0,2.22044604925031e-16,0.0213592233009709
"crane",33,"gam_spatial",1,"binary",0,4.18869284021061e-05,0.0213592233009709
"crane",33,"gam_spatial",1,"binary",0,2.22044604925031e-16,0.0213592233009709
"crane",33,"gam_spatial",1,"binary",0,2.22044604925031e-16,0.0213592233009709
"crane",33,"gam_spatial",1,"binary",0,2.22044604925031e-16,0.0213592233009709
"crane",33,"gam_spatial",1,"binary",0,2.22044604925031e-16,0.0213592233009709
"crane",33,"gam_spatial",1,"binary",0,2.22044604925031e-16,0.0213592233009709
"crane",33,"gam_spatial",1,"binary",0,2.22044604925031e-16,0.0213592233009709
"crane",33,"gam_spatial",1,"binary",0,2.22044604925031e-16,0.0213592233009709
"crane",33,"gam_spatial",1,"binary",0,2.22044604925031e-16,0.0213592233009709
"crane",33,"gam_spatial",1,"binary",0,2.22044604925031e-16,0.0213592233009709
"crane",33,"gam_spatial",1,"binary",0,2.22044604925031e-16,0.0213592233009709
"crane",33,"gam_spatial",1,"binary",0,2.22044604925031e-16,0.0213592233009709
"crane",33,"gam_spatial",1,"binary",0,2.22044604925031e-16,0.0213592233009709
"crane",33,"gam_spatial",2,"binary",0,2.22044604925031e-16,0.0217821782178218
"crane",33,"gam_spatial",2,"binary",0,2.22044604925031e-16,0.0217821782178218
"crane",33,"gam_spatial",2,"binary",0,2.22044604925031e-16,0.0217821782178218
"crane",33,"gam_spatial",2,"binary",0,2.22044604925031e-16,0.0217821782178218
"crane",33,"gam_spatial",2,"binary",0,2.22044604925031e-16,0.0217821782178218
"crane",33,"gam_spatial",2,"binary",0,2.22044604925031e-16,0.0217821782178218
"crane",33,"gam_spatial",2,"binary",0,2.22044604925031e-16,0.0217821782178218
"crane",33,"gam_spatial",2,"binary",0,2.22044604925031e-16,0.0217821782178218
"crane",33,"gam_spatial",2,"binary",0,2.22044604925031e-16,0.0217821782178218
"crane",33,"gam_spatial",2,"binary",0,2.22044604925031e-16,0.0217821782178218
"crane",33,"gam_spatial",2,"binary",0,0.111995970243663,0.0217821782178218
"crane",33,"gam_spatial",2,"binary",0,2.22044604925031e-16,0.0217821782178218
"crane",33,"gam_spatial",2,"binary",0,2.22044604925031e-16,0.0217821782178218
"crane",33,"gam_spatial",2,"binary",0,4.29156714165507e-11,0.0217821782178218
"crane",33,"gam_spatial",2,"binary",0,0.999991156134229,0.0217821782178218
"crane",33,"gam_spatial",2,"binary",0,2.22044604925031e-16,0.0217821782178218
"crane",33,"gam_spatial",2,"binary",0,2.22044604925031e-16,0.0217821782178218
"crane",33,"gam_spatial",2,"binary",0,2.22044604925031e-16,0.0217821782178218
"crane",33,"gam_spatial",2,"binary",0,2.22044604925031e-16,0.0217821782178218
"crane",33,"gam_spatial",2,"binary",0,2.22044604925031e-16,0.0217821782178218
"crane",33,"gam_spatial",2,"binary",0,2.22044604925031e-16,0.0217821782178218
"crane",33,"gam_spatial",2,"binary",0,2.22044604925031e-16,0.0217821782178218
"crane",33,"gam_spatial",2,"binary",0,2.22044604925031e-16,0.0217821782178218
"crane",33,"gam_spatial",2,"binary",0,1,0.0217821782178218
"crane",33,"gam_spatial",2,"binary",0,1.42185582541523e-06,0.0217821782178218
"crane",33,"gam_spatial",2,"binary",0,6.9706462148245e-05,0.0217821782178218
"crane",33,"gam_spatial",2,"binary",0,2.22044604925031e-16,0.0217821782178218
"crane",33,"gam_spatial",2,"binary",0,2.22044604925031e-16,0.0217821782178218
"crane",33,"gam_spatial",2,"binary",0,2.22044604925031e-16,0.0217821782178218
"crane",33,"gam_spatial",2,"binary",0,2.22044604925031e-16,0.0217821782178218
"crane",33,"gam_spatial",2,"binary",0,2.22044604925031e-16,0.0217821782178218
"crane",33,"gam_spatial",2,"binary",0,2.22044604925031e-16,0.0217821782178218
"crane",33,"gam_spatial",2,"binary",0,2.22044604925031e-16,0.0217821782178218
"crane",33,"gam_spatial",2,"binary",0,2.22044604925031e-16,0.0217821782178218
"crane",33,"gam_spatial",2,"binary",0,2.22044604925031e-16,0.0217821782178218
"crane",33,"gam_spatial",2,"binary",0,2.22044604925031e-16,0.0217821782178218
"crane",33,"gam_spatial",2,"binary",0,2.22044604925031e-16,0.0217821782178218
"crane",33,"gam_spatial",2,"binary",0,2.22044604925031e-16,0.0217821782178218
"crane",33,"gam_spatial",2,"binary",0,2.22044604925031e-16,0.0217821782178218
"crane",33,"gam_spatial",2,"binary",0,0.111995970243663,0.0217821782178218
"crane",33,"gam_spatial",2,"binary",0,2.22044604925031e-16,0.0217821782178218
"crane",33,"gam_spatial",2,"binary",0,2.22044604925031e-16,0.0217821782178218
"crane",33,"gam_spatial",2,"binary",0,4.29156714165507e-11,0.0217821782178218
"crane",33,"gam_spatial",2,"binary",0,0.999991156134229,0.0217821782178218
"crane",33,"gam_spatial",2,"binary",0,2.22044604925031e-16,0.0217821782178218
"crane",33,"gam_spatial",2,"binary",0,2.22044604925031e-16,0.0217821782178218
"crane",33,"gam_spatial",2,"binary",0,2.22044604925031e-16,0.0217821782178218
"crane",33,"gam_spatial",2,"binary",0,2.22044604925031e-16,0.0217821782178218
"crane",33,"gam_spatial",2,"binary",0,2.22044604925031e-16,0.0217821782178218
"crane",33,"gam_spatial",2,"binary",0,2.22044604925031e-16,0.0217821782178218
"crane",33,"gam_spatial",2,"binary",0,2.22044604925031e-16,0.0217821782178218
"crane",33,"gam_spatial",2,"binary",0,2.22044604925031e-16,0.0217821782178218
"crane",33,"gam_spatial",2,"binary",0,1,0.0217821782178218
"crane",33,"gam_spatial",2,"binary",0,1.42185582541523e-06,0.0217821782178218
"crane",33,"gam_spatial",2,"binary",0,6.9706462148245e-05,0.0217821782178218
"crane",33,"gam_spatial",2,"binary",0,2.22044604925031e-16,0.0217821782178218
"crane",33,"gam_spatial",2,"binary",0,2.22044604925031e-16,0.0217821782178218
"crane",33,"gam_spatial",2,"binary",0,2.22044604925031e-16,0.0217821782178218
"crane",33,"gam_spatial",2,"binary",0,2.22044604925031e-16,0.0217821782178218
"crane",33,"gam_spatial",2,"binary",0,2.22044604925031e-16,0.0217821782178218
"crane",33,"gam_spatial",2,"binary",0,2.22044604925031e-16,0.0217821782178218
"crane",33,"gam_spatial",2,"binary",0,2.22044604925031e-16,0.0217821782178218
"crane",33,"gam_spatial",2,"binary",0,2.22044604925031e-16,0.0217821782178218
"crane",33,"gam_spatial",2,"binary",0,2.22044604925031e-16,0.0217821782178218
"crane",33,"gam_spatial",2,"binary",0,2.22044604925031e-16,0.0217821782178218
"crane",33,"gam_spatial",2,"binary",0,2.22044604925031e-16,0.0217821782178218
"crane",33,"gam_spatial",2,"binary",0,2.22044604925031e-16,0.0217821782178218
"crane",33,"gam_spatial",2,"binary",0,2.22044604925031e-16,0.0217821782178218
"crane",33,"gam_spatial",2,"binary",0,0.111995970243663,0.0217821782178218
"crane",33,"gam_spatial",2,"binary",0,2.22044604925031e-16,0.0217821782178218
"crane",33,"gam_spatial",2,"binary",0,2.22044604925031e-16,0.0217821782178218
"crane",33,"gam_spatial",2,"binary",0,4.29156714165507e-11,0.0217821782178218
"crane",33,"gam_spatial",2,"binary",0,0.999991156134229,0.0217821782178218
"crane",33,"gam_spatial",2,"binary",0,2.22044604925031e-16,0.0217821782178218
"crane",33,"gam_spatial",2,"binary",0,2.22044604925031e-16,0.0217821782178218
"crane",33,"gam_spatial",2,"binary",0,2.22044604925031e-16,0.0217821782178218
"crane",33,"gam_spatial",2,"binary",0,2.22044604925031e-16,0.0217821782178218
"crane",33,"gam_spatial",2,"binary",0,2.22044604925031e-16,0.0217821782178218
"crane",33,"gam_spatial",2,"binary",0,2.22044604925031e-16,0.0217821782178218
"crane",33,"gam_spatial",2,"binary",0,2.22044604925031e-16,0.0217821782178218
"crane",33,"gam_spatial",2,"binary",0,2.22044604925031e-16,0.0217821782178218
"crane",33,"gam_spatial",2,"binary",0,1,0.0217821782178218
"crane",33,"gam_spatial",2,"binary",0,1.42185582541523e-06,0.0217821782178218
"crane",33,"gam_spatial",2,"binary",0,6.9706462148245e-05,0.0217821782178218
"crane",33,"gam_spatial",2,"binary",0,2.22044604925031e-16,0.0217821782178218
"crane",33,"gam_spatial",2,"binary",0,2.22044604925031e-16,0.0217821782178218
"crane",33,"gam_spatial",2,"binary",0,2.22044604925031e-16,0.0217821782178218
"crane",33,"gam_spatial",2,"binary",0,2.22044604925031e-16,0.0217821782178218
"crane",33,"gam_spatial",2,"binary",0,2.22044604925031e-16,0.0217821782178218
"crane",33,"gam_spatial",2,"binary",0,2.22044604925031e-16,0.0217821782178218
"crane",33,"gam_spatial",2,"binary",0,2.22044604925031e-16,0.0217821782178218
"crane",33,"gam_spatial",2,"binary",0,2.22044604925031e-16,0.0217821782178218
"crane",33,"gam_spatial",2,"binary",0,2.22044604925031e-16,0.0217821782178218
"crane",33,"gam_spatial",2,"binary",0,2.22044604925031e-16,0.0217821782178218
"crane",33,"gam_spatial",2,"binary",0,2.22044604925031e-16,0.0217821782178218
"crane",33,"gam_spatial",2,"binary",0,2.22044604925031e-16,0.0217821782178218
"crane",33,"gam_spatial",2,"binary",0,2.22044604925031e-16,0.0217821782178218
"crane",33,"gam_spatial",2,"binary",0,0.111995970243663,0.0217821782178218
"crane",33,"gam_spatial",2,"binary",0,2.22044604925031e-16,0.0217821782178218
"crane",33,"gam_spatial",2,"binary",0,2.22044604925031e-16,0.0217821782178218
"crane",33,"gam_spatial",2,"binary",0,4.29156714165507e-11,0.0217821782178218
"crane",33,"gam_spatial",2,"binary",0,0.999991156134229,0.0217821782178218
"crane",33,"gam_spatial",2,"binary",0,2.22044604925031e-16,0.0217821782178218
"crane",33,"gam_spatial",2,"binary",0,2.22044604925031e-16,0.0217821782178218
"crane",33,"gam_spatial",2,"binary",0,2.22044604925031e-16,0.0217821782178218
"crane",33,"gam_spatial",2,"binary",0,2.22044604925031e-16,0.0217821782178218
"crane",33,"gam_spatial",2,"binary",0,2.22044604925031e-16,0.0217821782178218
"crane",33,"gam_spatial",2,"binary",0,2.22044604925031e-16,0.0217821782178218
"crane",33,"gam_spatial",2,"binary",0,2.22044604925031e-16,0.0217821782178218
"crane",33,"gam_spatial",2,"binary",0,2.22044604925031e-16,0.0217821782178218
"crane",33,"gam_spatial",2,"binary",0,1,0.0217821782178218
"crane",33,"gam_spatial",2,"binary",0,1.42185582541523e-06,0.0217821782178218
"crane",33,"gam_spatial",2,"binary",0,6.9706462148245e-05,0.0217821782178218
"crane",33,"gam_spatial",2,"binary",0,2.22044604925031e-16,0.0217821782178218
"crane",33,"gam_spatial",2,"binary",0,2.22044604925031e-16,0.0217821782178218
"crane",33,"gam_spatial",2,"binary",0,2.22044604925031e-16,0.0217821782178218
"crane",33,"gam_spatial",2,"binary",0,2.22044604925031e-16,0.0217821782178218
"crane",33,"gam_spatial",2,"binary",0,2.22044604925031e-16,0.0217821782178218
"crane",33,"gam_spatial",2,"binary",0,2.22044604925031e-16,0.0217821782178218
"crane",33,"gam_spatial",2,"binary",0,2.22044604925031e-16,0.0217821782178218
"crane",33,"gam_spatial",2,"binary",0,2.22044604925031e-16,0.0217821782178218
"crane",33,"gam_spatial",2,"binary",0,2.22044604925031e-16,0.0217821782178218
"crane",33,"gam_spatial",2,"binary",0,2.22044604925031e-16,0.0217821782178218
"crane",33,"gam_spatial",2,"binary",0,2.22044604925031e-16,0.0217821782178218
"crane",33,"gam_spatial",2,"binary",0,2.22044604925031e-16,0.0217821782178218
"crane",33,"gam_spatial",2,"binary",0,2.22044604925031e-16,0.0217821782178218
"crane",33,"gam_spatial",2,"binary",0,0.111995970243663,0.0217821782178218
"crane",33,"gam_spatial",2,"binary",0,2.22044604925031e-16,0.0217821782178218
"crane",33,"gam_spatial",2,"binary",0,2.22044604925031e-16,0.0217821782178218
"crane",33,"gam_spatial",2,"binary",0,4.29156714165507e-11,0.0217821782178218
"crane",33,"gam_spatial",2,"binary",0,0.999991156134229,0.0217821782178218
"crane",33,"gam_spatial",2,"binary",0,2.22044604925031e-16,0.0217821782178218
"crane",33,"gam_spatial",2,"binary",0,2.22044604925031e-16,0.0217821782178218
"crane",33,"gam_spatial",2,"binary",0,2.22044604925031e-16,0.0217821782178218
"crane",33,"gam_spatial",2,"binary",0,2.22044604925031e-16,0.0217821782178218
"crane",33,"gam_spatial",2,"binary",0,2.22044604925031e-16,0.0217821782178218
"crane",33,"gam_spatial",2,"binary",0,2.22044604925031e-16,0.0217821782178218
"crane",33,"gam_spatial",2,"binary",0,2.22044604925031e-16,0.0217821782178218
"crane",33,"gam_spatial",2,"binary",0,2.22044604925031e-16,0.0217821782178218
"crane",33,"gam_spatial",2,"binary",0,1,0.0217821782178218
"crane",33,"gam_spatial",2,"binary",0,1.42185582541523e-06,0.0217821782178218
"crane",33,"gam_spatial",2,"binary",0,6.9706462148245e-05,0.0217821782178218
"crane",33,"gam_spatial",2,"binary",0,2.22044604925031e-16,0.0217821782178218
"crane",33,"gam_spatial",2,"binary",0,2.22044604925031e-16,0.0217821782178218
"crane",33,"gam_spatial",2,"binary",0,2.22044604925031e-16,0.0217821782178218
"crane",33,"gam_spatial",3,"binary",0,2.22044604925031e-16,0.0114285714285714
"crane",33,"gam_spatial",3,"binary",0,2.22044604925031e-16,0.0114285714285714
"crane",33,"gam_spatial",3,"binary",0,2.22044604925031e-16,0.0114285714285714
"crane",33,"gam_spatial",3,"binary",0,2.22044604925031e-16,0.0114285714285714
"crane",33,"gam_spatial",3,"binary",0,2.22044604925031e-16,0.0114285714285714
"crane",33,"gam_spatial",3,"binary",0,2.22044604925031e-16,0.0114285714285714
"crane",33,"gam_spatial",3,"binary",0,2.22044604925031e-16,0.0114285714285714
"crane",33,"gam_spatial",3,"binary",0,2.22044604925031e-16,0.0114285714285714
"crane",33,"gam_spatial",3,"binary",0,2.22044604925031e-16,0.0114285714285714
"crane",33,"gam_spatial",3,"binary",0,2.22044604925031e-16,0.0114285714285714
"crane",33,"gam_spatial",3,"binary",0,2.22044604925031e-16,0.0114285714285714
"crane",33,"gam_spatial",3,"binary",0,2.22044604925031e-16,0.0114285714285714
"crane",33,"gam_spatial",3,"binary",0,2.22044604925031e-16,0.0114285714285714
"crane",33,"gam_spatial",3,"binary",0,2.22044604925031e-16,0.0114285714285714
"crane",33,"gam_spatial",3,"binary",0,2.22044604925031e-16,0.0114285714285714
"crane",33,"gam_spatial",3,"binary",0,2.22044604925031e-16,0.0114285714285714
"crane",33,"gam_spatial",3,"binary",0,2.22044604925031e-16,0.0114285714285714
"crane",33,"gam_spatial",3,"binary",1,0.999995128726214,0.0114285714285714
"crane",33,"gam_spatial",3,"binary",0,2.22044604925031e-16,0.0114285714285714
"crane",33,"gam_spatial",3,"binary",0,2.22044604925031e-16,0.0114285714285714
"crane",33,"gam_spatial",3,"binary",0,2.22044604925031e-16,0.0114285714285714
"crane",33,"gam_spatial",3,"binary",0,2.22044604925031e-16,0.0114285714285714
"crane",33,"gam_spatial",3,"binary",0,2.22044604925031e-16,0.0114285714285714
"crane",33,"gam_spatial",3,"binary",0,2.22044604925031e-16,0.0114285714285714
"crane",33,"gam_spatial",3,"binary",0,2.22044604925031e-16,0.0114285714285714
"crane",33,"gam_spatial",3,"binary",0,2.22044604925031e-16,0.0114285714285714
"crane",33,"gam_spatial",3,"binary",0,2.22044604925031e-16,0.0114285714285714
"crane",33,"gam_spatial",3,"binary",0,2.22044604925031e-16,0.0114285714285714
"crane",33,"gam_spatial",3,"binary",0,2.22044604925031e-16,0.0114285714285714
"crane",33,"gam_spatial",3,"binary",0,2.22044604925031e-16,0.0114285714285714
"crane",33,"gam_spatial",3,"binary",0,2.22044604925031e-16,0.0114285714285714
"crane",33,"gam_spatial",3,"binary",0,2.22044604925031e-16,0.0114285714285714
"crane",33,"gam_spatial",3,"binary",0,2.22044604925031e-16,0.0114285714285714
"crane",33,"gam_spatial",3,"binary",0,2.22044604925031e-16,0.0114285714285714
"crane",33,"gam_spatial",3,"binary",0,2.22044604925031e-16,0.0114285714285714
"crane",33,"gam_spatial",3,"binary",0,2.22044604925031e-16,0.0114285714285714
"crane",33,"gam_spatial",3,"binary",0,2.22044604925031e-16,0.0114285714285714
"crane",33,"gam_spatial",3,"binary",0,2.22044604925031e-16,0.0114285714285714
"crane",33,"gam_spatial",3,"binary",0,2.22044604925031e-16,0.0114285714285714
"crane",33,"gam_spatial",3,"binary",0,2.22044604925031e-16,0.0114285714285714
"crane",33,"gam_spatial",3,"binary",0,2.22044604925031e-16,0.0114285714285714
"crane",33,"gam_spatial",3,"binary",0,2.22044604925031e-16,0.0114285714285714
"crane",33,"gam_spatial",3,"binary",1,0.999995128726214,0.0114285714285714
"crane",33,"gam_spatial",3,"binary",0,2.22044604925031e-16,0.0114285714285714
"crane",33,"gam_spatial",3,"binary",0,2.22044604925031e-16,0.0114285714285714
"crane",33,"gam_spatial",3,"binary",0,2.22044604925031e-16,0.0114285714285714
"crane",33,"gam_spatial",3,"binary",0,2.22044604925031e-16,0.0114285714285714
"crane",33,"gam_spatial",3,"binary",0,2.22044604925031e-16,0.0114285714285714
"crane",33,"gam_spatial",3,"binary",0,2.22044604925031e-16,0.0114285714285714
"crane",33,"gam_spatial",3,"binary",0,2.22044604925031e-16,0.0114285714285714
"crane",33,"gam_spatial",3,"binary",0,2.22044604925031e-16,0.0114285714285714
"crane",33,"gam_spatial",3,"binary",0,2.22044604925031e-16,0.0114285714285714
"crane",33,"gam_spatial",3,"binary",0,2.22044604925031e-16,0.0114285714285714
"crane",33,"gam_spatial",3,"binary",0,2.22044604925031e-16,0.0114285714285714
"crane",33,"gam_spatial",3,"binary",0,2.22044604925031e-16,0.0114285714285714
"crane",33,"gam_spatial",3,"binary",0,2.22044604925031e-16,0.0114285714285714
"crane",33,"gam_spatial",3,"binary",0,2.22044604925031e-16,0.0114285714285714
"crane",33,"gam_spatial",3,"binary",0,2.22044604925031e-16,0.0114285714285714
"crane",33,"gam_spatial",3,"binary",0,2.22044604925031e-16,0.0114285714285714
"crane",33,"gam_spatial",3,"binary",0,2.22044604925031e-16,0.0114285714285714
"crane",33,"gam_spatial",3,"binary",0,2.22044604925031e-16,0.0114285714285714
"crane",33,"gam_spatial",3,"binary",0,2.22044604925031e-16,0.0114285714285714
"crane",33,"gam_spatial",3,"binary",0,2.22044604925031e-16,0.0114285714285714
"crane",33,"gam_spatial",3,"binary",0,2.22044604925031e-16,0.0114285714285714
"crane",33,"gam_spatial",3,"binary",0,2.22044604925031e-16,0.0114285714285714
"crane",33,"gam_spatial",3,"binary",0,2.22044604925031e-16,0.0114285714285714
"crane",33,"gam_spatial",3,"binary",0,2.22044604925031e-16,0.0114285714285714
"crane",33,"gam_spatial",3,"binary",1,0.999995128726214,0.0114285714285714
"crane",33,"gam_spatial",3,"binary",0,2.22044604925031e-16,0.0114285714285714
"crane",33,"gam_spatial",3,"binary",0,2.22044604925031e-16,0.0114285714285714
"crane",33,"gam_spatial",3,"binary",0,2.22044604925031e-16,0.0114285714285714
"crane",33,"gam_spatial",3,"binary",0,2.22044604925031e-16,0.0114285714285714
"crane",33,"gam_spatial",3,"binary",0,2.22044604925031e-16,0.0114285714285714
"crane",33,"gam_spatial",3,"binary",0,2.22044604925031e-16,0.0114285714285714
"crane",33,"gam_spatial",3,"binary",0,2.22044604925031e-16,0.0114285714285714
"crane",33,"gam_spatial",3,"binary",0,2.22044604925031e-16,0.0114285714285714
"crane",33,"gam_spatial",3,"binary",0,2.22044604925031e-16,0.0114285714285714
"crane",33,"gam_spatial",3,"binary",0,2.22044604925031e-16,0.0114285714285714
"crane",33,"gam_spatial",3,"binary",0,2.22044604925031e-16,0.0114285714285714
"crane",33,"gam_spatial",3,"binary",0,2.22044604925031e-16,0.0114285714285714
"crane",33,"gam_spatial",3,"binary",0,2.22044604925031e-16,0.0114285714285714
"crane",33,"gam_spatial",3,"binary",0,2.22044604925031e-16,0.0114285714285714
"crane",33,"gam_spatial",3,"binary",0,2.22044604925031e-16,0.0114285714285714
"crane",33,"gam_spatial",3,"binary",0,2.22044604925031e-16,0.0114285714285714
"crane",33,"gam_spatial",3,"binary",0,2.22044604925031e-16,0.0114285714285714
"crane",33,"gam_spatial",3,"binary",0,2.22044604925031e-16,0.0114285714285714
"crane",33,"gam_spatial",3,"binary",0,2.22044604925031e-16,0.0114285714285714
"crane",33,"gam_spatial",3,"binary",0,2.22044604925031e-16,0.0114285714285714
"crane",33,"gam_spatial",3,"binary",0,2.22044604925031e-16,0.0114285714285714
"crane",33,"gam_spatial",3,"binary",0,2.22044604925031e-16,0.0114285714285714
"crane",33,"gam_spatial",3,"binary",0,2.22044604925031e-16,0.0114285714285714
"crane",33,"gam_spatial",3,"binary",0,2.22044604925031e-16,0.0114285714285714
"crane",33,"gam_spatial",3,"binary",1,0.999995128726214,0.0114285714285714
"crane",33,"gam_spatial",3,"binary",0,2.22044604925031e-16,0.0114285714285714
"crane",33,"gam_spatial",3,"binary",0,2.22044604925031e-16,0.0114285714285714
"crane",33,"gam_spatial",3,"binary",0,2.22044604925031e-16,0.0114285714285714
"crane",33,"gam_spatial",3,"binary",0,2.22044604925031e-16,0.0114285714285714
"crane",33,"gam_spatial",3,"binary",0,2.22044604925031e-16,0.0114285714285714
"crane",33,"gam_spatial",3,"binary",0,2.22044604925031e-16,0.0114285714285714
"crane",33,"gam_spatial",3,"binary",0,2.22044604925031e-16,0.0114285714285714
"crane",33,"gam_spatial",3,"binary",0,2.22044604925031e-16,0.0114285714285714
"crane",33,"gam_spatial",3,"binary",0,2.22044604925031e-16,0.0114285714285714
"crane",33,"gam_spatial",3,"binary",0,2.22044604925031e-16,0.0114285714285714
"crane",33,"gam_spatial",3,"binary",0,2.22044604925031e-16,0.0114285714285714
"crane",33,"gam_spatial",3,"binary",0,2.22044604925031e-16,0.0114285714285714
"crane",33,"gam_spatial",3,"binary",0,2.22044604925031e-16,0.0114285714285714
"crane",33,"gam_spatial",3,"binary",0,2.22044604925031e-16,0.0114285714285714
"crane",33,"gam_spatial",3,"binary",0,2.22044604925031e-16,0.0114285714285714
"crane",33,"gam_spatial",3,"binary",0,2.22044604925031e-16,0.0114285714285714
"crane",33,"gam_spatial",3,"binary",0,2.22044604925031e-16,0.0114285714285714
"crane",33,"gam_spatial",3,"binary",0,2.22044604925031e-16,0.0114285714285714
"crane",33,"gam_spatial",3,"binary",0,2.22044604925031e-16,0.0114285714285714
"crane",33,"gam_spatial",3,"binary",0,2.22044604925031e-16,0.0114285714285714
"crane",33,"gam_spatial",3,"binary",0,2.22044604925031e-16,0.0114285714285714
"crane",33,"gam_spatial",3,"binary",0,2.22044604925031e-16,0.0114285714285714
"crane",33,"gam_spatial",3,"binary",0,2.22044604925031e-16,0.0114285714285714
"crane",33,"gam_spatial",3,"binary",0,2.22044604925031e-16,0.0114285714285714
"crane",33,"gam_spatial",3,"binary",1,0.999995128726214,0.0114285714285714
"crane",33,"gam_spatial",3,"binary",0,2.22044604925031e-16,0.0114285714285714
"crane",33,"gam_spatial",3,"binary",0,2.22044604925031e-16,0.0114285714285714
"crane",33,"gam_spatial",3,"binary",0,2.22044604925031e-16,0.0114285714285714
"crane",33,"gam_spatial",3,"binary",0,2.22044604925031e-16,0.0114285714285714
"crane",33,"gam_spatial",3,"binary",0,2.22044604925031e-16,0.0114285714285714
"crane",33,"gam_spatial",3,"binary",0,2.22044604925031e-16,0.0114285714285714
"crane",33,"gam_spatial",3,"binary",0,2.22044604925031e-16,0.0114285714285714
"crane",33,"gam_spatial",4,"binary",0,2.22044604925031e-16,0.019047619047619
"crane",33,"gam_spatial",4,"binary",0,2.22044604925031e-16,0.019047619047619
"crane",33,"gam_spatial",4,"binary",0,2.22044604925031e-16,0.019047619047619
"crane",33,"gam_spatial",4,"binary",0,2.22044604925031e-16,0.019047619047619
"crane",33,"gam_spatial",4,"binary",0,2.22044604925031e-16,0.019047619047619
"crane",33,"gam_spatial",4,"binary",0,2.22044604925031e-16,0.019047619047619
"crane",33,"gam_spatial",4,"binary",0,2.22044604925031e-16,0.019047619047619
"crane",33,"gam_spatial",4,"binary",0,2.22044604925031e-16,0.019047619047619
"crane",33,"gam_spatial",4,"binary",0,2.22044604925031e-16,0.019047619047619
"crane",33,"gam_spatial",4,"binary",0,2.22044604925031e-16,0.019047619047619
"crane",33,"gam_spatial",4,"binary",0,2.22044604925031e-16,0.019047619047619
"crane",33,"gam_spatial",4,"binary",0,0.997614906024298,0.019047619047619
"crane",33,"gam_spatial",4,"binary",0,2.22044604925031e-16,0.019047619047619
"crane",33,"gam_spatial",4,"binary",0,2.22044604925031e-16,0.019047619047619
"crane",33,"gam_spatial",4,"binary",0,2.22044604925031e-16,0.019047619047619
"crane",33,"gam_spatial",4,"binary",0,2.22044604925031e-16,0.019047619047619
"crane",33,"gam_spatial",4,"binary",0,2.22044604925031e-16,0.019047619047619
"crane",33,"gam_spatial",4,"binary",0,2.22044604925031e-16,0.019047619047619
"crane",33,"gam_spatial",4,"binary",0,2.22044604925031e-16,0.019047619047619
"crane",33,"gam_spatial",4,"binary",0,2.22044604925031e-16,0.019047619047619
"crane",33,"gam_spatial",4,"binary",0,2.22044604925031e-16,0.019047619047619
"crane",33,"gam_spatial",4,"binary",0,0.999999999999895,0.019047619047619
"crane",33,"gam_spatial",4,"binary",0,2.22044604925031e-16,0.019047619047619
"crane",33,"gam_spatial",4,"binary",0,2.22044604925031e-16,0.019047619047619
"crane",33,"gam_spatial",4,"binary",0,2.22044604925031e-16,0.019047619047619
"crane",33,"gam_spatial",4,"binary",0,2.22044604925031e-16,0.019047619047619
"crane",33,"gam_spatial",4,"binary",0,2.22044604925031e-16,0.019047619047619
"crane",33,"gam_spatial",4,"binary",0,2.22044604925031e-16,0.019047619047619
"crane",33,"gam_spatial",4,"binary",0,2.22044604925031e-16,0.019047619047619
"crane",33,"gam_spatial",4,"binary",0,2.22044604925031e-16,0.019047619047619
"crane",33,"gam_spatial",4,"binary",0,2.22044604925031e-16,0.019047619047619
"crane",33,"gam_spatial",4,"binary",0,2.22044604925031e-16,0.019047619047619
"crane",33,"gam_spatial",4,"binary",0,2.22044604925031e-16,0.019047619047619
"crane",33,"gam_spatial",4,"binary",0,2.22044604925031e-16,0.019047619047619
"crane",33,"gam_spatial",4,"binary",0,2.22044604925031e-16,0.019047619047619
"crane",33,"gam_spatial",4,"binary",0,2.22044604925031e-16,0.019047619047619
"crane",33,"gam_spatial",4,"binary",0,0.997614906024298,0.019047619047619
"crane",33,"gam_spatial",4,"binary",0,2.22044604925031e-16,0.019047619047619
"crane",33,"gam_spatial",4,"binary",0,2.22044604925031e-16,0.019047619047619
"crane",33,"gam_spatial",4,"binary",0,2.22044604925031e-16,0.019047619047619
"crane",33,"gam_spatial",4,"binary",0,2.22044604925031e-16,0.019047619047619
"crane",33,"gam_spatial",4,"binary",0,2.22044604925031e-16,0.019047619047619
"crane",33,"gam_spatial",4,"binary",0,2.22044604925031e-16,0.019047619047619
"crane",33,"gam_spatial",4,"binary",0,2.22044604925031e-16,0.019047619047619
"crane",33,"gam_spatial",4,"binary",0,2.22044604925031e-16,0.019047619047619
"crane",33,"gam_spatial",4,"binary",0,2.22044604925031e-16,0.019047619047619
"crane",33,"gam_spatial",4,"binary",0,0.999999999999895,0.019047619047619
"crane",33,"gam_spatial",4,"binary",0,2.22044604925031e-16,0.019047619047619
"crane",33,"gam_spatial",4,"binary",0,2.22044604925031e-16,0.019047619047619
"crane",33,"gam_spatial",4,"binary",0,2.22044604925031e-16,0.019047619047619
"crane",33,"gam_spatial",4,"binary",0,2.22044604925031e-16,0.019047619047619
"crane",33,"gam_spatial",4,"binary",0,2.22044604925031e-16,0.019047619047619
"crane",33,"gam_spatial",4,"binary",0,2.22044604925031e-16,0.019047619047619
"crane",33,"gam_spatial",4,"binary",0,2.22044604925031e-16,0.019047619047619
"crane",33,"gam_spatial",4,"binary",0,2.22044604925031e-16,0.019047619047619
"crane",33,"gam_spatial",4,"binary",0,2.22044604925031e-16,0.019047619047619
"crane",33,"gam_spatial",4,"binary",0,2.22044604925031e-16,0.019047619047619
"crane",33,"gam_spatial",4,"binary",0,2.22044604925031e-16,0.019047619047619
"crane",33,"gam_spatial",4,"binary",0,2.22044604925031e-16,0.019047619047619
"crane",33,"gam_spatial",4,"binary",0,2.22044604925031e-16,0.019047619047619
"crane",33,"gam_spatial",4,"binary",0,2.22044604925031e-16,0.019047619047619
"crane",33,"gam_spatial",4,"binary",0,0.997614906024298,0.019047619047619
"crane",33,"gam_spatial",4,"binary",0,2.22044604925031e-16,0.019047619047619
"crane",33,"gam_spatial",4,"binary",0,2.22044604925031e-16,0.019047619047619
"crane",33,"gam_spatial",4,"binary",0,2.22044604925031e-16,0.019047619047619
"crane",33,"gam_spatial",4,"binary",0,2.22044604925031e-16,0.019047619047619
"crane",33,"gam_spatial",4,"binary",0,2.22044604925031e-16,0.019047619047619
"crane",33,"gam_spatial",4,"binary",0,2.22044604925031e-16,0.019047619047619
"crane",33,"gam_spatial",4,"binary",0,2.22044604925031e-16,0.019047619047619
"crane",33,"gam_spatial",4,"binary",0,2.22044604925031e-16,0.019047619047619
"crane",33,"gam_spatial",4,"binary",0,2.22044604925031e-16,0.019047619047619
"crane",33,"gam_spatial",4,"binary",0,0.999999999999895,0.019047619047619
"crane",33,"gam_spatial",4,"binary",0,2.22044604925031e-16,0.019047619047619
"crane",33,"gam_spatial",4,"binary",0,2.22044604925031e-16,0.019047619047619
"crane",33,"gam_spatial",4,"binary",0,2.22044604925031e-16,0.019047619047619
"crane",33,"gam_spatial",4,"binary",0,2.22044604925031e-16,0.019047619047619
"crane",33,"gam_spatial",4,"binary",0,2.22044604925031e-16,0.019047619047619
"crane",33,"gam_spatial",4,"binary",0,2.22044604925031e-16,0.019047619047619
"crane",33,"gam_spatial",4,"binary",0,2.22044604925031e-16,0.019047619047619
"crane",33,"gam_spatial",4,"binary",0,2.22044604925031e-16,0.019047619047619
"crane",33,"gam_spatial",4,"binary",0,2.22044604925031e-16,0.019047619047619
"crane",33,"gam_spatial",4,"binary",0,2.22044604925031e-16,0.019047619047619
"crane",33,"gam_spatial",4,"binary",0,2.22044604925031e-16,0.019047619047619
"crane",33,"gam_spatial",4,"binary",0,2.22044604925031e-16,0.019047619047619
"crane",33,"gam_spatial",4,"binary",0,2.22044604925031e-16,0.019047619047619
"crane",33,"gam_spatial",4,"binary",0,2.22044604925031e-16,0.019047619047619
"crane",33,"gam_spatial",4,"binary",0,0.997614906024298,0.019047619047619
"crane",33,"gam_spatial",4,"binary",0,2.22044604925031e-16,0.019047619047619
"crane",33,"gam_spatial",4,"binary",0,2.22044604925031e-16,0.019047619047619
"crane",33,"gam_spatial",4,"binary",0,2.22044604925031e-16,0.019047619047619
"crane",33,"gam_spatial",4,"binary",0,2.22044604925031e-16,0.019047619047619
"crane",33,"gam_spatial",4,"binary",0,2.22044604925031e-16,0.019047619047619
"crane",33,"gam_spatial",4,"binary",0,2.22044604925031e-16,0.019047619047619
"crane",33,"gam_spatial",4,"binary",0,2.22044604925031e-16,0.019047619047619
"crane",33,"gam_spatial",4,"binary",0,2.22044604925031e-16,0.019047619047619
"crane",33,"gam_spatial",4,"binary",0,2.22044604925031e-16,0.019047619047619
"crane",33,"gam_spatial",4,"binary",0,0.999999999999895,0.019047619047619
"crane",33,"gam_spatial",4,"binary",0,2.22044604925031e-16,0.019047619047619
"crane",33,"gam_spatial",4,"binary",0,2.22044604925031e-16,0.019047619047619
"crane",33,"gam_spatial",4,"binary",0,2.22044604925031e-16,0.019047619047619
"crane",33,"gam_spatial",4,"binary",0,2.22044604925031e-16,0.019047619047619
"crane",33,"gam_spatial",4,"binary",0,2.22044604925031e-16,0.019047619047619
"crane",33,"gam_spatial",4,"binary",0,2.22044604925031e-16,0.019047619047619
"crane",33,"gam_spatial",4,"binary",0,2.22044604925031e-16,0.019047619047619
"crane",33,"gam_spatial",4,"binary",0,2.22044604925031e-16,0.019047619047619
"crane",33,"gam_spatial",4,"binary",0,2.22044604925031e-16,0.019047619047619
"crane",33,"gam_spatial",4,"binary",0,2.22044604925031e-16,0.019047619047619
"crane",33,"gam_spatial",4,"binary",0,2.22044604925031e-16,0.019047619047619
"crane",33,"gam_spatial",4,"binary",0,2.22044604925031e-16,0.019047619047619
"crane",33,"gam_spatial",4,"binary",1,2.22044604925031e-16,0.019047619047619
"crane",33,"gam_spatial",4,"binary",0,2.22044604925031e-16,0.019047619047619
"crane",33,"gam_spatial",4,"binary",0,0.997614906024298,0.019047619047619
"crane",33,"gam_spatial",4,"binary",0,2.22044604925031e-16,0.019047619047619
"crane",33,"gam_spatial",4,"binary",0,2.22044604925031e-16,0.019047619047619
"crane",33,"gam_spatial",4,"binary",0,2.22044604925031e-16,0.019047619047619
"crane",33,"gam_spatial",4,"binary",0,2.22044604925031e-16,0.019047619047619
"crane",33,"gam_spatial",4,"binary",0,2.22044604925031e-16,0.019047619047619
"crane",33,"gam_spatial",4,"binary",0,2.22044604925031e-16,0.019047619047619
"crane",33,"gam_spatial",4,"binary",0,2.22044604925031e-16,0.019047619047619
"crane",33,"gam_spatial",4,"binary",0,2.22044604925031e-16,0.019047619047619
"crane",33,"gam_spatial",4,"binary",0,2.22044604925031e-16,0.019047619047619
"crane",33,"gam_spatial",4,"binary",0,0.999999999999895,0.019047619047619
"crane",33,"gam_spatial",4,"binary",0,2.22044604925031e-16,0.019047619047619
"crane",33,"gam_spatial",4,"binary",0,2.22044604925031e-16,0.019047619047619
"crane",33,"gam_spatial",4,"binary",0,2.22044604925031e-16,0.019047619047619
"crane",33,"gam_spatial",5,"binary",0,2.22044604925031e-16,0.0113207547169811
"crane",33,"gam_spatial",5,"binary",0,2.22044604925031e-16,0.0113207547169811
"crane",33,"gam_spatial",5,"binary",0,2.22044604925031e-16,0.0113207547169811
"crane",33,"gam_spatial",5,"binary",0,0.999999999825093,0.0113207547169811
"crane",33,"gam_spatial",5,"binary",0,2.22044604925031e-16,0.0113207547169811
"crane",33,"gam_spatial",5,"binary",0,2.22044604925031e-16,0.0113207547169811
"crane",33,"gam_spatial",5,"binary",0,2.22044604925031e-16,0.0113207547169811
"crane",33,"gam_spatial",5,"binary",0,2.22044604925031e-16,0.0113207547169811
"crane",33,"gam_spatial",5,"binary",0,2.22044604925031e-16,0.0113207547169811
"crane",33,"gam_spatial",5,"binary",0,2.22044604925031e-16,0.0113207547169811
"crane",33,"gam_spatial",5,"binary",0,2.22044604925031e-16,0.0113207547169811
"crane",33,"gam_spatial",5,"binary",0,2.22044604925031e-16,0.0113207547169811
"crane",33,"gam_spatial",5,"binary",0,2.22044604925031e-16,0.0113207547169811
"crane",33,"gam_spatial",5,"binary",0,2.22044604925031e-16,0.0113207547169811
"crane",33,"gam_spatial",5,"binary",0,2.22044604925031e-16,0.0113207547169811
"crane",33,"gam_spatial",5,"binary",0,2.22044604925031e-16,0.0113207547169811
"crane",33,"gam_spatial",5,"binary",0,2.22044604925031e-16,0.0113207547169811
"crane",33,"gam_spatial",5,"binary",0,2.22044604925031e-16,0.0113207547169811
"crane",33,"gam_spatial",5,"binary",0,2.22044604925031e-16,0.0113207547169811
"crane",33,"gam_spatial",5,"binary",1,1,0.0113207547169811
"crane",33,"gam_spatial",5,"binary",0,2.22044604925031e-16,0.0113207547169811
"crane",33,"gam_spatial",5,"binary",0,2.22044604925031e-16,0.0113207547169811
"crane",33,"gam_spatial",5,"binary",0,2.22044604925031e-16,0.0113207547169811
"crane",33,"gam_spatial",5,"binary",0,2.22044604925031e-16,0.0113207547169811
"crane",33,"gam_spatial",5,"binary",0,2.22044604925031e-16,0.0113207547169811
"crane",33,"gam_spatial",5,"binary",0,2.22044604925031e-16,0.0113207547169811
"crane",33,"gam_spatial",5,"binary",0,2.22044604925031e-16,0.0113207547169811
"crane",33,"gam_spatial",5,"binary",0,0.999999999825093,0.0113207547169811
"crane",33,"gam_spatial",5,"binary",0,2.22044604925031e-16,0.0113207547169811
"crane",33,"gam_spatial",5,"binary",0,2.22044604925031e-16,0.0113207547169811
"crane",33,"gam_spatial",5,"binary",0,2.22044604925031e-16,0.0113207547169811
"crane",33,"gam_spatial",5,"binary",0,2.22044604925031e-16,0.0113207547169811
"crane",33,"gam_spatial",5,"binary",0,2.22044604925031e-16,0.0113207547169811
"crane",33,"gam_spatial",5,"binary",0,2.22044604925031e-16,0.0113207547169811
"crane",33,"gam_spatial",5,"binary",0,2.22044604925031e-16,0.0113207547169811
"crane",33,"gam_spatial",5,"binary",0,2.22044604925031e-16,0.0113207547169811
"crane",33,"gam_spatial",5,"binary",0,2.22044604925031e-16,0.0113207547169811
"crane",33,"gam_spatial",5,"binary",0,2.22044604925031e-16,0.0113207547169811
"crane",33,"gam_spatial",5,"binary",0,2.22044604925031e-16,0.0113207547169811
"crane",33,"gam_spatial",5,"binary",0,2.22044604925031e-16,0.0113207547169811
"crane",33,"gam_spatial",5,"binary",0,2.22044604925031e-16,0.0113207547169811
"crane",33,"gam_spatial",5,"binary",0,2.22044604925031e-16,0.0113207547169811
"crane",33,"gam_spatial",5,"binary",0,2.22044604925031e-16,0.0113207547169811
"crane",33,"gam_spatial",5,"binary",1,1,0.0113207547169811
"crane",33,"gam_spatial",5,"binary",0,2.22044604925031e-16,0.0113207547169811
"crane",33,"gam_spatial",5,"binary",0,2.22044604925031e-16,0.0113207547169811
"crane",33,"gam_spatial",5,"binary",0,2.22044604925031e-16,0.0113207547169811
"crane",33,"gam_spatial",5,"binary",0,2.22044604925031e-16,0.0113207547169811
"crane",33,"gam_spatial",5,"binary",0,2.22044604925031e-16,0.0113207547169811
"crane",33,"gam_spatial",5,"binary",0,2.22044604925031e-16,0.0113207547169811
"crane",33,"gam_spatial",5,"binary",0,2.22044604925031e-16,0.0113207547169811
"crane",33,"gam_spatial",5,"binary",0,0.999999999825093,0.0113207547169811
"crane",33,"gam_spatial",5,"binary",0,2.22044604925031e-16,0.0113207547169811
"crane",33,"gam_spatial",5,"binary",0,2.22044604925031e-16,0.0113207547169811
"crane",33,"gam_spatial",5,"binary",0,2.22044604925031e-16,0.0113207547169811
"crane",33,"gam_spatial",5,"binary",0,2.22044604925031e-16,0.0113207547169811
"crane",33,"gam_spatial",5,"binary",0,2.22044604925031e-16,0.0113207547169811
"crane",33,"gam_spatial",5,"binary",0,2.22044604925031e-16,0.0113207547169811
"crane",33,"gam_spatial",5,"binary",0,2.22044604925031e-16,0.0113207547169811
"crane",33,"gam_spatial",5,"binary",0,2.22044604925031e-16,0.0113207547169811
"crane",33,"gam_spatial",5,"binary",0,2.22044604925031e-16,0.0113207547169811
"crane",33,"gam_spatial",5,"binary",0,2.22044604925031e-16,0.0113207547169811
"crane",33,"gam_spatial",5,"binary",0,2.22044604925031e-16,0.0113207547169811
"crane",33,"gam_spatial",5,"binary",0,2.22044604925031e-16,0.0113207547169811
"crane",33,"gam_spatial",5,"binary",0,2.22044604925031e-16,0.0113207547169811
"crane",33,"gam_spatial",5,"binary",0,2.22044604925031e-16,0.0113207547169811
"crane",33,"gam_spatial",5,"binary",0,2.22044604925031e-16,0.0113207547169811
"crane",33,"gam_spatial",5,"binary",1,1,0.0113207547169811
"crane",33,"gam_spatial",5,"binary",0,2.22044604925031e-16,0.0113207547169811
"crane",33,"gam_spatial",5,"binary",0,2.22044604925031e-16,0.0113207547169811
"crane",33,"gam_spatial",5,"binary",0,2.22044604925031e-16,0.0113207547169811
"crane",33,"gam_spatial",5,"binary",0,2.22044604925031e-16,0.0113207547169811
"crane",33,"gam_spatial",5,"binary",0,2.22044604925031e-16,0.0113207547169811
"crane",33,"gam_spatial",5,"binary",0,2.22044604925031e-16,0.0113207547169811
"crane",33,"gam_spatial",5,"binary",0,2.22044604925031e-16,0.0113207547169811
"crane",33,"gam_spatial",5,"binary",0,0.999999999825093,0.0113207547169811
"crane",33,"gam_spatial",5,"binary",0,2.22044604925031e-16,0.0113207547169811
"crane",33,"gam_spatial",5,"binary",0,2.22044604925031e-16,0.0113207547169811
"crane",33,"gam_spatial",5,"binary",0,2.22044604925031e-16,0.0113207547169811
"crane",33,"gam_spatial",5,"binary",0,2.22044604925031e-16,0.0113207547169811
"crane",33,"gam_spatial",5,"binary",0,2.22044604925031e-16,0.0113207547169811
"crane",33,"gam_spatial",5,"binary",0,2.22044604925031e-16,0.0113207547169811
"crane",33,"gam_spatial",5,"binary",0,2.22044604925031e-16,0.0113207547169811
"crane",33,"gam_spatial",5,"binary",0,2.22044604925031e-16,0.0113207547169811
"crane",33,"gam_spatial",5,"binary",0,2.22044604925031e-16,0.0113207547169811
"crane",33,"gam_spatial",5,"binary",0,2.22044604925031e-16,0.0113207547169811
"crane",33,"gam_spatial",5,"binary",0,2.22044604925031e-16,0.0113207547169811
"crane",33,"gam_spatial",5,"binary",0,2.22044604925031e-16,0.0113207547169811
"crane",33,"gam_spatial",5,"binary",0,2.22044604925031e-16,0.0113207547169811
"crane",33,"gam_spatial",5,"binary",0,2.22044604925031e-16,0.0113207547169811
"crane",33,"gam_spatial",5,"binary",0,2.22044604925031e-16,0.0113207547169811
"crane",33,"gam_spatial",5,"binary",1,1,0.0113207547169811
"crane",33,"gam_spatial",5,"binary",0,2.22044604925031e-16,0.0113207547169811
"crane",33,"gam_spatial",5,"binary",0,2.22044604925031e-16,0.0113207547169811
"crane",33,"gam_spatial",5,"binary",0,2.22044604925031e-16,0.0113207547169811
"crane",33,"gam_spatial",5,"binary",0,2.22044604925031e-16,0.0113207547169811
"crane",33,"gam_spatial",5,"binary",0,2.22044604925031e-16,0.0113207547169811
"crane",33,"gam_spatial",5,"binary",0,2.22044604925031e-16,0.0113207547169811
"crane",33,"gam_spatial",5,"binary",0,2.22044604925031e-16,0.0113207547169811
"crane",33,"gam_spatial",5,"binary",0,0.999999999825093,0.0113207547169811
"crane",33,"gam_spatial",5,"binary",0,2.22044604925031e-16,0.0113207547169811
"crane",33,"gam_spatial",5,"binary",0,2.22044604925031e-16,0.0113207547169811
"crane",33,"gam_spatial",5,"binary",0,2.22044604925031e-16,0.0113207547169811
"crane",33,"gam_spatial",5,"binary",0,2.22044604925031e-16,0.0113207547169811
"crane",33,"gam_spatial",5,"binary",0,2.22044604925031e-16,0.0113207547169811
"crane",33,"gam_spatial",5,"binary",0,2.22044604925031e-16,0.0113207547169811
"crane",33,"gam_spatial",5,"binary",0,2.22044604925031e-16,0.0113207547169811
"crane",33,"gam_spatial",5,"binary",0,2.22044604925031e-16,0.0113207547169811
"crane",33,"gam_spatial",5,"binary",0,2.22044604925031e-16,0.0113207547169811
"crane",33,"gam_spatial",5,"binary",0,2.22044604925031e-16,0.0113207547169811
"crane",33,"gam_spatial",5,"binary",0,2.22044604925031e-16,0.0113207547169811
"crane",33,"gam_spatial",5,"binary",0,2.22044604925031e-16,0.0113207547169811
"crane",33,"gam_spatial",5,"binary",0,2.22044604925031e-16,0.0113207547169811
"crane",33,"gam_spatial",5,"binary",0,2.22044604925031e-16,0.0113207547169811
"crane",33,"gam_spatial",5,"binary",0,2.22044604925031e-16,0.0113207547169811
"crane",33,"gam_spatial",5,"binary",1,1,0.0113207547169811
"crane",33,"gam_spatial",5,"binary",0,2.22044604925031e-16,0.0113207547169811
"crane",33,"gam_spatial",5,"binary",0,2.22044604925031e-16,0.0113207547169811
"crane",33,"gam_spatial",5,"binary",0,2.22044604925031e-16,0.0113207547169811
"crane",33,"gam_spatial",5,"binary",0,2.22044604925031e-16,0.0113207547169811
"crane",33,"random_forest",1,"binary",0,0,0.0213592233009709
"crane",33,"random_forest",1,"binary",0,0,0.0213592233009709
"crane",33,"random_forest",1,"binary",0,0,0.0213592233009709
"crane",33,"random_forest",1,"binary",0,0,0.0213592233009709
"crane",33,"random_forest",1,"binary",0,0,0.0213592233009709
"crane",33,"random_forest",1,"binary",0,0,0.0213592233009709
"crane",33,"random_forest",1,"binary",0,0,0.0213592233009709
"crane",33,"random_forest",1,"binary",0,0,0.0213592233009709
"crane",33,"random_forest",1,"binary",0,0,0.0213592233009709
"crane",33,"random_forest",1,"binary",0,0,0.0213592233009709
"crane",33,"random_forest",1,"binary",0,0,0.0213592233009709
"crane",33,"random_forest",1,"binary",0,0,0.0213592233009709
"crane",33,"random_forest",1,"binary",0,0,0.0213592233009709
"crane",33,"random_forest",1,"binary",0,0,0.0213592233009709
"crane",33,"random_forest",1,"binary",0,0,0.0213592233009709
"crane",33,"random_forest",1,"binary",0,0,0.0213592233009709
"crane",33,"random_forest",1,"binary",0,0.0712023809523809,0.0213592233009709
"crane",33,"random_forest",1,"binary",0,0,0.0213592233009709
"crane",33,"random_forest",1,"binary",0,0,0.0213592233009709
"crane",33,"random_forest",1,"binary",0,0,0.0213592233009709
"crane",33,"random_forest",1,"binary",0,0,0.0213592233009709
"crane",33,"random_forest",1,"binary",0,0,0.0213592233009709
"crane",33,"random_forest",1,"binary",0,0,0.0213592233009709
"crane",33,"random_forest",1,"binary",0,0,0.0213592233009709
"crane",33,"random_forest",1,"binary",0,0,0.0213592233009709
"crane",33,"random_forest",1,"binary",0,0.0185238095238095,0.0213592233009709
"crane",33,"random_forest",1,"binary",0,0,0.0213592233009709
"crane",33,"random_forest",1,"binary",0,0,0.0213592233009709
"crane",33,"random_forest",1,"binary",0,0,0.0213592233009709
"crane",33,"random_forest",1,"binary",0,0,0.0213592233009709
"crane",33,"random_forest",1,"binary",0,0,0.0213592233009709
"crane",33,"random_forest",1,"binary",0,0,0.0213592233009709
"crane",33,"random_forest",1,"binary",0,0,0.0213592233009709
"crane",33,"random_forest",1,"binary",0,0,0.0213592233009709
"crane",33,"random_forest",1,"binary",0,0,0.0213592233009709
"crane",33,"random_forest",1,"binary",0,0,0.0213592233009709
"crane",33,"random_forest",1,"binary",0,0,0.0213592233009709
"crane",33,"random_forest",1,"binary",0,0,0.0213592233009709
"crane",33,"random_forest",1,"binary",0,0,0.0213592233009709
"crane",33,"random_forest",1,"binary",0,0,0.0213592233009709
"crane",33,"random_forest",1,"binary",0,0,0.0213592233009709
"crane",33,"random_forest",1,"binary",0,0,0.0213592233009709
"crane",33,"random_forest",1,"binary",0,0,0.0213592233009709
"crane",33,"random_forest",1,"binary",0,0.0712023809523809,0.0213592233009709
"crane",33,"random_forest",1,"binary",0,0,0.0213592233009709
"crane",33,"random_forest",1,"binary",0,0,0.0213592233009709
"crane",33,"random_forest",1,"binary",0,0,0.0213592233009709
"crane",33,"random_forest",1,"binary",0,0,0.0213592233009709
"crane",33,"random_forest",1,"binary",0,0,0.0213592233009709
"crane",33,"random_forest",1,"binary",0,0,0.0213592233009709
"crane",33,"random_forest",1,"binary",0,0,0.0213592233009709
"crane",33,"random_forest",1,"binary",0,0,0.0213592233009709
"crane",33,"random_forest",1,"binary",0,0.0185238095238095,0.0213592233009709
"crane",33,"random_forest",1,"binary",0,0,0.0213592233009709
"crane",33,"random_forest",1,"binary",0,0,0.0213592233009709
"crane",33,"random_forest",1,"binary",0,0,0.0213592233009709
"crane",33,"random_forest",1,"binary",0,0,0.0213592233009709
"crane",33,"random_forest",1,"binary",0,0,0.0213592233009709
"crane",33,"random_forest",1,"binary",0,0,0.0213592233009709
"crane",33,"random_forest",1,"binary",0,0,0.0213592233009709
"crane",33,"random_forest",1,"binary",0,0,0.0213592233009709
"crane",33,"random_forest",1,"binary",0,0,0.0213592233009709
"crane",33,"random_forest",1,"binary",0,0,0.0213592233009709
"crane",33,"random_forest",1,"binary",0,0,0.0213592233009709
"crane",33,"random_forest",1,"binary",0,0,0.0213592233009709
"crane",33,"random_forest",1,"binary",0,0,0.0213592233009709
"crane",33,"random_forest",1,"binary",0,0,0.0213592233009709
"crane",33,"random_forest",1,"binary",0,0,0.0213592233009709
"crane",33,"random_forest",1,"binary",0,0,0.0213592233009709
"crane",33,"random_forest",1,"binary",0,0,0.0213592233009709
"crane",33,"random_forest",1,"binary",0,0.0712023809523809,0.0213592233009709
"crane",33,"random_forest",1,"binary",0,0,0.0213592233009709
"crane",33,"random_forest",1,"binary",0,0,0.0213592233009709
"crane",33,"random_forest",1,"binary",0,0,0.0213592233009709
"crane",33,"random_forest",1,"binary",0,0,0.0213592233009709
"crane",33,"random_forest",1,"binary",0,0,0.0213592233009709
"crane",33,"random_forest",1,"binary",0,0,0.0213592233009709
"crane",33,"random_forest",1,"binary",0,0,0.0213592233009709
"crane",33,"random_forest",1,"binary",0,0,0.0213592233009709
"crane",33,"random_forest",1,"binary",0,0.0185238095238095,0.0213592233009709
"crane",33,"random_forest",1,"binary",0,0,0.0213592233009709
"crane",33,"random_forest",1,"binary",0,0,0.0213592233009709
"crane",33,"random_forest",1,"binary",0,0,0.0213592233009709
"crane",33,"random_forest",1,"binary",0,0,0.0213592233009709
"crane",33,"random_forest",1,"binary",0,0,0.0213592233009709
"crane",33,"random_forest",1,"binary",0,0,0.0213592233009709
"crane",33,"random_forest",1,"binary",0,0,0.0213592233009709
"crane",33,"random_forest",1,"binary",0,0,0.0213592233009709
"crane",33,"random_forest",1,"binary",0,0,0.0213592233009709
"crane",33,"random_forest",1,"binary",0,0,0.0213592233009709
"crane",33,"random_forest",1,"binary",0,0,0.0213592233009709
"crane",33,"random_forest",1,"binary",0,0,0.0213592233009709
"crane",33,"random_forest",1,"binary",0,0,0.0213592233009709
"crane",33,"random_forest",1,"binary",0,0,0.0213592233009709
"crane",33,"random_forest",1,"binary",0,0,0.0213592233009709
"crane",33,"random_forest",1,"binary",0,0,0.0213592233009709
"crane",33,"random_forest",1,"binary",0,0,0.0213592233009709
"crane",33,"random_forest",1,"binary",0,0.0712023809523809,0.0213592233009709
"crane",33,"random_forest",1,"binary",0,0,0.0213592233009709
"crane",33,"random_forest",1,"binary",0,0,0.0213592233009709
"crane",33,"random_forest",1,"binary",0,0,0.0213592233009709
"crane",33,"random_forest",1,"binary",0,0,0.0213592233009709
"crane",33,"random_forest",1,"binary",0,0,0.0213592233009709
"crane",33,"random_forest",1,"binary",0,0,0.0213592233009709
"crane",33,"random_forest",1,"binary",0,0,0.0213592233009709
"crane",33,"random_forest",1,"binary",0,0,0.0213592233009709
"crane",33,"random_forest",1,"binary",0,0.0185238095238095,0.0213592233009709
"crane",33,"random_forest",1,"binary",0,0,0.0213592233009709
"crane",33,"random_forest",1,"binary",0,0,0.0213592233009709
"crane",33,"random_forest",1,"binary",0,0,0.0213592233009709
"crane",33,"random_forest",1,"binary",0,0,0.0213592233009709
"crane",33,"random_forest",1,"binary",0,0,0.0213592233009709
"crane",33,"random_forest",1,"binary",0,0,0.0213592233009709
"crane",33,"random_forest",1,"binary",0,0,0.0213592233009709
"crane",33,"random_forest",1,"binary",0,0,0.0213592233009709
"crane",33,"random_forest",1,"binary",0,0,0.0213592233009709
"crane",33,"random_forest",1,"binary",0,0,0.0213592233009709
"crane",33,"random_forest",1,"binary",0,0,0.0213592233009709
"crane",33,"random_forest",1,"binary",0,0,0.0213592233009709
"crane",33,"random_forest",1,"binary",0,0,0.0213592233009709
"crane",33,"random_forest",1,"binary",0,0,0.0213592233009709
"crane",33,"random_forest",1,"binary",0,0,0.0213592233009709
"crane",33,"random_forest",1,"binary",0,0,0.0213592233009709
"crane",33,"random_forest",1,"binary",0,0,0.0213592233009709
"crane",33,"random_forest",1,"binary",0,0.0712023809523809,0.0213592233009709
"crane",33,"random_forest",1,"binary",0,0,0.0213592233009709
"crane",33,"random_forest",1,"binary",0,0,0.0213592233009709
"crane",33,"random_forest",1,"binary",0,0,0.0213592233009709
"crane",33,"random_forest",1,"binary",0,0,0.0213592233009709
"crane",33,"random_forest",1,"binary",0,0,0.0213592233009709
"crane",33,"random_forest",1,"binary",0,0,0.0213592233009709
"crane",33,"random_forest",1,"binary",0,0,0.0213592233009709
"crane",33,"random_forest",1,"binary",0,0,0.0213592233009709
"crane",33,"random_forest",1,"binary",0,0.0185238095238095,0.0213592233009709
"crane",33,"random_forest",1,"binary",0,0,0.0213592233009709
"crane",33,"random_forest",2,"binary",0,0,0.0217821782178218
"crane",33,"random_forest",2,"binary",0,0,0.0217821782178218
"crane",33,"random_forest",2,"binary",0,0,0.0217821782178218
"crane",33,"random_forest",2,"binary",0,0,0.0217821782178218
"crane",33,"random_forest",2,"binary",0,0,0.0217821782178218
"crane",33,"random_forest",2,"binary",0,0,0.0217821782178218
"crane",33,"random_forest",2,"binary",0,0,0.0217821782178218
"crane",33,"random_forest",2,"binary",0,0,0.0217821782178218
"crane",33,"random_forest",2,"binary",0,0,0.0217821782178218
"crane",33,"random_forest",2,"binary",0,0,0.0217821782178218
"crane",33,"random_forest",2,"binary",0,0.0257222222222222,0.0217821782178218
"crane",33,"random_forest",2,"binary",0,0,0.0217821782178218
"crane",33,"random_forest",2,"binary",0,0,0.0217821782178218
"crane",33,"random_forest",2,"binary",0,0,0.0217821782178218
"crane",33,"random_forest",2,"binary",0,0.0426388888888889,0.0217821782178218
"crane",33,"random_forest",2,"binary",0,0,0.0217821782178218
"crane",33,"random_forest",2,"binary",0,0,0.0217821782178218
"crane",33,"random_forest",2,"binary",0,0,0.0217821782178218
"crane",33,"random_forest",2,"binary",0,0,0.0217821782178218
"crane",33,"random_forest",2,"binary",0,0,0.0217821782178218
"crane",33,"random_forest",2,"binary",0,0,0.0217821782178218
"crane",33,"random_forest",2,"binary",0,0,0.0217821782178218
"crane",33,"random_forest",2,"binary",0,0.162111111111111,0.0217821782178218
"crane",33,"random_forest",2,"binary",0,0.0174722222222222,0.0217821782178218
"crane",33,"random_forest",2,"binary",0,0,0.0217821782178218
"crane",33,"random_forest",2,"binary",0,0,0.0217821782178218
"crane",33,"random_forest",2,"binary",0,0,0.0217821782178218
"crane",33,"random_forest",2,"binary",0,0,0.0217821782178218
"crane",33,"random_forest",2,"binary",0,0,0.0217821782178218
"crane",33,"random_forest",2,"binary",0,0,0.0217821782178218
"crane",33,"random_forest",2,"binary",0,0,0.0217821782178218
"crane",33,"random_forest",2,"binary",0,0,0.0217821782178218
"crane",33,"random_forest",2,"binary",0,0,0.0217821782178218
"crane",33,"random_forest",2,"binary",0,0,0.0217821782178218
"crane",33,"random_forest",2,"binary",0,0,0.0217821782178218
"crane",33,"random_forest",2,"binary",0,0,0.0217821782178218
"crane",33,"random_forest",2,"binary",0,0,0.0217821782178218
"crane",33,"random_forest",2,"binary",0,0,0.0217821782178218
"crane",33,"random_forest",2,"binary",0,0,0.0217821782178218
"crane",33,"random_forest",2,"binary",0,0.0257222222222222,0.0217821782178218
"crane",33,"random_forest",2,"binary",0,0,0.0217821782178218
"crane",33,"random_forest",2,"binary",0,0,0.0217821782178218
"crane",33,"random_forest",2,"binary",0,0,0.0217821782178218
"crane",33,"random_forest",2,"binary",0,0.0426388888888889,0.0217821782178218
"crane",33,"random_forest",2,"binary",0,0,0.0217821782178218
"crane",33,"random_forest",2,"binary",0,0,0.0217821782178218
"crane",33,"random_forest",2,"binary",0,0,0.0217821782178218
"crane",33,"random_forest",2,"binary",0,0,0.0217821782178218
"crane",33,"random_forest",2,"binary",0,0,0.0217821782178218
"crane",33,"random_forest",2,"binary",0,0,0.0217821782178218
"crane",33,"random_forest",2,"binary",0,0,0.0217821782178218
"crane",33,"random_forest",2,"binary",0,0.162111111111111,0.0217821782178218
"crane",33,"random_forest",2,"binary",0,0.0174722222222222,0.0217821782178218
"crane",33,"random_forest",2,"binary",0,0,0.0217821782178218
"crane",33,"random_forest",2,"binary",0,0,0.0217821782178218
"crane",33,"random_forest",2,"binary",0,0,0.0217821782178218
"crane",33,"random_forest",2,"binary",0,0,0.0217821782178218
"crane",33,"random_forest",2,"binary",0,0,0.0217821782178218
"crane",33,"random_forest",2,"binary",0,0,0.0217821782178218
"crane",33,"random_forest",2,"binary",0,0,0.0217821782178218
"crane",33,"random_forest",2,"binary",0,0,0.0217821782178218
"crane",33,"random_forest",2,"binary",0,0,0.0217821782178218
"crane",33,"random_forest",2,"binary",0,0,0.0217821782178218
"crane",33,"random_forest",2,"binary",0,0,0.0217821782178218
"crane",33,"random_forest",2,"binary",0,0,0.0217821782178218
"crane",33,"random_forest",2,"binary",0,0,0.0217821782178218
"crane",33,"random_forest",2,"binary",0,0,0.0217821782178218
"crane",33,"random_forest",2,"binary",0,0,0.0217821782178218
"crane",33,"random_forest",2,"binary",0,0.0257222222222222,0.0217821782178218
"crane",33,"random_forest",2,"binary",0,0,0.0217821782178218
"crane",33,"random_forest",2,"binary",0,0,0.0217821782178218
"crane",33,"random_forest",2,"binary",0,0,0.0217821782178218
"crane",33,"random_forest",2,"binary",0,0.0426388888888889,0.0217821782178218
"crane",33,"random_forest",2,"binary",0,0,0.0217821782178218
"crane",33,"random_forest",2,"binary",0,0,0.0217821782178218
"crane",33,"random_forest",2,"binary",0,0,0.0217821782178218
"crane",33,"random_forest",2,"binary",0,0,0.0217821782178218
"crane",33,"random_forest",2,"binary",0,0,0.0217821782178218
"crane",33,"random_forest",2,"binary",0,0,0.0217821782178218
"crane",33,"random_forest",2,"binary",0,0,0.0217821782178218
"crane",33,"random_forest",2,"binary",0,0.162111111111111,0.0217821782178218
"crane",33,"random_forest",2,"binary",0,0.0174722222222222,0.0217821782178218
"crane",33,"random_forest",2,"binary",0,0,0.0217821782178218
"crane",33,"random_forest",2,"binary",0,0,0.0217821782178218
"crane",33,"random_forest",2,"binary",0,0,0.0217821782178218
"crane",33,"random_forest",2,"binary",0,0,0.0217821782178218
"crane",33,"random_forest",2,"binary",0,0,0.0217821782178218
"crane",33,"random_forest",2,"binary",0,0,0.0217821782178218
"crane",33,"random_forest",2,"binary",0,0,0.0217821782178218
"crane",33,"random_forest",2,"binary",0,0,0.0217821782178218
"crane",33,"random_forest",2,"binary",0,0,0.0217821782178218
"crane",33,"random_forest",2,"binary",0,0,0.0217821782178218
"crane",33,"random_forest",2,"binary",0,0,0.0217821782178218
"crane",33,"random_forest",2,"binary",0,0,0.0217821782178218
"crane",33,"random_forest",2,"binary",0,0,0.0217821782178218
"crane",33,"random_forest",2,"binary",0,0,0.0217821782178218
"crane",33,"random_forest",2,"binary",0,0,0.0217821782178218
"crane",33,"random_forest",2,"binary",0,0.0257222222222222,0.0217821782178218
"crane",33,"random_forest",2,"binary",0,0,0.0217821782178218
"crane",33,"random_forest",2,"binary",0,0,0.0217821782178218
"crane",33,"random_forest",2,"binary",0,0,0.0217821782178218
"crane",33,"random_forest",2,"binary",0,0.0426388888888889,0.0217821782178218
"crane",33,"random_forest",2,"binary",0,0,0.0217821782178218
"crane",33,"random_forest",2,"binary",0,0,0.0217821782178218
"crane",33,"random_forest",2,"binary",0,0,0.0217821782178218
"crane",33,"random_forest",2,"binary",0,0,0.0217821782178218
"crane",33,"random_forest",2,"binary",0,0,0.0217821782178218
"crane",33,"random_forest",2,"binary",0,0,0.0217821782178218
"crane",33,"random_forest",2,"binary",0,0,0.0217821782178218
"crane",33,"random_forest",2,"binary",0,0.162111111111111,0.0217821782178218
"crane",33,"random_forest",2,"binary",0,0.0174722222222222,0.0217821782178218
"crane",33,"random_forest",2,"binary",0,0,0.0217821782178218
"crane",33,"random_forest",2,"binary",0,0,0.0217821782178218
"crane",33,"random_forest",2,"binary",0,0,0.0217821782178218
"crane",33,"random_forest",2,"binary",0,0,0.0217821782178218
"crane",33,"random_forest",2,"binary",0,0,0.0217821782178218
"crane",33,"random_forest",2,"binary",0,0,0.0217821782178218
"crane",33,"random_forest",2,"binary",0,0,0.0217821782178218
"crane",33,"random_forest",2,"binary",0,0,0.0217821782178218
"crane",33,"random_forest",2,"binary",0,0,0.0217821782178218
"crane",33,"random_forest",2,"binary",0,0,0.0217821782178218
"crane",33,"random_forest",2,"binary",0,0,0.0217821782178218
"crane",33,"random_forest",2,"binary",0,0,0.0217821782178218
"crane",33,"random_forest",2,"binary",0,0,0.0217821782178218
"crane",33,"random_forest",2,"binary",0,0,0.0217821782178218
"crane",33,"random_forest",2,"binary",0,0,0.0217821782178218
"crane",33,"random_forest",2,"binary",0,0.0257222222222222,0.0217821782178218
"crane",33,"random_forest",2,"binary",0,0,0.0217821782178218
"crane",33,"random_forest",2,"binary",0,0,0.0217821782178218
"crane",33,"random_forest",2,"binary",0,0,0.0217821782178218
"crane",33,"random_forest",2,"binary",0,0.0426388888888889,0.0217821782178218
"crane",33,"random_forest",2,"binary",0,0,0.0217821782178218
"crane",33,"random_forest",2,"binary",0,0,0.0217821782178218
"crane",33,"random_forest",2,"binary",0,0,0.0217821782178218
"crane",33,"random_forest",2,"binary",0,0,0.0217821782178218
"crane",33,"random_forest",2,"binary",0,0,0.0217821782178218
"crane",33,"random_forest",2,"binary",0,0,0.0217821782178218
"crane",33,"random_forest",2,"binary",0,0,0.0217821782178218
"crane",33,"random_forest",2,"binary",0,0.162111111111111,0.0217821782178218
"crane",33,"random_forest",2,"binary",0,0.0174722222222222,0.0217821782178218
"crane",33,"random_forest",2,"binary",0,0,0.0217821782178218
"crane",33,"random_forest",2,"binary",0,0,0.0217821782178218
"crane",33,"random_forest",2,"binary",0,0,0.0217821782178218
"crane",33,"random_forest",2,"binary",0,0,0.0217821782178218
"crane",33,"random_forest",2,"binary",0,0,0.0217821782178218
"crane",33,"random_forest",3,"binary",0,0,0.0114285714285714
"crane",33,"random_forest",3,"binary",0,0,0.0114285714285714
"crane",33,"random_forest",3,"binary",0,0,0.0114285714285714
"crane",33,"random_forest",3,"binary",0,0,0.0114285714285714
"crane",33,"random_forest",3,"binary",0,0,0.0114285714285714
"crane",33,"random_forest",3,"binary",0,0,0.0114285714285714
"crane",33,"random_forest",3,"binary",0,0,0.0114285714285714
"crane",33,"random_forest",3,"binary",0,0,0.0114285714285714
"crane",33,"random_forest",3,"binary",0,0.0613174603174603,0.0114285714285714
"crane",33,"random_forest",3,"binary",0,0,0.0114285714285714
"crane",33,"random_forest",3,"binary",0,0.0330793650793651,0.0114285714285714
"crane",33,"random_forest",3,"binary",0,0,0.0114285714285714
"crane",33,"random_forest",3,"binary",0,0,0.0114285714285714
"crane",33,"random_forest",3,"binary",0,0,0.0114285714285714
"crane",33,"random_forest",3,"binary",0,0,0.0114285714285714
"crane",33,"random_forest",3,"binary",0,0,0.0114285714285714
"crane",33,"random_forest",3,"binary",0,0,0.0114285714285714
"crane",33,"random_forest",3,"binary",1,0.401722222222222,0.0114285714285714
"crane",33,"random_forest",3,"binary",0,0,0.0114285714285714
"crane",33,"random_forest",3,"binary",0,0,0.0114285714285714
"crane",33,"random_forest",3,"binary",0,0,0.0114285714285714
"crane",33,"random_forest",3,"binary",0,0,0.0114285714285714
"crane",33,"random_forest",3,"binary",0,0,0.0114285714285714
"crane",33,"random_forest",3,"binary",0,0,0.0114285714285714
"crane",33,"random_forest",3,"binary",0,0,0.0114285714285714
"crane",33,"random_forest",3,"binary",0,0,0.0114285714285714
"crane",33,"random_forest",3,"binary",0,0,0.0114285714285714
"crane",33,"random_forest",3,"binary",0,0,0.0114285714285714
"crane",33,"random_forest",3,"binary",0,0,0.0114285714285714
"crane",33,"random_forest",3,"binary",0,0,0.0114285714285714
"crane",33,"random_forest",3,"binary",0,0,0.0114285714285714
"crane",33,"random_forest",3,"binary",0,0,0.0114285714285714
"crane",33,"random_forest",3,"binary",0,0,0.0114285714285714
"crane",33,"random_forest",3,"binary",0,0.0613174603174603,0.0114285714285714
"crane",33,"random_forest",3,"binary",0,0,0.0114285714285714
"crane",33,"random_forest",3,"binary",0,0.0330793650793651,0.0114285714285714
"crane",33,"random_forest",3,"binary",0,0,0.0114285714285714
"crane",33,"random_forest",3,"binary",0,0,0.0114285714285714
"crane",33,"random_forest",3,"binary",0,0,0.0114285714285714
"crane",33,"random_forest",3,"binary",0,0,0.0114285714285714
"crane",33,"random_forest",3,"binary",0,0,0.0114285714285714
"crane",33,"random_forest",3,"binary",0,0,0.0114285714285714
"crane",33,"random_forest",3,"binary",1,0.401722222222222,0.0114285714285714
"crane",33,"random_forest",3,"binary",0,0,0.0114285714285714
"crane",33,"random_forest",3,"binary",0,0,0.0114285714285714
"crane",33,"random_forest",3,"binary",0,0,0.0114285714285714
"crane",33,"random_forest",3,"binary",0,0,0.0114285714285714
"crane",33,"random_forest",3,"binary",0,0,0.0114285714285714
"crane",33,"random_forest",3,"binary",0,0,0.0114285714285714
"crane",33,"random_forest",3,"binary",0,0,0.0114285714285714
"crane",33,"random_forest",3,"binary",0,0,0.0114285714285714
"crane",33,"random_forest",3,"binary",0,0,0.0114285714285714
"crane",33,"random_forest",3,"binary",0,0,0.0114285714285714
"crane",33,"random_forest",3,"binary",0,0,0.0114285714285714
"crane",33,"random_forest",3,"binary",0,0,0.0114285714285714
"crane",33,"random_forest",3,"binary",0,0,0.0114285714285714
"crane",33,"random_forest",3,"binary",0,0,0.0114285714285714
"crane",33,"random_forest",3,"binary",0,0,0.0114285714285714
"crane",33,"random_forest",3,"binary",0,0.0613174603174603,0.0114285714285714
"crane",33,"random_forest",3,"binary",0,0,0.0114285714285714
"crane",33,"random_forest",3,"binary",0,0.0330793650793651,0.0114285714285714
"crane",33,"random_forest",3,"binary",0,0,0.0114285714285714
"crane",33,"random_forest",3,"binary",0,0,0.0114285714285714
"crane",33,"random_forest",3,"binary",0,0,0.0114285714285714
"crane",33,"random_forest",3,"binary",0,0,0.0114285714285714
"crane",33,"random_forest",3,"binary",0,0,0.0114285714285714
"crane",33,"random_forest",3,"binary",0,0,0.0114285714285714
"crane",33,"random_forest",3,"binary",1,0.401722222222222,0.0114285714285714
"crane",33,"random_forest",3,"binary",0,0,0.0114285714285714
"crane",33,"random_forest",3,"binary",0,0,0.0114285714285714
"crane",33,"random_forest",3,"binary",0,0,0.0114285714285714
"crane",33,"random_forest",3,"binary",0,0,0.0114285714285714
"crane",33,"random_forest",3,"binary",0,0,0.0114285714285714
"crane",33,"random_forest",3,"binary",0,0,0.0114285714285714
"crane",33,"random_forest",3,"binary",0,0,0.0114285714285714
"crane",33,"random_forest",3,"binary",0,0,0.0114285714285714
"crane",33,"random_forest",3,"binary",0,0,0.0114285714285714
"crane",33,"random_forest",3,"binary",0,0,0.0114285714285714
"crane",33,"random_forest",3,"binary",0,0,0.0114285714285714
"crane",33,"random_forest",3,"binary",0,0,0.0114285714285714
"crane",33,"random_forest",3,"binary",0,0,0.0114285714285714
"crane",33,"random_forest",3,"binary",0,0,0.0114285714285714
"crane",33,"random_forest",3,"binary",0,0,0.0114285714285714
"crane",33,"random_forest",3,"binary",0,0.0613174603174603,0.0114285714285714
"crane",33,"random_forest",3,"binary",0,0,0.0114285714285714
"crane",33,"random_forest",3,"binary",0,0.0330793650793651,0.0114285714285714
"crane",33,"random_forest",3,"binary",0,0,0.0114285714285714
"crane",33,"random_forest",3,"binary",0,0,0.0114285714285714
"crane",33,"random_forest",3,"binary",0,0,0.0114285714285714
"crane",33,"random_forest",3,"binary",0,0,0.0114285714285714
"crane",33,"random_forest",3,"binary",0,0,0.0114285714285714
"crane",33,"random_forest",3,"binary",0,0,0.0114285714285714
"crane",33,"random_forest",3,"binary",1,0.401722222222222,0.0114285714285714
"crane",33,"random_forest",3,"binary",0,0,0.0114285714285714
"crane",33,"random_forest",3,"binary",0,0,0.0114285714285714
"crane",33,"random_forest",3,"binary",0,0,0.0114285714285714
"crane",33,"random_forest",3,"binary",0,0,0.0114285714285714
"crane",33,"random_forest",3,"binary",0,0,0.0114285714285714
"crane",33,"random_forest",3,"binary",0,0,0.0114285714285714
"crane",33,"random_forest",3,"binary",0,0,0.0114285714285714
"crane",33,"random_forest",3,"binary",0,0,0.0114285714285714
"crane",33,"random_forest",3,"binary",0,0,0.0114285714285714
"crane",33,"random_forest",3,"binary",0,0,0.0114285714285714
"crane",33,"random_forest",3,"binary",0,0,0.0114285714285714
"crane",33,"random_forest",3,"binary",0,0,0.0114285714285714
"crane",33,"random_forest",3,"binary",0,0,0.0114285714285714
"crane",33,"random_forest",3,"binary",0,0,0.0114285714285714
"crane",33,"random_forest",3,"binary",0,0,0.0114285714285714
"crane",33,"random_forest",3,"binary",0,0.0613174603174603,0.0114285714285714
"crane",33,"random_forest",3,"binary",0,0,0.0114285714285714
"crane",33,"random_forest",3,"binary",0,0.0330793650793651,0.0114285714285714
"crane",33,"random_forest",3,"binary",0,0,0.0114285714285714
"crane",33,"random_forest",3,"binary",0,0,0.0114285714285714
"crane",33,"random_forest",3,"binary",0,0,0.0114285714285714
"crane",33,"random_forest",3,"binary",0,0,0.0114285714285714
"crane",33,"random_forest",3,"binary",0,0,0.0114285714285714
"crane",33,"random_forest",3,"binary",0,0,0.0114285714285714
"crane",33,"random_forest",3,"binary",1,0.401722222222222,0.0114285714285714
"crane",33,"random_forest",3,"binary",0,0,0.0114285714285714
"crane",33,"random_forest",3,"binary",0,0,0.0114285714285714
"crane",33,"random_forest",3,"binary",0,0,0.0114285714285714
"crane",33,"random_forest",3,"binary",0,0,0.0114285714285714
"crane",33,"random_forest",3,"binary",0,0,0.0114285714285714
"crane",33,"random_forest",3,"binary",0,0,0.0114285714285714
"crane",33,"random_forest",3,"binary",0,0,0.0114285714285714
"crane",33,"random_forest",4,"binary",0,0,0.019047619047619
"crane",33,"random_forest",4,"binary",0,0,0.019047619047619
"crane",33,"random_forest",4,"binary",0,0,0.019047619047619
"crane",33,"random_forest",4,"binary",0,0,0.019047619047619
"crane",33,"random_forest",4,"binary",0,0,0.019047619047619
"crane",33,"random_forest",4,"binary",0,0,0.019047619047619
"crane",33,"random_forest",4,"binary",0,0,0.019047619047619
"crane",33,"random_forest",4,"binary",0,0,0.019047619047619
"crane",33,"random_forest",4,"binary",0,0.246555555555556,0.019047619047619
"crane",33,"random_forest",4,"binary",0,0,0.019047619047619
"crane",33,"random_forest",4,"binary",0,0,0.019047619047619
"crane",33,"random_forest",4,"binary",0,0,0.019047619047619
"crane",33,"random_forest",4,"binary",0,0,0.019047619047619
"crane",33,"random_forest",4,"binary",0,0,0.019047619047619
"crane",33,"random_forest",4,"binary",0,0,0.019047619047619
"crane",33,"random_forest",4,"binary",0,0,0.019047619047619
"crane",33,"random_forest",4,"binary",0,0,0.019047619047619
"crane",33,"random_forest",4,"binary",0,0,0.019047619047619
"crane",33,"random_forest",4,"binary",0,0,0.019047619047619
"crane",33,"random_forest",4,"binary",0,0,0.019047619047619
"crane",33,"random_forest",4,"binary",0,0,0.019047619047619
"crane",33,"random_forest",4,"binary",0,0,0.019047619047619
"crane",33,"random_forest",4,"binary",0,0,0.019047619047619
"crane",33,"random_forest",4,"binary",0,0,0.019047619047619
"crane",33,"random_forest",4,"binary",0,0,0.019047619047619
"crane",33,"random_forest",4,"binary",0,0,0.019047619047619
"crane",33,"random_forest",4,"binary",0,0,0.019047619047619
"crane",33,"random_forest",4,"binary",0,0,0.019047619047619
"crane",33,"random_forest",4,"binary",0,0,0.019047619047619
"crane",33,"random_forest",4,"binary",0,0,0.019047619047619
"crane",33,"random_forest",4,"binary",0,0,0.019047619047619
"crane",33,"random_forest",4,"binary",0,0,0.019047619047619
"crane",33,"random_forest",4,"binary",0,0,0.019047619047619
"crane",33,"random_forest",4,"binary",0,0.246555555555556,0.019047619047619
"crane",33,"random_forest",4,"binary",0,0,0.019047619047619
"crane",33,"random_forest",4,"binary",0,0,0.019047619047619
"crane",33,"random_forest",4,"binary",0,0,0.019047619047619
"crane",33,"random_forest",4,"binary",0,0,0.019047619047619
"crane",33,"random_forest",4,"binary",0,0,0.019047619047619
"crane",33,"random_forest",4,"binary",0,0,0.019047619047619
"crane",33,"random_forest",4,"binary",0,0,0.019047619047619
"crane",33,"random_forest",4,"binary",0,0,0.019047619047619
"crane",33,"random_forest",4,"binary",0,0,0.019047619047619
"crane",33,"random_forest",4,"binary",0,0,0.019047619047619
"crane",33,"random_forest",4,"binary",0,0,0.019047619047619
"crane",33,"random_forest",4,"binary",0,0,0.019047619047619
"crane",33,"random_forest",4,"binary",0,0,0.019047619047619
"crane",33,"random_forest",4,"binary",0,0,0.019047619047619
"crane",33,"random_forest",4,"binary",0,0,0.019047619047619
"crane",33,"random_forest",4,"binary",0,0,0.019047619047619
"crane",33,"random_forest",4,"binary",0,0,0.019047619047619
"crane",33,"random_forest",4,"binary",0,0,0.019047619047619
"crane",33,"random_forest",4,"binary",0,0,0.019047619047619
"crane",33,"random_forest",4,"binary",0,0,0.019047619047619
"crane",33,"random_forest",4,"binary",0,0,0.019047619047619
"crane",33,"random_forest",4,"binary",0,0,0.019047619047619
"crane",33,"random_forest",4,"binary",0,0,0.019047619047619
"crane",33,"random_forest",4,"binary",0,0,0.019047619047619
"crane",33,"random_forest",4,"binary",0,0.246555555555556,0.019047619047619
"crane",33,"random_forest",4,"binary",0,0,0.019047619047619
"crane",33,"random_forest",4,"binary",0,0,0.019047619047619
"crane",33,"random_forest",4,"binary",0,0,0.019047619047619
"crane",33,"random_forest",4,"binary",0,0,0.019047619047619
"crane",33,"random_forest",4,"binary",0,0,0.019047619047619
"crane",33,"random_forest",4,"binary",0,0,0.019047619047619
"crane",33,"random_forest",4,"binary",0,0,0.019047619047619
"crane",33,"random_forest",4,"binary",0,0,0.019047619047619
"crane",33,"random_forest",4,"binary",0,0,0.019047619047619
"crane",33,"random_forest",4,"binary",0,0,0.019047619047619
"crane",33,"random_forest",4,"binary",0,0,0.019047619047619
"crane",33,"random_forest",4,"binary",0,0,0.019047619047619
"crane",33,"random_forest",4,"binary",0,0,0.019047619047619
"crane",33,"random_forest",4,"binary",0,0,0.019047619047619
"crane",33,"random_forest",4,"binary",0,0,0.019047619047619
"crane",33,"random_forest",4,"binary",0,0,0.019047619047619
"crane",33,"random_forest",4,"binary",0,0,0.019047619047619
"crane",33,"random_forest",4,"binary",0,0,0.019047619047619
"crane",33,"random_forest",4,"binary",0,0,0.019047619047619
"crane",33,"random_forest",4,"binary",0,0,0.019047619047619
"crane",33,"random_forest",4,"binary",0,0,0.019047619047619
"crane",33,"random_forest",4,"binary",0,0,0.019047619047619
"crane",33,"random_forest",4,"binary",0,0,0.019047619047619
"crane",33,"random_forest",4,"binary",0,0,0.019047619047619
"crane",33,"random_forest",4,"binary",0,0.246555555555556,0.019047619047619
"crane",33,"random_forest",4,"binary",0,0,0.019047619047619
"crane",33,"random_forest",4,"binary",0,0,0.019047619047619
"crane",33,"random_forest",4,"binary",0,0,0.019047619047619
"crane",33,"random_forest",4,"binary",0,0,0.019047619047619
"crane",33,"random_forest",4,"binary",0,0,0.019047619047619
"crane",33,"random_forest",4,"binary",0,0,0.019047619047619
"crane",33,"random_forest",4,"binary",0,0,0.019047619047619
"crane",33,"random_forest",4,"binary",0,0,0.019047619047619
"crane",33,"random_forest",4,"binary",0,0,0.019047619047619
"crane",33,"random_forest",4,"binary",0,0,0.019047619047619
"crane",33,"random_forest",4,"binary",0,0,0.019047619047619
"crane",33,"random_forest",4,"binary",0,0,0.019047619047619
"crane",33,"random_forest",4,"binary",0,0,0.019047619047619
"crane",33,"random_forest",4,"binary",0,0,0.019047619047619
"crane",33,"random_forest",4,"binary",0,0,0.019047619047619
"crane",33,"random_forest",4,"binary",0,0,0.019047619047619
"crane",33,"random_forest",4,"binary",0,0,0.019047619047619
"crane",33,"random_forest",4,"binary",0,0,0.019047619047619
"crane",33,"random_forest",4,"binary",0,0,0.019047619047619
"crane",33,"random_forest",4,"binary",0,0,0.019047619047619
"crane",33,"random_forest",4,"binary",0,0,0.019047619047619
"crane",33,"random_forest",4,"binary",0,0,0.019047619047619
"crane",33,"random_forest",4,"binary",0,0,0.019047619047619
"crane",33,"random_forest",4,"binary",0,0,0.019047619047619
"crane",33,"random_forest",4,"binary",0,0.246555555555556,0.019047619047619
"crane",33,"random_forest",4,"binary",1,0,0.019047619047619
"crane",33,"random_forest",4,"binary",0,0,0.019047619047619
"crane",33,"random_forest",4,"binary",0,0,0.019047619047619
"crane",33,"random_forest",4,"binary",0,0,0.019047619047619
"crane",33,"random_forest",4,"binary",0,0,0.019047619047619
"crane",33,"random_forest",4,"binary",0,0,0.019047619047619
"crane",33,"random_forest",4,"binary",0,0,0.019047619047619
"crane",33,"random_forest",4,"binary",0,0,0.019047619047619
"crane",33,"random_forest",4,"binary",0,0,0.019047619047619
"crane",33,"random_forest",4,"binary",0,0,0.019047619047619
"crane",33,"random_forest",4,"binary",0,0,0.019047619047619
"crane",33,"random_forest",4,"binary",0,0,0.019047619047619
"crane",33,"random_forest",4,"binary",0,0,0.019047619047619
"crane",33,"random_forest",4,"binary",0,0,0.019047619047619
"crane",33,"random_forest",4,"binary",0,0,0.019047619047619
"crane",33,"random_forest",4,"binary",0,0,0.019047619047619
"crane",33,"random_forest",5,"binary",0,0.08,0.0113207547169811
"crane",33,"random_forest",5,"binary",0,0,0.0113207547169811
"crane",33,"random_forest",5,"binary",0,0,0.0113207547169811
"crane",33,"random_forest",5,"binary",0,0.01975,0.0113207547169811
"crane",33,"random_forest",5,"binary",0,0,0.0113207547169811
"crane",33,"random_forest",5,"binary",0,0,0.0113207547169811
"crane",33,"random_forest",5,"binary",0,0,0.0113207547169811
"crane",33,"random_forest",5,"binary",0,0,0.0113207547169811
"crane",33,"random_forest",5,"binary",0,0,0.0113207547169811
"crane",33,"random_forest",5,"binary",0,0,0.0113207547169811
"crane",33,"random_forest",5,"binary",0,0.005,0.0113207547169811
"crane",33,"random_forest",5,"binary",0,0,0.0113207547169811
"crane",33,"random_forest",5,"binary",0,0,0.0113207547169811
"crane",33,"random_forest",5,"binary",0,0,0.0113207547169811
"crane",33,"random_forest",5,"binary",0,0,0.0113207547169811
"crane",33,"random_forest",5,"binary",0,0,0.0113207547169811
"crane",33,"random_forest",5,"binary",0,0,0.0113207547169811
"crane",33,"random_forest",5,"binary",0,0,0.0113207547169811
"crane",33,"random_forest",5,"binary",0,0.001,0.0113207547169811
"crane",33,"random_forest",5,"binary",1,0.631142857142857,0.0113207547169811
"crane",33,"random_forest",5,"binary",0,0,0.0113207547169811
"crane",33,"random_forest",5,"binary",0,0,0.0113207547169811
"crane",33,"random_forest",5,"binary",0,0,0.0113207547169811
"crane",33,"random_forest",5,"binary",0,0,0.0113207547169811
"crane",33,"random_forest",5,"binary",0,0.08,0.0113207547169811
"crane",33,"random_forest",5,"binary",0,0,0.0113207547169811
"crane",33,"random_forest",5,"binary",0,0,0.0113207547169811
"crane",33,"random_forest",5,"binary",0,0.01975,0.0113207547169811
"crane",33,"random_forest",5,"binary",0,0,0.0113207547169811
"crane",33,"random_forest",5,"binary",0,0,0.0113207547169811
"crane",33,"random_forest",5,"binary",0,0,0.0113207547169811
"crane",33,"random_forest",5,"binary",0,0,0.0113207547169811
"crane",33,"random_forest",5,"binary",0,0,0.0113207547169811
"crane",33,"random_forest",5,"binary",0,0,0.0113207547169811
"crane",33,"random_forest",5,"binary",0,0.005,0.0113207547169811
"crane",33,"random_forest",5,"binary",0,0,0.0113207547169811
"crane",33,"random_forest",5,"binary",0,0,0.0113207547169811
"crane",33,"random_forest",5,"binary",0,0,0.0113207547169811
"crane",33,"random_forest",5,"binary",0,0,0.0113207547169811
"crane",33,"random_forest",5,"binary",0,0,0.0113207547169811
"crane",33,"random_forest",5,"binary",0,0,0.0113207547169811
"crane",33,"random_forest",5,"binary",0,0,0.0113207547169811
"crane",33,"random_forest",5,"binary",0,0.001,0.0113207547169811
"crane",33,"random_forest",5,"binary",1,0.631142857142857,0.0113207547169811
"crane",33,"random_forest",5,"binary",0,0,0.0113207547169811
"crane",33,"random_forest",5,"binary",0,0,0.0113207547169811
"crane",33,"random_forest",5,"binary",0,0,0.0113207547169811
"crane",33,"random_forest",5,"binary",0,0,0.0113207547169811
"crane",33,"random_forest",5,"binary",0,0.08,0.0113207547169811
"crane",33,"random_forest",5,"binary",0,0,0.0113207547169811
"crane",33,"random_forest",5,"binary",0,0,0.0113207547169811
"crane",33,"random_forest",5,"binary",0,0.01975,0.0113207547169811
"crane",33,"random_forest",5,"binary",0,0,0.0113207547169811
"crane",33,"random_forest",5,"binary",0,0,0.0113207547169811
"crane",33,"random_forest",5,"binary",0,0,0.0113207547169811
"crane",33,"random_forest",5,"binary",0,0,0.0113207547169811
"crane",33,"random_forest",5,"binary",0,0,0.0113207547169811
"crane",33,"random_forest",5,"binary",0,0,0.0113207547169811
"crane",33,"random_forest",5,"binary",0,0.005,0.0113207547169811
"crane",33,"random_forest",5,"binary",0,0,0.0113207547169811
"crane",33,"random_forest",5,"binary",0,0,0.0113207547169811
"crane",33,"random_forest",5,"binary",0,0,0.0113207547169811
"crane",33,"random_forest",5,"binary",0,0,0.0113207547169811
"crane",33,"random_forest",5,"binary",0,0,0.0113207547169811
"crane",33,"random_forest",5,"binary",0,0,0.0113207547169811
"crane",33,"random_forest",5,"binary",0,0,0.0113207547169811
"crane",33,"random_forest",5,"binary",0,0.001,0.0113207547169811
"crane",33,"random_forest",5,"binary",1,0.631142857142857,0.0113207547169811
"crane",33,"random_forest",5,"binary",0,0,0.0113207547169811
"crane",33,"random_forest",5,"binary",0,0,0.0113207547169811
"crane",33,"random_forest",5,"binary",0,0,0.0113207547169811
"crane",33,"random_forest",5,"binary",0,0,0.0113207547169811
"crane",33,"random_forest",5,"binary",0,0.08,0.0113207547169811
"crane",33,"random_forest",5,"binary",0,0,0.0113207547169811
"crane",33,"random_forest",5,"binary",0,0,0.0113207547169811
"crane",33,"random_forest",5,"binary",0,0.01975,0.0113207547169811
"crane",33,"random_forest",5,"binary",0,0,0.0113207547169811
"crane",33,"random_forest",5,"binary",0,0,0.0113207547169811
"crane",33,"random_forest",5,"binary",0,0,0.0113207547169811
"crane",33,"random_forest",5,"binary",0,0,0.0113207547169811
"crane",33,"random_forest",5,"binary",0,0,0.0113207547169811
"crane",33,"random_forest",5,"binary",0,0,0.0113207547169811
"crane",33,"random_forest",5,"binary",0,0.005,0.0113207547169811
"crane",33,"random_forest",5,"binary",0,0,0.0113207547169811
"crane",33,"random_forest",5,"binary",0,0,0.0113207547169811
"crane",33,"random_forest",5,"binary",0,0,0.0113207547169811
"crane",33,"random_forest",5,"binary",0,0,0.0113207547169811
"crane",33,"random_forest",5,"binary",0,0,0.0113207547169811
"crane",33,"random_forest",5,"binary",0,0,0.0113207547169811
"crane",33,"random_forest",5,"binary",0,0,0.0113207547169811
"crane",33,"random_forest",5,"binary",0,0.001,0.0113207547169811
"crane",33,"random_forest",5,"binary",1,0.631142857142857,0.0113207547169811
"crane",33,"random_forest",5,"binary",0,0,0.0113207547169811
"crane",33,"random_forest",5,"binary",0,0,0.0113207547169811
"crane",33,"random_forest",5,"binary",0,0,0.0113207547169811
"crane",33,"random_forest",5,"binary",0,0,0.0113207547169811
"crane",33,"random_forest",5,"binary",0,0.08,0.0113207547169811
"crane",33,"random_forest",5,"binary",0,0,0.0113207547169811
"crane",33,"random_forest",5,"binary",0,0,0.0113207547169811
"crane",33,"random_forest",5,"binary",0,0.01975,0.0113207547169811
"crane",33,"random_forest",5,"binary",0,0,0.0113207547169811
"crane",33,"random_forest",5,"binary",0,0,0.0113207547169811
"crane",33,"random_forest",5,"binary",0,0,0.0113207547169811
"crane",33,"random_forest",5,"binary",0,0,0.0113207547169811
"crane",33,"random_forest",5,"binary",0,0,0.0113207547169811
"crane",33,"random_forest",5,"binary",0,0,0.0113207547169811
"crane",33,"random_forest",5,"binary",0,0.005,0.0113207547169811
"crane",33,"random_forest",5,"binary",0,0,0.0113207547169811
"crane",33,"random_forest",5,"binary",0,0,0.0113207547169811
"crane",33,"random_forest",5,"binary",0,0,0.0113207547169811
"crane",33,"random_forest",5,"binary",0,0,0.0113207547169811
"crane",33,"random_forest",5,"binary",0,0,0.0113207547169811
"crane",33,"random_forest",5,"binary",0,0,0.0113207547169811
"crane",33,"random_forest",5,"binary",0,0,0.0113207547169811
"crane",33,"random_forest",5,"binary",0,0.001,0.0113207547169811
"crane",33,"random_forest",5,"binary",1,0.631142857142857,0.0113207547169811
"crane",33,"random_forest",5,"binary",0,0,0.0113207547169811
"crane",33,"random_forest",5,"binary",0,0,0.0113207547169811
"crane",33,"random_forest",5,"binary",0,0,0.0113207547169811
"crane",33,"random_forest",5,"binary",0,0,0.0113207547169811
"crane",33,"xgboost",1,"binary",0,0.00136131048202515,0.0213592233009709
"crane",33,"xgboost",1,"binary",0,0.00136131048202515,0.0213592233009709
"crane",33,"xgboost",1,"binary",0,0.00136131048202515,0.0213592233009709
"crane",33,"xgboost",1,"binary",0,0.00136131048202515,0.0213592233009709
"crane",33,"xgboost",1,"binary",0,0.00136131048202515,0.0213592233009709
"crane",33,"xgboost",1,"binary",0,0.00136131048202515,0.0213592233009709
"crane",33,"xgboost",1,"binary",0,0.000686764717102051,0.0213592233009709
"crane",33,"xgboost",1,"binary",0,0.000686764717102051,0.0213592233009709
"crane",33,"xgboost",1,"binary",0,0.000686764717102051,0.0213592233009709
"crane",33,"xgboost",1,"binary",0,0.000686764717102051,0.0213592233009709
"crane",33,"xgboost",1,"binary",0,0.00136131048202515,0.0213592233009709
"crane",33,"xgboost",1,"binary",0,0.000686764717102051,0.0213592233009709
"crane",33,"xgboost",1,"binary",0,0.00136131048202515,0.0213592233009709
"crane",33,"xgboost",1,"binary",0,0.00136131048202515,0.0213592233009709
"crane",33,"xgboost",1,"binary",0,0.00136131048202515,0.0213592233009709
"crane",33,"xgboost",1,"binary",0,0.00136131048202515,0.0213592233009709
"crane",33,"xgboost",1,"binary",0,0.0301758050918579,0.0213592233009709
"crane",33,"xgboost",1,"binary",0,0.00136131048202515,0.0213592233009709
"crane",33,"xgboost",1,"binary",0,0.00136131048202515,0.0213592233009709
"crane",33,"xgboost",1,"binary",0,0.00136131048202515,0.0213592233009709
"crane",33,"xgboost",1,"binary",0,0.00136131048202515,0.0213592233009709
"crane",33,"xgboost",1,"binary",0,0.00136131048202515,0.0213592233009709
"crane",33,"xgboost",1,"binary",0,0.00136131048202515,0.0213592233009709
"crane",33,"xgboost",1,"binary",0,0.000686764717102051,0.0213592233009709
"crane",33,"xgboost",1,"binary",0,0.000686764717102051,0.0213592233009709
"crane",33,"xgboost",1,"binary",0,0.000686764717102051,0.0213592233009709
"crane",33,"xgboost",1,"binary",0,0.00136131048202515,0.0213592233009709
"crane",33,"xgboost",1,"binary",0,0.00136131048202515,0.0213592233009709
"crane",33,"xgboost",1,"binary",0,0.00136131048202515,0.0213592233009709
"crane",33,"xgboost",1,"binary",0,0.00136131048202515,0.0213592233009709
"crane",33,"xgboost",1,"binary",0,0.00136131048202515,0.0213592233009709
"crane",33,"xgboost",1,"binary",0,0.00136131048202515,0.0213592233009709
"crane",33,"xgboost",1,"binary",0,0.00136131048202515,0.0213592233009709
"crane",33,"xgboost",1,"binary",0,0.000686764717102051,0.0213592233009709
"crane",33,"xgboost",1,"binary",0,0.000686764717102051,0.0213592233009709
"crane",33,"xgboost",1,"binary",0,0.000686764717102051,0.0213592233009709
"crane",33,"xgboost",1,"binary",0,0.000686764717102051,0.0213592233009709
"crane",33,"xgboost",1,"binary",0,0.00136131048202515,0.0213592233009709
"crane",33,"xgboost",1,"binary",0,0.000686764717102051,0.0213592233009709
"crane",33,"xgboost",1,"binary",0,0.00136131048202515,0.0213592233009709
"crane",33,"xgboost",1,"binary",0,0.00136131048202515,0.0213592233009709
"crane",33,"xgboost",1,"binary",0,0.00136131048202515,0.0213592233009709
"crane",33,"xgboost",1,"binary",0,0.00136131048202515,0.0213592233009709
"crane",33,"xgboost",1,"binary",0,0.0301758050918579,0.0213592233009709
"crane",33,"xgboost",1,"binary",0,0.00136131048202515,0.0213592233009709
"crane",33,"xgboost",1,"binary",0,0.00136131048202515,0.0213592233009709
"crane",33,"xgboost",1,"binary",0,0.00136131048202515,0.0213592233009709
"crane",33,"xgboost",1,"binary",0,0.00136131048202515,0.0213592233009709
"crane",33,"xgboost",1,"binary",0,0.00136131048202515,0.0213592233009709
"crane",33,"xgboost",1,"binary",0,0.00136131048202515,0.0213592233009709
"crane",33,"xgboost",1,"binary",0,0.000686764717102051,0.0213592233009709
"crane",33,"xgboost",1,"binary",0,0.000686764717102051,0.0213592233009709
"crane",33,"xgboost",1,"binary",0,0.000686764717102051,0.0213592233009709
"crane",33,"xgboost",1,"binary",0,0.00136131048202515,0.0213592233009709
"crane",33,"xgboost",1,"binary",0,0.00136131048202515,0.0213592233009709
"crane",33,"xgboost",1,"binary",0,0.00136131048202515,0.0213592233009709
"crane",33,"xgboost",1,"binary",0,0.00136131048202515,0.0213592233009709
"crane",33,"xgboost",1,"binary",0,0.00136131048202515,0.0213592233009709
"crane",33,"xgboost",1,"binary",0,0.00136131048202515,0.0213592233009709
"crane",33,"xgboost",1,"binary",0,0.00136131048202515,0.0213592233009709
"crane",33,"xgboost",1,"binary",0,0.000686764717102051,0.0213592233009709
"crane",33,"xgboost",1,"binary",0,0.000686764717102051,0.0213592233009709
"crane",33,"xgboost",1,"binary",0,0.000686764717102051,0.0213592233009709
"crane",33,"xgboost",1,"binary",0,0.000686764717102051,0.0213592233009709
"crane",33,"xgboost",1,"binary",0,0.00136131048202515,0.0213592233009709
"crane",33,"xgboost",1,"binary",0,0.000686764717102051,0.0213592233009709
"crane",33,"xgboost",1,"binary",0,0.00136131048202515,0.0213592233009709
"crane",33,"xgboost",1,"binary",0,0.00136131048202515,0.0213592233009709
"crane",33,"xgboost",1,"binary",0,0.00136131048202515,0.0213592233009709
"crane",33,"xgboost",1,"binary",0,0.00136131048202515,0.0213592233009709
"crane",33,"xgboost",1,"binary",0,0.0301758050918579,0.0213592233009709
"crane",33,"xgboost",1,"binary",0,0.00136131048202515,0.0213592233009709
"crane",33,"xgboost",1,"binary",0,0.00136131048202515,0.0213592233009709
"crane",33,"xgboost",1,"binary",0,0.00136131048202515,0.0213592233009709
"crane",33,"xgboost",1,"binary",0,0.00136131048202515,0.0213592233009709
"crane",33,"xgboost",1,"binary",0,0.00136131048202515,0.0213592233009709
"crane",33,"xgboost",1,"binary",0,0.00136131048202515,0.0213592233009709
"crane",33,"xgboost",1,"binary",0,0.000686764717102051,0.0213592233009709
"crane",33,"xgboost",1,"binary",0,0.000686764717102051,0.0213592233009709
"crane",33,"xgboost",1,"binary",0,0.000686764717102051,0.0213592233009709
"crane",33,"xgboost",1,"binary",0,0.00136131048202515,0.0213592233009709
"crane",33,"xgboost",1,"binary",0,0.00136131048202515,0.0213592233009709
"crane",33,"xgboost",1,"binary",0,0.00136131048202515,0.0213592233009709
"crane",33,"xgboost",1,"binary",0,0.00136131048202515,0.0213592233009709
"crane",33,"xgboost",1,"binary",0,0.00136131048202515,0.0213592233009709
"crane",33,"xgboost",1,"binary",0,0.00136131048202515,0.0213592233009709
"crane",33,"xgboost",1,"binary",0,0.00136131048202515,0.0213592233009709
"crane",33,"xgboost",1,"binary",0,0.000686764717102051,0.0213592233009709
"crane",33,"xgboost",1,"binary",0,0.000686764717102051,0.0213592233009709
"crane",33,"xgboost",1,"binary",0,0.000686764717102051,0.0213592233009709
"crane",33,"xgboost",1,"binary",0,0.000686764717102051,0.0213592233009709
"crane",33,"xgboost",1,"binary",0,0.00136131048202515,0.0213592233009709
"crane",33,"xgboost",1,"binary",0,0.000686764717102051,0.0213592233009709
"crane",33,"xgboost",1,"binary",0,0.00136131048202515,0.0213592233009709
"crane",33,"xgboost",1,"binary",0,0.00136131048202515,0.0213592233009709
"crane",33,"xgboost",1,"binary",0,0.00136131048202515,0.0213592233009709
"crane",33,"xgboost",1,"binary",0,0.00136131048202515,0.0213592233009709
"crane",33,"xgboost",1,"binary",0,0.0301758050918579,0.0213592233009709
"crane",33,"xgboost",1,"binary",0,0.00136131048202515,0.0213592233009709
"crane",33,"xgboost",1,"binary",0,0.00136131048202515,0.0213592233009709
"crane",33,"xgboost",1,"binary",0,0.00136131048202515,0.0213592233009709
"crane",33,"xgboost",1,"binary",0,0.00136131048202515,0.0213592233009709
"crane",33,"xgboost",1,"binary",0,0.00136131048202515,0.0213592233009709
"crane",33,"xgboost",1,"binary",0,0.00136131048202515,0.0213592233009709
"crane",33,"xgboost",1,"binary",0,0.000686764717102051,0.0213592233009709
"crane",33,"xgboost",1,"binary",0,0.000686764717102051,0.0213592233009709
"crane",33,"xgboost",1,"binary",0,0.000686764717102051,0.0213592233009709
"crane",33,"xgboost",1,"binary",0,0.00136131048202515,0.0213592233009709
"crane",33,"xgboost",1,"binary",0,0.00136131048202515,0.0213592233009709
"crane",33,"xgboost",1,"binary",0,0.00136131048202515,0.0213592233009709
"crane",33,"xgboost",1,"binary",0,0.00136131048202515,0.0213592233009709
"crane",33,"xgboost",1,"binary",0,0.00136131048202515,0.0213592233009709
"crane",33,"xgboost",1,"binary",0,0.00136131048202515,0.0213592233009709
"crane",33,"xgboost",1,"binary",0,0.00136131048202515,0.0213592233009709
"crane",33,"xgboost",1,"binary",0,0.000686764717102051,0.0213592233009709
"crane",33,"xgboost",1,"binary",0,0.000686764717102051,0.0213592233009709
"crane",33,"xgboost",1,"binary",0,0.000686764717102051,0.0213592233009709
"crane",33,"xgboost",1,"binary",0,0.000686764717102051,0.0213592233009709
"crane",33,"xgboost",1,"binary",0,0.00136131048202515,0.0213592233009709
"crane",33,"xgboost",1,"binary",0,0.000686764717102051,0.0213592233009709
"crane",33,"xgboost",1,"binary",0,0.00136131048202515,0.0213592233009709
"crane",33,"xgboost",1,"binary",0,0.00136131048202515,0.0213592233009709
"crane",33,"xgboost",1,"binary",0,0.00136131048202515,0.0213592233009709
"crane",33,"xgboost",1,"binary",0,0.00136131048202515,0.0213592233009709
"crane",33,"xgboost",1,"binary",0,0.0301758050918579,0.0213592233009709
"crane",33,"xgboost",1,"binary",0,0.00136131048202515,0.0213592233009709
"crane",33,"xgboost",1,"binary",0,0.00136131048202515,0.0213592233009709
"crane",33,"xgboost",1,"binary",0,0.00136131048202515,0.0213592233009709
"crane",33,"xgboost",1,"binary",0,0.00136131048202515,0.0213592233009709
"crane",33,"xgboost",1,"binary",0,0.00136131048202515,0.0213592233009709
"crane",33,"xgboost",1,"binary",0,0.00136131048202515,0.0213592233009709
"crane",33,"xgboost",1,"binary",0,0.000686764717102051,0.0213592233009709
"crane",33,"xgboost",1,"binary",0,0.000686764717102051,0.0213592233009709
"crane",33,"xgboost",1,"binary",0,0.000686764717102051,0.0213592233009709
"crane",33,"xgboost",1,"binary",0,0.00136131048202515,0.0213592233009709
"crane",33,"xgboost",2,"binary",0,0.000656783580780029,0.0217821782178218
"crane",33,"xgboost",2,"binary",0,0.00145155191421509,0.0217821782178218
"crane",33,"xgboost",2,"binary",0,0.00145155191421509,0.0217821782178218
"crane",33,"xgboost",2,"binary",0,0.000656783580780029,0.0217821782178218
"crane",33,"xgboost",2,"binary",0,0.000656783580780029,0.0217821782178218
"crane",33,"xgboost",2,"binary",0,0.000656783580780029,0.0217821782178218
"crane",33,"xgboost",2,"binary",0,0.000656783580780029,0.0217821782178218
"crane",33,"xgboost",2,"binary",0,0.000656783580780029,0.0217821782178218
"crane",33,"xgboost",2,"binary",0,0.000656783580780029,0.0217821782178218
"crane",33,"xgboost",2,"binary",0,0.000656783580780029,0.0217821782178218
"crane",33,"xgboost",2,"binary",0,0.0158583521842957,0.0217821782178218
"crane",33,"xgboost",2,"binary",0,0.000656783580780029,0.0217821782178218
"crane",33,"xgboost",2,"binary",0,0.00145155191421509,0.0217821782178218
"crane",33,"xgboost",2,"binary",0,0.0041651725769043,0.0217821782178218
"crane",33,"xgboost",2,"binary",0,0.0344132781028748,0.0217821782178218
"crane",33,"xgboost",2,"binary",0,0.00145155191421509,0.0217821782178218
"crane",33,"xgboost",2,"binary",0,0.00145155191421509,0.0217821782178218
"crane",33,"xgboost",2,"binary",0,0.00145155191421509,0.0217821782178218
"crane",33,"xgboost",2,"binary",0,0.00145155191421509,0.0217821782178218
"crane",33,"xgboost",2,"binary",0,0.00145155191421509,0.0217821782178218
"crane",33,"xgboost",2,"binary",0,0.00145155191421509,0.0217821782178218
"crane",33,"xgboost",2,"binary",0,0.00145155191421509,0.0217821782178218
"crane",33,"xgboost",2,"binary",0,0.953338708728552,0.0217821782178218
"crane",33,"xgboost",2,"binary",0,0.910262361168861,0.0217821782178218
"crane",33,"xgboost",2,"binary",0,0.00145155191421509,0.0217821782178218
"crane",33,"xgboost",2,"binary",0,0.00145155191421509,0.0217821782178218
"crane",33,"xgboost",2,"binary",0,0.00145155191421509,0.0217821782178218
"crane",33,"xgboost",2,"binary",0,0.00145155191421509,0.0217821782178218
"crane",33,"xgboost",2,"binary",0,0.00145155191421509,0.0217821782178218
"crane",33,"xgboost",2,"binary",0,0.000656783580780029,0.0217821782178218
"crane",33,"xgboost",2,"binary",0,0.00145155191421509,0.0217821782178218
"crane",33,"xgboost",2,"binary",0,0.00145155191421509,0.0217821782178218
"crane",33,"xgboost",2,"binary",0,0.000656783580780029,0.0217821782178218
"crane",33,"xgboost",2,"binary",0,0.000656783580780029,0.0217821782178218
"crane",33,"xgboost",2,"binary",0,0.000656783580780029,0.0217821782178218
"crane",33,"xgboost",2,"binary",0,0.000656783580780029,0.0217821782178218
"crane",33,"xgboost",2,"binary",0,0.000656783580780029,0.0217821782178218
"crane",33,"xgboost",2,"binary",0,0.000656783580780029,0.0217821782178218
"crane",33,"xgboost",2,"binary",0,0.000656783580780029,0.0217821782178218
"crane",33,"xgboost",2,"binary",0,0.0158583521842957,0.0217821782178218
"crane",33,"xgboost",2,"binary",0,0.000656783580780029,0.0217821782178218
"crane",33,"xgboost",2,"binary",0,0.00145155191421509,0.0217821782178218
"crane",33,"xgboost",2,"binary",0,0.0041651725769043,0.0217821782178218
"crane",33,"xgboost",2,"binary",0,0.0344132781028748,0.0217821782178218
"crane",33,"xgboost",2,"binary",0,0.00145155191421509,0.0217821782178218
"crane",33,"xgboost",2,"binary",0,0.00145155191421509,0.0217821782178218
"crane",33,"xgboost",2,"binary",0,0.00145155191421509,0.0217821782178218
"crane",33,"xgboost",2,"binary",0,0.00145155191421509,0.0217821782178218
"crane",33,"xgboost",2,"binary",0,0.00145155191421509,0.0217821782178218
"crane",33,"xgboost",2,"binary",0,0.00145155191421509,0.0217821782178218
"crane",33,"xgboost",2,"binary",0,0.00145155191421509,0.0217821782178218
"crane",33,"xgboost",2,"binary",0,0.953338708728552,0.0217821782178218
"crane",33,"xgboost",2,"binary",0,0.910262361168861,0.0217821782178218
"crane",33,"xgboost",2,"binary",0,0.00145155191421509,0.0217821782178218
"crane",33,"xgboost",2,"binary",0,0.00145155191421509,0.0217821782178218
"crane",33,"xgboost",2,"binary",0,0.00145155191421509,0.0217821782178218
"crane",33,"xgboost",2,"binary",0,0.00145155191421509,0.0217821782178218
"crane",33,"xgboost",2,"binary",0,0.00145155191421509,0.0217821782178218
"crane",33,"xgboost",2,"binary",0,0.000656783580780029,0.0217821782178218
"crane",33,"xgboost",2,"binary",0,0.00145155191421509,0.0217821782178218
"crane",33,"xgboost",2,"binary",0,0.00145155191421509,0.0217821782178218
"crane",33,"xgboost",2,"binary",0,0.000656783580780029,0.0217821782178218
"crane",33,"xgboost",2,"binary",0,0.000656783580780029,0.0217821782178218
"crane",33,"xgboost",2,"binary",0,0.000656783580780029,0.0217821782178218
"crane",33,"xgboost",2,"binary",0,0.000656783580780029,0.0217821782178218
"crane",33,"xgboost",2,"binary",0,0.000656783580780029,0.0217821782178218
"crane",33,"xgboost",2,"binary",0,0.000656783580780029,0.0217821782178218
"crane",33,"xgboost",2,"binary",0,0.000656783580780029,0.0217821782178218
"crane",33,"xgboost",2,"binary",0,0.0158583521842957,0.0217821782178218
"crane",33,"xgboost",2,"binary",0,0.000656783580780029,0.0217821782178218
"crane",33,"xgboost",2,"binary",0,0.00145155191421509,0.0217821782178218
"crane",33,"xgboost",2,"binary",0,0.0041651725769043,0.0217821782178218
"crane",33,"xgboost",2,"binary",0,0.0344132781028748,0.0217821782178218
"crane",33,"xgboost",2,"binary",0,0.00145155191421509,0.0217821782178218
"crane",33,"xgboost",2,"binary",0,0.00145155191421509,0.0217821782178218
"crane",33,"xgboost",2,"binary",0,0.00145155191421509,0.0217821782178218
"crane",33,"xgboost",2,"binary",0,0.00145155191421509,0.0217821782178218
"crane",33,"xgboost",2,"binary",0,0.00145155191421509,0.0217821782178218
"crane",33,"xgboost",2,"binary",0,0.00145155191421509,0.0217821782178218
"crane",33,"xgboost",2,"binary",0,0.00145155191421509,0.0217821782178218
"crane",33,"xgboost",2,"binary",0,0.953338708728552,0.0217821782178218
"crane",33,"xgboost",2,"binary",0,0.910262361168861,0.0217821782178218
"crane",33,"xgboost",2,"binary",0,0.00145155191421509,0.0217821782178218
"crane",33,"xgboost",2,"binary",0,0.00145155191421509,0.0217821782178218
"crane",33,"xgboost",2,"binary",0,0.00145155191421509,0.0217821782178218
"crane",33,"xgboost",2,"binary",0,0.00145155191421509,0.0217821782178218
"crane",33,"xgboost",2,"binary",0,0.00145155191421509,0.0217821782178218
"crane",33,"xgboost",2,"binary",0,0.000656783580780029,0.0217821782178218
"crane",33,"xgboost",2,"binary",0,0.00145155191421509,0.0217821782178218
"crane",33,"xgboost",2,"binary",0,0.00145155191421509,0.0217821782178218
"crane",33,"xgboost",2,"binary",0,0.000656783580780029,0.0217821782178218
"crane",33,"xgboost",2,"binary",0,0.000656783580780029,0.0217821782178218
"crane",33,"xgboost",2,"binary",0,0.000656783580780029,0.0217821782178218
"crane",33,"xgboost",2,"binary",0,0.000656783580780029,0.0217821782178218
"crane",33,"xgboost",2,"binary",0,0.000656783580780029,0.0217821782178218
"crane",33,"xgboost",2,"binary",0,0.000656783580780029,0.0217821782178218
"crane",33,"xgboost",2,"binary",0,0.000656783580780029,0.0217821782178218
"crane",33,"xgboost",2,"binary",0,0.0158583521842957,0.0217821782178218
"crane",33,"xgboost",2,"binary",0,0.000656783580780029,0.0217821782178218
"crane",33,"xgboost",2,"binary",0,0.00145155191421509,0.0217821782178218
"crane",33,"xgboost",2,"binary",0,0.0041651725769043,0.0217821782178218
"crane",33,"xgboost",2,"binary",0,0.0344132781028748,0.0217821782178218
"crane",33,"xgboost",2,"binary",0,0.00145155191421509,0.0217821782178218
"crane",33,"xgboost",2,"binary",0,0.00145155191421509,0.0217821782178218
"crane",33,"xgboost",2,"binary",0,0.00145155191421509,0.0217821782178218
"crane",33,"xgboost",2,"binary",0,0.00145155191421509,0.0217821782178218
"crane",33,"xgboost",2,"binary",0,0.00145155191421509,0.0217821782178218
"crane",33,"xgboost",2,"binary",0,0.00145155191421509,0.0217821782178218
"crane",33,"xgboost",2,"binary",0,0.00145155191421509,0.0217821782178218
"crane",33,"xgboost",2,"binary",0,0.953338708728552,0.0217821782178218
"crane",33,"xgboost",2,"binary",0,0.910262361168861,0.0217821782178218
"crane",33,"xgboost",2,"binary",0,0.00145155191421509,0.0217821782178218
"crane",33,"xgboost",2,"binary",0,0.00145155191421509,0.0217821782178218
"crane",33,"xgboost",2,"binary",0,0.00145155191421509,0.0217821782178218
"crane",33,"xgboost",2,"binary",0,0.00145155191421509,0.0217821782178218
"crane",33,"xgboost",2,"binary",0,0.00145155191421509,0.0217821782178218
"crane",33,"xgboost",2,"binary",0,0.000656783580780029,0.0217821782178218
"crane",33,"xgboost",2,"binary",0,0.00145155191421509,0.0217821782178218
"crane",33,"xgboost",2,"binary",0,0.00145155191421509,0.0217821782178218
"crane",33,"xgboost",2,"binary",0,0.000656783580780029,0.0217821782178218
"crane",33,"xgboost",2,"binary",0,0.000656783580780029,0.0217821782178218
"crane",33,"xgboost",2,"binary",0,0.000656783580780029,0.0217821782178218
"crane",33,"xgboost",2,"binary",0,0.000656783580780029,0.0217821782178218
"crane",33,"xgboost",2,"binary",0,0.000656783580780029,0.0217821782178218
"crane",33,"xgboost",2,"binary",0,0.000656783580780029,0.0217821782178218
"crane",33,"xgboost",2,"binary",0,0.000656783580780029,0.0217821782178218
"crane",33,"xgboost",2,"binary",0,0.0158583521842957,0.0217821782178218
"crane",33,"xgboost",2,"binary",0,0.000656783580780029,0.0217821782178218
"crane",33,"xgboost",2,"binary",0,0.00145155191421509,0.0217821782178218
"crane",33,"xgboost",2,"binary",0,0.0041651725769043,0.0217821782178218
"crane",33,"xgboost",2,"binary",0,0.0344132781028748,0.0217821782178218
"crane",33,"xgboost",2,"binary",0,0.00145155191421509,0.0217821782178218
"crane",33,"xgboost",2,"binary",0,0.00145155191421509,0.0217821782178218
"crane",33,"xgboost",2,"binary",0,0.00145155191421509,0.0217821782178218
"crane",33,"xgboost",2,"binary",0,0.00145155191421509,0.0217821782178218
"crane",33,"xgboost",2,"binary",0,0.00145155191421509,0.0217821782178218
"crane",33,"xgboost",2,"binary",0,0.00145155191421509,0.0217821782178218
"crane",33,"xgboost",2,"binary",0,0.00145155191421509,0.0217821782178218
"crane",33,"xgboost",2,"binary",0,0.953338708728552,0.0217821782178218
"crane",33,"xgboost",2,"binary",0,0.910262361168861,0.0217821782178218
"crane",33,"xgboost",2,"binary",0,0.00145155191421509,0.0217821782178218
"crane",33,"xgboost",2,"binary",0,0.00145155191421509,0.0217821782178218
"crane",33,"xgboost",2,"binary",0,0.00145155191421509,0.0217821782178218
"crane",33,"xgboost",2,"binary",0,0.00145155191421509,0.0217821782178218
"crane",33,"xgboost",2,"binary",0,0.00145155191421509,0.0217821782178218
"crane",33,"xgboost",3,"binary",0,0.000684976577758789,0.0114285714285714
"crane",33,"xgboost",3,"binary",0,0.000684976577758789,0.0114285714285714
"crane",33,"xgboost",3,"binary",0,0.00104391574859619,0.0114285714285714
"crane",33,"xgboost",3,"binary",0,0.00104391574859619,0.0114285714285714
"crane",33,"xgboost",3,"binary",0,0.00280898809432983,0.0114285714285714
"crane",33,"xgboost",3,"binary",0,0.00104391574859619,0.0114285714285714
"crane",33,"xgboost",3,"binary",0,0.00104391574859619,0.0114285714285714
"crane",33,"xgboost",3,"binary",0,0.000684976577758789,0.0114285714285714
"crane",33,"xgboost",3,"binary",0,0.000684976577758789,0.0114285714285714
"crane",33,"xgboost",3,"binary",0,0.00104391574859619,0.0114285714285714
"crane",33,"xgboost",3,"binary",0,0.0351922512054443,0.0114285714285714
"crane",33,"xgboost",3,"binary",0,0.00104391574859619,0.0114285714285714
"crane",33,"xgboost",3,"binary",0,0.00104391574859619,0.0114285714285714
"crane",33,"xgboost",3,"binary",0,0.00104391574859619,0.0114285714285714
"crane",33,"xgboost",3,"binary",0,0.000684976577758789,0.0114285714285714
"crane",33,"xgboost",3,"binary",0,0.00104391574859619,0.0114285714285714
"crane",33,"xgboost",3,"binary",0,0.00104391574859619,0.0114285714285714
"crane",33,"xgboost",3,"binary",1,0.665876299142838,0.0114285714285714
"crane",33,"xgboost",3,"binary",0,0.00104391574859619,0.0114285714285714
"crane",33,"xgboost",3,"binary",0,0.000684976577758789,0.0114285714285714
"crane",33,"xgboost",3,"binary",0,0.00104391574859619,0.0114285714285714
"crane",33,"xgboost",3,"binary",0,0.000684976577758789,0.0114285714285714
"crane",33,"xgboost",3,"binary",0,0.000684976577758789,0.0114285714285714
"crane",33,"xgboost",3,"binary",0,0.000684976577758789,0.0114285714285714
"crane",33,"xgboost",3,"binary",0,0.000684976577758789,0.0114285714285714
"crane",33,"xgboost",3,"binary",0,0.000684976577758789,0.0114285714285714
"crane",33,"xgboost",3,"binary",0,0.000684976577758789,0.0114285714285714
"crane",33,"xgboost",3,"binary",0,0.00104391574859619,0.0114285714285714
"crane",33,"xgboost",3,"binary",0,0.00104391574859619,0.0114285714285714
"crane",33,"xgboost",3,"binary",0,0.00280898809432983,0.0114285714285714
"crane",33,"xgboost",3,"binary",0,0.00104391574859619,0.0114285714285714
"crane",33,"xgboost",3,"binary",0,0.00104391574859619,0.0114285714285714
"crane",33,"xgboost",3,"binary",0,0.000684976577758789,0.0114285714285714
"crane",33,"xgboost",3,"binary",0,0.000684976577758789,0.0114285714285714
"crane",33,"xgboost",3,"binary",0,0.00104391574859619,0.0114285714285714
"crane",33,"xgboost",3,"binary",0,0.0351922512054443,0.0114285714285714
"crane",33,"xgboost",3,"binary",0,0.00104391574859619,0.0114285714285714
"crane",33,"xgboost",3,"binary",0,0.00104391574859619,0.0114285714285714
"crane",33,"xgboost",3,"binary",0,0.00104391574859619,0.0114285714285714
"crane",33,"xgboost",3,"binary",0,0.000684976577758789,0.0114285714285714
"crane",33,"xgboost",3,"binary",0,0.00104391574859619,0.0114285714285714
"crane",33,"xgboost",3,"binary",0,0.00104391574859619,0.0114285714285714
"crane",33,"xgboost",3,"binary",1,0.665876299142838,0.0114285714285714
"crane",33,"xgboost",3,"binary",0,0.00104391574859619,0.0114285714285714
"crane",33,"xgboost",3,"binary",0,0.000684976577758789,0.0114285714285714
"crane",33,"xgboost",3,"binary",0,0.00104391574859619,0.0114285714285714
"crane",33,"xgboost",3,"binary",0,0.000684976577758789,0.0114285714285714
"crane",33,"xgboost",3,"binary",0,0.000684976577758789,0.0114285714285714
"crane",33,"xgboost",3,"binary",0,0.000684976577758789,0.0114285714285714
"crane",33,"xgboost",3,"binary",0,0.000684976577758789,0.0114285714285714
"crane",33,"xgboost",3,"binary",0,0.000684976577758789,0.0114285714285714
"crane",33,"xgboost",3,"binary",0,0.000684976577758789,0.0114285714285714
"crane",33,"xgboost",3,"binary",0,0.00104391574859619,0.0114285714285714
"crane",33,"xgboost",3,"binary",0,0.00104391574859619,0.0114285714285714
"crane",33,"xgboost",3,"binary",0,0.00280898809432983,0.0114285714285714
"crane",33,"xgboost",3,"binary",0,0.00104391574859619,0.0114285714285714
"crane",33,"xgboost",3,"binary",0,0.00104391574859619,0.0114285714285714
"crane",33,"xgboost",3,"binary",0,0.000684976577758789,0.0114285714285714
"crane",33,"xgboost",3,"binary",0,0.000684976577758789,0.0114285714285714
"crane",33,"xgboost",3,"binary",0,0.00104391574859619,0.0114285714285714
"crane",33,"xgboost",3,"binary",0,0.0351922512054443,0.0114285714285714
"crane",33,"xgboost",3,"binary",0,0.00104391574859619,0.0114285714285714
"crane",33,"xgboost",3,"binary",0,0.00104391574859619,0.0114285714285714
"crane",33,"xgboost",3,"binary",0,0.00104391574859619,0.0114285714285714
"crane",33,"xgboost",3,"binary",0,0.000684976577758789,0.0114285714285714
"crane",33,"xgboost",3,"binary",0,0.00104391574859619,0.0114285714285714
"crane",33,"xgboost",3,"binary",0,0.00104391574859619,0.0114285714285714
"crane",33,"xgboost",3,"binary",1,0.665876299142838,0.0114285714285714
"crane",33,"xgboost",3,"binary",0,0.00104391574859619,0.0114285714285714
"crane",33,"xgboost",3,"binary",0,0.000684976577758789,0.0114285714285714
"crane",33,"xgboost",3,"binary",0,0.00104391574859619,0.0114285714285714
"crane",33,"xgboost",3,"binary",0,0.000684976577758789,0.0114285714285714
"crane",33,"xgboost",3,"binary",0,0.000684976577758789,0.0114285714285714
"crane",33,"xgboost",3,"binary",0,0.000684976577758789,0.0114285714285714
"crane",33,"xgboost",3,"binary",0,0.000684976577758789,0.0114285714285714
"crane",33,"xgboost",3,"binary",0,0.000684976577758789,0.0114285714285714
"crane",33,"xgboost",3,"binary",0,0.000684976577758789,0.0114285714285714
"crane",33,"xgboost",3,"binary",0,0.00104391574859619,0.0114285714285714
"crane",33,"xgboost",3,"binary",0,0.00104391574859619,0.0114285714285714
"crane",33,"xgboost",3,"binary",0,0.00280898809432983,0.0114285714285714
"crane",33,"xgboost",3,"binary",0,0.00104391574859619,0.0114285714285714
"crane",33,"xgboost",3,"binary",0,0.00104391574859619,0.0114285714285714
"crane",33,"xgboost",3,"binary",0,0.000684976577758789,0.0114285714285714
"crane",33,"xgboost",3,"binary",0,0.000684976577758789,0.0114285714285714
"crane",33,"xgboost",3,"binary",0,0.00104391574859619,0.0114285714285714
"crane",33,"xgboost",3,"binary",0,0.0351922512054443,0.0114285714285714
"crane",33,"xgboost",3,"binary",0,0.00104391574859619,0.0114285714285714
"crane",33,"xgboost",3,"binary",0,0.00104391574859619,0.0114285714285714
"crane",33,"xgboost",3,"binary",0,0.00104391574859619,0.0114285714285714
"crane",33,"xgboost",3,"binary",0,0.000684976577758789,0.0114285714285714
"crane",33,"xgboost",3,"binary",0,0.00104391574859619,0.0114285714285714
"crane",33,"xgboost",3,"binary",0,0.00104391574859619,0.0114285714285714
"crane",33,"xgboost",3,"binary",1,0.665876299142838,0.0114285714285714
"crane",33,"xgboost",3,"binary",0,0.00104391574859619,0.0114285714285714
"crane",33,"xgboost",3,"binary",0,0.000684976577758789,0.0114285714285714
"crane",33,"xgboost",3,"binary",0,0.00104391574859619,0.0114285714285714
"crane",33,"xgboost",3,"binary",0,0.000684976577758789,0.0114285714285714
"crane",33,"xgboost",3,"binary",0,0.000684976577758789,0.0114285714285714
"crane",33,"xgboost",3,"binary",0,0.000684976577758789,0.0114285714285714
"crane",33,"xgboost",3,"binary",0,0.000684976577758789,0.0114285714285714
"crane",33,"xgboost",3,"binary",0,0.000684976577758789,0.0114285714285714
"crane",33,"xgboost",3,"binary",0,0.000684976577758789,0.0114285714285714
"crane",33,"xgboost",3,"binary",0,0.00104391574859619,0.0114285714285714
"crane",33,"xgboost",3,"binary",0,0.00104391574859619,0.0114285714285714
"crane",33,"xgboost",3,"binary",0,0.00280898809432983,0.0114285714285714
"crane",33,"xgboost",3,"binary",0,0.00104391574859619,0.0114285714285714
"crane",33,"xgboost",3,"binary",0,0.00104391574859619,0.0114285714285714
"crane",33,"xgboost",3,"binary",0,0.000684976577758789,0.0114285714285714
"crane",33,"xgboost",3,"binary",0,0.000684976577758789,0.0114285714285714
"crane",33,"xgboost",3,"binary",0,0.00104391574859619,0.0114285714285714
"crane",33,"xgboost",3,"binary",0,0.0351922512054443,0.0114285714285714
"crane",33,"xgboost",3,"binary",0,0.00104391574859619,0.0114285714285714
"crane",33,"xgboost",3,"binary",0,0.00104391574859619,0.0114285714285714
"crane",33,"xgboost",3,"binary",0,0.00104391574859619,0.0114285714285714
"crane",33,"xgboost",3,"binary",0,0.000684976577758789,0.0114285714285714
"crane",33,"xgboost",3,"binary",0,0.00104391574859619,0.0114285714285714
"crane",33,"xgboost",3,"binary",0,0.00104391574859619,0.0114285714285714
"crane",33,"xgboost",3,"binary",1,0.665876299142838,0.0114285714285714
"crane",33,"xgboost",3,"binary",0,0.00104391574859619,0.0114285714285714
"crane",33,"xgboost",3,"binary",0,0.000684976577758789,0.0114285714285714
"crane",33,"xgboost",3,"binary",0,0.00104391574859619,0.0114285714285714
"crane",33,"xgboost",3,"binary",0,0.000684976577758789,0.0114285714285714
"crane",33,"xgboost",3,"binary",0,0.000684976577758789,0.0114285714285714
"crane",33,"xgboost",3,"binary",0,0.000684976577758789,0.0114285714285714
"crane",33,"xgboost",3,"binary",0,0.000684976577758789,0.0114285714285714
"crane",33,"xgboost",4,"binary",0,0.00119674205780029,0.019047619047619
"crane",33,"xgboost",4,"binary",0,0.00119674205780029,0.019047619047619
"crane",33,"xgboost",4,"binary",0,0.00119674205780029,0.019047619047619
"crane",33,"xgboost",4,"binary",0,0.00119674205780029,0.019047619047619
"crane",33,"xgboost",4,"binary",0,0.00119674205780029,0.019047619047619
"crane",33,"xgboost",4,"binary",0,0.00119674205780029,0.019047619047619
"crane",33,"xgboost",4,"binary",0,0.00119674205780029,0.019047619047619
"crane",33,"xgboost",4,"binary",0,0.00119674205780029,0.019047619047619
"crane",33,"xgboost",4,"binary",0,0.00589442253112793,0.019047619047619
"crane",33,"xgboost",4,"binary",0,0.00589442253112793,0.019047619047619
"crane",33,"xgboost",4,"binary",0,0.00119674205780029,0.019047619047619
"crane",33,"xgboost",4,"binary",0,0.00119674205780029,0.019047619047619
"crane",33,"xgboost",4,"binary",0,0.00119674205780029,0.019047619047619
"crane",33,"xgboost",4,"binary",0,0.00119674205780029,0.019047619047619
"crane",33,"xgboost",4,"binary",0,0.00119674205780029,0.019047619047619
"crane",33,"xgboost",4,"binary",0,0.00119674205780029,0.019047619047619
"crane",33,"xgboost",4,"binary",0,0.00119674205780029,0.019047619047619
"crane",33,"xgboost",4,"binary",0,0.00119674205780029,0.019047619047619
"crane",33,"xgboost",4,"binary",0,0.00119674205780029,0.019047619047619
"crane",33,"xgboost",4,"binary",0,0.00119674205780029,0.019047619047619
"crane",33,"xgboost",4,"binary",0,0.00119674205780029,0.019047619047619
"crane",33,"xgboost",4,"binary",0,0.00589442253112793,0.019047619047619
"crane",33,"xgboost",4,"binary",0,0.00119674205780029,0.019047619047619
"crane",33,"xgboost",4,"binary",0,0.00119674205780029,0.019047619047619
"crane",33,"xgboost",4,"binary",0,0.00119674205780029,0.019047619047619
"crane",33,"xgboost",4,"binary",0,0.00119674205780029,0.019047619047619
"crane",33,"xgboost",4,"binary",0,0.00119674205780029,0.019047619047619
"crane",33,"xgboost",4,"binary",0,0.00119674205780029,0.019047619047619
"crane",33,"xgboost",4,"binary",0,0.00119674205780029,0.019047619047619
"crane",33,"xgboost",4,"binary",0,0.00119674205780029,0.019047619047619
"crane",33,"xgboost",4,"binary",0,0.00119674205780029,0.019047619047619
"crane",33,"xgboost",4,"binary",0,0.00119674205780029,0.019047619047619
"crane",33,"xgboost",4,"binary",0,0.00119674205780029,0.019047619047619
"crane",33,"xgboost",4,"binary",0,0.00589442253112793,0.019047619047619
"crane",33,"xgboost",4,"binary",0,0.00589442253112793,0.019047619047619
"crane",33,"xgboost",4,"binary",0,0.00119674205780029,0.019047619047619
"crane",33,"xgboost",4,"binary",0,0.00119674205780029,0.019047619047619
"crane",33,"xgboost",4,"binary",0,0.00119674205780029,0.019047619047619
"crane",33,"xgboost",4,"binary",0,0.00119674205780029,0.019047619047619
"crane",33,"xgboost",4,"binary",0,0.00119674205780029,0.019047619047619
"crane",33,"xgboost",4,"binary",0,0.00119674205780029,0.019047619047619
"crane",33,"xgboost",4,"binary",0,0.00119674205780029,0.019047619047619
"crane",33,"xgboost",4,"binary",0,0.00119674205780029,0.019047619047619
"crane",33,"xgboost",4,"binary",0,0.00119674205780029,0.019047619047619
"crane",33,"xgboost",4,"binary",0,0.00119674205780029,0.019047619047619
"crane",33,"xgboost",4,"binary",0,0.00119674205780029,0.019047619047619
"crane",33,"xgboost",4,"binary",0,0.00589442253112793,0.019047619047619
"crane",33,"xgboost",4,"binary",0,0.00119674205780029,0.019047619047619
"crane",33,"xgboost",4,"binary",0,0.00119674205780029,0.019047619047619
"crane",33,"xgboost",4,"binary",0,0.00119674205780029,0.019047619047619
"crane",33,"xgboost",4,"binary",0,0.00119674205780029,0.019047619047619
"crane",33,"xgboost",4,"binary",0,0.00119674205780029,0.019047619047619
"crane",33,"xgboost",4,"binary",0,0.00119674205780029,0.019047619047619
"crane",33,"xgboost",4,"binary",0,0.00119674205780029,0.019047619047619
"crane",33,"xgboost",4,"binary",0,0.00119674205780029,0.019047619047619
"crane",33,"xgboost",4,"binary",0,0.00119674205780029,0.019047619047619
"crane",33,"xgboost",4,"binary",0,0.00119674205780029,0.019047619047619
"crane",33,"xgboost",4,"binary",0,0.00119674205780029,0.019047619047619
"crane",33,"xgboost",4,"binary",0,0.00589442253112793,0.019047619047619
"crane",33,"xgboost",4,"binary",0,0.00589442253112793,0.019047619047619
"crane",33,"xgboost",4,"binary",0,0.00119674205780029,0.019047619047619
"crane",33,"xgboost",4,"binary",0,0.00119674205780029,0.019047619047619
"crane",33,"xgboost",4,"binary",0,0.00119674205780029,0.019047619047619
"crane",33,"xgboost",4,"binary",0,0.00119674205780029,0.019047619047619
"crane",33,"xgboost",4,"binary",0,0.00119674205780029,0.019047619047619
"crane",33,"xgboost",4,"binary",0,0.00119674205780029,0.019047619047619
"crane",33,"xgboost",4,"binary",0,0.00119674205780029,0.019047619047619
"crane",33,"xgboost",4,"binary",0,0.00119674205780029,0.019047619047619
"crane",33,"xgboost",4,"binary",0,0.00119674205780029,0.019047619047619
"crane",33,"xgboost",4,"binary",0,0.00119674205780029,0.019047619047619
"crane",33,"xgboost",4,"binary",0,0.00119674205780029,0.019047619047619
"crane",33,"xgboost",4,"binary",0,0.00589442253112793,0.019047619047619
"crane",33,"xgboost",4,"binary",0,0.00119674205780029,0.019047619047619
"crane",33,"xgboost",4,"binary",0,0.00119674205780029,0.019047619047619
"crane",33,"xgboost",4,"binary",0,0.00119674205780029,0.019047619047619
"crane",33,"xgboost",4,"binary",0,0.00119674205780029,0.019047619047619
"crane",33,"xgboost",4,"binary",0,0.00119674205780029,0.019047619047619
"crane",33,"xgboost",4,"binary",0,0.00119674205780029,0.019047619047619
"crane",33,"xgboost",4,"binary",0,0.00119674205780029,0.019047619047619
"crane",33,"xgboost",4,"binary",0,0.00119674205780029,0.019047619047619
"crane",33,"xgboost",4,"binary",0,0.00119674205780029,0.019047619047619
"crane",33,"xgboost",4,"binary",0,0.00119674205780029,0.019047619047619
"crane",33,"xgboost",4,"binary",0,0.00119674205780029,0.019047619047619
"crane",33,"xgboost",4,"binary",0,0.00589442253112793,0.019047619047619
"crane",33,"xgboost",4,"binary",0,0.00589442253112793,0.019047619047619
"crane",33,"xgboost",4,"binary",0,0.00119674205780029,0.019047619047619
"crane",33,"xgboost",4,"binary",0,0.00119674205780029,0.019047619047619
"crane",33,"xgboost",4,"binary",0,0.00119674205780029,0.019047619047619
"crane",33,"xgboost",4,"binary",0,0.00119674205780029,0.019047619047619
"crane",33,"xgboost",4,"binary",0,0.00119674205780029,0.019047619047619
"crane",33,"xgboost",4,"binary",0,0.00119674205780029,0.019047619047619
"crane",33,"xgboost",4,"binary",0,0.00119674205780029,0.019047619047619
"crane",33,"xgboost",4,"binary",0,0.00119674205780029,0.019047619047619
"crane",33,"xgboost",4,"binary",0,0.00119674205780029,0.019047619047619
"crane",33,"xgboost",4,"binary",0,0.00119674205780029,0.019047619047619
"crane",33,"xgboost",4,"binary",0,0.00119674205780029,0.019047619047619
"crane",33,"xgboost",4,"binary",0,0.00589442253112793,0.019047619047619
"crane",33,"xgboost",4,"binary",0,0.00119674205780029,0.019047619047619
"crane",33,"xgboost",4,"binary",0,0.00119674205780029,0.019047619047619
"crane",33,"xgboost",4,"binary",0,0.00119674205780029,0.019047619047619
"crane",33,"xgboost",4,"binary",0,0.00119674205780029,0.019047619047619
"crane",33,"xgboost",4,"binary",0,0.00119674205780029,0.019047619047619
"crane",33,"xgboost",4,"binary",0,0.00119674205780029,0.019047619047619
"crane",33,"xgboost",4,"binary",0,0.00119674205780029,0.019047619047619
"crane",33,"xgboost",4,"binary",0,0.00119674205780029,0.019047619047619
"crane",33,"xgboost",4,"binary",0,0.00119674205780029,0.019047619047619
"crane",33,"xgboost",4,"binary",0,0.00119674205780029,0.019047619047619
"crane",33,"xgboost",4,"binary",0,0.00119674205780029,0.019047619047619
"crane",33,"xgboost",4,"binary",0,0.00589442253112793,0.019047619047619
"crane",33,"xgboost",4,"binary",1,0.00589442253112793,0.019047619047619
"crane",33,"xgboost",4,"binary",0,0.00119674205780029,0.019047619047619
"crane",33,"xgboost",4,"binary",0,0.00119674205780029,0.019047619047619
"crane",33,"xgboost",4,"binary",0,0.00119674205780029,0.019047619047619
"crane",33,"xgboost",4,"binary",0,0.00119674205780029,0.019047619047619
"crane",33,"xgboost",4,"binary",0,0.00119674205780029,0.019047619047619
"crane",33,"xgboost",4,"binary",0,0.00119674205780029,0.019047619047619
"crane",33,"xgboost",4,"binary",0,0.00119674205780029,0.019047619047619
"crane",33,"xgboost",4,"binary",0,0.00119674205780029,0.019047619047619
"crane",33,"xgboost",4,"binary",0,0.00119674205780029,0.019047619047619
"crane",33,"xgboost",4,"binary",0,0.00119674205780029,0.019047619047619
"crane",33,"xgboost",4,"binary",0,0.00119674205780029,0.019047619047619
"crane",33,"xgboost",4,"binary",0,0.00589442253112793,0.019047619047619
"crane",33,"xgboost",4,"binary",0,0.00119674205780029,0.019047619047619
"crane",33,"xgboost",4,"binary",0,0.00119674205780029,0.019047619047619
"crane",33,"xgboost",4,"binary",0,0.00119674205780029,0.019047619047619
"crane",33,"xgboost",5,"binary",0,0.000858426094055176,0.0113207547169811
"crane",33,"xgboost",5,"binary",0,0.000858426094055176,0.0113207547169811
"crane",33,"xgboost",5,"binary",0,0.000858426094055176,0.0113207547169811
"crane",33,"xgboost",5,"binary",0,0.0195069909095764,0.0113207547169811
"crane",33,"xgboost",5,"binary",0,0.00151997804641724,0.0113207547169811
"crane",33,"xgboost",5,"binary",0,0.000858426094055176,0.0113207547169811
"crane",33,"xgboost",5,"binary",0,0.000858426094055176,0.0113207547169811
"crane",33,"xgboost",5,"binary",0,0.000561654567718506,0.0113207547169811
"crane",33,"xgboost",5,"binary",0,0.000561654567718506,0.0113207547169811
"crane",33,"xgboost",5,"binary",0,0.000858426094055176,0.0113207547169811
"crane",33,"xgboost",5,"binary",0,0.00175869464874268,0.0113207547169811
"crane",33,"xgboost",5,"binary",0,0.000858426094055176,0.0113207547169811
"crane",33,"xgboost",5,"binary",0,0.000858426094055176,0.0113207547169811
"crane",33,"xgboost",5,"binary",0,0.000561654567718506,0.0113207547169811
"crane",33,"xgboost",5,"binary",0,0.000561654567718506,0.0113207547169811
"crane",33,"xgboost",5,"binary",0,0.000858426094055176,0.0113207547169811
"crane",33,"xgboost",5,"binary",0,0.000561654567718506,0.0113207547169811
"crane",33,"xgboost",5,"binary",0,0.000858426094055176,0.0113207547169811
"crane",33,"xgboost",5,"binary",0,0.00637704133987427,0.0113207547169811
"crane",33,"xgboost",5,"binary",1,0.868700280785561,0.0113207547169811
"crane",33,"xgboost",5,"binary",0,0.000858426094055176,0.0113207547169811
"crane",33,"xgboost",5,"binary",0,0.000561654567718506,0.0113207547169811
"crane",33,"xgboost",5,"binary",0,0.000561654567718506,0.0113207547169811
"crane",33,"xgboost",5,"binary",0,0.000858426094055176,0.0113207547169811
"crane",33,"xgboost",5,"binary",0,0.000858426094055176,0.0113207547169811
"crane",33,"xgboost",5,"binary",0,0.000858426094055176,0.0113207547169811
"crane",33,"xgboost",5,"binary",0,0.000858426094055176,0.0113207547169811
"crane",33,"xgboost",5,"binary",0,0.0195069909095764,0.0113207547169811
"crane",33,"xgboost",5,"binary",0,0.00151997804641724,0.0113207547169811
"crane",33,"xgboost",5,"binary",0,0.000858426094055176,0.0113207547169811
"crane",33,"xgboost",5,"binary",0,0.000858426094055176,0.0113207547169811
"crane",33,"xgboost",5,"binary",0,0.000561654567718506,0.0113207547169811
"crane",33,"xgboost",5,"binary",0,0.000561654567718506,0.0113207547169811
"crane",33,"xgboost",5,"binary",0,0.000858426094055176,0.0113207547169811
"crane",33,"xgboost",5,"binary",0,0.00175869464874268,0.0113207547169811
"crane",33,"xgboost",5,"binary",0,0.000858426094055176,0.0113207547169811
"crane",33,"xgboost",5,"binary",0,0.000858426094055176,0.0113207547169811
"crane",33,"xgboost",5,"binary",0,0.000561654567718506,0.0113207547169811
"crane",33,"xgboost",5,"binary",0,0.000561654567718506,0.0113207547169811
"crane",33,"xgboost",5,"binary",0,0.000858426094055176,0.0113207547169811
"crane",33,"xgboost",5,"binary",0,0.000561654567718506,0.0113207547169811
"crane",33,"xgboost",5,"binary",0,0.000858426094055176,0.0113207547169811
"crane",33,"xgboost",5,"binary",0,0.00637704133987427,0.0113207547169811
"crane",33,"xgboost",5,"binary",1,0.868700280785561,0.0113207547169811
"crane",33,"xgboost",5,"binary",0,0.000858426094055176,0.0113207547169811
"crane",33,"xgboost",5,"binary",0,0.000561654567718506,0.0113207547169811
"crane",33,"xgboost",5,"binary",0,0.000561654567718506,0.0113207547169811
"crane",33,"xgboost",5,"binary",0,0.000858426094055176,0.0113207547169811
"crane",33,"xgboost",5,"binary",0,0.000858426094055176,0.0113207547169811
"crane",33,"xgboost",5,"binary",0,0.000858426094055176,0.0113207547169811
"crane",33,"xgboost",5,"binary",0,0.000858426094055176,0.0113207547169811
"crane",33,"xgboost",5,"binary",0,0.0195069909095764,0.0113207547169811
"crane",33,"xgboost",5,"binary",0,0.00151997804641724,0.0113207547169811
"crane",33,"xgboost",5,"binary",0,0.000858426094055176,0.0113207547169811
"crane",33,"xgboost",5,"binary",0,0.000858426094055176,0.0113207547169811
"crane",33,"xgboost",5,"binary",0,0.000561654567718506,0.0113207547169811
"crane",33,"xgboost",5,"binary",0,0.000561654567718506,0.0113207547169811
"crane",33,"xgboost",5,"binary",0,0.000858426094055176,0.0113207547169811
"crane",33,"xgboost",5,"binary",0,0.00175869464874268,0.0113207547169811
"crane",33,"xgboost",5,"binary",0,0.000858426094055176,0.0113207547169811
"crane",33,"xgboost",5,"binary",0,0.000858426094055176,0.0113207547169811
"crane",33,"xgboost",5,"binary",0,0.000561654567718506,0.0113207547169811
"crane",33,"xgboost",5,"binary",0,0.000561654567718506,0.0113207547169811
"crane",33,"xgboost",5,"binary",0,0.000858426094055176,0.0113207547169811
"crane",33,"xgboost",5,"binary",0,0.000561654567718506,0.0113207547169811
"crane",33,"xgboost",5,"binary",0,0.000858426094055176,0.0113207547169811
"crane",33,"xgboost",5,"binary",0,0.00637704133987427,0.0113207547169811
"crane",33,"xgboost",5,"binary",1,0.868700280785561,0.0113207547169811
"crane",33,"xgboost",5,"binary",0,0.000858426094055176,0.0113207547169811
"crane",33,"xgboost",5,"binary",0,0.000561654567718506,0.0113207547169811
"crane",33,"xgboost",5,"binary",0,0.000561654567718506,0.0113207547169811
"crane",33,"xgboost",5,"binary",0,0.000858426094055176,0.0113207547169811
"crane",33,"xgboost",5,"binary",0,0.000858426094055176,0.0113207547169811
"crane",33,"xgboost",5,"binary",0,0.000858426094055176,0.0113207547169811
"crane",33,"xgboost",5,"binary",0,0.000858426094055176,0.0113207547169811
"crane",33,"xgboost",5,"binary",0,0.0195069909095764,0.0113207547169811
"crane",33,"xgboost",5,"binary",0,0.00151997804641724,0.0113207547169811
"crane",33,"xgboost",5,"binary",0,0.000858426094055176,0.0113207547169811
"crane",33,"xgboost",5,"binary",0,0.000858426094055176,0.0113207547169811
"crane",33,"xgboost",5,"binary",0,0.000561654567718506,0.0113207547169811
"crane",33,"xgboost",5,"binary",0,0.000561654567718506,0.0113207547169811
"crane",33,"xgboost",5,"binary",0,0.000858426094055176,0.0113207547169811
"crane",33,"xgboost",5,"binary",0,0.00175869464874268,0.0113207547169811
"crane",33,"xgboost",5,"binary",0,0.000858426094055176,0.0113207547169811
"crane",33,"xgboost",5,"binary",0,0.000858426094055176,0.0113207547169811
"crane",33,"xgboost",5,"binary",0,0.000561654567718506,0.0113207547169811
"crane",33,"xgboost",5,"binary",0,0.000561654567718506,0.0113207547169811
"crane",33,"xgboost",5,"binary",0,0.000858426094055176,0.0113207547169811
"crane",33,"xgboost",5,"binary",0,0.000561654567718506,0.0113207547169811
"crane",33,"xgboost",5,"binary",0,0.000858426094055176,0.0113207547169811
"crane",33,"xgboost",5,"binary",0,0.00637704133987427,0.0113207547169811
"crane",33,"xgboost",5,"binary",1,0.868700280785561,0.0113207547169811
"crane",33,"xgboost",5,"binary",0,0.000858426094055176,0.0113207547169811
"crane",33,"xgboost",5,"binary",0,0.000561654567718506,0.0113207547169811
"crane",33,"xgboost",5,"binary",0,0.000561654567718506,0.0113207547169811
"crane",33,"xgboost",5,"binary",0,0.000858426094055176,0.0113207547169811
"crane",33,"xgboost",5,"binary",0,0.000858426094055176,0.0113207547169811
"crane",33,"xgboost",5,"binary",0,0.000858426094055176,0.0113207547169811
"crane",33,"xgboost",5,"binary",0,0.000858426094055176,0.0113207547169811
"crane",33,"xgboost",5,"binary",0,0.0195069909095764,0.0113207547169811
"crane",33,"xgboost",5,"binary",0,0.00151997804641724,0.0113207547169811
"crane",33,"xgboost",5,"binary",0,0.000858426094055176,0.0113207547169811
"crane",33,"xgboost",5,"binary",0,0.000858426094055176,0.0113207547169811
"crane",33,"xgboost",5,"binary",0,0.000561654567718506,0.0113207547169811
"crane",33,"xgboost",5,"binary",0,0.000561654567718506,0.0113207547169811
"crane",33,"xgboost",5,"binary",0,0.000858426094055176,0.0113207547169811
"crane",33,"xgboost",5,"binary",0,0.00175869464874268,0.0113207547169811
"crane",33,"xgboost",5,"binary",0,0.000858426094055176,0.0113207547169811
"crane",33,"xgboost",5,"binary",0,0.000858426094055176,0.0113207547169811
"crane",33,"xgboost",5,"binary",0,0.000561654567718506,0.0113207547169811
"crane",33,"xgboost",5,"binary",0,0.000561654567718506,0.0113207547169811
"crane",33,"xgboost",5,"binary",0,0.000858426094055176,0.0113207547169811
"crane",33,"xgboost",5,"binary",0,0.000561654567718506,0.0113207547169811
"crane",33,"xgboost",5,"binary",0,0.000858426094055176,0.0113207547169811
"crane",33,"xgboost",5,"binary",0,0.00637704133987427,0.0113207547169811
"crane",33,"xgboost",5,"binary",1,0.868700280785561,0.0113207547169811
"crane",33,"xgboost",5,"binary",0,0.000858426094055176,0.0113207547169811
"crane",33,"xgboost",5,"binary",0,0.000561654567718506,0.0113207547169811
"crane",33,"xgboost",5,"binary",0,0.000561654567718506,0.0113207547169811
"crane",33,"xgboost",5,"binary",0,0.000858426094055176,0.0113207547169811
"crane",33,"sar_probit",1,"binary",0,0,0.0213592233009709
"crane",33,"sar_probit",1,"binary",0,0,0.0213592233009709
"crane",33,"sar_probit",1,"binary",0,0,0.0213592233009709
"crane",33,"sar_probit",1,"binary",0,0,0.0213592233009709
"crane",33,"sar_probit",1,"binary",0,0,0.0213592233009709
"crane",33,"sar_probit",1,"binary",0,0,0.0213592233009709
"crane",33,"sar_probit",1,"binary",0,0,0.0213592233009709
"crane",33,"sar_probit",1,"binary",0,0,0.0213592233009709
"crane",33,"sar_probit",1,"binary",0,0,0.0213592233009709
"crane",33,"sar_probit",1,"binary",0,0,0.0213592233009709
"crane",33,"sar_probit",1,"binary",0,0,0.0213592233009709
"crane",33,"sar_probit",1,"binary",0,0,0.0213592233009709
"crane",33,"sar_probit",1,"binary",0,0,0.0213592233009709
"crane",33,"sar_probit",1,"binary",0,0,0.0213592233009709
"crane",33,"sar_probit",1,"binary",0,0,0.0213592233009709
"crane",33,"sar_probit",1,"binary",0,0,0.0213592233009709
"crane",33,"sar_probit",1,"binary",0,0,0.0213592233009709
"crane",33,"sar_probit",1,"binary",0,0,0.0213592233009709
"crane",33,"sar_probit",1,"binary",0,0,0.0213592233009709
"crane",33,"sar_probit",1,"binary",0,0,0.0213592233009709
"crane",33,"sar_probit",1,"binary",0,0,0.0213592233009709
"crane",33,"sar_probit",1,"binary",0,0,0.0213592233009709
"crane",33,"sar_probit",1,"binary",0,0,0.0213592233009709
"crane",33,"sar_probit",1,"binary",0,0,0.0213592233009709
"crane",33,"sar_probit",1,"binary",0,0,0.0213592233009709
"crane",33,"sar_probit",1,"binary",0,0,0.0213592233009709
"crane",33,"sar_probit",1,"binary",0,0,0.0213592233009709
"crane",33,"sar_probit",1,"binary",0,0,0.0213592233009709
"crane",33,"sar_probit",1,"binary",0,0,0.0213592233009709
"crane",33,"sar_probit",1,"binary",0,0,0.0213592233009709
"crane",33,"sar_probit",1,"binary",0,0,0.0213592233009709
"crane",33,"sar_probit",1,"binary",0,0,0.0213592233009709
"crane",33,"sar_probit",1,"binary",0,0,0.0213592233009709
"crane",33,"sar_probit",1,"binary",0,0,0.0213592233009709
"crane",33,"sar_probit",1,"binary",0,0,0.0213592233009709
"crane",33,"sar_probit",1,"binary",0,0,0.0213592233009709
"crane",33,"sar_probit",1,"binary",0,0,0.0213592233009709
"crane",33,"sar_probit",1,"binary",0,0,0.0213592233009709
"crane",33,"sar_probit",1,"binary",0,0,0.0213592233009709
"crane",33,"sar_probit",1,"binary",0,0,0.0213592233009709
"crane",33,"sar_probit",1,"binary",0,0,0.0213592233009709
"crane",33,"sar_probit",1,"binary",0,0,0.0213592233009709
"crane",33,"sar_probit",1,"binary",0,0,0.0213592233009709
"crane",33,"sar_probit",1,"binary",0,0,0.0213592233009709
"crane",33,"sar_probit",1,"binary",0,0,0.0213592233009709
"crane",33,"sar_probit",1,"binary",0,0,0.0213592233009709
"crane",33,"sar_probit",1,"binary",0,0,0.0213592233009709
"crane",33,"sar_probit",1,"binary",0,0,0.0213592233009709
"crane",33,"sar_probit",1,"binary",0,0,0.0213592233009709
"crane",33,"sar_probit",1,"binary",0,0,0.0213592233009709
"crane",33,"sar_probit",1,"binary",0,0,0.0213592233009709
"crane",33,"sar_probit",1,"binary",0,0,0.0213592233009709
"crane",33,"sar_probit",1,"binary",0,0,0.0213592233009709
"crane",33,"sar_probit",1,"binary",0,0,0.0213592233009709
"crane",33,"sar_probit",1,"binary",0,0,0.0213592233009709
"crane",33,"sar_probit",1,"binary",0,0,0.0213592233009709
"crane",33,"sar_probit",1,"binary",0,0,0.0213592233009709
"crane",33,"sar_probit",1,"binary",0,0,0.0213592233009709
"crane",33,"sar_probit",1,"binary",0,0,0.0213592233009709
"crane",33,"sar_probit",1,"binary",0,0,0.0213592233009709
"crane",33,"sar_probit",1,"binary",0,0,0.0213592233009709
"crane",33,"sar_probit",1,"binary",0,0,0.0213592233009709
"crane",33,"sar_probit",1,"binary",0,0,0.0213592233009709
"crane",33,"sar_probit",1,"binary",0,0,0.0213592233009709
"crane",33,"sar_probit",1,"binary",0,0,0.0213592233009709
"crane",33,"sar_probit",1,"binary",0,0,0.0213592233009709
"crane",33,"sar_probit",1,"binary",0,0,0.0213592233009709
"crane",33,"sar_probit",1,"binary",0,0,0.0213592233009709
"crane",33,"sar_probit",1,"binary",0,0,0.0213592233009709
"crane",33,"sar_probit",1,"binary",0,0,0.0213592233009709
"crane",33,"sar_probit",1,"binary",0,0,0.0213592233009709
"crane",33,"sar_probit",1,"binary",0,0,0.0213592233009709
"crane",33,"sar_probit",1,"binary",0,0,0.0213592233009709
"crane",33,"sar_probit",1,"binary",0,0,0.0213592233009709
"crane",33,"sar_probit",1,"binary",0,0,0.0213592233009709
"crane",33,"sar_probit",1,"binary",0,0,0.0213592233009709
"crane",33,"sar_probit",1,"binary",0,0,0.0213592233009709
"crane",33,"sar_probit",1,"binary",0,0,0.0213592233009709
"crane",33,"sar_probit",1,"binary",0,0,0.0213592233009709
"crane",33,"sar_probit",1,"binary",0,0,0.0213592233009709
"crane",33,"sar_probit",1,"binary",0,0,0.0213592233009709
"crane",33,"sar_probit",1,"binary",0,0,0.0213592233009709
"crane",33,"sar_probit",1,"binary",0,0,0.0213592233009709
"crane",33,"sar_probit",1,"binary",0,0,0.0213592233009709
"crane",33,"sar_probit",1,"binary",0,0,0.0213592233009709
"crane",33,"sar_probit",1,"binary",0,0,0.0213592233009709
"crane",33,"sar_probit",1,"binary",0,0,0.0213592233009709
"crane",33,"sar_probit",1,"binary",0,0,0.0213592233009709
"crane",33,"sar_probit",1,"binary",0,0,0.0213592233009709
"crane",33,"sar_probit",1,"binary",0,0,0.0213592233009709
"crane",33,"sar_probit",1,"binary",0,0,0.0213592233009709
"crane",33,"sar_probit",1,"binary",0,0,0.0213592233009709
"crane",33,"sar_probit",1,"binary",0,0,0.0213592233009709
"crane",33,"sar_probit",1,"binary",0,0,0.0213592233009709
"crane",33,"sar_probit",1,"binary",0,0,0.0213592233009709
"crane",33,"sar_probit",1,"binary",0,0,0.0213592233009709
"crane",33,"sar_probit",1,"binary",0,0,0.0213592233009709
"crane",33,"sar_probit",1,"binary",0,0,0.0213592233009709
"crane",33,"sar_probit",1,"binary",0,0,0.0213592233009709
"crane",33,"sar_probit",1,"binary",0,0,0.0213592233009709
"crane",33,"sar_probit",1,"binary",0,0,0.0213592233009709
"crane",33,"sar_probit",1,"binary",0,0,0.0213592233009709
"crane",33,"sar_probit",1,"binary",0,0,0.0213592233009709
"crane",33,"sar_probit",1,"binary",0,0,0.0213592233009709
"crane",33,"sar_probit",1,"binary",0,0,0.0213592233009709
"crane",33,"sar_probit",1,"binary",0,0,0.0213592233009709
"crane",33,"sar_probit",1,"binary",0,0,0.0213592233009709
"crane",33,"sar_probit",1,"binary",0,0,0.0213592233009709
"crane",33,"sar_probit",1,"binary",0,0,0.0213592233009709
"crane",33,"sar_probit",1,"binary",0,0,0.0213592233009709
"crane",33,"sar_probit",1,"binary",0,0,0.0213592233009709
"crane",33,"sar_probit",1,"binary",0,0,0.0213592233009709
"crane",33,"sar_probit",1,"binary",0,0,0.0213592233009709
"crane",33,"sar_probit",1,"binary",0,0,0.0213592233009709
"crane",33,"sar_probit",1,"binary",0,0,0.0213592233009709
"crane",33,"sar_probit",1,"binary",0,0,0.0213592233009709
"crane",33,"sar_probit",1,"binary",0,0,0.0213592233009709
"crane",33,"sar_probit",1,"binary",0,0,0.0213592233009709
"crane",33,"sar_probit",1,"binary",0,0,0.0213592233009709
"crane",33,"sar_probit",1,"binary",0,0,0.0213592233009709
"crane",33,"sar_probit",1,"binary",0,0,0.0213592233009709
"crane",33,"sar_probit",1,"binary",0,0,0.0213592233009709
"crane",33,"sar_probit",1,"binary",0,0,0.0213592233009709
"crane",33,"sar_probit",1,"binary",0,0,0.0213592233009709
"crane",33,"sar_probit",1,"binary",0,0,0.0213592233009709
"crane",33,"sar_probit",1,"binary",0,0,0.0213592233009709
"crane",33,"sar_probit",1,"binary",0,0,0.0213592233009709
"crane",33,"sar_probit",1,"binary",0,0,0.0213592233009709
"crane",33,"sar_probit",1,"binary",0,0,0.0213592233009709
"crane",33,"sar_probit",1,"binary",0,0,0.0213592233009709
"crane",33,"sar_probit",1,"binary",0,0,0.0213592233009709
"crane",33,"sar_probit",1,"binary",0,0,0.0213592233009709
"crane",33,"sar_probit",1,"binary",0,0,0.0213592233009709
"crane",33,"sar_probit",1,"binary",0,0,0.0213592233009709
"crane",33,"sar_probit",1,"binary",0,0,0.0213592233009709
"crane",33,"sar_probit",2,"binary",0,0,0.0217821782178218
"crane",33,"sar_probit",2,"binary",0,0,0.0217821782178218
"crane",33,"sar_probit",2,"binary",0,0,0.0217821782178218
"crane",33,"sar_probit",2,"binary",0,0,0.0217821782178218
"crane",33,"sar_probit",2,"binary",0,0,0.0217821782178218
"crane",33,"sar_probit",2,"binary",0,0,0.0217821782178218
"crane",33,"sar_probit",2,"binary",0,0,0.0217821782178218
"crane",33,"sar_probit",2,"binary",0,0,0.0217821782178218
"crane",33,"sar_probit",2,"binary",0,0,0.0217821782178218
"crane",33,"sar_probit",2,"binary",0,0,0.0217821782178218
"crane",33,"sar_probit",2,"binary",0,0,0.0217821782178218
"crane",33,"sar_probit",2,"binary",0,0,0.0217821782178218
"crane",33,"sar_probit",2,"binary",0,0,0.0217821782178218
"crane",33,"sar_probit",2,"binary",0,0,0.0217821782178218
"crane",33,"sar_probit",2,"binary",0,0,0.0217821782178218
"crane",33,"sar_probit",2,"binary",0,0,0.0217821782178218
"crane",33,"sar_probit",2,"binary",0,0,0.0217821782178218
"crane",33,"sar_probit",2,"binary",0,0,0.0217821782178218
"crane",33,"sar_probit",2,"binary",0,0,0.0217821782178218
"crane",33,"sar_probit",2,"binary",0,0,0.0217821782178218
"crane",33,"sar_probit",2,"binary",0,0,0.0217821782178218
"crane",33,"sar_probit",2,"binary",0,0,0.0217821782178218
"crane",33,"sar_probit",2,"binary",0,0,0.0217821782178218
"crane",33,"sar_probit",2,"binary",0,0,0.0217821782178218
"crane",33,"sar_probit",2,"binary",0,0,0.0217821782178218
"crane",33,"sar_probit",2,"binary",0,0,0.0217821782178218
"crane",33,"sar_probit",2,"binary",0,0,0.0217821782178218
"crane",33,"sar_probit",2,"binary",0,0,0.0217821782178218
"crane",33,"sar_probit",2,"binary",0,0,0.0217821782178218
"crane",33,"sar_probit",2,"binary",0,0,0.0217821782178218
"crane",33,"sar_probit",2,"binary",0,0,0.0217821782178218
"crane",33,"sar_probit",2,"binary",0,0,0.0217821782178218
"crane",33,"sar_probit",2,"binary",0,0,0.0217821782178218
"crane",33,"sar_probit",2,"binary",0,0,0.0217821782178218
"crane",33,"sar_probit",2,"binary",0,0,0.0217821782178218
"crane",33,"sar_probit",2,"binary",0,0,0.0217821782178218
"crane",33,"sar_probit",2,"binary",0,0,0.0217821782178218
"crane",33,"sar_probit",2,"binary",0,0,0.0217821782178218
"crane",33,"sar_probit",2,"binary",0,0,0.0217821782178218
"crane",33,"sar_probit",2,"binary",0,0,0.0217821782178218
"crane",33,"sar_probit",2,"binary",0,0,0.0217821782178218
"crane",33,"sar_probit",2,"binary",0,0,0.0217821782178218
"crane",33,"sar_probit",2,"binary",0,0,0.0217821782178218
"crane",33,"sar_probit",2,"binary",0,0,0.0217821782178218
"crane",33,"sar_probit",2,"binary",0,0,0.0217821782178218
"crane",33,"sar_probit",2,"binary",0,0,0.0217821782178218
"crane",33,"sar_probit",2,"binary",0,0,0.0217821782178218
"crane",33,"sar_probit",2,"binary",0,0,0.0217821782178218
"crane",33,"sar_probit",2,"binary",0,0,0.0217821782178218
"crane",33,"sar_probit",2,"binary",0,0,0.0217821782178218
"crane",33,"sar_probit",2,"binary",0,0,0.0217821782178218
"crane",33,"sar_probit",2,"binary",0,0,0.0217821782178218
"crane",33,"sar_probit",2,"binary",0,0,0.0217821782178218
"crane",33,"sar_probit",2,"binary",0,0,0.0217821782178218
"crane",33,"sar_probit",2,"binary",0,0,0.0217821782178218
"crane",33,"sar_probit",2,"binary",0,0,0.0217821782178218
"crane",33,"sar_probit",2,"binary",0,0,0.0217821782178218
"crane",33,"sar_probit",2,"binary",0,0,0.0217821782178218
"crane",33,"sar_probit",2,"binary",0,0,0.0217821782178218
"crane",33,"sar_probit",2,"binary",0,0,0.0217821782178218
"crane",33,"sar_probit",2,"binary",0,0,0.0217821782178218
"crane",33,"sar_probit",2,"binary",0,0,0.0217821782178218
"crane",33,"sar_probit",2,"binary",0,0,0.0217821782178218
"crane",33,"sar_probit",2,"binary",0,0,0.0217821782178218
"crane",33,"sar_probit",2,"binary",0,0,0.0217821782178218
"crane",33,"sar_probit",2,"binary",0,0,0.0217821782178218
"crane",33,"sar_probit",2,"binary",0,0,0.0217821782178218
"crane",33,"sar_probit",2,"binary",0,0,0.0217821782178218
"crane",33,"sar_probit",2,"binary",0,0,0.0217821782178218
"crane",33,"sar_probit",2,"binary",0,0,0.0217821782178218
"crane",33,"sar_probit",2,"binary",0,0,0.0217821782178218
"crane",33,"sar_probit",2,"binary",0,0,0.0217821782178218
"crane",33,"sar_probit",2,"binary",0,0,0.0217821782178218
"crane",33,"sar_probit",2,"binary",0,0,0.0217821782178218
"crane",33,"sar_probit",2,"binary",0,0,0.0217821782178218
"crane",33,"sar_probit",2,"binary",0,0,0.0217821782178218
"crane",33,"sar_probit",2,"binary",0,0,0.0217821782178218
"crane",33,"sar_probit",2,"binary",0,0,0.0217821782178218
"crane",33,"sar_probit",2,"binary",0,0,0.0217821782178218
"crane",33,"sar_probit",2,"binary",0,0,0.0217821782178218
"crane",33,"sar_probit",2,"binary",0,0,0.0217821782178218
"crane",33,"sar_probit",2,"binary",0,0,0.0217821782178218
"crane",33,"sar_probit",2,"binary",0,0,0.0217821782178218
"crane",33,"sar_probit",2,"binary",0,0,0.0217821782178218
"crane",33,"sar_probit",2,"binary",0,0,0.0217821782178218
"crane",33,"sar_probit",2,"binary",0,0,0.0217821782178218
"crane",33,"sar_probit",2,"binary",0,0,0.0217821782178218
"crane",33,"sar_probit",2,"binary",0,0,0.0217821782178218
"crane",33,"sar_probit",2,"binary",0,0,0.0217821782178218
"crane",33,"sar_probit",2,"binary",0,0,0.0217821782178218
"crane",33,"sar_probit",2,"binary",0,0,0.0217821782178218
"crane",33,"sar_probit",2,"binary",0,0,0.0217821782178218
"crane",33,"sar_probit",2,"binary",0,0,0.0217821782178218
"crane",33,"sar_probit",2,"binary",0,0,0.0217821782178218
"crane",33,"sar_probit",2,"binary",0,0,0.0217821782178218
"crane",33,"sar_probit",2,"binary",0,0,0.0217821782178218
"crane",33,"sar_probit",2,"binary",0,0,0.0217821782178218
"crane",33,"sar_probit",2,"binary",0,0,0.0217821782178218
"crane",33,"sar_probit",2,"binary",0,0,0.0217821782178218
"crane",33,"sar_probit",2,"binary",0,0,0.0217821782178218
"crane",33,"sar_probit",2,"binary",0,0,0.0217821782178218
"crane",33,"sar_probit",2,"binary",0,0,0.0217821782178218
"crane",33,"sar_probit",2,"binary",0,0,0.0217821782178218
"crane",33,"sar_probit",2,"binary",0,0,0.0217821782178218
"crane",33,"sar_probit",2,"binary",0,0,0.0217821782178218
"crane",33,"sar_probit",2,"binary",0,0,0.0217821782178218
"crane",33,"sar_probit",2,"binary",0,0,0.0217821782178218
"crane",33,"sar_probit",2,"binary",0,0,0.0217821782178218
"crane",33,"sar_probit",2,"binary",0,0,0.0217821782178218
"crane",33,"sar_probit",2,"binary",0,0,0.0217821782178218
"crane",33,"sar_probit",2,"binary",0,0,0.0217821782178218
"crane",33,"sar_probit",2,"binary",0,0,0.0217821782178218
"crane",33,"sar_probit",2,"binary",0,0,0.0217821782178218
"crane",33,"sar_probit",2,"binary",0,0,0.0217821782178218
"crane",33,"sar_probit",2,"binary",0,0,0.0217821782178218
"crane",33,"sar_probit",2,"binary",0,0,0.0217821782178218
"crane",33,"sar_probit",2,"binary",0,0,0.0217821782178218
"crane",33,"sar_probit",2,"binary",0,0,0.0217821782178218
"crane",33,"sar_probit",2,"binary",0,0,0.0217821782178218
"crane",33,"sar_probit",2,"binary",0,0,0.0217821782178218
"crane",33,"sar_probit",2,"binary",0,0,0.0217821782178218
"crane",33,"sar_probit",2,"binary",0,0,0.0217821782178218
"crane",33,"sar_probit",2,"binary",0,0,0.0217821782178218
"crane",33,"sar_probit",2,"binary",0,0,0.0217821782178218
"crane",33,"sar_probit",2,"binary",0,0,0.0217821782178218
"crane",33,"sar_probit",2,"binary",0,0,0.0217821782178218
"crane",33,"sar_probit",2,"binary",0,0,0.0217821782178218
"crane",33,"sar_probit",2,"binary",0,0,0.0217821782178218
"crane",33,"sar_probit",2,"binary",0,0,0.0217821782178218
"crane",33,"sar_probit",2,"binary",0,0,0.0217821782178218
"crane",33,"sar_probit",2,"binary",0,0,0.0217821782178218
"crane",33,"sar_probit",2,"binary",0,0,0.0217821782178218
"crane",33,"sar_probit",2,"binary",0,0,0.0217821782178218
"crane",33,"sar_probit",2,"binary",0,0,0.0217821782178218
"crane",33,"sar_probit",2,"binary",0,0,0.0217821782178218
"crane",33,"sar_probit",2,"binary",0,0,0.0217821782178218
"crane",33,"sar_probit",2,"binary",0,0,0.0217821782178218
"crane",33,"sar_probit",2,"binary",0,0,0.0217821782178218
"crane",33,"sar_probit",2,"binary",0,0,0.0217821782178218
"crane",33,"sar_probit",2,"binary",0,0,0.0217821782178218
"crane",33,"sar_probit",2,"binary",0,0,0.0217821782178218
"crane",33,"sar_probit",2,"binary",0,0,0.0217821782178218
"crane",33,"sar_probit",2,"binary",0,0,0.0217821782178218
"crane",33,"sar_probit",2,"binary",0,0,0.0217821782178218
"crane",33,"sar_probit",2,"binary",0,0,0.0217821782178218
"crane",33,"sar_probit",3,"binary",0,0,0.0114285714285714
"crane",33,"sar_probit",3,"binary",0,0,0.0114285714285714
"crane",33,"sar_probit",3,"binary",0,0,0.0114285714285714
"crane",33,"sar_probit",3,"binary",0,0,0.0114285714285714
"crane",33,"sar_probit",3,"binary",0,0,0.0114285714285714
"crane",33,"sar_probit",3,"binary",0,0,0.0114285714285714
"crane",33,"sar_probit",3,"binary",0,0,0.0114285714285714
"crane",33,"sar_probit",3,"binary",0,0,0.0114285714285714
"crane",33,"sar_probit",3,"binary",0,0,0.0114285714285714
"crane",33,"sar_probit",3,"binary",0,0,0.0114285714285714
"crane",33,"sar_probit",3,"binary",0,1,0.0114285714285714
"crane",33,"sar_probit",3,"binary",0,0,0.0114285714285714
"crane",33,"sar_probit",3,"binary",0,0,0.0114285714285714
"crane",33,"sar_probit",3,"binary",0,0,0.0114285714285714
"crane",33,"sar_probit",3,"binary",0,0,0.0114285714285714
"crane",33,"sar_probit",3,"binary",0,0,0.0114285714285714
"crane",33,"sar_probit",3,"binary",0,0,0.0114285714285714
"crane",33,"sar_probit",3,"binary",1,0.99999895962767,0.0114285714285714
"crane",33,"sar_probit",3,"binary",0,0,0.0114285714285714
"crane",33,"sar_probit",3,"binary",0,0,0.0114285714285714
"crane",33,"sar_probit",3,"binary",0,0,0.0114285714285714
"crane",33,"sar_probit",3,"binary",0,0,0.0114285714285714
"crane",33,"sar_probit",3,"binary",0,0,0.0114285714285714
"crane",33,"sar_probit",3,"binary",0,0,0.0114285714285714
"crane",33,"sar_probit",3,"binary",0,0,0.0114285714285714
"crane",33,"sar_probit",3,"binary",0,0,0.0114285714285714
"crane",33,"sar_probit",3,"binary",0,0,0.0114285714285714
"crane",33,"sar_probit",3,"binary",0,0,0.0114285714285714
"crane",33,"sar_probit",3,"binary",0,0,0.0114285714285714
"crane",33,"sar_probit",3,"binary",0,0,0.0114285714285714
"crane",33,"sar_probit",3,"binary",0,0,0.0114285714285714
"crane",33,"sar_probit",3,"binary",0,0,0.0114285714285714
"crane",33,"sar_probit",3,"binary",0,0,0.0114285714285714
"crane",33,"sar_probit",3,"binary",0,0,0.0114285714285714
"crane",33,"sar_probit",3,"binary",0,0,0.0114285714285714
"crane",33,"sar_probit",3,"binary",0,1,0.0114285714285714
"crane",33,"sar_probit",3,"binary",0,0,0.0114285714285714
"crane",33,"sar_probit",3,"binary",0,0,0.0114285714285714
"crane",33,"sar_probit",3,"binary",0,0,0.0114285714285714
"crane",33,"sar_probit",3,"binary",0,0,0.0114285714285714
"crane",33,"sar_probit",3,"binary",0,0,0.0114285714285714
"crane",33,"sar_probit",3,"binary",0,0,0.0114285714285714
"crane",33,"sar_probit",3,"binary",1,0.99999895962767,0.0114285714285714
"crane",33,"sar_probit",3,"binary",0,0,0.0114285714285714
"crane",33,"sar_probit",3,"binary",0,0,0.0114285714285714
"crane",33,"sar_probit",3,"binary",0,0,0.0114285714285714
"crane",33,"sar_probit",3,"binary",0,0,0.0114285714285714
"crane",33,"sar_probit",3,"binary",0,0,0.0114285714285714
"crane",33,"sar_probit",3,"binary",0,0,0.0114285714285714
"crane",33,"sar_probit",3,"binary",0,0,0.0114285714285714
"crane",33,"sar_probit",3,"binary",0,0,0.0114285714285714
"crane",33,"sar_probit",3,"binary",0,0,0.0114285714285714
"crane",33,"sar_probit",3,"binary",0,0,0.0114285714285714
"crane",33,"sar_probit",3,"binary",0,0,0.0114285714285714
"crane",33,"sar_probit",3,"binary",0,0,0.0114285714285714
"crane",33,"sar_probit",3,"binary",0,0,0.0114285714285714
"crane",33,"sar_probit",3,"binary",0,0,0.0114285714285714
"crane",33,"sar_probit",3,"binary",0,0,0.0114285714285714
"crane",33,"sar_probit",3,"binary",0,0,0.0114285714285714
"crane",33,"sar_probit",3,"binary",0,0,0.0114285714285714
"crane",33,"sar_probit",3,"binary",0,1,0.0114285714285714
"crane",33,"sar_probit",3,"binary",0,0,0.0114285714285714
"crane",33,"sar_probit",3,"binary",0,0,0.0114285714285714
"crane",33,"sar_probit",3,"binary",0,0,0.0114285714285714
"crane",33,"sar_probit",3,"binary",0,0,0.0114285714285714
"crane",33,"sar_probit",3,"binary",0,0,0.0114285714285714
"crane",33,"sar_probit",3,"binary",0,0,0.0114285714285714
"crane",33,"sar_probit",3,"binary",1,0.99999895962767,0.0114285714285714
"crane",33,"sar_probit",3,"binary",0,0,0.0114285714285714
"crane",33,"sar_probit",3,"binary",0,0,0.0114285714285714
"crane",33,"sar_probit",3,"binary",0,0,0.0114285714285714
"crane",33,"sar_probit",3,"binary",0,0,0.0114285714285714
"crane",33,"sar_probit",3,"binary",0,0,0.0114285714285714
"crane",33,"sar_probit",3,"binary",0,0,0.0114285714285714
"crane",33,"sar_probit",3,"binary",0,0,0.0114285714285714
"crane",33,"sar_probit",3,"binary",0,0,0.0114285714285714
"crane",33,"sar_probit",3,"binary",0,0,0.0114285714285714
"crane",33,"sar_probit",3,"binary",0,0,0.0114285714285714
"crane",33,"sar_probit",3,"binary",0,0,0.0114285714285714
"crane",33,"sar_probit",3,"binary",0,0,0.0114285714285714
"crane",33,"sar_probit",3,"binary",0,0,0.0114285714285714
"crane",33,"sar_probit",3,"binary",0,0,0.0114285714285714
"crane",33,"sar_probit",3,"binary",0,0,0.0114285714285714
"crane",33,"sar_probit",3,"binary",0,0,0.0114285714285714
"crane",33,"sar_probit",3,"binary",0,0,0.0114285714285714
"crane",33,"sar_probit",3,"binary",0,1,0.0114285714285714
"crane",33,"sar_probit",3,"binary",0,0,0.0114285714285714
"crane",33,"sar_probit",3,"binary",0,0,0.0114285714285714
"crane",33,"sar_probit",3,"binary",0,0,0.0114285714285714
"crane",33,"sar_probit",3,"binary",0,0,0.0114285714285714
"crane",33,"sar_probit",3,"binary",0,0,0.0114285714285714
"crane",33,"sar_probit",3,"binary",0,0,0.0114285714285714
"crane",33,"sar_probit",3,"binary",1,0.99999895962767,0.0114285714285714
"crane",33,"sar_probit",3,"binary",0,0,0.0114285714285714
"crane",33,"sar_probit",3,"binary",0,0,0.0114285714285714
"crane",33,"sar_probit",3,"binary",0,0,0.0114285714285714
"crane",33,"sar_probit",3,"binary",0,0,0.0114285714285714
"crane",33,"sar_probit",3,"binary",0,0,0.0114285714285714
"crane",33,"sar_probit",3,"binary",0,0,0.0114285714285714
"crane",33,"sar_probit",3,"binary",0,0,0.0114285714285714
"crane",33,"sar_probit",3,"binary",0,0,0.0114285714285714
"crane",33,"sar_probit",3,"binary",0,0,0.0114285714285714
"crane",33,"sar_probit",3,"binary",0,0,0.0114285714285714
"crane",33,"sar_probit",3,"binary",0,0,0.0114285714285714
"crane",33,"sar_probit",3,"binary",0,0,0.0114285714285714
"crane",33,"sar_probit",3,"binary",0,0,0.0114285714285714
"crane",33,"sar_probit",3,"binary",0,0,0.0114285714285714
"crane",33,"sar_probit",3,"binary",0,0,0.0114285714285714
"crane",33,"sar_probit",3,"binary",0,0,0.0114285714285714
"crane",33,"sar_probit",3,"binary",0,0,0.0114285714285714
"crane",33,"sar_probit",3,"binary",0,1,0.0114285714285714
"crane",33,"sar_probit",3,"binary",0,0,0.0114285714285714
"crane",33,"sar_probit",3,"binary",0,0,0.0114285714285714
"crane",33,"sar_probit",3,"binary",0,0,0.0114285714285714
"crane",33,"sar_probit",3,"binary",0,0,0.0114285714285714
"crane",33,"sar_probit",3,"binary",0,0,0.0114285714285714
"crane",33,"sar_probit",3,"binary",0,0,0.0114285714285714
"crane",33,"sar_probit",3,"binary",1,0.99999895962767,0.0114285714285714
"crane",33,"sar_probit",3,"binary",0,0,0.0114285714285714
"crane",33,"sar_probit",3,"binary",0,0,0.0114285714285714
"crane",33,"sar_probit",3,"binary",0,0,0.0114285714285714
"crane",33,"sar_probit",3,"binary",0,0,0.0114285714285714
"crane",33,"sar_probit",3,"binary",0,0,0.0114285714285714
"crane",33,"sar_probit",3,"binary",0,0,0.0114285714285714
"crane",33,"sar_probit",3,"binary",0,0,0.0114285714285714
"crane",33,"sar_probit",4,"binary",0,0,0.019047619047619
"crane",33,"sar_probit",4,"binary",0,0,0.019047619047619
"crane",33,"sar_probit",4,"binary",0,0,0.019047619047619
"crane",33,"sar_probit",4,"binary",0,0,0.019047619047619
"crane",33,"sar_probit",4,"binary",0,0,0.019047619047619
"crane",33,"sar_probit",4,"binary",0,0,0.019047619047619
"crane",33,"sar_probit",4,"binary",0,0,0.019047619047619
"crane",33,"sar_probit",4,"binary",0,0,0.019047619047619
"crane",33,"sar_probit",4,"binary",0,1.13140931805875e-10,0.019047619047619
"crane",33,"sar_probit",4,"binary",0,1.82957253129043e-35,0.019047619047619
"crane",33,"sar_probit",4,"binary",0,2.31552208271823e-209,0.019047619047619
"crane",33,"sar_probit",4,"binary",0,7.74807273555063e-248,0.019047619047619
"crane",33,"sar_probit",4,"binary",0,0,0.019047619047619
"crane",33,"sar_probit",4,"binary",0,0,0.019047619047619
"crane",33,"sar_probit",4,"binary",0,0,0.019047619047619
"crane",33,"sar_probit",4,"binary",0,0,0.019047619047619
"crane",33,"sar_probit",4,"binary",0,0,0.019047619047619
"crane",33,"sar_probit",4,"binary",0,0,0.019047619047619
"crane",33,"sar_probit",4,"binary",0,0,0.019047619047619
"crane",33,"sar_probit",4,"binary",0,0,0.019047619047619
"crane",33,"sar_probit",4,"binary",0,0,0.019047619047619
"crane",33,"sar_probit",4,"binary",0,1.67739566848368e-47,0.019047619047619
"crane",33,"sar_probit",4,"binary",0,0,0.019047619047619
"crane",33,"sar_probit",4,"binary",0,0,0.019047619047619
"crane",33,"sar_probit",4,"binary",0,0,0.019047619047619
"crane",33,"sar_probit",4,"binary",0,0,0.019047619047619
"crane",33,"sar_probit",4,"binary",0,0,0.019047619047619
"crane",33,"sar_probit",4,"binary",0,0,0.019047619047619
"crane",33,"sar_probit",4,"binary",0,0,0.019047619047619
"crane",33,"sar_probit",4,"binary",0,0,0.019047619047619
"crane",33,"sar_probit",4,"binary",0,0,0.019047619047619
"crane",33,"sar_probit",4,"binary",0,0,0.019047619047619
"crane",33,"sar_probit",4,"binary",0,0,0.019047619047619
"crane",33,"sar_probit",4,"binary",0,1.13140931805875e-10,0.019047619047619
"crane",33,"sar_probit",4,"binary",0,1.82957253129043e-35,0.019047619047619
"crane",33,"sar_probit",4,"binary",0,2.31552208271798e-209,0.019047619047619
"crane",33,"sar_probit",4,"binary",0,7.74807273555063e-248,0.019047619047619
"crane",33,"sar_probit",4,"binary",0,0,0.019047619047619
"crane",33,"sar_probit",4,"binary",0,0,0.019047619047619
"crane",33,"sar_probit",4,"binary",0,0,0.019047619047619
"crane",33,"sar_probit",4,"binary",0,0,0.019047619047619
"crane",33,"sar_probit",4,"binary",0,0,0.019047619047619
"crane",33,"sar_probit",4,"binary",0,0,0.019047619047619
"crane",33,"sar_probit",4,"binary",0,0,0.019047619047619
"crane",33,"sar_probit",4,"binary",0,0,0.019047619047619
"crane",33,"sar_probit",4,"binary",0,0,0.019047619047619
"crane",33,"sar_probit",4,"binary",0,1.67739566848385e-47,0.019047619047619
"crane",33,"sar_probit",4,"binary",0,0,0.019047619047619
"crane",33,"sar_probit",4,"binary",0,0,0.019047619047619
"crane",33,"sar_probit",4,"binary",0,0,0.019047619047619
"crane",33,"sar_probit",4,"binary",0,0,0.019047619047619
"crane",33,"sar_probit",4,"binary",0,0,0.019047619047619
"crane",33,"sar_probit",4,"binary",0,0,0.019047619047619
"crane",33,"sar_probit",4,"binary",0,0,0.019047619047619
"crane",33,"sar_probit",4,"binary",0,0,0.019047619047619
"crane",33,"sar_probit",4,"binary",0,0,0.019047619047619
"crane",33,"sar_probit",4,"binary",0,0,0.019047619047619
"crane",33,"sar_probit",4,"binary",0,0,0.019047619047619
"crane",33,"sar_probit",4,"binary",0,1.13140931805877e-10,0.019047619047619
"crane",33,"sar_probit",4,"binary",0,1.82957253129043e-35,0.019047619047619
"crane",33,"sar_probit",4,"binary",0,2.31552208271772e-209,0.019047619047619
"crane",33,"sar_probit",4,"binary",0,7.74807273555063e-248,0.019047619047619
"crane",33,"sar_probit",4,"binary",0,0,0.019047619047619
"crane",33,"sar_probit",4,"binary",0,0,0.019047619047619
"crane",33,"sar_probit",4,"binary",0,0,0.019047619047619
"crane",33,"sar_probit",4,"binary",0,0,0.019047619047619
"crane",33,"sar_probit",4,"binary",0,0,0.019047619047619
"crane",33,"sar_probit",4,"binary",0,0,0.019047619047619
"crane",33,"sar_probit",4,"binary",0,0,0.019047619047619
"crane",33,"sar_probit",4,"binary",0,0,0.019047619047619
"crane",33,"sar_probit",4,"binary",0,0,0.019047619047619
"crane",33,"sar_probit",4,"binary",0,1.67739566848376e-47,0.019047619047619
"crane",33,"sar_probit",4,"binary",0,0,0.019047619047619
"crane",33,"sar_probit",4,"binary",0,0,0.019047619047619
"crane",33,"sar_probit",4,"binary",0,0,0.019047619047619
"crane",33,"sar_probit",4,"binary",0,0,0.019047619047619
"crane",33,"sar_probit",4,"binary",0,0,0.019047619047619
"crane",33,"sar_probit",4,"binary",0,0,0.019047619047619
"crane",33,"sar_probit",4,"binary",0,0,0.019047619047619
"crane",33,"sar_probit",4,"binary",0,0,0.019047619047619
"crane",33,"sar_probit",4,"binary",0,0,0.019047619047619
"crane",33,"sar_probit",4,"binary",0,0,0.019047619047619
"crane",33,"sar_probit",4,"binary",0,0,0.019047619047619
"crane",33,"sar_probit",4,"binary",0,1.13140931805877e-10,0.019047619047619
"crane",33,"sar_probit",4,"binary",0,1.82957253129043e-35,0.019047619047619
"crane",33,"sar_probit",4,"binary",0,2.31552208271823e-209,0.019047619047619
"crane",33,"sar_probit",4,"binary",0,7.74807273554878e-248,0.019047619047619
"crane",33,"sar_probit",4,"binary",0,0,0.019047619047619
"crane",33,"sar_probit",4,"binary",0,0,0.019047619047619
"crane",33,"sar_probit",4,"binary",0,0,0.019047619047619
"crane",33,"sar_probit",4,"binary",0,0,0.019047619047619
"crane",33,"sar_probit",4,"binary",0,0,0.019047619047619
"crane",33,"sar_probit",4,"binary",0,0,0.019047619047619
"crane",33,"sar_probit",4,"binary",0,0,0.019047619047619
"crane",33,"sar_probit",4,"binary",0,0,0.019047619047619
"crane",33,"sar_probit",4,"binary",0,0,0.019047619047619
"crane",33,"sar_probit",4,"binary",0,1.67739566848381e-47,0.019047619047619
"crane",33,"sar_probit",4,"binary",0,0,0.019047619047619
"crane",33,"sar_probit",4,"binary",0,0,0.019047619047619
"crane",33,"sar_probit",4,"binary",0,0,0.019047619047619
"crane",33,"sar_probit",4,"binary",0,0,0.019047619047619
"crane",33,"sar_probit",4,"binary",0,0,0.019047619047619
"crane",33,"sar_probit",4,"binary",0,0,0.019047619047619
"crane",33,"sar_probit",4,"binary",0,0,0.019047619047619
"crane",33,"sar_probit",4,"binary",0,0,0.019047619047619
"crane",33,"sar_probit",4,"binary",0,0,0.019047619047619
"crane",33,"sar_probit",4,"binary",0,0,0.019047619047619
"crane",33,"sar_probit",4,"binary",0,0,0.019047619047619
"crane",33,"sar_probit",4,"binary",0,1.13140931805877e-10,0.019047619047619
"crane",33,"sar_probit",4,"binary",1,1.82957253129039e-35,0.019047619047619
"crane",33,"sar_probit",4,"binary",0,2.31552208271798e-209,0.019047619047619
"crane",33,"sar_probit",4,"binary",0,7.74807273555063e-248,0.019047619047619
"crane",33,"sar_probit",4,"binary",0,0,0.019047619047619
"crane",33,"sar_probit",4,"binary",0,0,0.019047619047619
"crane",33,"sar_probit",4,"binary",0,0,0.019047619047619
"crane",33,"sar_probit",4,"binary",0,0,0.019047619047619
"crane",33,"sar_probit",4,"binary",0,0,0.019047619047619
"crane",33,"sar_probit",4,"binary",0,0,0.019047619047619
"crane",33,"sar_probit",4,"binary",0,0,0.019047619047619
"crane",33,"sar_probit",4,"binary",0,0,0.019047619047619
"crane",33,"sar_probit",4,"binary",0,0,0.019047619047619
"crane",33,"sar_probit",4,"binary",0,1.67739566848376e-47,0.019047619047619
"crane",33,"sar_probit",4,"binary",0,0,0.019047619047619
"crane",33,"sar_probit",4,"binary",0,0,0.019047619047619
"crane",33,"sar_probit",4,"binary",0,0,0.019047619047619
"crane",33,"sar_probit",5,"binary",0,0,0.0113207547169811
"crane",33,"sar_probit",5,"binary",0,0,0.0113207547169811
"crane",33,"sar_probit",5,"binary",0,0,0.0113207547169811
"crane",33,"sar_probit",5,"binary",0,1,0.0113207547169811
"crane",33,"sar_probit",5,"binary",0,0,0.0113207547169811
"crane",33,"sar_probit",5,"binary",0,0,0.0113207547169811
"crane",33,"sar_probit",5,"binary",0,0,0.0113207547169811
"crane",33,"sar_probit",5,"binary",0,0,0.0113207547169811
"crane",33,"sar_probit",5,"binary",0,0,0.0113207547169811
"crane",33,"sar_probit",5,"binary",0,0,0.0113207547169811
"crane",33,"sar_probit",5,"binary",0,0,0.0113207547169811
"crane",33,"sar_probit",5,"binary",0,0,0.0113207547169811
"crane",33,"sar_probit",5,"binary",0,0,0.0113207547169811
"crane",33,"sar_probit",5,"binary",0,0,0.0113207547169811
"crane",33,"sar_probit",5,"binary",0,0,0.0113207547169811
"crane",33,"sar_probit",5,"binary",0,0,0.0113207547169811
"crane",33,"sar_probit",5,"binary",0,0,0.0113207547169811
"crane",33,"sar_probit",5,"binary",0,0,0.0113207547169811
"crane",33,"sar_probit",5,"binary",0,0,0.0113207547169811
"crane",33,"sar_probit",5,"binary",1,1,0.0113207547169811
"crane",33,"sar_probit",5,"binary",0,0,0.0113207547169811
"crane",33,"sar_probit",5,"binary",0,0,0.0113207547169811
"crane",33,"sar_probit",5,"binary",0,0,0.0113207547169811
"crane",33,"sar_probit",5,"binary",0,0,0.0113207547169811
"crane",33,"sar_probit",5,"binary",0,0,0.0113207547169811
"crane",33,"sar_probit",5,"binary",0,0,0.0113207547169811
"crane",33,"sar_probit",5,"binary",0,0,0.0113207547169811
"crane",33,"sar_probit",5,"binary",0,1,0.0113207547169811
"crane",33,"sar_probit",5,"binary",0,0,0.0113207547169811
"crane",33,"sar_probit",5,"binary",0,0,0.0113207547169811
"crane",33,"sar_probit",5,"binary",0,0,0.0113207547169811
"crane",33,"sar_probit",5,"binary",0,0,0.0113207547169811
"crane",33,"sar_probit",5,"binary",0,0,0.0113207547169811
"crane",33,"sar_probit",5,"binary",0,0,0.0113207547169811
"crane",33,"sar_probit",5,"binary",0,0,0.0113207547169811
"crane",33,"sar_probit",5,"binary",0,0,0.0113207547169811
"crane",33,"sar_probit",5,"binary",0,0,0.0113207547169811
"crane",33,"sar_probit",5,"binary",0,0,0.0113207547169811
"crane",33,"sar_probit",5,"binary",0,0,0.0113207547169811
"crane",33,"sar_probit",5,"binary",0,0,0.0113207547169811
"crane",33,"sar_probit",5,"binary",0,0,0.0113207547169811
"crane",33,"sar_probit",5,"binary",0,0,0.0113207547169811
"crane",33,"sar_probit",5,"binary",0,0,0.0113207547169811
"crane",33,"sar_probit",5,"binary",1,1,0.0113207547169811
"crane",33,"sar_probit",5,"binary",0,0,0.0113207547169811
"crane",33,"sar_probit",5,"binary",0,0,0.0113207547169811
"crane",33,"sar_probit",5,"binary",0,0,0.0113207547169811
"crane",33,"sar_probit",5,"binary",0,0,0.0113207547169811
"crane",33,"sar_probit",5,"binary",0,0,0.0113207547169811
"crane",33,"sar_probit",5,"binary",0,0,0.0113207547169811
"crane",33,"sar_probit",5,"binary",0,0,0.0113207547169811
"crane",33,"sar_probit",5,"binary",0,1,0.0113207547169811
"crane",33,"sar_probit",5,"binary",0,0,0.0113207547169811
"crane",33,"sar_probit",5,"binary",0,0,0.0113207547169811
"crane",33,"sar_probit",5,"binary",0,0,0.0113207547169811
"crane",33,"sar_probit",5,"binary",0,0,0.0113207547169811
"crane",33,"sar_probit",5,"binary",0,0,0.0113207547169811
"crane",33,"sar_probit",5,"binary",0,0,0.0113207547169811
"crane",33,"sar_probit",5,"binary",0,0,0.0113207547169811
"crane",33,"sar_probit",5,"binary",0,0,0.0113207547169811
"crane",33,"sar_probit",5,"binary",0,0,0.0113207547169811
"crane",33,"sar_probit",5,"binary",0,0,0.0113207547169811
"crane",33,"sar_probit",5,"binary",0,0,0.0113207547169811
"crane",33,"sar_probit",5,"binary",0,0,0.0113207547169811
"crane",33,"sar_probit",5,"binary",0,0,0.0113207547169811
"crane",33,"sar_probit",5,"binary",0,0,0.0113207547169811
"crane",33,"sar_probit",5,"binary",0,0,0.0113207547169811
"crane",33,"sar_probit",5,"binary",1,1,0.0113207547169811
"crane",33,"sar_probit",5,"binary",0,0,0.0113207547169811
"crane",33,"sar_probit",5,"binary",0,0,0.0113207547169811
"crane",33,"sar_probit",5,"binary",0,0,0.0113207547169811
"crane",33,"sar_probit",5,"binary",0,0,0.0113207547169811
"crane",33,"sar_probit",5,"binary",0,0,0.0113207547169811
"crane",33,"sar_probit",5,"binary",0,0,0.0113207547169811
"crane",33,"sar_probit",5,"binary",0,0,0.0113207547169811
"crane",33,"sar_probit",5,"binary",0,1,0.0113207547169811
"crane",33,"sar_probit",5,"binary",0,0,0.0113207547169811
"crane",33,"sar_probit",5,"binary",0,0,0.0113207547169811
"crane",33,"sar_probit",5,"binary",0,0,0.0113207547169811
"crane",33,"sar_probit",5,"binary",0,0,0.0113207547169811
"crane",33,"sar_probit",5,"binary",0,0,0.0113207547169811
"crane",33,"sar_probit",5,"binary",0,0,0.0113207547169811
"crane",33,"sar_probit",5,"binary",0,0,0.0113207547169811
"crane",33,"sar_probit",5,"binary",0,0,0.0113207547169811
"crane",33,"sar_probit",5,"binary",0,0,0.0113207547169811
"crane",33,"sar_probit",5,"binary",0,0,0.0113207547169811
"crane",33,"sar_probit",5,"binary",0,0,0.0113207547169811
"crane",33,"sar_probit",5,"binary",0,0,0.0113207547169811
"crane",33,"sar_probit",5,"binary",0,0,0.0113207547169811
"crane",33,"sar_probit",5,"binary",0,0,0.0113207547169811
"crane",33,"sar_probit",5,"binary",0,0,0.0113207547169811
"crane",33,"sar_probit",5,"binary",1,1,0.0113207547169811
"crane",33,"sar_probit",5,"binary",0,0,0.0113207547169811
"crane",33,"sar_probit",5,"binary",0,0,0.0113207547169811
"crane",33,"sar_probit",5,"binary",0,0,0.0113207547169811
"crane",33,"sar_probit",5,"binary",0,0,0.0113207547169811
"crane",33,"sar_probit",5,"binary",0,0,0.0113207547169811
"crane",33,"sar_probit",5,"binary",0,0,0.0113207547169811
"crane",33,"sar_probit",5,"binary",0,0,0.0113207547169811
"crane",33,"sar_probit",5,"binary",0,1,0.0113207547169811
"crane",33,"sar_probit",5,"binary",0,0,0.0113207547169811
"crane",33,"sar_probit",5,"binary",0,0,0.0113207547169811
"crane",33,"sar_probit",5,"binary",0,0,0.0113207547169811
"crane",33,"sar_probit",5,"binary",0,0,0.0113207547169811
"crane",33,"sar_probit",5,"binary",0,0,0.0113207547169811
"crane",33,"sar_probit",5,"binary",0,0,0.0113207547169811
"crane",33,"sar_probit",5,"binary",0,0,0.0113207547169811
"crane",33,"sar_probit",5,"binary",0,0,0.0113207547169811
"crane",33,"sar_probit",5,"binary",0,0,0.0113207547169811
"crane",33,"sar_probit",5,"binary",0,0,0.0113207547169811
"crane",33,"sar_probit",5,"binary",0,0,0.0113207547169811
"crane",33,"sar_probit",5,"binary",0,0,0.0113207547169811
"crane",33,"sar_probit",5,"binary",0,0,0.0113207547169811
"crane",33,"sar_probit",5,"binary",0,0,0.0113207547169811
"crane",33,"sar_probit",5,"binary",0,0,0.0113207547169811
"crane",33,"sar_probit",5,"binary",1,1,0.0113207547169811
"crane",33,"sar_probit",5,"binary",0,0,0.0113207547169811
"crane",33,"sar_probit",5,"binary",0,0,0.0113207547169811
"crane",33,"sar_probit",5,"binary",0,0,0.0113207547169811
"crane",33,"sar_probit",5,"binary",0,0,0.0113207547169811
"crane",33,"sem_probit",1,"binary",0,0,0.0213592233009709
"crane",33,"sem_probit",1,"binary",0,0,0.0213592233009709
"crane",33,"sem_probit",1,"binary",0,0,0.0213592233009709
"crane",33,"sem_probit",1,"binary",0,0,0.0213592233009709
"crane",33,"sem_probit",1,"binary",0,0,0.0213592233009709
"crane",33,"sem_probit",1,"binary",0,0,0.0213592233009709
"crane",33,"sem_probit",1,"binary",0,0,0.0213592233009709
"crane",33,"sem_probit",1,"binary",0,0,0.0213592233009709
"crane",33,"sem_probit",1,"binary",0,0,0.0213592233009709
"crane",33,"sem_probit",1,"binary",0,0,0.0213592233009709
"crane",33,"sem_probit",1,"binary",0,0,0.0213592233009709
"crane",33,"sem_probit",1,"binary",0,0,0.0213592233009709
"crane",33,"sem_probit",1,"binary",0,0,0.0213592233009709
"crane",33,"sem_probit",1,"binary",0,0,0.0213592233009709
"crane",33,"sem_probit",1,"binary",0,0,0.0213592233009709
"crane",33,"sem_probit",1,"binary",0,0,0.0213592233009709
"crane",33,"sem_probit",1,"binary",0,0,0.0213592233009709
"crane",33,"sem_probit",1,"binary",0,0,0.0213592233009709
"crane",33,"sem_probit",1,"binary",0,0,0.0213592233009709
"crane",33,"sem_probit",1,"binary",0,0,0.0213592233009709
"crane",33,"sem_probit",1,"binary",0,0,0.0213592233009709
"crane",33,"sem_probit",1,"binary",0,0,0.0213592233009709
"crane",33,"sem_probit",1,"binary",0,0,0.0213592233009709
"crane",33,"sem_probit",1,"binary",0,0,0.0213592233009709
"crane",33,"sem_probit",1,"binary",0,0,0.0213592233009709
"crane",33,"sem_probit",1,"binary",0,0,0.0213592233009709
"crane",33,"sem_probit",1,"binary",0,0,0.0213592233009709
"crane",33,"sem_probit",1,"binary",0,0,0.0213592233009709
"crane",33,"sem_probit",1,"binary",0,0,0.0213592233009709
"crane",33,"sem_probit",1,"binary",0,0,0.0213592233009709
"crane",33,"sem_probit",1,"binary",0,0,0.0213592233009709
"crane",33,"sem_probit",1,"binary",0,0,0.0213592233009709
"crane",33,"sem_probit",1,"binary",0,0,0.0213592233009709
"crane",33,"sem_probit",1,"binary",0,0,0.0213592233009709
"crane",33,"sem_probit",1,"binary",0,0,0.0213592233009709
"crane",33,"sem_probit",1,"binary",0,0,0.0213592233009709
"crane",33,"sem_probit",1,"binary",0,0,0.0213592233009709
"crane",33,"sem_probit",1,"binary",0,0,0.0213592233009709
"crane",33,"sem_probit",1,"binary",0,0,0.0213592233009709
"crane",33,"sem_probit",1,"binary",0,0,0.0213592233009709
"crane",33,"sem_probit",1,"binary",0,0,0.0213592233009709
"crane",33,"sem_probit",1,"binary",0,0,0.0213592233009709
"crane",33,"sem_probit",1,"binary",0,0,0.0213592233009709
"crane",33,"sem_probit",1,"binary",0,0,0.0213592233009709
"crane",33,"sem_probit",1,"binary",0,0,0.0213592233009709
"crane",33,"sem_probit",1,"binary",0,0,0.0213592233009709
"crane",33,"sem_probit",1,"binary",0,0,0.0213592233009709
"crane",33,"sem_probit",1,"binary",0,0,0.0213592233009709
"crane",33,"sem_probit",1,"binary",0,0,0.0213592233009709
"crane",33,"sem_probit",1,"binary",0,0,0.0213592233009709
"crane",33,"sem_probit",1,"binary",0,0,0.0213592233009709
"crane",33,"sem_probit",1,"binary",0,0,0.0213592233009709
"crane",33,"sem_probit",1,"binary",0,0,0.0213592233009709
"crane",33,"sem_probit",1,"binary",0,0,0.0213592233009709
"crane",33,"sem_probit",1,"binary",0,0,0.0213592233009709
"crane",33,"sem_probit",1,"binary",0,0,0.0213592233009709
"crane",33,"sem_probit",1,"binary",0,0,0.0213592233009709
"crane",33,"sem_probit",1,"binary",0,0,0.0213592233009709
"crane",33,"sem_probit",1,"binary",0,0,0.0213592233009709
"crane",33,"sem_probit",1,"binary",0,0,0.0213592233009709
"crane",33,"sem_probit",1,"binary",0,0,0.0213592233009709
"crane",33,"sem_probit",1,"binary",0,0,0.0213592233009709
"crane",33,"sem_probit",1,"binary",0,0,0.0213592233009709
"crane",33,"sem_probit",1,"binary",0,0,0.0213592233009709
"crane",33,"sem_probit",1,"binary",0,0,0.0213592233009709
"crane",33,"sem_probit",1,"binary",0,0,0.0213592233009709
"crane",33,"sem_probit",1,"binary",0,0,0.0213592233009709
"crane",33,"sem_probit",1,"binary",0,0,0.0213592233009709
"crane",33,"sem_probit",1,"binary",0,0,0.0213592233009709
"crane",33,"sem_probit",1,"binary",0,0,0.0213592233009709
"crane",33,"sem_probit",1,"binary",0,0,0.0213592233009709
"crane",33,"sem_probit",1,"binary",0,0,0.0213592233009709
"crane",33,"sem_probit",1,"binary",0,0,0.0213592233009709
"crane",33,"sem_probit",1,"binary",0,0,0.0213592233009709
"crane",33,"sem_probit",1,"binary",0,0,0.0213592233009709
"crane",33,"sem_probit",1,"binary",0,0,0.0213592233009709
"crane",33,"sem_probit",1,"binary",0,0,0.0213592233009709
"crane",33,"sem_probit",1,"binary",0,0,0.0213592233009709
"crane",33,"sem_probit",1,"binary",0,0,0.0213592233009709
"crane",33,"sem_probit",1,"binary",0,0,0.0213592233009709
"crane",33,"sem_probit",1,"binary",0,0,0.0213592233009709
"crane",33,"sem_probit",1,"binary",0,0,0.0213592233009709
"crane",33,"sem_probit",1,"binary",0,0,0.0213592233009709
"crane",33,"sem_probit",1,"binary",0,0,0.0213592233009709
"crane",33,"sem_probit",1,"binary",0,0,0.0213592233009709
"crane",33,"sem_probit",1,"binary",0,0,0.0213592233009709
"crane",33,"sem_probit",1,"binary",0,0,0.0213592233009709
"crane",33,"sem_probit",1,"binary",0,0,0.0213592233009709
"crane",33,"sem_probit",1,"binary",0,0,0.0213592233009709
"crane",33,"sem_probit",1,"binary",0,0,0.0213592233009709
"crane",33,"sem_probit",1,"binary",0,0,0.0213592233009709
"crane",33,"sem_probit",1,"binary",0,0,0.0213592233009709
"crane",33,"sem_probit",1,"binary",0,0,0.0213592233009709
"crane",33,"sem_probit",1,"binary",0,0,0.0213592233009709
"crane",33,"sem_probit",1,"binary",0,0,0.0213592233009709
"crane",33,"sem_probit",1,"binary",0,0,0.0213592233009709
"crane",33,"sem_probit",1,"binary",0,0,0.0213592233009709
"crane",33,"sem_probit",1,"binary",0,0,0.0213592233009709
"crane",33,"sem_probit",1,"binary",0,0,0.0213592233009709
"crane",33,"sem_probit",1,"binary",0,0,0.0213592233009709
"crane",33,"sem_probit",1,"binary",0,0,0.0213592233009709
"crane",33,"sem_probit",1,"binary",0,0,0.0213592233009709
"crane",33,"sem_probit",1,"binary",0,0,0.0213592233009709
"crane",33,"sem_probit",1,"binary",0,0,0.0213592233009709
"crane",33,"sem_probit",1,"binary",0,0,0.0213592233009709
"crane",33,"sem_probit",1,"binary",0,0,0.0213592233009709
"crane",33,"sem_probit",1,"binary",0,0,0.0213592233009709
"crane",33,"sem_probit",1,"binary",0,0,0.0213592233009709
"crane",33,"sem_probit",1,"binary",0,0,0.0213592233009709
"crane",33,"sem_probit",1,"binary",0,0,0.0213592233009709
"crane",33,"sem_probit",1,"binary",0,0,0.0213592233009709
"crane",33,"sem_probit",1,"binary",0,0,0.0213592233009709
"crane",33,"sem_probit",1,"binary",0,0,0.0213592233009709
"crane",33,"sem_probit",1,"binary",0,0,0.0213592233009709
"crane",33,"sem_probit",1,"binary",0,0,0.0213592233009709
"crane",33,"sem_probit",1,"binary",0,0,0.0213592233009709
"crane",33,"sem_probit",1,"binary",0,0,0.0213592233009709
"crane",33,"sem_probit",1,"binary",0,0,0.0213592233009709
"crane",33,"sem_probit",1,"binary",0,0,0.0213592233009709
"crane",33,"sem_probit",1,"binary",0,0,0.0213592233009709
"crane",33,"sem_probit",1,"binary",0,0,0.0213592233009709
"crane",33,"sem_probit",1,"binary",0,0,0.0213592233009709
"crane",33,"sem_probit",1,"binary",0,0,0.0213592233009709
"crane",33,"sem_probit",1,"binary",0,0,0.0213592233009709
"crane",33,"sem_probit",1,"binary",0,0,0.0213592233009709
"crane",33,"sem_probit",1,"binary",0,0,0.0213592233009709
"crane",33,"sem_probit",1,"binary",0,0,0.0213592233009709
"crane",33,"sem_probit",1,"binary",0,0,0.0213592233009709
"crane",33,"sem_probit",1,"binary",0,0,0.0213592233009709
"crane",33,"sem_probit",1,"binary",0,0,0.0213592233009709
"crane",33,"sem_probit",1,"binary",0,0,0.0213592233009709
"crane",33,"sem_probit",1,"binary",0,0,0.0213592233009709
"crane",33,"sem_probit",1,"binary",0,0,0.0213592233009709
"crane",33,"sem_probit",1,"binary",0,0,0.0213592233009709
"crane",33,"sem_probit",1,"binary",0,0,0.0213592233009709
"crane",33,"sem_probit",2,"binary",0,0,0.0217821782178218
"crane",33,"sem_probit",2,"binary",0,0,0.0217821782178218
"crane",33,"sem_probit",2,"binary",0,0,0.0217821782178218
"crane",33,"sem_probit",2,"binary",0,0,0.0217821782178218
"crane",33,"sem_probit",2,"binary",0,0,0.0217821782178218
"crane",33,"sem_probit",2,"binary",0,0,0.0217821782178218
"crane",33,"sem_probit",2,"binary",0,0,0.0217821782178218
"crane",33,"sem_probit",2,"binary",0,0,0.0217821782178218
"crane",33,"sem_probit",2,"binary",0,0,0.0217821782178218
"crane",33,"sem_probit",2,"binary",0,0,0.0217821782178218
"crane",33,"sem_probit",2,"binary",0,3.84247999859364e-144,0.0217821782178218
"crane",33,"sem_probit",2,"binary",0,0,0.0217821782178218
"crane",33,"sem_probit",2,"binary",0,0,0.0217821782178218
"crane",33,"sem_probit",2,"binary",0,0,0.0217821782178218
"crane",33,"sem_probit",2,"binary",0,0,0.0217821782178218
"crane",33,"sem_probit",2,"binary",0,0,0.0217821782178218
"crane",33,"sem_probit",2,"binary",0,0,0.0217821782178218
"crane",33,"sem_probit",2,"binary",0,0,0.0217821782178218
"crane",33,"sem_probit",2,"binary",0,0,0.0217821782178218
"crane",33,"sem_probit",2,"binary",0,0,0.0217821782178218
"crane",33,"sem_probit",2,"binary",0,0,0.0217821782178218
"crane",33,"sem_probit",2,"binary",0,0,0.0217821782178218
"crane",33,"sem_probit",2,"binary",0,0,0.0217821782178218
"crane",33,"sem_probit",2,"binary",0,4.16685487584773e-84,0.0217821782178218
"crane",33,"sem_probit",2,"binary",0,0,0.0217821782178218
"crane",33,"sem_probit",2,"binary",0,0,0.0217821782178218
"crane",33,"sem_probit",2,"binary",0,0,0.0217821782178218
"crane",33,"sem_probit",2,"binary",0,0,0.0217821782178218
"crane",33,"sem_probit",2,"binary",0,0,0.0217821782178218
"crane",33,"sem_probit",2,"binary",0,0,0.0217821782178218
"crane",33,"sem_probit",2,"binary",0,0,0.0217821782178218
"crane",33,"sem_probit",2,"binary",0,0,0.0217821782178218
"crane",33,"sem_probit",2,"binary",0,0,0.0217821782178218
"crane",33,"sem_probit",2,"binary",0,0,0.0217821782178218
"crane",33,"sem_probit",2,"binary",0,0,0.0217821782178218
"crane",33,"sem_probit",2,"binary",0,0,0.0217821782178218
"crane",33,"sem_probit",2,"binary",0,0,0.0217821782178218
"crane",33,"sem_probit",2,"binary",0,0,0.0217821782178218
"crane",33,"sem_probit",2,"binary",0,0,0.0217821782178218
"crane",33,"sem_probit",2,"binary",0,3.84247999859364e-144,0.0217821782178218
"crane",33,"sem_probit",2,"binary",0,0,0.0217821782178218
"crane",33,"sem_probit",2,"binary",0,0,0.0217821782178218
"crane",33,"sem_probit",2,"binary",0,0,0.0217821782178218
"crane",33,"sem_probit",2,"binary",0,0,0.0217821782178218
"crane",33,"sem_probit",2,"binary",0,0,0.0217821782178218
"crane",33,"sem_probit",2,"binary",0,0,0.0217821782178218
"crane",33,"sem_probit",2,"binary",0,0,0.0217821782178218
"crane",33,"sem_probit",2,"binary",0,0,0.0217821782178218
"crane",33,"sem_probit",2,"binary",0,0,0.0217821782178218
"crane",33,"sem_probit",2,"binary",0,0,0.0217821782178218
"crane",33,"sem_probit",2,"binary",0,0,0.0217821782178218
"crane",33,"sem_probit",2,"binary",0,0,0.0217821782178218
"crane",33,"sem_probit",2,"binary",0,4.16685487584773e-84,0.0217821782178218
"crane",33,"sem_probit",2,"binary",0,0,0.0217821782178218
"crane",33,"sem_probit",2,"binary",0,0,0.0217821782178218
"crane",33,"sem_probit",2,"binary",0,0,0.0217821782178218
"crane",33,"sem_probit",2,"binary",0,0,0.0217821782178218
"crane",33,"sem_probit",2,"binary",0,0,0.0217821782178218
"crane",33,"sem_probit",2,"binary",0,0,0.0217821782178218
"crane",33,"sem_probit",2,"binary",0,0,0.0217821782178218
"crane",33,"sem_probit",2,"binary",0,0,0.0217821782178218
"crane",33,"sem_probit",2,"binary",0,0,0.0217821782178218
"crane",33,"sem_probit",2,"binary",0,0,0.0217821782178218
"crane",33,"sem_probit",2,"binary",0,0,0.0217821782178218
"crane",33,"sem_probit",2,"binary",0,0,0.0217821782178218
"crane",33,"sem_probit",2,"binary",0,0,0.0217821782178218
"crane",33,"sem_probit",2,"binary",0,0,0.0217821782178218
"crane",33,"sem_probit",2,"binary",0,0,0.0217821782178218
"crane",33,"sem_probit",2,"binary",0,3.84247999859364e-144,0.0217821782178218
"crane",33,"sem_probit",2,"binary",0,0,0.0217821782178218
"crane",33,"sem_probit",2,"binary",0,0,0.0217821782178218
"crane",33,"sem_probit",2,"binary",0,0,0.0217821782178218
"crane",33,"sem_probit",2,"binary",0,0,0.0217821782178218
"crane",33,"sem_probit",2,"binary",0,0,0.0217821782178218
"crane",33,"sem_probit",2,"binary",0,0,0.0217821782178218
"crane",33,"sem_probit",2,"binary",0,0,0.0217821782178218
"crane",33,"sem_probit",2,"binary",0,0,0.0217821782178218
"crane",33,"sem_probit",2,"binary",0,0,0.0217821782178218
"crane",33,"sem_probit",2,"binary",0,0,0.0217821782178218
"crane",33,"sem_probit",2,"binary",0,0,0.0217821782178218
"crane",33,"sem_probit",2,"binary",0,0,0.0217821782178218
"crane",33,"sem_probit",2,"binary",0,4.16685487584773e-84,0.0217821782178218
"crane",33,"sem_probit",2,"binary",0,0,0.0217821782178218
"crane",33,"sem_probit",2,"binary",0,0,0.0217821782178218
"crane",33,"sem_probit",2,"binary",0,0,0.0217821782178218
"crane",33,"sem_probit",2,"binary",0,0,0.0217821782178218
"crane",33,"sem_probit",2,"binary",0,0,0.0217821782178218
"crane",33,"sem_probit",2,"binary",0,0,0.0217821782178218
"crane",33,"sem_probit",2,"binary",0,0,0.0217821782178218
"crane",33,"sem_probit",2,"binary",0,0,0.0217821782178218
"crane",33,"sem_probit",2,"binary",0,0,0.0217821782178218
"crane",33,"sem_probit",2,"binary",0,0,0.0217821782178218
"crane",33,"sem_probit",2,"binary",0,0,0.0217821782178218
"crane",33,"sem_probit",2,"binary",0,0,0.0217821782178218
"crane",33,"sem_probit",2,"binary",0,0,0.0217821782178218
"crane",33,"sem_probit",2,"binary",0,0,0.0217821782178218
"crane",33,"sem_probit",2,"binary",0,0,0.0217821782178218
"crane",33,"sem_probit",2,"binary",0,3.84247999859364e-144,0.0217821782178218
"crane",33,"sem_probit",2,"binary",0,0,0.0217821782178218
"crane",33,"sem_probit",2,"binary",0,0,0.0217821782178218
"crane",33,"sem_probit",2,"binary",0,0,0.0217821782178218
"crane",33,"sem_probit",2,"binary",0,0,0.0217821782178218
"crane",33,"sem_probit",2,"binary",0,0,0.0217821782178218
"crane",33,"sem_probit",2,"binary",0,0,0.0217821782178218
"crane",33,"sem_probit",2,"binary",0,0,0.0217821782178218
"crane",33,"sem_probit",2,"binary",0,0,0.0217821782178218
"crane",33,"sem_probit",2,"binary",0,0,0.0217821782178218
"crane",33,"sem_probit",2,"binary",0,0,0.0217821782178218
"crane",33,"sem_probit",2,"binary",0,0,0.0217821782178218
"crane",33,"sem_probit",2,"binary",0,0,0.0217821782178218
"crane",33,"sem_probit",2,"binary",0,4.16685487584773e-84,0.0217821782178218
"crane",33,"sem_probit",2,"binary",0,0,0.0217821782178218
"crane",33,"sem_probit",2,"binary",0,0,0.0217821782178218
"crane",33,"sem_probit",2,"binary",0,0,0.0217821782178218
"crane",33,"sem_probit",2,"binary",0,0,0.0217821782178218
"crane",33,"sem_probit",2,"binary",0,0,0.0217821782178218
"crane",33,"sem_probit",2,"binary",0,0,0.0217821782178218
"crane",33,"sem_probit",2,"binary",0,0,0.0217821782178218
"crane",33,"sem_probit",2,"binary",0,0,0.0217821782178218
"crane",33,"sem_probit",2,"binary",0,0,0.0217821782178218
"crane",33,"sem_probit",2,"binary",0,0,0.0217821782178218
"crane",33,"sem_probit",2,"binary",0,0,0.0217821782178218
"crane",33,"sem_probit",2,"binary",0,0,0.0217821782178218
"crane",33,"sem_probit",2,"binary",0,0,0.0217821782178218
"crane",33,"sem_probit",2,"binary",0,0,0.0217821782178218
"crane",33,"sem_probit",2,"binary",0,0,0.0217821782178218
"crane",33,"sem_probit",2,"binary",0,3.84247999859364e-144,0.0217821782178218
"crane",33,"sem_probit",2,"binary",0,0,0.0217821782178218
"crane",33,"sem_probit",2,"binary",0,0,0.0217821782178218
"crane",33,"sem_probit",2,"binary",0,0,0.0217821782178218
"crane",33,"sem_probit",2,"binary",0,0,0.0217821782178218
"crane",33,"sem_probit",2,"binary",0,0,0.0217821782178218
"crane",33,"sem_probit",2,"binary",0,0,0.0217821782178218
"crane",33,"sem_probit",2,"binary",0,0,0.0217821782178218
"crane",33,"sem_probit",2,"binary",0,0,0.0217821782178218
"crane",33,"sem_probit",2,"binary",0,0,0.0217821782178218
"crane",33,"sem_probit",2,"binary",0,0,0.0217821782178218
"crane",33,"sem_probit",2,"binary",0,0,0.0217821782178218
"crane",33,"sem_probit",2,"binary",0,0,0.0217821782178218
"crane",33,"sem_probit",2,"binary",0,4.16685487584773e-84,0.0217821782178218
"crane",33,"sem_probit",2,"binary",0,0,0.0217821782178218
"crane",33,"sem_probit",2,"binary",0,0,0.0217821782178218
"crane",33,"sem_probit",2,"binary",0,0,0.0217821782178218
"crane",33,"sem_probit",2,"binary",0,0,0.0217821782178218
"crane",33,"sem_probit",2,"binary",0,0,0.0217821782178218
"crane",33,"sem_probit",3,"binary",0,0,0.0114285714285714
"crane",33,"sem_probit",3,"binary",0,0,0.0114285714285714
"crane",33,"sem_probit",3,"binary",0,0,0.0114285714285714
"crane",33,"sem_probit",3,"binary",0,0,0.0114285714285714
"crane",33,"sem_probit",3,"binary",0,0,0.0114285714285714
"crane",33,"sem_probit",3,"binary",0,0,0.0114285714285714
"crane",33,"sem_probit",3,"binary",0,0,0.0114285714285714
"crane",33,"sem_probit",3,"binary",0,0,0.0114285714285714
"crane",33,"sem_probit",3,"binary",0,0,0.0114285714285714
"crane",33,"sem_probit",3,"binary",0,0,0.0114285714285714
"crane",33,"sem_probit",3,"binary",0,1,0.0114285714285714
"crane",33,"sem_probit",3,"binary",0,0,0.0114285714285714
"crane",33,"sem_probit",3,"binary",0,0,0.0114285714285714
"crane",33,"sem_probit",3,"binary",0,0,0.0114285714285714
"crane",33,"sem_probit",3,"binary",0,0,0.0114285714285714
"crane",33,"sem_probit",3,"binary",0,0,0.0114285714285714
"crane",33,"sem_probit",3,"binary",0,0,0.0114285714285714
"crane",33,"sem_probit",3,"binary",1,0.791598542697516,0.0114285714285714
"crane",33,"sem_probit",3,"binary",0,0,0.0114285714285714
"crane",33,"sem_probit",3,"binary",0,0,0.0114285714285714
"crane",33,"sem_probit",3,"binary",0,0,0.0114285714285714
"crane",33,"sem_probit",3,"binary",0,0,0.0114285714285714
"crane",33,"sem_probit",3,"binary",0,0,0.0114285714285714
"crane",33,"sem_probit",3,"binary",0,0,0.0114285714285714
"crane",33,"sem_probit",3,"binary",0,0,0.0114285714285714
"crane",33,"sem_probit",3,"binary",0,0,0.0114285714285714
"crane",33,"sem_probit",3,"binary",0,0,0.0114285714285714
"crane",33,"sem_probit",3,"binary",0,0,0.0114285714285714
"crane",33,"sem_probit",3,"binary",0,0,0.0114285714285714
"crane",33,"sem_probit",3,"binary",0,0,0.0114285714285714
"crane",33,"sem_probit",3,"binary",0,0,0.0114285714285714
"crane",33,"sem_probit",3,"binary",0,0,0.0114285714285714
"crane",33,"sem_probit",3,"binary",0,0,0.0114285714285714
"crane",33,"sem_probit",3,"binary",0,0,0.0114285714285714
"crane",33,"sem_probit",3,"binary",0,0,0.0114285714285714
"crane",33,"sem_probit",3,"binary",0,1,0.0114285714285714
"crane",33,"sem_probit",3,"binary",0,0,0.0114285714285714
"crane",33,"sem_probit",3,"binary",0,0,0.0114285714285714
"crane",33,"sem_probit",3,"binary",0,0,0.0114285714285714
"crane",33,"sem_probit",3,"binary",0,0,0.0114285714285714
"crane",33,"sem_probit",3,"binary",0,0,0.0114285714285714
"crane",33,"sem_probit",3,"binary",0,0,0.0114285714285714
"crane",33,"sem_probit",3,"binary",1,0.791598542697516,0.0114285714285714
"crane",33,"sem_probit",3,"binary",0,0,0.0114285714285714
"crane",33,"sem_probit",3,"binary",0,0,0.0114285714285714
"crane",33,"sem_probit",3,"binary",0,0,0.0114285714285714
"crane",33,"sem_probit",3,"binary",0,0,0.0114285714285714
"crane",33,"sem_probit",3,"binary",0,0,0.0114285714285714
"crane",33,"sem_probit",3,"binary",0,0,0.0114285714285714
"crane",33,"sem_probit",3,"binary",0,0,0.0114285714285714
"crane",33,"sem_probit",3,"binary",0,0,0.0114285714285714
"crane",33,"sem_probit",3,"binary",0,0,0.0114285714285714
"crane",33,"sem_probit",3,"binary",0,0,0.0114285714285714
"crane",33,"sem_probit",3,"binary",0,0,0.0114285714285714
"crane",33,"sem_probit",3,"binary",0,0,0.0114285714285714
"crane",33,"sem_probit",3,"binary",0,0,0.0114285714285714
"crane",33,"sem_probit",3,"binary",0,0,0.0114285714285714
"crane",33,"sem_probit",3,"binary",0,0,0.0114285714285714
"crane",33,"sem_probit",3,"binary",0,0,0.0114285714285714
"crane",33,"sem_probit",3,"binary",0,0,0.0114285714285714
"crane",33,"sem_probit",3,"binary",0,1,0.0114285714285714
"crane",33,"sem_probit",3,"binary",0,0,0.0114285714285714
"crane",33,"sem_probit",3,"binary",0,0,0.0114285714285714
"crane",33,"sem_probit",3,"binary",0,0,0.0114285714285714
"crane",33,"sem_probit",3,"binary",0,0,0.0114285714285714
"crane",33,"sem_probit",3,"binary",0,0,0.0114285714285714
"crane",33,"sem_probit",3,"binary",0,0,0.0114285714285714
"crane",33,"sem_probit",3,"binary",1,0.791598542697516,0.0114285714285714
"crane",33,"sem_probit",3,"binary",0,0,0.0114285714285714
"crane",33,"sem_probit",3,"binary",0,0,0.0114285714285714
"crane",33,"sem_probit",3,"binary",0,0,0.0114285714285714
"crane",33,"sem_probit",3,"binary",0,0,0.0114285714285714
"crane",33,"sem_probit",3,"binary",0,0,0.0114285714285714
"crane",33,"sem_probit",3,"binary",0,0,0.0114285714285714
"crane",33,"sem_probit",3,"binary",0,0,0.0114285714285714
"crane",33,"sem_probit",3,"binary",0,0,0.0114285714285714
"crane",33,"sem_probit",3,"binary",0,0,0.0114285714285714
"crane",33,"sem_probit",3,"binary",0,0,0.0114285714285714
"crane",33,"sem_probit",3,"binary",0,0,0.0114285714285714
"crane",33,"sem_probit",3,"binary",0,0,0.0114285714285714
"crane",33,"sem_probit",3,"binary",0,0,0.0114285714285714
"crane",33,"sem_probit",3,"binary",0,0,0.0114285714285714
"crane",33,"sem_probit",3,"binary",0,0,0.0114285714285714
"crane",33,"sem_probit",3,"binary",0,0,0.0114285714285714
"crane",33,"sem_probit",3,"binary",0,0,0.0114285714285714
"crane",33,"sem_probit",3,"binary",0,1,0.0114285714285714
"crane",33,"sem_probit",3,"binary",0,0,0.0114285714285714
"crane",33,"sem_probit",3,"binary",0,0,0.0114285714285714
"crane",33,"sem_probit",3,"binary",0,0,0.0114285714285714
"crane",33,"sem_probit",3,"binary",0,0,0.0114285714285714
"crane",33,"sem_probit",3,"binary",0,0,0.0114285714285714
"crane",33,"sem_probit",3,"binary",0,0,0.0114285714285714
"crane",33,"sem_probit",3,"binary",1,0.791598542697516,0.0114285714285714
"crane",33,"sem_probit",3,"binary",0,0,0.0114285714285714
"crane",33,"sem_probit",3,"binary",0,0,0.0114285714285714
"crane",33,"sem_probit",3,"binary",0,0,0.0114285714285714
"crane",33,"sem_probit",3,"binary",0,0,0.0114285714285714
"crane",33,"sem_probit",3,"binary",0,0,0.0114285714285714
"crane",33,"sem_probit",3,"binary",0,0,0.0114285714285714
"crane",33,"sem_probit",3,"binary",0,0,0.0114285714285714
"crane",33,"sem_probit",3,"binary",0,0,0.0114285714285714
"crane",33,"sem_probit",3,"binary",0,0,0.0114285714285714
"crane",33,"sem_probit",3,"binary",0,0,0.0114285714285714
"crane",33,"sem_probit",3,"binary",0,0,0.0114285714285714
"crane",33,"sem_probit",3,"binary",0,0,0.0114285714285714
"crane",33,"sem_probit",3,"binary",0,0,0.0114285714285714
"crane",33,"sem_probit",3,"binary",0,0,0.0114285714285714
"crane",33,"sem_probit",3,"binary",0,0,0.0114285714285714
"crane",33,"sem_probit",3,"binary",0,0,0.0114285714285714
"crane",33,"sem_probit",3,"binary",0,0,0.0114285714285714
"crane",33,"sem_probit",3,"binary",0,1,0.0114285714285714
"crane",33,"sem_probit",3,"binary",0,0,0.0114285714285714
"crane",33,"sem_probit",3,"binary",0,0,0.0114285714285714
"crane",33,"sem_probit",3,"binary",0,0,0.0114285714285714
"crane",33,"sem_probit",3,"binary",0,0,0.0114285714285714
"crane",33,"sem_probit",3,"binary",0,0,0.0114285714285714
"crane",33,"sem_probit",3,"binary",0,0,0.0114285714285714
"crane",33,"sem_probit",3,"binary",1,0.791598542697516,0.0114285714285714
"crane",33,"sem_probit",3,"binary",0,0,0.0114285714285714
"crane",33,"sem_probit",3,"binary",0,0,0.0114285714285714
"crane",33,"sem_probit",3,"binary",0,0,0.0114285714285714
"crane",33,"sem_probit",3,"binary",0,0,0.0114285714285714
"crane",33,"sem_probit",3,"binary",0,0,0.0114285714285714
"crane",33,"sem_probit",3,"binary",0,0,0.0114285714285714
"crane",33,"sem_probit",3,"binary",0,0,0.0114285714285714
"crane",33,"sem_probit",4,"binary",0,0,0.019047619047619
"crane",33,"sem_probit",4,"binary",0,0,0.019047619047619
"crane",33,"sem_probit",4,"binary",0,0,0.019047619047619
"crane",33,"sem_probit",4,"binary",0,0,0.019047619047619
"crane",33,"sem_probit",4,"binary",0,0,0.019047619047619
"crane",33,"sem_probit",4,"binary",0,0,0.019047619047619
"crane",33,"sem_probit",4,"binary",0,0,0.019047619047619
"crane",33,"sem_probit",4,"binary",0,0,0.019047619047619
"crane",33,"sem_probit",4,"binary",0,3.65368735928328e-05,0.019047619047619
"crane",33,"sem_probit",4,"binary",0,3.03377821029803e-47,0.019047619047619
"crane",33,"sem_probit",4,"binary",0,1.69332196594588e-242,0.019047619047619
"crane",33,"sem_probit",4,"binary",0,0,0.019047619047619
"crane",33,"sem_probit",4,"binary",0,0,0.019047619047619
"crane",33,"sem_probit",4,"binary",0,0,0.019047619047619
"crane",33,"sem_probit",4,"binary",0,0,0.019047619047619
"crane",33,"sem_probit",4,"binary",0,0,0.019047619047619
"crane",33,"sem_probit",4,"binary",0,0,0.019047619047619
"crane",33,"sem_probit",4,"binary",0,0,0.019047619047619
"crane",33,"sem_probit",4,"binary",0,0,0.019047619047619
"crane",33,"sem_probit",4,"binary",0,0,0.019047619047619
"crane",33,"sem_probit",4,"binary",0,0,0.019047619047619
"crane",33,"sem_probit",4,"binary",0,4.61960738178058e-88,0.019047619047619
"crane",33,"sem_probit",4,"binary",0,0,0.019047619047619
"crane",33,"sem_probit",4,"binary",0,0,0.019047619047619
"crane",33,"sem_probit",4,"binary",0,0,0.019047619047619
"crane",33,"sem_probit",4,"binary",0,0,0.019047619047619
"crane",33,"sem_probit",4,"binary",0,0,0.019047619047619
"crane",33,"sem_probit",4,"binary",0,0,0.019047619047619
"crane",33,"sem_probit",4,"binary",0,0,0.019047619047619
"crane",33,"sem_probit",4,"binary",0,0,0.019047619047619
"crane",33,"sem_probit",4,"binary",0,0,0.019047619047619
"crane",33,"sem_probit",4,"binary",0,0,0.019047619047619
"crane",33,"sem_probit",4,"binary",0,0,0.019047619047619
"crane",33,"sem_probit",4,"binary",0,3.65368735928328e-05,0.019047619047619
"crane",33,"sem_probit",4,"binary",0,3.03377821029803e-47,0.019047619047619
"crane",33,"sem_probit",4,"binary",0,1.69332196594588e-242,0.019047619047619
"crane",33,"sem_probit",4,"binary",0,0,0.019047619047619
"crane",33,"sem_probit",4,"binary",0,0,0.019047619047619
"crane",33,"sem_probit",4,"binary",0,0,0.019047619047619
"crane",33,"sem_probit",4,"binary",0,0,0.019047619047619
"crane",33,"sem_probit",4,"binary",0,0,0.019047619047619
"crane",33,"sem_probit",4,"binary",0,0,0.019047619047619
"crane",33,"sem_probit",4,"binary",0,0,0.019047619047619
"crane",33,"sem_probit",4,"binary",0,0,0.019047619047619
"crane",33,"sem_probit",4,"binary",0,0,0.019047619047619
"crane",33,"sem_probit",4,"binary",0,0,0.019047619047619
"crane",33,"sem_probit",4,"binary",0,4.61960738178058e-88,0.019047619047619
"crane",33,"sem_probit",4,"binary",0,0,0.019047619047619
"crane",33,"sem_probit",4,"binary",0,0,0.019047619047619
"crane",33,"sem_probit",4,"binary",0,0,0.019047619047619
"crane",33,"sem_probit",4,"binary",0,0,0.019047619047619
"crane",33,"sem_probit",4,"binary",0,0,0.019047619047619
"crane",33,"sem_probit",4,"binary",0,0,0.019047619047619
"crane",33,"sem_probit",4,"binary",0,0,0.019047619047619
"crane",33,"sem_probit",4,"binary",0,0,0.019047619047619
"crane",33,"sem_probit",4,"binary",0,0,0.019047619047619
"crane",33,"sem_probit",4,"binary",0,0,0.019047619047619
"crane",33,"sem_probit",4,"binary",0,0,0.019047619047619
"crane",33,"sem_probit",4,"binary",0,3.65368735928328e-05,0.019047619047619
"crane",33,"sem_probit",4,"binary",0,3.03377821029803e-47,0.019047619047619
"crane",33,"sem_probit",4,"binary",0,1.69332196594588e-242,0.019047619047619
"crane",33,"sem_probit",4,"binary",0,0,0.019047619047619
"crane",33,"sem_probit",4,"binary",0,0,0.019047619047619
"crane",33,"sem_probit",4,"binary",0,0,0.019047619047619
"crane",33,"sem_probit",4,"binary",0,0,0.019047619047619
"crane",33,"sem_probit",4,"binary",0,0,0.019047619047619
"crane",33,"sem_probit",4,"binary",0,0,0.019047619047619
"crane",33,"sem_probit",4,"binary",0,0,0.019047619047619
"crane",33,"sem_probit",4,"binary",0,0,0.019047619047619
"crane",33,"sem_probit",4,"binary",0,0,0.019047619047619
"crane",33,"sem_probit",4,"binary",0,0,0.019047619047619
"crane",33,"sem_probit",4,"binary",0,4.61960738178058e-88,0.019047619047619
"crane",33,"sem_probit",4,"binary",0,0,0.019047619047619
"crane",33,"sem_probit",4,"binary",0,0,0.019047619047619
"crane",33,"sem_probit",4,"binary",0,0,0.019047619047619
"crane",33,"sem_probit",4,"binary",0,0,0.019047619047619
"crane",33,"sem_probit",4,"binary",0,0,0.019047619047619
"crane",33,"sem_probit",4,"binary",0,0,0.019047619047619
"crane",33,"sem_probit",4,"binary",0,0,0.019047619047619
"crane",33,"sem_probit",4,"binary",0,0,0.019047619047619
"crane",33,"sem_probit",4,"binary",0,0,0.019047619047619
"crane",33,"sem_probit",4,"binary",0,0,0.019047619047619
"crane",33,"sem_probit",4,"binary",0,0,0.019047619047619
"crane",33,"sem_probit",4,"binary",0,3.65368735928328e-05,0.019047619047619
"crane",33,"sem_probit",4,"binary",0,3.03377821029803e-47,0.019047619047619
"crane",33,"sem_probit",4,"binary",0,1.69332196594588e-242,0.019047619047619
"crane",33,"sem_probit",4,"binary",0,0,0.019047619047619
"crane",33,"sem_probit",4,"binary",0,0,0.019047619047619
"crane",33,"sem_probit",4,"binary",0,0,0.019047619047619
"crane",33,"sem_probit",4,"binary",0,0,0.019047619047619
"crane",33,"sem_probit",4,"binary",0,0,0.019047619047619
"crane",33,"sem_probit",4,"binary",0,0,0.019047619047619
"crane",33,"sem_probit",4,"binary",0,0,0.019047619047619
"crane",33,"sem_probit",4,"binary",0,0,0.019047619047619
"crane",33,"sem_probit",4,"binary",0,0,0.019047619047619
"crane",33,"sem_probit",4,"binary",0,0,0.019047619047619
"crane",33,"sem_probit",4,"binary",0,4.61960738178058e-88,0.019047619047619
"crane",33,"sem_probit",4,"binary",0,0,0.019047619047619
"crane",33,"sem_probit",4,"binary",0,0,0.019047619047619
"crane",33,"sem_probit",4,"binary",0,0,0.019047619047619
"crane",33,"sem_probit",4,"binary",0,0,0.019047619047619
"crane",33,"sem_probit",4,"binary",0,0,0.019047619047619
"crane",33,"sem_probit",4,"binary",0,0,0.019047619047619
"crane",33,"sem_probit",4,"binary",0,0,0.019047619047619
"crane",33,"sem_probit",4,"binary",0,0,0.019047619047619
"crane",33,"sem_probit",4,"binary",0,0,0.019047619047619
"crane",33,"sem_probit",4,"binary",0,0,0.019047619047619
"crane",33,"sem_probit",4,"binary",0,0,0.019047619047619
"crane",33,"sem_probit",4,"binary",0,3.65368735928328e-05,0.019047619047619
"crane",33,"sem_probit",4,"binary",1,3.03377821029803e-47,0.019047619047619
"crane",33,"sem_probit",4,"binary",0,1.69332196594588e-242,0.019047619047619
"crane",33,"sem_probit",4,"binary",0,0,0.019047619047619
"crane",33,"sem_probit",4,"binary",0,0,0.019047619047619
"crane",33,"sem_probit",4,"binary",0,0,0.019047619047619
"crane",33,"sem_probit",4,"binary",0,0,0.019047619047619
"crane",33,"sem_probit",4,"binary",0,0,0.019047619047619
"crane",33,"sem_probit",4,"binary",0,0,0.019047619047619
"crane",33,"sem_probit",4,"binary",0,0,0.019047619047619
"crane",33,"sem_probit",4,"binary",0,0,0.019047619047619
"crane",33,"sem_probit",4,"binary",0,0,0.019047619047619
"crane",33,"sem_probit",4,"binary",0,0,0.019047619047619
"crane",33,"sem_probit",4,"binary",0,4.61960738178058e-88,0.019047619047619
"crane",33,"sem_probit",4,"binary",0,0,0.019047619047619
"crane",33,"sem_probit",4,"binary",0,0,0.019047619047619
"crane",33,"sem_probit",4,"binary",0,0,0.019047619047619
"crane",33,"sem_probit",5,"binary",0,0,0.0113207547169811
"crane",33,"sem_probit",5,"binary",0,0,0.0113207547169811
"crane",33,"sem_probit",5,"binary",0,0,0.0113207547169811
"crane",33,"sem_probit",5,"binary",0,0.153390091431738,0.0113207547169811
"crane",33,"sem_probit",5,"binary",0,0,0.0113207547169811
"crane",33,"sem_probit",5,"binary",0,0,0.0113207547169811
"crane",33,"sem_probit",5,"binary",0,0,0.0113207547169811
"crane",33,"sem_probit",5,"binary",0,0,0.0113207547169811
"crane",33,"sem_probit",5,"binary",0,0,0.0113207547169811
"crane",33,"sem_probit",5,"binary",0,0,0.0113207547169811
"crane",33,"sem_probit",5,"binary",0,0,0.0113207547169811
"crane",33,"sem_probit",5,"binary",0,0,0.0113207547169811
"crane",33,"sem_probit",5,"binary",0,0,0.0113207547169811
"crane",33,"sem_probit",5,"binary",0,0,0.0113207547169811
"crane",33,"sem_probit",5,"binary",0,0,0.0113207547169811
"crane",33,"sem_probit",5,"binary",0,0,0.0113207547169811
"crane",33,"sem_probit",5,"binary",0,0,0.0113207547169811
"crane",33,"sem_probit",5,"binary",0,0,0.0113207547169811
"crane",33,"sem_probit",5,"binary",0,0,0.0113207547169811
"crane",33,"sem_probit",5,"binary",1,1,0.0113207547169811
"crane",33,"sem_probit",5,"binary",0,0,0.0113207547169811
"crane",33,"sem_probit",5,"binary",0,0,0.0113207547169811
"crane",33,"sem_probit",5,"binary",0,0,0.0113207547169811
"crane",33,"sem_probit",5,"binary",0,0,0.0113207547169811
"crane",33,"sem_probit",5,"binary",0,0,0.0113207547169811
"crane",33,"sem_probit",5,"binary",0,0,0.0113207547169811
"crane",33,"sem_probit",5,"binary",0,0,0.0113207547169811
"crane",33,"sem_probit",5,"binary",0,0.153390091431738,0.0113207547169811
"crane",33,"sem_probit",5,"binary",0,0,0.0113207547169811
"crane",33,"sem_probit",5,"binary",0,0,0.0113207547169811
"crane",33,"sem_probit",5,"binary",0,0,0.0113207547169811
"crane",33,"sem_probit",5,"binary",0,0,0.0113207547169811
"crane",33,"sem_probit",5,"binary",0,0,0.0113207547169811
"crane",33,"sem_probit",5,"binary",0,0,0.0113207547169811
"crane",33,"sem_probit",5,"binary",0,0,0.0113207547169811
"crane",33,"sem_probit",5,"binary",0,0,0.0113207547169811
"crane",33,"sem_probit",5,"binary",0,0,0.0113207547169811
"crane",33,"sem_probit",5,"binary",0,0,0.0113207547169811
"crane",33,"sem_probit",5,"binary",0,0,0.0113207547169811
"crane",33,"sem_probit",5,"binary",0,0,0.0113207547169811
"crane",33,"sem_probit",5,"binary",0,0,0.0113207547169811
"crane",33,"sem_probit",5,"binary",0,0,0.0113207547169811
"crane",33,"sem_probit",5,"binary",0,0,0.0113207547169811
"crane",33,"sem_probit",5,"binary",1,1,0.0113207547169811
"crane",33,"sem_probit",5,"binary",0,0,0.0113207547169811
"crane",33,"sem_probit",5,"binary",0,0,0.0113207547169811
"crane",33,"sem_probit",5,"binary",0,0,0.0113207547169811
"crane",33,"sem_probit",5,"binary",0,0,0.0113207547169811
"crane",33,"sem_probit",5,"binary",0,0,0.0113207547169811
"crane",33,"sem_probit",5,"binary",0,0,0.0113207547169811
"crane",33,"sem_probit",5,"binary",0,0,0.0113207547169811
"crane",33,"sem_probit",5,"binary",0,0.153390091431738,0.0113207547169811
"crane",33,"sem_probit",5,"binary",0,0,0.0113207547169811
"crane",33,"sem_probit",5,"binary",0,0,0.0113207547169811
"crane",33,"sem_probit",5,"binary",0,0,0.0113207547169811
"crane",33,"sem_probit",5,"binary",0,0,0.0113207547169811
"crane",33,"sem_probit",5,"binary",0,0,0.0113207547169811
"crane",33,"sem_probit",5,"binary",0,0,0.0113207547169811
"crane",33,"sem_probit",5,"binary",0,0,0.0113207547169811
"crane",33,"sem_probit",5,"binary",0,0,0.0113207547169811
"crane",33,"sem_probit",5,"binary",0,0,0.0113207547169811
"crane",33,"sem_probit",5,"binary",0,0,0.0113207547169811
"crane",33,"sem_probit",5,"binary",0,0,0.0113207547169811
"crane",33,"sem_probit",5,"binary",0,0,0.0113207547169811
"crane",33,"sem_probit",5,"binary",0,0,0.0113207547169811
"crane",33,"sem_probit",5,"binary",0,0,0.0113207547169811
"crane",33,"sem_probit",5,"binary",0,0,0.0113207547169811
"crane",33,"sem_probit",5,"binary",1,1,0.0113207547169811
"crane",33,"sem_probit",5,"binary",0,0,0.0113207547169811
"crane",33,"sem_probit",5,"binary",0,0,0.0113207547169811
"crane",33,"sem_probit",5,"binary",0,0,0.0113207547169811
"crane",33,"sem_probit",5,"binary",0,0,0.0113207547169811
"crane",33,"sem_probit",5,"binary",0,0,0.0113207547169811
"crane",33,"sem_probit",5,"binary",0,0,0.0113207547169811
"crane",33,"sem_probit",5,"binary",0,0,0.0113207547169811
"crane",33,"sem_probit",5,"binary",0,0.153390091431738,0.0113207547169811
"crane",33,"sem_probit",5,"binary",0,0,0.0113207547169811
"crane",33,"sem_probit",5,"binary",0,0,0.0113207547169811
"crane",33,"sem_probit",5,"binary",0,0,0.0113207547169811
"crane",33,"sem_probit",5,"binary",0,0,0.0113207547169811
"crane",33,"sem_probit",5,"binary",0,0,0.0113207547169811
"crane",33,"sem_probit",5,"binary",0,0,0.0113207547169811
"crane",33,"sem_probit",5,"binary",0,0,0.0113207547169811
"crane",33,"sem_probit",5,"binary",0,0,0.0113207547169811
"crane",33,"sem_probit",5,"binary",0,0,0.0113207547169811
"crane",33,"sem_probit",5,"binary",0,0,0.0113207547169811
"crane",33,"sem_probit",5,"binary",0,0,0.0113207547169811
"crane",33,"sem_probit",5,"binary",0,0,0.0113207547169811
"crane",33,"sem_probit",5,"binary",0,0,0.0113207547169811
"crane",33,"sem_probit",5,"binary",0,0,0.0113207547169811
"crane",33,"sem_probit",5,"binary",0,0,0.0113207547169811
"crane",33,"sem_probit",5,"binary",1,1,0.0113207547169811
"crane",33,"sem_probit",5,"binary",0,0,0.0113207547169811
"crane",33,"sem_probit",5,"binary",0,0,0.0113207547169811
"crane",33,"sem_probit",5,"binary",0,0,0.0113207547169811
"crane",33,"sem_probit",5,"binary",0,0,0.0113207547169811
"crane",33,"sem_probit",5,"binary",0,0,0.0113207547169811
"crane",33,"sem_probit",5,"binary",0,0,0.0113207547169811
"crane",33,"sem_probit",5,"binary",0,0,0.0113207547169811
"crane",33,"sem_probit",5,"binary",0,0.153390091431738,0.0113207547169811
"crane",33,"sem_probit",5,"binary",0,0,0.0113207547169811
"crane",33,"sem_probit",5,"binary",0,0,0.0113207547169811
"crane",33,"sem_probit",5,"binary",0,0,0.0113207547169811
"crane",33,"sem_probit",5,"binary",0,0,0.0113207547169811
"crane",33,"sem_probit",5,"binary",0,0,0.0113207547169811
"crane",33,"sem_probit",5,"binary",0,0,0.0113207547169811
"crane",33,"sem_probit",5,"binary",0,0,0.0113207547169811
"crane",33,"sem_probit",5,"binary",0,0,0.0113207547169811
"crane",33,"sem_probit",5,"binary",0,0,0.0113207547169811
"crane",33,"sem_probit",5,"binary",0,0,0.0113207547169811
"crane",33,"sem_probit",5,"binary",0,0,0.0113207547169811
"crane",33,"sem_probit",5,"binary",0,0,0.0113207547169811
"crane",33,"sem_probit",5,"binary",0,0,0.0113207547169811
"crane",33,"sem_probit",5,"binary",0,0,0.0113207547169811
"crane",33,"sem_probit",5,"binary",0,0,0.0113207547169811
"crane",33,"sem_probit",5,"binary",1,1,0.0113207547169811
"crane",33,"sem_probit",5,"binary",0,0,0.0113207547169811
"crane",33,"sem_probit",5,"binary",0,0,0.0113207547169811
"crane",33,"sem_probit",5,"binary",0,0,0.0113207547169811
"crane",33,"sem_probit",5,"binary",0,0,0.0113207547169811
"crane",33,"inla_spde",1,"binary",0,0.00162003068386611,0.0213592233009709
"crane",33,"inla_spde",1,"binary",0,0.00890276576493375,0.0213592233009709
"crane",33,"inla_spde",1,"binary",0,0.00242827799282371,0.0213592233009709
"crane",33,"inla_spde",1,"binary",0,0.00162765924842595,0.0213592233009709
"crane",33,"inla_spde",1,"binary",0,0.00137208973075778,0.0213592233009709
"crane",33,"inla_spde",1,"binary",0,0.0020566404688254,0.0213592233009709
"crane",33,"inla_spde",1,"binary",0,0.0020203700474656,0.0213592233009709
"crane",33,"inla_spde",1,"binary",0,0.0023072444134329,0.0213592233009709
"crane",33,"inla_spde",1,"binary",0,0.00354873793773668,0.0213592233009709
"crane",33,"inla_spde",1,"binary",0,0.00270514935283702,0.0213592233009709
"crane",33,"inla_spde",1,"binary",0,0.00615660538104335,0.0213592233009709
"crane",33,"inla_spde",1,"binary",0,0.00241628059218577,0.0213592233009709
"crane",33,"inla_spde",1,"binary",0,0.00290930406728766,0.0213592233009709
"crane",33,"inla_spde",1,"binary",0,0.00215743857420861,0.0213592233009709
"crane",33,"inla_spde",1,"binary",0,0.0431526270306833,0.0213592233009709
"crane",33,"inla_spde",1,"binary",0,0.00232939818180006,0.0213592233009709
"crane",33,"inla_spde",1,"binary",0,0.22714771812137,0.0213592233009709
"crane",33,"inla_spde",1,"binary",0,0.0266485488424004,0.0213592233009709
"crane",33,"inla_spde",1,"binary",0,0.0018751332652437,0.0213592233009709
"crane",33,"inla_spde",1,"binary",0,0.00168674928888012,0.0213592233009709
"crane",33,"inla_spde",1,"binary",0,0.00574144747166621,0.0213592233009709
"crane",33,"inla_spde",1,"binary",0,0.00285044268548429,0.0213592233009709
"crane",33,"inla_spde",1,"binary",0,0.00170569280715025,0.0213592233009709
"crane",33,"inla_spde",1,"binary",0,0.0040045236994122,0.0213592233009709
"crane",33,"inla_spde",1,"binary",0,0.00211344095779637,0.0213592233009709
"crane",33,"inla_spde",1,"binary",0,0.00210425505534188,0.0213592233009709
"crane",33,"inla_spde",1,"binary",0,0.00303710356010763,0.0213592233009709
"crane",33,"inla_spde",1,"binary",0,0.00162003068386611,0.0213592233009709
"crane",33,"inla_spde",1,"binary",0,0.00890276576493375,0.0213592233009709
"crane",33,"inla_spde",1,"binary",0,0.00242827799282371,0.0213592233009709
"crane",33,"inla_spde",1,"binary",0,0.00162765924842595,0.0213592233009709
"crane",33,"inla_spde",1,"binary",0,0.00137208973075778,0.0213592233009709
"crane",33,"inla_spde",1,"binary",0,0.0020566404688254,0.0213592233009709
"crane",33,"inla_spde",1,"binary",0,0.0020203700474656,0.0213592233009709
"crane",33,"inla_spde",1,"binary",0,0.0023072444134329,0.0213592233009709
"crane",33,"inla_spde",1,"binary",0,0.00354873793773668,0.0213592233009709
"crane",33,"inla_spde",1,"binary",0,0.00270514935283702,0.0213592233009709
"crane",33,"inla_spde",1,"binary",0,0.00615660538104335,0.0213592233009709
"crane",33,"inla_spde",1,"binary",0,0.00241628059218577,0.0213592233009709
"crane",33,"inla_spde",1,"binary",0,0.00290930406728766,0.0213592233009709
"crane",33,"inla_spde",1,"binary",0,0.00215743857420861,0.0213592233009709
"crane",33,"inla_spde",1,"binary",0,0.0431526270306833,0.0213592233009709
"crane",33,"inla_spde",1,"binary",0,0.00232939818180006,0.0213592233009709
"crane",33,"inla_spde",1,"binary",0,0.22714771812137,0.0213592233009709
"crane",33,"inla_spde",1,"binary",0,0.0266485488424004,0.0213592233009709
"crane",33,"inla_spde",1,"binary",0,0.0018751332652437,0.0213592233009709
"crane",33,"inla_spde",1,"binary",0,0.00168674928888012,0.0213592233009709
"crane",33,"inla_spde",1,"binary",0,0.00574144747166621,0.0213592233009709
"crane",33,"inla_spde",1,"binary",0,0.00285044268548429,0.0213592233009709
"crane",33,"inla_spde",1,"binary",0,0.00170569280715025,0.0213592233009709
"crane",33,"inla_spde",1,"binary",0,0.0040045236994122,0.0213592233009709
"crane",33,"inla_spde",1,"binary",0,0.00211344095779637,0.0213592233009709
"crane",33,"inla_spde",1,"binary",0,0.00210425505534188,0.0213592233009709
"crane",33,"inla_spde",1,"binary",0,0.00303710356010763,0.0213592233009709
"crane",33,"inla_spde",1,"binary",0,0.00162003068386611,0.0213592233009709
"crane",33,"inla_spde",1,"binary",0,0.00890276576493375,0.0213592233009709
"crane",33,"inla_spde",1,"binary",0,0.00242827799282371,0.0213592233009709
"crane",33,"inla_spde",1,"binary",0,0.00162765924842595,0.0213592233009709
"crane",33,"inla_spde",1,"binary",0,0.00137208973075778,0.0213592233009709
"crane",33,"inla_spde",1,"binary",0,0.0020566404688254,0.0213592233009709
"crane",33,"inla_spde",1,"binary",0,0.0020203700474656,0.0213592233009709
"crane",33,"inla_spde",1,"binary",0,0.0023072444134329,0.0213592233009709
"crane",33,"inla_spde",1,"binary",0,0.00354873793773668,0.0213592233009709
"crane",33,"inla_spde",1,"binary",0,0.00270514935283702,0.0213592233009709
"crane",33,"inla_spde",1,"binary",0,0.00615660538104335,0.0213592233009709
"crane",33,"inla_spde",1,"binary",0,0.00241628059218577,0.0213592233009709
"crane",33,"inla_spde",1,"binary",0,0.00290930406728766,0.0213592233009709
"crane",33,"inla_spde",1,"binary",0,0.00215743857420861,0.0213592233009709
"crane",33,"inla_spde",1,"binary",0,0.0431526270306833,0.0213592233009709
"crane",33,"inla_spde",1,"binary",0,0.00232939818180006,0.0213592233009709
"crane",33,"inla_spde",1,"binary",0,0.22714771812137,0.0213592233009709
"crane",33,"inla_spde",1,"binary",0,0.0266485488424004,0.0213592233009709
"crane",33,"inla_spde",1,"binary",0,0.0018751332652437,0.0213592233009709
"crane",33,"inla_spde",1,"binary",0,0.00168674928888012,0.0213592233009709
"crane",33,"inla_spde",1,"binary",0,0.00574144747166621,0.0213592233009709
"crane",33,"inla_spde",1,"binary",0,0.00285044268548429,0.0213592233009709
"crane",33,"inla_spde",1,"binary",0,0.00170569280715025,0.0213592233009709
"crane",33,"inla_spde",1,"binary",0,0.0040045236994122,0.0213592233009709
"crane",33,"inla_spde",1,"binary",0,0.00211344095779637,0.0213592233009709
"crane",33,"inla_spde",1,"binary",0,0.00210425505534188,0.0213592233009709
"crane",33,"inla_spde",1,"binary",0,0.00303710356010763,0.0213592233009709
"crane",33,"inla_spde",1,"binary",0,0.00162003068386611,0.0213592233009709
"crane",33,"inla_spde",1,"binary",0,0.00890276576493375,0.0213592233009709
"crane",33,"inla_spde",1,"binary",0,0.00242827799282371,0.0213592233009709
"crane",33,"inla_spde",1,"binary",0,0.00162765924842595,0.0213592233009709
"crane",33,"inla_spde",1,"binary",0,0.00137208973075778,0.0213592233009709
"crane",33,"inla_spde",1,"binary",0,0.0020566404688254,0.0213592233009709
"crane",33,"inla_spde",1,"binary",0,0.0020203700474656,0.0213592233009709
"crane",33,"inla_spde",1,"binary",0,0.0023072444134329,0.0213592233009709
"crane",33,"inla_spde",1,"binary",0,0.00354873793773668,0.0213592233009709
"crane",33,"inla_spde",1,"binary",0,0.00270514935283702,0.0213592233009709
"crane",33,"inla_spde",1,"binary",0,0.00615660538104335,0.0213592233009709
"crane",33,"inla_spde",1,"binary",0,0.00241628059218577,0.0213592233009709
"crane",33,"inla_spde",1,"binary",0,0.00290930406728766,0.0213592233009709
"crane",33,"inla_spde",1,"binary",0,0.00215743857420861,0.0213592233009709
"crane",33,"inla_spde",1,"binary",0,0.0431526270306833,0.0213592233009709
"crane",33,"inla_spde",1,"binary",0,0.00232939818180006,0.0213592233009709
"crane",33,"inla_spde",1,"binary",0,0.22714771812137,0.0213592233009709
"crane",33,"inla_spde",1,"binary",0,0.0266485488424004,0.0213592233009709
"crane",33,"inla_spde",1,"binary",0,0.0018751332652437,0.0213592233009709
"crane",33,"inla_spde",1,"binary",0,0.00168674928888012,0.0213592233009709
"crane",33,"inla_spde",1,"binary",0,0.00574144747166621,0.0213592233009709
"crane",33,"inla_spde",1,"binary",0,0.00285044268548429,0.0213592233009709
"crane",33,"inla_spde",1,"binary",0,0.00170569280715025,0.0213592233009709
"crane",33,"inla_spde",1,"binary",0,0.0040045236994122,0.0213592233009709
"crane",33,"inla_spde",1,"binary",0,0.00211344095779637,0.0213592233009709
"crane",33,"inla_spde",1,"binary",0,0.00210425505534188,0.0213592233009709
"crane",33,"inla_spde",1,"binary",0,0.00303710356010763,0.0213592233009709
"crane",33,"inla_spde",1,"binary",0,0.00162003068386611,0.0213592233009709
"crane",33,"inla_spde",1,"binary",0,0.00890276576493375,0.0213592233009709
"crane",33,"inla_spde",1,"binary",0,0.00242827799282371,0.0213592233009709
"crane",33,"inla_spde",1,"binary",0,0.00162765924842595,0.0213592233009709
"crane",33,"inla_spde",1,"binary",0,0.00137208973075778,0.0213592233009709
"crane",33,"inla_spde",1,"binary",0,0.0020566404688254,0.0213592233009709
"crane",33,"inla_spde",1,"binary",0,0.0020203700474656,0.0213592233009709
"crane",33,"inla_spde",1,"binary",0,0.0023072444134329,0.0213592233009709
"crane",33,"inla_spde",1,"binary",0,0.00354873793773668,0.0213592233009709
"crane",33,"inla_spde",1,"binary",0,0.00270514935283702,0.0213592233009709
"crane",33,"inla_spde",1,"binary",0,0.00615660538104335,0.0213592233009709
"crane",33,"inla_spde",1,"binary",0,0.00241628059218577,0.0213592233009709
"crane",33,"inla_spde",1,"binary",0,0.00290930406728766,0.0213592233009709
"crane",33,"inla_spde",1,"binary",0,0.00215743857420861,0.0213592233009709
"crane",33,"inla_spde",1,"binary",0,0.0431526270306833,0.0213592233009709
"crane",33,"inla_spde",1,"binary",0,0.00232939818180006,0.0213592233009709
"crane",33,"inla_spde",1,"binary",0,0.22714771812137,0.0213592233009709
"crane",33,"inla_spde",1,"binary",0,0.0266485488424004,0.0213592233009709
"crane",33,"inla_spde",1,"binary",0,0.0018751332652437,0.0213592233009709
"crane",33,"inla_spde",1,"binary",0,0.00168674928888012,0.0213592233009709
"crane",33,"inla_spde",1,"binary",0,0.00574144747166621,0.0213592233009709
"crane",33,"inla_spde",1,"binary",0,0.00285044268548429,0.0213592233009709
"crane",33,"inla_spde",1,"binary",0,0.00170569280715025,0.0213592233009709
"crane",33,"inla_spde",1,"binary",0,0.0040045236994122,0.0213592233009709
"crane",33,"inla_spde",1,"binary",0,0.00211344095779637,0.0213592233009709
"crane",33,"inla_spde",1,"binary",0,0.00210425505534188,0.0213592233009709
"crane",33,"inla_spde",1,"binary",0,0.00303710356010763,0.0213592233009709
"crane",33,"inla_spde",2,"binary",0,0.00406281356079561,0.0217821782178218
"crane",33,"inla_spde",2,"binary",0,0.00532458534441441,0.0217821782178218
"crane",33,"inla_spde",2,"binary",0,0.00893663690045424,0.0217821782178218
"crane",33,"inla_spde",2,"binary",0,0.00277168249290316,0.0217821782178218
"crane",33,"inla_spde",2,"binary",0,0.0031921625753196,0.0217821782178218
"crane",33,"inla_spde",2,"binary",0,0.001971977663747,0.0217821782178218
"crane",33,"inla_spde",2,"binary",0,0.00378503355033915,0.0217821782178218
"crane",33,"inla_spde",2,"binary",0,0.00122179257605967,0.0217821782178218
"crane",33,"inla_spde",2,"binary",0,0.00125927856804036,0.0217821782178218
"crane",33,"inla_spde",2,"binary",0,0.00739222463599598,0.0217821782178218
"crane",33,"inla_spde",2,"binary",0,0.0425538900896893,0.0217821782178218
"crane",33,"inla_spde",2,"binary",0,0.00259184194838715,0.0217821782178218
"crane",33,"inla_spde",2,"binary",0,0.00435487803342765,0.0217821782178218
"crane",33,"inla_spde",2,"binary",0,0.0244449877350601,0.0217821782178218
"crane",33,"inla_spde",2,"binary",0,0.170648557497185,0.0217821782178218
"crane",33,"inla_spde",2,"binary",0,0.0153525398175895,0.0217821782178218
"crane",33,"inla_spde",2,"binary",0,0.00590609310666531,0.0217821782178218
"crane",33,"inla_spde",2,"binary",0,0.0059039458764759,0.0217821782178218
"crane",33,"inla_spde",2,"binary",0,0.0173514700275566,0.0217821782178218
"crane",33,"inla_spde",2,"binary",0,0.00540094792127861,0.0217821782178218
"crane",33,"inla_spde",2,"binary",0,0.0156260802345722,0.0217821782178218
"crane",33,"inla_spde",2,"binary",0,0.00897109476751473,0.0217821782178218
"crane",33,"inla_spde",2,"binary",0,0.268249410780709,0.0217821782178218
"crane",33,"inla_spde",2,"binary",0,0.708179667401609,0.0217821782178218
"crane",33,"inla_spde",2,"binary",0,0.028636904684651,0.0217821782178218
"crane",33,"inla_spde",2,"binary",0,0.0329869623274601,0.0217821782178218
"crane",33,"inla_spde",2,"binary",0,0.0155822519640311,0.0217821782178218
"crane",33,"inla_spde",2,"binary",0,0.014270848180502,0.0217821782178218
"crane",33,"inla_spde",2,"binary",0,0.00624672028677106,0.0217821782178218
"crane",33,"inla_spde",2,"binary",0,0.00406281356079561,0.0217821782178218
"crane",33,"inla_spde",2,"binary",0,0.00532458534441441,0.0217821782178218
"crane",33,"inla_spde",2,"binary",0,0.00893663690045424,0.0217821782178218
"crane",33,"inla_spde",2,"binary",0,0.00277168249290316,0.0217821782178218
"crane",33,"inla_spde",2,"binary",0,0.0031921625753196,0.0217821782178218
"crane",33,"inla_spde",2,"binary",0,0.001971977663747,0.0217821782178218
"crane",33,"inla_spde",2,"binary",0,0.00378503355033915,0.0217821782178218
"crane",33,"inla_spde",2,"binary",0,0.00122179257605967,0.0217821782178218
"crane",33,"inla_spde",2,"binary",0,0.00125927856804036,0.0217821782178218
"crane",33,"inla_spde",2,"binary",0,0.00739222463599598,0.0217821782178218
"crane",33,"inla_spde",2,"binary",0,0.0425538900896893,0.0217821782178218
"crane",33,"inla_spde",2,"binary",0,0.00259184194838715,0.0217821782178218
"crane",33,"inla_spde",2,"binary",0,0.00435487803342765,0.0217821782178218
"crane",33,"inla_spde",2,"binary",0,0.0244449877350601,0.0217821782178218
"crane",33,"inla_spde",2,"binary",0,0.170648557497185,0.0217821782178218
"crane",33,"inla_spde",2,"binary",0,0.0153525398175895,0.0217821782178218
"crane",33,"inla_spde",2,"binary",0,0.00590609310666531,0.0217821782178218
"crane",33,"inla_spde",2,"binary",0,0.0059039458764759,0.0217821782178218
"crane",33,"inla_spde",2,"binary",0,0.0173514700275566,0.0217821782178218
"crane",33,"inla_spde",2,"binary",0,0.00540094792127861,0.0217821782178218
"crane",33,"inla_spde",2,"binary",0,0.0156260802345722,0.0217821782178218
"crane",33,"inla_spde",2,"binary",0,0.00897109476751473,0.0217821782178218
"crane",33,"inla_spde",2,"binary",0,0.268249410780709,0.0217821782178218
"crane",33,"inla_spde",2,"binary",0,0.708179667401609,0.0217821782178218
"crane",33,"inla_spde",2,"binary",0,0.028636904684651,0.0217821782178218
"crane",33,"inla_spde",2,"binary",0,0.0329869623274601,0.0217821782178218
"crane",33,"inla_spde",2,"binary",0,0.0155822519640311,0.0217821782178218
"crane",33,"inla_spde",2,"binary",0,0.014270848180502,0.0217821782178218
"crane",33,"inla_spde",2,"binary",0,0.00624672028677106,0.0217821782178218
"crane",33,"inla_spde",2,"binary",0,0.00406281356079561,0.0217821782178218
"crane",33,"inla_spde",2,"binary",0,0.00532458534441441,0.0217821782178218
"crane",33,"inla_spde",2,"binary",0,0.00893663690045424,0.0217821782178218
"crane",33,"inla_spde",2,"binary",0,0.00277168249290316,0.0217821782178218
"crane",33,"inla_spde",2,"binary",0,0.0031921625753196,0.0217821782178218
"crane",33,"inla_spde",2,"binary",0,0.001971977663747,0.0217821782178218
"crane",33,"inla_spde",2,"binary",0,0.00378503355033915,0.0217821782178218
"crane",33,"inla_spde",2,"binary",0,0.00122179257605967,0.0217821782178218
"crane",33,"inla_spde",2,"binary",0,0.00125927856804036,0.0217821782178218
"crane",33,"inla_spde",2,"binary",0,0.00739222463599598,0.0217821782178218
"crane",33,"inla_spde",2,"binary",0,0.0425538900896893,0.0217821782178218
"crane",33,"inla_spde",2,"binary",0,0.00259184194838715,0.0217821782178218
"crane",33,"inla_spde",2,"binary",0,0.00435487803342765,0.0217821782178218
"crane",33,"inla_spde",2,"binary",0,0.0244449877350601,0.0217821782178218
"crane",33,"inla_spde",2,"binary",0,0.170648557497185,0.0217821782178218
"crane",33,"inla_spde",2,"binary",0,0.0153525398175895,0.0217821782178218
"crane",33,"inla_spde",2,"binary",0,0.00590609310666531,0.0217821782178218
"crane",33,"inla_spde",2,"binary",0,0.0059039458764759,0.0217821782178218
"crane",33,"inla_spde",2,"binary",0,0.0173514700275566,0.0217821782178218
"crane",33,"inla_spde",2,"binary",0,0.00540094792127861,0.0217821782178218
"crane",33,"inla_spde",2,"binary",0,0.0156260802345722,0.0217821782178218
"crane",33,"inla_spde",2,"binary",0,0.00897109476751473,0.0217821782178218
"crane",33,"inla_spde",2,"binary",0,0.268249410780709,0.0217821782178218
"crane",33,"inla_spde",2,"binary",0,0.708179667401609,0.0217821782178218
"crane",33,"inla_spde",2,"binary",0,0.028636904684651,0.0217821782178218
"crane",33,"inla_spde",2,"binary",0,0.0329869623274601,0.0217821782178218
"crane",33,"inla_spde",2,"binary",0,0.0155822519640311,0.0217821782178218
"crane",33,"inla_spde",2,"binary",0,0.014270848180502,0.0217821782178218
"crane",33,"inla_spde",2,"binary",0,0.00624672028677106,0.0217821782178218
"crane",33,"inla_spde",2,"binary",0,0.00406281356079561,0.0217821782178218
"crane",33,"inla_spde",2,"binary",0,0.00532458534441441,0.0217821782178218
"crane",33,"inla_spde",2,"binary",0,0.00893663690045424,0.0217821782178218
"crane",33,"inla_spde",2,"binary",0,0.00277168249290316,0.0217821782178218
"crane",33,"inla_spde",2,"binary",0,0.0031921625753196,0.0217821782178218
"crane",33,"inla_spde",2,"binary",0,0.001971977663747,0.0217821782178218
"crane",33,"inla_spde",2,"binary",0,0.00378503355033915,0.0217821782178218
"crane",33,"inla_spde",2,"binary",0,0.00122179257605967,0.0217821782178218
"crane",33,"inla_spde",2,"binary",0,0.00125927856804036,0.0217821782178218
"crane",33,"inla_spde",2,"binary",0,0.00739222463599598,0.0217821782178218
"crane",33,"inla_spde",2,"binary",0,0.0425538900896893,0.0217821782178218
"crane",33,"inla_spde",2,"binary",0,0.00259184194838715,0.0217821782178218
"crane",33,"inla_spde",2,"binary",0,0.00435487803342765,0.0217821782178218
"crane",33,"inla_spde",2,"binary",0,0.0244449877350601,0.0217821782178218
"crane",33,"inla_spde",2,"binary",0,0.170648557497185,0.0217821782178218
"crane",33,"inla_spde",2,"binary",0,0.0153525398175895,0.0217821782178218
"crane",33,"inla_spde",2,"binary",0,0.00590609310666531,0.0217821782178218
"crane",33,"inla_spde",2,"binary",0,0.0059039458764759,0.0217821782178218
"crane",33,"inla_spde",2,"binary",0,0.0173514700275566,0.0217821782178218
"crane",33,"inla_spde",2,"binary",0,0.00540094792127861,0.0217821782178218
"crane",33,"inla_spde",2,"binary",0,0.0156260802345722,0.0217821782178218
"crane",33,"inla_spde",2,"binary",0,0.00897109476751473,0.0217821782178218
"crane",33,"inla_spde",2,"binary",0,0.268249410780709,0.0217821782178218
"crane",33,"inla_spde",2,"binary",0,0.708179667401609,0.0217821782178218
"crane",33,"inla_spde",2,"binary",0,0.028636904684651,0.0217821782178218
"crane",33,"inla_spde",2,"binary",0,0.0329869623274601,0.0217821782178218
"crane",33,"inla_spde",2,"binary",0,0.0155822519640311,0.0217821782178218
"crane",33,"inla_spde",2,"binary",0,0.014270848180502,0.0217821782178218
"crane",33,"inla_spde",2,"binary",0,0.00624672028677106,0.0217821782178218
"crane",33,"inla_spde",2,"binary",0,0.00406281356079561,0.0217821782178218
"crane",33,"inla_spde",2,"binary",0,0.00532458534441441,0.0217821782178218
"crane",33,"inla_spde",2,"binary",0,0.00893663690045424,0.0217821782178218
"crane",33,"inla_spde",2,"binary",0,0.00277168249290316,0.0217821782178218
"crane",33,"inla_spde",2,"binary",0,0.0031921625753196,0.0217821782178218
"crane",33,"inla_spde",2,"binary",0,0.001971977663747,0.0217821782178218
"crane",33,"inla_spde",2,"binary",0,0.00378503355033915,0.0217821782178218
"crane",33,"inla_spde",2,"binary",0,0.00122179257605967,0.0217821782178218
"crane",33,"inla_spde",2,"binary",0,0.00125927856804036,0.0217821782178218
"crane",33,"inla_spde",2,"binary",0,0.00739222463599598,0.0217821782178218
"crane",33,"inla_spde",2,"binary",0,0.0425538900896893,0.0217821782178218
"crane",33,"inla_spde",2,"binary",0,0.00259184194838715,0.0217821782178218
"crane",33,"inla_spde",2,"binary",0,0.00435487803342765,0.0217821782178218
"crane",33,"inla_spde",2,"binary",0,0.0244449877350601,0.0217821782178218
"crane",33,"inla_spde",2,"binary",0,0.170648557497185,0.0217821782178218
"crane",33,"inla_spde",2,"binary",0,0.0153525398175895,0.0217821782178218
"crane",33,"inla_spde",2,"binary",0,0.00590609310666531,0.0217821782178218
"crane",33,"inla_spde",2,"binary",0,0.0059039458764759,0.0217821782178218
"crane",33,"inla_spde",2,"binary",0,0.0173514700275566,0.0217821782178218
"crane",33,"inla_spde",2,"binary",0,0.00540094792127861,0.0217821782178218
"crane",33,"inla_spde",2,"binary",0,0.0156260802345722,0.0217821782178218
"crane",33,"inla_spde",2,"binary",0,0.00897109476751473,0.0217821782178218
"crane",33,"inla_spde",2,"binary",0,0.268249410780709,0.0217821782178218
"crane",33,"inla_spde",2,"binary",0,0.708179667401609,0.0217821782178218
"crane",33,"inla_spde",2,"binary",0,0.028636904684651,0.0217821782178218
"crane",33,"inla_spde",2,"binary",0,0.0329869623274601,0.0217821782178218
"crane",33,"inla_spde",2,"binary",0,0.0155822519640311,0.0217821782178218
"crane",33,"inla_spde",2,"binary",0,0.014270848180502,0.0217821782178218
"crane",33,"inla_spde",2,"binary",0,0.00624672028677106,0.0217821782178218
"crane",33,"inla_spde",3,"binary",0,0.0102963529146701,0.0114285714285714
"crane",33,"inla_spde",3,"binary",0,0.0088272368055307,0.0114285714285714
"crane",33,"inla_spde",3,"binary",0,0.00801538812215178,0.0114285714285714
"crane",33,"inla_spde",3,"binary",0,0.00545968353373211,0.0114285714285714
"crane",33,"inla_spde",3,"binary",0,0.00523840490819843,0.0114285714285714
"crane",33,"inla_spde",3,"binary",0,0.00818094044939592,0.0114285714285714
"crane",33,"inla_spde",3,"binary",0,0.00663203276355132,0.0114285714285714
"crane",33,"inla_spde",3,"binary",0,0.00893368362324935,0.0114285714285714
"crane",33,"inla_spde",3,"binary",0,0.00860755678937566,0.0114285714285714
"crane",33,"inla_spde",3,"binary",0,0.00601305571888859,0.0114285714285714
"crane",33,"inla_spde",3,"binary",0,0.0832433970593962,0.0114285714285714
"crane",33,"inla_spde",3,"binary",0,0.00700503660524553,0.0114285714285714
"crane",33,"inla_spde",3,"binary",0,0.00756582076052877,0.0114285714285714
"crane",33,"inla_spde",3,"binary",0,0.00690826779669416,0.0114285714285714
"crane",33,"inla_spde",3,"binary",0,0.00990156002716689,0.0114285714285714
"crane",33,"inla_spde",3,"binary",0,0.0095766533249155,0.0114285714285714
"crane",33,"inla_spde",3,"binary",0,0.00656082710587623,0.0114285714285714
"crane",33,"inla_spde",3,"binary",1,0.223004063788189,0.0114285714285714
"crane",33,"inla_spde",3,"binary",0,0.0033378065486787,0.0114285714285714
"crane",33,"inla_spde",3,"binary",0,0.0097701207452451,0.0114285714285714
"crane",33,"inla_spde",3,"binary",0,0.00956165667205631,0.0114285714285714
"crane",33,"inla_spde",3,"binary",0,0.00856093061172341,0.0114285714285714
"crane",33,"inla_spde",3,"binary",0,0.0118751153386464,0.0114285714285714
"crane",33,"inla_spde",3,"binary",0,0.0101670087051361,0.0114285714285714
"crane",33,"inla_spde",3,"binary",0,0.0101194258424863,0.0114285714285714
"crane",33,"inla_spde",3,"binary",0,0.0102963529146701,0.0114285714285714
"crane",33,"inla_spde",3,"binary",0,0.0088272368055307,0.0114285714285714
"crane",33,"inla_spde",3,"binary",0,0.00801538812215178,0.0114285714285714
"crane",33,"inla_spde",3,"binary",0,0.00545968353373211,0.0114285714285714
"crane",33,"inla_spde",3,"binary",0,0.00523840490819843,0.0114285714285714
"crane",33,"inla_spde",3,"binary",0,0.00818094044939592,0.0114285714285714
"crane",33,"inla_spde",3,"binary",0,0.00663203276355132,0.0114285714285714
"crane",33,"inla_spde",3,"binary",0,0.00893368362324935,0.0114285714285714
"crane",33,"inla_spde",3,"binary",0,0.00860755678937566,0.0114285714285714
"crane",33,"inla_spde",3,"binary",0,0.00601305571888859,0.0114285714285714
"crane",33,"inla_spde",3,"binary",0,0.0832433970593962,0.0114285714285714
"crane",33,"inla_spde",3,"binary",0,0.00700503660524553,0.0114285714285714
"crane",33,"inla_spde",3,"binary",0,0.00756582076052877,0.0114285714285714
"crane",33,"inla_spde",3,"binary",0,0.00690826779669416,0.0114285714285714
"crane",33,"inla_spde",3,"binary",0,0.00990156002716689,0.0114285714285714
"crane",33,"inla_spde",3,"binary",0,0.0095766533249155,0.0114285714285714
"crane",33,"inla_spde",3,"binary",0,0.00656082710587623,0.0114285714285714
"crane",33,"inla_spde",3,"binary",1,0.223004063788189,0.0114285714285714
"crane",33,"inla_spde",3,"binary",0,0.0033378065486787,0.0114285714285714
"crane",33,"inla_spde",3,"binary",0,0.0097701207452451,0.0114285714285714
"crane",33,"inla_spde",3,"binary",0,0.00956165667205631,0.0114285714285714
"crane",33,"inla_spde",3,"binary",0,0.00856093061172341,0.0114285714285714
"crane",33,"inla_spde",3,"binary",0,0.0118751153386464,0.0114285714285714
"crane",33,"inla_spde",3,"binary",0,0.0101670087051361,0.0114285714285714
"crane",33,"inla_spde",3,"binary",0,0.0101194258424863,0.0114285714285714
"crane",33,"inla_spde",3,"binary",0,0.0102963529146701,0.0114285714285714
"crane",33,"inla_spde",3,"binary",0,0.0088272368055307,0.0114285714285714
"crane",33,"inla_spde",3,"binary",0,0.00801538812215178,0.0114285714285714
"crane",33,"inla_spde",3,"binary",0,0.00545968353373211,0.0114285714285714
"crane",33,"inla_spde",3,"binary",0,0.00523840490819843,0.0114285714285714
"crane",33,"inla_spde",3,"binary",0,0.00818094044939592,0.0114285714285714
"crane",33,"inla_spde",3,"binary",0,0.00663203276355132,0.0114285714285714
"crane",33,"inla_spde",3,"binary",0,0.00893368362324935,0.0114285714285714
"crane",33,"inla_spde",3,"binary",0,0.00860755678937566,0.0114285714285714
"crane",33,"inla_spde",3,"binary",0,0.00601305571888859,0.0114285714285714
"crane",33,"inla_spde",3,"binary",0,0.0832433970593962,0.0114285714285714
"crane",33,"inla_spde",3,"binary",0,0.00700503660524553,0.0114285714285714
"crane",33,"inla_spde",3,"binary",0,0.00756582076052877,0.0114285714285714
"crane",33,"inla_spde",3,"binary",0,0.00690826779669416,0.0114285714285714
"crane",33,"inla_spde",3,"binary",0,0.00990156002716689,0.0114285714285714
"crane",33,"inla_spde",3,"binary",0,0.0095766533249155,0.0114285714285714
"crane",33,"inla_spde",3,"binary",0,0.00656082710587623,0.0114285714285714
"crane",33,"inla_spde",3,"binary",1,0.223004063788189,0.0114285714285714
"crane",33,"inla_spde",3,"binary",0,0.0033378065486787,0.0114285714285714
"crane",33,"inla_spde",3,"binary",0,0.0097701207452451,0.0114285714285714
"crane",33,"inla_spde",3,"binary",0,0.00956165667205631,0.0114285714285714
"crane",33,"inla_spde",3,"binary",0,0.00856093061172341,0.0114285714285714
"crane",33,"inla_spde",3,"binary",0,0.0118751153386464,0.0114285714285714
"crane",33,"inla_spde",3,"binary",0,0.0101670087051361,0.0114285714285714
"crane",33,"inla_spde",3,"binary",0,0.0101194258424863,0.0114285714285714
"crane",33,"inla_spde",3,"binary",0,0.0102963529146701,0.0114285714285714
"crane",33,"inla_spde",3,"binary",0,0.0088272368055307,0.0114285714285714
"crane",33,"inla_spde",3,"binary",0,0.00801538812215178,0.0114285714285714
"crane",33,"inla_spde",3,"binary",0,0.00545968353373211,0.0114285714285714
"crane",33,"inla_spde",3,"binary",0,0.00523840490819843,0.0114285714285714
"crane",33,"inla_spde",3,"binary",0,0.00818094044939592,0.0114285714285714
"crane",33,"inla_spde",3,"binary",0,0.00663203276355132,0.0114285714285714
"crane",33,"inla_spde",3,"binary",0,0.00893368362324935,0.0114285714285714
"crane",33,"inla_spde",3,"binary",0,0.00860755678937566,0.0114285714285714
"crane",33,"inla_spde",3,"binary",0,0.00601305571888859,0.0114285714285714
"crane",33,"inla_spde",3,"binary",0,0.0832433970593962,0.0114285714285714
"crane",33,"inla_spde",3,"binary",0,0.00700503660524553,0.0114285714285714
"crane",33,"inla_spde",3,"binary",0,0.00756582076052877,0.0114285714285714
"crane",33,"inla_spde",3,"binary",0,0.00690826779669416,0.0114285714285714
"crane",33,"inla_spde",3,"binary",0,0.00990156002716689,0.0114285714285714
"crane",33,"inla_spde",3,"binary",0,0.0095766533249155,0.0114285714285714
"crane",33,"inla_spde",3,"binary",0,0.00656082710587623,0.0114285714285714
"crane",33,"inla_spde",3,"binary",1,0.223004063788189,0.0114285714285714
"crane",33,"inla_spde",3,"binary",0,0.0033378065486787,0.0114285714285714
"crane",33,"inla_spde",3,"binary",0,0.0097701207452451,0.0114285714285714
"crane",33,"inla_spde",3,"binary",0,0.00956165667205631,0.0114285714285714
"crane",33,"inla_spde",3,"binary",0,0.00856093061172341,0.0114285714285714
"crane",33,"inla_spde",3,"binary",0,0.0118751153386464,0.0114285714285714
"crane",33,"inla_spde",3,"binary",0,0.0101670087051361,0.0114285714285714
"crane",33,"inla_spde",3,"binary",0,0.0101194258424863,0.0114285714285714
"crane",33,"inla_spde",3,"binary",0,0.0102963529146701,0.0114285714285714
"crane",33,"inla_spde",3,"binary",0,0.0088272368055307,0.0114285714285714
"crane",33,"inla_spde",3,"binary",0,0.00801538812215178,0.0114285714285714
"crane",33,"inla_spde",3,"binary",0,0.00545968353373211,0.0114285714285714
"crane",33,"inla_spde",3,"binary",0,0.00523840490819843,0.0114285714285714
"crane",33,"inla_spde",3,"binary",0,0.00818094044939592,0.0114285714285714
"crane",33,"inla_spde",3,"binary",0,0.00663203276355132,0.0114285714285714
"crane",33,"inla_spde",3,"binary",0,0.00893368362324935,0.0114285714285714
"crane",33,"inla_spde",3,"binary",0,0.00860755678937566,0.0114285714285714
"crane",33,"inla_spde",3,"binary",0,0.00601305571888859,0.0114285714285714
"crane",33,"inla_spde",3,"binary",0,0.0832433970593962,0.0114285714285714
"crane",33,"inla_spde",3,"binary",0,0.00700503660524553,0.0114285714285714
"crane",33,"inla_spde",3,"binary",0,0.00756582076052877,0.0114285714285714
"crane",33,"inla_spde",3,"binary",0,0.00690826779669416,0.0114285714285714
"crane",33,"inla_spde",3,"binary",0,0.00990156002716689,0.0114285714285714
"crane",33,"inla_spde",3,"binary",0,0.0095766533249155,0.0114285714285714
"crane",33,"inla_spde",3,"binary",0,0.00656082710587623,0.0114285714285714
"crane",33,"inla_spde",3,"binary",1,0.223004063788189,0.0114285714285714
"crane",33,"inla_spde",3,"binary",0,0.0033378065486787,0.0114285714285714
"crane",33,"inla_spde",3,"binary",0,0.0097701207452451,0.0114285714285714
"crane",33,"inla_spde",3,"binary",0,0.00956165667205631,0.0114285714285714
"crane",33,"inla_spde",3,"binary",0,0.00856093061172341,0.0114285714285714
"crane",33,"inla_spde",3,"binary",0,0.0118751153386464,0.0114285714285714
"crane",33,"inla_spde",3,"binary",0,0.0101670087051361,0.0114285714285714
"crane",33,"inla_spde",3,"binary",0,0.0101194258424863,0.0114285714285714
"crane",33,"inla_spde",4,"binary",0,0.00670597549956394,0.019047619047619
"crane",33,"inla_spde",4,"binary",0,0.00283995643776941,0.019047619047619
"crane",33,"inla_spde",4,"binary",0,0.00279411405034494,0.019047619047619
"crane",33,"inla_spde",4,"binary",0,0.00635482095335269,0.019047619047619
"crane",33,"inla_spde",4,"binary",0,0.00639308077658409,0.019047619047619
"crane",33,"inla_spde",4,"binary",0,0.00703525163726426,0.019047619047619
"crane",33,"inla_spde",4,"binary",0,0.00524928172566084,0.019047619047619
"crane",33,"inla_spde",4,"binary",0,0.00612939374397341,0.019047619047619
"crane",33,"inla_spde",4,"binary",0,0.257673473571665,0.019047619047619
"crane",33,"inla_spde",4,"binary",0,0.0477902029129599,0.019047619047619
"crane",33,"inla_spde",4,"binary",0,0.0185078712178052,0.019047619047619
"crane",33,"inla_spde",4,"binary",0,0.0189059108950538,0.019047619047619
"crane",33,"inla_spde",4,"binary",0,0.00933110176417152,0.019047619047619
"crane",33,"inla_spde",4,"binary",0,0.0104859719217382,0.019047619047619
"crane",33,"inla_spde",4,"binary",0,0.0104335938496413,0.019047619047619
"crane",33,"inla_spde",4,"binary",0,0.00914222786568416,0.019047619047619
"crane",33,"inla_spde",4,"binary",0,0.00860222556701719,0.019047619047619
"crane",33,"inla_spde",4,"binary",0,0.00994430244332146,0.019047619047619
"crane",33,"inla_spde",4,"binary",0,0.00828091503883358,0.019047619047619
"crane",33,"inla_spde",4,"binary",0,0.00836355039962168,0.019047619047619
"crane",33,"inla_spde",4,"binary",0,0.00419950409639875,0.019047619047619
"crane",33,"inla_spde",4,"binary",0,0.0401580707932724,0.019047619047619
"crane",33,"inla_spde",4,"binary",0,0.0101786170670759,0.019047619047619
"crane",33,"inla_spde",4,"binary",0,0.00752620688881265,0.019047619047619
"crane",33,"inla_spde",4,"binary",0,0.00816585033427213,0.019047619047619
"crane",33,"inla_spde",4,"binary",0,0.00670597549956394,0.019047619047619
"crane",33,"inla_spde",4,"binary",0,0.00283995643776941,0.019047619047619
"crane",33,"inla_spde",4,"binary",0,0.00279411405034494,0.019047619047619
"crane",33,"inla_spde",4,"binary",0,0.00635482095335269,0.019047619047619
"crane",33,"inla_spde",4,"binary",0,0.00639308077658409,0.019047619047619
"crane",33,"inla_spde",4,"binary",0,0.00703525163726426,0.019047619047619
"crane",33,"inla_spde",4,"binary",0,0.00524928172566084,0.019047619047619
"crane",33,"inla_spde",4,"binary",0,0.00612939374397341,0.019047619047619
"crane",33,"inla_spde",4,"binary",0,0.257673473571665,0.019047619047619
"crane",33,"inla_spde",4,"binary",0,0.0477902029129599,0.019047619047619
"crane",33,"inla_spde",4,"binary",0,0.0185078712178052,0.019047619047619
"crane",33,"inla_spde",4,"binary",0,0.0189059108950538,0.019047619047619
"crane",33,"inla_spde",4,"binary",0,0.00933110176417152,0.019047619047619
"crane",33,"inla_spde",4,"binary",0,0.0104859719217382,0.019047619047619
"crane",33,"inla_spde",4,"binary",0,0.0104335938496413,0.019047619047619
"crane",33,"inla_spde",4,"binary",0,0.00914222786568416,0.019047619047619
"crane",33,"inla_spde",4,"binary",0,0.00860222556701719,0.019047619047619
"crane",33,"inla_spde",4,"binary",0,0.00994430244332146,0.019047619047619
"crane",33,"inla_spde",4,"binary",0,0.00828091503883358,0.019047619047619
"crane",33,"inla_spde",4,"binary",0,0.00836355039962168,0.019047619047619
"crane",33,"inla_spde",4,"binary",0,0.00419950409639875,0.019047619047619
"crane",33,"inla_spde",4,"binary",0,0.0401580707932724,0.019047619047619
"crane",33,"inla_spde",4,"binary",0,0.0101786170670759,0.019047619047619
"crane",33,"inla_spde",4,"binary",0,0.00752620688881265,0.019047619047619
"crane",33,"inla_spde",4,"binary",0,0.00816585033427213,0.019047619047619
"crane",33,"inla_spde",4,"binary",0,0.00670597549956394,0.019047619047619
"crane",33,"inla_spde",4,"binary",0,0.00283995643776941,0.019047619047619
"crane",33,"inla_spde",4,"binary",0,0.00279411405034494,0.019047619047619
"crane",33,"inla_spde",4,"binary",0,0.00635482095335269,0.019047619047619
"crane",33,"inla_spde",4,"binary",0,0.00639308077658409,0.019047619047619
"crane",33,"inla_spde",4,"binary",0,0.00703525163726426,0.019047619047619
"crane",33,"inla_spde",4,"binary",0,0.00524928172566084,0.019047619047619
"crane",33,"inla_spde",4,"binary",0,0.00612939374397341,0.019047619047619
"crane",33,"inla_spde",4,"binary",0,0.257673473571665,0.019047619047619
"crane",33,"inla_spde",4,"binary",0,0.0477902029129599,0.019047619047619
"crane",33,"inla_spde",4,"binary",0,0.0185078712178052,0.019047619047619
"crane",33,"inla_spde",4,"binary",0,0.0189059108950538,0.019047619047619
"crane",33,"inla_spde",4,"binary",0,0.00933110176417152,0.019047619047619
"crane",33,"inla_spde",4,"binary",0,0.0104859719217382,0.019047619047619
"crane",33,"inla_spde",4,"binary",0,0.0104335938496413,0.019047619047619
"crane",33,"inla_spde",4,"binary",0,0.00914222786568416,0.019047619047619
"crane",33,"inla_spde",4,"binary",0,0.00860222556701719,0.019047619047619
"crane",33,"inla_spde",4,"binary",0,0.00994430244332146,0.019047619047619
"crane",33,"inla_spde",4,"binary",0,0.00828091503883358,0.019047619047619
"crane",33,"inla_spde",4,"binary",0,0.00836355039962168,0.019047619047619
"crane",33,"inla_spde",4,"binary",0,0.00419950409639875,0.019047619047619
"crane",33,"inla_spde",4,"binary",0,0.0401580707932724,0.019047619047619
"crane",33,"inla_spde",4,"binary",0,0.0101786170670759,0.019047619047619
"crane",33,"inla_spde",4,"binary",0,0.00752620688881265,0.019047619047619
"crane",33,"inla_spde",4,"binary",0,0.00816585033427213,0.019047619047619
"crane",33,"inla_spde",4,"binary",0,0.00670597549956394,0.019047619047619
"crane",33,"inla_spde",4,"binary",0,0.00283995643776941,0.019047619047619
"crane",33,"inla_spde",4,"binary",0,0.00279411405034494,0.019047619047619
"crane",33,"inla_spde",4,"binary",0,0.00635482095335269,0.019047619047619
"crane",33,"inla_spde",4,"binary",0,0.00639308077658409,0.019047619047619
"crane",33,"inla_spde",4,"binary",0,0.00703525163726426,0.019047619047619
"crane",33,"inla_spde",4,"binary",0,0.00524928172566084,0.019047619047619
"crane",33,"inla_spde",4,"binary",0,0.00612939374397341,0.019047619047619
"crane",33,"inla_spde",4,"binary",0,0.257673473571665,0.019047619047619
"crane",33,"inla_spde",4,"binary",0,0.0477902029129599,0.019047619047619
"crane",33,"inla_spde",4,"binary",0,0.0185078712178052,0.019047619047619
"crane",33,"inla_spde",4,"binary",0,0.0189059108950538,0.019047619047619
"crane",33,"inla_spde",4,"binary",0,0.00933110176417152,0.019047619047619
"crane",33,"inla_spde",4,"binary",0,0.0104859719217382,0.019047619047619
"crane",33,"inla_spde",4,"binary",0,0.0104335938496413,0.019047619047619
"crane",33,"inla_spde",4,"binary",0,0.00914222786568416,0.019047619047619
"crane",33,"inla_spde",4,"binary",0,0.00860222556701719,0.019047619047619
"crane",33,"inla_spde",4,"binary",0,0.00994430244332146,0.019047619047619
"crane",33,"inla_spde",4,"binary",0,0.00828091503883358,0.019047619047619
"crane",33,"inla_spde",4,"binary",0,0.00836355039962168,0.019047619047619
"crane",33,"inla_spde",4,"binary",0,0.00419950409639875,0.019047619047619
"crane",33,"inla_spde",4,"binary",0,0.0401580707932724,0.019047619047619
"crane",33,"inla_spde",4,"binary",0,0.0101786170670759,0.019047619047619
"crane",33,"inla_spde",4,"binary",0,0.00752620688881265,0.019047619047619
"crane",33,"inla_spde",4,"binary",0,0.00816585033427213,0.019047619047619
"crane",33,"inla_spde",4,"binary",0,0.00670597549956394,0.019047619047619
"crane",33,"inla_spde",4,"binary",0,0.00283995643776941,0.019047619047619
"crane",33,"inla_spde",4,"binary",0,0.00279411405034494,0.019047619047619
"crane",33,"inla_spde",4,"binary",0,0.00635482095335269,0.019047619047619
"crane",33,"inla_spde",4,"binary",0,0.00639308077658409,0.019047619047619
"crane",33,"inla_spde",4,"binary",0,0.00703525163726426,0.019047619047619
"crane",33,"inla_spde",4,"binary",0,0.00524928172566084,0.019047619047619
"crane",33,"inla_spde",4,"binary",0,0.00612939374397341,0.019047619047619
"crane",33,"inla_spde",4,"binary",0,0.257673473571665,0.019047619047619
"crane",33,"inla_spde",4,"binary",1,0.0477902029129599,0.019047619047619
"crane",33,"inla_spde",4,"binary",0,0.0185078712178052,0.019047619047619
"crane",33,"inla_spde",4,"binary",0,0.0189059108950538,0.019047619047619
"crane",33,"inla_spde",4,"binary",0,0.00933110176417152,0.019047619047619
"crane",33,"inla_spde",4,"binary",0,0.0104859719217382,0.019047619047619
"crane",33,"inla_spde",4,"binary",0,0.0104335938496413,0.019047619047619
"crane",33,"inla_spde",4,"binary",0,0.00914222786568416,0.019047619047619
"crane",33,"inla_spde",4,"binary",0,0.00860222556701719,0.019047619047619
"crane",33,"inla_spde",4,"binary",0,0.00994430244332146,0.019047619047619
"crane",33,"inla_spde",4,"binary",0,0.00828091503883358,0.019047619047619
"crane",33,"inla_spde",4,"binary",0,0.00836355039962168,0.019047619047619
"crane",33,"inla_spde",4,"binary",0,0.00419950409639875,0.019047619047619
"crane",33,"inla_spde",4,"binary",0,0.0401580707932724,0.019047619047619
"crane",33,"inla_spde",4,"binary",0,0.0101786170670759,0.019047619047619
"crane",33,"inla_spde",4,"binary",0,0.00752620688881265,0.019047619047619
"crane",33,"inla_spde",4,"binary",0,0.00816585033427213,0.019047619047619
"crane",33,"inla_spde",5,"binary",0,0.019261262900525,0.0113207547169811
"crane",33,"inla_spde",5,"binary",0,0.0205609526967828,0.0113207547169811
"crane",33,"inla_spde",5,"binary",0,0.0272904040378866,0.0113207547169811
"crane",33,"inla_spde",5,"binary",0,0.222340017261546,0.0113207547169811
"crane",33,"inla_spde",5,"binary",0,0.0404762371808238,0.0113207547169811
"crane",33,"inla_spde",5,"binary",0,0.024909973352325,0.0113207547169811
"crane",33,"inla_spde",5,"binary",0,0.0238829020212464,0.0113207547169811
"crane",33,"inla_spde",5,"binary",0,0.0302420443578161,0.0113207547169811
"crane",33,"inla_spde",5,"binary",0,0.0337611470731906,0.0113207547169811
"crane",33,"inla_spde",5,"binary",0,0.0248093304826,0.0113207547169811
"crane",33,"inla_spde",5,"binary",0,0.0430420206728263,0.0113207547169811
"crane",33,"inla_spde",5,"binary",0,0.0247422220977105,0.0113207547169811
"crane",33,"inla_spde",5,"binary",0,0.0302554431132616,0.0113207547169811
"crane",33,"inla_spde",5,"binary",0,0.0280430991446812,0.0113207547169811
"crane",33,"inla_spde",5,"binary",0,0.0279002082456992,0.0113207547169811
"crane",33,"inla_spde",5,"binary",0,0.028395664338598,0.0113207547169811
"crane",33,"inla_spde",5,"binary",0,0.0296761258607743,0.0113207547169811
"crane",33,"inla_spde",5,"binary",0,0.0255468742572943,0.0113207547169811
"crane",33,"inla_spde",5,"binary",0,0.0647265779270361,0.0113207547169811
"crane",33,"inla_spde",5,"binary",1,0.741602795142244,0.0113207547169811
"crane",33,"inla_spde",5,"binary",0,0.0242394291772092,0.0113207547169811
"crane",33,"inla_spde",5,"binary",0,0.0262479904406247,0.0113207547169811
"crane",33,"inla_spde",5,"binary",0,0.0270456147407884,0.0113207547169811
"crane",33,"inla_spde",5,"binary",0,0.0271108027500286,0.0113207547169811
"crane",33,"inla_spde",5,"binary",0,0.019261262900525,0.0113207547169811
"crane",33,"inla_spde",5,"binary",0,0.0205609526967828,0.0113207547169811
"crane",33,"inla_spde",5,"binary",0,0.0272904040378866,0.0113207547169811
"crane",33,"inla_spde",5,"binary",0,0.222340017261546,0.0113207547169811
"crane",33,"inla_spde",5,"binary",0,0.0404762371808238,0.0113207547169811
"crane",33,"inla_spde",5,"binary",0,0.024909973352325,0.0113207547169811
"crane",33,"inla_spde",5,"binary",0,0.0238829020212464,0.0113207547169811
"crane",33,"inla_spde",5,"binary",0,0.0302420443578161,0.0113207547169811
"crane",33,"inla_spde",5,"binary",0,0.0337611470731906,0.0113207547169811
"crane",33,"inla_spde",5,"binary",0,0.0248093304826,0.0113207547169811
"crane",33,"inla_spde",5,"binary",0,0.0430420206728263,0.0113207547169811
"crane",33,"inla_spde",5,"binary",0,0.0247422220977105,0.0113207547169811
"crane",33,"inla_spde",5,"binary",0,0.0302554431132616,0.0113207547169811
"crane",33,"inla_spde",5,"binary",0,0.0280430991446812,0.0113207547169811
"crane",33,"inla_spde",5,"binary",0,0.0279002082456992,0.0113207547169811
"crane",33,"inla_spde",5,"binary",0,0.028395664338598,0.0113207547169811
"crane",33,"inla_spde",5,"binary",0,0.0296761258607743,0.0113207547169811
"crane",33,"inla_spde",5,"binary",0,0.0255468742572943,0.0113207547169811
"crane",33,"inla_spde",5,"binary",0,0.0647265779270361,0.0113207547169811
"crane",33,"inla_spde",5,"binary",1,0.741602795142244,0.0113207547169811
"crane",33,"inla_spde",5,"binary",0,0.0242394291772092,0.0113207547169811
"crane",33,"inla_spde",5,"binary",0,0.0262479904406247,0.0113207547169811
"crane",33,"inla_spde",5,"binary",0,0.0270456147407884,0.0113207547169811
"crane",33,"inla_spde",5,"binary",0,0.0271108027500286,0.0113207547169811
"crane",33,"inla_spde",5,"binary",0,0.019261262900525,0.0113207547169811
"crane",33,"inla_spde",5,"binary",0,0.0205609526967828,0.0113207547169811
"crane",33,"inla_spde",5,"binary",0,0.0272904040378866,0.0113207547169811
"crane",33,"inla_spde",5,"binary",0,0.222340017261546,0.0113207547169811
"crane",33,"inla_spde",5,"binary",0,0.0404762371808238,0.0113207547169811
"crane",33,"inla_spde",5,"binary",0,0.024909973352325,0.0113207547169811
"crane",33,"inla_spde",5,"binary",0,0.0238829020212464,0.0113207547169811
"crane",33,"inla_spde",5,"binary",0,0.0302420443578161,0.0113207547169811
"crane",33,"inla_spde",5,"binary",0,0.0337611470731906,0.0113207547169811
"crane",33,"inla_spde",5,"binary",0,0.0248093304826,0.0113207547169811
"crane",33,"inla_spde",5,"binary",0,0.0430420206728263,0.0113207547169811
"crane",33,"inla_spde",5,"binary",0,0.0247422220977105,0.0113207547169811
"crane",33,"inla_spde",5,"binary",0,0.0302554431132616,0.0113207547169811
"crane",33,"inla_spde",5,"binary",0,0.0280430991446812,0.0113207547169811
"crane",33,"inla_spde",5,"binary",0,0.0279002082456992,0.0113207547169811
"crane",33,"inla_spde",5,"binary",0,0.028395664338598,0.0113207547169811
"crane",33,"inla_spde",5,"binary",0,0.0296761258607743,0.0113207547169811
"crane",33,"inla_spde",5,"binary",0,0.0255468742572943,0.0113207547169811
"crane",33,"inla_spde",5,"binary",0,0.0647265779270361,0.0113207547169811
"crane",33,"inla_spde",5,"binary",1,0.741602795142244,0.0113207547169811
"crane",33,"inla_spde",5,"binary",0,0.0242394291772092,0.0113207547169811
"crane",33,"inla_spde",5,"binary",0,0.0262479904406247,0.0113207547169811
"crane",33,"inla_spde",5,"binary",0,0.0270456147407884,0.0113207547169811
"crane",33,"inla_spde",5,"binary",0,0.0271108027500286,0.0113207547169811
"crane",33,"inla_spde",5,"binary",0,0.019261262900525,0.0113207547169811
"crane",33,"inla_spde",5,"binary",0,0.0205609526967828,0.0113207547169811
"crane",33,"inla_spde",5,"binary",0,0.0272904040378866,0.0113207547169811
"crane",33,"inla_spde",5,"binary",0,0.222340017261546,0.0113207547169811
"crane",33,"inla_spde",5,"binary",0,0.0404762371808238,0.0113207547169811
"crane",33,"inla_spde",5,"binary",0,0.024909973352325,0.0113207547169811
"crane",33,"inla_spde",5,"binary",0,0.0238829020212464,0.0113207547169811
"crane",33,"inla_spde",5,"binary",0,0.0302420443578161,0.0113207547169811
"crane",33,"inla_spde",5,"binary",0,0.0337611470731906,0.0113207547169811
"crane",33,"inla_spde",5,"binary",0,0.0248093304826,0.0113207547169811
"crane",33,"inla_spde",5,"binary",0,0.0430420206728263,0.0113207547169811
"crane",33,"inla_spde",5,"binary",0,0.0247422220977105,0.0113207547169811
"crane",33,"inla_spde",5,"binary",0,0.0302554431132616,0.0113207547169811
"crane",33,"inla_spde",5,"binary",0,0.0280430991446812,0.0113207547169811
"crane",33,"inla_spde",5,"binary",0,0.0279002082456992,0.0113207547169811
"crane",33,"inla_spde",5,"binary",0,0.028395664338598,0.0113207547169811
"crane",33,"inla_spde",5,"binary",0,0.0296761258607743,0.0113207547169811
"crane",33,"inla_spde",5,"binary",0,0.0255468742572943,0.0113207547169811
"crane",33,"inla_spde",5,"binary",0,0.0647265779270361,0.0113207547169811
"crane",33,"inla_spde",5,"binary",1,0.741602795142244,0.0113207547169811
"crane",33,"inla_spde",5,"binary",0,0.0242394291772092,0.0113207547169811
"crane",33,"inla_spde",5,"binary",0,0.0262479904406247,0.0113207547169811
"crane",33,"inla_spde",5,"binary",0,0.0270456147407884,0.0113207547169811
"crane",33,"inla_spde",5,"binary",0,0.0271108027500286,0.0113207547169811
"crane",33,"inla_spde",5,"binary",0,0.019261262900525,0.0113207547169811
"crane",33,"inla_spde",5,"binary",0,0.0205609526967828,0.0113207547169811
"crane",33,"inla_spde",5,"binary",0,0.0272904040378866,0.0113207547169811
"crane",33,"inla_spde",5,"binary",0,0.222340017261546,0.0113207547169811
"crane",33,"inla_spde",5,"binary",0,0.0404762371808238,0.0113207547169811
"crane",33,"inla_spde",5,"binary",0,0.024909973352325,0.0113207547169811
"crane",33,"inla_spde",5,"binary",0,0.0238829020212464,0.0113207547169811
"crane",33,"inla_spde",5,"binary",0,0.0302420443578161,0.0113207547169811
"crane",33,"inla_spde",5,"binary",0,0.0337611470731906,0.0113207547169811
"crane",33,"inla_spde",5,"binary",0,0.0248093304826,0.0113207547169811
"crane",33,"inla_spde",5,"binary",0,0.0430420206728263,0.0113207547169811
"crane",33,"inla_spde",5,"binary",0,0.0247422220977105,0.0113207547169811
"crane",33,"inla_spde",5,"binary",0,0.0302554431132616,0.0113207547169811
"crane",33,"inla_spde",5,"binary",0,0.0280430991446812,0.0113207547169811
"crane",33,"inla_spde",5,"binary",0,0.0279002082456992,0.0113207547169811
"crane",33,"inla_spde",5,"binary",0,0.028395664338598,0.0113207547169811
"crane",33,"inla_spde",5,"binary",0,0.0296761258607743,0.0113207547169811
"crane",33,"inla_spde",5,"binary",0,0.0255468742572943,0.0113207547169811
"crane",33,"inla_spde",5,"binary",0,0.0647265779270361,0.0113207547169811
"crane",33,"inla_spde",5,"binary",1,0.741602795142244,0.0113207547169811
"crane",33,"inla_spde",5,"binary",0,0.0242394291772092,0.0113207547169811
"crane",33,"inla_spde",5,"binary",0,0.0262479904406247,0.0113207547169811
"crane",33,"inla_spde",5,"binary",0,0.0270456147407884,0.0113207547169811
"crane",33,"inla_spde",5,"binary",0,0.0271108027500286,0.0113207547169811
"crane",33,"inla_spde_st",1,"binary",0,0.000995795117825209,0.0213592233009709
"crane",33,"inla_spde_st",1,"binary",0,0.000860371507141074,0.0213592233009709
"crane",33,"inla_spde_st",1,"binary",0,0.000999546073336441,0.0213592233009709
"crane",33,"inla_spde_st",1,"binary",0,0.000992838386449226,0.0213592233009709
"crane",33,"inla_spde_st",1,"binary",0,0.000537272985745685,0.0213592233009709
"crane",33,"inla_spde_st",1,"binary",0,0.00081345765729216,0.0213592233009709
"crane",33,"inla_spde_st",1,"binary",0,0.000436981773520692,0.0213592233009709
"crane",33,"inla_spde_st",1,"binary",0,0.000829670122016775,0.0213592233009709
"crane",33,"inla_spde_st",1,"binary",0,0.00217776187359972,0.0213592233009709
"crane",33,"inla_spde_st",1,"binary",0,0.000991550095567627,0.0213592233009709
"crane",33,"inla_spde_st",1,"binary",0,0.000357302048291315,0.0213592233009709
"crane",33,"inla_spde_st",1,"binary",0,0.000981598308624973,0.0213592233009709
"crane",33,"inla_spde_st",1,"binary",0,0.00210543659235016,0.0213592233009709
"crane",33,"inla_spde_st",1,"binary",0,0.00163399962181263,0.0213592233009709
"crane",33,"inla_spde_st",1,"binary",0,0.0197981721502835,0.0213592233009709
"crane",33,"inla_spde_st",1,"binary",0,0.000718657586182089,0.0213592233009709
"crane",33,"inla_spde_st",1,"binary",0,0.139641356543688,0.0213592233009709
"crane",33,"inla_spde_st",1,"binary",0,0.013544588233516,0.0213592233009709
"crane",33,"inla_spde_st",1,"binary",0,0.000995352205110793,0.0213592233009709
"crane",33,"inla_spde_st",1,"binary",0,0.000715537279379397,0.0213592233009709
"crane",33,"inla_spde_st",1,"binary",0,0.00093794567235849,0.0213592233009709
"crane",33,"inla_spde_st",1,"binary",0,0.000743855615982162,0.0213592233009709
"crane",33,"inla_spde_st",1,"binary",0,0.000981827128041337,0.0213592233009709
"crane",33,"inla_spde_st",1,"binary",0,0.00107015067290328,0.0213592233009709
"crane",33,"inla_spde_st",1,"binary",0,0.00127483902826992,0.0213592233009709
"crane",33,"inla_spde_st",1,"binary",0,0.000999707993336317,0.0213592233009709
"crane",33,"inla_spde_st",1,"binary",0,0.000895519534936791,0.0213592233009709
"crane",33,"inla_spde_st",1,"binary",0,0.000996854276779501,0.0213592233009709
"crane",33,"inla_spde_st",1,"binary",0,0.00110307611032762,0.0213592233009709
"crane",33,"inla_spde_st",1,"binary",0,0.000999665891225489,0.0213592233009709
"crane",33,"inla_spde_st",1,"binary",0,0.000995975230973848,0.0213592233009709
"crane",33,"inla_spde_st",1,"binary",0,0.000613481036283206,0.0213592233009709
"crane",33,"inla_spde_st",1,"binary",0,0.000863511291984766,0.0213592233009709
"crane",33,"inla_spde_st",1,"binary",0,0.000509567622251023,0.0213592233009709
"crane",33,"inla_spde_st",1,"binary",0,0.000868147422238938,0.0213592233009709
"crane",33,"inla_spde_st",1,"binary",0,0.00194986076015045,0.0213592233009709
"crane",33,"inla_spde_st",1,"binary",0,0.000986389453285378,0.0213592233009709
"crane",33,"inla_spde_st",1,"binary",0,0.000488497828746746,0.0213592233009709
"crane",33,"inla_spde_st",1,"binary",0,0.00115070982006868,0.0213592233009709
"crane",33,"inla_spde_st",1,"binary",0,0.00147791527965948,0.0213592233009709
"crane",33,"inla_spde_st",1,"binary",0,0.00177539574270568,0.0213592233009709
"crane",33,"inla_spde_st",1,"binary",0,0.0189599538271154,0.0213592233009709
"crane",33,"inla_spde_st",1,"binary",0,0.00127583393861274,0.0213592233009709
"crane",33,"inla_spde_st",1,"binary",0,0.137309182273589,0.0213592233009709
"crane",33,"inla_spde_st",1,"binary",0,0.0120118604527761,0.0213592233009709
"crane",33,"inla_spde_st",1,"binary",0,0.00140800225526918,0.0213592233009709
"crane",33,"inla_spde_st",1,"binary",0,0.00159652909374001,0.0213592233009709
"crane",33,"inla_spde_st",1,"binary",0,0.00145770017556722,0.0213592233009709
"crane",33,"inla_spde_st",1,"binary",0,0.00113401609260907,0.0213592233009709
"crane",33,"inla_spde_st",1,"binary",0,0.00124163945333926,0.0213592233009709
"crane",33,"inla_spde_st",1,"binary",0,0.000992319975703232,0.0213592233009709
"crane",33,"inla_spde_st",1,"binary",0,0.0011400847622453,0.0213592233009709
"crane",33,"inla_spde_st",1,"binary",0,0.000999749921328314,0.0213592233009709
"crane",33,"inla_spde_st",1,"binary",0,0.000877798973419675,0.0213592233009709
"crane",33,"inla_spde_st",1,"binary",0,0.000993778592671507,0.0213592233009709
"crane",33,"inla_spde_st",1,"binary",0,0.000792742900814981,0.0213592233009709
"crane",33,"inla_spde_st",1,"binary",0,0.000999231994457212,0.0213592233009709
"crane",33,"inla_spde_st",1,"binary",0,0.000993107051429067,0.0213592233009709
"crane",33,"inla_spde_st",1,"binary",0,0.000411770542304641,0.0213592233009709
"crane",33,"inla_spde_st",1,"binary",0,0.000745099015273212,0.0213592233009709
"crane",33,"inla_spde_st",1,"binary",0,0.000332222150890979,0.0213592233009709
"crane",33,"inla_spde_st",1,"binary",0,0.000756702649098073,0.0213592233009709
"crane",33,"inla_spde_st",1,"binary",0,0.00288604104406098,0.0213592233009709
"crane",33,"inla_spde_st",1,"binary",0,0.000946188898124816,0.0213592233009709
"crane",33,"inla_spde_st",1,"binary",0,0.000664833260190883,0.0213592233009709
"crane",33,"inla_spde_st",1,"binary",0,0.000810782033820461,0.0213592233009709
"crane",33,"inla_spde_st",1,"binary",0,0.00163953154137179,0.0213592233009709
"crane",33,"inla_spde_st",1,"binary",0,0.00173531986452696,0.0213592233009709
"crane",33,"inla_spde_st",1,"binary",0,0.0197341907005805,0.0213592233009709
"crane",33,"inla_spde_st",1,"binary",0,0.000977616548096958,0.0213592233009709
"crane",33,"inla_spde_st",1,"binary",0,0.141050536146342,0.0213592233009709
"crane",33,"inla_spde_st",1,"binary",0,0.0140596075638748,0.0213592233009709
"crane",33,"inla_spde_st",1,"binary",0,0.00107701673350496,0.0213592233009709
"crane",33,"inla_spde_st",1,"binary",0,0.00112276725887264,0.0213592233009709
"crane",33,"inla_spde_st",1,"binary",0,0.00201913276332491,0.0213592233009709
"crane",33,"inla_spde_st",1,"binary",0,0.0010334505060009,0.0213592233009709
"crane",33,"inla_spde_st",1,"binary",0,0.00100160705010356,0.0213592233009709
"crane",33,"inla_spde_st",1,"binary",0,0.000992549020913627,0.0213592233009709
"crane",33,"inla_spde_st",1,"binary",0,0.000997448312403817,0.0213592233009709
"crane",33,"inla_spde_st",1,"binary",0,0.000999833545473116,0.0213592233009709
"crane",33,"inla_spde_st",1,"binary",0,0.000870201681587544,0.0213592233009709
"crane",33,"inla_spde_st",1,"binary",0,0.000997540056206587,0.0213592233009709
"crane",33,"inla_spde_st",1,"binary",0,0.000875283341755494,0.0213592233009709
"crane",33,"inla_spde_st",1,"binary",0,0.000999629191700229,0.0213592233009709
"crane",33,"inla_spde_st",1,"binary",0,0.000994651227035215,0.0213592233009709
"crane",33,"inla_spde_st",1,"binary",0,0.000570313019918557,0.0213592233009709
"crane",33,"inla_spde_st",1,"binary",0,0.000820231970113783,0.0213592233009709
"crane",33,"inla_spde_st",1,"binary",0,0.000481485778914971,0.0213592233009709
"crane",33,"inla_spde_st",1,"binary",0,0.000823057092332657,0.0213592233009709
"crane",33,"inla_spde_st",1,"binary",0,0.00217048497308002,0.0213592233009709
"crane",33,"inla_spde_st",1,"binary",0,0.000923547588886763,0.0213592233009709
"crane",33,"inla_spde_st",1,"binary",0,0.00127789978783031,0.0213592233009709
"crane",33,"inla_spde_st",1,"binary",0,0.000697317842910966,0.0213592233009709
"crane",33,"inla_spde_st",1,"binary",0,0.000965194164406859,0.0213592233009709
"crane",33,"inla_spde_st",1,"binary",0,0.000666192937994393,0.0213592233009709
"crane",33,"inla_spde_st",1,"binary",0,0.0185360855094162,0.0213592233009709
"crane",33,"inla_spde_st",1,"binary",0,0.000660958280030199,0.0213592233009709
"crane",33,"inla_spde_st",1,"binary",0,0.138766042887207,0.0213592233009709
"crane",33,"inla_spde_st",1,"binary",0,0.0118885100052252,0.0213592233009709
"crane",33,"inla_spde_st",1,"binary",0,0.0011074293693523,0.0213592233009709
"crane",33,"inla_spde_st",1,"binary",0,0.00140269425158969,0.0213592233009709
"crane",33,"inla_spde_st",1,"binary",0,0.00159502195659579,0.0213592233009709
"crane",33,"inla_spde_st",1,"binary",0,0.00105248438156781,0.0213592233009709
"crane",33,"inla_spde_st",1,"binary",0,0.00101884377439497,0.0213592233009709
"crane",33,"inla_spde_st",1,"binary",0,0.00101827400177073,0.0213592233009709
"crane",33,"inla_spde_st",1,"binary",0,0.00100795139462939,0.0213592233009709
"crane",33,"inla_spde_st",1,"binary",0,0.00100094370733871,0.0213592233009709
"crane",33,"inla_spde_st",1,"binary",0,0.000975751173724206,0.0213592233009709
"crane",33,"inla_spde_st",1,"binary",0,0.000998372670049205,0.0213592233009709
"crane",33,"inla_spde_st",1,"binary",0,0.00083234206398747,0.0213592233009709
"crane",33,"inla_spde_st",1,"binary",0,0.000999718645968256,0.0213592233009709
"crane",33,"inla_spde_st",1,"binary",0,0.000992951544916236,0.0213592233009709
"crane",33,"inla_spde_st",1,"binary",0,0.000675626948703663,0.0213592233009709
"crane",33,"inla_spde_st",1,"binary",0,0.000824574690423707,0.0213592233009709
"crane",33,"inla_spde_st",1,"binary",0,0.000714058400041617,0.0213592233009709
"crane",33,"inla_spde_st",1,"binary",0,0.000829462697294262,0.0213592233009709
"crane",33,"inla_spde_st",1,"binary",0,0.00233364050334017,0.0213592233009709
"crane",33,"inla_spde_st",1,"binary",0,0.000967825530820042,0.0213592233009709
"crane",33,"inla_spde_st",1,"binary",0,0.00183279709534781,0.0213592233009709
"crane",33,"inla_spde_st",1,"binary",0,0.00084599931958751,0.0213592233009709
"crane",33,"inla_spde_st",1,"binary",0,0.000647382709097372,0.0213592233009709
"crane",33,"inla_spde_st",1,"binary",0,0.00115213457118184,0.0213592233009709
"crane",33,"inla_spde_st",1,"binary",0,0.0205624692931428,0.0213592233009709
"crane",33,"inla_spde_st",1,"binary",0,0.00133817645959471,0.0213592233009709
"crane",33,"inla_spde_st",1,"binary",0,0.144542544188513,0.0213592233009709
"crane",33,"inla_spde_st",1,"binary",0,0.0128429500232233,0.0213592233009709
"crane",33,"inla_spde_st",1,"binary",0,0.00117145585766054,0.0213592233009709
"crane",33,"inla_spde_st",1,"binary",0,0.00148747048344232,0.0213592233009709
"crane",33,"inla_spde_st",1,"binary",0,0.00167373961294616,0.0213592233009709
"crane",33,"inla_spde_st",1,"binary",0,0.000965932627187418,0.0213592233009709
"crane",33,"inla_spde_st",1,"binary",0,0.000971580140217804,0.0213592233009709
"crane",33,"inla_spde_st",1,"binary",0,0.000999689424424696,0.0213592233009709
"crane",33,"inla_spde_st",1,"binary",0,0.000998002022178578,0.0213592233009709
"crane",33,"inla_spde_st",1,"binary",0,0.00100012495443832,0.0213592233009709
"crane",33,"inla_spde_st",1,"binary",0,0.000908352713223328,0.0213592233009709
"crane",33,"inla_spde_st",2,"binary",0,0.00245358151663984,0.0217821782178218
"crane",33,"inla_spde_st",2,"binary",0,0.00170804466996898,0.0217821782178218
"crane",33,"inla_spde_st",2,"binary",0,0.00797563949280543,0.0217821782178218
"crane",33,"inla_spde_st",2,"binary",0,0.00214010449183959,0.0217821782178218
"crane",33,"inla_spde_st",2,"binary",0,0.00452903285558193,0.0217821782178218
"crane",33,"inla_spde_st",2,"binary",0,0.00135463346838661,0.0217821782178218
"crane",33,"inla_spde_st",2,"binary",0,0.00615873702344765,0.0217821782178218
"crane",33,"inla_spde_st",2,"binary",0,0.00231391281567384,0.0217821782178218
"crane",33,"inla_spde_st",2,"binary",0,0.00248125219460832,0.0217821782178218
"crane",33,"inla_spde_st",2,"binary",0,0.0129982697798296,0.0217821782178218
"crane",33,"inla_spde_st",2,"binary",0,0.0452649014420528,0.0217821782178218
"crane",33,"inla_spde_st",2,"binary",0,0.00267228689476584,0.0217821782178218
"crane",33,"inla_spde_st",2,"binary",0,0.00292726970561168,0.0217821782178218
"crane",33,"inla_spde_st",2,"binary",0,0.0180150424772103,0.0217821782178218
"crane",33,"inla_spde_st",2,"binary",0,0.120102352547223,0.0217821782178218
"crane",33,"inla_spde_st",2,"binary",0,0.0109058501566022,0.0217821782178218
"crane",33,"inla_spde_st",2,"binary",0,0.00210755291045604,0.0217821782178218
"crane",33,"inla_spde_st",2,"binary",0,0.00233153910021355,0.0217821782178218
"crane",33,"inla_spde_st",2,"binary",0,0.0110402601911241,0.0217821782178218
"crane",33,"inla_spde_st",2,"binary",0,0.00194407339425832,0.0217821782178218
"crane",33,"inla_spde_st",2,"binary",0,0.00858614594608189,0.0217821782178218
"crane",33,"inla_spde_st",2,"binary",0,0.00360148427278878,0.0217821782178218
"crane",33,"inla_spde_st",2,"binary",0,0.203959769484996,0.0217821782178218
"crane",33,"inla_spde_st",2,"binary",0,0.682353105773664,0.0217821782178218
"crane",33,"inla_spde_st",2,"binary",0,0.0176362154360458,0.0217821782178218
"crane",33,"inla_spde_st",2,"binary",0,0.0207974575845898,0.0217821782178218
"crane",33,"inla_spde_st",2,"binary",0,0.00768417604631174,0.0217821782178218
"crane",33,"inla_spde_st",2,"binary",0,0.00706916946182377,0.0217821782178218
"crane",33,"inla_spde_st",2,"binary",0,0.00174231391092494,0.0217821782178218
"crane",33,"inla_spde_st",2,"binary",0,0.00272584667809608,0.0217821782178218
"crane",33,"inla_spde_st",2,"binary",0,0.00206760983721302,0.0217821782178218
"crane",33,"inla_spde_st",2,"binary",0,0.00835157862869696,0.0217821782178218
"crane",33,"inla_spde_st",2,"binary",0,0.00225906340907311,0.0217821782178218
"crane",33,"inla_spde_st",2,"binary",0,0.00365424914588292,0.0217821782178218
"crane",33,"inla_spde_st",2,"binary",0,0.000879196836760341,0.0217821782178218
"crane",33,"inla_spde_st",2,"binary",0,0.00481037257065093,0.0217821782178218
"crane",33,"inla_spde_st",2,"binary",0,0.00226456026748563,0.0217821782178218
"crane",33,"inla_spde_st",2,"binary",0,0.00220286876851345,0.0217821782178218
"crane",33,"inla_spde_st",2,"binary",0,0.0138921056604163,0.0217821782178218
"crane",33,"inla_spde_st",2,"binary",0,0.0445518338512837,0.0217821782178218
"crane",33,"inla_spde_st",2,"binary",0,0.00206113896201642,0.0217821782178218
"crane",33,"inla_spde_st",2,"binary",0,0.00215886120617483,0.0217821782178218
"crane",33,"inla_spde_st",2,"binary",0,0.0179791894631263,0.0217821782178218
"crane",33,"inla_spde_st",2,"binary",0,0.123414509115052,0.0217821782178218
"crane",33,"inla_spde_st",2,"binary",0,0.0111519922119197,0.0217821782178218
"crane",33,"inla_spde_st",2,"binary",0,0.0021295471385631,0.0217821782178218
"crane",33,"inla_spde_st",2,"binary",0,0.00234663119786024,0.0217821782178218
"crane",33,"inla_spde_st",2,"binary",0,0.0106879340786879,0.0217821782178218
"crane",33,"inla_spde_st",2,"binary",0,0.001580027949613,0.0217821782178218
"crane",33,"inla_spde_st",2,"binary",0,0.00870368200558814,0.0217821782178218
"crane",33,"inla_spde_st",2,"binary",0,0.00360004582819945,0.0217821782178218
"crane",33,"inla_spde_st",2,"binary",0,0.203962306377639,0.0217821782178218
"crane",33,"inla_spde_st",2,"binary",0,0.685721258120525,0.0217821782178218
"crane",33,"inla_spde_st",2,"binary",0,0.0167782912567627,0.0217821782178218
"crane",33,"inla_spde_st",2,"binary",0,0.0192975005310633,0.0217821782178218
"crane",33,"inla_spde_st",2,"binary",0,0.00859027300263472,0.0217821782178218
"crane",33,"inla_spde_st",2,"binary",0,0.00809106227576225,0.0217821782178218
"crane",33,"inla_spde_st",2,"binary",0,0.00136309657045028,0.0217821782178218
"crane",33,"inla_spde_st",2,"binary",0,0.00256908073809488,0.0217821782178218
"crane",33,"inla_spde_st",2,"binary",0,0.00248723885812366,0.0217821782178218
"crane",33,"inla_spde_st",2,"binary",0,0.00810440760761554,0.0217821782178218
"crane",33,"inla_spde_st",2,"binary",0,0.00234475555080459,0.0217821782178218
"crane",33,"inla_spde_st",2,"binary",0,0.00366845851271065,0.0217821782178218
"crane",33,"inla_spde_st",2,"binary",0,0.00118676387205325,0.0217821782178218
"crane",33,"inla_spde_st",2,"binary",0,0.00456628717049257,0.0217821782178218
"crane",33,"inla_spde_st",2,"binary",0,0.00211632220904081,0.0217821782178218
"crane",33,"inla_spde_st",2,"binary",0,0.00207117274030501,0.0217821782178218
"crane",33,"inla_spde_st",2,"binary",0,0.012298544180466,0.0217821782178218
"crane",33,"inla_spde_st",2,"binary",0,0.0433759773103047,0.0217821782178218
"crane",33,"inla_spde_st",2,"binary",0,0.00221098393164878,0.0217821782178218
"crane",33,"inla_spde_st",2,"binary",0,0.00200718212542023,0.0217821782178218
"crane",33,"inla_spde_st",2,"binary",0,0.0203567061317922,0.0217821782178218
"crane",33,"inla_spde_st",2,"binary",0,0.121338294841265,0.0217821782178218
"crane",33,"inla_spde_st",2,"binary",0,0.0108310110667384,0.0217821782178218
"crane",33,"inla_spde_st",2,"binary",0,0.00154081537155542,0.0217821782178218
"crane",33,"inla_spde_st",2,"binary",0,0.00165731691788577,0.0217821782178218
"crane",33,"inla_spde_st",2,"binary",0,0.00969871553041247,0.0217821782178218
"crane",33,"inla_spde_st",2,"binary",0,0.00164464633367257,0.0217821782178218
"crane",33,"inla_spde_st",2,"binary",0,0.00948773950649012,0.0217821782178218
"crane",33,"inla_spde_st",2,"binary",0,0.00335577762362834,0.0217821782178218
"crane",33,"inla_spde_st",2,"binary",0,0.195431480785489,0.0217821782178218
"crane",33,"inla_spde_st",2,"binary",0,0.683347402781507,0.0217821782178218
"crane",33,"inla_spde_st",2,"binary",0,0.0178165369167505,0.0217821782178218
"crane",33,"inla_spde_st",2,"binary",0,0.0206109250268804,0.0217821782178218
"crane",33,"inla_spde_st",2,"binary",0,0.00943353548178987,0.0217821782178218
"crane",33,"inla_spde_st",2,"binary",0,0.00906027738580592,0.0217821782178218
"crane",33,"inla_spde_st",2,"binary",0,0.00159125830297696,0.0217821782178218
"crane",33,"inla_spde_st",2,"binary",0,0.00274851031388648,0.0217821782178218
"crane",33,"inla_spde_st",2,"binary",0,0.00221706837472044,0.0217821782178218
"crane",33,"inla_spde_st",2,"binary",0,0.00702056912237818,0.0217821782178218
"crane",33,"inla_spde_st",2,"binary",0,0.00139976754844965,0.0217821782178218
"crane",33,"inla_spde_st",2,"binary",0,0.0030307107900889,0.0217821782178218
"crane",33,"inla_spde_st",2,"binary",0,0.00103470626167152,0.0217821782178218
"crane",33,"inla_spde_st",2,"binary",0,0.00496235524968994,0.0217821782178218
"crane",33,"inla_spde_st",2,"binary",0,0.00175715468121489,0.0217821782178218
"crane",33,"inla_spde_st",2,"binary",0,0.00157170488532328,0.0217821782178218
"crane",33,"inla_spde_st",2,"binary",0,0.0115656100926699,0.0217821782178218
"crane",33,"inla_spde_st",2,"binary",0,0.0463629189493999,0.0217821782178218
"crane",33,"inla_spde_st",2,"binary",0,0.00256227978973705,0.0217821782178218
"crane",33,"inla_spde_st",2,"binary",0,0.00213647383354529,0.0217821782178218
"crane",33,"inla_spde_st",2,"binary",0,0.0202814979515559,0.0217821782178218
"crane",33,"inla_spde_st",2,"binary",0,0.123257562822652,0.0217821782178218
"crane",33,"inla_spde_st",2,"binary",0,0.0112609759602317,0.0217821782178218
"crane",33,"inla_spde_st",2,"binary",0,0.00177379644182958,0.0217821782178218
"crane",33,"inla_spde_st",2,"binary",0,0.00216102617879106,0.0217821782178218
"crane",33,"inla_spde_st",2,"binary",0,0.0095969558042517,0.0217821782178218
"crane",33,"inla_spde_st",2,"binary",0,0.00192593380678029,0.0217821782178218
"crane",33,"inla_spde_st",2,"binary",0,0.0105638056078144,0.0217821782178218
"crane",33,"inla_spde_st",2,"binary",0,0.00495489841510881,0.0217821782178218
"crane",33,"inla_spde_st",2,"binary",0,0.195628983966084,0.0217821782178218
"crane",33,"inla_spde_st",2,"binary",0,0.676652204721043,0.0217821782178218
"crane",33,"inla_spde_st",2,"binary",0,0.0192972546722398,0.0217821782178218
"crane",33,"inla_spde_st",2,"binary",0,0.0218863668708625,0.0217821782178218
"crane",33,"inla_spde_st",2,"binary",0,0.0099925817960443,0.0217821782178218
"crane",33,"inla_spde_st",2,"binary",0,0.00959953514252038,0.0217821782178218
"crane",33,"inla_spde_st",2,"binary",0,0.00167041082854242,0.0217821782178218
"crane",33,"inla_spde_st",2,"binary",0,0.00227279753855971,0.0217821782178218
"crane",33,"inla_spde_st",2,"binary",0,0.00226181222148213,0.0217821782178218
"crane",33,"inla_spde_st",2,"binary",0,0.00696311641599957,0.0217821782178218
"crane",33,"inla_spde_st",2,"binary",0,0.00138719154733453,0.0217821782178218
"crane",33,"inla_spde_st",2,"binary",0,0.00363937536641094,0.0217821782178218
"crane",33,"inla_spde_st",2,"binary",0,0.00195550712692894,0.0217821782178218
"crane",33,"inla_spde_st",2,"binary",0,0.00341348462988488,0.0217821782178218
"crane",33,"inla_spde_st",2,"binary",0,0.00101482513761322,0.0217821782178218
"crane",33,"inla_spde_st",2,"binary",0,0.00101735297979566,0.0217821782178218
"crane",33,"inla_spde_st",2,"binary",0,0.0110509680636094,0.0217821782178218
"crane",33,"inla_spde_st",2,"binary",0,0.0469822026860136,0.0217821782178218
"crane",33,"inla_spde_st",2,"binary",0,0.00149274266201713,0.0217821782178218
"crane",33,"inla_spde_st",2,"binary",0,0.00207398998685336,0.0217821782178218
"crane",33,"inla_spde_st",2,"binary",0,0.0182962288980531,0.0217821782178218
"crane",33,"inla_spde_st",2,"binary",0,0.125723619073043,0.0217821782178218
"crane",33,"inla_spde_st",2,"binary",0,0.0101900755211501,0.0217821782178218
"crane",33,"inla_spde_st",2,"binary",0,0.00185841911567511,0.0217821782178218
"crane",33,"inla_spde_st",2,"binary",0,0.00209705662966586,0.0217821782178218
"crane",33,"inla_spde_st",2,"binary",0,0.00899243700622447,0.0217821782178218
"crane",33,"inla_spde_st",2,"binary",0,0.00244596127713707,0.0217821782178218
"crane",33,"inla_spde_st",2,"binary",0,0.0101929930583604,0.0217821782178218
"crane",33,"inla_spde_st",2,"binary",0,0.00383169096381823,0.0217821782178218
"crane",33,"inla_spde_st",2,"binary",0,0.200877777388198,0.0217821782178218
"crane",33,"inla_spde_st",2,"binary",0,0.697509704910027,0.0217821782178218
"crane",33,"inla_spde_st",2,"binary",0,0.0208785980549722,0.0217821782178218
"crane",33,"inla_spde_st",2,"binary",0,0.0241847909804143,0.0217821782178218
"crane",33,"inla_spde_st",2,"binary",0,0.0116475504839491,0.0217821782178218
"crane",33,"inla_spde_st",2,"binary",0,0.0112927381042788,0.0217821782178218
"crane",33,"inla_spde_st",2,"binary",0,0.00167864367548048,0.0217821782178218
"crane",33,"inla_spde_st",3,"binary",0,0.018511231194987,0.0114285714285714
"crane",33,"inla_spde_st",3,"binary",0,0.0151667913455117,0.0114285714285714
"crane",33,"inla_spde_st",3,"binary",0,0.00940635849966965,0.0114285714285714
"crane",33,"inla_spde_st",3,"binary",0,0.00660638403351441,0.0114285714285714
"crane",33,"inla_spde_st",3,"binary",0,0.00711679696186245,0.0114285714285714
"crane",33,"inla_spde_st",3,"binary",0,0.00803017707222501,0.0114285714285714
"crane",33,"inla_spde_st",3,"binary",0,0.00718064084535724,0.0114285714285714
"crane",33,"inla_spde_st",3,"binary",0,0.0108649616206483,0.0114285714285714
"crane",33,"inla_spde_st",3,"binary",0,0.0141838817143476,0.0114285714285714
"crane",33,"inla_spde_st",3,"binary",0,0.0079575639542485,0.0114285714285714
"crane",33,"inla_spde_st",3,"binary",0,0.104987009340975,0.0114285714285714
"crane",33,"inla_spde_st",3,"binary",0,0.00870982787968427,0.0114285714285714
"crane",33,"inla_spde_st",3,"binary",0,0.00842858194046611,0.0114285714285714
"crane",33,"inla_spde_st",3,"binary",0,0.00726554424448207,0.0114285714285714
"crane",33,"inla_spde_st",3,"binary",0,0.0158620869530474,0.0114285714285714
"crane",33,"inla_spde_st",3,"binary",0,0.0149422693442417,0.0114285714285714
"crane",33,"inla_spde_st",3,"binary",0,0.00769012721322714,0.0114285714285714
"crane",33,"inla_spde_st",3,"binary",1,0.360653172133299,0.0114285714285714
"crane",33,"inla_spde_st",3,"binary",0,0.00652824080517884,0.0114285714285714
"crane",33,"inla_spde_st",3,"binary",0,0.0144487097612245,0.0114285714285714
"crane",33,"inla_spde_st",3,"binary",0,0.0155847279068776,0.0114285714285714
"crane",33,"inla_spde_st",3,"binary",0,0.011048755778527,0.0114285714285714
"crane",33,"inla_spde_st",3,"binary",0,0.0175984834498931,0.0114285714285714
"crane",33,"inla_spde_st",3,"binary",0,0.0107621007754794,0.0114285714285714
"crane",33,"inla_spde_st",3,"binary",0,0.0145556107525804,0.0114285714285714
"crane",33,"inla_spde_st",3,"binary",0,0.0165772569868938,0.0114285714285714
"crane",33,"inla_spde_st",3,"binary",0,0.0147022269565592,0.0114285714285714
"crane",33,"inla_spde_st",3,"binary",0,0.00835800798799444,0.0114285714285714
"crane",33,"inla_spde_st",3,"binary",0,0.00574182210284254,0.0114285714285714
"crane",33,"inla_spde_st",3,"binary",0,0.00771112536946116,0.0114285714285714
"crane",33,"inla_spde_st",3,"binary",0,0.00791307538650467,0.0114285714285714
"crane",33,"inla_spde_st",3,"binary",0,0.00526749692678438,0.0114285714285714
"crane",33,"inla_spde_st",3,"binary",0,0.0111648708161626,0.0114285714285714
"crane",33,"inla_spde_st",3,"binary",0,0.0145095814351564,0.0114285714285714
"crane",33,"inla_spde_st",3,"binary",0,0.00762525266805502,0.0114285714285714
"crane",33,"inla_spde_st",3,"binary",0,0.103150653492093,0.0114285714285714
"crane",33,"inla_spde_st",3,"binary",0,0.00880171689491574,0.0114285714285714
"crane",33,"inla_spde_st",3,"binary",0,0.00861660872049144,0.0114285714285714
"crane",33,"inla_spde_st",3,"binary",0,0.00685852773986545,0.0114285714285714
"crane",33,"inla_spde_st",3,"binary",0,0.0143484091496266,0.0114285714285714
"crane",33,"inla_spde_st",3,"binary",0,0.01456447320878,0.0114285714285714
"crane",33,"inla_spde_st",3,"binary",0,0.00810553811668411,0.0114285714285714
"crane",33,"inla_spde_st",3,"binary",1,0.360005931185788,0.0114285714285714
"crane",33,"inla_spde_st",3,"binary",0,0.00610555559497466,0.0114285714285714
"crane",33,"inla_spde_st",3,"binary",0,0.0142535513626391,0.0114285714285714
"crane",33,"inla_spde_st",3,"binary",0,0.0160606955495928,0.0114285714285714
"crane",33,"inla_spde_st",3,"binary",0,0.0113155990917818,0.0114285714285714
"crane",33,"inla_spde_st",3,"binary",0,0.0183392108167287,0.0114285714285714
"crane",33,"inla_spde_st",3,"binary",0,0.0104234562511711,0.0114285714285714
"crane",33,"inla_spde_st",3,"binary",0,0.0150853917128754,0.0114285714285714
"crane",33,"inla_spde_st",3,"binary",0,0.0160125955824949,0.0114285714285714
"crane",33,"inla_spde_st",3,"binary",0,0.0145949614631355,0.0114285714285714
"crane",33,"inla_spde_st",3,"binary",0,0.00795028835087316,0.0114285714285714
"crane",33,"inla_spde_st",3,"binary",0,0.00723928052959467,0.0114285714285714
"crane",33,"inla_spde_st",3,"binary",0,0.0073740509653603,0.0114285714285714
"crane",33,"inla_spde_st",3,"binary",0,0.00765470076324757,0.0114285714285714
"crane",33,"inla_spde_st",3,"binary",0,0.00698885207635361,0.0114285714285714
"crane",33,"inla_spde_st",3,"binary",0,0.0113138033661514,0.0114285714285714
"crane",33,"inla_spde_st",3,"binary",0,0.0152038059790095,0.0114285714285714
"crane",33,"inla_spde_st",3,"binary",0,0.00723329124888952,0.0114285714285714
"crane",33,"inla_spde_st",3,"binary",0,0.105362480258794,0.0114285714285714
"crane",33,"inla_spde_st",3,"binary",0,0.00892496320740271,0.0114285714285714
"crane",33,"inla_spde_st",3,"binary",0,0.0079420312238901,0.0114285714285714
"crane",33,"inla_spde_st",3,"binary",0,0.00760329499901893,0.0114285714285714
"crane",33,"inla_spde_st",3,"binary",0,0.0150483250687888,0.0114285714285714
"crane",33,"inla_spde_st",3,"binary",0,0.0150386940718961,0.0114285714285714
"crane",33,"inla_spde_st",3,"binary",0,0.00782327465996249,0.0114285714285714
"crane",33,"inla_spde_st",3,"binary",1,0.361908601396422,0.0114285714285714
"crane",33,"inla_spde_st",3,"binary",0,0.00524997710414968,0.0114285714285714
"crane",33,"inla_spde_st",3,"binary",0,0.0150542923119493,0.0114285714285714
"crane",33,"inla_spde_st",3,"binary",0,0.0159850867768356,0.0114285714285714
"crane",33,"inla_spde_st",3,"binary",0,0.010933983827667,0.0114285714285714
"crane",33,"inla_spde_st",3,"binary",0,0.0176827459920256,0.0114285714285714
"crane",33,"inla_spde_st",3,"binary",0,0.0127544421692867,0.0114285714285714
"crane",33,"inla_spde_st",3,"binary",0,0.0140428512168417,0.0114285714285714
"crane",33,"inla_spde_st",3,"binary",0,0.0164064314576443,0.0114285714285714
"crane",33,"inla_spde_st",3,"binary",0,0.0144042416186646,0.0114285714285714
"crane",33,"inla_spde_st",3,"binary",0,0.0072621521987909,0.0114285714285714
"crane",33,"inla_spde_st",3,"binary",0,0.00536136240084205,0.0114285714285714
"crane",33,"inla_spde_st",3,"binary",0,0.00671802586832737,0.0114285714285714
"crane",33,"inla_spde_st",3,"binary",0,0.00742969679950786,0.0114285714285714
"crane",33,"inla_spde_st",3,"binary",0,0.0056611581405167,0.0114285714285714
"crane",33,"inla_spde_st",3,"binary",0,0.0111352998310576,0.0114285714285714
"crane",33,"inla_spde_st",3,"binary",0,0.0141000428601926,0.0114285714285714
"crane",33,"inla_spde_st",3,"binary",0,0.00621003191872147,0.0114285714285714
"crane",33,"inla_spde_st",3,"binary",0,0.0978360321870878,0.0114285714285714
"crane",33,"inla_spde_st",3,"binary",0,0.00896670293706929,0.0114285714285714
"crane",33,"inla_spde_st",3,"binary",0,0.00790742068749863,0.0114285714285714
"crane",33,"inla_spde_st",3,"binary",0,0.00698296870253706,0.0114285714285714
"crane",33,"inla_spde_st",3,"binary",0,0.0153421862147357,0.0114285714285714
"crane",33,"inla_spde_st",3,"binary",0,0.0151073512779784,0.0114285714285714
"crane",33,"inla_spde_st",3,"binary",0,0.00803155359643859,0.0114285714285714
"crane",33,"inla_spde_st",3,"binary",1,0.362499031804107,0.0114285714285714
"crane",33,"inla_spde_st",3,"binary",0,0.0050198792450474,0.0114285714285714
"crane",33,"inla_spde_st",3,"binary",0,0.0137493138324307,0.0114285714285714
"crane",33,"inla_spde_st",3,"binary",0,0.0162519465654096,0.0114285714285714
"crane",33,"inla_spde_st",3,"binary",0,0.010032600134409,0.0114285714285714
"crane",33,"inla_spde_st",3,"binary",0,0.0168091299213529,0.0114285714285714
"crane",33,"inla_spde_st",3,"binary",0,0.0123941506885575,0.0114285714285714
"crane",33,"inla_spde_st",3,"binary",0,0.0150443941612055,0.0114285714285714
"crane",33,"inla_spde_st",3,"binary",0,0.0175017560971773,0.0114285714285714
"crane",33,"inla_spde_st",3,"binary",0,0.0163109337964682,0.0114285714285714
"crane",33,"inla_spde_st",3,"binary",0,0.00811602246403572,0.0114285714285714
"crane",33,"inla_spde_st",3,"binary",0,0.00695180605610214,0.0114285714285714
"crane",33,"inla_spde_st",3,"binary",0,0.00936247418823445,0.0114285714285714
"crane",33,"inla_spde_st",3,"binary",0,0.007564510861868,0.0114285714285714
"crane",33,"inla_spde_st",3,"binary",0,0.00702629062009098,0.0114285714285714
"crane",33,"inla_spde_st",3,"binary",0,0.0133790623685658,0.0114285714285714
"crane",33,"inla_spde_st",3,"binary",0,0.0142025121151597,0.0114285714285714
"crane",33,"inla_spde_st",3,"binary",0,0.0081079791965618,0.0114285714285714
"crane",33,"inla_spde_st",3,"binary",0,0.112907350734409,0.0114285714285714
"crane",33,"inla_spde_st",3,"binary",0,0.00874219956355247,0.0114285714285714
"crane",33,"inla_spde_st",3,"binary",0,0.00907295661919269,0.0114285714285714
"crane",33,"inla_spde_st",3,"binary",0,0.00816893050482091,0.0114285714285714
"crane",33,"inla_spde_st",3,"binary",0,0.0150054546209359,0.0114285714285714
"crane",33,"inla_spde_st",3,"binary",0,0.0140953114411056,0.0114285714285714
"crane",33,"inla_spde_st",3,"binary",0,0.00711534018373086,0.0114285714285714
"crane",33,"inla_spde_st",3,"binary",1,0.386401359160237,0.0114285714285714
"crane",33,"inla_spde_st",3,"binary",0,0.00543885254600003,0.0114285714285714
"crane",33,"inla_spde_st",3,"binary",0,0.0152440704171889,0.0114285714285714
"crane",33,"inla_spde_st",3,"binary",0,0.0154141054320627,0.0114285714285714
"crane",33,"inla_spde_st",3,"binary",0,0.0111685957750657,0.0114285714285714
"crane",33,"inla_spde_st",3,"binary",0,0.0178791996744431,0.0114285714285714
"crane",33,"inla_spde_st",3,"binary",0,0.0110801260206018,0.0114285714285714
"crane",33,"inla_spde_st",3,"binary",0,0.0148871891555729,0.0114285714285714
"crane",33,"inla_spde_st",4,"binary",0,0.00301155356500534,0.019047619047619
"crane",33,"inla_spde_st",4,"binary",0,0.00315438756827518,0.019047619047619
"crane",33,"inla_spde_st",4,"binary",0,0.00206487959608503,0.019047619047619
"crane",33,"inla_spde_st",4,"binary",0,0.00406683950099619,0.019047619047619
"crane",33,"inla_spde_st",4,"binary",0,0.00196384848150137,0.019047619047619
"crane",33,"inla_spde_st",4,"binary",0,0.00205579446027168,0.019047619047619
"crane",33,"inla_spde_st",4,"binary",0,0.00306558309290595,0.019047619047619
"crane",33,"inla_spde_st",4,"binary",0,0.00345032016098652,0.019047619047619
"crane",33,"inla_spde_st",4,"binary",0,0.222630861737492,0.019047619047619
"crane",33,"inla_spde_st",4,"binary",0,0.0303162698192003,0.019047619047619
"crane",33,"inla_spde_st",4,"binary",0,0.0104395880680377,0.019047619047619
"crane",33,"inla_spde_st",4,"binary",0,0.0114444206413849,0.019047619047619
"crane",33,"inla_spde_st",4,"binary",0,0.00341491902633773,0.019047619047619
"crane",33,"inla_spde_st",4,"binary",0,0.00727064804559232,0.019047619047619
"crane",33,"inla_spde_st",4,"binary",0,0.00458455844775828,0.019047619047619
"crane",33,"inla_spde_st",4,"binary",0,0.00481407008579388,0.019047619047619
"crane",33,"inla_spde_st",4,"binary",0,0.00458180495364369,0.019047619047619
"crane",33,"inla_spde_st",4,"binary",0,0.00673697940534439,0.019047619047619
"crane",33,"inla_spde_st",4,"binary",0,0.004827996699231,0.019047619047619
"crane",33,"inla_spde_st",4,"binary",0,0.00484822077862406,0.019047619047619
"crane",33,"inla_spde_st",4,"binary",0,0.00203861096863532,0.019047619047619
"crane",33,"inla_spde_st",4,"binary",0,0.017032674026875,0.019047619047619
"crane",33,"inla_spde_st",4,"binary",0,0.0068849262926887,0.019047619047619
"crane",33,"inla_spde_st",4,"binary",0,0.00431165903205253,0.019047619047619
"crane",33,"inla_spde_st",4,"binary",0,0.00415309455427692,0.019047619047619
"crane",33,"inla_spde_st",4,"binary",0,0.00410774005454689,0.019047619047619
"crane",33,"inla_spde_st",4,"binary",0,0.00370328021321694,0.019047619047619
"crane",33,"inla_spde_st",4,"binary",0,0.00223959594939633,0.019047619047619
"crane",33,"inla_spde_st",4,"binary",0,0.00336833723508263,0.019047619047619
"crane",33,"inla_spde_st",4,"binary",0,0.00140307811976544,0.019047619047619
"crane",33,"inla_spde_st",4,"binary",0,0.00203680453925358,0.019047619047619
"crane",33,"inla_spde_st",4,"binary",0,0.002771088542645,0.019047619047619
"crane",33,"inla_spde_st",4,"binary",0,0.00403370778218279,0.019047619047619
"crane",33,"inla_spde_st",4,"binary",0,0.226246135246897,0.019047619047619
"crane",33,"inla_spde_st",4,"binary",0,0.0290079001342822,0.019047619047619
"crane",33,"inla_spde_st",4,"binary",0,0.0093838768880598,0.019047619047619
"crane",33,"inla_spde_st",4,"binary",0,0.0101517527173567,0.019047619047619
"crane",33,"inla_spde_st",4,"binary",0,0.00345807329197828,0.019047619047619
"crane",33,"inla_spde_st",4,"binary",0,0.00556306663566535,0.019047619047619
"crane",33,"inla_spde_st",4,"binary",0,0.00486594678438997,0.019047619047619
"crane",33,"inla_spde_st",4,"binary",0,0.00472520349495467,0.019047619047619
"crane",33,"inla_spde_st",4,"binary",0,0.00417057046111868,0.019047619047619
"crane",33,"inla_spde_st",4,"binary",0,0.00597199112698063,0.019047619047619
"crane",33,"inla_spde_st",4,"binary",0,0.00449800328698453,0.019047619047619
"crane",33,"inla_spde_st",4,"binary",0,0.0055906842684469,0.019047619047619
"crane",33,"inla_spde_st",4,"binary",0,0.00201937559623636,0.019047619047619
"crane",33,"inla_spde_st",4,"binary",0,0.0151530363467833,0.019047619047619
"crane",33,"inla_spde_st",4,"binary",0,0.00623159624217967,0.019047619047619
"crane",33,"inla_spde_st",4,"binary",0,0.00483432048395229,0.019047619047619
"crane",33,"inla_spde_st",4,"binary",0,0.00424928722614022,0.019047619047619
"crane",33,"inla_spde_st",4,"binary",0,0.00458519559669874,0.019047619047619
"crane",33,"inla_spde_st",4,"binary",0,0.00394137594865669,0.019047619047619
"crane",33,"inla_spde_st",4,"binary",0,0.0024062843890827,0.019047619047619
"crane",33,"inla_spde_st",4,"binary",0,0.00334349514818204,0.019047619047619
"crane",33,"inla_spde_st",4,"binary",0,0.00140498482419209,0.019047619047619
"crane",33,"inla_spde_st",4,"binary",0,0.00207274890402179,0.019047619047619
"crane",33,"inla_spde_st",4,"binary",0,0.00292001972816307,0.019047619047619
"crane",33,"inla_spde_st",4,"binary",0,0.0039474429814915,0.019047619047619
"crane",33,"inla_spde_st",4,"binary",0,0.226734295390998,0.019047619047619
"crane",33,"inla_spde_st",4,"binary",0,0.0288856101323305,0.019047619047619
"crane",33,"inla_spde_st",4,"binary",0,0.00933953680886977,0.019047619047619
"crane",33,"inla_spde_st",4,"binary",0,0.00995682903256862,0.019047619047619
"crane",33,"inla_spde_st",4,"binary",0,0.00382268509634672,0.019047619047619
"crane",33,"inla_spde_st",4,"binary",0,0.00696257315591132,0.019047619047619
"crane",33,"inla_spde_st",4,"binary",0,0.00564492018764348,0.019047619047619
"crane",33,"inla_spde_st",4,"binary",0,0.00573491881820347,0.019047619047619
"crane",33,"inla_spde_st",4,"binary",0,0.00588068788482719,0.019047619047619
"crane",33,"inla_spde_st",4,"binary",0,0.00673692967896502,0.019047619047619
"crane",33,"inla_spde_st",4,"binary",0,0.0040179902864481,0.019047619047619
"crane",33,"inla_spde_st",4,"binary",0,0.0061750785425153,0.019047619047619
"crane",33,"inla_spde_st",4,"binary",0,0.0023371032358015,0.019047619047619
"crane",33,"inla_spde_st",4,"binary",0,0.0156400370632559,0.019047619047619
"crane",33,"inla_spde_st",4,"binary",0,0.00714079528258338,0.019047619047619
"crane",33,"inla_spde_st",4,"binary",0,0.00535677065438071,0.019047619047619
"crane",33,"inla_spde_st",4,"binary",0,0.00489635528190493,0.019047619047619
"crane",33,"inla_spde_st",4,"binary",0,0.00375212108059856,0.019047619047619
"crane",33,"inla_spde_st",4,"binary",0,0.00370052742400038,0.019047619047619
"crane",33,"inla_spde_st",4,"binary",0,0.00267858607917827,0.019047619047619
"crane",33,"inla_spde_st",4,"binary",0,0.00412628757239766,0.019047619047619
"crane",33,"inla_spde_st",4,"binary",0,0.00142016045247432,0.019047619047619
"crane",33,"inla_spde_st",4,"binary",0,0.00191021584349686,0.019047619047619
"crane",33,"inla_spde_st",4,"binary",0,0.00269152320420077,0.019047619047619
"crane",33,"inla_spde_st",4,"binary",0,0.00423699685769989,0.019047619047619
"crane",33,"inla_spde_st",4,"binary",0,0.226957427835308,0.019047619047619
"crane",33,"inla_spde_st",4,"binary",0,0.0278126210238753,0.019047619047619
"crane",33,"inla_spde_st",4,"binary",0,0.00936116747921447,0.019047619047619
"crane",33,"inla_spde_st",4,"binary",0,0.0108483964371425,0.019047619047619
"crane",33,"inla_spde_st",4,"binary",0,0.00400527338437755,0.019047619047619
"crane",33,"inla_spde_st",4,"binary",0,0.00769816969005607,0.019047619047619
"crane",33,"inla_spde_st",4,"binary",0,0.00522279505354474,0.019047619047619
"crane",33,"inla_spde_st",4,"binary",0,0.0053961673169629,0.019047619047619
"crane",33,"inla_spde_st",4,"binary",0,0.00567673268669366,0.019047619047619
"crane",33,"inla_spde_st",4,"binary",0,0.00689758676751422,0.019047619047619
"crane",33,"inla_spde_st",4,"binary",0,0.00470896673849068,0.019047619047619
"crane",33,"inla_spde_st",4,"binary",0,0.0060551181852507,0.019047619047619
"crane",33,"inla_spde_st",4,"binary",0,0.00246134190864312,0.019047619047619
"crane",33,"inla_spde_st",4,"binary",0,0.0166914087994295,0.019047619047619
"crane",33,"inla_spde_st",4,"binary",0,0.00737534246614149,0.019047619047619
"crane",33,"inla_spde_st",4,"binary",0,0.00558462286364637,0.019047619047619
"crane",33,"inla_spde_st",4,"binary",0,0.00571277156500528,0.019047619047619
"crane",33,"inla_spde_st",4,"binary",0,0.004489453631911,0.019047619047619
"crane",33,"inla_spde_st",4,"binary",0,0.00364533468784659,0.019047619047619
"crane",33,"inla_spde_st",4,"binary",0,0.00277139259926886,0.019047619047619
"crane",33,"inla_spde_st",4,"binary",0,0.00419852074268353,0.019047619047619
"crane",33,"inla_spde_st",4,"binary",0,0.00176819598884705,0.019047619047619
"crane",33,"inla_spde_st",4,"binary",0,0.00207027861981715,0.019047619047619
"crane",33,"inla_spde_st",4,"binary",0,0.00318923017585505,0.019047619047619
"crane",33,"inla_spde_st",4,"binary",0,0.00342691767422234,0.019047619047619
"crane",33,"inla_spde_st",4,"binary",0,0.225485166218831,0.019047619047619
"crane",33,"inla_spde_st",4,"binary",1,0.0290125217502197,0.019047619047619
"crane",33,"inla_spde_st",4,"binary",0,0.00952599110044531,0.019047619047619
"crane",33,"inla_spde_st",4,"binary",0,0.0116826392810084,0.019047619047619
"crane",33,"inla_spde_st",4,"binary",0,0.00402718383222066,0.019047619047619
"crane",33,"inla_spde_st",4,"binary",0,0.00894886292548556,0.019047619047619
"crane",33,"inla_spde_st",4,"binary",0,0.00469009952958575,0.019047619047619
"crane",33,"inla_spde_st",4,"binary",0,0.00522110273554227,0.019047619047619
"crane",33,"inla_spde_st",4,"binary",0,0.00595874728877029,0.019047619047619
"crane",33,"inla_spde_st",4,"binary",0,0.00727348819758196,0.019047619047619
"crane",33,"inla_spde_st",4,"binary",0,0.00437704435128803,0.019047619047619
"crane",33,"inla_spde_st",4,"binary",0,0.00553843212752806,0.019047619047619
"crane",33,"inla_spde_st",4,"binary",0,0.00219404534298127,0.019047619047619
"crane",33,"inla_spde_st",4,"binary",0,0.0177666274397815,0.019047619047619
"crane",33,"inla_spde_st",4,"binary",0,0.00651193023650781,0.019047619047619
"crane",33,"inla_spde_st",4,"binary",0,0.00502463980750116,0.019047619047619
"crane",33,"inla_spde_st",4,"binary",0,0.00441775265047216,0.019047619047619
"crane",33,"inla_spde_st",5,"binary",0,0.0233892565369196,0.0113207547169811
"crane",33,"inla_spde_st",5,"binary",0,0.0232193451438467,0.0113207547169811
"crane",33,"inla_spde_st",5,"binary",0,0.0266179298895982,0.0113207547169811
"crane",33,"inla_spde_st",5,"binary",0,0.330643156131265,0.0113207547169811
"crane",33,"inla_spde_st",5,"binary",0,0.0424893892831078,0.0113207547169811
"crane",33,"inla_spde_st",5,"binary",0,0.0230887369041267,0.0113207547169811
"crane",33,"inla_spde_st",5,"binary",0,0.0268746915008449,0.0113207547169811
"crane",33,"inla_spde_st",5,"binary",0,0.0289294300417094,0.0113207547169811
"crane",33,"inla_spde_st",5,"binary",0,0.032311942621006,0.0113207547169811
"crane",33,"inla_spde_st",5,"binary",0,0.0262573465864894,0.0113207547169811
"crane",33,"inla_spde_st",5,"binary",0,0.0428347047245565,0.0113207547169811
"crane",33,"inla_spde_st",5,"binary",0,0.0260876035922982,0.0113207547169811
"crane",33,"inla_spde_st",5,"binary",0,0.0311090935479263,0.0113207547169811
"crane",33,"inla_spde_st",5,"binary",0,0.0284364242048584,0.0113207547169811
"crane",33,"inla_spde_st",5,"binary",0,0.0270716238483517,0.0113207547169811
"crane",33,"inla_spde_st",5,"binary",0,0.0288702966017206,0.0113207547169811
"crane",33,"inla_spde_st",5,"binary",0,0.0295531028706664,0.0113207547169811
"crane",33,"inla_spde_st",5,"binary",0,0.0255031579892644,0.0113207547169811
"crane",33,"inla_spde_st",5,"binary",0,0.0602362838617893,0.0113207547169811
"crane",33,"inla_spde_st",5,"binary",1,0.712323868052529,0.0113207547169811
"crane",33,"inla_spde_st",5,"binary",0,0.0249691016641126,0.0113207547169811
"crane",33,"inla_spde_st",5,"binary",0,0.0266543508861036,0.0113207547169811
"crane",33,"inla_spde_st",5,"binary",0,0.0288448686051702,0.0113207547169811
"crane",33,"inla_spde_st",5,"binary",0,0.0279380275762902,0.0113207547169811
"crane",33,"inla_spde_st",5,"binary",0,0.0251183005670222,0.0113207547169811
"crane",33,"inla_spde_st",5,"binary",0,0.0250686346192793,0.0113207547169811
"crane",33,"inla_spde_st",5,"binary",0,0.0268133896834727,0.0113207547169811
"crane",33,"inla_spde_st",5,"binary",0,0.330626329278279,0.0113207547169811
"crane",33,"inla_spde_st",5,"binary",0,0.0442639660996284,0.0113207547169811
"crane",33,"inla_spde_st",5,"binary",0,0.0264464798412986,0.0113207547169811
"crane",33,"inla_spde_st",5,"binary",0,0.0266047101061235,0.0113207547169811
"crane",33,"inla_spde_st",5,"binary",0,0.028810213136871,0.0113207547169811
"crane",33,"inla_spde_st",5,"binary",0,0.0369784835769848,0.0113207547169811
"crane",33,"inla_spde_st",5,"binary",0,0.0285622723711185,0.0113207547169811
"crane",33,"inla_spde_st",5,"binary",0,0.0439582212313597,0.0113207547169811
"crane",33,"inla_spde_st",5,"binary",0,0.0286390313794086,0.0113207547169811
"crane",33,"inla_spde_st",5,"binary",0,0.0323404964134849,0.0113207547169811
"crane",33,"inla_spde_st",5,"binary",0,0.0286332310236669,0.0113207547169811
"crane",33,"inla_spde_st",5,"binary",0,0.027537290997723,0.0113207547169811
"crane",33,"inla_spde_st",5,"binary",0,0.0306956530263765,0.0113207547169811
"crane",33,"inla_spde_st",5,"binary",0,0.0311467198273981,0.0113207547169811
"crane",33,"inla_spde_st",5,"binary",0,0.0262543112080698,0.0113207547169811
"crane",33,"inla_spde_st",5,"binary",0,0.0604325902554634,0.0113207547169811
"crane",33,"inla_spde_st",5,"binary",1,0.710550638165156,0.0113207547169811
"crane",33,"inla_spde_st",5,"binary",0,0.0266592094946723,0.0113207547169811
"crane",33,"inla_spde_st",5,"binary",0,0.0269920832579781,0.0113207547169811
"crane",33,"inla_spde_st",5,"binary",0,0.0300602559952322,0.0113207547169811
"crane",33,"inla_spde_st",5,"binary",0,0.0263031805696236,0.0113207547169811
"crane",33,"inla_spde_st",5,"binary",0,0.0270736488985555,0.0113207547169811
"crane",33,"inla_spde_st",5,"binary",0,0.0263618769328837,0.0113207547169811
"crane",33,"inla_spde_st",5,"binary",0,0.0268192344387151,0.0113207547169811
"crane",33,"inla_spde_st",5,"binary",0,0.334300881987623,0.0113207547169811
"crane",33,"inla_spde_st",5,"binary",0,0.0418867549177286,0.0113207547169811
"crane",33,"inla_spde_st",5,"binary",0,0.0253418783485476,0.0113207547169811
"crane",33,"inla_spde_st",5,"binary",0,0.0243254773925834,0.0113207547169811
"crane",33,"inla_spde_st",5,"binary",0,0.0281774849620943,0.0113207547169811
"crane",33,"inla_spde_st",5,"binary",0,0.0361024669088035,0.0113207547169811
"crane",33,"inla_spde_st",5,"binary",0,0.0274493501841619,0.0113207547169811
"crane",33,"inla_spde_st",5,"binary",0,0.0422237610124838,0.0113207547169811
"crane",33,"inla_spde_st",5,"binary",0,0.0263783046745958,0.0113207547169811
"crane",33,"inla_spde_st",5,"binary",0,0.0298258636800411,0.0113207547169811
"crane",33,"inla_spde_st",5,"binary",0,0.0291487374649055,0.0113207547169811
"crane",33,"inla_spde_st",5,"binary",0,0.0277096035114459,0.0113207547169811
"crane",33,"inla_spde_st",5,"binary",0,0.0295547458157465,0.0113207547169811
"crane",33,"inla_spde_st",5,"binary",0,0.0310717056632727,0.0113207547169811
"crane",33,"inla_spde_st",5,"binary",0,0.0254075381112472,0.0113207547169811
"crane",33,"inla_spde_st",5,"binary",0,0.063162043911254,0.0113207547169811
"crane",33,"inla_spde_st",5,"binary",1,0.712167296765543,0.0113207547169811
"crane",33,"inla_spde_st",5,"binary",0,0.0249776707051229,0.0113207547169811
"crane",33,"inla_spde_st",5,"binary",0,0.0261964386200302,0.0113207547169811
"crane",33,"inla_spde_st",5,"binary",0,0.0290863087538266,0.0113207547169811
"crane",33,"inla_spde_st",5,"binary",0,0.0246349251416749,0.0113207547169811
"crane",33,"inla_spde_st",5,"binary",0,0.0263723399504656,0.0113207547169811
"crane",33,"inla_spde_st",5,"binary",0,0.0261455618577195,0.0113207547169811
"crane",33,"inla_spde_st",5,"binary",0,0.0273298768378028,0.0113207547169811
"crane",33,"inla_spde_st",5,"binary",0,0.339575863481148,0.0113207547169811
"crane",33,"inla_spde_st",5,"binary",0,0.0454419948403699,0.0113207547169811
"crane",33,"inla_spde_st",5,"binary",0,0.0253476469894019,0.0113207547169811
"crane",33,"inla_spde_st",5,"binary",0,0.025063810024699,0.0113207547169811
"crane",33,"inla_spde_st",5,"binary",0,0.0274974556969231,0.0113207547169811
"crane",33,"inla_spde_st",5,"binary",0,0.0353923090825352,0.0113207547169811
"crane",33,"inla_spde_st",5,"binary",0,0.0276087670890597,0.0113207547169811
"crane",33,"inla_spde_st",5,"binary",0,0.0398399060658741,0.0113207547169811
"crane",33,"inla_spde_st",5,"binary",0,0.0267235789717469,0.0113207547169811
"crane",33,"inla_spde_st",5,"binary",0,0.0293653032273346,0.0113207547169811
"crane",33,"inla_spde_st",5,"binary",0,0.02934256167057,0.0113207547169811
"crane",33,"inla_spde_st",5,"binary",0,0.0274733660907369,0.0113207547169811
"crane",33,"inla_spde_st",5,"binary",0,0.0314821494294576,0.0113207547169811
"crane",33,"inla_spde_st",5,"binary",0,0.0303977678194706,0.0113207547169811
"crane",33,"inla_spde_st",5,"binary",0,0.0257774236135991,0.0113207547169811
"crane",33,"inla_spde_st",5,"binary",0,0.0597498983189971,0.0113207547169811
"crane",33,"inla_spde_st",5,"binary",1,0.711103643164253,0.0113207547169811
"crane",33,"inla_spde_st",5,"binary",0,0.0229788641530113,0.0113207547169811
"crane",33,"inla_spde_st",5,"binary",0,0.0258082434388297,0.0113207547169811
"crane",33,"inla_spde_st",5,"binary",0,0.0278416921497947,0.0113207547169811
"crane",33,"inla_spde_st",5,"binary",0,0.0263299521116158,0.0113207547169811
"crane",33,"inla_spde_st",5,"binary",0,0.02720636336668,0.0113207547169811
"crane",33,"inla_spde_st",5,"binary",0,0.0264323491320026,0.0113207547169811
"crane",33,"inla_spde_st",5,"binary",0,0.0283167157706482,0.0113207547169811
"crane",33,"inla_spde_st",5,"binary",0,0.364416055224974,0.0113207547169811
"crane",33,"inla_spde_st",5,"binary",0,0.0554303272679607,0.0113207547169811
"crane",33,"inla_spde_st",5,"binary",0,0.0273393061537075,0.0113207547169811
"crane",33,"inla_spde_st",5,"binary",0,0.0281584342273524,0.0113207547169811
"crane",33,"inla_spde_st",5,"binary",0,0.0305930081956914,0.0113207547169811
"crane",33,"inla_spde_st",5,"binary",0,0.0376222880475148,0.0113207547169811
"crane",33,"inla_spde_st",5,"binary",0,0.0297469699721401,0.0113207547169811
"crane",33,"inla_spde_st",5,"binary",0,0.0527433422657502,0.0113207547169811
"crane",33,"inla_spde_st",5,"binary",0,0.0293298982407544,0.0113207547169811
"crane",33,"inla_spde_st",5,"binary",0,0.0323278324315337,0.0113207547169811
"crane",33,"inla_spde_st",5,"binary",0,0.029872495669694,0.0113207547169811
"crane",33,"inla_spde_st",5,"binary",0,0.0277927972941107,0.0113207547169811
"crane",33,"inla_spde_st",5,"binary",0,0.0323096814166557,0.0113207547169811
"crane",33,"inla_spde_st",5,"binary",0,0.0330453293219347,0.0113207547169811
"crane",33,"inla_spde_st",5,"binary",0,0.0270625438034351,0.0113207547169811
"crane",33,"inla_spde_st",5,"binary",0,0.0629078877997584,0.0113207547169811
"crane",33,"inla_spde_st",5,"binary",1,0.718406082423357,0.0113207547169811
"crane",33,"inla_spde_st",5,"binary",0,0.0237992268705858,0.0113207547169811
"crane",33,"inla_spde_st",5,"binary",0,0.0263057683081898,0.0113207547169811
"crane",33,"inla_spde_st",5,"binary",0,0.0283583236677518,0.0113207547169811
"crane",33,"inla_spde_st",5,"binary",0,0.0278433739638528,0.0113207547169811
