"dataset","seed","estimator","fold","typ","truth","pred","ytrain_mean"
"crane",22,"baseline_mean",1,"binary",0,0.0113207547169811,0.0113207547169811
"crane",22,"baseline_mean",1,"binary",0,0.0113207547169811,0.0113207547169811
"crane",22,"baseline_mean",1,"binary",0,0.0113207547169811,0.0113207547169811
"crane",22,"baseline_mean",1,"binary",0,0.0113207547169811,0.0113207547169811
"crane",22,"baseline_mean",1,"binary",0,0.0113207547169811,0.0113207547169811
"crane",22,"baseline_mean",1,"binary",0,0.0113207547169811,0.0113207547169811
"crane",22,"baseline_mean",1,"binary",0,0.0113207547169811,0.0113207547169811
"crane",22,"baseline_mean",1,"binary",0,0.0113207547169811,0.0113207547169811
"crane",22,"baseline_mean",1,"binary",0,0.0113207547169811,0.0113207547169811
"crane",22,"baseline_mean",1,"binary",0,0.0113207547169811,0.0113207547169811
"crane",22,"baseline_mean",1,"binary",0,0.0113207547169811,0.0113207547169811
"crane",22,"baseline_mean",1,"binary",0,0.0113207547169811,0.0113207547169811
"crane",22,"baseline_mean",1,"binary",0,0.0113207547169811,0.0113207547169811
"crane",22,"baseline_mean",1,"binary",0,0.0113207547169811,0.0113207547169811
"crane",22,"baseline_mean",1,"binary",0,0.0113207547169811,0.0113207547169811
"crane",22,"baseline_mean",1,"binary",0,0.0113207547169811,0.0113207547169811
"crane",22,"baseline_mean",1,"binary",1,0.0113207547169811,0.0113207547169811
"crane",22,"baseline_mean",1,"binary",0,0.0113207547169811,0.0113207547169811
"crane",22,"baseline_mean",1,"binary",0,0.0113207547169811,0.0113207547169811
"crane",22,"baseline_mean",1,"binary",0,0.0113207547169811,0.0113207547169811
"crane",22,"baseline_mean",1,"binary",0,0.0113207547169811,0.0113207547169811
"crane",22,"baseline_mean",1,"binary",0,0.0113207547169811,0.0113207547169811
"crane",22,"baseline_mean",1,"binary",0,0.0113207547169811,0.0113207547169811
"crane",22,"baseline_mean",1,"binary",0,0.0113207547169811,0.0113207547169811
"crane",22,"baseline_mean",1,"binary",0,0.0113207547169811,0.0113207547169811
"crane",22,"baseline_mean",1,"binary",0,0.0113207547169811,0.0113207547169811
"crane",22,"baseline_mean",1,"binary",0,0.0113207547169811,0.0113207547169811
"crane",22,"baseline_mean",1,"binary",0,0.0113207547169811,0.0113207547169811
"crane",22,"baseline_mean",1,"binary",0,0.0113207547169811,0.0113207547169811
"crane",22,"baseline_mean",1,"binary",0,0.0113207547169811,0.0113207547169811
"crane",22,"baseline_mean",1,"binary",0,0.0113207547169811,0.0113207547169811
"crane",22,"baseline_mean",1,"binary",0,0.0113207547169811,0.0113207547169811
"crane",22,"baseline_mean",1,"binary",0,0.0113207547169811,0.0113207547169811
"crane",22,"baseline_mean",1,"binary",0,0.0113207547169811,0.0113207547169811
"crane",22,"baseline_mean",1,"binary",0,0.0113207547169811,0.0113207547169811
"crane",22,"baseline_mean",1,"binary",0,0.0113207547169811,0.0113207547169811
"crane",22,"baseline_mean",1,"binary",0,0.0113207547169811,0.0113207547169811
"crane",22,"baseline_mean",1,"binary",0,0.0113207547169811,0.0113207547169811
"crane",22,"baseline_mean",1,"binary",0,0.0113207547169811,0.0113207547169811
"crane",22,"baseline_mean",1,"binary",0,0.0113207547169811,0.0113207547169811
"crane",22,"baseline_mean",1,"binary",1,0.0113207547169811,0.0113207547169811
"crane",22,"baseline_mean",1,"binary",0,0.0113207547169811,0.0113207547169811
"crane",22,"baseline_mean",1,"binary",0,0.0113207547169811,0.0113207547169811
"crane",22,"baseline_mean",1,"binary",0,0.0113207547169811,0.0113207547169811
"crane",22,"baseline_mean",1,"binary",0,0.0113207547169811,0.0113207547169811
"crane",22,"baseline_mean",1,"binary",0,0.0113207547169811,0.0113207547169811
"crane",22,"baseline_mean",1,"binary",0,0.0113207547169811,0.0113207547169811
"crane",22,"baseline_mean",1,"binary",0,0.0113207547169811,0.0113207547169811
"crane",22,"baseline_mean",1,"binary",0,0.0113207547169811,0.0113207547169811
"crane",22,"baseline_mean",1,"binary",0,0.0113207547169811,0.0113207547169811
"crane",22,"baseline_mean",1,"binary",0,0.0113207547169811,0.0113207547169811
"crane",22,"baseline_mean",1,"binary",0,0.0113207547169811,0.0113207547169811
"crane",22,"baseline_mean",1,"binary",0,0.0113207547169811,0.0113207547169811
"crane",22,"baseline_mean",1,"binary",0,0.0113207547169811,0.0113207547169811
"crane",22,"baseline_mean",1,"binary",0,0.0113207547169811,0.0113207547169811
"crane",22,"baseline_mean",1,"binary",0,0.0113207547169811,0.0113207547169811
"crane",22,"baseline_mean",1,"binary",0,0.0113207547169811,0.0113207547169811
"crane",22,"baseline_mean",1,"binary",0,0.0113207547169811,0.0113207547169811
"crane",22,"baseline_mean",1,"binary",0,0.0113207547169811,0.0113207547169811
"crane",22,"baseline_mean",1,"binary",0,0.0113207547169811,0.0113207547169811
"crane",22,"baseline_mean",1,"binary",0,0.0113207547169811,0.0113207547169811
"crane",22,"baseline_mean",1,"binary",0,0.0113207547169811,0.0113207547169811
"crane",22,"baseline_mean",1,"binary",0,0.0113207547169811,0.0113207547169811
"crane",22,"baseline_mean",1,"binary",0,0.0113207547169811,0.0113207547169811
"crane",22,"baseline_mean",1,"binary",1,0.0113207547169811,0.0113207547169811
"crane",22,"baseline_mean",1,"binary",0,0.0113207547169811,0.0113207547169811
"crane",22,"baseline_mean",1,"binary",0,0.0113207547169811,0.0113207547169811
"crane",22,"baseline_mean",1,"binary",0,0.0113207547169811,0.0113207547169811
"crane",22,"baseline_mean",1,"binary",0,0.0113207547169811,0.0113207547169811
"crane",22,"baseline_mean",1,"binary",0,0.0113207547169811,0.0113207547169811
"crane",22,"baseline_mean",1,"binary",0,0.0113207547169811,0.0113207547169811
"crane",22,"baseline_mean",1,"binary",0,0.0113207547169811,0.0113207547169811
"crane",22,"baseline_mean",1,"binary",0,0.0113207547169811,0.0113207547169811
"crane",22,"baseline_mean",1,"binary",0,0.0113207547169811,0.0113207547169811
"crane",22,"baseline_mean",1,"binary",0,0.0113207547169811,0.0113207547169811
"crane",22,"baseline_mean",1,"binary",0,0.0113207547169811,0.0113207547169811
"crane",22,"baseline_mean",1,"binary",0,0.0113207547169811,0.0113207547169811
"crane",22,"baseline_mean",1,"binary",0,0.0113207547169811,0.0113207547169811
"crane",22,"baseline_mean",1,"binary",0,0.0113207547169811,0.0113207547169811
"crane",22,"baseline_mean",1,"binary",0,0.0113207547169811,0.0113207547169811
"crane",22,"baseline_mean",1,"binary",0,0.0113207547169811,0.0113207547169811
"crane",22,"baseline_mean",1,"binary",0,0.0113207547169811,0.0113207547169811
"crane",22,"baseline_mean",1,"binary",0,0.0113207547169811,0.0113207547169811
"crane",22,"baseline_mean",1,"binary",0,0.0113207547169811,0.0113207547169811
"crane",22,"baseline_mean",1,"binary",0,0.0113207547169811,0.0113207547169811
"crane",22,"baseline_mean",1,"binary",0,0.0113207547169811,0.0113207547169811
"crane",22,"baseline_mean",1,"binary",0,0.0113207547169811,0.0113207547169811
"crane",22,"baseline_mean",1,"binary",0,0.0113207547169811,0.0113207547169811
"crane",22,"baseline_mean",1,"binary",1,0.0113207547169811,0.0113207547169811
"crane",22,"baseline_mean",1,"binary",0,0.0113207547169811,0.0113207547169811
"crane",22,"baseline_mean",1,"binary",0,0.0113207547169811,0.0113207547169811
"crane",22,"baseline_mean",1,"binary",0,0.0113207547169811,0.0113207547169811
"crane",22,"baseline_mean",1,"binary",0,0.0113207547169811,0.0113207547169811
"crane",22,"baseline_mean",1,"binary",0,0.0113207547169811,0.0113207547169811
"crane",22,"baseline_mean",1,"binary",0,0.0113207547169811,0.0113207547169811
"crane",22,"baseline_mean",1,"binary",0,0.0113207547169811,0.0113207547169811
"crane",22,"baseline_mean",1,"binary",0,0.0113207547169811,0.0113207547169811
"crane",22,"baseline_mean",1,"binary",0,0.0113207547169811,0.0113207547169811
"crane",22,"baseline_mean",1,"binary",0,0.0113207547169811,0.0113207547169811
"crane",22,"baseline_mean",1,"binary",0,0.0113207547169811,0.0113207547169811
"crane",22,"baseline_mean",1,"binary",0,0.0113207547169811,0.0113207547169811
"crane",22,"baseline_mean",1,"binary",0,0.0113207547169811,0.0113207547169811
"crane",22,"baseline_mean",1,"binary",0,0.0113207547169811,0.0113207547169811
"crane",22,"baseline_mean",1,"binary",0,0.0113207547169811,0.0113207547169811
"crane",22,"baseline_mean",1,"binary",0,0.0113207547169811,0.0113207547169811
"crane",22,"baseline_mean",1,"binary",0,0.0113207547169811,0.0113207547169811
"crane",22,"baseline_mean",1,"binary",0,0.0113207547169811,0.0113207547169811
"crane",22,"baseline_mean",1,"binary",0,0.0113207547169811,0.0113207547169811
"crane",22,"baseline_mean",1,"binary",0,0.0113207547169811,0.0113207547169811
"crane",22,"baseline_mean",1,"binary",0,0.0113207547169811,0.0113207547169811
"crane",22,"baseline_mean",1,"binary",0,0.0113207547169811,0.0113207547169811
"crane",22,"baseline_mean",1,"binary",0,0.0113207547169811,0.0113207547169811
"crane",22,"baseline_mean",1,"binary",1,0.0113207547169811,0.0113207547169811
"crane",22,"baseline_mean",1,"binary",0,0.0113207547169811,0.0113207547169811
"crane",22,"baseline_mean",1,"binary",0,0.0113207547169811,0.0113207547169811
"crane",22,"baseline_mean",1,"binary",0,0.0113207547169811,0.0113207547169811
"crane",22,"baseline_mean",1,"binary",0,0.0113207547169811,0.0113207547169811
"crane",22,"baseline_mean",1,"binary",0,0.0113207547169811,0.0113207547169811
"crane",22,"baseline_mean",1,"binary",0,0.0113207547169811,0.0113207547169811
"crane",22,"baseline_mean",1,"binary",0,0.0113207547169811,0.0113207547169811
"crane",22,"baseline_mean",2,"binary",0,0.0122448979591837,0.0122448979591837
"crane",22,"baseline_mean",2,"binary",0,0.0122448979591837,0.0122448979591837
"crane",22,"baseline_mean",2,"binary",0,0.0122448979591837,0.0122448979591837
"crane",22,"baseline_mean",2,"binary",0,0.0122448979591837,0.0122448979591837
"crane",22,"baseline_mean",2,"binary",0,0.0122448979591837,0.0122448979591837
"crane",22,"baseline_mean",2,"binary",0,0.0122448979591837,0.0122448979591837
"crane",22,"baseline_mean",2,"binary",0,0.0122448979591837,0.0122448979591837
"crane",22,"baseline_mean",2,"binary",0,0.0122448979591837,0.0122448979591837
"crane",22,"baseline_mean",2,"binary",0,0.0122448979591837,0.0122448979591837
"crane",22,"baseline_mean",2,"binary",0,0.0122448979591837,0.0122448979591837
"crane",22,"baseline_mean",2,"binary",0,0.0122448979591837,0.0122448979591837
"crane",22,"baseline_mean",2,"binary",0,0.0122448979591837,0.0122448979591837
"crane",22,"baseline_mean",2,"binary",0,0.0122448979591837,0.0122448979591837
"crane",22,"baseline_mean",2,"binary",0,0.0122448979591837,0.0122448979591837
"crane",22,"baseline_mean",2,"binary",0,0.0122448979591837,0.0122448979591837
"crane",22,"baseline_mean",2,"binary",0,0.0122448979591837,0.0122448979591837
"crane",22,"baseline_mean",2,"binary",0,0.0122448979591837,0.0122448979591837
"crane",22,"baseline_mean",2,"binary",1,0.0122448979591837,0.0122448979591837
"crane",22,"baseline_mean",2,"binary",0,0.0122448979591837,0.0122448979591837
"crane",22,"baseline_mean",2,"binary",0,0.0122448979591837,0.0122448979591837
"crane",22,"baseline_mean",2,"binary",0,0.0122448979591837,0.0122448979591837
"crane",22,"baseline_mean",2,"binary",0,0.0122448979591837,0.0122448979591837
"crane",22,"baseline_mean",2,"binary",0,0.0122448979591837,0.0122448979591837
"crane",22,"baseline_mean",2,"binary",0,0.0122448979591837,0.0122448979591837
"crane",22,"baseline_mean",2,"binary",0,0.0122448979591837,0.0122448979591837
"crane",22,"baseline_mean",2,"binary",0,0.0122448979591837,0.0122448979591837
"crane",22,"baseline_mean",2,"binary",0,0.0122448979591837,0.0122448979591837
"crane",22,"baseline_mean",2,"binary",0,0.0122448979591837,0.0122448979591837
"crane",22,"baseline_mean",2,"binary",0,0.0122448979591837,0.0122448979591837
"crane",22,"baseline_mean",2,"binary",0,0.0122448979591837,0.0122448979591837
"crane",22,"baseline_mean",2,"binary",0,0.0122448979591837,0.0122448979591837
"crane",22,"baseline_mean",2,"binary",0,0.0122448979591837,0.0122448979591837
"crane",22,"baseline_mean",2,"binary",0,0.0122448979591837,0.0122448979591837
"crane",22,"baseline_mean",2,"binary",0,0.0122448979591837,0.0122448979591837
"crane",22,"baseline_mean",2,"binary",0,0.0122448979591837,0.0122448979591837
"crane",22,"baseline_mean",2,"binary",0,0.0122448979591837,0.0122448979591837
"crane",22,"baseline_mean",2,"binary",0,0.0122448979591837,0.0122448979591837
"crane",22,"baseline_mean",2,"binary",0,0.0122448979591837,0.0122448979591837
"crane",22,"baseline_mean",2,"binary",0,0.0122448979591837,0.0122448979591837
"crane",22,"baseline_mean",2,"binary",0,0.0122448979591837,0.0122448979591837
"crane",22,"baseline_mean",2,"binary",0,0.0122448979591837,0.0122448979591837
"crane",22,"baseline_mean",2,"binary",0,0.0122448979591837,0.0122448979591837
"crane",22,"baseline_mean",2,"binary",0,0.0122448979591837,0.0122448979591837
"crane",22,"baseline_mean",2,"binary",0,0.0122448979591837,0.0122448979591837
"crane",22,"baseline_mean",2,"binary",0,0.0122448979591837,0.0122448979591837
"crane",22,"baseline_mean",2,"binary",0,0.0122448979591837,0.0122448979591837
"crane",22,"baseline_mean",2,"binary",0,0.0122448979591837,0.0122448979591837
"crane",22,"baseline_mean",2,"binary",0,0.0122448979591837,0.0122448979591837
"crane",22,"baseline_mean",2,"binary",0,0.0122448979591837,0.0122448979591837
"crane",22,"baseline_mean",2,"binary",1,0.0122448979591837,0.0122448979591837
"crane",22,"baseline_mean",2,"binary",0,0.0122448979591837,0.0122448979591837
"crane",22,"baseline_mean",2,"binary",0,0.0122448979591837,0.0122448979591837
"crane",22,"baseline_mean",2,"binary",0,0.0122448979591837,0.0122448979591837
"crane",22,"baseline_mean",2,"binary",0,0.0122448979591837,0.0122448979591837
"crane",22,"baseline_mean",2,"binary",0,0.0122448979591837,0.0122448979591837
"crane",22,"baseline_mean",2,"binary",0,0.0122448979591837,0.0122448979591837
"crane",22,"baseline_mean",2,"binary",0,0.0122448979591837,0.0122448979591837
"crane",22,"baseline_mean",2,"binary",0,0.0122448979591837,0.0122448979591837
"crane",22,"baseline_mean",2,"binary",0,0.0122448979591837,0.0122448979591837
"crane",22,"baseline_mean",2,"binary",0,0.0122448979591837,0.0122448979591837
"crane",22,"baseline_mean",2,"binary",0,0.0122448979591837,0.0122448979591837
"crane",22,"baseline_mean",2,"binary",0,0.0122448979591837,0.0122448979591837
"crane",22,"baseline_mean",2,"binary",0,0.0122448979591837,0.0122448979591837
"crane",22,"baseline_mean",2,"binary",0,0.0122448979591837,0.0122448979591837
"crane",22,"baseline_mean",2,"binary",0,0.0122448979591837,0.0122448979591837
"crane",22,"baseline_mean",2,"binary",0,0.0122448979591837,0.0122448979591837
"crane",22,"baseline_mean",2,"binary",0,0.0122448979591837,0.0122448979591837
"crane",22,"baseline_mean",2,"binary",0,0.0122448979591837,0.0122448979591837
"crane",22,"baseline_mean",2,"binary",0,0.0122448979591837,0.0122448979591837
"crane",22,"baseline_mean",2,"binary",0,0.0122448979591837,0.0122448979591837
"crane",22,"baseline_mean",2,"binary",0,0.0122448979591837,0.0122448979591837
"crane",22,"baseline_mean",2,"binary",0,0.0122448979591837,0.0122448979591837
"crane",22,"baseline_mean",2,"binary",0,0.0122448979591837,0.0122448979591837
"crane",22,"baseline_mean",2,"binary",0,0.0122448979591837,0.0122448979591837
"crane",22,"baseline_mean",2,"binary",0,0.0122448979591837,0.0122448979591837
"crane",22,"baseline_mean",2,"binary",0,0.0122448979591837,0.0122448979591837
"crane",22,"baseline_mean",2,"binary",0,0.0122448979591837,0.0122448979591837
"crane",22,"baseline_mean",2,"binary",0,0.0122448979591837,0.0122448979591837
"crane",22,"baseline_mean",2,"binary",0,0.0122448979591837,0.0122448979591837
"crane",22,"baseline_mean",2,"binary",0,0.0122448979591837,0.0122448979591837
"crane",22,"baseline_mean",2,"binary",0,0.0122448979591837,0.0122448979591837
"crane",22,"baseline_mean",2,"binary",1,0.0122448979591837,0.0122448979591837
"crane",22,"baseline_mean",2,"binary",0,0.0122448979591837,0.0122448979591837
"crane",22,"baseline_mean",2,"binary",0,0.0122448979591837,0.0122448979591837
"crane",22,"baseline_mean",2,"binary",0,0.0122448979591837,0.0122448979591837
"crane",22,"baseline_mean",2,"binary",0,0.0122448979591837,0.0122448979591837
"crane",22,"baseline_mean",2,"binary",0,0.0122448979591837,0.0122448979591837
"crane",22,"baseline_mean",2,"binary",0,0.0122448979591837,0.0122448979591837
"crane",22,"baseline_mean",2,"binary",0,0.0122448979591837,0.0122448979591837
"crane",22,"baseline_mean",2,"binary",0,0.0122448979591837,0.0122448979591837
"crane",22,"baseline_mean",2,"binary",0,0.0122448979591837,0.0122448979591837
"crane",22,"baseline_mean",2,"binary",0,0.0122448979591837,0.0122448979591837
"crane",22,"baseline_mean",2,"binary",0,0.0122448979591837,0.0122448979591837
"crane",22,"baseline_mean",2,"binary",0,0.0122448979591837,0.0122448979591837
"crane",22,"baseline_mean",2,"binary",0,0.0122448979591837,0.0122448979591837
"crane",22,"baseline_mean",2,"binary",0,0.0122448979591837,0.0122448979591837
"crane",22,"baseline_mean",2,"binary",0,0.0122448979591837,0.0122448979591837
"crane",22,"baseline_mean",2,"binary",0,0.0122448979591837,0.0122448979591837
"crane",22,"baseline_mean",2,"binary",0,0.0122448979591837,0.0122448979591837
"crane",22,"baseline_mean",2,"binary",0,0.0122448979591837,0.0122448979591837
"crane",22,"baseline_mean",2,"binary",0,0.0122448979591837,0.0122448979591837
"crane",22,"baseline_mean",2,"binary",0,0.0122448979591837,0.0122448979591837
"crane",22,"baseline_mean",2,"binary",0,0.0122448979591837,0.0122448979591837
"crane",22,"baseline_mean",2,"binary",0,0.0122448979591837,0.0122448979591837
"crane",22,"baseline_mean",2,"binary",0,0.0122448979591837,0.0122448979591837
"crane",22,"baseline_mean",2,"binary",0,0.0122448979591837,0.0122448979591837
"crane",22,"baseline_mean",2,"binary",0,0.0122448979591837,0.0122448979591837
"crane",22,"baseline_mean",2,"binary",0,0.0122448979591837,0.0122448979591837
"crane",22,"baseline_mean",2,"binary",0,0.0122448979591837,0.0122448979591837
"crane",22,"baseline_mean",2,"binary",0,0.0122448979591837,0.0122448979591837
"crane",22,"baseline_mean",2,"binary",0,0.0122448979591837,0.0122448979591837
"crane",22,"baseline_mean",2,"binary",0,0.0122448979591837,0.0122448979591837
"crane",22,"baseline_mean",2,"binary",0,0.0122448979591837,0.0122448979591837
"crane",22,"baseline_mean",2,"binary",1,0.0122448979591837,0.0122448979591837
"crane",22,"baseline_mean",2,"binary",0,0.0122448979591837,0.0122448979591837
"crane",22,"baseline_mean",2,"binary",0,0.0122448979591837,0.0122448979591837
"crane",22,"baseline_mean",2,"binary",0,0.0122448979591837,0.0122448979591837
"crane",22,"baseline_mean",2,"binary",0,0.0122448979591837,0.0122448979591837
"crane",22,"baseline_mean",2,"binary",0,0.0122448979591837,0.0122448979591837
"crane",22,"baseline_mean",2,"binary",0,0.0122448979591837,0.0122448979591837
"crane",22,"baseline_mean",2,"binary",0,0.0122448979591837,0.0122448979591837
"crane",22,"baseline_mean",2,"binary",0,0.0122448979591837,0.0122448979591837
"crane",22,"baseline_mean",2,"binary",0,0.0122448979591837,0.0122448979591837
"crane",22,"baseline_mean",2,"binary",0,0.0122448979591837,0.0122448979591837
"crane",22,"baseline_mean",2,"binary",0,0.0122448979591837,0.0122448979591837
"crane",22,"baseline_mean",2,"binary",0,0.0122448979591837,0.0122448979591837
"crane",22,"baseline_mean",2,"binary",0,0.0122448979591837,0.0122448979591837
"crane",22,"baseline_mean",2,"binary",0,0.0122448979591837,0.0122448979591837
"crane",22,"baseline_mean",2,"binary",0,0.0122448979591837,0.0122448979591837
"crane",22,"baseline_mean",2,"binary",0,0.0122448979591837,0.0122448979591837
"crane",22,"baseline_mean",2,"binary",0,0.0122448979591837,0.0122448979591837
"crane",22,"baseline_mean",2,"binary",0,0.0122448979591837,0.0122448979591837
"crane",22,"baseline_mean",2,"binary",0,0.0122448979591837,0.0122448979591837
"crane",22,"baseline_mean",2,"binary",0,0.0122448979591837,0.0122448979591837
"crane",22,"baseline_mean",2,"binary",0,0.0122448979591837,0.0122448979591837
"crane",22,"baseline_mean",2,"binary",0,0.0122448979591837,0.0122448979591837
"crane",22,"baseline_mean",2,"binary",0,0.0122448979591837,0.0122448979591837
"crane",22,"baseline_mean",2,"binary",0,0.0122448979591837,0.0122448979591837
"crane",22,"baseline_mean",2,"binary",0,0.0122448979591837,0.0122448979591837
"crane",22,"baseline_mean",2,"binary",0,0.0122448979591837,0.0122448979591837
"crane",22,"baseline_mean",2,"binary",0,0.0122448979591837,0.0122448979591837
"crane",22,"baseline_mean",2,"binary",0,0.0122448979591837,0.0122448979591837
"crane",22,"baseline_mean",2,"binary",0,0.0122448979591837,0.0122448979591837
"crane",22,"baseline_mean",2,"binary",0,0.0122448979591837,0.0122448979591837
"crane",22,"baseline_mean",2,"binary",0,0.0122448979591837,0.0122448979591837
"crane",22,"baseline_mean",2,"binary",1,0.0122448979591837,0.0122448979591837
"crane",22,"baseline_mean",2,"binary",0,0.0122448979591837,0.0122448979591837
"crane",22,"baseline_mean",2,"binary",0,0.0122448979591837,0.0122448979591837
"crane",22,"baseline_mean",2,"binary",0,0.0122448979591837,0.0122448979591837
"crane",22,"baseline_mean",2,"binary",0,0.0122448979591837,0.0122448979591837
"crane",22,"baseline_mean",2,"binary",0,0.0122448979591837,0.0122448979591837
"crane",22,"baseline_mean",2,"binary",0,0.0122448979591837,0.0122448979591837
"crane",22,"baseline_mean",2,"binary",0,0.0122448979591837,0.0122448979591837
"crane",22,"baseline_mean",2,"binary",0,0.0122448979591837,0.0122448979591837
"crane",22,"baseline_mean",2,"binary",0,0.0122448979591837,0.0122448979591837
"crane",22,"baseline_mean",2,"binary",0,0.0122448979591837,0.0122448979591837
"crane",22,"baseline_mean",2,"binary",0,0.0122448979591837,0.0122448979591837
"crane",22,"baseline_mean",2,"binary",0,0.0122448979591837,0.0122448979591837
"crane",22,"baseline_mean",2,"binary",0,0.0122448979591837,0.0122448979591837
"crane",22,"baseline_mean",2,"binary",0,0.0122448979591837,0.0122448979591837
"crane",22,"baseline_mean",3,"binary",0,0.0211538461538462,0.0211538461538462
"crane",22,"baseline_mean",3,"binary",0,0.0211538461538462,0.0211538461538462
"crane",22,"baseline_mean",3,"binary",0,0.0211538461538462,0.0211538461538462
"crane",22,"baseline_mean",3,"binary",0,0.0211538461538462,0.0211538461538462
"crane",22,"baseline_mean",3,"binary",0,0.0211538461538462,0.0211538461538462
"crane",22,"baseline_mean",3,"binary",0,0.0211538461538462,0.0211538461538462
"crane",22,"baseline_mean",3,"binary",0,0.0211538461538462,0.0211538461538462
"crane",22,"baseline_mean",3,"binary",0,0.0211538461538462,0.0211538461538462
"crane",22,"baseline_mean",3,"binary",0,0.0211538461538462,0.0211538461538462
"crane",22,"baseline_mean",3,"binary",0,0.0211538461538462,0.0211538461538462
"crane",22,"baseline_mean",3,"binary",0,0.0211538461538462,0.0211538461538462
"crane",22,"baseline_mean",3,"binary",0,0.0211538461538462,0.0211538461538462
"crane",22,"baseline_mean",3,"binary",0,0.0211538461538462,0.0211538461538462
"crane",22,"baseline_mean",3,"binary",0,0.0211538461538462,0.0211538461538462
"crane",22,"baseline_mean",3,"binary",0,0.0211538461538462,0.0211538461538462
"crane",22,"baseline_mean",3,"binary",0,0.0211538461538462,0.0211538461538462
"crane",22,"baseline_mean",3,"binary",0,0.0211538461538462,0.0211538461538462
"crane",22,"baseline_mean",3,"binary",0,0.0211538461538462,0.0211538461538462
"crane",22,"baseline_mean",3,"binary",0,0.0211538461538462,0.0211538461538462
"crane",22,"baseline_mean",3,"binary",0,0.0211538461538462,0.0211538461538462
"crane",22,"baseline_mean",3,"binary",0,0.0211538461538462,0.0211538461538462
"crane",22,"baseline_mean",3,"binary",0,0.0211538461538462,0.0211538461538462
"crane",22,"baseline_mean",3,"binary",0,0.0211538461538462,0.0211538461538462
"crane",22,"baseline_mean",3,"binary",0,0.0211538461538462,0.0211538461538462
"crane",22,"baseline_mean",3,"binary",0,0.0211538461538462,0.0211538461538462
"crane",22,"baseline_mean",3,"binary",0,0.0211538461538462,0.0211538461538462
"crane",22,"baseline_mean",3,"binary",0,0.0211538461538462,0.0211538461538462
"crane",22,"baseline_mean",3,"binary",0,0.0211538461538462,0.0211538461538462
"crane",22,"baseline_mean",3,"binary",0,0.0211538461538462,0.0211538461538462
"crane",22,"baseline_mean",3,"binary",0,0.0211538461538462,0.0211538461538462
"crane",22,"baseline_mean",3,"binary",0,0.0211538461538462,0.0211538461538462
"crane",22,"baseline_mean",3,"binary",0,0.0211538461538462,0.0211538461538462
"crane",22,"baseline_mean",3,"binary",0,0.0211538461538462,0.0211538461538462
"crane",22,"baseline_mean",3,"binary",0,0.0211538461538462,0.0211538461538462
"crane",22,"baseline_mean",3,"binary",0,0.0211538461538462,0.0211538461538462
"crane",22,"baseline_mean",3,"binary",0,0.0211538461538462,0.0211538461538462
"crane",22,"baseline_mean",3,"binary",0,0.0211538461538462,0.0211538461538462
"crane",22,"baseline_mean",3,"binary",0,0.0211538461538462,0.0211538461538462
"crane",22,"baseline_mean",3,"binary",0,0.0211538461538462,0.0211538461538462
"crane",22,"baseline_mean",3,"binary",0,0.0211538461538462,0.0211538461538462
"crane",22,"baseline_mean",3,"binary",0,0.0211538461538462,0.0211538461538462
"crane",22,"baseline_mean",3,"binary",0,0.0211538461538462,0.0211538461538462
"crane",22,"baseline_mean",3,"binary",0,0.0211538461538462,0.0211538461538462
"crane",22,"baseline_mean",3,"binary",0,0.0211538461538462,0.0211538461538462
"crane",22,"baseline_mean",3,"binary",0,0.0211538461538462,0.0211538461538462
"crane",22,"baseline_mean",3,"binary",0,0.0211538461538462,0.0211538461538462
"crane",22,"baseline_mean",3,"binary",0,0.0211538461538462,0.0211538461538462
"crane",22,"baseline_mean",3,"binary",0,0.0211538461538462,0.0211538461538462
"crane",22,"baseline_mean",3,"binary",0,0.0211538461538462,0.0211538461538462
"crane",22,"baseline_mean",3,"binary",0,0.0211538461538462,0.0211538461538462
"crane",22,"baseline_mean",3,"binary",0,0.0211538461538462,0.0211538461538462
"crane",22,"baseline_mean",3,"binary",0,0.0211538461538462,0.0211538461538462
"crane",22,"baseline_mean",3,"binary",0,0.0211538461538462,0.0211538461538462
"crane",22,"baseline_mean",3,"binary",0,0.0211538461538462,0.0211538461538462
"crane",22,"baseline_mean",3,"binary",0,0.0211538461538462,0.0211538461538462
"crane",22,"baseline_mean",3,"binary",0,0.0211538461538462,0.0211538461538462
"crane",22,"baseline_mean",3,"binary",0,0.0211538461538462,0.0211538461538462
"crane",22,"baseline_mean",3,"binary",0,0.0211538461538462,0.0211538461538462
"crane",22,"baseline_mean",3,"binary",0,0.0211538461538462,0.0211538461538462
"crane",22,"baseline_mean",3,"binary",0,0.0211538461538462,0.0211538461538462
"crane",22,"baseline_mean",3,"binary",0,0.0211538461538462,0.0211538461538462
"crane",22,"baseline_mean",3,"binary",0,0.0211538461538462,0.0211538461538462
"crane",22,"baseline_mean",3,"binary",0,0.0211538461538462,0.0211538461538462
"crane",22,"baseline_mean",3,"binary",0,0.0211538461538462,0.0211538461538462
"crane",22,"baseline_mean",3,"binary",0,0.0211538461538462,0.0211538461538462
"crane",22,"baseline_mean",3,"binary",0,0.0211538461538462,0.0211538461538462
"crane",22,"baseline_mean",3,"binary",0,0.0211538461538462,0.0211538461538462
"crane",22,"baseline_mean",3,"binary",0,0.0211538461538462,0.0211538461538462
"crane",22,"baseline_mean",3,"binary",0,0.0211538461538462,0.0211538461538462
"crane",22,"baseline_mean",3,"binary",0,0.0211538461538462,0.0211538461538462
"crane",22,"baseline_mean",3,"binary",0,0.0211538461538462,0.0211538461538462
"crane",22,"baseline_mean",3,"binary",0,0.0211538461538462,0.0211538461538462
"crane",22,"baseline_mean",3,"binary",0,0.0211538461538462,0.0211538461538462
"crane",22,"baseline_mean",3,"binary",0,0.0211538461538462,0.0211538461538462
"crane",22,"baseline_mean",3,"binary",0,0.0211538461538462,0.0211538461538462
"crane",22,"baseline_mean",3,"binary",0,0.0211538461538462,0.0211538461538462
"crane",22,"baseline_mean",3,"binary",0,0.0211538461538462,0.0211538461538462
"crane",22,"baseline_mean",3,"binary",0,0.0211538461538462,0.0211538461538462
"crane",22,"baseline_mean",3,"binary",0,0.0211538461538462,0.0211538461538462
"crane",22,"baseline_mean",3,"binary",0,0.0211538461538462,0.0211538461538462
"crane",22,"baseline_mean",3,"binary",0,0.0211538461538462,0.0211538461538462
"crane",22,"baseline_mean",3,"binary",0,0.0211538461538462,0.0211538461538462
"crane",22,"baseline_mean",3,"binary",0,0.0211538461538462,0.0211538461538462
"crane",22,"baseline_mean",3,"binary",0,0.0211538461538462,0.0211538461538462
"crane",22,"baseline_mean",3,"binary",0,0.0211538461538462,0.0211538461538462
"crane",22,"baseline_mean",3,"binary",0,0.0211538461538462,0.0211538461538462
"crane",22,"baseline_mean",3,"binary",0,0.0211538461538462,0.0211538461538462
"crane",22,"baseline_mean",3,"binary",0,0.0211538461538462,0.0211538461538462
"crane",22,"baseline_mean",3,"binary",0,0.0211538461538462,0.0211538461538462
"crane",22,"baseline_mean",3,"binary",0,0.0211538461538462,0.0211538461538462
"crane",22,"baseline_mean",3,"binary",0,0.0211538461538462,0.0211538461538462
"crane",22,"baseline_mean",3,"binary",0,0.0211538461538462,0.0211538461538462
"crane",22,"baseline_mean",3,"binary",0,0.0211538461538462,0.0211538461538462
"crane",22,"baseline_mean",3,"binary",0,0.0211538461538462,0.0211538461538462
"crane",22,"baseline_mean",3,"binary",0,0.0211538461538462,0.0211538461538462
"crane",22,"baseline_mean",3,"binary",0,0.0211538461538462,0.0211538461538462
"crane",22,"baseline_mean",3,"binary",0,0.0211538461538462,0.0211538461538462
"crane",22,"baseline_mean",3,"binary",0,0.0211538461538462,0.0211538461538462
"crane",22,"baseline_mean",3,"binary",0,0.0211538461538462,0.0211538461538462
"crane",22,"baseline_mean",3,"binary",0,0.0211538461538462,0.0211538461538462
"crane",22,"baseline_mean",3,"binary",0,0.0211538461538462,0.0211538461538462
"crane",22,"baseline_mean",3,"binary",0,0.0211538461538462,0.0211538461538462
"crane",22,"baseline_mean",3,"binary",0,0.0211538461538462,0.0211538461538462
"crane",22,"baseline_mean",3,"binary",0,0.0211538461538462,0.0211538461538462
"crane",22,"baseline_mean",3,"binary",0,0.0211538461538462,0.0211538461538462
"crane",22,"baseline_mean",3,"binary",0,0.0211538461538462,0.0211538461538462
"crane",22,"baseline_mean",3,"binary",0,0.0211538461538462,0.0211538461538462
"crane",22,"baseline_mean",3,"binary",0,0.0211538461538462,0.0211538461538462
"crane",22,"baseline_mean",3,"binary",0,0.0211538461538462,0.0211538461538462
"crane",22,"baseline_mean",3,"binary",0,0.0211538461538462,0.0211538461538462
"crane",22,"baseline_mean",3,"binary",0,0.0211538461538462,0.0211538461538462
"crane",22,"baseline_mean",3,"binary",0,0.0211538461538462,0.0211538461538462
"crane",22,"baseline_mean",3,"binary",0,0.0211538461538462,0.0211538461538462
"crane",22,"baseline_mean",3,"binary",0,0.0211538461538462,0.0211538461538462
"crane",22,"baseline_mean",3,"binary",0,0.0211538461538462,0.0211538461538462
"crane",22,"baseline_mean",3,"binary",0,0.0211538461538462,0.0211538461538462
"crane",22,"baseline_mean",3,"binary",0,0.0211538461538462,0.0211538461538462
"crane",22,"baseline_mean",3,"binary",0,0.0211538461538462,0.0211538461538462
"crane",22,"baseline_mean",3,"binary",0,0.0211538461538462,0.0211538461538462
"crane",22,"baseline_mean",3,"binary",0,0.0211538461538462,0.0211538461538462
"crane",22,"baseline_mean",3,"binary",0,0.0211538461538462,0.0211538461538462
"crane",22,"baseline_mean",3,"binary",0,0.0211538461538462,0.0211538461538462
"crane",22,"baseline_mean",3,"binary",0,0.0211538461538462,0.0211538461538462
"crane",22,"baseline_mean",3,"binary",0,0.0211538461538462,0.0211538461538462
"crane",22,"baseline_mean",3,"binary",0,0.0211538461538462,0.0211538461538462
"crane",22,"baseline_mean",3,"binary",0,0.0211538461538462,0.0211538461538462
"crane",22,"baseline_mean",3,"binary",0,0.0211538461538462,0.0211538461538462
"crane",22,"baseline_mean",3,"binary",0,0.0211538461538462,0.0211538461538462
"crane",22,"baseline_mean",3,"binary",0,0.0211538461538462,0.0211538461538462
"crane",22,"baseline_mean",3,"binary",0,0.0211538461538462,0.0211538461538462
"crane",22,"baseline_mean",4,"binary",0,0.0188679245283019,0.0188679245283019
"crane",22,"baseline_mean",4,"binary",0,0.0188679245283019,0.0188679245283019
"crane",22,"baseline_mean",4,"binary",0,0.0188679245283019,0.0188679245283019
"crane",22,"baseline_mean",4,"binary",0,0.0188679245283019,0.0188679245283019
"crane",22,"baseline_mean",4,"binary",0,0.0188679245283019,0.0188679245283019
"crane",22,"baseline_mean",4,"binary",0,0.0188679245283019,0.0188679245283019
"crane",22,"baseline_mean",4,"binary",0,0.0188679245283019,0.0188679245283019
"crane",22,"baseline_mean",4,"binary",0,0.0188679245283019,0.0188679245283019
"crane",22,"baseline_mean",4,"binary",0,0.0188679245283019,0.0188679245283019
"crane",22,"baseline_mean",4,"binary",0,0.0188679245283019,0.0188679245283019
"crane",22,"baseline_mean",4,"binary",0,0.0188679245283019,0.0188679245283019
"crane",22,"baseline_mean",4,"binary",0,0.0188679245283019,0.0188679245283019
"crane",22,"baseline_mean",4,"binary",0,0.0188679245283019,0.0188679245283019
"crane",22,"baseline_mean",4,"binary",0,0.0188679245283019,0.0188679245283019
"crane",22,"baseline_mean",4,"binary",0,0.0188679245283019,0.0188679245283019
"crane",22,"baseline_mean",4,"binary",0,0.0188679245283019,0.0188679245283019
"crane",22,"baseline_mean",4,"binary",0,0.0188679245283019,0.0188679245283019
"crane",22,"baseline_mean",4,"binary",0,0.0188679245283019,0.0188679245283019
"crane",22,"baseline_mean",4,"binary",0,0.0188679245283019,0.0188679245283019
"crane",22,"baseline_mean",4,"binary",0,0.0188679245283019,0.0188679245283019
"crane",22,"baseline_mean",4,"binary",0,0.0188679245283019,0.0188679245283019
"crane",22,"baseline_mean",4,"binary",0,0.0188679245283019,0.0188679245283019
"crane",22,"baseline_mean",4,"binary",0,0.0188679245283019,0.0188679245283019
"crane",22,"baseline_mean",4,"binary",0,0.0188679245283019,0.0188679245283019
"crane",22,"baseline_mean",4,"binary",0,0.0188679245283019,0.0188679245283019
"crane",22,"baseline_mean",4,"binary",0,0.0188679245283019,0.0188679245283019
"crane",22,"baseline_mean",4,"binary",0,0.0188679245283019,0.0188679245283019
"crane",22,"baseline_mean",4,"binary",0,0.0188679245283019,0.0188679245283019
"crane",22,"baseline_mean",4,"binary",0,0.0188679245283019,0.0188679245283019
"crane",22,"baseline_mean",4,"binary",0,0.0188679245283019,0.0188679245283019
"crane",22,"baseline_mean",4,"binary",0,0.0188679245283019,0.0188679245283019
"crane",22,"baseline_mean",4,"binary",0,0.0188679245283019,0.0188679245283019
"crane",22,"baseline_mean",4,"binary",0,0.0188679245283019,0.0188679245283019
"crane",22,"baseline_mean",4,"binary",0,0.0188679245283019,0.0188679245283019
"crane",22,"baseline_mean",4,"binary",0,0.0188679245283019,0.0188679245283019
"crane",22,"baseline_mean",4,"binary",0,0.0188679245283019,0.0188679245283019
"crane",22,"baseline_mean",4,"binary",0,0.0188679245283019,0.0188679245283019
"crane",22,"baseline_mean",4,"binary",0,0.0188679245283019,0.0188679245283019
"crane",22,"baseline_mean",4,"binary",0,0.0188679245283019,0.0188679245283019
"crane",22,"baseline_mean",4,"binary",0,0.0188679245283019,0.0188679245283019
"crane",22,"baseline_mean",4,"binary",0,0.0188679245283019,0.0188679245283019
"crane",22,"baseline_mean",4,"binary",0,0.0188679245283019,0.0188679245283019
"crane",22,"baseline_mean",4,"binary",0,0.0188679245283019,0.0188679245283019
"crane",22,"baseline_mean",4,"binary",0,0.0188679245283019,0.0188679245283019
"crane",22,"baseline_mean",4,"binary",0,0.0188679245283019,0.0188679245283019
"crane",22,"baseline_mean",4,"binary",0,0.0188679245283019,0.0188679245283019
"crane",22,"baseline_mean",4,"binary",0,0.0188679245283019,0.0188679245283019
"crane",22,"baseline_mean",4,"binary",0,0.0188679245283019,0.0188679245283019
"crane",22,"baseline_mean",4,"binary",0,0.0188679245283019,0.0188679245283019
"crane",22,"baseline_mean",4,"binary",0,0.0188679245283019,0.0188679245283019
"crane",22,"baseline_mean",4,"binary",0,0.0188679245283019,0.0188679245283019
"crane",22,"baseline_mean",4,"binary",0,0.0188679245283019,0.0188679245283019
"crane",22,"baseline_mean",4,"binary",0,0.0188679245283019,0.0188679245283019
"crane",22,"baseline_mean",4,"binary",0,0.0188679245283019,0.0188679245283019
"crane",22,"baseline_mean",4,"binary",0,0.0188679245283019,0.0188679245283019
"crane",22,"baseline_mean",4,"binary",0,0.0188679245283019,0.0188679245283019
"crane",22,"baseline_mean",4,"binary",0,0.0188679245283019,0.0188679245283019
"crane",22,"baseline_mean",4,"binary",0,0.0188679245283019,0.0188679245283019
"crane",22,"baseline_mean",4,"binary",0,0.0188679245283019,0.0188679245283019
"crane",22,"baseline_mean",4,"binary",0,0.0188679245283019,0.0188679245283019
"crane",22,"baseline_mean",4,"binary",0,0.0188679245283019,0.0188679245283019
"crane",22,"baseline_mean",4,"binary",0,0.0188679245283019,0.0188679245283019
"crane",22,"baseline_mean",4,"binary",0,0.0188679245283019,0.0188679245283019
"crane",22,"baseline_mean",4,"binary",0,0.0188679245283019,0.0188679245283019
"crane",22,"baseline_mean",4,"binary",0,0.0188679245283019,0.0188679245283019
"crane",22,"baseline_mean",4,"binary",0,0.0188679245283019,0.0188679245283019
"crane",22,"baseline_mean",4,"binary",0,0.0188679245283019,0.0188679245283019
"crane",22,"baseline_mean",4,"binary",0,0.0188679245283019,0.0188679245283019
"crane",22,"baseline_mean",4,"binary",0,0.0188679245283019,0.0188679245283019
"crane",22,"baseline_mean",4,"binary",0,0.0188679245283019,0.0188679245283019
"crane",22,"baseline_mean",4,"binary",0,0.0188679245283019,0.0188679245283019
"crane",22,"baseline_mean",4,"binary",0,0.0188679245283019,0.0188679245283019
"crane",22,"baseline_mean",4,"binary",0,0.0188679245283019,0.0188679245283019
"crane",22,"baseline_mean",4,"binary",0,0.0188679245283019,0.0188679245283019
"crane",22,"baseline_mean",4,"binary",0,0.0188679245283019,0.0188679245283019
"crane",22,"baseline_mean",4,"binary",0,0.0188679245283019,0.0188679245283019
"crane",22,"baseline_mean",4,"binary",0,0.0188679245283019,0.0188679245283019
"crane",22,"baseline_mean",4,"binary",0,0.0188679245283019,0.0188679245283019
"crane",22,"baseline_mean",4,"binary",0,0.0188679245283019,0.0188679245283019
"crane",22,"baseline_mean",4,"binary",0,0.0188679245283019,0.0188679245283019
"crane",22,"baseline_mean",4,"binary",0,0.0188679245283019,0.0188679245283019
"crane",22,"baseline_mean",4,"binary",0,0.0188679245283019,0.0188679245283019
"crane",22,"baseline_mean",4,"binary",0,0.0188679245283019,0.0188679245283019
"crane",22,"baseline_mean",4,"binary",0,0.0188679245283019,0.0188679245283019
"crane",22,"baseline_mean",4,"binary",0,0.0188679245283019,0.0188679245283019
"crane",22,"baseline_mean",4,"binary",0,0.0188679245283019,0.0188679245283019
"crane",22,"baseline_mean",4,"binary",0,0.0188679245283019,0.0188679245283019
"crane",22,"baseline_mean",4,"binary",0,0.0188679245283019,0.0188679245283019
"crane",22,"baseline_mean",4,"binary",0,0.0188679245283019,0.0188679245283019
"crane",22,"baseline_mean",4,"binary",0,0.0188679245283019,0.0188679245283019
"crane",22,"baseline_mean",4,"binary",0,0.0188679245283019,0.0188679245283019
"crane",22,"baseline_mean",4,"binary",0,0.0188679245283019,0.0188679245283019
"crane",22,"baseline_mean",4,"binary",0,0.0188679245283019,0.0188679245283019
"crane",22,"baseline_mean",4,"binary",0,0.0188679245283019,0.0188679245283019
"crane",22,"baseline_mean",4,"binary",0,0.0188679245283019,0.0188679245283019
"crane",22,"baseline_mean",4,"binary",0,0.0188679245283019,0.0188679245283019
"crane",22,"baseline_mean",4,"binary",0,0.0188679245283019,0.0188679245283019
"crane",22,"baseline_mean",4,"binary",0,0.0188679245283019,0.0188679245283019
"crane",22,"baseline_mean",4,"binary",1,0.0188679245283019,0.0188679245283019
"crane",22,"baseline_mean",4,"binary",0,0.0188679245283019,0.0188679245283019
"crane",22,"baseline_mean",4,"binary",0,0.0188679245283019,0.0188679245283019
"crane",22,"baseline_mean",4,"binary",0,0.0188679245283019,0.0188679245283019
"crane",22,"baseline_mean",4,"binary",0,0.0188679245283019,0.0188679245283019
"crane",22,"baseline_mean",4,"binary",0,0.0188679245283019,0.0188679245283019
"crane",22,"baseline_mean",4,"binary",0,0.0188679245283019,0.0188679245283019
"crane",22,"baseline_mean",4,"binary",0,0.0188679245283019,0.0188679245283019
"crane",22,"baseline_mean",4,"binary",0,0.0188679245283019,0.0188679245283019
"crane",22,"baseline_mean",4,"binary",0,0.0188679245283019,0.0188679245283019
"crane",22,"baseline_mean",4,"binary",0,0.0188679245283019,0.0188679245283019
"crane",22,"baseline_mean",4,"binary",0,0.0188679245283019,0.0188679245283019
"crane",22,"baseline_mean",4,"binary",0,0.0188679245283019,0.0188679245283019
"crane",22,"baseline_mean",4,"binary",0,0.0188679245283019,0.0188679245283019
"crane",22,"baseline_mean",4,"binary",0,0.0188679245283019,0.0188679245283019
"crane",22,"baseline_mean",4,"binary",0,0.0188679245283019,0.0188679245283019
"crane",22,"baseline_mean",4,"binary",0,0.0188679245283019,0.0188679245283019
"crane",22,"baseline_mean",4,"binary",0,0.0188679245283019,0.0188679245283019
"crane",22,"baseline_mean",4,"binary",0,0.0188679245283019,0.0188679245283019
"crane",22,"baseline_mean",4,"binary",0,0.0188679245283019,0.0188679245283019
"crane",22,"baseline_mean",4,"binary",0,0.0188679245283019,0.0188679245283019
"crane",22,"baseline_mean",4,"binary",0,0.0188679245283019,0.0188679245283019
"crane",22,"baseline_mean",5,"binary",0,0.0207547169811321,0.0207547169811321
"crane",22,"baseline_mean",5,"binary",0,0.0207547169811321,0.0207547169811321
"crane",22,"baseline_mean",5,"binary",0,0.0207547169811321,0.0207547169811321
"crane",22,"baseline_mean",5,"binary",0,0.0207547169811321,0.0207547169811321
"crane",22,"baseline_mean",5,"binary",0,0.0207547169811321,0.0207547169811321
"crane",22,"baseline_mean",5,"binary",0,0.0207547169811321,0.0207547169811321
"crane",22,"baseline_mean",5,"binary",0,0.0207547169811321,0.0207547169811321
"crane",22,"baseline_mean",5,"binary",0,0.0207547169811321,0.0207547169811321
"crane",22,"baseline_mean",5,"binary",0,0.0207547169811321,0.0207547169811321
"crane",22,"baseline_mean",5,"binary",0,0.0207547169811321,0.0207547169811321
"crane",22,"baseline_mean",5,"binary",0,0.0207547169811321,0.0207547169811321
"crane",22,"baseline_mean",5,"binary",0,0.0207547169811321,0.0207547169811321
"crane",22,"baseline_mean",5,"binary",0,0.0207547169811321,0.0207547169811321
"crane",22,"baseline_mean",5,"binary",0,0.0207547169811321,0.0207547169811321
"crane",22,"baseline_mean",5,"binary",0,0.0207547169811321,0.0207547169811321
"crane",22,"baseline_mean",5,"binary",0,0.0207547169811321,0.0207547169811321
"crane",22,"baseline_mean",5,"binary",0,0.0207547169811321,0.0207547169811321
"crane",22,"baseline_mean",5,"binary",0,0.0207547169811321,0.0207547169811321
"crane",22,"baseline_mean",5,"binary",0,0.0207547169811321,0.0207547169811321
"crane",22,"baseline_mean",5,"binary",0,0.0207547169811321,0.0207547169811321
"crane",22,"baseline_mean",5,"binary",0,0.0207547169811321,0.0207547169811321
"crane",22,"baseline_mean",5,"binary",0,0.0207547169811321,0.0207547169811321
"crane",22,"baseline_mean",5,"binary",0,0.0207547169811321,0.0207547169811321
"crane",22,"baseline_mean",5,"binary",0,0.0207547169811321,0.0207547169811321
"crane",22,"baseline_mean",5,"binary",0,0.0207547169811321,0.0207547169811321
"crane",22,"baseline_mean",5,"binary",0,0.0207547169811321,0.0207547169811321
"crane",22,"baseline_mean",5,"binary",0,0.0207547169811321,0.0207547169811321
"crane",22,"baseline_mean",5,"binary",0,0.0207547169811321,0.0207547169811321
"crane",22,"baseline_mean",5,"binary",0,0.0207547169811321,0.0207547169811321
"crane",22,"baseline_mean",5,"binary",0,0.0207547169811321,0.0207547169811321
"crane",22,"baseline_mean",5,"binary",0,0.0207547169811321,0.0207547169811321
"crane",22,"baseline_mean",5,"binary",0,0.0207547169811321,0.0207547169811321
"crane",22,"baseline_mean",5,"binary",0,0.0207547169811321,0.0207547169811321
"crane",22,"baseline_mean",5,"binary",0,0.0207547169811321,0.0207547169811321
"crane",22,"baseline_mean",5,"binary",0,0.0207547169811321,0.0207547169811321
"crane",22,"baseline_mean",5,"binary",0,0.0207547169811321,0.0207547169811321
"crane",22,"baseline_mean",5,"binary",0,0.0207547169811321,0.0207547169811321
"crane",22,"baseline_mean",5,"binary",0,0.0207547169811321,0.0207547169811321
"crane",22,"baseline_mean",5,"binary",0,0.0207547169811321,0.0207547169811321
"crane",22,"baseline_mean",5,"binary",0,0.0207547169811321,0.0207547169811321
"crane",22,"baseline_mean",5,"binary",0,0.0207547169811321,0.0207547169811321
"crane",22,"baseline_mean",5,"binary",0,0.0207547169811321,0.0207547169811321
"crane",22,"baseline_mean",5,"binary",0,0.0207547169811321,0.0207547169811321
"crane",22,"baseline_mean",5,"binary",0,0.0207547169811321,0.0207547169811321
"crane",22,"baseline_mean",5,"binary",0,0.0207547169811321,0.0207547169811321
"crane",22,"baseline_mean",5,"binary",0,0.0207547169811321,0.0207547169811321
"crane",22,"baseline_mean",5,"binary",0,0.0207547169811321,0.0207547169811321
"crane",22,"baseline_mean",5,"binary",0,0.0207547169811321,0.0207547169811321
"crane",22,"baseline_mean",5,"binary",0,0.0207547169811321,0.0207547169811321
"crane",22,"baseline_mean",5,"binary",0,0.0207547169811321,0.0207547169811321
"crane",22,"baseline_mean",5,"binary",0,0.0207547169811321,0.0207547169811321
"crane",22,"baseline_mean",5,"binary",0,0.0207547169811321,0.0207547169811321
"crane",22,"baseline_mean",5,"binary",0,0.0207547169811321,0.0207547169811321
"crane",22,"baseline_mean",5,"binary",0,0.0207547169811321,0.0207547169811321
"crane",22,"baseline_mean",5,"binary",0,0.0207547169811321,0.0207547169811321
"crane",22,"baseline_mean",5,"binary",0,0.0207547169811321,0.0207547169811321
"crane",22,"baseline_mean",5,"binary",0,0.0207547169811321,0.0207547169811321
"crane",22,"baseline_mean",5,"binary",0,0.0207547169811321,0.0207547169811321
"crane",22,"baseline_mean",5,"binary",0,0.0207547169811321,0.0207547169811321
"crane",22,"baseline_mean",5,"binary",0,0.0207547169811321,0.0207547169811321
"crane",22,"baseline_mean",5,"binary",0,0.0207547169811321,0.0207547169811321
"crane",22,"baseline_mean",5,"binary",0,0.0207547169811321,0.0207547169811321
"crane",22,"baseline_mean",5,"binary",0,0.0207547169811321,0.0207547169811321
"crane",22,"baseline_mean",5,"binary",0,0.0207547169811321,0.0207547169811321
"crane",22,"baseline_mean",5,"binary",0,0.0207547169811321,0.0207547169811321
"crane",22,"baseline_mean",5,"binary",0,0.0207547169811321,0.0207547169811321
"crane",22,"baseline_mean",5,"binary",0,0.0207547169811321,0.0207547169811321
"crane",22,"baseline_mean",5,"binary",0,0.0207547169811321,0.0207547169811321
"crane",22,"baseline_mean",5,"binary",0,0.0207547169811321,0.0207547169811321
"crane",22,"baseline_mean",5,"binary",0,0.0207547169811321,0.0207547169811321
"crane",22,"baseline_mean",5,"binary",0,0.0207547169811321,0.0207547169811321
"crane",22,"baseline_mean",5,"binary",0,0.0207547169811321,0.0207547169811321
"crane",22,"baseline_mean",5,"binary",0,0.0207547169811321,0.0207547169811321
"crane",22,"baseline_mean",5,"binary",0,0.0207547169811321,0.0207547169811321
"crane",22,"baseline_mean",5,"binary",0,0.0207547169811321,0.0207547169811321
"crane",22,"baseline_mean",5,"binary",0,0.0207547169811321,0.0207547169811321
"crane",22,"baseline_mean",5,"binary",0,0.0207547169811321,0.0207547169811321
"crane",22,"baseline_mean",5,"binary",0,0.0207547169811321,0.0207547169811321
"crane",22,"baseline_mean",5,"binary",0,0.0207547169811321,0.0207547169811321
"crane",22,"baseline_mean",5,"binary",0,0.0207547169811321,0.0207547169811321
"crane",22,"baseline_mean",5,"binary",0,0.0207547169811321,0.0207547169811321
"crane",22,"baseline_mean",5,"binary",0,0.0207547169811321,0.0207547169811321
"crane",22,"baseline_mean",5,"binary",0,0.0207547169811321,0.0207547169811321
"crane",22,"baseline_mean",5,"binary",0,0.0207547169811321,0.0207547169811321
"crane",22,"baseline_mean",5,"binary",0,0.0207547169811321,0.0207547169811321
"crane",22,"baseline_mean",5,"binary",0,0.0207547169811321,0.0207547169811321
"crane",22,"baseline_mean",5,"binary",0,0.0207547169811321,0.0207547169811321
"crane",22,"baseline_mean",5,"binary",0,0.0207547169811321,0.0207547169811321
"crane",22,"baseline_mean",5,"binary",0,0.0207547169811321,0.0207547169811321
"crane",22,"baseline_mean",5,"binary",0,0.0207547169811321,0.0207547169811321
"crane",22,"baseline_mean",5,"binary",0,0.0207547169811321,0.0207547169811321
"crane",22,"baseline_mean",5,"binary",0,0.0207547169811321,0.0207547169811321
"crane",22,"baseline_mean",5,"binary",0,0.0207547169811321,0.0207547169811321
"crane",22,"baseline_mean",5,"binary",0,0.0207547169811321,0.0207547169811321
"crane",22,"baseline_mean",5,"binary",0,0.0207547169811321,0.0207547169811321
"crane",22,"baseline_mean",5,"binary",0,0.0207547169811321,0.0207547169811321
"crane",22,"baseline_mean",5,"binary",0,0.0207547169811321,0.0207547169811321
"crane",22,"baseline_mean",5,"binary",0,0.0207547169811321,0.0207547169811321
"crane",22,"baseline_mean",5,"binary",0,0.0207547169811321,0.0207547169811321
"crane",22,"baseline_mean",5,"binary",0,0.0207547169811321,0.0207547169811321
"crane",22,"baseline_mean",5,"binary",0,0.0207547169811321,0.0207547169811321
"crane",22,"baseline_mean",5,"binary",0,0.0207547169811321,0.0207547169811321
"crane",22,"baseline_mean",5,"binary",0,0.0207547169811321,0.0207547169811321
"crane",22,"baseline_mean",5,"binary",0,0.0207547169811321,0.0207547169811321
"crane",22,"baseline_mean",5,"binary",0,0.0207547169811321,0.0207547169811321
"crane",22,"baseline_mean",5,"binary",0,0.0207547169811321,0.0207547169811321
"crane",22,"baseline_mean",5,"binary",0,0.0207547169811321,0.0207547169811321
"crane",22,"baseline_mean",5,"binary",0,0.0207547169811321,0.0207547169811321
"crane",22,"baseline_mean",5,"binary",0,0.0207547169811321,0.0207547169811321
"crane",22,"baseline_mean",5,"binary",0,0.0207547169811321,0.0207547169811321
"crane",22,"baseline_mean",5,"binary",0,0.0207547169811321,0.0207547169811321
"crane",22,"baseline_mean",5,"binary",0,0.0207547169811321,0.0207547169811321
"crane",22,"baseline_mean",5,"binary",0,0.0207547169811321,0.0207547169811321
"crane",22,"baseline_mean",5,"binary",0,0.0207547169811321,0.0207547169811321
"crane",22,"baseline_mean",5,"binary",0,0.0207547169811321,0.0207547169811321
"crane",22,"baseline_mean",5,"binary",0,0.0207547169811321,0.0207547169811321
"crane",22,"baseline_mean",5,"binary",0,0.0207547169811321,0.0207547169811321
"crane",22,"baseline_mean",5,"binary",0,0.0207547169811321,0.0207547169811321
"crane",22,"baseline_mean",5,"binary",0,0.0207547169811321,0.0207547169811321
"crane",22,"baseline_mean",5,"binary",0,0.0207547169811321,0.0207547169811321
"crane",22,"ols",1,"binary",0,2.22044604925031e-16,0.0113207547169811
"crane",22,"ols",1,"binary",0,2.22044604925031e-16,0.0113207547169811
"crane",22,"ols",1,"binary",0,2.22044604925031e-16,0.0113207547169811
"crane",22,"ols",1,"binary",0,2.22044604925031e-16,0.0113207547169811
"crane",22,"ols",1,"binary",0,2.22044604925031e-16,0.0113207547169811
"crane",22,"ols",1,"binary",0,0.0844554471283329,0.0113207547169811
"crane",22,"ols",1,"binary",0,2.22044604925031e-16,0.0113207547169811
"crane",22,"ols",1,"binary",0,2.22044604925031e-16,0.0113207547169811
"crane",22,"ols",1,"binary",0,2.22044604925031e-16,0.0113207547169811
"crane",22,"ols",1,"binary",0,2.22044604925031e-16,0.0113207547169811
"crane",22,"ols",1,"binary",0,2.22044604925031e-16,0.0113207547169811
"crane",22,"ols",1,"binary",0,2.22044604925031e-16,0.0113207547169811
"crane",22,"ols",1,"binary",0,2.22044604925031e-16,0.0113207547169811
"crane",22,"ols",1,"binary",0,2.22044604925031e-16,0.0113207547169811
"crane",22,"ols",1,"binary",0,2.22044604925031e-16,0.0113207547169811
"crane",22,"ols",1,"binary",0,2.22044604925031e-16,0.0113207547169811
"crane",22,"ols",1,"binary",1,1,0.0113207547169811
"crane",22,"ols",1,"binary",0,2.22044604925031e-16,0.0113207547169811
"crane",22,"ols",1,"binary",0,2.22044604925031e-16,0.0113207547169811
"crane",22,"ols",1,"binary",0,2.22044604925031e-16,0.0113207547169811
"crane",22,"ols",1,"binary",0,2.22044604925031e-16,0.0113207547169811
"crane",22,"ols",1,"binary",0,2.22044604925031e-16,0.0113207547169811
"crane",22,"ols",1,"binary",0,2.22044604925031e-16,0.0113207547169811
"crane",22,"ols",1,"binary",0,2.22044604925031e-16,0.0113207547169811
"crane",22,"ols",1,"binary",0,2.22044604925031e-16,0.0113207547169811
"crane",22,"ols",1,"binary",0,2.22044604925031e-16,0.0113207547169811
"crane",22,"ols",1,"binary",0,2.22044604925031e-16,0.0113207547169811
"crane",22,"ols",1,"binary",0,2.22044604925031e-16,0.0113207547169811
"crane",22,"ols",1,"binary",0,2.22044604925031e-16,0.0113207547169811
"crane",22,"ols",1,"binary",0,0.0844554471283329,0.0113207547169811
"crane",22,"ols",1,"binary",0,2.22044604925031e-16,0.0113207547169811
"crane",22,"ols",1,"binary",0,2.22044604925031e-16,0.0113207547169811
"crane",22,"ols",1,"binary",0,2.22044604925031e-16,0.0113207547169811
"crane",22,"ols",1,"binary",0,2.22044604925031e-16,0.0113207547169811
"crane",22,"ols",1,"binary",0,2.22044604925031e-16,0.0113207547169811
"crane",22,"ols",1,"binary",0,2.22044604925031e-16,0.0113207547169811
"crane",22,"ols",1,"binary",0,2.22044604925031e-16,0.0113207547169811
"crane",22,"ols",1,"binary",0,2.22044604925031e-16,0.0113207547169811
"crane",22,"ols",1,"binary",0,2.22044604925031e-16,0.0113207547169811
"crane",22,"ols",1,"binary",0,2.22044604925031e-16,0.0113207547169811
"crane",22,"ols",1,"binary",1,1,0.0113207547169811
"crane",22,"ols",1,"binary",0,2.22044604925031e-16,0.0113207547169811
"crane",22,"ols",1,"binary",0,2.22044604925031e-16,0.0113207547169811
"crane",22,"ols",1,"binary",0,2.22044604925031e-16,0.0113207547169811
"crane",22,"ols",1,"binary",0,2.22044604925031e-16,0.0113207547169811
"crane",22,"ols",1,"binary",0,2.22044604925031e-16,0.0113207547169811
"crane",22,"ols",1,"binary",0,2.22044604925031e-16,0.0113207547169811
"crane",22,"ols",1,"binary",0,2.22044604925031e-16,0.0113207547169811
"crane",22,"ols",1,"binary",0,2.22044604925031e-16,0.0113207547169811
"crane",22,"ols",1,"binary",0,2.22044604925031e-16,0.0113207547169811
"crane",22,"ols",1,"binary",0,2.22044604925031e-16,0.0113207547169811
"crane",22,"ols",1,"binary",0,2.22044604925031e-16,0.0113207547169811
"crane",22,"ols",1,"binary",0,2.22044604925031e-16,0.0113207547169811
"crane",22,"ols",1,"binary",0,0.0844554471283329,0.0113207547169811
"crane",22,"ols",1,"binary",0,2.22044604925031e-16,0.0113207547169811
"crane",22,"ols",1,"binary",0,2.22044604925031e-16,0.0113207547169811
"crane",22,"ols",1,"binary",0,2.22044604925031e-16,0.0113207547169811
"crane",22,"ols",1,"binary",0,2.22044604925031e-16,0.0113207547169811
"crane",22,"ols",1,"binary",0,2.22044604925031e-16,0.0113207547169811
"crane",22,"ols",1,"binary",0,2.22044604925031e-16,0.0113207547169811
"crane",22,"ols",1,"binary",0,2.22044604925031e-16,0.0113207547169811
"crane",22,"ols",1,"binary",0,2.22044604925031e-16,0.0113207547169811
"crane",22,"ols",1,"binary",0,2.22044604925031e-16,0.0113207547169811
"crane",22,"ols",1,"binary",0,2.22044604925031e-16,0.0113207547169811
"crane",22,"ols",1,"binary",1,1,0.0113207547169811
"crane",22,"ols",1,"binary",0,2.22044604925031e-16,0.0113207547169811
"crane",22,"ols",1,"binary",0,2.22044604925031e-16,0.0113207547169811
"crane",22,"ols",1,"binary",0,2.22044604925031e-16,0.0113207547169811
"crane",22,"ols",1,"binary",0,2.22044604925031e-16,0.0113207547169811
"crane",22,"ols",1,"binary",0,2.22044604925031e-16,0.0113207547169811
"crane",22,"ols",1,"binary",0,2.22044604925031e-16,0.0113207547169811
"crane",22,"ols",1,"binary",0,2.22044604925031e-16,0.0113207547169811
"crane",22,"ols",1,"binary",0,2.22044604925031e-16,0.0113207547169811
"crane",22,"ols",1,"binary",0,2.22044604925031e-16,0.0113207547169811
"crane",22,"ols",1,"binary",0,2.22044604925031e-16,0.0113207547169811
"crane",22,"ols",1,"binary",0,2.22044604925031e-16,0.0113207547169811
"crane",22,"ols",1,"binary",0,2.22044604925031e-16,0.0113207547169811
"crane",22,"ols",1,"binary",0,0.0844554471283329,0.0113207547169811
"crane",22,"ols",1,"binary",0,2.22044604925031e-16,0.0113207547169811
"crane",22,"ols",1,"binary",0,2.22044604925031e-16,0.0113207547169811
"crane",22,"ols",1,"binary",0,2.22044604925031e-16,0.0113207547169811
"crane",22,"ols",1,"binary",0,2.22044604925031e-16,0.0113207547169811
"crane",22,"ols",1,"binary",0,2.22044604925031e-16,0.0113207547169811
"crane",22,"ols",1,"binary",0,2.22044604925031e-16,0.0113207547169811
"crane",22,"ols",1,"binary",0,2.22044604925031e-16,0.0113207547169811
"crane",22,"ols",1,"binary",0,2.22044604925031e-16,0.0113207547169811
"crane",22,"ols",1,"binary",0,2.22044604925031e-16,0.0113207547169811
"crane",22,"ols",1,"binary",0,2.22044604925031e-16,0.0113207547169811
"crane",22,"ols",1,"binary",1,1,0.0113207547169811
"crane",22,"ols",1,"binary",0,2.22044604925031e-16,0.0113207547169811
"crane",22,"ols",1,"binary",0,2.22044604925031e-16,0.0113207547169811
"crane",22,"ols",1,"binary",0,2.22044604925031e-16,0.0113207547169811
"crane",22,"ols",1,"binary",0,2.22044604925031e-16,0.0113207547169811
"crane",22,"ols",1,"binary",0,2.22044604925031e-16,0.0113207547169811
"crane",22,"ols",1,"binary",0,2.22044604925031e-16,0.0113207547169811
"crane",22,"ols",1,"binary",0,2.22044604925031e-16,0.0113207547169811
"crane",22,"ols",1,"binary",0,2.22044604925031e-16,0.0113207547169811
"crane",22,"ols",1,"binary",0,2.22044604925031e-16,0.0113207547169811
"crane",22,"ols",1,"binary",0,2.22044604925031e-16,0.0113207547169811
"crane",22,"ols",1,"binary",0,2.22044604925031e-16,0.0113207547169811
"crane",22,"ols",1,"binary",0,2.22044604925031e-16,0.0113207547169811
"crane",22,"ols",1,"binary",0,0.0844554471283329,0.0113207547169811
"crane",22,"ols",1,"binary",0,2.22044604925031e-16,0.0113207547169811
"crane",22,"ols",1,"binary",0,2.22044604925031e-16,0.0113207547169811
"crane",22,"ols",1,"binary",0,2.22044604925031e-16,0.0113207547169811
"crane",22,"ols",1,"binary",0,2.22044604925031e-16,0.0113207547169811
"crane",22,"ols",1,"binary",0,2.22044604925031e-16,0.0113207547169811
"crane",22,"ols",1,"binary",0,2.22044604925031e-16,0.0113207547169811
"crane",22,"ols",1,"binary",0,2.22044604925031e-16,0.0113207547169811
"crane",22,"ols",1,"binary",0,2.22044604925031e-16,0.0113207547169811
"crane",22,"ols",1,"binary",0,2.22044604925031e-16,0.0113207547169811
"crane",22,"ols",1,"binary",0,2.22044604925031e-16,0.0113207547169811
"crane",22,"ols",1,"binary",1,1,0.0113207547169811
"crane",22,"ols",1,"binary",0,2.22044604925031e-16,0.0113207547169811
"crane",22,"ols",1,"binary",0,2.22044604925031e-16,0.0113207547169811
"crane",22,"ols",1,"binary",0,2.22044604925031e-16,0.0113207547169811
"crane",22,"ols",1,"binary",0,2.22044604925031e-16,0.0113207547169811
"crane",22,"ols",1,"binary",0,2.22044604925031e-16,0.0113207547169811
"crane",22,"ols",1,"binary",0,2.22044604925031e-16,0.0113207547169811
"crane",22,"ols",1,"binary",0,2.22044604925031e-16,0.0113207547169811
"crane",22,"ols",2,"binary",0,2.22044604925031e-16,0.0122448979591837
"crane",22,"ols",2,"binary",0,2.22044604925031e-16,0.0122448979591837
"crane",22,"ols",2,"binary",0,2.22044604925031e-16,0.0122448979591837
"crane",22,"ols",2,"binary",0,2.22044604925031e-16,0.0122448979591837
"crane",22,"ols",2,"binary",0,2.22044604925031e-16,0.0122448979591837
"crane",22,"ols",2,"binary",0,2.22044604925031e-16,0.0122448979591837
"crane",22,"ols",2,"binary",0,2.22044604925031e-16,0.0122448979591837
"crane",22,"ols",2,"binary",0,2.22044604925031e-16,0.0122448979591837
"crane",22,"ols",2,"binary",0,2.22044604925031e-16,0.0122448979591837
"crane",22,"ols",2,"binary",0,2.22044604925031e-16,0.0122448979591837
"crane",22,"ols",2,"binary",0,2.22044604925031e-16,0.0122448979591837
"crane",22,"ols",2,"binary",0,2.22044604925031e-16,0.0122448979591837
"crane",22,"ols",2,"binary",0,2.22044604925031e-16,0.0122448979591837
"crane",22,"ols",2,"binary",0,2.22044604925031e-16,0.0122448979591837
"crane",22,"ols",2,"binary",0,2.22044604925031e-16,0.0122448979591837
"crane",22,"ols",2,"binary",0,2.22044604925031e-16,0.0122448979591837
"crane",22,"ols",2,"binary",0,2.22044604925031e-16,0.0122448979591837
"crane",22,"ols",2,"binary",1,1.94207095306438e-07,0.0122448979591837
"crane",22,"ols",2,"binary",0,2.22044604925031e-16,0.0122448979591837
"crane",22,"ols",2,"binary",0,2.22044604925031e-16,0.0122448979591837
"crane",22,"ols",2,"binary",0,2.22044604925031e-16,0.0122448979591837
"crane",22,"ols",2,"binary",0,2.22044604925031e-16,0.0122448979591837
"crane",22,"ols",2,"binary",0,2.22044604925031e-16,0.0122448979591837
"crane",22,"ols",2,"binary",0,2.22044604925031e-16,0.0122448979591837
"crane",22,"ols",2,"binary",0,2.22044604925031e-16,0.0122448979591837
"crane",22,"ols",2,"binary",0,2.22044604925031e-16,0.0122448979591837
"crane",22,"ols",2,"binary",0,2.22044604925031e-16,0.0122448979591837
"crane",22,"ols",2,"binary",0,2.22044604925031e-16,0.0122448979591837
"crane",22,"ols",2,"binary",0,2.22044604925031e-16,0.0122448979591837
"crane",22,"ols",2,"binary",0,2.22044604925031e-16,0.0122448979591837
"crane",22,"ols",2,"binary",0,2.22044604925031e-16,0.0122448979591837
"crane",22,"ols",2,"binary",0,2.22044604925031e-16,0.0122448979591837
"crane",22,"ols",2,"binary",0,2.22044604925031e-16,0.0122448979591837
"crane",22,"ols",2,"binary",0,2.22044604925031e-16,0.0122448979591837
"crane",22,"ols",2,"binary",0,2.22044604925031e-16,0.0122448979591837
"crane",22,"ols",2,"binary",0,2.22044604925031e-16,0.0122448979591837
"crane",22,"ols",2,"binary",0,2.22044604925031e-16,0.0122448979591837
"crane",22,"ols",2,"binary",0,2.22044604925031e-16,0.0122448979591837
"crane",22,"ols",2,"binary",0,2.22044604925031e-16,0.0122448979591837
"crane",22,"ols",2,"binary",0,2.22044604925031e-16,0.0122448979591837
"crane",22,"ols",2,"binary",0,2.22044604925031e-16,0.0122448979591837
"crane",22,"ols",2,"binary",0,2.22044604925031e-16,0.0122448979591837
"crane",22,"ols",2,"binary",0,2.22044604925031e-16,0.0122448979591837
"crane",22,"ols",2,"binary",0,2.22044604925031e-16,0.0122448979591837
"crane",22,"ols",2,"binary",0,2.22044604925031e-16,0.0122448979591837
"crane",22,"ols",2,"binary",0,2.22044604925031e-16,0.0122448979591837
"crane",22,"ols",2,"binary",0,2.22044604925031e-16,0.0122448979591837
"crane",22,"ols",2,"binary",0,2.22044604925031e-16,0.0122448979591837
"crane",22,"ols",2,"binary",0,2.22044604925031e-16,0.0122448979591837
"crane",22,"ols",2,"binary",1,1.94207095306438e-07,0.0122448979591837
"crane",22,"ols",2,"binary",0,2.22044604925031e-16,0.0122448979591837
"crane",22,"ols",2,"binary",0,2.22044604925031e-16,0.0122448979591837
"crane",22,"ols",2,"binary",0,2.22044604925031e-16,0.0122448979591837
"crane",22,"ols",2,"binary",0,2.22044604925031e-16,0.0122448979591837
"crane",22,"ols",2,"binary",0,2.22044604925031e-16,0.0122448979591837
"crane",22,"ols",2,"binary",0,2.22044604925031e-16,0.0122448979591837
"crane",22,"ols",2,"binary",0,2.22044604925031e-16,0.0122448979591837
"crane",22,"ols",2,"binary",0,2.22044604925031e-16,0.0122448979591837
"crane",22,"ols",2,"binary",0,2.22044604925031e-16,0.0122448979591837
"crane",22,"ols",2,"binary",0,2.22044604925031e-16,0.0122448979591837
"crane",22,"ols",2,"binary",0,2.22044604925031e-16,0.0122448979591837
"crane",22,"ols",2,"binary",0,2.22044604925031e-16,0.0122448979591837
"crane",22,"ols",2,"binary",0,2.22044604925031e-16,0.0122448979591837
"crane",22,"ols",2,"binary",0,2.22044604925031e-16,0.0122448979591837
"crane",22,"ols",2,"binary",0,2.22044604925031e-16,0.0122448979591837
"crane",22,"ols",2,"binary",0,2.22044604925031e-16,0.0122448979591837
"crane",22,"ols",2,"binary",0,2.22044604925031e-16,0.0122448979591837
"crane",22,"ols",2,"binary",0,2.22044604925031e-16,0.0122448979591837
"crane",22,"ols",2,"binary",0,2.22044604925031e-16,0.0122448979591837
"crane",22,"ols",2,"binary",0,2.22044604925031e-16,0.0122448979591837
"crane",22,"ols",2,"binary",0,2.22044604925031e-16,0.0122448979591837
"crane",22,"ols",2,"binary",0,2.22044604925031e-16,0.0122448979591837
"crane",22,"ols",2,"binary",0,2.22044604925031e-16,0.0122448979591837
"crane",22,"ols",2,"binary",0,2.22044604925031e-16,0.0122448979591837
"crane",22,"ols",2,"binary",0,2.22044604925031e-16,0.0122448979591837
"crane",22,"ols",2,"binary",0,2.22044604925031e-16,0.0122448979591837
"crane",22,"ols",2,"binary",0,2.22044604925031e-16,0.0122448979591837
"crane",22,"ols",2,"binary",0,2.22044604925031e-16,0.0122448979591837
"crane",22,"ols",2,"binary",0,2.22044604925031e-16,0.0122448979591837
"crane",22,"ols",2,"binary",0,2.22044604925031e-16,0.0122448979591837
"crane",22,"ols",2,"binary",0,2.22044604925031e-16,0.0122448979591837
"crane",22,"ols",2,"binary",1,1.94207095306438e-07,0.0122448979591837
"crane",22,"ols",2,"binary",0,2.22044604925031e-16,0.0122448979591837
"crane",22,"ols",2,"binary",0,2.22044604925031e-16,0.0122448979591837
"crane",22,"ols",2,"binary",0,2.22044604925031e-16,0.0122448979591837
"crane",22,"ols",2,"binary",0,2.22044604925031e-16,0.0122448979591837
"crane",22,"ols",2,"binary",0,2.22044604925031e-16,0.0122448979591837
"crane",22,"ols",2,"binary",0,2.22044604925031e-16,0.0122448979591837
"crane",22,"ols",2,"binary",0,2.22044604925031e-16,0.0122448979591837
"crane",22,"ols",2,"binary",0,2.22044604925031e-16,0.0122448979591837
"crane",22,"ols",2,"binary",0,2.22044604925031e-16,0.0122448979591837
"crane",22,"ols",2,"binary",0,2.22044604925031e-16,0.0122448979591837
"crane",22,"ols",2,"binary",0,2.22044604925031e-16,0.0122448979591837
"crane",22,"ols",2,"binary",0,2.22044604925031e-16,0.0122448979591837
"crane",22,"ols",2,"binary",0,2.22044604925031e-16,0.0122448979591837
"crane",22,"ols",2,"binary",0,2.22044604925031e-16,0.0122448979591837
"crane",22,"ols",2,"binary",0,2.22044604925031e-16,0.0122448979591837
"crane",22,"ols",2,"binary",0,2.22044604925031e-16,0.0122448979591837
"crane",22,"ols",2,"binary",0,2.22044604925031e-16,0.0122448979591837
"crane",22,"ols",2,"binary",0,2.22044604925031e-16,0.0122448979591837
"crane",22,"ols",2,"binary",0,2.22044604925031e-16,0.0122448979591837
"crane",22,"ols",2,"binary",0,2.22044604925031e-16,0.0122448979591837
"crane",22,"ols",2,"binary",0,2.22044604925031e-16,0.0122448979591837
"crane",22,"ols",2,"binary",0,2.22044604925031e-16,0.0122448979591837
"crane",22,"ols",2,"binary",0,2.22044604925031e-16,0.0122448979591837
"crane",22,"ols",2,"binary",0,2.22044604925031e-16,0.0122448979591837
"crane",22,"ols",2,"binary",0,2.22044604925031e-16,0.0122448979591837
"crane",22,"ols",2,"binary",0,2.22044604925031e-16,0.0122448979591837
"crane",22,"ols",2,"binary",0,2.22044604925031e-16,0.0122448979591837
"crane",22,"ols",2,"binary",0,2.22044604925031e-16,0.0122448979591837
"crane",22,"ols",2,"binary",0,2.22044604925031e-16,0.0122448979591837
"crane",22,"ols",2,"binary",0,2.22044604925031e-16,0.0122448979591837
"crane",22,"ols",2,"binary",0,2.22044604925031e-16,0.0122448979591837
"crane",22,"ols",2,"binary",1,1.94207095306438e-07,0.0122448979591837
"crane",22,"ols",2,"binary",0,2.22044604925031e-16,0.0122448979591837
"crane",22,"ols",2,"binary",0,2.22044604925031e-16,0.0122448979591837
"crane",22,"ols",2,"binary",0,2.22044604925031e-16,0.0122448979591837
"crane",22,"ols",2,"binary",0,2.22044604925031e-16,0.0122448979591837
"crane",22,"ols",2,"binary",0,2.22044604925031e-16,0.0122448979591837
"crane",22,"ols",2,"binary",0,2.22044604925031e-16,0.0122448979591837
"crane",22,"ols",2,"binary",0,2.22044604925031e-16,0.0122448979591837
"crane",22,"ols",2,"binary",0,2.22044604925031e-16,0.0122448979591837
"crane",22,"ols",2,"binary",0,2.22044604925031e-16,0.0122448979591837
"crane",22,"ols",2,"binary",0,2.22044604925031e-16,0.0122448979591837
"crane",22,"ols",2,"binary",0,2.22044604925031e-16,0.0122448979591837
"crane",22,"ols",2,"binary",0,2.22044604925031e-16,0.0122448979591837
"crane",22,"ols",2,"binary",0,2.22044604925031e-16,0.0122448979591837
"crane",22,"ols",2,"binary",0,2.22044604925031e-16,0.0122448979591837
"crane",22,"ols",2,"binary",0,2.22044604925031e-16,0.0122448979591837
"crane",22,"ols",2,"binary",0,2.22044604925031e-16,0.0122448979591837
"crane",22,"ols",2,"binary",0,2.22044604925031e-16,0.0122448979591837
"crane",22,"ols",2,"binary",0,2.22044604925031e-16,0.0122448979591837
"crane",22,"ols",2,"binary",0,2.22044604925031e-16,0.0122448979591837
"crane",22,"ols",2,"binary",0,2.22044604925031e-16,0.0122448979591837
"crane",22,"ols",2,"binary",0,2.22044604925031e-16,0.0122448979591837
"crane",22,"ols",2,"binary",0,2.22044604925031e-16,0.0122448979591837
"crane",22,"ols",2,"binary",0,2.22044604925031e-16,0.0122448979591837
"crane",22,"ols",2,"binary",0,2.22044604925031e-16,0.0122448979591837
"crane",22,"ols",2,"binary",0,2.22044604925031e-16,0.0122448979591837
"crane",22,"ols",2,"binary",0,2.22044604925031e-16,0.0122448979591837
"crane",22,"ols",2,"binary",0,2.22044604925031e-16,0.0122448979591837
"crane",22,"ols",2,"binary",0,2.22044604925031e-16,0.0122448979591837
"crane",22,"ols",2,"binary",0,2.22044604925031e-16,0.0122448979591837
"crane",22,"ols",2,"binary",0,2.22044604925031e-16,0.0122448979591837
"crane",22,"ols",2,"binary",0,2.22044604925031e-16,0.0122448979591837
"crane",22,"ols",2,"binary",1,1.94207095306438e-07,0.0122448979591837
"crane",22,"ols",2,"binary",0,2.22044604925031e-16,0.0122448979591837
"crane",22,"ols",2,"binary",0,2.22044604925031e-16,0.0122448979591837
"crane",22,"ols",2,"binary",0,2.22044604925031e-16,0.0122448979591837
"crane",22,"ols",2,"binary",0,2.22044604925031e-16,0.0122448979591837
"crane",22,"ols",2,"binary",0,2.22044604925031e-16,0.0122448979591837
"crane",22,"ols",2,"binary",0,2.22044604925031e-16,0.0122448979591837
"crane",22,"ols",2,"binary",0,2.22044604925031e-16,0.0122448979591837
"crane",22,"ols",2,"binary",0,2.22044604925031e-16,0.0122448979591837
"crane",22,"ols",2,"binary",0,2.22044604925031e-16,0.0122448979591837
"crane",22,"ols",2,"binary",0,2.22044604925031e-16,0.0122448979591837
"crane",22,"ols",2,"binary",0,2.22044604925031e-16,0.0122448979591837
"crane",22,"ols",2,"binary",0,2.22044604925031e-16,0.0122448979591837
"crane",22,"ols",2,"binary",0,2.22044604925031e-16,0.0122448979591837
"crane",22,"ols",2,"binary",0,2.22044604925031e-16,0.0122448979591837
"crane",22,"ols",3,"binary",0,2.22044604925031e-16,0.0211538461538462
"crane",22,"ols",3,"binary",0,2.22044604925031e-16,0.0211538461538462
"crane",22,"ols",3,"binary",0,2.22044604925031e-16,0.0211538461538462
"crane",22,"ols",3,"binary",0,2.22044604925031e-16,0.0211538461538462
"crane",22,"ols",3,"binary",0,2.22044604925031e-16,0.0211538461538462
"crane",22,"ols",3,"binary",0,2.22044604925031e-16,0.0211538461538462
"crane",22,"ols",3,"binary",0,2.22044604925031e-16,0.0211538461538462
"crane",22,"ols",3,"binary",0,2.22044604925031e-16,0.0211538461538462
"crane",22,"ols",3,"binary",0,1,0.0211538461538462
"crane",22,"ols",3,"binary",0,2.22044604925031e-16,0.0211538461538462
"crane",22,"ols",3,"binary",0,2.22044604925031e-16,0.0211538461538462
"crane",22,"ols",3,"binary",0,2.22044604925031e-16,0.0211538461538462
"crane",22,"ols",3,"binary",0,2.22044604925031e-16,0.0211538461538462
"crane",22,"ols",3,"binary",0,2.22044604925031e-16,0.0211538461538462
"crane",22,"ols",3,"binary",0,2.22044604925031e-16,0.0211538461538462
"crane",22,"ols",3,"binary",0,2.22044604925031e-16,0.0211538461538462
"crane",22,"ols",3,"binary",0,2.22044604925031e-16,0.0211538461538462
"crane",22,"ols",3,"binary",0,2.22044604925031e-16,0.0211538461538462
"crane",22,"ols",3,"binary",0,2.22044604925031e-16,0.0211538461538462
"crane",22,"ols",3,"binary",0,2.22044604925031e-16,0.0211538461538462
"crane",22,"ols",3,"binary",0,2.22044604925031e-16,0.0211538461538462
"crane",22,"ols",3,"binary",0,2.22044604925031e-16,0.0211538461538462
"crane",22,"ols",3,"binary",0,2.22044604925031e-16,0.0211538461538462
"crane",22,"ols",3,"binary",0,2.22044604925031e-16,0.0211538461538462
"crane",22,"ols",3,"binary",0,1,0.0211538461538462
"crane",22,"ols",3,"binary",0,2.22044604925031e-16,0.0211538461538462
"crane",22,"ols",3,"binary",0,2.22044604925031e-16,0.0211538461538462
"crane",22,"ols",3,"binary",0,2.22044604925031e-16,0.0211538461538462
"crane",22,"ols",3,"binary",0,2.22044604925031e-16,0.0211538461538462
"crane",22,"ols",3,"binary",0,2.22044604925031e-16,0.0211538461538462
"crane",22,"ols",3,"binary",0,2.22044604925031e-16,0.0211538461538462
"crane",22,"ols",3,"binary",0,2.22044604925031e-16,0.0211538461538462
"crane",22,"ols",3,"binary",0,2.22044604925031e-16,0.0211538461538462
"crane",22,"ols",3,"binary",0,2.22044604925031e-16,0.0211538461538462
"crane",22,"ols",3,"binary",0,1,0.0211538461538462
"crane",22,"ols",3,"binary",0,2.22044604925031e-16,0.0211538461538462
"crane",22,"ols",3,"binary",0,2.22044604925031e-16,0.0211538461538462
"crane",22,"ols",3,"binary",0,2.22044604925031e-16,0.0211538461538462
"crane",22,"ols",3,"binary",0,2.22044604925031e-16,0.0211538461538462
"crane",22,"ols",3,"binary",0,2.22044604925031e-16,0.0211538461538462
"crane",22,"ols",3,"binary",0,2.22044604925031e-16,0.0211538461538462
"crane",22,"ols",3,"binary",0,2.22044604925031e-16,0.0211538461538462
"crane",22,"ols",3,"binary",0,2.22044604925031e-16,0.0211538461538462
"crane",22,"ols",3,"binary",0,2.22044604925031e-16,0.0211538461538462
"crane",22,"ols",3,"binary",0,2.22044604925031e-16,0.0211538461538462
"crane",22,"ols",3,"binary",0,2.22044604925031e-16,0.0211538461538462
"crane",22,"ols",3,"binary",0,2.22044604925031e-16,0.0211538461538462
"crane",22,"ols",3,"binary",0,2.22044604925031e-16,0.0211538461538462
"crane",22,"ols",3,"binary",0,2.22044604925031e-16,0.0211538461538462
"crane",22,"ols",3,"binary",0,2.22044604925031e-16,0.0211538461538462
"crane",22,"ols",3,"binary",0,1,0.0211538461538462
"crane",22,"ols",3,"binary",0,2.22044604925031e-16,0.0211538461538462
"crane",22,"ols",3,"binary",0,2.22044604925031e-16,0.0211538461538462
"crane",22,"ols",3,"binary",0,2.22044604925031e-16,0.0211538461538462
"crane",22,"ols",3,"binary",0,2.22044604925031e-16,0.0211538461538462
"crane",22,"ols",3,"binary",0,2.22044604925031e-16,0.0211538461538462
"crane",22,"ols",3,"binary",0,2.22044604925031e-16,0.0211538461538462
"crane",22,"ols",3,"binary",0,2.22044604925031e-16,0.0211538461538462
"crane",22,"ols",3,"binary",0,2.22044604925031e-16,0.0211538461538462
"crane",22,"ols",3,"binary",0,2.22044604925031e-16,0.0211538461538462
"crane",22,"ols",3,"binary",0,1,0.0211538461538462
"crane",22,"ols",3,"binary",0,2.22044604925031e-16,0.0211538461538462
"crane",22,"ols",3,"binary",0,2.22044604925031e-16,0.0211538461538462
"crane",22,"ols",3,"binary",0,2.22044604925031e-16,0.0211538461538462
"crane",22,"ols",3,"binary",0,2.22044604925031e-16,0.0211538461538462
"crane",22,"ols",3,"binary",0,2.22044604925031e-16,0.0211538461538462
"crane",22,"ols",3,"binary",0,2.22044604925031e-16,0.0211538461538462
"crane",22,"ols",3,"binary",0,2.22044604925031e-16,0.0211538461538462
"crane",22,"ols",3,"binary",0,2.22044604925031e-16,0.0211538461538462
"crane",22,"ols",3,"binary",0,2.22044604925031e-16,0.0211538461538462
"crane",22,"ols",3,"binary",0,2.22044604925031e-16,0.0211538461538462
"crane",22,"ols",3,"binary",0,2.22044604925031e-16,0.0211538461538462
"crane",22,"ols",3,"binary",0,2.22044604925031e-16,0.0211538461538462
"crane",22,"ols",3,"binary",0,2.22044604925031e-16,0.0211538461538462
"crane",22,"ols",3,"binary",0,2.22044604925031e-16,0.0211538461538462
"crane",22,"ols",3,"binary",0,2.22044604925031e-16,0.0211538461538462
"crane",22,"ols",3,"binary",0,1,0.0211538461538462
"crane",22,"ols",3,"binary",0,2.22044604925031e-16,0.0211538461538462
"crane",22,"ols",3,"binary",0,2.22044604925031e-16,0.0211538461538462
"crane",22,"ols",3,"binary",0,2.22044604925031e-16,0.0211538461538462
"crane",22,"ols",3,"binary",0,2.22044604925031e-16,0.0211538461538462
"crane",22,"ols",3,"binary",0,2.22044604925031e-16,0.0211538461538462
"crane",22,"ols",3,"binary",0,2.22044604925031e-16,0.0211538461538462
"crane",22,"ols",3,"binary",0,2.22044604925031e-16,0.0211538461538462
"crane",22,"ols",3,"binary",0,2.22044604925031e-16,0.0211538461538462
"crane",22,"ols",3,"binary",0,2.22044604925031e-16,0.0211538461538462
"crane",22,"ols",3,"binary",0,1,0.0211538461538462
"crane",22,"ols",3,"binary",0,2.22044604925031e-16,0.0211538461538462
"crane",22,"ols",3,"binary",0,2.22044604925031e-16,0.0211538461538462
"crane",22,"ols",3,"binary",0,2.22044604925031e-16,0.0211538461538462
"crane",22,"ols",3,"binary",0,2.22044604925031e-16,0.0211538461538462
"crane",22,"ols",3,"binary",0,2.22044604925031e-16,0.0211538461538462
"crane",22,"ols",3,"binary",0,2.22044604925031e-16,0.0211538461538462
"crane",22,"ols",3,"binary",0,2.22044604925031e-16,0.0211538461538462
"crane",22,"ols",3,"binary",0,2.22044604925031e-16,0.0211538461538462
"crane",22,"ols",3,"binary",0,2.22044604925031e-16,0.0211538461538462
"crane",22,"ols",3,"binary",0,2.22044604925031e-16,0.0211538461538462
"crane",22,"ols",3,"binary",0,2.22044604925031e-16,0.0211538461538462
"crane",22,"ols",3,"binary",0,2.22044604925031e-16,0.0211538461538462
"crane",22,"ols",3,"binary",0,2.22044604925031e-16,0.0211538461538462
"crane",22,"ols",3,"binary",0,2.22044604925031e-16,0.0211538461538462
"crane",22,"ols",3,"binary",0,2.22044604925031e-16,0.0211538461538462
"crane",22,"ols",3,"binary",0,1,0.0211538461538462
"crane",22,"ols",3,"binary",0,2.22044604925031e-16,0.0211538461538462
"crane",22,"ols",3,"binary",0,2.22044604925031e-16,0.0211538461538462
"crane",22,"ols",3,"binary",0,2.22044604925031e-16,0.0211538461538462
"crane",22,"ols",3,"binary",0,2.22044604925031e-16,0.0211538461538462
"crane",22,"ols",3,"binary",0,2.22044604925031e-16,0.0211538461538462
"crane",22,"ols",3,"binary",0,2.22044604925031e-16,0.0211538461538462
"crane",22,"ols",3,"binary",0,2.22044604925031e-16,0.0211538461538462
"crane",22,"ols",3,"binary",0,2.22044604925031e-16,0.0211538461538462
"crane",22,"ols",3,"binary",0,2.22044604925031e-16,0.0211538461538462
"crane",22,"ols",3,"binary",0,1,0.0211538461538462
"crane",22,"ols",3,"binary",0,2.22044604925031e-16,0.0211538461538462
"crane",22,"ols",3,"binary",0,2.22044604925031e-16,0.0211538461538462
"crane",22,"ols",3,"binary",0,2.22044604925031e-16,0.0211538461538462
"crane",22,"ols",3,"binary",0,2.22044604925031e-16,0.0211538461538462
"crane",22,"ols",3,"binary",0,2.22044604925031e-16,0.0211538461538462
"crane",22,"ols",3,"binary",0,2.22044604925031e-16,0.0211538461538462
"crane",22,"ols",3,"binary",0,2.22044604925031e-16,0.0211538461538462
"crane",22,"ols",3,"binary",0,2.22044604925031e-16,0.0211538461538462
"crane",22,"ols",3,"binary",0,2.22044604925031e-16,0.0211538461538462
"crane",22,"ols",3,"binary",0,2.22044604925031e-16,0.0211538461538462
"crane",22,"ols",3,"binary",0,2.22044604925031e-16,0.0211538461538462
"crane",22,"ols",3,"binary",0,2.22044604925031e-16,0.0211538461538462
"crane",22,"ols",3,"binary",0,2.22044604925031e-16,0.0211538461538462
"crane",22,"ols",3,"binary",0,2.22044604925031e-16,0.0211538461538462
"crane",22,"ols",3,"binary",0,2.22044604925031e-16,0.0211538461538462
"crane",22,"ols",3,"binary",0,1,0.0211538461538462
"crane",22,"ols",3,"binary",0,2.22044604925031e-16,0.0211538461538462
"crane",22,"ols",4,"binary",0,2.22044604925031e-16,0.0188679245283019
"crane",22,"ols",4,"binary",0,2.22044604925031e-16,0.0188679245283019
"crane",22,"ols",4,"binary",0,2.22044604925031e-16,0.0188679245283019
"crane",22,"ols",4,"binary",0,2.22044604925031e-16,0.0188679245283019
"crane",22,"ols",4,"binary",0,2.22044604925031e-16,0.0188679245283019
"crane",22,"ols",4,"binary",0,2.22044604925031e-16,0.0188679245283019
"crane",22,"ols",4,"binary",0,2.22044604925031e-16,0.0188679245283019
"crane",22,"ols",4,"binary",0,2.22044604925031e-16,0.0188679245283019
"crane",22,"ols",4,"binary",0,2.22044604925031e-16,0.0188679245283019
"crane",22,"ols",4,"binary",0,2.22044604925031e-16,0.0188679245283019
"crane",22,"ols",4,"binary",0,2.22044604925031e-16,0.0188679245283019
"crane",22,"ols",4,"binary",0,2.22044604925031e-16,0.0188679245283019
"crane",22,"ols",4,"binary",0,2.22044604925031e-16,0.0188679245283019
"crane",22,"ols",4,"binary",0,2.22044604925031e-16,0.0188679245283019
"crane",22,"ols",4,"binary",0,2.22044604925031e-16,0.0188679245283019
"crane",22,"ols",4,"binary",0,2.22044604925031e-16,0.0188679245283019
"crane",22,"ols",4,"binary",0,2.22044604925031e-16,0.0188679245283019
"crane",22,"ols",4,"binary",0,2.22044604925031e-16,0.0188679245283019
"crane",22,"ols",4,"binary",0,2.22044604925031e-16,0.0188679245283019
"crane",22,"ols",4,"binary",0,2.22044604925031e-16,0.0188679245283019
"crane",22,"ols",4,"binary",0,2.22044604925031e-16,0.0188679245283019
"crane",22,"ols",4,"binary",0,2.22044604925031e-16,0.0188679245283019
"crane",22,"ols",4,"binary",0,2.22044604925031e-16,0.0188679245283019
"crane",22,"ols",4,"binary",0,2.22044604925031e-16,0.0188679245283019
"crane",22,"ols",4,"binary",0,2.22044604925031e-16,0.0188679245283019
"crane",22,"ols",4,"binary",0,2.22044604925031e-16,0.0188679245283019
"crane",22,"ols",4,"binary",0,2.22044604925031e-16,0.0188679245283019
"crane",22,"ols",4,"binary",0,2.22044604925031e-16,0.0188679245283019
"crane",22,"ols",4,"binary",0,2.22044604925031e-16,0.0188679245283019
"crane",22,"ols",4,"binary",0,2.22044604925031e-16,0.0188679245283019
"crane",22,"ols",4,"binary",0,2.22044604925031e-16,0.0188679245283019
"crane",22,"ols",4,"binary",0,2.22044604925031e-16,0.0188679245283019
"crane",22,"ols",4,"binary",0,2.22044604925031e-16,0.0188679245283019
"crane",22,"ols",4,"binary",0,2.22044604925031e-16,0.0188679245283019
"crane",22,"ols",4,"binary",0,2.22044604925031e-16,0.0188679245283019
"crane",22,"ols",4,"binary",0,2.22044604925031e-16,0.0188679245283019
"crane",22,"ols",4,"binary",0,2.22044604925031e-16,0.0188679245283019
"crane",22,"ols",4,"binary",0,2.22044604925031e-16,0.0188679245283019
"crane",22,"ols",4,"binary",0,2.22044604925031e-16,0.0188679245283019
"crane",22,"ols",4,"binary",0,2.22044604925031e-16,0.0188679245283019
"crane",22,"ols",4,"binary",0,2.22044604925031e-16,0.0188679245283019
"crane",22,"ols",4,"binary",0,2.22044604925031e-16,0.0188679245283019
"crane",22,"ols",4,"binary",0,2.22044604925031e-16,0.0188679245283019
"crane",22,"ols",4,"binary",0,2.22044604925031e-16,0.0188679245283019
"crane",22,"ols",4,"binary",0,2.22044604925031e-16,0.0188679245283019
"crane",22,"ols",4,"binary",0,2.22044604925031e-16,0.0188679245283019
"crane",22,"ols",4,"binary",0,2.22044604925031e-16,0.0188679245283019
"crane",22,"ols",4,"binary",0,2.22044604925031e-16,0.0188679245283019
"crane",22,"ols",4,"binary",0,2.22044604925031e-16,0.0188679245283019
"crane",22,"ols",4,"binary",0,2.22044604925031e-16,0.0188679245283019
"crane",22,"ols",4,"binary",0,2.22044604925031e-16,0.0188679245283019
"crane",22,"ols",4,"binary",0,2.22044604925031e-16,0.0188679245283019
"crane",22,"ols",4,"binary",0,2.22044604925031e-16,0.0188679245283019
"crane",22,"ols",4,"binary",0,2.22044604925031e-16,0.0188679245283019
"crane",22,"ols",4,"binary",0,2.22044604925031e-16,0.0188679245283019
"crane",22,"ols",4,"binary",0,2.22044604925031e-16,0.0188679245283019
"crane",22,"ols",4,"binary",0,2.22044604925031e-16,0.0188679245283019
"crane",22,"ols",4,"binary",0,2.22044604925031e-16,0.0188679245283019
"crane",22,"ols",4,"binary",0,2.22044604925031e-16,0.0188679245283019
"crane",22,"ols",4,"binary",0,2.22044604925031e-16,0.0188679245283019
"crane",22,"ols",4,"binary",0,2.22044604925031e-16,0.0188679245283019
"crane",22,"ols",4,"binary",0,2.22044604925031e-16,0.0188679245283019
"crane",22,"ols",4,"binary",0,2.22044604925031e-16,0.0188679245283019
"crane",22,"ols",4,"binary",0,2.22044604925031e-16,0.0188679245283019
"crane",22,"ols",4,"binary",0,2.22044604925031e-16,0.0188679245283019
"crane",22,"ols",4,"binary",0,2.22044604925031e-16,0.0188679245283019
"crane",22,"ols",4,"binary",0,2.22044604925031e-16,0.0188679245283019
"crane",22,"ols",4,"binary",0,2.22044604925031e-16,0.0188679245283019
"crane",22,"ols",4,"binary",0,2.22044604925031e-16,0.0188679245283019
"crane",22,"ols",4,"binary",0,2.22044604925031e-16,0.0188679245283019
"crane",22,"ols",4,"binary",0,2.22044604925031e-16,0.0188679245283019
"crane",22,"ols",4,"binary",0,2.22044604925031e-16,0.0188679245283019
"crane",22,"ols",4,"binary",0,2.22044604925031e-16,0.0188679245283019
"crane",22,"ols",4,"binary",0,2.22044604925031e-16,0.0188679245283019
"crane",22,"ols",4,"binary",0,2.22044604925031e-16,0.0188679245283019
"crane",22,"ols",4,"binary",0,2.22044604925031e-16,0.0188679245283019
"crane",22,"ols",4,"binary",0,2.22044604925031e-16,0.0188679245283019
"crane",22,"ols",4,"binary",0,2.22044604925031e-16,0.0188679245283019
"crane",22,"ols",4,"binary",0,2.22044604925031e-16,0.0188679245283019
"crane",22,"ols",4,"binary",0,2.22044604925031e-16,0.0188679245283019
"crane",22,"ols",4,"binary",0,2.22044604925031e-16,0.0188679245283019
"crane",22,"ols",4,"binary",0,2.22044604925031e-16,0.0188679245283019
"crane",22,"ols",4,"binary",0,2.22044604925031e-16,0.0188679245283019
"crane",22,"ols",4,"binary",0,2.22044604925031e-16,0.0188679245283019
"crane",22,"ols",4,"binary",0,2.22044604925031e-16,0.0188679245283019
"crane",22,"ols",4,"binary",0,2.22044604925031e-16,0.0188679245283019
"crane",22,"ols",4,"binary",0,2.22044604925031e-16,0.0188679245283019
"crane",22,"ols",4,"binary",0,2.22044604925031e-16,0.0188679245283019
"crane",22,"ols",4,"binary",0,2.22044604925031e-16,0.0188679245283019
"crane",22,"ols",4,"binary",0,2.22044604925031e-16,0.0188679245283019
"crane",22,"ols",4,"binary",0,2.22044604925031e-16,0.0188679245283019
"crane",22,"ols",4,"binary",0,2.22044604925031e-16,0.0188679245283019
"crane",22,"ols",4,"binary",0,2.22044604925031e-16,0.0188679245283019
"crane",22,"ols",4,"binary",0,2.22044604925031e-16,0.0188679245283019
"crane",22,"ols",4,"binary",0,2.22044604925031e-16,0.0188679245283019
"crane",22,"ols",4,"binary",0,2.22044604925031e-16,0.0188679245283019
"crane",22,"ols",4,"binary",0,2.22044604925031e-16,0.0188679245283019
"crane",22,"ols",4,"binary",0,2.22044604925031e-16,0.0188679245283019
"crane",22,"ols",4,"binary",1,2.22044604925031e-16,0.0188679245283019
"crane",22,"ols",4,"binary",0,2.22044604925031e-16,0.0188679245283019
"crane",22,"ols",4,"binary",0,2.22044604925031e-16,0.0188679245283019
"crane",22,"ols",4,"binary",0,2.22044604925031e-16,0.0188679245283019
"crane",22,"ols",4,"binary",0,2.22044604925031e-16,0.0188679245283019
"crane",22,"ols",4,"binary",0,2.22044604925031e-16,0.0188679245283019
"crane",22,"ols",4,"binary",0,2.22044604925031e-16,0.0188679245283019
"crane",22,"ols",4,"binary",0,2.22044604925031e-16,0.0188679245283019
"crane",22,"ols",4,"binary",0,2.22044604925031e-16,0.0188679245283019
"crane",22,"ols",4,"binary",0,2.22044604925031e-16,0.0188679245283019
"crane",22,"ols",4,"binary",0,2.22044604925031e-16,0.0188679245283019
"crane",22,"ols",4,"binary",0,2.22044604925031e-16,0.0188679245283019
"crane",22,"ols",4,"binary",0,2.22044604925031e-16,0.0188679245283019
"crane",22,"ols",4,"binary",0,2.22044604925031e-16,0.0188679245283019
"crane",22,"ols",4,"binary",0,2.22044604925031e-16,0.0188679245283019
"crane",22,"ols",4,"binary",0,2.22044604925031e-16,0.0188679245283019
"crane",22,"ols",4,"binary",0,2.22044604925031e-16,0.0188679245283019
"crane",22,"ols",4,"binary",0,2.22044604925031e-16,0.0188679245283019
"crane",22,"ols",4,"binary",0,2.22044604925031e-16,0.0188679245283019
"crane",22,"ols",4,"binary",0,2.22044604925031e-16,0.0188679245283019
"crane",22,"ols",4,"binary",0,2.22044604925031e-16,0.0188679245283019
"crane",22,"ols",4,"binary",0,2.22044604925031e-16,0.0188679245283019
"crane",22,"ols",5,"binary",0,2.22044604925031e-16,0.0207547169811321
"crane",22,"ols",5,"binary",0,2.22044604925031e-16,0.0207547169811321
"crane",22,"ols",5,"binary",0,2.22044604925031e-16,0.0207547169811321
"crane",22,"ols",5,"binary",0,2.22044604925031e-16,0.0207547169811321
"crane",22,"ols",5,"binary",0,2.22044604925031e-16,0.0207547169811321
"crane",22,"ols",5,"binary",0,2.22044604925031e-16,0.0207547169811321
"crane",22,"ols",5,"binary",0,2.22044604925031e-16,0.0207547169811321
"crane",22,"ols",5,"binary",0,2.22044604925031e-16,0.0207547169811321
"crane",22,"ols",5,"binary",0,2.22044604925031e-16,0.0207547169811321
"crane",22,"ols",5,"binary",0,2.22044604925031e-16,0.0207547169811321
"crane",22,"ols",5,"binary",0,2.22044604925031e-16,0.0207547169811321
"crane",22,"ols",5,"binary",0,2.22044604925031e-16,0.0207547169811321
"crane",22,"ols",5,"binary",0,2.22044604925031e-16,0.0207547169811321
"crane",22,"ols",5,"binary",0,2.22044604925031e-16,0.0207547169811321
"crane",22,"ols",5,"binary",0,2.22044604925031e-16,0.0207547169811321
"crane",22,"ols",5,"binary",0,2.22044604925031e-16,0.0207547169811321
"crane",22,"ols",5,"binary",0,2.22044604925031e-16,0.0207547169811321
"crane",22,"ols",5,"binary",0,2.22044604925031e-16,0.0207547169811321
"crane",22,"ols",5,"binary",0,2.22044604925031e-16,0.0207547169811321
"crane",22,"ols",5,"binary",0,2.22044604925031e-16,0.0207547169811321
"crane",22,"ols",5,"binary",0,2.22044604925031e-16,0.0207547169811321
"crane",22,"ols",5,"binary",0,2.22044604925031e-16,0.0207547169811321
"crane",22,"ols",5,"binary",0,2.22044604925031e-16,0.0207547169811321
"crane",22,"ols",5,"binary",0,2.22044604925031e-16,0.0207547169811321
"crane",22,"ols",5,"binary",0,2.22044604925031e-16,0.0207547169811321
"crane",22,"ols",5,"binary",0,2.22044604925031e-16,0.0207547169811321
"crane",22,"ols",5,"binary",0,2.22044604925031e-16,0.0207547169811321
"crane",22,"ols",5,"binary",0,2.22044604925031e-16,0.0207547169811321
"crane",22,"ols",5,"binary",0,2.22044604925031e-16,0.0207547169811321
"crane",22,"ols",5,"binary",0,2.22044604925031e-16,0.0207547169811321
"crane",22,"ols",5,"binary",0,2.22044604925031e-16,0.0207547169811321
"crane",22,"ols",5,"binary",0,2.22044604925031e-16,0.0207547169811321
"crane",22,"ols",5,"binary",0,2.22044604925031e-16,0.0207547169811321
"crane",22,"ols",5,"binary",0,2.22044604925031e-16,0.0207547169811321
"crane",22,"ols",5,"binary",0,2.22044604925031e-16,0.0207547169811321
"crane",22,"ols",5,"binary",0,2.22044604925031e-16,0.0207547169811321
"crane",22,"ols",5,"binary",0,2.22044604925031e-16,0.0207547169811321
"crane",22,"ols",5,"binary",0,2.22044604925031e-16,0.0207547169811321
"crane",22,"ols",5,"binary",0,2.22044604925031e-16,0.0207547169811321
"crane",22,"ols",5,"binary",0,2.22044604925031e-16,0.0207547169811321
"crane",22,"ols",5,"binary",0,2.22044604925031e-16,0.0207547169811321
"crane",22,"ols",5,"binary",0,2.22044604925031e-16,0.0207547169811321
"crane",22,"ols",5,"binary",0,2.22044604925031e-16,0.0207547169811321
"crane",22,"ols",5,"binary",0,2.22044604925031e-16,0.0207547169811321
"crane",22,"ols",5,"binary",0,2.22044604925031e-16,0.0207547169811321
"crane",22,"ols",5,"binary",0,2.22044604925031e-16,0.0207547169811321
"crane",22,"ols",5,"binary",0,2.22044604925031e-16,0.0207547169811321
"crane",22,"ols",5,"binary",0,2.22044604925031e-16,0.0207547169811321
"crane",22,"ols",5,"binary",0,2.22044604925031e-16,0.0207547169811321
"crane",22,"ols",5,"binary",0,2.22044604925031e-16,0.0207547169811321
"crane",22,"ols",5,"binary",0,2.22044604925031e-16,0.0207547169811321
"crane",22,"ols",5,"binary",0,2.22044604925031e-16,0.0207547169811321
"crane",22,"ols",5,"binary",0,2.22044604925031e-16,0.0207547169811321
"crane",22,"ols",5,"binary",0,2.22044604925031e-16,0.0207547169811321
"crane",22,"ols",5,"binary",0,2.22044604925031e-16,0.0207547169811321
"crane",22,"ols",5,"binary",0,2.22044604925031e-16,0.0207547169811321
"crane",22,"ols",5,"binary",0,2.22044604925031e-16,0.0207547169811321
"crane",22,"ols",5,"binary",0,2.22044604925031e-16,0.0207547169811321
"crane",22,"ols",5,"binary",0,2.22044604925031e-16,0.0207547169811321
"crane",22,"ols",5,"binary",0,2.22044604925031e-16,0.0207547169811321
"crane",22,"ols",5,"binary",0,2.22044604925031e-16,0.0207547169811321
"crane",22,"ols",5,"binary",0,2.22044604925031e-16,0.0207547169811321
"crane",22,"ols",5,"binary",0,2.22044604925031e-16,0.0207547169811321
"crane",22,"ols",5,"binary",0,2.22044604925031e-16,0.0207547169811321
"crane",22,"ols",5,"binary",0,2.22044604925031e-16,0.0207547169811321
"crane",22,"ols",5,"binary",0,2.22044604925031e-16,0.0207547169811321
"crane",22,"ols",5,"binary",0,2.22044604925031e-16,0.0207547169811321
"crane",22,"ols",5,"binary",0,2.22044604925031e-16,0.0207547169811321
"crane",22,"ols",5,"binary",0,2.22044604925031e-16,0.0207547169811321
"crane",22,"ols",5,"binary",0,2.22044604925031e-16,0.0207547169811321
"crane",22,"ols",5,"binary",0,2.22044604925031e-16,0.0207547169811321
"crane",22,"ols",5,"binary",0,2.22044604925031e-16,0.0207547169811321
"crane",22,"ols",5,"binary",0,2.22044604925031e-16,0.0207547169811321
"crane",22,"ols",5,"binary",0,2.22044604925031e-16,0.0207547169811321
"crane",22,"ols",5,"binary",0,2.22044604925031e-16,0.0207547169811321
"crane",22,"ols",5,"binary",0,2.22044604925031e-16,0.0207547169811321
"crane",22,"ols",5,"binary",0,2.22044604925031e-16,0.0207547169811321
"crane",22,"ols",5,"binary",0,2.22044604925031e-16,0.0207547169811321
"crane",22,"ols",5,"binary",0,2.22044604925031e-16,0.0207547169811321
"crane",22,"ols",5,"binary",0,2.22044604925031e-16,0.0207547169811321
"crane",22,"ols",5,"binary",0,2.22044604925031e-16,0.0207547169811321
"crane",22,"ols",5,"binary",0,2.22044604925031e-16,0.0207547169811321
"crane",22,"ols",5,"binary",0,2.22044604925031e-16,0.0207547169811321
"crane",22,"ols",5,"binary",0,2.22044604925031e-16,0.0207547169811321
"crane",22,"ols",5,"binary",0,2.22044604925031e-16,0.0207547169811321
"crane",22,"ols",5,"binary",0,2.22044604925031e-16,0.0207547169811321
"crane",22,"ols",5,"binary",0,2.22044604925031e-16,0.0207547169811321
"crane",22,"ols",5,"binary",0,2.22044604925031e-16,0.0207547169811321
"crane",22,"ols",5,"binary",0,2.22044604925031e-16,0.0207547169811321
"crane",22,"ols",5,"binary",0,2.22044604925031e-16,0.0207547169811321
"crane",22,"ols",5,"binary",0,2.22044604925031e-16,0.0207547169811321
"crane",22,"ols",5,"binary",0,2.22044604925031e-16,0.0207547169811321
"crane",22,"ols",5,"binary",0,2.22044604925031e-16,0.0207547169811321
"crane",22,"ols",5,"binary",0,2.22044604925031e-16,0.0207547169811321
"crane",22,"ols",5,"binary",0,2.22044604925031e-16,0.0207547169811321
"crane",22,"ols",5,"binary",0,2.22044604925031e-16,0.0207547169811321
"crane",22,"ols",5,"binary",0,2.22044604925031e-16,0.0207547169811321
"crane",22,"ols",5,"binary",0,2.22044604925031e-16,0.0207547169811321
"crane",22,"ols",5,"binary",0,2.22044604925031e-16,0.0207547169811321
"crane",22,"ols",5,"binary",0,2.22044604925031e-16,0.0207547169811321
"crane",22,"ols",5,"binary",0,2.22044604925031e-16,0.0207547169811321
"crane",22,"ols",5,"binary",0,2.22044604925031e-16,0.0207547169811321
"crane",22,"ols",5,"binary",0,2.22044604925031e-16,0.0207547169811321
"crane",22,"ols",5,"binary",0,2.22044604925031e-16,0.0207547169811321
"crane",22,"ols",5,"binary",0,2.22044604925031e-16,0.0207547169811321
"crane",22,"ols",5,"binary",0,2.22044604925031e-16,0.0207547169811321
"crane",22,"ols",5,"binary",0,2.22044604925031e-16,0.0207547169811321
"crane",22,"ols",5,"binary",0,2.22044604925031e-16,0.0207547169811321
"crane",22,"ols",5,"binary",0,2.22044604925031e-16,0.0207547169811321
"crane",22,"ols",5,"binary",0,2.22044604925031e-16,0.0207547169811321
"crane",22,"ols",5,"binary",0,2.22044604925031e-16,0.0207547169811321
"crane",22,"ols",5,"binary",0,2.22044604925031e-16,0.0207547169811321
"crane",22,"ols",5,"binary",0,2.22044604925031e-16,0.0207547169811321
"crane",22,"ols",5,"binary",0,2.22044604925031e-16,0.0207547169811321
"crane",22,"ols",5,"binary",0,2.22044604925031e-16,0.0207547169811321
"crane",22,"ols",5,"binary",0,2.22044604925031e-16,0.0207547169811321
"crane",22,"ols",5,"binary",0,2.22044604925031e-16,0.0207547169811321
"crane",22,"ols",5,"binary",0,2.22044604925031e-16,0.0207547169811321
"crane",22,"ols",5,"binary",0,2.22044604925031e-16,0.0207547169811321
"crane",22,"ols",5,"binary",0,2.22044604925031e-16,0.0207547169811321
"crane",22,"gam_spatial",1,"binary",0,2.22044604925031e-16,0.0113207547169811
"crane",22,"gam_spatial",1,"binary",0,2.22044604925031e-16,0.0113207547169811
"crane",22,"gam_spatial",1,"binary",0,2.22044604925031e-16,0.0113207547169811
"crane",22,"gam_spatial",1,"binary",0,2.22044604925031e-16,0.0113207547169811
"crane",22,"gam_spatial",1,"binary",0,2.22044604925031e-16,0.0113207547169811
"crane",22,"gam_spatial",1,"binary",0,0.999999999787028,0.0113207547169811
"crane",22,"gam_spatial",1,"binary",0,2.22044604925031e-16,0.0113207547169811
"crane",22,"gam_spatial",1,"binary",0,2.22044604925031e-16,0.0113207547169811
"crane",22,"gam_spatial",1,"binary",0,2.22044604925031e-16,0.0113207547169811
"crane",22,"gam_spatial",1,"binary",0,4.09412726455791e-13,0.0113207547169811
"crane",22,"gam_spatial",1,"binary",0,2.22044604925031e-16,0.0113207547169811
"crane",22,"gam_spatial",1,"binary",0,2.22044604925031e-16,0.0113207547169811
"crane",22,"gam_spatial",1,"binary",0,2.22044604925031e-16,0.0113207547169811
"crane",22,"gam_spatial",1,"binary",0,2.22044604925031e-16,0.0113207547169811
"crane",22,"gam_spatial",1,"binary",0,2.22044604925031e-16,0.0113207547169811
"crane",22,"gam_spatial",1,"binary",0,2.22044604925031e-16,0.0113207547169811
"crane",22,"gam_spatial",1,"binary",1,1,0.0113207547169811
"crane",22,"gam_spatial",1,"binary",0,2.22044604925031e-16,0.0113207547169811
"crane",22,"gam_spatial",1,"binary",0,2.22044604925031e-16,0.0113207547169811
"crane",22,"gam_spatial",1,"binary",0,2.22044604925031e-16,0.0113207547169811
"crane",22,"gam_spatial",1,"binary",0,2.22044604925031e-16,0.0113207547169811
"crane",22,"gam_spatial",1,"binary",0,2.22044604925031e-16,0.0113207547169811
"crane",22,"gam_spatial",1,"binary",0,2.22044604925031e-16,0.0113207547169811
"crane",22,"gam_spatial",1,"binary",0,2.22044604925031e-16,0.0113207547169811
"crane",22,"gam_spatial",1,"binary",0,2.22044604925031e-16,0.0113207547169811
"crane",22,"gam_spatial",1,"binary",0,2.22044604925031e-16,0.0113207547169811
"crane",22,"gam_spatial",1,"binary",0,2.22044604925031e-16,0.0113207547169811
"crane",22,"gam_spatial",1,"binary",0,2.22044604925031e-16,0.0113207547169811
"crane",22,"gam_spatial",1,"binary",0,2.22044604925031e-16,0.0113207547169811
"crane",22,"gam_spatial",1,"binary",0,0.999999999787028,0.0113207547169811
"crane",22,"gam_spatial",1,"binary",0,2.22044604925031e-16,0.0113207547169811
"crane",22,"gam_spatial",1,"binary",0,2.22044604925031e-16,0.0113207547169811
"crane",22,"gam_spatial",1,"binary",0,2.22044604925031e-16,0.0113207547169811
"crane",22,"gam_spatial",1,"binary",0,4.09412726455791e-13,0.0113207547169811
"crane",22,"gam_spatial",1,"binary",0,2.22044604925031e-16,0.0113207547169811
"crane",22,"gam_spatial",1,"binary",0,2.22044604925031e-16,0.0113207547169811
"crane",22,"gam_spatial",1,"binary",0,2.22044604925031e-16,0.0113207547169811
"crane",22,"gam_spatial",1,"binary",0,2.22044604925031e-16,0.0113207547169811
"crane",22,"gam_spatial",1,"binary",0,2.22044604925031e-16,0.0113207547169811
"crane",22,"gam_spatial",1,"binary",0,2.22044604925031e-16,0.0113207547169811
"crane",22,"gam_spatial",1,"binary",1,1,0.0113207547169811
"crane",22,"gam_spatial",1,"binary",0,2.22044604925031e-16,0.0113207547169811
"crane",22,"gam_spatial",1,"binary",0,2.22044604925031e-16,0.0113207547169811
"crane",22,"gam_spatial",1,"binary",0,2.22044604925031e-16,0.0113207547169811
"crane",22,"gam_spatial",1,"binary",0,2.22044604925031e-16,0.0113207547169811
"crane",22,"gam_spatial",1,"binary",0,2.22044604925031e-16,0.0113207547169811
"crane",22,"gam_spatial",1,"binary",0,2.22044604925031e-16,0.0113207547169811
"crane",22,"gam_spatial",1,"binary",0,2.22044604925031e-16,0.0113207547169811
"crane",22,"gam_spatial",1,"binary",0,2.22044604925031e-16,0.0113207547169811
"crane",22,"gam_spatial",1,"binary",0,2.22044604925031e-16,0.0113207547169811
"crane",22,"gam_spatial",1,"binary",0,2.22044604925031e-16,0.0113207547169811
"crane",22,"gam_spatial",1,"binary",0,2.22044604925031e-16,0.0113207547169811
"crane",22,"gam_spatial",1,"binary",0,2.22044604925031e-16,0.0113207547169811
"crane",22,"gam_spatial",1,"binary",0,0.999999999787028,0.0113207547169811
"crane",22,"gam_spatial",1,"binary",0,2.22044604925031e-16,0.0113207547169811
"crane",22,"gam_spatial",1,"binary",0,2.22044604925031e-16,0.0113207547169811
"crane",22,"gam_spatial",1,"binary",0,2.22044604925031e-16,0.0113207547169811
"crane",22,"gam_spatial",1,"binary",0,4.09412726455791e-13,0.0113207547169811
"crane",22,"gam_spatial",1,"binary",0,2.22044604925031e-16,0.0113207547169811
"crane",22,"gam_spatial",1,"binary",0,2.22044604925031e-16,0.0113207547169811
"crane",22,"gam_spatial",1,"binary",0,2.22044604925031e-16,0.0113207547169811
"crane",22,"gam_spatial",1,"binary",0,2.22044604925031e-16,0.0113207547169811
"crane",22,"gam_spatial",1,"binary",0,2.22044604925031e-16,0.0113207547169811
"crane",22,"gam_spatial",1,"binary",0,2.22044604925031e-16,0.0113207547169811
"crane",22,"gam_spatial",1,"binary",1,1,0.0113207547169811
"crane",22,"gam_spatial",1,"binary",0,2.22044604925031e-16,0.0113207547169811
"crane",22,"gam_spatial",1,"binary",0,2.22044604925031e-16,0.0113207547169811
"crane",22,"gam_spatial",1,"binary",0,2.22044604925031e-16,0.0113207547169811
"crane",22,"gam_spatial",1,"binary",0,2.22044604925031e-16,0.0113207547169811
"crane",22,"gam_spatial",1,"binary",0,2.22044604925031e-16,0.0113207547169811
"crane",22,"gam_spatial",1,"binary",0,2.22044604925031e-16,0.0113207547169811
"crane",22,"gam_spatial",1,"binary",0,2.22044604925031e-16,0.0113207547169811
"crane",22,"gam_spatial",1,"binary",0,2.22044604925031e-16,0.0113207547169811
"crane",22,"gam_spatial",1,"binary",0,2.22044604925031e-16,0.0113207547169811
"crane",22,"gam_spatial",1,"binary",0,2.22044604925031e-16,0.0113207547169811
"crane",22,"gam_spatial",1,"binary",0,2.22044604925031e-16,0.0113207547169811
"crane",22,"gam_spatial",1,"binary",0,2.22044604925031e-16,0.0113207547169811
"crane",22,"gam_spatial",1,"binary",0,0.999999999787028,0.0113207547169811
"crane",22,"gam_spatial",1,"binary",0,2.22044604925031e-16,0.0113207547169811
"crane",22,"gam_spatial",1,"binary",0,2.22044604925031e-16,0.0113207547169811
"crane",22,"gam_spatial",1,"binary",0,2.22044604925031e-16,0.0113207547169811
"crane",22,"gam_spatial",1,"binary",0,4.09412726455791e-13,0.0113207547169811
"crane",22,"gam_spatial",1,"binary",0,2.22044604925031e-16,0.0113207547169811
"crane",22,"gam_spatial",1,"binary",0,2.22044604925031e-16,0.0113207547169811
"crane",22,"gam_spatial",1,"binary",0,2.22044604925031e-16,0.0113207547169811
"crane",22,"gam_spatial",1,"binary",0,2.22044604925031e-16,0.0113207547169811
"crane",22,"gam_spatial",1,"binary",0,2.22044604925031e-16,0.0113207547169811
"crane",22,"gam_spatial",1,"binary",0,2.22044604925031e-16,0.0113207547169811
"crane",22,"gam_spatial",1,"binary",1,1,0.0113207547169811
"crane",22,"gam_spatial",1,"binary",0,2.22044604925031e-16,0.0113207547169811
"crane",22,"gam_spatial",1,"binary",0,2.22044604925031e-16,0.0113207547169811
"crane",22,"gam_spatial",1,"binary",0,2.22044604925031e-16,0.0113207547169811
"crane",22,"gam_spatial",1,"binary",0,2.22044604925031e-16,0.0113207547169811
"crane",22,"gam_spatial",1,"binary",0,2.22044604925031e-16,0.0113207547169811
"crane",22,"gam_spatial",1,"binary",0,2.22044604925031e-16,0.0113207547169811
"crane",22,"gam_spatial",1,"binary",0,2.22044604925031e-16,0.0113207547169811
"crane",22,"gam_spatial",1,"binary",0,2.22044604925031e-16,0.0113207547169811
"crane",22,"gam_spatial",1,"binary",0,2.22044604925031e-16,0.0113207547169811
"crane",22,"gam_spatial",1,"binary",0,2.22044604925031e-16,0.0113207547169811
"crane",22,"gam_spatial",1,"binary",0,2.22044604925031e-16,0.0113207547169811
"crane",22,"gam_spatial",1,"binary",0,2.22044604925031e-16,0.0113207547169811
"crane",22,"gam_spatial",1,"binary",0,0.999999999787028,0.0113207547169811
"crane",22,"gam_spatial",1,"binary",0,2.22044604925031e-16,0.0113207547169811
"crane",22,"gam_spatial",1,"binary",0,2.22044604925031e-16,0.0113207547169811
"crane",22,"gam_spatial",1,"binary",0,2.22044604925031e-16,0.0113207547169811
"crane",22,"gam_spatial",1,"binary",0,4.09412726455791e-13,0.0113207547169811
"crane",22,"gam_spatial",1,"binary",0,2.22044604925031e-16,0.0113207547169811
"crane",22,"gam_spatial",1,"binary",0,2.22044604925031e-16,0.0113207547169811
"crane",22,"gam_spatial",1,"binary",0,2.22044604925031e-16,0.0113207547169811
"crane",22,"gam_spatial",1,"binary",0,2.22044604925031e-16,0.0113207547169811
"crane",22,"gam_spatial",1,"binary",0,2.22044604925031e-16,0.0113207547169811
"crane",22,"gam_spatial",1,"binary",0,2.22044604925031e-16,0.0113207547169811
"crane",22,"gam_spatial",1,"binary",1,1,0.0113207547169811
"crane",22,"gam_spatial",1,"binary",0,2.22044604925031e-16,0.0113207547169811
"crane",22,"gam_spatial",1,"binary",0,2.22044604925031e-16,0.0113207547169811
"crane",22,"gam_spatial",1,"binary",0,2.22044604925031e-16,0.0113207547169811
"crane",22,"gam_spatial",1,"binary",0,2.22044604925031e-16,0.0113207547169811
"crane",22,"gam_spatial",1,"binary",0,2.22044604925031e-16,0.0113207547169811
"crane",22,"gam_spatial",1,"binary",0,2.22044604925031e-16,0.0113207547169811
"crane",22,"gam_spatial",1,"binary",0,2.22044604925031e-16,0.0113207547169811
"crane",22,"gam_spatial",2,"binary",0,2.22044604925031e-16,0.0122448979591837
"crane",22,"gam_spatial",2,"binary",0,2.22044604925031e-16,0.0122448979591837
"crane",22,"gam_spatial",2,"binary",0,2.22044604925031e-16,0.0122448979591837
"crane",22,"gam_spatial",2,"binary",0,2.22044604925031e-16,0.0122448979591837
"crane",22,"gam_spatial",2,"binary",0,2.22044604925031e-16,0.0122448979591837
"crane",22,"gam_spatial",2,"binary",0,2.22044604925031e-16,0.0122448979591837
"crane",22,"gam_spatial",2,"binary",0,2.22044604925031e-16,0.0122448979591837
"crane",22,"gam_spatial",2,"binary",0,2.22044604925031e-16,0.0122448979591837
"crane",22,"gam_spatial",2,"binary",0,2.22044604925031e-16,0.0122448979591837
"crane",22,"gam_spatial",2,"binary",0,2.22044604925031e-16,0.0122448979591837
"crane",22,"gam_spatial",2,"binary",0,2.22044604925031e-16,0.0122448979591837
"crane",22,"gam_spatial",2,"binary",0,2.22044604925031e-16,0.0122448979591837
"crane",22,"gam_spatial",2,"binary",0,2.22044604925031e-16,0.0122448979591837
"crane",22,"gam_spatial",2,"binary",0,2.22044604925031e-16,0.0122448979591837
"crane",22,"gam_spatial",2,"binary",0,2.22044604925031e-16,0.0122448979591837
"crane",22,"gam_spatial",2,"binary",0,2.22044604925031e-16,0.0122448979591837
"crane",22,"gam_spatial",2,"binary",0,2.22044604925031e-16,0.0122448979591837
"crane",22,"gam_spatial",2,"binary",1,0.999948494257711,0.0122448979591837
"crane",22,"gam_spatial",2,"binary",0,2.22044604925031e-16,0.0122448979591837
"crane",22,"gam_spatial",2,"binary",0,2.22044604925031e-16,0.0122448979591837
"crane",22,"gam_spatial",2,"binary",0,2.22044604925031e-16,0.0122448979591837
"crane",22,"gam_spatial",2,"binary",0,2.22044604925031e-16,0.0122448979591837
"crane",22,"gam_spatial",2,"binary",0,2.22044604925031e-16,0.0122448979591837
"crane",22,"gam_spatial",2,"binary",0,3.24730992405247e-06,0.0122448979591837
"crane",22,"gam_spatial",2,"binary",0,2.22044604925031e-16,0.0122448979591837
"crane",22,"gam_spatial",2,"binary",0,2.22044604925031e-16,0.0122448979591837
"crane",22,"gam_spatial",2,"binary",0,2.22044604925031e-16,0.0122448979591837
"crane",22,"gam_spatial",2,"binary",0,2.22044604925031e-16,0.0122448979591837
"crane",22,"gam_spatial",2,"binary",0,2.22044604925031e-16,0.0122448979591837
"crane",22,"gam_spatial",2,"binary",0,2.22044604925031e-16,0.0122448979591837
"crane",22,"gam_spatial",2,"binary",0,2.22044604925031e-16,0.0122448979591837
"crane",22,"gam_spatial",2,"binary",0,0.999999884111652,0.0122448979591837
"crane",22,"gam_spatial",2,"binary",0,2.22044604925031e-16,0.0122448979591837
"crane",22,"gam_spatial",2,"binary",0,2.22044604925031e-16,0.0122448979591837
"crane",22,"gam_spatial",2,"binary",0,2.22044604925031e-16,0.0122448979591837
"crane",22,"gam_spatial",2,"binary",0,2.22044604925031e-16,0.0122448979591837
"crane",22,"gam_spatial",2,"binary",0,2.22044604925031e-16,0.0122448979591837
"crane",22,"gam_spatial",2,"binary",0,2.22044604925031e-16,0.0122448979591837
"crane",22,"gam_spatial",2,"binary",0,2.22044604925031e-16,0.0122448979591837
"crane",22,"gam_spatial",2,"binary",0,2.22044604925031e-16,0.0122448979591837
"crane",22,"gam_spatial",2,"binary",0,2.22044604925031e-16,0.0122448979591837
"crane",22,"gam_spatial",2,"binary",0,2.22044604925031e-16,0.0122448979591837
"crane",22,"gam_spatial",2,"binary",0,2.22044604925031e-16,0.0122448979591837
"crane",22,"gam_spatial",2,"binary",0,2.22044604925031e-16,0.0122448979591837
"crane",22,"gam_spatial",2,"binary",0,2.22044604925031e-16,0.0122448979591837
"crane",22,"gam_spatial",2,"binary",0,2.22044604925031e-16,0.0122448979591837
"crane",22,"gam_spatial",2,"binary",0,2.22044604925031e-16,0.0122448979591837
"crane",22,"gam_spatial",2,"binary",0,2.22044604925031e-16,0.0122448979591837
"crane",22,"gam_spatial",2,"binary",0,2.22044604925031e-16,0.0122448979591837
"crane",22,"gam_spatial",2,"binary",1,0.999948494257711,0.0122448979591837
"crane",22,"gam_spatial",2,"binary",0,2.22044604925031e-16,0.0122448979591837
"crane",22,"gam_spatial",2,"binary",0,2.22044604925031e-16,0.0122448979591837
"crane",22,"gam_spatial",2,"binary",0,2.22044604925031e-16,0.0122448979591837
"crane",22,"gam_spatial",2,"binary",0,2.22044604925031e-16,0.0122448979591837
"crane",22,"gam_spatial",2,"binary",0,2.22044604925031e-16,0.0122448979591837
"crane",22,"gam_spatial",2,"binary",0,3.24730992405247e-06,0.0122448979591837
"crane",22,"gam_spatial",2,"binary",0,2.22044604925031e-16,0.0122448979591837
"crane",22,"gam_spatial",2,"binary",0,2.22044604925031e-16,0.0122448979591837
"crane",22,"gam_spatial",2,"binary",0,2.22044604925031e-16,0.0122448979591837
"crane",22,"gam_spatial",2,"binary",0,2.22044604925031e-16,0.0122448979591837
"crane",22,"gam_spatial",2,"binary",0,2.22044604925031e-16,0.0122448979591837
"crane",22,"gam_spatial",2,"binary",0,2.22044604925031e-16,0.0122448979591837
"crane",22,"gam_spatial",2,"binary",0,2.22044604925031e-16,0.0122448979591837
"crane",22,"gam_spatial",2,"binary",0,0.999999884111652,0.0122448979591837
"crane",22,"gam_spatial",2,"binary",0,2.22044604925031e-16,0.0122448979591837
"crane",22,"gam_spatial",2,"binary",0,2.22044604925031e-16,0.0122448979591837
"crane",22,"gam_spatial",2,"binary",0,2.22044604925031e-16,0.0122448979591837
"crane",22,"gam_spatial",2,"binary",0,2.22044604925031e-16,0.0122448979591837
"crane",22,"gam_spatial",2,"binary",0,2.22044604925031e-16,0.0122448979591837
"crane",22,"gam_spatial",2,"binary",0,2.22044604925031e-16,0.0122448979591837
"crane",22,"gam_spatial",2,"binary",0,2.22044604925031e-16,0.0122448979591837
"crane",22,"gam_spatial",2,"binary",0,2.22044604925031e-16,0.0122448979591837
"crane",22,"gam_spatial",2,"binary",0,2.22044604925031e-16,0.0122448979591837
"crane",22,"gam_spatial",2,"binary",0,2.22044604925031e-16,0.0122448979591837
"crane",22,"gam_spatial",2,"binary",0,2.22044604925031e-16,0.0122448979591837
"crane",22,"gam_spatial",2,"binary",0,2.22044604925031e-16,0.0122448979591837
"crane",22,"gam_spatial",2,"binary",0,2.22044604925031e-16,0.0122448979591837
"crane",22,"gam_spatial",2,"binary",0,2.22044604925031e-16,0.0122448979591837
"crane",22,"gam_spatial",2,"binary",0,2.22044604925031e-16,0.0122448979591837
"crane",22,"gam_spatial",2,"binary",0,2.22044604925031e-16,0.0122448979591837
"crane",22,"gam_spatial",2,"binary",0,2.22044604925031e-16,0.0122448979591837
"crane",22,"gam_spatial",2,"binary",1,0.999948494257711,0.0122448979591837
"crane",22,"gam_spatial",2,"binary",0,2.22044604925031e-16,0.0122448979591837
"crane",22,"gam_spatial",2,"binary",0,2.22044604925031e-16,0.0122448979591837
"crane",22,"gam_spatial",2,"binary",0,2.22044604925031e-16,0.0122448979591837
"crane",22,"gam_spatial",2,"binary",0,2.22044604925031e-16,0.0122448979591837
"crane",22,"gam_spatial",2,"binary",0,2.22044604925031e-16,0.0122448979591837
"crane",22,"gam_spatial",2,"binary",0,3.24730992405247e-06,0.0122448979591837
"crane",22,"gam_spatial",2,"binary",0,2.22044604925031e-16,0.0122448979591837
"crane",22,"gam_spatial",2,"binary",0,2.22044604925031e-16,0.0122448979591837
"crane",22,"gam_spatial",2,"binary",0,2.22044604925031e-16,0.0122448979591837
"crane",22,"gam_spatial",2,"binary",0,2.22044604925031e-16,0.0122448979591837
"crane",22,"gam_spatial",2,"binary",0,2.22044604925031e-16,0.0122448979591837
"crane",22,"gam_spatial",2,"binary",0,2.22044604925031e-16,0.0122448979591837
"crane",22,"gam_spatial",2,"binary",0,2.22044604925031e-16,0.0122448979591837
"crane",22,"gam_spatial",2,"binary",0,0.999999884111652,0.0122448979591837
"crane",22,"gam_spatial",2,"binary",0,2.22044604925031e-16,0.0122448979591837
"crane",22,"gam_spatial",2,"binary",0,2.22044604925031e-16,0.0122448979591837
"crane",22,"gam_spatial",2,"binary",0,2.22044604925031e-16,0.0122448979591837
"crane",22,"gam_spatial",2,"binary",0,2.22044604925031e-16,0.0122448979591837
"crane",22,"gam_spatial",2,"binary",0,2.22044604925031e-16,0.0122448979591837
"crane",22,"gam_spatial",2,"binary",0,2.22044604925031e-16,0.0122448979591837
"crane",22,"gam_spatial",2,"binary",0,2.22044604925031e-16,0.0122448979591837
"crane",22,"gam_spatial",2,"binary",0,2.22044604925031e-16,0.0122448979591837
"crane",22,"gam_spatial",2,"binary",0,2.22044604925031e-16,0.0122448979591837
"crane",22,"gam_spatial",2,"binary",0,2.22044604925031e-16,0.0122448979591837
"crane",22,"gam_spatial",2,"binary",0,2.22044604925031e-16,0.0122448979591837
"crane",22,"gam_spatial",2,"binary",0,2.22044604925031e-16,0.0122448979591837
"crane",22,"gam_spatial",2,"binary",0,2.22044604925031e-16,0.0122448979591837
"crane",22,"gam_spatial",2,"binary",0,2.22044604925031e-16,0.0122448979591837
"crane",22,"gam_spatial",2,"binary",0,2.22044604925031e-16,0.0122448979591837
"crane",22,"gam_spatial",2,"binary",0,2.22044604925031e-16,0.0122448979591837
"crane",22,"gam_spatial",2,"binary",0,2.22044604925031e-16,0.0122448979591837
"crane",22,"gam_spatial",2,"binary",1,0.999948494257711,0.0122448979591837
"crane",22,"gam_spatial",2,"binary",0,2.22044604925031e-16,0.0122448979591837
"crane",22,"gam_spatial",2,"binary",0,2.22044604925031e-16,0.0122448979591837
"crane",22,"gam_spatial",2,"binary",0,2.22044604925031e-16,0.0122448979591837
"crane",22,"gam_spatial",2,"binary",0,2.22044604925031e-16,0.0122448979591837
"crane",22,"gam_spatial",2,"binary",0,2.22044604925031e-16,0.0122448979591837
"crane",22,"gam_spatial",2,"binary",0,3.24730992405247e-06,0.0122448979591837
"crane",22,"gam_spatial",2,"binary",0,2.22044604925031e-16,0.0122448979591837
"crane",22,"gam_spatial",2,"binary",0,2.22044604925031e-16,0.0122448979591837
"crane",22,"gam_spatial",2,"binary",0,2.22044604925031e-16,0.0122448979591837
"crane",22,"gam_spatial",2,"binary",0,2.22044604925031e-16,0.0122448979591837
"crane",22,"gam_spatial",2,"binary",0,2.22044604925031e-16,0.0122448979591837
"crane",22,"gam_spatial",2,"binary",0,2.22044604925031e-16,0.0122448979591837
"crane",22,"gam_spatial",2,"binary",0,2.22044604925031e-16,0.0122448979591837
"crane",22,"gam_spatial",2,"binary",0,0.999999884111652,0.0122448979591837
"crane",22,"gam_spatial",2,"binary",0,2.22044604925031e-16,0.0122448979591837
"crane",22,"gam_spatial",2,"binary",0,2.22044604925031e-16,0.0122448979591837
"crane",22,"gam_spatial",2,"binary",0,2.22044604925031e-16,0.0122448979591837
"crane",22,"gam_spatial",2,"binary",0,2.22044604925031e-16,0.0122448979591837
"crane",22,"gam_spatial",2,"binary",0,2.22044604925031e-16,0.0122448979591837
"crane",22,"gam_spatial",2,"binary",0,2.22044604925031e-16,0.0122448979591837
"crane",22,"gam_spatial",2,"binary",0,2.22044604925031e-16,0.0122448979591837
"crane",22,"gam_spatial",2,"binary",0,2.22044604925031e-16,0.0122448979591837
"crane",22,"gam_spatial",2,"binary",0,2.22044604925031e-16,0.0122448979591837
"crane",22,"gam_spatial",2,"binary",0,2.22044604925031e-16,0.0122448979591837
"crane",22,"gam_spatial",2,"binary",0,2.22044604925031e-16,0.0122448979591837
"crane",22,"gam_spatial",2,"binary",0,2.22044604925031e-16,0.0122448979591837
"crane",22,"gam_spatial",2,"binary",0,2.22044604925031e-16,0.0122448979591837
"crane",22,"gam_spatial",2,"binary",0,2.22044604925031e-16,0.0122448979591837
"crane",22,"gam_spatial",2,"binary",0,2.22044604925031e-16,0.0122448979591837
"crane",22,"gam_spatial",2,"binary",0,2.22044604925031e-16,0.0122448979591837
"crane",22,"gam_spatial",2,"binary",0,2.22044604925031e-16,0.0122448979591837
"crane",22,"gam_spatial",2,"binary",1,0.999948494257711,0.0122448979591837
"crane",22,"gam_spatial",2,"binary",0,2.22044604925031e-16,0.0122448979591837
"crane",22,"gam_spatial",2,"binary",0,2.22044604925031e-16,0.0122448979591837
"crane",22,"gam_spatial",2,"binary",0,2.22044604925031e-16,0.0122448979591837
"crane",22,"gam_spatial",2,"binary",0,2.22044604925031e-16,0.0122448979591837
"crane",22,"gam_spatial",2,"binary",0,2.22044604925031e-16,0.0122448979591837
"crane",22,"gam_spatial",2,"binary",0,3.24730992405247e-06,0.0122448979591837
"crane",22,"gam_spatial",2,"binary",0,2.22044604925031e-16,0.0122448979591837
"crane",22,"gam_spatial",2,"binary",0,2.22044604925031e-16,0.0122448979591837
"crane",22,"gam_spatial",2,"binary",0,2.22044604925031e-16,0.0122448979591837
"crane",22,"gam_spatial",2,"binary",0,2.22044604925031e-16,0.0122448979591837
"crane",22,"gam_spatial",2,"binary",0,2.22044604925031e-16,0.0122448979591837
"crane",22,"gam_spatial",2,"binary",0,2.22044604925031e-16,0.0122448979591837
"crane",22,"gam_spatial",2,"binary",0,2.22044604925031e-16,0.0122448979591837
"crane",22,"gam_spatial",2,"binary",0,0.999999884111652,0.0122448979591837
"crane",22,"gam_spatial",3,"binary",0,2.22044604925031e-16,0.0211538461538462
"crane",22,"gam_spatial",3,"binary",0,2.22044604925031e-16,0.0211538461538462
"crane",22,"gam_spatial",3,"binary",0,2.22044604925031e-16,0.0211538461538462
"crane",22,"gam_spatial",3,"binary",0,2.22044604925031e-16,0.0211538461538462
"crane",22,"gam_spatial",3,"binary",0,2.22044604925031e-16,0.0211538461538462
"crane",22,"gam_spatial",3,"binary",0,2.22044604925031e-16,0.0211538461538462
"crane",22,"gam_spatial",3,"binary",0,2.22044604925031e-16,0.0211538461538462
"crane",22,"gam_spatial",3,"binary",0,2.22044604925031e-16,0.0211538461538462
"crane",22,"gam_spatial",3,"binary",0,2.22044604925031e-16,0.0211538461538462
"crane",22,"gam_spatial",3,"binary",0,2.22044604925031e-16,0.0211538461538462
"crane",22,"gam_spatial",3,"binary",0,2.22044604925031e-16,0.0211538461538462
"crane",22,"gam_spatial",3,"binary",0,2.22044604925031e-16,0.0211538461538462
"crane",22,"gam_spatial",3,"binary",0,2.22044604925031e-16,0.0211538461538462
"crane",22,"gam_spatial",3,"binary",0,2.22044604925031e-16,0.0211538461538462
"crane",22,"gam_spatial",3,"binary",0,1.68958150685273e-05,0.0211538461538462
"crane",22,"gam_spatial",3,"binary",0,2.22044604925031e-16,0.0211538461538462
"crane",22,"gam_spatial",3,"binary",0,2.22044604925031e-16,0.0211538461538462
"crane",22,"gam_spatial",3,"binary",0,2.22044604925031e-16,0.0211538461538462
"crane",22,"gam_spatial",3,"binary",0,2.22044604925031e-16,0.0211538461538462
"crane",22,"gam_spatial",3,"binary",0,2.22044604925031e-16,0.0211538461538462
"crane",22,"gam_spatial",3,"binary",0,2.22044604925031e-16,0.0211538461538462
"crane",22,"gam_spatial",3,"binary",0,2.22044604925031e-16,0.0211538461538462
"crane",22,"gam_spatial",3,"binary",0,2.22044604925031e-16,0.0211538461538462
"crane",22,"gam_spatial",3,"binary",0,2.22044604925031e-16,0.0211538461538462
"crane",22,"gam_spatial",3,"binary",0,2.22044604925031e-16,0.0211538461538462
"crane",22,"gam_spatial",3,"binary",0,2.22044604925031e-16,0.0211538461538462
"crane",22,"gam_spatial",3,"binary",0,2.22044604925031e-16,0.0211538461538462
"crane",22,"gam_spatial",3,"binary",0,2.22044604925031e-16,0.0211538461538462
"crane",22,"gam_spatial",3,"binary",0,2.22044604925031e-16,0.0211538461538462
"crane",22,"gam_spatial",3,"binary",0,2.22044604925031e-16,0.0211538461538462
"crane",22,"gam_spatial",3,"binary",0,2.22044604925031e-16,0.0211538461538462
"crane",22,"gam_spatial",3,"binary",0,2.22044604925031e-16,0.0211538461538462
"crane",22,"gam_spatial",3,"binary",0,2.22044604925031e-16,0.0211538461538462
"crane",22,"gam_spatial",3,"binary",0,2.22044604925031e-16,0.0211538461538462
"crane",22,"gam_spatial",3,"binary",0,2.22044604925031e-16,0.0211538461538462
"crane",22,"gam_spatial",3,"binary",0,2.22044604925031e-16,0.0211538461538462
"crane",22,"gam_spatial",3,"binary",0,2.22044604925031e-16,0.0211538461538462
"crane",22,"gam_spatial",3,"binary",0,2.22044604925031e-16,0.0211538461538462
"crane",22,"gam_spatial",3,"binary",0,2.22044604925031e-16,0.0211538461538462
"crane",22,"gam_spatial",3,"binary",0,2.22044604925031e-16,0.0211538461538462
"crane",22,"gam_spatial",3,"binary",0,1.68958150685273e-05,0.0211538461538462
"crane",22,"gam_spatial",3,"binary",0,2.22044604925031e-16,0.0211538461538462
"crane",22,"gam_spatial",3,"binary",0,2.22044604925031e-16,0.0211538461538462
"crane",22,"gam_spatial",3,"binary",0,2.22044604925031e-16,0.0211538461538462
"crane",22,"gam_spatial",3,"binary",0,2.22044604925031e-16,0.0211538461538462
"crane",22,"gam_spatial",3,"binary",0,2.22044604925031e-16,0.0211538461538462
"crane",22,"gam_spatial",3,"binary",0,2.22044604925031e-16,0.0211538461538462
"crane",22,"gam_spatial",3,"binary",0,2.22044604925031e-16,0.0211538461538462
"crane",22,"gam_spatial",3,"binary",0,2.22044604925031e-16,0.0211538461538462
"crane",22,"gam_spatial",3,"binary",0,2.22044604925031e-16,0.0211538461538462
"crane",22,"gam_spatial",3,"binary",0,2.22044604925031e-16,0.0211538461538462
"crane",22,"gam_spatial",3,"binary",0,2.22044604925031e-16,0.0211538461538462
"crane",22,"gam_spatial",3,"binary",0,2.22044604925031e-16,0.0211538461538462
"crane",22,"gam_spatial",3,"binary",0,2.22044604925031e-16,0.0211538461538462
"crane",22,"gam_spatial",3,"binary",0,2.22044604925031e-16,0.0211538461538462
"crane",22,"gam_spatial",3,"binary",0,2.22044604925031e-16,0.0211538461538462
"crane",22,"gam_spatial",3,"binary",0,2.22044604925031e-16,0.0211538461538462
"crane",22,"gam_spatial",3,"binary",0,2.22044604925031e-16,0.0211538461538462
"crane",22,"gam_spatial",3,"binary",0,2.22044604925031e-16,0.0211538461538462
"crane",22,"gam_spatial",3,"binary",0,2.22044604925031e-16,0.0211538461538462
"crane",22,"gam_spatial",3,"binary",0,2.22044604925031e-16,0.0211538461538462
"crane",22,"gam_spatial",3,"binary",0,2.22044604925031e-16,0.0211538461538462
"crane",22,"gam_spatial",3,"binary",0,2.22044604925031e-16,0.0211538461538462
"crane",22,"gam_spatial",3,"binary",0,2.22044604925031e-16,0.0211538461538462
"crane",22,"gam_spatial",3,"binary",0,2.22044604925031e-16,0.0211538461538462
"crane",22,"gam_spatial",3,"binary",0,2.22044604925031e-16,0.0211538461538462
"crane",22,"gam_spatial",3,"binary",0,1.68958150685273e-05,0.0211538461538462
"crane",22,"gam_spatial",3,"binary",0,2.22044604925031e-16,0.0211538461538462
"crane",22,"gam_spatial",3,"binary",0,2.22044604925031e-16,0.0211538461538462
"crane",22,"gam_spatial",3,"binary",0,2.22044604925031e-16,0.0211538461538462
"crane",22,"gam_spatial",3,"binary",0,2.22044604925031e-16,0.0211538461538462
"crane",22,"gam_spatial",3,"binary",0,2.22044604925031e-16,0.0211538461538462
"crane",22,"gam_spatial",3,"binary",0,2.22044604925031e-16,0.0211538461538462
"crane",22,"gam_spatial",3,"binary",0,2.22044604925031e-16,0.0211538461538462
"crane",22,"gam_spatial",3,"binary",0,2.22044604925031e-16,0.0211538461538462
"crane",22,"gam_spatial",3,"binary",0,2.22044604925031e-16,0.0211538461538462
"crane",22,"gam_spatial",3,"binary",0,2.22044604925031e-16,0.0211538461538462
"crane",22,"gam_spatial",3,"binary",0,2.22044604925031e-16,0.0211538461538462
"crane",22,"gam_spatial",3,"binary",0,2.22044604925031e-16,0.0211538461538462
"crane",22,"gam_spatial",3,"binary",0,2.22044604925031e-16,0.0211538461538462
"crane",22,"gam_spatial",3,"binary",0,2.22044604925031e-16,0.0211538461538462
"crane",22,"gam_spatial",3,"binary",0,2.22044604925031e-16,0.0211538461538462
"crane",22,"gam_spatial",3,"binary",0,2.22044604925031e-16,0.0211538461538462
"crane",22,"gam_spatial",3,"binary",0,2.22044604925031e-16,0.0211538461538462
"crane",22,"gam_spatial",3,"binary",0,2.22044604925031e-16,0.0211538461538462
"crane",22,"gam_spatial",3,"binary",0,2.22044604925031e-16,0.0211538461538462
"crane",22,"gam_spatial",3,"binary",0,2.22044604925031e-16,0.0211538461538462
"crane",22,"gam_spatial",3,"binary",0,2.22044604925031e-16,0.0211538461538462
"crane",22,"gam_spatial",3,"binary",0,2.22044604925031e-16,0.0211538461538462
"crane",22,"gam_spatial",3,"binary",0,2.22044604925031e-16,0.0211538461538462
"crane",22,"gam_spatial",3,"binary",0,2.22044604925031e-16,0.0211538461538462
"crane",22,"gam_spatial",3,"binary",0,2.22044604925031e-16,0.0211538461538462
"crane",22,"gam_spatial",3,"binary",0,1.68958150685273e-05,0.0211538461538462
"crane",22,"gam_spatial",3,"binary",0,2.22044604925031e-16,0.0211538461538462
"crane",22,"gam_spatial",3,"binary",0,2.22044604925031e-16,0.0211538461538462
"crane",22,"gam_spatial",3,"binary",0,2.22044604925031e-16,0.0211538461538462
"crane",22,"gam_spatial",3,"binary",0,2.22044604925031e-16,0.0211538461538462
"crane",22,"gam_spatial",3,"binary",0,2.22044604925031e-16,0.0211538461538462
"crane",22,"gam_spatial",3,"binary",0,2.22044604925031e-16,0.0211538461538462
"crane",22,"gam_spatial",3,"binary",0,2.22044604925031e-16,0.0211538461538462
"crane",22,"gam_spatial",3,"binary",0,2.22044604925031e-16,0.0211538461538462
"crane",22,"gam_spatial",3,"binary",0,2.22044604925031e-16,0.0211538461538462
"crane",22,"gam_spatial",3,"binary",0,2.22044604925031e-16,0.0211538461538462
"crane",22,"gam_spatial",3,"binary",0,2.22044604925031e-16,0.0211538461538462
"crane",22,"gam_spatial",3,"binary",0,2.22044604925031e-16,0.0211538461538462
"crane",22,"gam_spatial",3,"binary",0,2.22044604925031e-16,0.0211538461538462
"crane",22,"gam_spatial",3,"binary",0,2.22044604925031e-16,0.0211538461538462
"crane",22,"gam_spatial",3,"binary",0,2.22044604925031e-16,0.0211538461538462
"crane",22,"gam_spatial",3,"binary",0,2.22044604925031e-16,0.0211538461538462
"crane",22,"gam_spatial",3,"binary",0,2.22044604925031e-16,0.0211538461538462
"crane",22,"gam_spatial",3,"binary",0,2.22044604925031e-16,0.0211538461538462
"crane",22,"gam_spatial",3,"binary",0,2.22044604925031e-16,0.0211538461538462
"crane",22,"gam_spatial",3,"binary",0,2.22044604925031e-16,0.0211538461538462
"crane",22,"gam_spatial",3,"binary",0,2.22044604925031e-16,0.0211538461538462
"crane",22,"gam_spatial",3,"binary",0,2.22044604925031e-16,0.0211538461538462
"crane",22,"gam_spatial",3,"binary",0,2.22044604925031e-16,0.0211538461538462
"crane",22,"gam_spatial",3,"binary",0,2.22044604925031e-16,0.0211538461538462
"crane",22,"gam_spatial",3,"binary",0,2.22044604925031e-16,0.0211538461538462
"crane",22,"gam_spatial",3,"binary",0,1.68958150685273e-05,0.0211538461538462
"crane",22,"gam_spatial",3,"binary",0,2.22044604925031e-16,0.0211538461538462
"crane",22,"gam_spatial",3,"binary",0,2.22044604925031e-16,0.0211538461538462
"crane",22,"gam_spatial",3,"binary",0,2.22044604925031e-16,0.0211538461538462
"crane",22,"gam_spatial",3,"binary",0,2.22044604925031e-16,0.0211538461538462
"crane",22,"gam_spatial",3,"binary",0,2.22044604925031e-16,0.0211538461538462
"crane",22,"gam_spatial",3,"binary",0,2.22044604925031e-16,0.0211538461538462
"crane",22,"gam_spatial",3,"binary",0,2.22044604925031e-16,0.0211538461538462
"crane",22,"gam_spatial",3,"binary",0,2.22044604925031e-16,0.0211538461538462
"crane",22,"gam_spatial",3,"binary",0,2.22044604925031e-16,0.0211538461538462
"crane",22,"gam_spatial",3,"binary",0,2.22044604925031e-16,0.0211538461538462
"crane",22,"gam_spatial",3,"binary",0,2.22044604925031e-16,0.0211538461538462
"crane",22,"gam_spatial",4,"binary",0,2.22044604925031e-16,0.0188679245283019
"crane",22,"gam_spatial",4,"binary",0,2.22044604925031e-16,0.0188679245283019
"crane",22,"gam_spatial",4,"binary",0,2.22044604925031e-16,0.0188679245283019
"crane",22,"gam_spatial",4,"binary",0,2.22044604925031e-16,0.0188679245283019
"crane",22,"gam_spatial",4,"binary",0,2.22044604925031e-16,0.0188679245283019
"crane",22,"gam_spatial",4,"binary",0,2.22044604925031e-16,0.0188679245283019
"crane",22,"gam_spatial",4,"binary",0,2.22044604925031e-16,0.0188679245283019
"crane",22,"gam_spatial",4,"binary",0,2.22044604925031e-16,0.0188679245283019
"crane",22,"gam_spatial",4,"binary",0,2.22044604925031e-16,0.0188679245283019
"crane",22,"gam_spatial",4,"binary",0,2.22044604925031e-16,0.0188679245283019
"crane",22,"gam_spatial",4,"binary",0,2.22044604925031e-16,0.0188679245283019
"crane",22,"gam_spatial",4,"binary",0,2.22044604925031e-16,0.0188679245283019
"crane",22,"gam_spatial",4,"binary",0,2.22044604925031e-16,0.0188679245283019
"crane",22,"gam_spatial",4,"binary",0,2.22044604925031e-16,0.0188679245283019
"crane",22,"gam_spatial",4,"binary",0,2.22044604925031e-16,0.0188679245283019
"crane",22,"gam_spatial",4,"binary",0,2.22044604925031e-16,0.0188679245283019
"crane",22,"gam_spatial",4,"binary",0,2.22044604925031e-16,0.0188679245283019
"crane",22,"gam_spatial",4,"binary",0,2.22044604925031e-16,0.0188679245283019
"crane",22,"gam_spatial",4,"binary",0,2.22044604925031e-16,0.0188679245283019
"crane",22,"gam_spatial",4,"binary",0,2.22044604925031e-16,0.0188679245283019
"crane",22,"gam_spatial",4,"binary",0,2.22044604925031e-16,0.0188679245283019
"crane",22,"gam_spatial",4,"binary",0,2.22044604925031e-16,0.0188679245283019
"crane",22,"gam_spatial",4,"binary",0,2.22044604925031e-16,0.0188679245283019
"crane",22,"gam_spatial",4,"binary",0,2.22044604925031e-16,0.0188679245283019
"crane",22,"gam_spatial",4,"binary",0,2.22044604925031e-16,0.0188679245283019
"crane",22,"gam_spatial",4,"binary",0,2.22044604925031e-16,0.0188679245283019
"crane",22,"gam_spatial",4,"binary",0,2.22044604925031e-16,0.0188679245283019
"crane",22,"gam_spatial",4,"binary",0,2.22044604925031e-16,0.0188679245283019
"crane",22,"gam_spatial",4,"binary",0,2.22044604925031e-16,0.0188679245283019
"crane",22,"gam_spatial",4,"binary",0,2.22044604925031e-16,0.0188679245283019
"crane",22,"gam_spatial",4,"binary",0,2.22044604925031e-16,0.0188679245283019
"crane",22,"gam_spatial",4,"binary",0,2.22044604925031e-16,0.0188679245283019
"crane",22,"gam_spatial",4,"binary",0,2.22044604925031e-16,0.0188679245283019
"crane",22,"gam_spatial",4,"binary",0,2.22044604925031e-16,0.0188679245283019
"crane",22,"gam_spatial",4,"binary",0,2.22044604925031e-16,0.0188679245283019
"crane",22,"gam_spatial",4,"binary",0,2.22044604925031e-16,0.0188679245283019
"crane",22,"gam_spatial",4,"binary",0,2.22044604925031e-16,0.0188679245283019
"crane",22,"gam_spatial",4,"binary",0,2.22044604925031e-16,0.0188679245283019
"crane",22,"gam_spatial",4,"binary",0,2.22044604925031e-16,0.0188679245283019
"crane",22,"gam_spatial",4,"binary",0,2.22044604925031e-16,0.0188679245283019
"crane",22,"gam_spatial",4,"binary",0,2.22044604925031e-16,0.0188679245283019
"crane",22,"gam_spatial",4,"binary",0,2.22044604925031e-16,0.0188679245283019
"crane",22,"gam_spatial",4,"binary",0,2.22044604925031e-16,0.0188679245283019
"crane",22,"gam_spatial",4,"binary",0,2.22044604925031e-16,0.0188679245283019
"crane",22,"gam_spatial",4,"binary",0,2.22044604925031e-16,0.0188679245283019
"crane",22,"gam_spatial",4,"binary",0,2.22044604925031e-16,0.0188679245283019
"crane",22,"gam_spatial",4,"binary",0,2.22044604925031e-16,0.0188679245283019
"crane",22,"gam_spatial",4,"binary",0,2.22044604925031e-16,0.0188679245283019
"crane",22,"gam_spatial",4,"binary",0,2.22044604925031e-16,0.0188679245283019
"crane",22,"gam_spatial",4,"binary",0,2.22044604925031e-16,0.0188679245283019
"crane",22,"gam_spatial",4,"binary",0,2.22044604925031e-16,0.0188679245283019
"crane",22,"gam_spatial",4,"binary",0,2.22044604925031e-16,0.0188679245283019
"crane",22,"gam_spatial",4,"binary",0,2.22044604925031e-16,0.0188679245283019
"crane",22,"gam_spatial",4,"binary",0,2.22044604925031e-16,0.0188679245283019
"crane",22,"gam_spatial",4,"binary",0,2.22044604925031e-16,0.0188679245283019
"crane",22,"gam_spatial",4,"binary",0,2.22044604925031e-16,0.0188679245283019
"crane",22,"gam_spatial",4,"binary",0,2.22044604925031e-16,0.0188679245283019
"crane",22,"gam_spatial",4,"binary",0,2.22044604925031e-16,0.0188679245283019
"crane",22,"gam_spatial",4,"binary",0,2.22044604925031e-16,0.0188679245283019
"crane",22,"gam_spatial",4,"binary",0,2.22044604925031e-16,0.0188679245283019
"crane",22,"gam_spatial",4,"binary",0,2.22044604925031e-16,0.0188679245283019
"crane",22,"gam_spatial",4,"binary",0,2.22044604925031e-16,0.0188679245283019
"crane",22,"gam_spatial",4,"binary",0,2.22044604925031e-16,0.0188679245283019
"crane",22,"gam_spatial",4,"binary",0,2.22044604925031e-16,0.0188679245283019
"crane",22,"gam_spatial",4,"binary",0,2.22044604925031e-16,0.0188679245283019
"crane",22,"gam_spatial",4,"binary",0,2.22044604925031e-16,0.0188679245283019
"crane",22,"gam_spatial",4,"binary",0,2.22044604925031e-16,0.0188679245283019
"crane",22,"gam_spatial",4,"binary",0,2.22044604925031e-16,0.0188679245283019
"crane",22,"gam_spatial",4,"binary",0,2.22044604925031e-16,0.0188679245283019
"crane",22,"gam_spatial",4,"binary",0,2.22044604925031e-16,0.0188679245283019
"crane",22,"gam_spatial",4,"binary",0,2.22044604925031e-16,0.0188679245283019
"crane",22,"gam_spatial",4,"binary",0,2.22044604925031e-16,0.0188679245283019
"crane",22,"gam_spatial",4,"binary",0,2.22044604925031e-16,0.0188679245283019
"crane",22,"gam_spatial",4,"binary",0,2.22044604925031e-16,0.0188679245283019
"crane",22,"gam_spatial",4,"binary",0,2.22044604925031e-16,0.0188679245283019
"crane",22,"gam_spatial",4,"binary",0,2.22044604925031e-16,0.0188679245283019
"crane",22,"gam_spatial",4,"binary",0,2.22044604925031e-16,0.0188679245283019
"crane",22,"gam_spatial",4,"binary",0,2.22044604925031e-16,0.0188679245283019
"crane",22,"gam_spatial",4,"binary",0,2.22044604925031e-16,0.0188679245283019
"crane",22,"gam_spatial",4,"binary",0,2.22044604925031e-16,0.0188679245283019
"crane",22,"gam_spatial",4,"binary",0,2.22044604925031e-16,0.0188679245283019
"crane",22,"gam_spatial",4,"binary",0,2.22044604925031e-16,0.0188679245283019
"crane",22,"gam_spatial",4,"binary",0,2.22044604925031e-16,0.0188679245283019
"crane",22,"gam_spatial",4,"binary",0,2.22044604925031e-16,0.0188679245283019
"crane",22,"gam_spatial",4,"binary",0,2.22044604925031e-16,0.0188679245283019
"crane",22,"gam_spatial",4,"binary",0,2.22044604925031e-16,0.0188679245283019
"crane",22,"gam_spatial",4,"binary",0,2.22044604925031e-16,0.0188679245283019
"crane",22,"gam_spatial",4,"binary",0,2.22044604925031e-16,0.0188679245283019
"crane",22,"gam_spatial",4,"binary",0,2.22044604925031e-16,0.0188679245283019
"crane",22,"gam_spatial",4,"binary",0,2.22044604925031e-16,0.0188679245283019
"crane",22,"gam_spatial",4,"binary",0,2.22044604925031e-16,0.0188679245283019
"crane",22,"gam_spatial",4,"binary",0,2.22044604925031e-16,0.0188679245283019
"crane",22,"gam_spatial",4,"binary",0,2.22044604925031e-16,0.0188679245283019
"crane",22,"gam_spatial",4,"binary",0,2.22044604925031e-16,0.0188679245283019
"crane",22,"gam_spatial",4,"binary",0,2.22044604925031e-16,0.0188679245283019
"crane",22,"gam_spatial",4,"binary",0,2.22044604925031e-16,0.0188679245283019
"crane",22,"gam_spatial",4,"binary",0,2.22044604925031e-16,0.0188679245283019
"crane",22,"gam_spatial",4,"binary",0,2.22044604925031e-16,0.0188679245283019
"crane",22,"gam_spatial",4,"binary",1,2.22044604925031e-16,0.0188679245283019
"crane",22,"gam_spatial",4,"binary",0,2.22044604925031e-16,0.0188679245283019
"crane",22,"gam_spatial",4,"binary",0,2.22044604925031e-16,0.0188679245283019
"crane",22,"gam_spatial",4,"binary",0,2.22044604925031e-16,0.0188679245283019
"crane",22,"gam_spatial",4,"binary",0,2.22044604925031e-16,0.0188679245283019
"crane",22,"gam_spatial",4,"binary",0,2.22044604925031e-16,0.0188679245283019
"crane",22,"gam_spatial",4,"binary",0,2.22044604925031e-16,0.0188679245283019
"crane",22,"gam_spatial",4,"binary",0,2.22044604925031e-16,0.0188679245283019
"crane",22,"gam_spatial",4,"binary",0,2.22044604925031e-16,0.0188679245283019
"crane",22,"gam_spatial",4,"binary",0,2.22044604925031e-16,0.0188679245283019
"crane",22,"gam_spatial",4,"binary",0,2.22044604925031e-16,0.0188679245283019
"crane",22,"gam_spatial",4,"binary",0,2.22044604925031e-16,0.0188679245283019
"crane",22,"gam_spatial",4,"binary",0,2.22044604925031e-16,0.0188679245283019
"crane",22,"gam_spatial",4,"binary",0,2.22044604925031e-16,0.0188679245283019
"crane",22,"gam_spatial",4,"binary",0,2.22044604925031e-16,0.0188679245283019
"crane",22,"gam_spatial",4,"binary",0,2.22044604925031e-16,0.0188679245283019
"crane",22,"gam_spatial",4,"binary",0,2.22044604925031e-16,0.0188679245283019
"crane",22,"gam_spatial",4,"binary",0,2.22044604925031e-16,0.0188679245283019
"crane",22,"gam_spatial",4,"binary",0,2.22044604925031e-16,0.0188679245283019
"crane",22,"gam_spatial",4,"binary",0,2.22044604925031e-16,0.0188679245283019
"crane",22,"gam_spatial",4,"binary",0,2.22044604925031e-16,0.0188679245283019
"crane",22,"gam_spatial",4,"binary",0,2.22044604925031e-16,0.0188679245283019
"crane",22,"gam_spatial",5,"binary",0,2.22044604925031e-16,0.0207547169811321
"crane",22,"gam_spatial",5,"binary",0,2.22044604925031e-16,0.0207547169811321
"crane",22,"gam_spatial",5,"binary",0,2.22044604925031e-16,0.0207547169811321
"crane",22,"gam_spatial",5,"binary",0,2.22044604925031e-16,0.0207547169811321
"crane",22,"gam_spatial",5,"binary",0,2.22044604925031e-16,0.0207547169811321
"crane",22,"gam_spatial",5,"binary",0,2.22044604925031e-16,0.0207547169811321
"crane",22,"gam_spatial",5,"binary",0,2.22044604925031e-16,0.0207547169811321
"crane",22,"gam_spatial",5,"binary",0,2.22044604925031e-16,0.0207547169811321
"crane",22,"gam_spatial",5,"binary",0,2.22044604925031e-16,0.0207547169811321
"crane",22,"gam_spatial",5,"binary",0,2.22044604925031e-16,0.0207547169811321
"crane",22,"gam_spatial",5,"binary",0,2.22044604925031e-16,0.0207547169811321
"crane",22,"gam_spatial",5,"binary",0,2.22044604925031e-16,0.0207547169811321
"crane",22,"gam_spatial",5,"binary",0,2.22044604925031e-16,0.0207547169811321
"crane",22,"gam_spatial",5,"binary",0,2.22044604925031e-16,0.0207547169811321
"crane",22,"gam_spatial",5,"binary",0,2.22044604925031e-16,0.0207547169811321
"crane",22,"gam_spatial",5,"binary",0,2.22044604925031e-16,0.0207547169811321
"crane",22,"gam_spatial",5,"binary",0,2.22044604925031e-16,0.0207547169811321
"crane",22,"gam_spatial",5,"binary",0,2.22044604925031e-16,0.0207547169811321
"crane",22,"gam_spatial",5,"binary",0,2.22044604925031e-16,0.0207547169811321
"crane",22,"gam_spatial",5,"binary",0,2.22044604925031e-16,0.0207547169811321
"crane",22,"gam_spatial",5,"binary",0,2.22044604925031e-16,0.0207547169811321
"crane",22,"gam_spatial",5,"binary",0,2.22044604925031e-16,0.0207547169811321
"crane",22,"gam_spatial",5,"binary",0,2.22044604925031e-16,0.0207547169811321
"crane",22,"gam_spatial",5,"binary",0,2.22044604925031e-16,0.0207547169811321
"crane",22,"gam_spatial",5,"binary",0,2.22044604925031e-16,0.0207547169811321
"crane",22,"gam_spatial",5,"binary",0,2.22044604925031e-16,0.0207547169811321
"crane",22,"gam_spatial",5,"binary",0,2.22044604925031e-16,0.0207547169811321
"crane",22,"gam_spatial",5,"binary",0,2.22044604925031e-16,0.0207547169811321
"crane",22,"gam_spatial",5,"binary",0,2.22044604925031e-16,0.0207547169811321
"crane",22,"gam_spatial",5,"binary",0,2.22044604925031e-16,0.0207547169811321
"crane",22,"gam_spatial",5,"binary",0,2.22044604925031e-16,0.0207547169811321
"crane",22,"gam_spatial",5,"binary",0,2.22044604925031e-16,0.0207547169811321
"crane",22,"gam_spatial",5,"binary",0,2.22044604925031e-16,0.0207547169811321
"crane",22,"gam_spatial",5,"binary",0,2.22044604925031e-16,0.0207547169811321
"crane",22,"gam_spatial",5,"binary",0,2.22044604925031e-16,0.0207547169811321
"crane",22,"gam_spatial",5,"binary",0,2.22044604925031e-16,0.0207547169811321
"crane",22,"gam_spatial",5,"binary",0,2.22044604925031e-16,0.0207547169811321
"crane",22,"gam_spatial",5,"binary",0,2.22044604925031e-16,0.0207547169811321
"crane",22,"gam_spatial",5,"binary",0,2.22044604925031e-16,0.0207547169811321
"crane",22,"gam_spatial",5,"binary",0,2.22044604925031e-16,0.0207547169811321
"crane",22,"gam_spatial",5,"binary",0,2.22044604925031e-16,0.0207547169811321
"crane",22,"gam_spatial",5,"binary",0,2.22044604925031e-16,0.0207547169811321
"crane",22,"gam_spatial",5,"binary",0,2.22044604925031e-16,0.0207547169811321
"crane",22,"gam_spatial",5,"binary",0,2.22044604925031e-16,0.0207547169811321
"crane",22,"gam_spatial",5,"binary",0,2.22044604925031e-16,0.0207547169811321
"crane",22,"gam_spatial",5,"binary",0,2.22044604925031e-16,0.0207547169811321
"crane",22,"gam_spatial",5,"binary",0,2.22044604925031e-16,0.0207547169811321
"crane",22,"gam_spatial",5,"binary",0,2.22044604925031e-16,0.0207547169811321
"crane",22,"gam_spatial",5,"binary",0,2.22044604925031e-16,0.0207547169811321
"crane",22,"gam_spatial",5,"binary",0,2.22044604925031e-16,0.0207547169811321
"crane",22,"gam_spatial",5,"binary",0,2.22044604925031e-16,0.0207547169811321
"crane",22,"gam_spatial",5,"binary",0,2.22044604925031e-16,0.0207547169811321
"crane",22,"gam_spatial",5,"binary",0,2.22044604925031e-16,0.0207547169811321
"crane",22,"gam_spatial",5,"binary",0,2.22044604925031e-16,0.0207547169811321
"crane",22,"gam_spatial",5,"binary",0,2.22044604925031e-16,0.0207547169811321
"crane",22,"gam_spatial",5,"binary",0,2.22044604925031e-16,0.0207547169811321
"crane",22,"gam_spatial",5,"binary",0,2.22044604925031e-16,0.0207547169811321
"crane",22,"gam_spatial",5,"binary",0,2.22044604925031e-16,0.0207547169811321
"crane",22,"gam_spatial",5,"binary",0,2.22044604925031e-16,0.0207547169811321
"crane",22,"gam_spatial",5,"binary",0,2.22044604925031e-16,0.0207547169811321
"crane",22,"gam_spatial",5,"binary",0,2.22044604925031e-16,0.0207547169811321
"crane",22,"gam_spatial",5,"binary",0,2.22044604925031e-16,0.0207547169811321
"crane",22,"gam_spatial",5,"binary",0,2.22044604925031e-16,0.0207547169811321
"crane",22,"gam_spatial",5,"binary",0,2.22044604925031e-16,0.0207547169811321
"crane",22,"gam_spatial",5,"binary",0,2.22044604925031e-16,0.0207547169811321
"crane",22,"gam_spatial",5,"binary",0,2.22044604925031e-16,0.0207547169811321
"crane",22,"gam_spatial",5,"binary",0,2.22044604925031e-16,0.0207547169811321
"crane",22,"gam_spatial",5,"binary",0,2.22044604925031e-16,0.0207547169811321
"crane",22,"gam_spatial",5,"binary",0,2.22044604925031e-16,0.0207547169811321
"crane",22,"gam_spatial",5,"binary",0,2.22044604925031e-16,0.0207547169811321
"crane",22,"gam_spatial",5,"binary",0,2.22044604925031e-16,0.0207547169811321
"crane",22,"gam_spatial",5,"binary",0,2.22044604925031e-16,0.0207547169811321
"crane",22,"gam_spatial",5,"binary",0,2.22044604925031e-16,0.0207547169811321
"crane",22,"gam_spatial",5,"binary",0,2.22044604925031e-16,0.0207547169811321
"crane",22,"gam_spatial",5,"binary",0,2.22044604925031e-16,0.0207547169811321
"crane",22,"gam_spatial",5,"binary",0,2.22044604925031e-16,0.0207547169811321
"crane",22,"gam_spatial",5,"binary",0,2.22044604925031e-16,0.0207547169811321
"crane",22,"gam_spatial",5,"binary",0,2.22044604925031e-16,0.0207547169811321
"crane",22,"gam_spatial",5,"binary",0,2.22044604925031e-16,0.0207547169811321
"crane",22,"gam_spatial",5,"binary",0,2.22044604925031e-16,0.0207547169811321
"crane",22,"gam_spatial",5,"binary",0,2.22044604925031e-16,0.0207547169811321
"crane",22,"gam_spatial",5,"binary",0,2.22044604925031e-16,0.0207547169811321
"crane",22,"gam_spatial",5,"binary",0,2.22044604925031e-16,0.0207547169811321
"crane",22,"gam_spatial",5,"binary",0,2.22044604925031e-16,0.0207547169811321
"crane",22,"gam_spatial",5,"binary",0,2.22044604925031e-16,0.0207547169811321
"crane",22,"gam_spatial",5,"binary",0,2.22044604925031e-16,0.0207547169811321
"crane",22,"gam_spatial",5,"binary",0,2.22044604925031e-16,0.0207547169811321
"crane",22,"gam_spatial",5,"binary",0,2.22044604925031e-16,0.0207547169811321
"crane",22,"gam_spatial",5,"binary",0,2.22044604925031e-16,0.0207547169811321
"crane",22,"gam_spatial",5,"binary",0,2.22044604925031e-16,0.0207547169811321
"crane",22,"gam_spatial",5,"binary",0,2.22044604925031e-16,0.0207547169811321
"crane",22,"gam_spatial",5,"binary",0,2.22044604925031e-16,0.0207547169811321
"crane",22,"gam_spatial",5,"binary",0,2.22044604925031e-16,0.0207547169811321
"crane",22,"gam_spatial",5,"binary",0,2.22044604925031e-16,0.0207547169811321
"crane",22,"gam_spatial",5,"binary",0,2.22044604925031e-16,0.0207547169811321
"crane",22,"gam_spatial",5,"binary",0,2.22044604925031e-16,0.0207547169811321
"crane",22,"gam_spatial",5,"binary",0,2.22044604925031e-16,0.0207547169811321
"crane",22,"gam_spatial",5,"binary",0,2.22044604925031e-16,0.0207547169811321
"crane",22,"gam_spatial",5,"binary",0,2.22044604925031e-16,0.0207547169811321
"crane",22,"gam_spatial",5,"binary",0,2.22044604925031e-16,0.0207547169811321
"crane",22,"gam_spatial",5,"binary",0,2.22044604925031e-16,0.0207547169811321
"crane",22,"gam_spatial",5,"binary",0,2.22044604925031e-16,0.0207547169811321
"crane",22,"gam_spatial",5,"binary",0,2.22044604925031e-16,0.0207547169811321
"crane",22,"gam_spatial",5,"binary",0,2.22044604925031e-16,0.0207547169811321
"crane",22,"gam_spatial",5,"binary",0,2.22044604925031e-16,0.0207547169811321
"crane",22,"gam_spatial",5,"binary",0,2.22044604925031e-16,0.0207547169811321
"crane",22,"gam_spatial",5,"binary",0,2.22044604925031e-16,0.0207547169811321
"crane",22,"gam_spatial",5,"binary",0,2.22044604925031e-16,0.0207547169811321
"crane",22,"gam_spatial",5,"binary",0,2.22044604925031e-16,0.0207547169811321
"crane",22,"gam_spatial",5,"binary",0,2.22044604925031e-16,0.0207547169811321
"crane",22,"gam_spatial",5,"binary",0,2.22044604925031e-16,0.0207547169811321
"crane",22,"gam_spatial",5,"binary",0,2.22044604925031e-16,0.0207547169811321
"crane",22,"gam_spatial",5,"binary",0,2.22044604925031e-16,0.0207547169811321
"crane",22,"gam_spatial",5,"binary",0,2.22044604925031e-16,0.0207547169811321
"crane",22,"gam_spatial",5,"binary",0,2.22044604925031e-16,0.0207547169811321
"crane",22,"gam_spatial",5,"binary",0,2.22044604925031e-16,0.0207547169811321
"crane",22,"gam_spatial",5,"binary",0,2.22044604925031e-16,0.0207547169811321
"crane",22,"gam_spatial",5,"binary",0,2.22044604925031e-16,0.0207547169811321
"crane",22,"gam_spatial",5,"binary",0,2.22044604925031e-16,0.0207547169811321
"crane",22,"gam_spatial",5,"binary",0,2.22044604925031e-16,0.0207547169811321
"crane",22,"random_forest",1,"binary",0,0,0.0113207547169811
"crane",22,"random_forest",1,"binary",0,0,0.0113207547169811
"crane",22,"random_forest",1,"binary",0,0.04,0.0113207547169811
"crane",22,"random_forest",1,"binary",0,0,0.0113207547169811
"crane",22,"random_forest",1,"binary",0,0,0.0113207547169811
"crane",22,"random_forest",1,"binary",0,0.0451071428571429,0.0113207547169811
"crane",22,"random_forest",1,"binary",0,0,0.0113207547169811
"crane",22,"random_forest",1,"binary",0,0,0.0113207547169811
"crane",22,"random_forest",1,"binary",0,0,0.0113207547169811
"crane",22,"random_forest",1,"binary",0,0.0673531746031746,0.0113207547169811
"crane",22,"random_forest",1,"binary",0,0,0.0113207547169811
"crane",22,"random_forest",1,"binary",0,0,0.0113207547169811
"crane",22,"random_forest",1,"binary",0,0,0.0113207547169811
"crane",22,"random_forest",1,"binary",0,0,0.0113207547169811
"crane",22,"random_forest",1,"binary",0,0,0.0113207547169811
"crane",22,"random_forest",1,"binary",0,0.00166666666666667,0.0113207547169811
"crane",22,"random_forest",1,"binary",1,0.723170634920635,0.0113207547169811
"crane",22,"random_forest",1,"binary",0,0,0.0113207547169811
"crane",22,"random_forest",1,"binary",0,0,0.0113207547169811
"crane",22,"random_forest",1,"binary",0,0,0.0113207547169811
"crane",22,"random_forest",1,"binary",0,0,0.0113207547169811
"crane",22,"random_forest",1,"binary",0,0,0.0113207547169811
"crane",22,"random_forest",1,"binary",0,0.0312738095238095,0.0113207547169811
"crane",22,"random_forest",1,"binary",0,0,0.0113207547169811
"crane",22,"random_forest",1,"binary",0,0,0.0113207547169811
"crane",22,"random_forest",1,"binary",0,0,0.0113207547169811
"crane",22,"random_forest",1,"binary",0,0.04,0.0113207547169811
"crane",22,"random_forest",1,"binary",0,0,0.0113207547169811
"crane",22,"random_forest",1,"binary",0,0,0.0113207547169811
"crane",22,"random_forest",1,"binary",0,0.0451071428571429,0.0113207547169811
"crane",22,"random_forest",1,"binary",0,0,0.0113207547169811
"crane",22,"random_forest",1,"binary",0,0,0.0113207547169811
"crane",22,"random_forest",1,"binary",0,0,0.0113207547169811
"crane",22,"random_forest",1,"binary",0,0.0673531746031746,0.0113207547169811
"crane",22,"random_forest",1,"binary",0,0,0.0113207547169811
"crane",22,"random_forest",1,"binary",0,0,0.0113207547169811
"crane",22,"random_forest",1,"binary",0,0,0.0113207547169811
"crane",22,"random_forest",1,"binary",0,0,0.0113207547169811
"crane",22,"random_forest",1,"binary",0,0,0.0113207547169811
"crane",22,"random_forest",1,"binary",0,0.00166666666666667,0.0113207547169811
"crane",22,"random_forest",1,"binary",1,0.723170634920635,0.0113207547169811
"crane",22,"random_forest",1,"binary",0,0,0.0113207547169811
"crane",22,"random_forest",1,"binary",0,0,0.0113207547169811
"crane",22,"random_forest",1,"binary",0,0,0.0113207547169811
"crane",22,"random_forest",1,"binary",0,0,0.0113207547169811
"crane",22,"random_forest",1,"binary",0,0,0.0113207547169811
"crane",22,"random_forest",1,"binary",0,0.0312738095238095,0.0113207547169811
"crane",22,"random_forest",1,"binary",0,0,0.0113207547169811
"crane",22,"random_forest",1,"binary",0,0,0.0113207547169811
"crane",22,"random_forest",1,"binary",0,0,0.0113207547169811
"crane",22,"random_forest",1,"binary",0,0.04,0.0113207547169811
"crane",22,"random_forest",1,"binary",0,0,0.0113207547169811
"crane",22,"random_forest",1,"binary",0,0,0.0113207547169811
"crane",22,"random_forest",1,"binary",0,0.0451071428571429,0.0113207547169811
"crane",22,"random_forest",1,"binary",0,0,0.0113207547169811
"crane",22,"random_forest",1,"binary",0,0,0.0113207547169811
"crane",22,"random_forest",1,"binary",0,0,0.0113207547169811
"crane",22,"random_forest",1,"binary",0,0.0673531746031746,0.0113207547169811
"crane",22,"random_forest",1,"binary",0,0,0.0113207547169811
"crane",22,"random_forest",1,"binary",0,0,0.0113207547169811
"crane",22,"random_forest",1,"binary",0,0,0.0113207547169811
"crane",22,"random_forest",1,"binary",0,0,0.0113207547169811
"crane",22,"random_forest",1,"binary",0,0,0.0113207547169811
"crane",22,"random_forest",1,"binary",0,0.00166666666666667,0.0113207547169811
"crane",22,"random_forest",1,"binary",1,0.723170634920635,0.0113207547169811
"crane",22,"random_forest",1,"binary",0,0,0.0113207547169811
"crane",22,"random_forest",1,"binary",0,0,0.0113207547169811
"crane",22,"random_forest",1,"binary",0,0,0.0113207547169811
"crane",22,"random_forest",1,"binary",0,0,0.0113207547169811
"crane",22,"random_forest",1,"binary",0,0,0.0113207547169811
"crane",22,"random_forest",1,"binary",0,0.0312738095238095,0.0113207547169811
"crane",22,"random_forest",1,"binary",0,0,0.0113207547169811
"crane",22,"random_forest",1,"binary",0,0,0.0113207547169811
"crane",22,"random_forest",1,"binary",0,0,0.0113207547169811
"crane",22,"random_forest",1,"binary",0,0.04,0.0113207547169811
"crane",22,"random_forest",1,"binary",0,0,0.0113207547169811
"crane",22,"random_forest",1,"binary",0,0,0.0113207547169811
"crane",22,"random_forest",1,"binary",0,0.0451071428571429,0.0113207547169811
"crane",22,"random_forest",1,"binary",0,0,0.0113207547169811
"crane",22,"random_forest",1,"binary",0,0,0.0113207547169811
"crane",22,"random_forest",1,"binary",0,0,0.0113207547169811
"crane",22,"random_forest",1,"binary",0,0.0673531746031746,0.0113207547169811
"crane",22,"random_forest",1,"binary",0,0,0.0113207547169811
"crane",22,"random_forest",1,"binary",0,0,0.0113207547169811
"crane",22,"random_forest",1,"binary",0,0,0.0113207547169811
"crane",22,"random_forest",1,"binary",0,0,0.0113207547169811
"crane",22,"random_forest",1,"binary",0,0,0.0113207547169811
"crane",22,"random_forest",1,"binary",0,0.00166666666666667,0.0113207547169811
"crane",22,"random_forest",1,"binary",1,0.723170634920635,0.0113207547169811
"crane",22,"random_forest",1,"binary",0,0,0.0113207547169811
"crane",22,"random_forest",1,"binary",0,0,0.0113207547169811
"crane",22,"random_forest",1,"binary",0,0,0.0113207547169811
"crane",22,"random_forest",1,"binary",0,0,0.0113207547169811
"crane",22,"random_forest",1,"binary",0,0,0.0113207547169811
"crane",22,"random_forest",1,"binary",0,0.0312738095238095,0.0113207547169811
"crane",22,"random_forest",1,"binary",0,0,0.0113207547169811
"crane",22,"random_forest",1,"binary",0,0,0.0113207547169811
"crane",22,"random_forest",1,"binary",0,0,0.0113207547169811
"crane",22,"random_forest",1,"binary",0,0.04,0.0113207547169811
"crane",22,"random_forest",1,"binary",0,0,0.0113207547169811
"crane",22,"random_forest",1,"binary",0,0,0.0113207547169811
"crane",22,"random_forest",1,"binary",0,0.0451071428571429,0.0113207547169811
"crane",22,"random_forest",1,"binary",0,0,0.0113207547169811
"crane",22,"random_forest",1,"binary",0,0,0.0113207547169811
"crane",22,"random_forest",1,"binary",0,0,0.0113207547169811
"crane",22,"random_forest",1,"binary",0,0.0673531746031746,0.0113207547169811
"crane",22,"random_forest",1,"binary",0,0,0.0113207547169811
"crane",22,"random_forest",1,"binary",0,0,0.0113207547169811
"crane",22,"random_forest",1,"binary",0,0,0.0113207547169811
"crane",22,"random_forest",1,"binary",0,0,0.0113207547169811
"crane",22,"random_forest",1,"binary",0,0,0.0113207547169811
"crane",22,"random_forest",1,"binary",0,0.00166666666666667,0.0113207547169811
"crane",22,"random_forest",1,"binary",1,0.723170634920635,0.0113207547169811
"crane",22,"random_forest",1,"binary",0,0,0.0113207547169811
"crane",22,"random_forest",1,"binary",0,0,0.0113207547169811
"crane",22,"random_forest",1,"binary",0,0,0.0113207547169811
"crane",22,"random_forest",1,"binary",0,0,0.0113207547169811
"crane",22,"random_forest",1,"binary",0,0,0.0113207547169811
"crane",22,"random_forest",1,"binary",0,0.0312738095238095,0.0113207547169811
"crane",22,"random_forest",1,"binary",0,0,0.0113207547169811
"crane",22,"random_forest",2,"binary",0,0,0.0122448979591837
"crane",22,"random_forest",2,"binary",0,0,0.0122448979591837
"crane",22,"random_forest",2,"binary",0,0,0.0122448979591837
"crane",22,"random_forest",2,"binary",0,0,0.0122448979591837
"crane",22,"random_forest",2,"binary",0,0,0.0122448979591837
"crane",22,"random_forest",2,"binary",0,0,0.0122448979591837
"crane",22,"random_forest",2,"binary",0,0,0.0122448979591837
"crane",22,"random_forest",2,"binary",0,0,0.0122448979591837
"crane",22,"random_forest",2,"binary",0,0,0.0122448979591837
"crane",22,"random_forest",2,"binary",0,0,0.0122448979591837
"crane",22,"random_forest",2,"binary",0,0.0575,0.0122448979591837
"crane",22,"random_forest",2,"binary",0,0,0.0122448979591837
"crane",22,"random_forest",2,"binary",0,0,0.0122448979591837
"crane",22,"random_forest",2,"binary",0,0,0.0122448979591837
"crane",22,"random_forest",2,"binary",0,0,0.0122448979591837
"crane",22,"random_forest",2,"binary",0,0,0.0122448979591837
"crane",22,"random_forest",2,"binary",0,0,0.0122448979591837
"crane",22,"random_forest",2,"binary",1,0.448273809523809,0.0122448979591837
"crane",22,"random_forest",2,"binary",0,0,0.0122448979591837
"crane",22,"random_forest",2,"binary",0,0,0.0122448979591837
"crane",22,"random_forest",2,"binary",0,0,0.0122448979591837
"crane",22,"random_forest",2,"binary",0,0,0.0122448979591837
"crane",22,"random_forest",2,"binary",0,0,0.0122448979591837
"crane",22,"random_forest",2,"binary",0,0.0685238095238095,0.0122448979591837
"crane",22,"random_forest",2,"binary",0,0,0.0122448979591837
"crane",22,"random_forest",2,"binary",0,0,0.0122448979591837
"crane",22,"random_forest",2,"binary",0,0,0.0122448979591837
"crane",22,"random_forest",2,"binary",0,0,0.0122448979591837
"crane",22,"random_forest",2,"binary",0,0,0.0122448979591837
"crane",22,"random_forest",2,"binary",0,0,0.0122448979591837
"crane",22,"random_forest",2,"binary",0,0.319710317460317,0.0122448979591837
"crane",22,"random_forest",2,"binary",0,0.0245,0.0122448979591837
"crane",22,"random_forest",2,"binary",0,0,0.0122448979591837
"crane",22,"random_forest",2,"binary",0,0,0.0122448979591837
"crane",22,"random_forest",2,"binary",0,0,0.0122448979591837
"crane",22,"random_forest",2,"binary",0,0,0.0122448979591837
"crane",22,"random_forest",2,"binary",0,0,0.0122448979591837
"crane",22,"random_forest",2,"binary",0,0,0.0122448979591837
"crane",22,"random_forest",2,"binary",0,0,0.0122448979591837
"crane",22,"random_forest",2,"binary",0,0,0.0122448979591837
"crane",22,"random_forest",2,"binary",0,0,0.0122448979591837
"crane",22,"random_forest",2,"binary",0,0,0.0122448979591837
"crane",22,"random_forest",2,"binary",0,0.0575,0.0122448979591837
"crane",22,"random_forest",2,"binary",0,0,0.0122448979591837
"crane",22,"random_forest",2,"binary",0,0,0.0122448979591837
"crane",22,"random_forest",2,"binary",0,0,0.0122448979591837
"crane",22,"random_forest",2,"binary",0,0,0.0122448979591837
"crane",22,"random_forest",2,"binary",0,0,0.0122448979591837
"crane",22,"random_forest",2,"binary",0,0,0.0122448979591837
"crane",22,"random_forest",2,"binary",1,0.448273809523809,0.0122448979591837
"crane",22,"random_forest",2,"binary",0,0,0.0122448979591837
"crane",22,"random_forest",2,"binary",0,0,0.0122448979591837
"crane",22,"random_forest",2,"binary",0,0,0.0122448979591837
"crane",22,"random_forest",2,"binary",0,0,0.0122448979591837
"crane",22,"random_forest",2,"binary",0,0,0.0122448979591837
"crane",22,"random_forest",2,"binary",0,0.0685238095238095,0.0122448979591837
"crane",22,"random_forest",2,"binary",0,0,0.0122448979591837
"crane",22,"random_forest",2,"binary",0,0,0.0122448979591837
"crane",22,"random_forest",2,"binary",0,0,0.0122448979591837
"crane",22,"random_forest",2,"binary",0,0,0.0122448979591837
"crane",22,"random_forest",2,"binary",0,0,0.0122448979591837
"crane",22,"random_forest",2,"binary",0,0,0.0122448979591837
"crane",22,"random_forest",2,"binary",0,0.319710317460317,0.0122448979591837
"crane",22,"random_forest",2,"binary",0,0.0245,0.0122448979591837
"crane",22,"random_forest",2,"binary",0,0,0.0122448979591837
"crane",22,"random_forest",2,"binary",0,0,0.0122448979591837
"crane",22,"random_forest",2,"binary",0,0,0.0122448979591837
"crane",22,"random_forest",2,"binary",0,0,0.0122448979591837
"crane",22,"random_forest",2,"binary",0,0,0.0122448979591837
"crane",22,"random_forest",2,"binary",0,0,0.0122448979591837
"crane",22,"random_forest",2,"binary",0,0,0.0122448979591837
"crane",22,"random_forest",2,"binary",0,0,0.0122448979591837
"crane",22,"random_forest",2,"binary",0,0,0.0122448979591837
"crane",22,"random_forest",2,"binary",0,0,0.0122448979591837
"crane",22,"random_forest",2,"binary",0,0.0575,0.0122448979591837
"crane",22,"random_forest",2,"binary",0,0,0.0122448979591837
"crane",22,"random_forest",2,"binary",0,0,0.0122448979591837
"crane",22,"random_forest",2,"binary",0,0,0.0122448979591837
"crane",22,"random_forest",2,"binary",0,0,0.0122448979591837
"crane",22,"random_forest",2,"binary",0,0,0.0122448979591837
"crane",22,"random_forest",2,"binary",0,0,0.0122448979591837
"crane",22,"random_forest",2,"binary",1,0.448273809523809,0.0122448979591837
"crane",22,"random_forest",2,"binary",0,0,0.0122448979591837
"crane",22,"random_forest",2,"binary",0,0,0.0122448979591837
"crane",22,"random_forest",2,"binary",0,0,0.0122448979591837
"crane",22,"random_forest",2,"binary",0,0,0.0122448979591837
"crane",22,"random_forest",2,"binary",0,0,0.0122448979591837
"crane",22,"random_forest",2,"binary",0,0.0685238095238095,0.0122448979591837
"crane",22,"random_forest",2,"binary",0,0,0.0122448979591837
"crane",22,"random_forest",2,"binary",0,0,0.0122448979591837
"crane",22,"random_forest",2,"binary",0,0,0.0122448979591837
"crane",22,"random_forest",2,"binary",0,0,0.0122448979591837
"crane",22,"random_forest",2,"binary",0,0,0.0122448979591837
"crane",22,"random_forest",2,"binary",0,0,0.0122448979591837
"crane",22,"random_forest",2,"binary",0,0.319710317460317,0.0122448979591837
"crane",22,"random_forest",2,"binary",0,0.0245,0.0122448979591837
"crane",22,"random_forest",2,"binary",0,0,0.0122448979591837
"crane",22,"random_forest",2,"binary",0,0,0.0122448979591837
"crane",22,"random_forest",2,"binary",0,0,0.0122448979591837
"crane",22,"random_forest",2,"binary",0,0,0.0122448979591837
"crane",22,"random_forest",2,"binary",0,0,0.0122448979591837
"crane",22,"random_forest",2,"binary",0,0,0.0122448979591837
"crane",22,"random_forest",2,"binary",0,0,0.0122448979591837
"crane",22,"random_forest",2,"binary",0,0,0.0122448979591837
"crane",22,"random_forest",2,"binary",0,0,0.0122448979591837
"crane",22,"random_forest",2,"binary",0,0,0.0122448979591837
"crane",22,"random_forest",2,"binary",0,0.0575,0.0122448979591837
"crane",22,"random_forest",2,"binary",0,0,0.0122448979591837
"crane",22,"random_forest",2,"binary",0,0,0.0122448979591837
"crane",22,"random_forest",2,"binary",0,0,0.0122448979591837
"crane",22,"random_forest",2,"binary",0,0,0.0122448979591837
"crane",22,"random_forest",2,"binary",0,0,0.0122448979591837
"crane",22,"random_forest",2,"binary",0,0,0.0122448979591837
"crane",22,"random_forest",2,"binary",1,0.448273809523809,0.0122448979591837
"crane",22,"random_forest",2,"binary",0,0,0.0122448979591837
"crane",22,"random_forest",2,"binary",0,0,0.0122448979591837
"crane",22,"random_forest",2,"binary",0,0,0.0122448979591837
"crane",22,"random_forest",2,"binary",0,0,0.0122448979591837
"crane",22,"random_forest",2,"binary",0,0,0.0122448979591837
"crane",22,"random_forest",2,"binary",0,0.0685238095238095,0.0122448979591837
"crane",22,"random_forest",2,"binary",0,0,0.0122448979591837
"crane",22,"random_forest",2,"binary",0,0,0.0122448979591837
"crane",22,"random_forest",2,"binary",0,0,0.0122448979591837
"crane",22,"random_forest",2,"binary",0,0,0.0122448979591837
"crane",22,"random_forest",2,"binary",0,0,0.0122448979591837
"crane",22,"random_forest",2,"binary",0,0,0.0122448979591837
"crane",22,"random_forest",2,"binary",0,0.319710317460317,0.0122448979591837
"crane",22,"random_forest",2,"binary",0,0.0245,0.0122448979591837
"crane",22,"random_forest",2,"binary",0,0,0.0122448979591837
"crane",22,"random_forest",2,"binary",0,0,0.0122448979591837
"crane",22,"random_forest",2,"binary",0,0,0.0122448979591837
"crane",22,"random_forest",2,"binary",0,0,0.0122448979591837
"crane",22,"random_forest",2,"binary",0,0,0.0122448979591837
"crane",22,"random_forest",2,"binary",0,0,0.0122448979591837
"crane",22,"random_forest",2,"binary",0,0,0.0122448979591837
"crane",22,"random_forest",2,"binary",0,0,0.0122448979591837
"crane",22,"random_forest",2,"binary",0,0,0.0122448979591837
"crane",22,"random_forest",2,"binary",0,0,0.0122448979591837
"crane",22,"random_forest",2,"binary",0,0.0575,0.0122448979591837
"crane",22,"random_forest",2,"binary",0,0,0.0122448979591837
"crane",22,"random_forest",2,"binary",0,0,0.0122448979591837
"crane",22,"random_forest",2,"binary",0,0,0.0122448979591837
"crane",22,"random_forest",2,"binary",0,0,0.0122448979591837
"crane",22,"random_forest",2,"binary",0,0,0.0122448979591837
"crane",22,"random_forest",2,"binary",0,0,0.0122448979591837
"crane",22,"random_forest",2,"binary",1,0.448273809523809,0.0122448979591837
"crane",22,"random_forest",2,"binary",0,0,0.0122448979591837
"crane",22,"random_forest",2,"binary",0,0,0.0122448979591837
"crane",22,"random_forest",2,"binary",0,0,0.0122448979591837
"crane",22,"random_forest",2,"binary",0,0,0.0122448979591837
"crane",22,"random_forest",2,"binary",0,0,0.0122448979591837
"crane",22,"random_forest",2,"binary",0,0.0685238095238095,0.0122448979591837
"crane",22,"random_forest",2,"binary",0,0,0.0122448979591837
"crane",22,"random_forest",2,"binary",0,0,0.0122448979591837
"crane",22,"random_forest",2,"binary",0,0,0.0122448979591837
"crane",22,"random_forest",2,"binary",0,0,0.0122448979591837
"crane",22,"random_forest",2,"binary",0,0,0.0122448979591837
"crane",22,"random_forest",2,"binary",0,0,0.0122448979591837
"crane",22,"random_forest",2,"binary",0,0.319710317460317,0.0122448979591837
"crane",22,"random_forest",2,"binary",0,0.0245,0.0122448979591837
"crane",22,"random_forest",3,"binary",0,0,0.0211538461538462
"crane",22,"random_forest",3,"binary",0,0,0.0211538461538462
"crane",22,"random_forest",3,"binary",0,0,0.0211538461538462
"crane",22,"random_forest",3,"binary",0,0,0.0211538461538462
"crane",22,"random_forest",3,"binary",0,0,0.0211538461538462
"crane",22,"random_forest",3,"binary",0,0,0.0211538461538462
"crane",22,"random_forest",3,"binary",0,0,0.0211538461538462
"crane",22,"random_forest",3,"binary",0,0,0.0211538461538462
"crane",22,"random_forest",3,"binary",0,0.0500833333333333,0.0211538461538462
"crane",22,"random_forest",3,"binary",0,0,0.0211538461538462
"crane",22,"random_forest",3,"binary",0,0,0.0211538461538462
"crane",22,"random_forest",3,"binary",0,0.234916666666667,0.0211538461538462
"crane",22,"random_forest",3,"binary",0,0,0.0211538461538462
"crane",22,"random_forest",3,"binary",0,0,0.0211538461538462
"crane",22,"random_forest",3,"binary",0,0,0.0211538461538462
"crane",22,"random_forest",3,"binary",0,0,0.0211538461538462
"crane",22,"random_forest",3,"binary",0,0,0.0211538461538462
"crane",22,"random_forest",3,"binary",0,0,0.0211538461538462
"crane",22,"random_forest",3,"binary",0,0,0.0211538461538462
"crane",22,"random_forest",3,"binary",0,0,0.0211538461538462
"crane",22,"random_forest",3,"binary",0,0,0.0211538461538462
"crane",22,"random_forest",3,"binary",0,0,0.0211538461538462
"crane",22,"random_forest",3,"binary",0,0,0.0211538461538462
"crane",22,"random_forest",3,"binary",0,0,0.0211538461538462
"crane",22,"random_forest",3,"binary",0,0.0286071428571429,0.0211538461538462
"crane",22,"random_forest",3,"binary",0,0,0.0211538461538462
"crane",22,"random_forest",3,"binary",0,0,0.0211538461538462
"crane",22,"random_forest",3,"binary",0,0,0.0211538461538462
"crane",22,"random_forest",3,"binary",0,0,0.0211538461538462
"crane",22,"random_forest",3,"binary",0,0,0.0211538461538462
"crane",22,"random_forest",3,"binary",0,0,0.0211538461538462
"crane",22,"random_forest",3,"binary",0,0,0.0211538461538462
"crane",22,"random_forest",3,"binary",0,0,0.0211538461538462
"crane",22,"random_forest",3,"binary",0,0,0.0211538461538462
"crane",22,"random_forest",3,"binary",0,0.0500833333333333,0.0211538461538462
"crane",22,"random_forest",3,"binary",0,0,0.0211538461538462
"crane",22,"random_forest",3,"binary",0,0,0.0211538461538462
"crane",22,"random_forest",3,"binary",0,0.234916666666667,0.0211538461538462
"crane",22,"random_forest",3,"binary",0,0,0.0211538461538462
"crane",22,"random_forest",3,"binary",0,0,0.0211538461538462
"crane",22,"random_forest",3,"binary",0,0,0.0211538461538462
"crane",22,"random_forest",3,"binary",0,0,0.0211538461538462
"crane",22,"random_forest",3,"binary",0,0,0.0211538461538462
"crane",22,"random_forest",3,"binary",0,0,0.0211538461538462
"crane",22,"random_forest",3,"binary",0,0,0.0211538461538462
"crane",22,"random_forest",3,"binary",0,0,0.0211538461538462
"crane",22,"random_forest",3,"binary",0,0,0.0211538461538462
"crane",22,"random_forest",3,"binary",0,0,0.0211538461538462
"crane",22,"random_forest",3,"binary",0,0,0.0211538461538462
"crane",22,"random_forest",3,"binary",0,0,0.0211538461538462
"crane",22,"random_forest",3,"binary",0,0.0286071428571429,0.0211538461538462
"crane",22,"random_forest",3,"binary",0,0,0.0211538461538462
"crane",22,"random_forest",3,"binary",0,0,0.0211538461538462
"crane",22,"random_forest",3,"binary",0,0,0.0211538461538462
"crane",22,"random_forest",3,"binary",0,0,0.0211538461538462
"crane",22,"random_forest",3,"binary",0,0,0.0211538461538462
"crane",22,"random_forest",3,"binary",0,0,0.0211538461538462
"crane",22,"random_forest",3,"binary",0,0,0.0211538461538462
"crane",22,"random_forest",3,"binary",0,0,0.0211538461538462
"crane",22,"random_forest",3,"binary",0,0,0.0211538461538462
"crane",22,"random_forest",3,"binary",0,0.0500833333333333,0.0211538461538462
"crane",22,"random_forest",3,"binary",0,0,0.0211538461538462
"crane",22,"random_forest",3,"binary",0,0,0.0211538461538462
"crane",22,"random_forest",3,"binary",0,0.234916666666667,0.0211538461538462
"crane",22,"random_forest",3,"binary",0,0,0.0211538461538462
"crane",22,"random_forest",3,"binary",0,0,0.0211538461538462
"crane",22,"random_forest",3,"binary",0,0,0.0211538461538462
"crane",22,"random_forest",3,"binary",0,0,0.0211538461538462
"crane",22,"random_forest",3,"binary",0,0,0.0211538461538462
"crane",22,"random_forest",3,"binary",0,0,0.0211538461538462
"crane",22,"random_forest",3,"binary",0,0,0.0211538461538462
"crane",22,"random_forest",3,"binary",0,0,0.0211538461538462
"crane",22,"random_forest",3,"binary",0,0,0.0211538461538462
"crane",22,"random_forest",3,"binary",0,0,0.0211538461538462
"crane",22,"random_forest",3,"binary",0,0,0.0211538461538462
"crane",22,"random_forest",3,"binary",0,0,0.0211538461538462
"crane",22,"random_forest",3,"binary",0,0.0286071428571429,0.0211538461538462
"crane",22,"random_forest",3,"binary",0,0,0.0211538461538462
"crane",22,"random_forest",3,"binary",0,0,0.0211538461538462
"crane",22,"random_forest",3,"binary",0,0,0.0211538461538462
"crane",22,"random_forest",3,"binary",0,0,0.0211538461538462
"crane",22,"random_forest",3,"binary",0,0,0.0211538461538462
"crane",22,"random_forest",3,"binary",0,0,0.0211538461538462
"crane",22,"random_forest",3,"binary",0,0,0.0211538461538462
"crane",22,"random_forest",3,"binary",0,0,0.0211538461538462
"crane",22,"random_forest",3,"binary",0,0,0.0211538461538462
"crane",22,"random_forest",3,"binary",0,0.0500833333333333,0.0211538461538462
"crane",22,"random_forest",3,"binary",0,0,0.0211538461538462
"crane",22,"random_forest",3,"binary",0,0,0.0211538461538462
"crane",22,"random_forest",3,"binary",0,0.234916666666667,0.0211538461538462
"crane",22,"random_forest",3,"binary",0,0,0.0211538461538462
"crane",22,"random_forest",3,"binary",0,0,0.0211538461538462
"crane",22,"random_forest",3,"binary",0,0,0.0211538461538462
"crane",22,"random_forest",3,"binary",0,0,0.0211538461538462
"crane",22,"random_forest",3,"binary",0,0,0.0211538461538462
"crane",22,"random_forest",3,"binary",0,0,0.0211538461538462
"crane",22,"random_forest",3,"binary",0,0,0.0211538461538462
"crane",22,"random_forest",3,"binary",0,0,0.0211538461538462
"crane",22,"random_forest",3,"binary",0,0,0.0211538461538462
"crane",22,"random_forest",3,"binary",0,0,0.0211538461538462
"crane",22,"random_forest",3,"binary",0,0,0.0211538461538462
"crane",22,"random_forest",3,"binary",0,0,0.0211538461538462
"crane",22,"random_forest",3,"binary",0,0.0286071428571429,0.0211538461538462
"crane",22,"random_forest",3,"binary",0,0,0.0211538461538462
"crane",22,"random_forest",3,"binary",0,0,0.0211538461538462
"crane",22,"random_forest",3,"binary",0,0,0.0211538461538462
"crane",22,"random_forest",3,"binary",0,0,0.0211538461538462
"crane",22,"random_forest",3,"binary",0,0,0.0211538461538462
"crane",22,"random_forest",3,"binary",0,0,0.0211538461538462
"crane",22,"random_forest",3,"binary",0,0,0.0211538461538462
"crane",22,"random_forest",3,"binary",0,0,0.0211538461538462
"crane",22,"random_forest",3,"binary",0,0,0.0211538461538462
"crane",22,"random_forest",3,"binary",0,0.0500833333333333,0.0211538461538462
"crane",22,"random_forest",3,"binary",0,0,0.0211538461538462
"crane",22,"random_forest",3,"binary",0,0,0.0211538461538462
"crane",22,"random_forest",3,"binary",0,0.234916666666667,0.0211538461538462
"crane",22,"random_forest",3,"binary",0,0,0.0211538461538462
"crane",22,"random_forest",3,"binary",0,0,0.0211538461538462
"crane",22,"random_forest",3,"binary",0,0,0.0211538461538462
"crane",22,"random_forest",3,"binary",0,0,0.0211538461538462
"crane",22,"random_forest",3,"binary",0,0,0.0211538461538462
"crane",22,"random_forest",3,"binary",0,0,0.0211538461538462
"crane",22,"random_forest",3,"binary",0,0,0.0211538461538462
"crane",22,"random_forest",3,"binary",0,0,0.0211538461538462
"crane",22,"random_forest",3,"binary",0,0,0.0211538461538462
"crane",22,"random_forest",3,"binary",0,0,0.0211538461538462
"crane",22,"random_forest",3,"binary",0,0,0.0211538461538462
"crane",22,"random_forest",3,"binary",0,0,0.0211538461538462
"crane",22,"random_forest",3,"binary",0,0.0286071428571429,0.0211538461538462
"crane",22,"random_forest",3,"binary",0,0,0.0211538461538462
"crane",22,"random_forest",4,"binary",0,0,0.0188679245283019
"crane",22,"random_forest",4,"binary",0,0,0.0188679245283019
"crane",22,"random_forest",4,"binary",0,0,0.0188679245283019
"crane",22,"random_forest",4,"binary",0,0,0.0188679245283019
"crane",22,"random_forest",4,"binary",0,0,0.0188679245283019
"crane",22,"random_forest",4,"binary",0,0,0.0188679245283019
"crane",22,"random_forest",4,"binary",0,0,0.0188679245283019
"crane",22,"random_forest",4,"binary",0,0,0.0188679245283019
"crane",22,"random_forest",4,"binary",0,0,0.0188679245283019
"crane",22,"random_forest",4,"binary",0,0,0.0188679245283019
"crane",22,"random_forest",4,"binary",0,0,0.0188679245283019
"crane",22,"random_forest",4,"binary",0,0,0.0188679245283019
"crane",22,"random_forest",4,"binary",0,0,0.0188679245283019
"crane",22,"random_forest",4,"binary",0,0,0.0188679245283019
"crane",22,"random_forest",4,"binary",0,0,0.0188679245283019
"crane",22,"random_forest",4,"binary",0,0,0.0188679245283019
"crane",22,"random_forest",4,"binary",0,0,0.0188679245283019
"crane",22,"random_forest",4,"binary",0,0,0.0188679245283019
"crane",22,"random_forest",4,"binary",0,0,0.0188679245283019
"crane",22,"random_forest",4,"binary",0,0,0.0188679245283019
"crane",22,"random_forest",4,"binary",0,0,0.0188679245283019
"crane",22,"random_forest",4,"binary",0,0,0.0188679245283019
"crane",22,"random_forest",4,"binary",0,0,0.0188679245283019
"crane",22,"random_forest",4,"binary",0,0,0.0188679245283019
"crane",22,"random_forest",4,"binary",0,0,0.0188679245283019
"crane",22,"random_forest",4,"binary",0,0,0.0188679245283019
"crane",22,"random_forest",4,"binary",0,0,0.0188679245283019
"crane",22,"random_forest",4,"binary",0,0,0.0188679245283019
"crane",22,"random_forest",4,"binary",0,0,0.0188679245283019
"crane",22,"random_forest",4,"binary",0,0,0.0188679245283019
"crane",22,"random_forest",4,"binary",0,0,0.0188679245283019
"crane",22,"random_forest",4,"binary",0,0,0.0188679245283019
"crane",22,"random_forest",4,"binary",0,0,0.0188679245283019
"crane",22,"random_forest",4,"binary",0,0,0.0188679245283019
"crane",22,"random_forest",4,"binary",0,0,0.0188679245283019
"crane",22,"random_forest",4,"binary",0,0,0.0188679245283019
"crane",22,"random_forest",4,"binary",0,0,0.0188679245283019
"crane",22,"random_forest",4,"binary",0,0,0.0188679245283019
"crane",22,"random_forest",4,"binary",0,0,0.0188679245283019
"crane",22,"random_forest",4,"binary",0,0,0.0188679245283019
"crane",22,"random_forest",4,"binary",0,0,0.0188679245283019
"crane",22,"random_forest",4,"binary",0,0,0.0188679245283019
"crane",22,"random_forest",4,"binary",0,0,0.0188679245283019
"crane",22,"random_forest",4,"binary",0,0,0.0188679245283019
"crane",22,"random_forest",4,"binary",0,0,0.0188679245283019
"crane",22,"random_forest",4,"binary",0,0,0.0188679245283019
"crane",22,"random_forest",4,"binary",0,0,0.0188679245283019
"crane",22,"random_forest",4,"binary",0,0,0.0188679245283019
"crane",22,"random_forest",4,"binary",0,0,0.0188679245283019
"crane",22,"random_forest",4,"binary",0,0,0.0188679245283019
"crane",22,"random_forest",4,"binary",0,0,0.0188679245283019
"crane",22,"random_forest",4,"binary",0,0,0.0188679245283019
"crane",22,"random_forest",4,"binary",0,0,0.0188679245283019
"crane",22,"random_forest",4,"binary",0,0,0.0188679245283019
"crane",22,"random_forest",4,"binary",0,0,0.0188679245283019
"crane",22,"random_forest",4,"binary",0,0,0.0188679245283019
"crane",22,"random_forest",4,"binary",0,0,0.0188679245283019
"crane",22,"random_forest",4,"binary",0,0,0.0188679245283019
"crane",22,"random_forest",4,"binary",0,0,0.0188679245283019
"crane",22,"random_forest",4,"binary",0,0,0.0188679245283019
"crane",22,"random_forest",4,"binary",0,0,0.0188679245283019
"crane",22,"random_forest",4,"binary",0,0,0.0188679245283019
"crane",22,"random_forest",4,"binary",0,0,0.0188679245283019
"crane",22,"random_forest",4,"binary",0,0,0.0188679245283019
"crane",22,"random_forest",4,"binary",0,0,0.0188679245283019
"crane",22,"random_forest",4,"binary",0,0,0.0188679245283019
"crane",22,"random_forest",4,"binary",0,0,0.0188679245283019
"crane",22,"random_forest",4,"binary",0,0,0.0188679245283019
"crane",22,"random_forest",4,"binary",0,0,0.0188679245283019
"crane",22,"random_forest",4,"binary",0,0,0.0188679245283019
"crane",22,"random_forest",4,"binary",0,0,0.0188679245283019
"crane",22,"random_forest",4,"binary",0,0,0.0188679245283019
"crane",22,"random_forest",4,"binary",0,0,0.0188679245283019
"crane",22,"random_forest",4,"binary",0,0,0.0188679245283019
"crane",22,"random_forest",4,"binary",0,0,0.0188679245283019
"crane",22,"random_forest",4,"binary",0,0,0.0188679245283019
"crane",22,"random_forest",4,"binary",0,0,0.0188679245283019
"crane",22,"random_forest",4,"binary",0,0,0.0188679245283019
"crane",22,"random_forest",4,"binary",0,0,0.0188679245283019
"crane",22,"random_forest",4,"binary",0,0,0.0188679245283019
"crane",22,"random_forest",4,"binary",0,0,0.0188679245283019
"crane",22,"random_forest",4,"binary",0,0,0.0188679245283019
"crane",22,"random_forest",4,"binary",0,0,0.0188679245283019
"crane",22,"random_forest",4,"binary",0,0,0.0188679245283019
"crane",22,"random_forest",4,"binary",0,0,0.0188679245283019
"crane",22,"random_forest",4,"binary",0,0,0.0188679245283019
"crane",22,"random_forest",4,"binary",0,0,0.0188679245283019
"crane",22,"random_forest",4,"binary",0,0,0.0188679245283019
"crane",22,"random_forest",4,"binary",0,0,0.0188679245283019
"crane",22,"random_forest",4,"binary",0,0,0.0188679245283019
"crane",22,"random_forest",4,"binary",0,0,0.0188679245283019
"crane",22,"random_forest",4,"binary",0,0,0.0188679245283019
"crane",22,"random_forest",4,"binary",0,0,0.0188679245283019
"crane",22,"random_forest",4,"binary",0,0,0.0188679245283019
"crane",22,"random_forest",4,"binary",0,0,0.0188679245283019
"crane",22,"random_forest",4,"binary",0,0,0.0188679245283019
"crane",22,"random_forest",4,"binary",0,0,0.0188679245283019
"crane",22,"random_forest",4,"binary",0,0,0.0188679245283019
"crane",22,"random_forest",4,"binary",1,0,0.0188679245283019
"crane",22,"random_forest",4,"binary",0,0,0.0188679245283019
"crane",22,"random_forest",4,"binary",0,0,0.0188679245283019
"crane",22,"random_forest",4,"binary",0,0,0.0188679245283019
"crane",22,"random_forest",4,"binary",0,0,0.0188679245283019
"crane",22,"random_forest",4,"binary",0,0,0.0188679245283019
"crane",22,"random_forest",4,"binary",0,0,0.0188679245283019
"crane",22,"random_forest",4,"binary",0,0,0.0188679245283019
"crane",22,"random_forest",4,"binary",0,0,0.0188679245283019
"crane",22,"random_forest",4,"binary",0,0,0.0188679245283019
"crane",22,"random_forest",4,"binary",0,0,0.0188679245283019
"crane",22,"random_forest",4,"binary",0,0,0.0188679245283019
"crane",22,"random_forest",4,"binary",0,0,0.0188679245283019
"crane",22,"random_forest",4,"binary",0,0,0.0188679245283019
"crane",22,"random_forest",4,"binary",0,0,0.0188679245283019
"crane",22,"random_forest",4,"binary",0,0,0.0188679245283019
"crane",22,"random_forest",4,"binary",0,0,0.0188679245283019
"crane",22,"random_forest",4,"binary",0,0,0.0188679245283019
"crane",22,"random_forest",4,"binary",0,0,0.0188679245283019
"crane",22,"random_forest",4,"binary",0,0,0.0188679245283019
"crane",22,"random_forest",4,"binary",0,0,0.0188679245283019
"crane",22,"random_forest",4,"binary",0,0,0.0188679245283019
"crane",22,"random_forest",5,"binary",0,0,0.0207547169811321
"crane",22,"random_forest",5,"binary",0,0,0.0207547169811321
"crane",22,"random_forest",5,"binary",0,0,0.0207547169811321
"crane",22,"random_forest",5,"binary",0,0,0.0207547169811321
"crane",22,"random_forest",5,"binary",0,0,0.0207547169811321
"crane",22,"random_forest",5,"binary",0,0,0.0207547169811321
"crane",22,"random_forest",5,"binary",0,0,0.0207547169811321
"crane",22,"random_forest",5,"binary",0,0,0.0207547169811321
"crane",22,"random_forest",5,"binary",0,0,0.0207547169811321
"crane",22,"random_forest",5,"binary",0,0,0.0207547169811321
"crane",22,"random_forest",5,"binary",0,0,0.0207547169811321
"crane",22,"random_forest",5,"binary",0,0,0.0207547169811321
"crane",22,"random_forest",5,"binary",0,0,0.0207547169811321
"crane",22,"random_forest",5,"binary",0,0,0.0207547169811321
"crane",22,"random_forest",5,"binary",0,0,0.0207547169811321
"crane",22,"random_forest",5,"binary",0,0,0.0207547169811321
"crane",22,"random_forest",5,"binary",0,0,0.0207547169811321
"crane",22,"random_forest",5,"binary",0,0,0.0207547169811321
"crane",22,"random_forest",5,"binary",0,0,0.0207547169811321
"crane",22,"random_forest",5,"binary",0,0,0.0207547169811321
"crane",22,"random_forest",5,"binary",0,0,0.0207547169811321
"crane",22,"random_forest",5,"binary",0,0,0.0207547169811321
"crane",22,"random_forest",5,"binary",0,0,0.0207547169811321
"crane",22,"random_forest",5,"binary",0,0,0.0207547169811321
"crane",22,"random_forest",5,"binary",0,0,0.0207547169811321
"crane",22,"random_forest",5,"binary",0,0,0.0207547169811321
"crane",22,"random_forest",5,"binary",0,0,0.0207547169811321
"crane",22,"random_forest",5,"binary",0,0,0.0207547169811321
"crane",22,"random_forest",5,"binary",0,0,0.0207547169811321
"crane",22,"random_forest",5,"binary",0,0,0.0207547169811321
"crane",22,"random_forest",5,"binary",0,0,0.0207547169811321
"crane",22,"random_forest",5,"binary",0,0,0.0207547169811321
"crane",22,"random_forest",5,"binary",0,0,0.0207547169811321
"crane",22,"random_forest",5,"binary",0,0,0.0207547169811321
"crane",22,"random_forest",5,"binary",0,0,0.0207547169811321
"crane",22,"random_forest",5,"binary",0,0,0.0207547169811321
"crane",22,"random_forest",5,"binary",0,0,0.0207547169811321
"crane",22,"random_forest",5,"binary",0,0,0.0207547169811321
"crane",22,"random_forest",5,"binary",0,0,0.0207547169811321
"crane",22,"random_forest",5,"binary",0,0,0.0207547169811321
"crane",22,"random_forest",5,"binary",0,0,0.0207547169811321
"crane",22,"random_forest",5,"binary",0,0,0.0207547169811321
"crane",22,"random_forest",5,"binary",0,0,0.0207547169811321
"crane",22,"random_forest",5,"binary",0,0,0.0207547169811321
"crane",22,"random_forest",5,"binary",0,0,0.0207547169811321
"crane",22,"random_forest",5,"binary",0,0,0.0207547169811321
"crane",22,"random_forest",5,"binary",0,0,0.0207547169811321
"crane",22,"random_forest",5,"binary",0,0,0.0207547169811321
"crane",22,"random_forest",5,"binary",0,0,0.0207547169811321
"crane",22,"random_forest",5,"binary",0,0,0.0207547169811321
"crane",22,"random_forest",5,"binary",0,0,0.0207547169811321
"crane",22,"random_forest",5,"binary",0,0,0.0207547169811321
"crane",22,"random_forest",5,"binary",0,0,0.0207547169811321
"crane",22,"random_forest",5,"binary",0,0,0.0207547169811321
"crane",22,"random_forest",5,"binary",0,0,0.0207547169811321
"crane",22,"random_forest",5,"binary",0,0,0.0207547169811321
"crane",22,"random_forest",5,"binary",0,0,0.0207547169811321
"crane",22,"random_forest",5,"binary",0,0,0.0207547169811321
"crane",22,"random_forest",5,"binary",0,0,0.0207547169811321
"crane",22,"random_forest",5,"binary",0,0,0.0207547169811321
"crane",22,"random_forest",5,"binary",0,0,0.0207547169811321
"crane",22,"random_forest",5,"binary",0,0,0.0207547169811321
"crane",22,"random_forest",5,"binary",0,0,0.0207547169811321
"crane",22,"random_forest",5,"binary",0,0,0.0207547169811321
"crane",22,"random_forest",5,"binary",0,0,0.0207547169811321
"crane",22,"random_forest",5,"binary",0,0,0.0207547169811321
"crane",22,"random_forest",5,"binary",0,0,0.0207547169811321
"crane",22,"random_forest",5,"binary",0,0,0.0207547169811321
"crane",22,"random_forest",5,"binary",0,0,0.0207547169811321
"crane",22,"random_forest",5,"binary",0,0,0.0207547169811321
"crane",22,"random_forest",5,"binary",0,0,0.0207547169811321
"crane",22,"random_forest",5,"binary",0,0,0.0207547169811321
"crane",22,"random_forest",5,"binary",0,0,0.0207547169811321
"crane",22,"random_forest",5,"binary",0,0,0.0207547169811321
"crane",22,"random_forest",5,"binary",0,0,0.0207547169811321
"crane",22,"random_forest",5,"binary",0,0,0.0207547169811321
"crane",22,"random_forest",5,"binary",0,0,0.0207547169811321
"crane",22,"random_forest",5,"binary",0,0,0.0207547169811321
"crane",22,"random_forest",5,"binary",0,0,0.0207547169811321
"crane",22,"random_forest",5,"binary",0,0,0.0207547169811321
"crane",22,"random_forest",5,"binary",0,0,0.0207547169811321
"crane",22,"random_forest",5,"binary",0,0,0.0207547169811321
"crane",22,"random_forest",5,"binary",0,0,0.0207547169811321
"crane",22,"random_forest",5,"binary",0,0,0.0207547169811321
"crane",22,"random_forest",5,"binary",0,0,0.0207547169811321
"crane",22,"random_forest",5,"binary",0,0,0.0207547169811321
"crane",22,"random_forest",5,"binary",0,0,0.0207547169811321
"crane",22,"random_forest",5,"binary",0,0,0.0207547169811321
"crane",22,"random_forest",5,"binary",0,0,0.0207547169811321
"crane",22,"random_forest",5,"binary",0,0,0.0207547169811321
"crane",22,"random_forest",5,"binary",0,0,0.0207547169811321
"crane",22,"random_forest",5,"binary",0,0,0.0207547169811321
"crane",22,"random_forest",5,"binary",0,0,0.0207547169811321
"crane",22,"random_forest",5,"binary",0,0,0.0207547169811321
"crane",22,"random_forest",5,"binary",0,0,0.0207547169811321
"crane",22,"random_forest",5,"binary",0,0,0.0207547169811321
"crane",22,"random_forest",5,"binary",0,0,0.0207547169811321
"crane",22,"random_forest",5,"binary",0,0,0.0207547169811321
"crane",22,"random_forest",5,"binary",0,0,0.0207547169811321
"crane",22,"random_forest",5,"binary",0,0,0.0207547169811321
"crane",22,"random_forest",5,"binary",0,0,0.0207547169811321
"crane",22,"random_forest",5,"binary",0,0,0.0207547169811321
"crane",22,"random_forest",5,"binary",0,0,0.0207547169811321
"crane",22,"random_forest",5,"binary",0,0,0.0207547169811321
"crane",22,"random_forest",5,"binary",0,0,0.0207547169811321
"crane",22,"random_forest",5,"binary",0,0,0.0207547169811321
"crane",22,"random_forest",5,"binary",0,0,0.0207547169811321
"crane",22,"random_forest",5,"binary",0,0,0.0207547169811321
"crane",22,"random_forest",5,"binary",0,0,0.0207547169811321
"crane",22,"random_forest",5,"binary",0,0,0.0207547169811321
"crane",22,"random_forest",5,"binary",0,0,0.0207547169811321
"crane",22,"random_forest",5,"binary",0,0,0.0207547169811321
"crane",22,"random_forest",5,"binary",0,0,0.0207547169811321
"crane",22,"random_forest",5,"binary",0,0,0.0207547169811321
"crane",22,"random_forest",5,"binary",0,0,0.0207547169811321
"crane",22,"random_forest",5,"binary",0,0,0.0207547169811321
"crane",22,"random_forest",5,"binary",0,0,0.0207547169811321
"crane",22,"random_forest",5,"binary",0,0,0.0207547169811321
"crane",22,"random_forest",5,"binary",0,0,0.0207547169811321
"crane",22,"random_forest",5,"binary",0,0,0.0207547169811321
"crane",22,"xgboost",1,"binary",0,0.000442445278167725,0.0113207547169811
"crane",22,"xgboost",1,"binary",0,0.000805437564849854,0.0113207547169811
"crane",22,"xgboost",1,"binary",0,0.000805437564849854,0.0113207547169811
"crane",22,"xgboost",1,"binary",0,0.000805437564849854,0.0113207547169811
"crane",22,"xgboost",1,"binary",0,0.000805437564849854,0.0113207547169811
"crane",22,"xgboost",1,"binary",0,0.0219836235046387,0.0113207547169811
"crane",22,"xgboost",1,"binary",0,0.00119781494140625,0.0113207547169811
"crane",22,"xgboost",1,"binary",0,0.00837337970733643,0.0113207547169811
"crane",22,"xgboost",1,"binary",0,0.000805437564849854,0.0113207547169811
"crane",22,"xgboost",1,"binary",0,0.0560357570648193,0.0113207547169811
"crane",22,"xgboost",1,"binary",0,0.00315713882446289,0.0113207547169811
"crane",22,"xgboost",1,"binary",0,0.000805437564849854,0.0113207547169811
"crane",22,"xgboost",1,"binary",0,0.00116771459579468,0.0113207547169811
"crane",22,"xgboost",1,"binary",0,0.00116771459579468,0.0113207547169811
"crane",22,"xgboost",1,"binary",0,0.000805437564849854,0.0113207547169811
"crane",22,"xgboost",1,"binary",0,0.00506174564361572,0.0113207547169811
"crane",22,"xgboost",1,"binary",1,0.841388449072838,0.0113207547169811
"crane",22,"xgboost",1,"binary",0,0.000805437564849854,0.0113207547169811
"crane",22,"xgboost",1,"binary",0,0.000442445278167725,0.0113207547169811
"crane",22,"xgboost",1,"binary",0,0.000442445278167725,0.0113207547169811
"crane",22,"xgboost",1,"binary",0,0.000805437564849854,0.0113207547169811
"crane",22,"xgboost",1,"binary",0,0.000442445278167725,0.0113207547169811
"crane",22,"xgboost",1,"binary",0,0.000442445278167725,0.0113207547169811
"crane",22,"xgboost",1,"binary",0,0.000805437564849854,0.0113207547169811
"crane",22,"xgboost",1,"binary",0,0.000442445278167725,0.0113207547169811
"crane",22,"xgboost",1,"binary",0,0.000805437564849854,0.0113207547169811
"crane",22,"xgboost",1,"binary",0,0.000805437564849854,0.0113207547169811
"crane",22,"xgboost",1,"binary",0,0.000805437564849854,0.0113207547169811
"crane",22,"xgboost",1,"binary",0,0.000805437564849854,0.0113207547169811
"crane",22,"xgboost",1,"binary",0,0.0219836235046387,0.0113207547169811
"crane",22,"xgboost",1,"binary",0,0.00119781494140625,0.0113207547169811
"crane",22,"xgboost",1,"binary",0,0.00837337970733643,0.0113207547169811
"crane",22,"xgboost",1,"binary",0,0.000805437564849854,0.0113207547169811
"crane",22,"xgboost",1,"binary",0,0.0560357570648193,0.0113207547169811
"crane",22,"xgboost",1,"binary",0,0.00315713882446289,0.0113207547169811
"crane",22,"xgboost",1,"binary",0,0.000805437564849854,0.0113207547169811
"crane",22,"xgboost",1,"binary",0,0.00116771459579468,0.0113207547169811
"crane",22,"xgboost",1,"binary",0,0.00116771459579468,0.0113207547169811
"crane",22,"xgboost",1,"binary",0,0.000805437564849854,0.0113207547169811
"crane",22,"xgboost",1,"binary",0,0.00506174564361572,0.0113207547169811
"crane",22,"xgboost",1,"binary",1,0.841388449072838,0.0113207547169811
"crane",22,"xgboost",1,"binary",0,0.000805437564849854,0.0113207547169811
"crane",22,"xgboost",1,"binary",0,0.000442445278167725,0.0113207547169811
"crane",22,"xgboost",1,"binary",0,0.000442445278167725,0.0113207547169811
"crane",22,"xgboost",1,"binary",0,0.000805437564849854,0.0113207547169811
"crane",22,"xgboost",1,"binary",0,0.000442445278167725,0.0113207547169811
"crane",22,"xgboost",1,"binary",0,0.000442445278167725,0.0113207547169811
"crane",22,"xgboost",1,"binary",0,0.000805437564849854,0.0113207547169811
"crane",22,"xgboost",1,"binary",0,0.000442445278167725,0.0113207547169811
"crane",22,"xgboost",1,"binary",0,0.000805437564849854,0.0113207547169811
"crane",22,"xgboost",1,"binary",0,0.000805437564849854,0.0113207547169811
"crane",22,"xgboost",1,"binary",0,0.000805437564849854,0.0113207547169811
"crane",22,"xgboost",1,"binary",0,0.000805437564849854,0.0113207547169811
"crane",22,"xgboost",1,"binary",0,0.0219836235046387,0.0113207547169811
"crane",22,"xgboost",1,"binary",0,0.00119781494140625,0.0113207547169811
"crane",22,"xgboost",1,"binary",0,0.00837337970733643,0.0113207547169811
"crane",22,"xgboost",1,"binary",0,0.000805437564849854,0.0113207547169811
"crane",22,"xgboost",1,"binary",0,0.0560357570648193,0.0113207547169811
"crane",22,"xgboost",1,"binary",0,0.00315713882446289,0.0113207547169811
"crane",22,"xgboost",1,"binary",0,0.000805437564849854,0.0113207547169811
"crane",22,"xgboost",1,"binary",0,0.00116771459579468,0.0113207547169811
"crane",22,"xgboost",1,"binary",0,0.00116771459579468,0.0113207547169811
"crane",22,"xgboost",1,"binary",0,0.000805437564849854,0.0113207547169811
"crane",22,"xgboost",1,"binary",0,0.00506174564361572,0.0113207547169811
"crane",22,"xgboost",1,"binary",1,0.841388449072838,0.0113207547169811
"crane",22,"xgboost",1,"binary",0,0.000805437564849854,0.0113207547169811
"crane",22,"xgboost",1,"binary",0,0.000442445278167725,0.0113207547169811
"crane",22,"xgboost",1,"binary",0,0.000442445278167725,0.0113207547169811
"crane",22,"xgboost",1,"binary",0,0.000805437564849854,0.0113207547169811
"crane",22,"xgboost",1,"binary",0,0.000442445278167725,0.0113207547169811
"crane",22,"xgboost",1,"binary",0,0.000442445278167725,0.0113207547169811
"crane",22,"xgboost",1,"binary",0,0.000805437564849854,0.0113207547169811
"crane",22,"xgboost",1,"binary",0,0.000442445278167725,0.0113207547169811
"crane",22,"xgboost",1,"binary",0,0.000805437564849854,0.0113207547169811
"crane",22,"xgboost",1,"binary",0,0.000805437564849854,0.0113207547169811
"crane",22,"xgboost",1,"binary",0,0.000805437564849854,0.0113207547169811
"crane",22,"xgboost",1,"binary",0,0.000805437564849854,0.0113207547169811
"crane",22,"xgboost",1,"binary",0,0.0219836235046387,0.0113207547169811
"crane",22,"xgboost",1,"binary",0,0.00119781494140625,0.0113207547169811
"crane",22,"xgboost",1,"binary",0,0.00837337970733643,0.0113207547169811
"crane",22,"xgboost",1,"binary",0,0.000805437564849854,0.0113207547169811
"crane",22,"xgboost",1,"binary",0,0.0560357570648193,0.0113207547169811
"crane",22,"xgboost",1,"binary",0,0.00315713882446289,0.0113207547169811
"crane",22,"xgboost",1,"binary",0,0.000805437564849854,0.0113207547169811
"crane",22,"xgboost",1,"binary",0,0.00116771459579468,0.0113207547169811
"crane",22,"xgboost",1,"binary",0,0.00116771459579468,0.0113207547169811
"crane",22,"xgboost",1,"binary",0,0.000805437564849854,0.0113207547169811
"crane",22,"xgboost",1,"binary",0,0.00506174564361572,0.0113207547169811
"crane",22,"xgboost",1,"binary",1,0.841388449072838,0.0113207547169811
"crane",22,"xgboost",1,"binary",0,0.000805437564849854,0.0113207547169811
"crane",22,"xgboost",1,"binary",0,0.000442445278167725,0.0113207547169811
"crane",22,"xgboost",1,"binary",0,0.000442445278167725,0.0113207547169811
"crane",22,"xgboost",1,"binary",0,0.000805437564849854,0.0113207547169811
"crane",22,"xgboost",1,"binary",0,0.000442445278167725,0.0113207547169811
"crane",22,"xgboost",1,"binary",0,0.000442445278167725,0.0113207547169811
"crane",22,"xgboost",1,"binary",0,0.000805437564849854,0.0113207547169811
"crane",22,"xgboost",1,"binary",0,0.000442445278167725,0.0113207547169811
"crane",22,"xgboost",1,"binary",0,0.000805437564849854,0.0113207547169811
"crane",22,"xgboost",1,"binary",0,0.000805437564849854,0.0113207547169811
"crane",22,"xgboost",1,"binary",0,0.000805437564849854,0.0113207547169811
"crane",22,"xgboost",1,"binary",0,0.000805437564849854,0.0113207547169811
"crane",22,"xgboost",1,"binary",0,0.0219836235046387,0.0113207547169811
"crane",22,"xgboost",1,"binary",0,0.00119781494140625,0.0113207547169811
"crane",22,"xgboost",1,"binary",0,0.00837337970733643,0.0113207547169811
"crane",22,"xgboost",1,"binary",0,0.000805437564849854,0.0113207547169811
"crane",22,"xgboost",1,"binary",0,0.0560357570648193,0.0113207547169811
"crane",22,"xgboost",1,"binary",0,0.00315713882446289,0.0113207547169811
"crane",22,"xgboost",1,"binary",0,0.000805437564849854,0.0113207547169811
"crane",22,"xgboost",1,"binary",0,0.00116771459579468,0.0113207547169811
"crane",22,"xgboost",1,"binary",0,0.00116771459579468,0.0113207547169811
"crane",22,"xgboost",1,"binary",0,0.000805437564849854,0.0113207547169811
"crane",22,"xgboost",1,"binary",0,0.00506174564361572,0.0113207547169811
"crane",22,"xgboost",1,"binary",1,0.841388449072838,0.0113207547169811
"crane",22,"xgboost",1,"binary",0,0.000805437564849854,0.0113207547169811
"crane",22,"xgboost",1,"binary",0,0.000442445278167725,0.0113207547169811
"crane",22,"xgboost",1,"binary",0,0.000442445278167725,0.0113207547169811
"crane",22,"xgboost",1,"binary",0,0.000805437564849854,0.0113207547169811
"crane",22,"xgboost",1,"binary",0,0.000442445278167725,0.0113207547169811
"crane",22,"xgboost",1,"binary",0,0.000442445278167725,0.0113207547169811
"crane",22,"xgboost",1,"binary",0,0.000805437564849854,0.0113207547169811
"crane",22,"xgboost",2,"binary",0,0.000901579856872559,0.0122448979591837
"crane",22,"xgboost",2,"binary",0,0.000555217266082764,0.0122448979591837
"crane",22,"xgboost",2,"binary",0,0.000901579856872559,0.0122448979591837
"crane",22,"xgboost",2,"binary",0,0.000555217266082764,0.0122448979591837
"crane",22,"xgboost",2,"binary",0,0.000901579856872559,0.0122448979591837
"crane",22,"xgboost",2,"binary",0,0.000901579856872559,0.0122448979591837
"crane",22,"xgboost",2,"binary",0,0.000901579856872559,0.0122448979591837
"crane",22,"xgboost",2,"binary",0,0.000901579856872559,0.0122448979591837
"crane",22,"xgboost",2,"binary",0,0.000555217266082764,0.0122448979591837
"crane",22,"xgboost",2,"binary",0,0.000901579856872559,0.0122448979591837
"crane",22,"xgboost",2,"binary",0,0.000901579856872559,0.0122448979591837
"crane",22,"xgboost",2,"binary",0,0.000555217266082764,0.0122448979591837
"crane",22,"xgboost",2,"binary",0,0.000555217266082764,0.0122448979591837
"crane",22,"xgboost",2,"binary",0,0.000555217266082764,0.0122448979591837
"crane",22,"xgboost",2,"binary",0,0.000901579856872559,0.0122448979591837
"crane",22,"xgboost",2,"binary",0,0.000555217266082764,0.0122448979591837
"crane",22,"xgboost",2,"binary",0,0.000555217266082764,0.0122448979591837
"crane",22,"xgboost",2,"binary",1,0.791441261768341,0.0122448979591837
"crane",22,"xgboost",2,"binary",0,0.000555217266082764,0.0122448979591837
"crane",22,"xgboost",2,"binary",0,0.000901579856872559,0.0122448979591837
"crane",22,"xgboost",2,"binary",0,0.000901579856872559,0.0122448979591837
"crane",22,"xgboost",2,"binary",0,0.000901579856872559,0.0122448979591837
"crane",22,"xgboost",2,"binary",0,0.00128710269927979,0.0122448979591837
"crane",22,"xgboost",2,"binary",0,0.0278863310813904,0.0122448979591837
"crane",22,"xgboost",2,"binary",0,0.000901579856872559,0.0122448979591837
"crane",22,"xgboost",2,"binary",0,0.000901579856872559,0.0122448979591837
"crane",22,"xgboost",2,"binary",0,0.000901579856872559,0.0122448979591837
"crane",22,"xgboost",2,"binary",0,0.000901579856872559,0.0122448979591837
"crane",22,"xgboost",2,"binary",0,0.000901579856872559,0.0122448979591837
"crane",22,"xgboost",2,"binary",0,0.000901579856872559,0.0122448979591837
"crane",22,"xgboost",2,"binary",0,0.885683670639992,0.0122448979591837
"crane",22,"xgboost",2,"binary",0,0.468755006790161,0.0122448979591837
"crane",22,"xgboost",2,"binary",0,0.000901579856872559,0.0122448979591837
"crane",22,"xgboost",2,"binary",0,0.000555217266082764,0.0122448979591837
"crane",22,"xgboost",2,"binary",0,0.000901579856872559,0.0122448979591837
"crane",22,"xgboost",2,"binary",0,0.000555217266082764,0.0122448979591837
"crane",22,"xgboost",2,"binary",0,0.000901579856872559,0.0122448979591837
"crane",22,"xgboost",2,"binary",0,0.000901579856872559,0.0122448979591837
"crane",22,"xgboost",2,"binary",0,0.000901579856872559,0.0122448979591837
"crane",22,"xgboost",2,"binary",0,0.000901579856872559,0.0122448979591837
"crane",22,"xgboost",2,"binary",0,0.000555217266082764,0.0122448979591837
"crane",22,"xgboost",2,"binary",0,0.000901579856872559,0.0122448979591837
"crane",22,"xgboost",2,"binary",0,0.000901579856872559,0.0122448979591837
"crane",22,"xgboost",2,"binary",0,0.000555217266082764,0.0122448979591837
"crane",22,"xgboost",2,"binary",0,0.000555217266082764,0.0122448979591837
"crane",22,"xgboost",2,"binary",0,0.000555217266082764,0.0122448979591837
"crane",22,"xgboost",2,"binary",0,0.000901579856872559,0.0122448979591837
"crane",22,"xgboost",2,"binary",0,0.000555217266082764,0.0122448979591837
"crane",22,"xgboost",2,"binary",0,0.000555217266082764,0.0122448979591837
"crane",22,"xgboost",2,"binary",1,0.791441261768341,0.0122448979591837
"crane",22,"xgboost",2,"binary",0,0.000555217266082764,0.0122448979591837
"crane",22,"xgboost",2,"binary",0,0.000901579856872559,0.0122448979591837
"crane",22,"xgboost",2,"binary",0,0.000901579856872559,0.0122448979591837
"crane",22,"xgboost",2,"binary",0,0.000901579856872559,0.0122448979591837
"crane",22,"xgboost",2,"binary",0,0.00128710269927979,0.0122448979591837
"crane",22,"xgboost",2,"binary",0,0.0278863310813904,0.0122448979591837
"crane",22,"xgboost",2,"binary",0,0.000901579856872559,0.0122448979591837
"crane",22,"xgboost",2,"binary",0,0.000901579856872559,0.0122448979591837
"crane",22,"xgboost",2,"binary",0,0.000901579856872559,0.0122448979591837
"crane",22,"xgboost",2,"binary",0,0.000901579856872559,0.0122448979591837
"crane",22,"xgboost",2,"binary",0,0.000901579856872559,0.0122448979591837
"crane",22,"xgboost",2,"binary",0,0.000901579856872559,0.0122448979591837
"crane",22,"xgboost",2,"binary",0,0.885683670639992,0.0122448979591837
"crane",22,"xgboost",2,"binary",0,0.468755006790161,0.0122448979591837
"crane",22,"xgboost",2,"binary",0,0.000901579856872559,0.0122448979591837
"crane",22,"xgboost",2,"binary",0,0.000555217266082764,0.0122448979591837
"crane",22,"xgboost",2,"binary",0,0.000901579856872559,0.0122448979591837
"crane",22,"xgboost",2,"binary",0,0.000555217266082764,0.0122448979591837
"crane",22,"xgboost",2,"binary",0,0.000901579856872559,0.0122448979591837
"crane",22,"xgboost",2,"binary",0,0.000901579856872559,0.0122448979591837
"crane",22,"xgboost",2,"binary",0,0.000901579856872559,0.0122448979591837
"crane",22,"xgboost",2,"binary",0,0.000901579856872559,0.0122448979591837
"crane",22,"xgboost",2,"binary",0,0.000555217266082764,0.0122448979591837
"crane",22,"xgboost",2,"binary",0,0.000901579856872559,0.0122448979591837
"crane",22,"xgboost",2,"binary",0,0.000901579856872559,0.0122448979591837
"crane",22,"xgboost",2,"binary",0,0.000555217266082764,0.0122448979591837
"crane",22,"xgboost",2,"binary",0,0.000555217266082764,0.0122448979591837
"crane",22,"xgboost",2,"binary",0,0.000555217266082764,0.0122448979591837
"crane",22,"xgboost",2,"binary",0,0.000901579856872559,0.0122448979591837
"crane",22,"xgboost",2,"binary",0,0.000555217266082764,0.0122448979591837
"crane",22,"xgboost",2,"binary",0,0.000555217266082764,0.0122448979591837
"crane",22,"xgboost",2,"binary",1,0.791441261768341,0.0122448979591837
"crane",22,"xgboost",2,"binary",0,0.000555217266082764,0.0122448979591837
"crane",22,"xgboost",2,"binary",0,0.000901579856872559,0.0122448979591837
"crane",22,"xgboost",2,"binary",0,0.000901579856872559,0.0122448979591837
"crane",22,"xgboost",2,"binary",0,0.000901579856872559,0.0122448979591837
"crane",22,"xgboost",2,"binary",0,0.00128710269927979,0.0122448979591837
"crane",22,"xgboost",2,"binary",0,0.0278863310813904,0.0122448979591837
"crane",22,"xgboost",2,"binary",0,0.000901579856872559,0.0122448979591837
"crane",22,"xgboost",2,"binary",0,0.000901579856872559,0.0122448979591837
"crane",22,"xgboost",2,"binary",0,0.000901579856872559,0.0122448979591837
"crane",22,"xgboost",2,"binary",0,0.000901579856872559,0.0122448979591837
"crane",22,"xgboost",2,"binary",0,0.000901579856872559,0.0122448979591837
"crane",22,"xgboost",2,"binary",0,0.000901579856872559,0.0122448979591837
"crane",22,"xgboost",2,"binary",0,0.885683670639992,0.0122448979591837
"crane",22,"xgboost",2,"binary",0,0.468755006790161,0.0122448979591837
"crane",22,"xgboost",2,"binary",0,0.000901579856872559,0.0122448979591837
"crane",22,"xgboost",2,"binary",0,0.000555217266082764,0.0122448979591837
"crane",22,"xgboost",2,"binary",0,0.000901579856872559,0.0122448979591837
"crane",22,"xgboost",2,"binary",0,0.000555217266082764,0.0122448979591837
"crane",22,"xgboost",2,"binary",0,0.000901579856872559,0.0122448979591837
"crane",22,"xgboost",2,"binary",0,0.000901579856872559,0.0122448979591837
"crane",22,"xgboost",2,"binary",0,0.000901579856872559,0.0122448979591837
"crane",22,"xgboost",2,"binary",0,0.000901579856872559,0.0122448979591837
"crane",22,"xgboost",2,"binary",0,0.000555217266082764,0.0122448979591837
"crane",22,"xgboost",2,"binary",0,0.000901579856872559,0.0122448979591837
"crane",22,"xgboost",2,"binary",0,0.000901579856872559,0.0122448979591837
"crane",22,"xgboost",2,"binary",0,0.000555217266082764,0.0122448979591837
"crane",22,"xgboost",2,"binary",0,0.000555217266082764,0.0122448979591837
"crane",22,"xgboost",2,"binary",0,0.000555217266082764,0.0122448979591837
"crane",22,"xgboost",2,"binary",0,0.000901579856872559,0.0122448979591837
"crane",22,"xgboost",2,"binary",0,0.000555217266082764,0.0122448979591837
"crane",22,"xgboost",2,"binary",0,0.000555217266082764,0.0122448979591837
"crane",22,"xgboost",2,"binary",1,0.791441261768341,0.0122448979591837
"crane",22,"xgboost",2,"binary",0,0.000555217266082764,0.0122448979591837
"crane",22,"xgboost",2,"binary",0,0.000901579856872559,0.0122448979591837
"crane",22,"xgboost",2,"binary",0,0.000901579856872559,0.0122448979591837
"crane",22,"xgboost",2,"binary",0,0.000901579856872559,0.0122448979591837
"crane",22,"xgboost",2,"binary",0,0.00128710269927979,0.0122448979591837
"crane",22,"xgboost",2,"binary",0,0.0278863310813904,0.0122448979591837
"crane",22,"xgboost",2,"binary",0,0.000901579856872559,0.0122448979591837
"crane",22,"xgboost",2,"binary",0,0.000901579856872559,0.0122448979591837
"crane",22,"xgboost",2,"binary",0,0.000901579856872559,0.0122448979591837
"crane",22,"xgboost",2,"binary",0,0.000901579856872559,0.0122448979591837
"crane",22,"xgboost",2,"binary",0,0.000901579856872559,0.0122448979591837
"crane",22,"xgboost",2,"binary",0,0.000901579856872559,0.0122448979591837
"crane",22,"xgboost",2,"binary",0,0.885683670639992,0.0122448979591837
"crane",22,"xgboost",2,"binary",0,0.468755006790161,0.0122448979591837
"crane",22,"xgboost",2,"binary",0,0.000901579856872559,0.0122448979591837
"crane",22,"xgboost",2,"binary",0,0.000555217266082764,0.0122448979591837
"crane",22,"xgboost",2,"binary",0,0.000901579856872559,0.0122448979591837
"crane",22,"xgboost",2,"binary",0,0.000555217266082764,0.0122448979591837
"crane",22,"xgboost",2,"binary",0,0.000901579856872559,0.0122448979591837
"crane",22,"xgboost",2,"binary",0,0.000901579856872559,0.0122448979591837
"crane",22,"xgboost",2,"binary",0,0.000901579856872559,0.0122448979591837
"crane",22,"xgboost",2,"binary",0,0.000901579856872559,0.0122448979591837
"crane",22,"xgboost",2,"binary",0,0.000555217266082764,0.0122448979591837
"crane",22,"xgboost",2,"binary",0,0.000901579856872559,0.0122448979591837
"crane",22,"xgboost",2,"binary",0,0.000901579856872559,0.0122448979591837
"crane",22,"xgboost",2,"binary",0,0.000555217266082764,0.0122448979591837
"crane",22,"xgboost",2,"binary",0,0.000555217266082764,0.0122448979591837
"crane",22,"xgboost",2,"binary",0,0.000555217266082764,0.0122448979591837
"crane",22,"xgboost",2,"binary",0,0.000901579856872559,0.0122448979591837
"crane",22,"xgboost",2,"binary",0,0.000555217266082764,0.0122448979591837
"crane",22,"xgboost",2,"binary",0,0.000555217266082764,0.0122448979591837
"crane",22,"xgboost",2,"binary",1,0.791441261768341,0.0122448979591837
"crane",22,"xgboost",2,"binary",0,0.000555217266082764,0.0122448979591837
"crane",22,"xgboost",2,"binary",0,0.000901579856872559,0.0122448979591837
"crane",22,"xgboost",2,"binary",0,0.000901579856872559,0.0122448979591837
"crane",22,"xgboost",2,"binary",0,0.000901579856872559,0.0122448979591837
"crane",22,"xgboost",2,"binary",0,0.00128710269927979,0.0122448979591837
"crane",22,"xgboost",2,"binary",0,0.0278863310813904,0.0122448979591837
"crane",22,"xgboost",2,"binary",0,0.000901579856872559,0.0122448979591837
"crane",22,"xgboost",2,"binary",0,0.000901579856872559,0.0122448979591837
"crane",22,"xgboost",2,"binary",0,0.000901579856872559,0.0122448979591837
"crane",22,"xgboost",2,"binary",0,0.000901579856872559,0.0122448979591837
"crane",22,"xgboost",2,"binary",0,0.000901579856872559,0.0122448979591837
"crane",22,"xgboost",2,"binary",0,0.000901579856872559,0.0122448979591837
"crane",22,"xgboost",2,"binary",0,0.885683670639992,0.0122448979591837
"crane",22,"xgboost",2,"binary",0,0.468755006790161,0.0122448979591837
"crane",22,"xgboost",3,"binary",0,0.00121980905532837,0.0211538461538462
"crane",22,"xgboost",3,"binary",0,0.00121980905532837,0.0211538461538462
"crane",22,"xgboost",3,"binary",0,0.00121980905532837,0.0211538461538462
"crane",22,"xgboost",3,"binary",0,0.00121980905532837,0.0211538461538462
"crane",22,"xgboost",3,"binary",0,0.000655233860015869,0.0211538461538462
"crane",22,"xgboost",3,"binary",0,0.000655233860015869,0.0211538461538462
"crane",22,"xgboost",3,"binary",0,0.00121980905532837,0.0211538461538462
"crane",22,"xgboost",3,"binary",0,0.00121980905532837,0.0211538461538462
"crane",22,"xgboost",3,"binary",0,0.0273444056510925,0.0211538461538462
"crane",22,"xgboost",3,"binary",0,0.00121980905532837,0.0211538461538462
"crane",22,"xgboost",3,"binary",0,0.00121980905532837,0.0211538461538462
"crane",22,"xgboost",3,"binary",0,0.0145513415336609,0.0211538461538462
"crane",22,"xgboost",3,"binary",0,0.000655233860015869,0.0211538461538462
"crane",22,"xgboost",3,"binary",0,0.00121980905532837,0.0211538461538462
"crane",22,"xgboost",3,"binary",0,0.00693380832672119,0.0211538461538462
"crane",22,"xgboost",3,"binary",0,0.000655233860015869,0.0211538461538462
"crane",22,"xgboost",3,"binary",0,0.000655233860015869,0.0211538461538462
"crane",22,"xgboost",3,"binary",0,0.000655233860015869,0.0211538461538462
"crane",22,"xgboost",3,"binary",0,0.00121980905532837,0.0211538461538462
"crane",22,"xgboost",3,"binary",0,0.00121980905532837,0.0211538461538462
"crane",22,"xgboost",3,"binary",0,0.00121980905532837,0.0211538461538462
"crane",22,"xgboost",3,"binary",0,0.00121980905532837,0.0211538461538462
"crane",22,"xgboost",3,"binary",0,0.00121980905532837,0.0211538461538462
"crane",22,"xgboost",3,"binary",0,0.00121980905532837,0.0211538461538462
"crane",22,"xgboost",3,"binary",0,0.00693380832672119,0.0211538461538462
"crane",22,"xgboost",3,"binary",0,0.00121980905532837,0.0211538461538462
"crane",22,"xgboost",3,"binary",0,0.00121980905532837,0.0211538461538462
"crane",22,"xgboost",3,"binary",0,0.00121980905532837,0.0211538461538462
"crane",22,"xgboost",3,"binary",0,0.00121980905532837,0.0211538461538462
"crane",22,"xgboost",3,"binary",0,0.00121980905532837,0.0211538461538462
"crane",22,"xgboost",3,"binary",0,0.000655233860015869,0.0211538461538462
"crane",22,"xgboost",3,"binary",0,0.000655233860015869,0.0211538461538462
"crane",22,"xgboost",3,"binary",0,0.00121980905532837,0.0211538461538462
"crane",22,"xgboost",3,"binary",0,0.00121980905532837,0.0211538461538462
"crane",22,"xgboost",3,"binary",0,0.0273444056510925,0.0211538461538462
"crane",22,"xgboost",3,"binary",0,0.00121980905532837,0.0211538461538462
"crane",22,"xgboost",3,"binary",0,0.00121980905532837,0.0211538461538462
"crane",22,"xgboost",3,"binary",0,0.0145513415336609,0.0211538461538462
"crane",22,"xgboost",3,"binary",0,0.000655233860015869,0.0211538461538462
"crane",22,"xgboost",3,"binary",0,0.00121980905532837,0.0211538461538462
"crane",22,"xgboost",3,"binary",0,0.00693380832672119,0.0211538461538462
"crane",22,"xgboost",3,"binary",0,0.000655233860015869,0.0211538461538462
"crane",22,"xgboost",3,"binary",0,0.000655233860015869,0.0211538461538462
"crane",22,"xgboost",3,"binary",0,0.000655233860015869,0.0211538461538462
"crane",22,"xgboost",3,"binary",0,0.00121980905532837,0.0211538461538462
"crane",22,"xgboost",3,"binary",0,0.00121980905532837,0.0211538461538462
"crane",22,"xgboost",3,"binary",0,0.00121980905532837,0.0211538461538462
"crane",22,"xgboost",3,"binary",0,0.00121980905532837,0.0211538461538462
"crane",22,"xgboost",3,"binary",0,0.00121980905532837,0.0211538461538462
"crane",22,"xgboost",3,"binary",0,0.00121980905532837,0.0211538461538462
"crane",22,"xgboost",3,"binary",0,0.00693380832672119,0.0211538461538462
"crane",22,"xgboost",3,"binary",0,0.00121980905532837,0.0211538461538462
"crane",22,"xgboost",3,"binary",0,0.00121980905532837,0.0211538461538462
"crane",22,"xgboost",3,"binary",0,0.00121980905532837,0.0211538461538462
"crane",22,"xgboost",3,"binary",0,0.00121980905532837,0.0211538461538462
"crane",22,"xgboost",3,"binary",0,0.00121980905532837,0.0211538461538462
"crane",22,"xgboost",3,"binary",0,0.000655233860015869,0.0211538461538462
"crane",22,"xgboost",3,"binary",0,0.000655233860015869,0.0211538461538462
"crane",22,"xgboost",3,"binary",0,0.00121980905532837,0.0211538461538462
"crane",22,"xgboost",3,"binary",0,0.00121980905532837,0.0211538461538462
"crane",22,"xgboost",3,"binary",0,0.0273444056510925,0.0211538461538462
"crane",22,"xgboost",3,"binary",0,0.00121980905532837,0.0211538461538462
"crane",22,"xgboost",3,"binary",0,0.00121980905532837,0.0211538461538462
"crane",22,"xgboost",3,"binary",0,0.0145513415336609,0.0211538461538462
"crane",22,"xgboost",3,"binary",0,0.000655233860015869,0.0211538461538462
"crane",22,"xgboost",3,"binary",0,0.00121980905532837,0.0211538461538462
"crane",22,"xgboost",3,"binary",0,0.00693380832672119,0.0211538461538462
"crane",22,"xgboost",3,"binary",0,0.000655233860015869,0.0211538461538462
"crane",22,"xgboost",3,"binary",0,0.000655233860015869,0.0211538461538462
"crane",22,"xgboost",3,"binary",0,0.000655233860015869,0.0211538461538462
"crane",22,"xgboost",3,"binary",0,0.00121980905532837,0.0211538461538462
"crane",22,"xgboost",3,"binary",0,0.00121980905532837,0.0211538461538462
"crane",22,"xgboost",3,"binary",0,0.00121980905532837,0.0211538461538462
"crane",22,"xgboost",3,"binary",0,0.00121980905532837,0.0211538461538462
"crane",22,"xgboost",3,"binary",0,0.00121980905532837,0.0211538461538462
"crane",22,"xgboost",3,"binary",0,0.00121980905532837,0.0211538461538462
"crane",22,"xgboost",3,"binary",0,0.00693380832672119,0.0211538461538462
"crane",22,"xgboost",3,"binary",0,0.00121980905532837,0.0211538461538462
"crane",22,"xgboost",3,"binary",0,0.00121980905532837,0.0211538461538462
"crane",22,"xgboost",3,"binary",0,0.00121980905532837,0.0211538461538462
"crane",22,"xgboost",3,"binary",0,0.00121980905532837,0.0211538461538462
"crane",22,"xgboost",3,"binary",0,0.00121980905532837,0.0211538461538462
"crane",22,"xgboost",3,"binary",0,0.000655233860015869,0.0211538461538462
"crane",22,"xgboost",3,"binary",0,0.000655233860015869,0.0211538461538462
"crane",22,"xgboost",3,"binary",0,0.00121980905532837,0.0211538461538462
"crane",22,"xgboost",3,"binary",0,0.00121980905532837,0.0211538461538462
"crane",22,"xgboost",3,"binary",0,0.0273444056510925,0.0211538461538462
"crane",22,"xgboost",3,"binary",0,0.00121980905532837,0.0211538461538462
"crane",22,"xgboost",3,"binary",0,0.00121980905532837,0.0211538461538462
"crane",22,"xgboost",3,"binary",0,0.0145513415336609,0.0211538461538462
"crane",22,"xgboost",3,"binary",0,0.000655233860015869,0.0211538461538462
"crane",22,"xgboost",3,"binary",0,0.00121980905532837,0.0211538461538462
"crane",22,"xgboost",3,"binary",0,0.00693380832672119,0.0211538461538462
"crane",22,"xgboost",3,"binary",0,0.000655233860015869,0.0211538461538462
"crane",22,"xgboost",3,"binary",0,0.000655233860015869,0.0211538461538462
"crane",22,"xgboost",3,"binary",0,0.000655233860015869,0.0211538461538462
"crane",22,"xgboost",3,"binary",0,0.00121980905532837,0.0211538461538462
"crane",22,"xgboost",3,"binary",0,0.00121980905532837,0.0211538461538462
"crane",22,"xgboost",3,"binary",0,0.00121980905532837,0.0211538461538462
"crane",22,"xgboost",3,"binary",0,0.00121980905532837,0.0211538461538462
"crane",22,"xgboost",3,"binary",0,0.00121980905532837,0.0211538461538462
"crane",22,"xgboost",3,"binary",0,0.00121980905532837,0.0211538461538462
"crane",22,"xgboost",3,"binary",0,0.00693380832672119,0.0211538461538462
"crane",22,"xgboost",3,"binary",0,0.00121980905532837,0.0211538461538462
"crane",22,"xgboost",3,"binary",0,0.00121980905532837,0.0211538461538462
"crane",22,"xgboost",3,"binary",0,0.00121980905532837,0.0211538461538462
"crane",22,"xgboost",3,"binary",0,0.00121980905532837,0.0211538461538462
"crane",22,"xgboost",3,"binary",0,0.00121980905532837,0.0211538461538462
"crane",22,"xgboost",3,"binary",0,0.000655233860015869,0.0211538461538462
"crane",22,"xgboost",3,"binary",0,0.000655233860015869,0.0211538461538462
"crane",22,"xgboost",3,"binary",0,0.00121980905532837,0.0211538461538462
"crane",22,"xgboost",3,"binary",0,0.00121980905532837,0.0211538461538462
"crane",22,"xgboost",3,"binary",0,0.0273444056510925,0.0211538461538462
"crane",22,"xgboost",3,"binary",0,0.00121980905532837,0.0211538461538462
"crane",22,"xgboost",3,"binary",0,0.00121980905532837,0.0211538461538462
"crane",22,"xgboost",3,"binary",0,0.0145513415336609,0.0211538461538462
"crane",22,"xgboost",3,"binary",0,0.000655233860015869,0.0211538461538462
"crane",22,"xgboost",3,"binary",0,0.00121980905532837,0.0211538461538462
"crane",22,"xgboost",3,"binary",0,0.00693380832672119,0.0211538461538462
"crane",22,"xgboost",3,"binary",0,0.000655233860015869,0.0211538461538462
"crane",22,"xgboost",3,"binary",0,0.000655233860015869,0.0211538461538462
"crane",22,"xgboost",3,"binary",0,0.000655233860015869,0.0211538461538462
"crane",22,"xgboost",3,"binary",0,0.00121980905532837,0.0211538461538462
"crane",22,"xgboost",3,"binary",0,0.00121980905532837,0.0211538461538462
"crane",22,"xgboost",3,"binary",0,0.00121980905532837,0.0211538461538462
"crane",22,"xgboost",3,"binary",0,0.00121980905532837,0.0211538461538462
"crane",22,"xgboost",3,"binary",0,0.00121980905532837,0.0211538461538462
"crane",22,"xgboost",3,"binary",0,0.00121980905532837,0.0211538461538462
"crane",22,"xgboost",3,"binary",0,0.00693380832672119,0.0211538461538462
"crane",22,"xgboost",3,"binary",0,0.00121980905532837,0.0211538461538462
"crane",22,"xgboost",4,"binary",0,0.00118529796600342,0.0188679245283019
"crane",22,"xgboost",4,"binary",0,0.00118529796600342,0.0188679245283019
"crane",22,"xgboost",4,"binary",0,0.00588345527648926,0.0188679245283019
"crane",22,"xgboost",4,"binary",0,0.00118529796600342,0.0188679245283019
"crane",22,"xgboost",4,"binary",0,0.00118529796600342,0.0188679245283019
"crane",22,"xgboost",4,"binary",0,0.00118529796600342,0.0188679245283019
"crane",22,"xgboost",4,"binary",0,0.00118529796600342,0.0188679245283019
"crane",22,"xgboost",4,"binary",0,0.00118529796600342,0.0188679245283019
"crane",22,"xgboost",4,"binary",0,0.00118529796600342,0.0188679245283019
"crane",22,"xgboost",4,"binary",0,0.00118529796600342,0.0188679245283019
"crane",22,"xgboost",4,"binary",0,0.00118529796600342,0.0188679245283019
"crane",22,"xgboost",4,"binary",0,0.00118529796600342,0.0188679245283019
"crane",22,"xgboost",4,"binary",0,0.00118529796600342,0.0188679245283019
"crane",22,"xgboost",4,"binary",0,0.00118529796600342,0.0188679245283019
"crane",22,"xgboost",4,"binary",0,0.00118529796600342,0.0188679245283019
"crane",22,"xgboost",4,"binary",0,0.00118529796600342,0.0188679245283019
"crane",22,"xgboost",4,"binary",0,0.00118529796600342,0.0188679245283019
"crane",22,"xgboost",4,"binary",0,0.00118529796600342,0.0188679245283019
"crane",22,"xgboost",4,"binary",0,0.00118529796600342,0.0188679245283019
"crane",22,"xgboost",4,"binary",0,0.00118529796600342,0.0188679245283019
"crane",22,"xgboost",4,"binary",0,0.00118529796600342,0.0188679245283019
"crane",22,"xgboost",4,"binary",0,0.00118529796600342,0.0188679245283019
"crane",22,"xgboost",4,"binary",0,0.00118529796600342,0.0188679245283019
"crane",22,"xgboost",4,"binary",0,0.00118529796600342,0.0188679245283019
"crane",22,"xgboost",4,"binary",0,0.00118529796600342,0.0188679245283019
"crane",22,"xgboost",4,"binary",0,0.00118529796600342,0.0188679245283019
"crane",22,"xgboost",4,"binary",0,0.00588345527648926,0.0188679245283019
"crane",22,"xgboost",4,"binary",0,0.00118529796600342,0.0188679245283019
"crane",22,"xgboost",4,"binary",0,0.00118529796600342,0.0188679245283019
"crane",22,"xgboost",4,"binary",0,0.00118529796600342,0.0188679245283019
"crane",22,"xgboost",4,"binary",0,0.00118529796600342,0.0188679245283019
"crane",22,"xgboost",4,"binary",0,0.00118529796600342,0.0188679245283019
"crane",22,"xgboost",4,"binary",0,0.00118529796600342,0.0188679245283019
"crane",22,"xgboost",4,"binary",0,0.00118529796600342,0.0188679245283019
"crane",22,"xgboost",4,"binary",0,0.00118529796600342,0.0188679245283019
"crane",22,"xgboost",4,"binary",0,0.00118529796600342,0.0188679245283019
"crane",22,"xgboost",4,"binary",0,0.00118529796600342,0.0188679245283019
"crane",22,"xgboost",4,"binary",0,0.00118529796600342,0.0188679245283019
"crane",22,"xgboost",4,"binary",0,0.00118529796600342,0.0188679245283019
"crane",22,"xgboost",4,"binary",0,0.00118529796600342,0.0188679245283019
"crane",22,"xgboost",4,"binary",0,0.00118529796600342,0.0188679245283019
"crane",22,"xgboost",4,"binary",0,0.00118529796600342,0.0188679245283019
"crane",22,"xgboost",4,"binary",0,0.00118529796600342,0.0188679245283019
"crane",22,"xgboost",4,"binary",0,0.00118529796600342,0.0188679245283019
"crane",22,"xgboost",4,"binary",0,0.00118529796600342,0.0188679245283019
"crane",22,"xgboost",4,"binary",0,0.00118529796600342,0.0188679245283019
"crane",22,"xgboost",4,"binary",0,0.00118529796600342,0.0188679245283019
"crane",22,"xgboost",4,"binary",0,0.00118529796600342,0.0188679245283019
"crane",22,"xgboost",4,"binary",0,0.00118529796600342,0.0188679245283019
"crane",22,"xgboost",4,"binary",0,0.00118529796600342,0.0188679245283019
"crane",22,"xgboost",4,"binary",0,0.00588345527648926,0.0188679245283019
"crane",22,"xgboost",4,"binary",0,0.00118529796600342,0.0188679245283019
"crane",22,"xgboost",4,"binary",0,0.00118529796600342,0.0188679245283019
"crane",22,"xgboost",4,"binary",0,0.00118529796600342,0.0188679245283019
"crane",22,"xgboost",4,"binary",0,0.00118529796600342,0.0188679245283019
"crane",22,"xgboost",4,"binary",0,0.00118529796600342,0.0188679245283019
"crane",22,"xgboost",4,"binary",0,0.00118529796600342,0.0188679245283019
"crane",22,"xgboost",4,"binary",0,0.00118529796600342,0.0188679245283019
"crane",22,"xgboost",4,"binary",0,0.00118529796600342,0.0188679245283019
"crane",22,"xgboost",4,"binary",0,0.00118529796600342,0.0188679245283019
"crane",22,"xgboost",4,"binary",0,0.00118529796600342,0.0188679245283019
"crane",22,"xgboost",4,"binary",0,0.00118529796600342,0.0188679245283019
"crane",22,"xgboost",4,"binary",0,0.00118529796600342,0.0188679245283019
"crane",22,"xgboost",4,"binary",0,0.00118529796600342,0.0188679245283019
"crane",22,"xgboost",4,"binary",0,0.00118529796600342,0.0188679245283019
"crane",22,"xgboost",4,"binary",0,0.00118529796600342,0.0188679245283019
"crane",22,"xgboost",4,"binary",0,0.00118529796600342,0.0188679245283019
"crane",22,"xgboost",4,"binary",0,0.00118529796600342,0.0188679245283019
"crane",22,"xgboost",4,"binary",0,0.00118529796600342,0.0188679245283019
"crane",22,"xgboost",4,"binary",0,0.00118529796600342,0.0188679245283019
"crane",22,"xgboost",4,"binary",0,0.00118529796600342,0.0188679245283019
"crane",22,"xgboost",4,"binary",0,0.00118529796600342,0.0188679245283019
"crane",22,"xgboost",4,"binary",0,0.00118529796600342,0.0188679245283019
"crane",22,"xgboost",4,"binary",0,0.00118529796600342,0.0188679245283019
"crane",22,"xgboost",4,"binary",0,0.00588345527648926,0.0188679245283019
"crane",22,"xgboost",4,"binary",0,0.00118529796600342,0.0188679245283019
"crane",22,"xgboost",4,"binary",0,0.00118529796600342,0.0188679245283019
"crane",22,"xgboost",4,"binary",0,0.00118529796600342,0.0188679245283019
"crane",22,"xgboost",4,"binary",0,0.00118529796600342,0.0188679245283019
"crane",22,"xgboost",4,"binary",0,0.00118529796600342,0.0188679245283019
"crane",22,"xgboost",4,"binary",0,0.00118529796600342,0.0188679245283019
"crane",22,"xgboost",4,"binary",0,0.00118529796600342,0.0188679245283019
"crane",22,"xgboost",4,"binary",0,0.00118529796600342,0.0188679245283019
"crane",22,"xgboost",4,"binary",0,0.00118529796600342,0.0188679245283019
"crane",22,"xgboost",4,"binary",0,0.00118529796600342,0.0188679245283019
"crane",22,"xgboost",4,"binary",0,0.00118529796600342,0.0188679245283019
"crane",22,"xgboost",4,"binary",0,0.00118529796600342,0.0188679245283019
"crane",22,"xgboost",4,"binary",0,0.00118529796600342,0.0188679245283019
"crane",22,"xgboost",4,"binary",0,0.00118529796600342,0.0188679245283019
"crane",22,"xgboost",4,"binary",0,0.00118529796600342,0.0188679245283019
"crane",22,"xgboost",4,"binary",0,0.00118529796600342,0.0188679245283019
"crane",22,"xgboost",4,"binary",0,0.00118529796600342,0.0188679245283019
"crane",22,"xgboost",4,"binary",0,0.00118529796600342,0.0188679245283019
"crane",22,"xgboost",4,"binary",0,0.00118529796600342,0.0188679245283019
"crane",22,"xgboost",4,"binary",0,0.00118529796600342,0.0188679245283019
"crane",22,"xgboost",4,"binary",0,0.00118529796600342,0.0188679245283019
"crane",22,"xgboost",4,"binary",0,0.00118529796600342,0.0188679245283019
"crane",22,"xgboost",4,"binary",0,0.00118529796600342,0.0188679245283019
"crane",22,"xgboost",4,"binary",1,0.00588345527648926,0.0188679245283019
"crane",22,"xgboost",4,"binary",0,0.00118529796600342,0.0188679245283019
"crane",22,"xgboost",4,"binary",0,0.00118529796600342,0.0188679245283019
"crane",22,"xgboost",4,"binary",0,0.00118529796600342,0.0188679245283019
"crane",22,"xgboost",4,"binary",0,0.00118529796600342,0.0188679245283019
"crane",22,"xgboost",4,"binary",0,0.00118529796600342,0.0188679245283019
"crane",22,"xgboost",4,"binary",0,0.00118529796600342,0.0188679245283019
"crane",22,"xgboost",4,"binary",0,0.00118529796600342,0.0188679245283019
"crane",22,"xgboost",4,"binary",0,0.00118529796600342,0.0188679245283019
"crane",22,"xgboost",4,"binary",0,0.00118529796600342,0.0188679245283019
"crane",22,"xgboost",4,"binary",0,0.00118529796600342,0.0188679245283019
"crane",22,"xgboost",4,"binary",0,0.00118529796600342,0.0188679245283019
"crane",22,"xgboost",4,"binary",0,0.00118529796600342,0.0188679245283019
"crane",22,"xgboost",4,"binary",0,0.00118529796600342,0.0188679245283019
"crane",22,"xgboost",4,"binary",0,0.00118529796600342,0.0188679245283019
"crane",22,"xgboost",4,"binary",0,0.00118529796600342,0.0188679245283019
"crane",22,"xgboost",4,"binary",0,0.00118529796600342,0.0188679245283019
"crane",22,"xgboost",4,"binary",0,0.00118529796600342,0.0188679245283019
"crane",22,"xgboost",4,"binary",0,0.00118529796600342,0.0188679245283019
"crane",22,"xgboost",4,"binary",0,0.00118529796600342,0.0188679245283019
"crane",22,"xgboost",4,"binary",0,0.00118529796600342,0.0188679245283019
"crane",22,"xgboost",4,"binary",0,0.00118529796600342,0.0188679245283019
"crane",22,"xgboost",5,"binary",0,0.00111931562423706,0.0207547169811321
"crane",22,"xgboost",5,"binary",0,0.00111931562423706,0.0207547169811321
"crane",22,"xgboost",5,"binary",0,0.00111931562423706,0.0207547169811321
"crane",22,"xgboost",5,"binary",0,0.00111931562423706,0.0207547169811321
"crane",22,"xgboost",5,"binary",0,0.00111931562423706,0.0207547169811321
"crane",22,"xgboost",5,"binary",0,0.00111931562423706,0.0207547169811321
"crane",22,"xgboost",5,"binary",0,0.000970602035522461,0.0207547169811321
"crane",22,"xgboost",5,"binary",0,0.000970602035522461,0.0207547169811321
"crane",22,"xgboost",5,"binary",0,0.00111931562423706,0.0207547169811321
"crane",22,"xgboost",5,"binary",0,0.00111931562423706,0.0207547169811321
"crane",22,"xgboost",5,"binary",0,0.00111931562423706,0.0207547169811321
"crane",22,"xgboost",5,"binary",0,0.000970602035522461,0.0207547169811321
"crane",22,"xgboost",5,"binary",0,0.000970602035522461,0.0207547169811321
"crane",22,"xgboost",5,"binary",0,0.000970602035522461,0.0207547169811321
"crane",22,"xgboost",5,"binary",0,0.000970602035522461,0.0207547169811321
"crane",22,"xgboost",5,"binary",0,0.00135761499404907,0.0207547169811321
"crane",22,"xgboost",5,"binary",0,0.000970602035522461,0.0207547169811321
"crane",22,"xgboost",5,"binary",0,0.000970602035522461,0.0207547169811321
"crane",22,"xgboost",5,"binary",0,0.000970602035522461,0.0207547169811321
"crane",22,"xgboost",5,"binary",0,0.00111931562423706,0.0207547169811321
"crane",22,"xgboost",5,"binary",0,0.00111931562423706,0.0207547169811321
"crane",22,"xgboost",5,"binary",0,0.000970602035522461,0.0207547169811321
"crane",22,"xgboost",5,"binary",0,0.000970602035522461,0.0207547169811321
"crane",22,"xgboost",5,"binary",0,0.00111931562423706,0.0207547169811321
"crane",22,"xgboost",5,"binary",0,0.00111931562423706,0.0207547169811321
"crane",22,"xgboost",5,"binary",0,0.00111931562423706,0.0207547169811321
"crane",22,"xgboost",5,"binary",0,0.00111931562423706,0.0207547169811321
"crane",22,"xgboost",5,"binary",0,0.00111931562423706,0.0207547169811321
"crane",22,"xgboost",5,"binary",0,0.00111931562423706,0.0207547169811321
"crane",22,"xgboost",5,"binary",0,0.00111931562423706,0.0207547169811321
"crane",22,"xgboost",5,"binary",0,0.000970602035522461,0.0207547169811321
"crane",22,"xgboost",5,"binary",0,0.000970602035522461,0.0207547169811321
"crane",22,"xgboost",5,"binary",0,0.00111931562423706,0.0207547169811321
"crane",22,"xgboost",5,"binary",0,0.00111931562423706,0.0207547169811321
"crane",22,"xgboost",5,"binary",0,0.00111931562423706,0.0207547169811321
"crane",22,"xgboost",5,"binary",0,0.000970602035522461,0.0207547169811321
"crane",22,"xgboost",5,"binary",0,0.000970602035522461,0.0207547169811321
"crane",22,"xgboost",5,"binary",0,0.000970602035522461,0.0207547169811321
"crane",22,"xgboost",5,"binary",0,0.000970602035522461,0.0207547169811321
"crane",22,"xgboost",5,"binary",0,0.00135761499404907,0.0207547169811321
"crane",22,"xgboost",5,"binary",0,0.000970602035522461,0.0207547169811321
"crane",22,"xgboost",5,"binary",0,0.000970602035522461,0.0207547169811321
"crane",22,"xgboost",5,"binary",0,0.000970602035522461,0.0207547169811321
"crane",22,"xgboost",5,"binary",0,0.00111931562423706,0.0207547169811321
"crane",22,"xgboost",5,"binary",0,0.00111931562423706,0.0207547169811321
"crane",22,"xgboost",5,"binary",0,0.000970602035522461,0.0207547169811321
"crane",22,"xgboost",5,"binary",0,0.000970602035522461,0.0207547169811321
"crane",22,"xgboost",5,"binary",0,0.00111931562423706,0.0207547169811321
"crane",22,"xgboost",5,"binary",0,0.00111931562423706,0.0207547169811321
"crane",22,"xgboost",5,"binary",0,0.00111931562423706,0.0207547169811321
"crane",22,"xgboost",5,"binary",0,0.00111931562423706,0.0207547169811321
"crane",22,"xgboost",5,"binary",0,0.00111931562423706,0.0207547169811321
"crane",22,"xgboost",5,"binary",0,0.00111931562423706,0.0207547169811321
"crane",22,"xgboost",5,"binary",0,0.00111931562423706,0.0207547169811321
"crane",22,"xgboost",5,"binary",0,0.000970602035522461,0.0207547169811321
"crane",22,"xgboost",5,"binary",0,0.000970602035522461,0.0207547169811321
"crane",22,"xgboost",5,"binary",0,0.00111931562423706,0.0207547169811321
"crane",22,"xgboost",5,"binary",0,0.00111931562423706,0.0207547169811321
"crane",22,"xgboost",5,"binary",0,0.00111931562423706,0.0207547169811321
"crane",22,"xgboost",5,"binary",0,0.000970602035522461,0.0207547169811321
"crane",22,"xgboost",5,"binary",0,0.000970602035522461,0.0207547169811321
"crane",22,"xgboost",5,"binary",0,0.000970602035522461,0.0207547169811321
"crane",22,"xgboost",5,"binary",0,0.000970602035522461,0.0207547169811321
"crane",22,"xgboost",5,"binary",0,0.00135761499404907,0.0207547169811321
"crane",22,"xgboost",5,"binary",0,0.000970602035522461,0.0207547169811321
"crane",22,"xgboost",5,"binary",0,0.000970602035522461,0.0207547169811321
"crane",22,"xgboost",5,"binary",0,0.000970602035522461,0.0207547169811321
"crane",22,"xgboost",5,"binary",0,0.00111931562423706,0.0207547169811321
"crane",22,"xgboost",5,"binary",0,0.00111931562423706,0.0207547169811321
"crane",22,"xgboost",5,"binary",0,0.000970602035522461,0.0207547169811321
"crane",22,"xgboost",5,"binary",0,0.000970602035522461,0.0207547169811321
"crane",22,"xgboost",5,"binary",0,0.00111931562423706,0.0207547169811321
"crane",22,"xgboost",5,"binary",0,0.00111931562423706,0.0207547169811321
"crane",22,"xgboost",5,"binary",0,0.00111931562423706,0.0207547169811321
"crane",22,"xgboost",5,"binary",0,0.00111931562423706,0.0207547169811321
"crane",22,"xgboost",5,"binary",0,0.00111931562423706,0.0207547169811321
"crane",22,"xgboost",5,"binary",0,0.00111931562423706,0.0207547169811321
"crane",22,"xgboost",5,"binary",0,0.00111931562423706,0.0207547169811321
"crane",22,"xgboost",5,"binary",0,0.000970602035522461,0.0207547169811321
"crane",22,"xgboost",5,"binary",0,0.000970602035522461,0.0207547169811321
"crane",22,"xgboost",5,"binary",0,0.00111931562423706,0.0207547169811321
"crane",22,"xgboost",5,"binary",0,0.00111931562423706,0.0207547169811321
"crane",22,"xgboost",5,"binary",0,0.00111931562423706,0.0207547169811321
"crane",22,"xgboost",5,"binary",0,0.000970602035522461,0.0207547169811321
"crane",22,"xgboost",5,"binary",0,0.000970602035522461,0.0207547169811321
"crane",22,"xgboost",5,"binary",0,0.000970602035522461,0.0207547169811321
"crane",22,"xgboost",5,"binary",0,0.000970602035522461,0.0207547169811321
"crane",22,"xgboost",5,"binary",0,0.00135761499404907,0.0207547169811321
"crane",22,"xgboost",5,"binary",0,0.000970602035522461,0.0207547169811321
"crane",22,"xgboost",5,"binary",0,0.000970602035522461,0.0207547169811321
"crane",22,"xgboost",5,"binary",0,0.000970602035522461,0.0207547169811321
"crane",22,"xgboost",5,"binary",0,0.00111931562423706,0.0207547169811321
"crane",22,"xgboost",5,"binary",0,0.00111931562423706,0.0207547169811321
"crane",22,"xgboost",5,"binary",0,0.000970602035522461,0.0207547169811321
"crane",22,"xgboost",5,"binary",0,0.000970602035522461,0.0207547169811321
"crane",22,"xgboost",5,"binary",0,0.00111931562423706,0.0207547169811321
"crane",22,"xgboost",5,"binary",0,0.00111931562423706,0.0207547169811321
"crane",22,"xgboost",5,"binary",0,0.00111931562423706,0.0207547169811321
"crane",22,"xgboost",5,"binary",0,0.00111931562423706,0.0207547169811321
"crane",22,"xgboost",5,"binary",0,0.00111931562423706,0.0207547169811321
"crane",22,"xgboost",5,"binary",0,0.00111931562423706,0.0207547169811321
"crane",22,"xgboost",5,"binary",0,0.00111931562423706,0.0207547169811321
"crane",22,"xgboost",5,"binary",0,0.000970602035522461,0.0207547169811321
"crane",22,"xgboost",5,"binary",0,0.000970602035522461,0.0207547169811321
"crane",22,"xgboost",5,"binary",0,0.00111931562423706,0.0207547169811321
"crane",22,"xgboost",5,"binary",0,0.00111931562423706,0.0207547169811321
"crane",22,"xgboost",5,"binary",0,0.00111931562423706,0.0207547169811321
"crane",22,"xgboost",5,"binary",0,0.000970602035522461,0.0207547169811321
"crane",22,"xgboost",5,"binary",0,0.000970602035522461,0.0207547169811321
"crane",22,"xgboost",5,"binary",0,0.000970602035522461,0.0207547169811321
"crane",22,"xgboost",5,"binary",0,0.000970602035522461,0.0207547169811321
"crane",22,"xgboost",5,"binary",0,0.00135761499404907,0.0207547169811321
"crane",22,"xgboost",5,"binary",0,0.000970602035522461,0.0207547169811321
"crane",22,"xgboost",5,"binary",0,0.000970602035522461,0.0207547169811321
"crane",22,"xgboost",5,"binary",0,0.000970602035522461,0.0207547169811321
"crane",22,"xgboost",5,"binary",0,0.00111931562423706,0.0207547169811321
"crane",22,"xgboost",5,"binary",0,0.00111931562423706,0.0207547169811321
"crane",22,"xgboost",5,"binary",0,0.000970602035522461,0.0207547169811321
"crane",22,"xgboost",5,"binary",0,0.000970602035522461,0.0207547169811321
"crane",22,"xgboost",5,"binary",0,0.00111931562423706,0.0207547169811321
"crane",22,"sar_probit",1,"binary",0,0,0.0113207547169811
"crane",22,"sar_probit",1,"binary",0,0,0.0113207547169811
"crane",22,"sar_probit",1,"binary",0,0,0.0113207547169811
"crane",22,"sar_probit",1,"binary",0,0,0.0113207547169811
"crane",22,"sar_probit",1,"binary",0,0,0.0113207547169811
"crane",22,"sar_probit",1,"binary",0,1,0.0113207547169811
"crane",22,"sar_probit",1,"binary",0,0,0.0113207547169811
"crane",22,"sar_probit",1,"binary",0,0,0.0113207547169811
"crane",22,"sar_probit",1,"binary",0,0,0.0113207547169811
"crane",22,"sar_probit",1,"binary",0,0,0.0113207547169811
"crane",22,"sar_probit",1,"binary",0,0,0.0113207547169811
"crane",22,"sar_probit",1,"binary",0,0,0.0113207547169811
"crane",22,"sar_probit",1,"binary",0,0,0.0113207547169811
"crane",22,"sar_probit",1,"binary",0,0,0.0113207547169811
"crane",22,"sar_probit",1,"binary",0,0,0.0113207547169811
"crane",22,"sar_probit",1,"binary",0,0,0.0113207547169811
"crane",22,"sar_probit",1,"binary",1,1,0.0113207547169811
"crane",22,"sar_probit",1,"binary",0,0,0.0113207547169811
"crane",22,"sar_probit",1,"binary",0,0,0.0113207547169811
"crane",22,"sar_probit",1,"binary",0,0,0.0113207547169811
"crane",22,"sar_probit",1,"binary",0,0,0.0113207547169811
"crane",22,"sar_probit",1,"binary",0,0,0.0113207547169811
"crane",22,"sar_probit",1,"binary",0,0,0.0113207547169811
"crane",22,"sar_probit",1,"binary",0,0,0.0113207547169811
"crane",22,"sar_probit",1,"binary",0,0,0.0113207547169811
"crane",22,"sar_probit",1,"binary",0,0,0.0113207547169811
"crane",22,"sar_probit",1,"binary",0,0,0.0113207547169811
"crane",22,"sar_probit",1,"binary",0,0,0.0113207547169811
"crane",22,"sar_probit",1,"binary",0,0,0.0113207547169811
"crane",22,"sar_probit",1,"binary",0,1,0.0113207547169811
"crane",22,"sar_probit",1,"binary",0,0,0.0113207547169811
"crane",22,"sar_probit",1,"binary",0,0,0.0113207547169811
"crane",22,"sar_probit",1,"binary",0,0,0.0113207547169811
"crane",22,"sar_probit",1,"binary",0,0,0.0113207547169811
"crane",22,"sar_probit",1,"binary",0,0,0.0113207547169811
"crane",22,"sar_probit",1,"binary",0,0,0.0113207547169811
"crane",22,"sar_probit",1,"binary",0,0,0.0113207547169811
"crane",22,"sar_probit",1,"binary",0,0,0.0113207547169811
"crane",22,"sar_probit",1,"binary",0,0,0.0113207547169811
"crane",22,"sar_probit",1,"binary",0,0,0.0113207547169811
"crane",22,"sar_probit",1,"binary",1,1,0.0113207547169811
"crane",22,"sar_probit",1,"binary",0,0,0.0113207547169811
"crane",22,"sar_probit",1,"binary",0,0,0.0113207547169811
"crane",22,"sar_probit",1,"binary",0,0,0.0113207547169811
"crane",22,"sar_probit",1,"binary",0,0,0.0113207547169811
"crane",22,"sar_probit",1,"binary",0,0,0.0113207547169811
"crane",22,"sar_probit",1,"binary",0,0,0.0113207547169811
"crane",22,"sar_probit",1,"binary",0,0,0.0113207547169811
"crane",22,"sar_probit",1,"binary",0,0,0.0113207547169811
"crane",22,"sar_probit",1,"binary",0,0,0.0113207547169811
"crane",22,"sar_probit",1,"binary",0,0,0.0113207547169811
"crane",22,"sar_probit",1,"binary",0,0,0.0113207547169811
"crane",22,"sar_probit",1,"binary",0,0,0.0113207547169811
"crane",22,"sar_probit",1,"binary",0,1,0.0113207547169811
"crane",22,"sar_probit",1,"binary",0,0,0.0113207547169811
"crane",22,"sar_probit",1,"binary",0,0,0.0113207547169811
"crane",22,"sar_probit",1,"binary",0,0,0.0113207547169811
"crane",22,"sar_probit",1,"binary",0,0,0.0113207547169811
"crane",22,"sar_probit",1,"binary",0,0,0.0113207547169811
"crane",22,"sar_probit",1,"binary",0,0,0.0113207547169811
"crane",22,"sar_probit",1,"binary",0,0,0.0113207547169811
"crane",22,"sar_probit",1,"binary",0,0,0.0113207547169811
"crane",22,"sar_probit",1,"binary",0,0,0.0113207547169811
"crane",22,"sar_probit",1,"binary",0,0,0.0113207547169811
"crane",22,"sar_probit",1,"binary",1,1,0.0113207547169811
"crane",22,"sar_probit",1,"binary",0,0,0.0113207547169811
"crane",22,"sar_probit",1,"binary",0,0,0.0113207547169811
"crane",22,"sar_probit",1,"binary",0,0,0.0113207547169811
"crane",22,"sar_probit",1,"binary",0,0,0.0113207547169811
"crane",22,"sar_probit",1,"binary",0,0,0.0113207547169811
"crane",22,"sar_probit",1,"binary",0,0,0.0113207547169811
"crane",22,"sar_probit",1,"binary",0,0,0.0113207547169811
"crane",22,"sar_probit",1,"binary",0,0,0.0113207547169811
"crane",22,"sar_probit",1,"binary",0,0,0.0113207547169811
"crane",22,"sar_probit",1,"binary",0,0,0.0113207547169811
"crane",22,"sar_probit",1,"binary",0,0,0.0113207547169811
"crane",22,"sar_probit",1,"binary",0,0,0.0113207547169811
"crane",22,"sar_probit",1,"binary",0,1,0.0113207547169811
"crane",22,"sar_probit",1,"binary",0,0,0.0113207547169811
"crane",22,"sar_probit",1,"binary",0,0,0.0113207547169811
"crane",22,"sar_probit",1,"binary",0,0,0.0113207547169811
"crane",22,"sar_probit",1,"binary",0,0,0.0113207547169811
"crane",22,"sar_probit",1,"binary",0,0,0.0113207547169811
"crane",22,"sar_probit",1,"binary",0,0,0.0113207547169811
"crane",22,"sar_probit",1,"binary",0,0,0.0113207547169811
"crane",22,"sar_probit",1,"binary",0,0,0.0113207547169811
"crane",22,"sar_probit",1,"binary",0,0,0.0113207547169811
"crane",22,"sar_probit",1,"binary",0,0,0.0113207547169811
"crane",22,"sar_probit",1,"binary",1,1,0.0113207547169811
"crane",22,"sar_probit",1,"binary",0,0,0.0113207547169811
"crane",22,"sar_probit",1,"binary",0,0,0.0113207547169811
"crane",22,"sar_probit",1,"binary",0,0,0.0113207547169811
"crane",22,"sar_probit",1,"binary",0,0,0.0113207547169811
"crane",22,"sar_probit",1,"binary",0,0,0.0113207547169811
"crane",22,"sar_probit",1,"binary",0,0,0.0113207547169811
"crane",22,"sar_probit",1,"binary",0,0,0.0113207547169811
"crane",22,"sar_probit",1,"binary",0,0,0.0113207547169811
"crane",22,"sar_probit",1,"binary",0,0,0.0113207547169811
"crane",22,"sar_probit",1,"binary",0,0,0.0113207547169811
"crane",22,"sar_probit",1,"binary",0,0,0.0113207547169811
"crane",22,"sar_probit",1,"binary",0,0,0.0113207547169811
"crane",22,"sar_probit",1,"binary",0,1,0.0113207547169811
"crane",22,"sar_probit",1,"binary",0,0,0.0113207547169811
"crane",22,"sar_probit",1,"binary",0,0,0.0113207547169811
"crane",22,"sar_probit",1,"binary",0,0,0.0113207547169811
"crane",22,"sar_probit",1,"binary",0,0,0.0113207547169811
"crane",22,"sar_probit",1,"binary",0,0,0.0113207547169811
"crane",22,"sar_probit",1,"binary",0,0,0.0113207547169811
"crane",22,"sar_probit",1,"binary",0,0,0.0113207547169811
"crane",22,"sar_probit",1,"binary",0,0,0.0113207547169811
"crane",22,"sar_probit",1,"binary",0,0,0.0113207547169811
"crane",22,"sar_probit",1,"binary",0,0,0.0113207547169811
"crane",22,"sar_probit",1,"binary",1,1,0.0113207547169811
"crane",22,"sar_probit",1,"binary",0,0,0.0113207547169811
"crane",22,"sar_probit",1,"binary",0,0,0.0113207547169811
"crane",22,"sar_probit",1,"binary",0,0,0.0113207547169811
"crane",22,"sar_probit",1,"binary",0,0,0.0113207547169811
"crane",22,"sar_probit",1,"binary",0,0,0.0113207547169811
"crane",22,"sar_probit",1,"binary",0,0,0.0113207547169811
"crane",22,"sar_probit",1,"binary",0,0,0.0113207547169811
"crane",22,"sar_probit",2,"binary",0,0,0.0122448979591837
"crane",22,"sar_probit",2,"binary",0,0,0.0122448979591837
"crane",22,"sar_probit",2,"binary",0,0,0.0122448979591837
"crane",22,"sar_probit",2,"binary",0,0,0.0122448979591837
"crane",22,"sar_probit",2,"binary",0,0,0.0122448979591837
"crane",22,"sar_probit",2,"binary",0,0,0.0122448979591837
"crane",22,"sar_probit",2,"binary",0,0,0.0122448979591837
"crane",22,"sar_probit",2,"binary",0,0,0.0122448979591837
"crane",22,"sar_probit",2,"binary",0,0,0.0122448979591837
"crane",22,"sar_probit",2,"binary",0,0,0.0122448979591837
"crane",22,"sar_probit",2,"binary",0,0,0.0122448979591837
"crane",22,"sar_probit",2,"binary",0,0,0.0122448979591837
"crane",22,"sar_probit",2,"binary",0,0,0.0122448979591837
"crane",22,"sar_probit",2,"binary",0,0,0.0122448979591837
"crane",22,"sar_probit",2,"binary",0,0,0.0122448979591837
"crane",22,"sar_probit",2,"binary",0,0,0.0122448979591837
"crane",22,"sar_probit",2,"binary",0,0,0.0122448979591837
"crane",22,"sar_probit",2,"binary",1,0,0.0122448979591837
"crane",22,"sar_probit",2,"binary",0,0,0.0122448979591837
"crane",22,"sar_probit",2,"binary",0,0,0.0122448979591837
"crane",22,"sar_probit",2,"binary",0,0,0.0122448979591837
"crane",22,"sar_probit",2,"binary",0,0,0.0122448979591837
"crane",22,"sar_probit",2,"binary",0,0,0.0122448979591837
"crane",22,"sar_probit",2,"binary",0,0,0.0122448979591837
"crane",22,"sar_probit",2,"binary",0,0,0.0122448979591837
"crane",22,"sar_probit",2,"binary",0,0,0.0122448979591837
"crane",22,"sar_probit",2,"binary",0,0,0.0122448979591837
"crane",22,"sar_probit",2,"binary",0,0,0.0122448979591837
"crane",22,"sar_probit",2,"binary",0,0,0.0122448979591837
"crane",22,"sar_probit",2,"binary",0,0,0.0122448979591837
"crane",22,"sar_probit",2,"binary",0,0,0.0122448979591837
"crane",22,"sar_probit",2,"binary",0,0,0.0122448979591837
"crane",22,"sar_probit",2,"binary",0,0,0.0122448979591837
"crane",22,"sar_probit",2,"binary",0,0,0.0122448979591837
"crane",22,"sar_probit",2,"binary",0,0,0.0122448979591837
"crane",22,"sar_probit",2,"binary",0,0,0.0122448979591837
"crane",22,"sar_probit",2,"binary",0,0,0.0122448979591837
"crane",22,"sar_probit",2,"binary",0,0,0.0122448979591837
"crane",22,"sar_probit",2,"binary",0,0,0.0122448979591837
"crane",22,"sar_probit",2,"binary",0,0,0.0122448979591837
"crane",22,"sar_probit",2,"binary",0,0,0.0122448979591837
"crane",22,"sar_probit",2,"binary",0,0,0.0122448979591837
"crane",22,"sar_probit",2,"binary",0,0,0.0122448979591837
"crane",22,"sar_probit",2,"binary",0,0,0.0122448979591837
"crane",22,"sar_probit",2,"binary",0,0,0.0122448979591837
"crane",22,"sar_probit",2,"binary",0,0,0.0122448979591837
"crane",22,"sar_probit",2,"binary",0,0,0.0122448979591837
"crane",22,"sar_probit",2,"binary",0,0,0.0122448979591837
"crane",22,"sar_probit",2,"binary",0,0,0.0122448979591837
"crane",22,"sar_probit",2,"binary",1,0,0.0122448979591837
"crane",22,"sar_probit",2,"binary",0,0,0.0122448979591837
"crane",22,"sar_probit",2,"binary",0,0,0.0122448979591837
"crane",22,"sar_probit",2,"binary",0,0,0.0122448979591837
"crane",22,"sar_probit",2,"binary",0,0,0.0122448979591837
"crane",22,"sar_probit",2,"binary",0,0,0.0122448979591837
"crane",22,"sar_probit",2,"binary",0,0,0.0122448979591837
"crane",22,"sar_probit",2,"binary",0,0,0.0122448979591837
"crane",22,"sar_probit",2,"binary",0,0,0.0122448979591837
"crane",22,"sar_probit",2,"binary",0,0,0.0122448979591837
"crane",22,"sar_probit",2,"binary",0,0,0.0122448979591837
"crane",22,"sar_probit",2,"binary",0,0,0.0122448979591837
"crane",22,"sar_probit",2,"binary",0,0,0.0122448979591837
"crane",22,"sar_probit",2,"binary",0,0,0.0122448979591837
"crane",22,"sar_probit",2,"binary",0,0,0.0122448979591837
"crane",22,"sar_probit",2,"binary",0,0,0.0122448979591837
"crane",22,"sar_probit",2,"binary",0,0,0.0122448979591837
"crane",22,"sar_probit",2,"binary",0,0,0.0122448979591837
"crane",22,"sar_probit",2,"binary",0,0,0.0122448979591837
"crane",22,"sar_probit",2,"binary",0,0,0.0122448979591837
"crane",22,"sar_probit",2,"binary",0,0,0.0122448979591837
"crane",22,"sar_probit",2,"binary",0,0,0.0122448979591837
"crane",22,"sar_probit",2,"binary",0,0,0.0122448979591837
"crane",22,"sar_probit",2,"binary",0,0,0.0122448979591837
"crane",22,"sar_probit",2,"binary",0,0,0.0122448979591837
"crane",22,"sar_probit",2,"binary",0,0,0.0122448979591837
"crane",22,"sar_probit",2,"binary",0,0,0.0122448979591837
"crane",22,"sar_probit",2,"binary",0,0,0.0122448979591837
"crane",22,"sar_probit",2,"binary",0,0,0.0122448979591837
"crane",22,"sar_probit",2,"binary",0,0,0.0122448979591837
"crane",22,"sar_probit",2,"binary",0,0,0.0122448979591837
"crane",22,"sar_probit",2,"binary",0,0,0.0122448979591837
"crane",22,"sar_probit",2,"binary",1,0,0.0122448979591837
"crane",22,"sar_probit",2,"binary",0,0,0.0122448979591837
"crane",22,"sar_probit",2,"binary",0,0,0.0122448979591837
"crane",22,"sar_probit",2,"binary",0,0,0.0122448979591837
"crane",22,"sar_probit",2,"binary",0,0,0.0122448979591837
"crane",22,"sar_probit",2,"binary",0,0,0.0122448979591837
"crane",22,"sar_probit",2,"binary",0,0,0.0122448979591837
"crane",22,"sar_probit",2,"binary",0,0,0.0122448979591837
"crane",22,"sar_probit",2,"binary",0,0,0.0122448979591837
"crane",22,"sar_probit",2,"binary",0,0,0.0122448979591837
"crane",22,"sar_probit",2,"binary",0,0,0.0122448979591837
"crane",22,"sar_probit",2,"binary",0,0,0.0122448979591837
"crane",22,"sar_probit",2,"binary",0,0,0.0122448979591837
"crane",22,"sar_probit",2,"binary",0,0,0.0122448979591837
"crane",22,"sar_probit",2,"binary",0,0,0.0122448979591837
"crane",22,"sar_probit",2,"binary",0,0,0.0122448979591837
"crane",22,"sar_probit",2,"binary",0,0,0.0122448979591837
"crane",22,"sar_probit",2,"binary",0,0,0.0122448979591837
"crane",22,"sar_probit",2,"binary",0,0,0.0122448979591837
"crane",22,"sar_probit",2,"binary",0,0,0.0122448979591837
"crane",22,"sar_probit",2,"binary",0,0,0.0122448979591837
"crane",22,"sar_probit",2,"binary",0,0,0.0122448979591837
"crane",22,"sar_probit",2,"binary",0,0,0.0122448979591837
"crane",22,"sar_probit",2,"binary",0,0,0.0122448979591837
"crane",22,"sar_probit",2,"binary",0,0,0.0122448979591837
"crane",22,"sar_probit",2,"binary",0,0,0.0122448979591837
"crane",22,"sar_probit",2,"binary",0,0,0.0122448979591837
"crane",22,"sar_probit",2,"binary",0,0,0.0122448979591837
"crane",22,"sar_probit",2,"binary",0,0,0.0122448979591837
"crane",22,"sar_probit",2,"binary",0,0,0.0122448979591837
"crane",22,"sar_probit",2,"binary",0,0,0.0122448979591837
"crane",22,"sar_probit",2,"binary",0,0,0.0122448979591837
"crane",22,"sar_probit",2,"binary",1,0,0.0122448979591837
"crane",22,"sar_probit",2,"binary",0,0,0.0122448979591837
"crane",22,"sar_probit",2,"binary",0,0,0.0122448979591837
"crane",22,"sar_probit",2,"binary",0,0,0.0122448979591837
"crane",22,"sar_probit",2,"binary",0,0,0.0122448979591837
"crane",22,"sar_probit",2,"binary",0,0,0.0122448979591837
"crane",22,"sar_probit",2,"binary",0,0,0.0122448979591837
"crane",22,"sar_probit",2,"binary",0,0,0.0122448979591837
"crane",22,"sar_probit",2,"binary",0,0,0.0122448979591837
"crane",22,"sar_probit",2,"binary",0,0,0.0122448979591837
"crane",22,"sar_probit",2,"binary",0,0,0.0122448979591837
"crane",22,"sar_probit",2,"binary",0,0,0.0122448979591837
"crane",22,"sar_probit",2,"binary",0,0,0.0122448979591837
"crane",22,"sar_probit",2,"binary",0,0,0.0122448979591837
"crane",22,"sar_probit",2,"binary",0,0,0.0122448979591837
"crane",22,"sar_probit",2,"binary",0,0,0.0122448979591837
"crane",22,"sar_probit",2,"binary",0,0,0.0122448979591837
"crane",22,"sar_probit",2,"binary",0,0,0.0122448979591837
"crane",22,"sar_probit",2,"binary",0,0,0.0122448979591837
"crane",22,"sar_probit",2,"binary",0,0,0.0122448979591837
"crane",22,"sar_probit",2,"binary",0,0,0.0122448979591837
"crane",22,"sar_probit",2,"binary",0,0,0.0122448979591837
"crane",22,"sar_probit",2,"binary",0,0,0.0122448979591837
"crane",22,"sar_probit",2,"binary",0,0,0.0122448979591837
"crane",22,"sar_probit",2,"binary",0,0,0.0122448979591837
"crane",22,"sar_probit",2,"binary",0,0,0.0122448979591837
"crane",22,"sar_probit",2,"binary",0,0,0.0122448979591837
"crane",22,"sar_probit",2,"binary",0,0,0.0122448979591837
"crane",22,"sar_probit",2,"binary",0,0,0.0122448979591837
"crane",22,"sar_probit",2,"binary",0,0,0.0122448979591837
"crane",22,"sar_probit",2,"binary",0,0,0.0122448979591837
"crane",22,"sar_probit",2,"binary",0,0,0.0122448979591837
"crane",22,"sar_probit",2,"binary",1,0,0.0122448979591837
"crane",22,"sar_probit",2,"binary",0,0,0.0122448979591837
"crane",22,"sar_probit",2,"binary",0,0,0.0122448979591837
"crane",22,"sar_probit",2,"binary",0,0,0.0122448979591837
"crane",22,"sar_probit",2,"binary",0,0,0.0122448979591837
"crane",22,"sar_probit",2,"binary",0,0,0.0122448979591837
"crane",22,"sar_probit",2,"binary",0,0,0.0122448979591837
"crane",22,"sar_probit",2,"binary",0,0,0.0122448979591837
"crane",22,"sar_probit",2,"binary",0,0,0.0122448979591837
"crane",22,"sar_probit",2,"binary",0,0,0.0122448979591837
"crane",22,"sar_probit",2,"binary",0,0,0.0122448979591837
"crane",22,"sar_probit",2,"binary",0,0,0.0122448979591837
"crane",22,"sar_probit",2,"binary",0,0,0.0122448979591837
"crane",22,"sar_probit",2,"binary",0,0,0.0122448979591837
"crane",22,"sar_probit",2,"binary",0,0,0.0122448979591837
"crane",22,"sar_probit",3,"binary",0,0,0.0211538461538462
"crane",22,"sar_probit",3,"binary",0,0,0.0211538461538462
"crane",22,"sar_probit",3,"binary",0,0,0.0211538461538462
"crane",22,"sar_probit",3,"binary",0,0,0.0211538461538462
"crane",22,"sar_probit",3,"binary",0,0,0.0211538461538462
"crane",22,"sar_probit",3,"binary",0,0,0.0211538461538462
"crane",22,"sar_probit",3,"binary",0,0,0.0211538461538462
"crane",22,"sar_probit",3,"binary",0,0,0.0211538461538462
"crane",22,"sar_probit",3,"binary",0,1,0.0211538461538462
"crane",22,"sar_probit",3,"binary",0,0,0.0211538461538462
"crane",22,"sar_probit",3,"binary",0,0,0.0211538461538462
"crane",22,"sar_probit",3,"binary",0,0,0.0211538461538462
"crane",22,"sar_probit",3,"binary",0,0,0.0211538461538462
"crane",22,"sar_probit",3,"binary",0,0,0.0211538461538462
"crane",22,"sar_probit",3,"binary",0,0,0.0211538461538462
"crane",22,"sar_probit",3,"binary",0,0,0.0211538461538462
"crane",22,"sar_probit",3,"binary",0,0,0.0211538461538462
"crane",22,"sar_probit",3,"binary",0,0,0.0211538461538462
"crane",22,"sar_probit",3,"binary",0,0,0.0211538461538462
"crane",22,"sar_probit",3,"binary",0,0,0.0211538461538462
"crane",22,"sar_probit",3,"binary",0,0,0.0211538461538462
"crane",22,"sar_probit",3,"binary",0,0,0.0211538461538462
"crane",22,"sar_probit",3,"binary",0,0,0.0211538461538462
"crane",22,"sar_probit",3,"binary",0,0,0.0211538461538462
"crane",22,"sar_probit",3,"binary",0,1,0.0211538461538462
"crane",22,"sar_probit",3,"binary",0,0,0.0211538461538462
"crane",22,"sar_probit",3,"binary",0,0,0.0211538461538462
"crane",22,"sar_probit",3,"binary",0,0,0.0211538461538462
"crane",22,"sar_probit",3,"binary",0,0,0.0211538461538462
"crane",22,"sar_probit",3,"binary",0,0,0.0211538461538462
"crane",22,"sar_probit",3,"binary",0,0,0.0211538461538462
"crane",22,"sar_probit",3,"binary",0,0,0.0211538461538462
"crane",22,"sar_probit",3,"binary",0,0,0.0211538461538462
"crane",22,"sar_probit",3,"binary",0,0,0.0211538461538462
"crane",22,"sar_probit",3,"binary",0,1,0.0211538461538462
"crane",22,"sar_probit",3,"binary",0,0,0.0211538461538462
"crane",22,"sar_probit",3,"binary",0,0,0.0211538461538462
"crane",22,"sar_probit",3,"binary",0,0,0.0211538461538462
"crane",22,"sar_probit",3,"binary",0,0,0.0211538461538462
"crane",22,"sar_probit",3,"binary",0,0,0.0211538461538462
"crane",22,"sar_probit",3,"binary",0,0,0.0211538461538462
"crane",22,"sar_probit",3,"binary",0,0,0.0211538461538462
"crane",22,"sar_probit",3,"binary",0,0,0.0211538461538462
"crane",22,"sar_probit",3,"binary",0,0,0.0211538461538462
"crane",22,"sar_probit",3,"binary",0,0,0.0211538461538462
"crane",22,"sar_probit",3,"binary",0,0,0.0211538461538462
"crane",22,"sar_probit",3,"binary",0,0,0.0211538461538462
"crane",22,"sar_probit",3,"binary",0,0,0.0211538461538462
"crane",22,"sar_probit",3,"binary",0,0,0.0211538461538462
"crane",22,"sar_probit",3,"binary",0,0,0.0211538461538462
"crane",22,"sar_probit",3,"binary",0,1,0.0211538461538462
"crane",22,"sar_probit",3,"binary",0,0,0.0211538461538462
"crane",22,"sar_probit",3,"binary",0,0,0.0211538461538462
"crane",22,"sar_probit",3,"binary",0,0,0.0211538461538462
"crane",22,"sar_probit",3,"binary",0,0,0.0211538461538462
"crane",22,"sar_probit",3,"binary",0,0,0.0211538461538462
"crane",22,"sar_probit",3,"binary",0,0,0.0211538461538462
"crane",22,"sar_probit",3,"binary",0,0,0.0211538461538462
"crane",22,"sar_probit",3,"binary",0,0,0.0211538461538462
"crane",22,"sar_probit",3,"binary",0,0,0.0211538461538462
"crane",22,"sar_probit",3,"binary",0,1,0.0211538461538462
"crane",22,"sar_probit",3,"binary",0,0,0.0211538461538462
"crane",22,"sar_probit",3,"binary",0,0,0.0211538461538462
"crane",22,"sar_probit",3,"binary",0,0,0.0211538461538462
"crane",22,"sar_probit",3,"binary",0,0,0.0211538461538462
"crane",22,"sar_probit",3,"binary",0,0,0.0211538461538462
"crane",22,"sar_probit",3,"binary",0,0,0.0211538461538462
"crane",22,"sar_probit",3,"binary",0,0,0.0211538461538462
"crane",22,"sar_probit",3,"binary",0,0,0.0211538461538462
"crane",22,"sar_probit",3,"binary",0,0,0.0211538461538462
"crane",22,"sar_probit",3,"binary",0,0,0.0211538461538462
"crane",22,"sar_probit",3,"binary",0,0,0.0211538461538462
"crane",22,"sar_probit",3,"binary",0,0,0.0211538461538462
"crane",22,"sar_probit",3,"binary",0,0,0.0211538461538462
"crane",22,"sar_probit",3,"binary",0,0,0.0211538461538462
"crane",22,"sar_probit",3,"binary",0,0,0.0211538461538462
"crane",22,"sar_probit",3,"binary",0,1,0.0211538461538462
"crane",22,"sar_probit",3,"binary",0,0,0.0211538461538462
"crane",22,"sar_probit",3,"binary",0,0,0.0211538461538462
"crane",22,"sar_probit",3,"binary",0,0,0.0211538461538462
"crane",22,"sar_probit",3,"binary",0,0,0.0211538461538462
"crane",22,"sar_probit",3,"binary",0,0,0.0211538461538462
"crane",22,"sar_probit",3,"binary",0,0,0.0211538461538462
"crane",22,"sar_probit",3,"binary",0,0,0.0211538461538462
"crane",22,"sar_probit",3,"binary",0,0,0.0211538461538462
"crane",22,"sar_probit",3,"binary",0,0,0.0211538461538462
"crane",22,"sar_probit",3,"binary",0,1,0.0211538461538462
"crane",22,"sar_probit",3,"binary",0,0,0.0211538461538462
"crane",22,"sar_probit",3,"binary",0,0,0.0211538461538462
"crane",22,"sar_probit",3,"binary",0,0,0.0211538461538462
"crane",22,"sar_probit",3,"binary",0,0,0.0211538461538462
"crane",22,"sar_probit",3,"binary",0,0,0.0211538461538462
"crane",22,"sar_probit",3,"binary",0,0,0.0211538461538462
"crane",22,"sar_probit",3,"binary",0,0,0.0211538461538462
"crane",22,"sar_probit",3,"binary",0,0,0.0211538461538462
"crane",22,"sar_probit",3,"binary",0,0,0.0211538461538462
"crane",22,"sar_probit",3,"binary",0,0,0.0211538461538462
"crane",22,"sar_probit",3,"binary",0,0,0.0211538461538462
"crane",22,"sar_probit",3,"binary",0,0,0.0211538461538462
"crane",22,"sar_probit",3,"binary",0,0,0.0211538461538462
"crane",22,"sar_probit",3,"binary",0,0,0.0211538461538462
"crane",22,"sar_probit",3,"binary",0,0,0.0211538461538462
"crane",22,"sar_probit",3,"binary",0,1,0.0211538461538462
"crane",22,"sar_probit",3,"binary",0,0,0.0211538461538462
"crane",22,"sar_probit",3,"binary",0,0,0.0211538461538462
"crane",22,"sar_probit",3,"binary",0,0,0.0211538461538462
"crane",22,"sar_probit",3,"binary",0,0,0.0211538461538462
"crane",22,"sar_probit",3,"binary",0,0,0.0211538461538462
"crane",22,"sar_probit",3,"binary",0,0,0.0211538461538462
"crane",22,"sar_probit",3,"binary",0,0,0.0211538461538462
"crane",22,"sar_probit",3,"binary",0,0,0.0211538461538462
"crane",22,"sar_probit",3,"binary",0,0,0.0211538461538462
"crane",22,"sar_probit",3,"binary",0,1,0.0211538461538462
"crane",22,"sar_probit",3,"binary",0,0,0.0211538461538462
"crane",22,"sar_probit",3,"binary",0,0,0.0211538461538462
"crane",22,"sar_probit",3,"binary",0,0,0.0211538461538462
"crane",22,"sar_probit",3,"binary",0,0,0.0211538461538462
"crane",22,"sar_probit",3,"binary",0,0,0.0211538461538462
"crane",22,"sar_probit",3,"binary",0,0,0.0211538461538462
"crane",22,"sar_probit",3,"binary",0,0,0.0211538461538462
"crane",22,"sar_probit",3,"binary",0,0,0.0211538461538462
"crane",22,"sar_probit",3,"binary",0,0,0.0211538461538462
"crane",22,"sar_probit",3,"binary",0,0,0.0211538461538462
"crane",22,"sar_probit",3,"binary",0,0,0.0211538461538462
"crane",22,"sar_probit",3,"binary",0,0,0.0211538461538462
"crane",22,"sar_probit",3,"binary",0,0,0.0211538461538462
"crane",22,"sar_probit",3,"binary",0,0,0.0211538461538462
"crane",22,"sar_probit",3,"binary",0,0,0.0211538461538462
"crane",22,"sar_probit",3,"binary",0,1,0.0211538461538462
"crane",22,"sar_probit",3,"binary",0,0,0.0211538461538462
"crane",22,"sar_probit",4,"binary",0,0,0.0188679245283019
"crane",22,"sar_probit",4,"binary",0,0,0.0188679245283019
"crane",22,"sar_probit",4,"binary",0,1.05643545930325e-35,0.0188679245283019
"crane",22,"sar_probit",4,"binary",0,8.02412581072366e-211,0.0188679245283019
"crane",22,"sar_probit",4,"binary",0,0,0.0188679245283019
"crane",22,"sar_probit",4,"binary",0,0,0.0188679245283019
"crane",22,"sar_probit",4,"binary",0,0,0.0188679245283019
"crane",22,"sar_probit",4,"binary",0,0,0.0188679245283019
"crane",22,"sar_probit",4,"binary",0,4.55878317214181e-145,0.0188679245283019
"crane",22,"sar_probit",4,"binary",0,0,0.0188679245283019
"crane",22,"sar_probit",4,"binary",0,0,0.0188679245283019
"crane",22,"sar_probit",4,"binary",0,0,0.0188679245283019
"crane",22,"sar_probit",4,"binary",0,0,0.0188679245283019
"crane",22,"sar_probit",4,"binary",0,0,0.0188679245283019
"crane",22,"sar_probit",4,"binary",0,0,0.0188679245283019
"crane",22,"sar_probit",4,"binary",0,1.1784513170472e-257,0.0188679245283019
"crane",22,"sar_probit",4,"binary",0,4.90578864974951e-250,0.0188679245283019
"crane",22,"sar_probit",4,"binary",0,0,0.0188679245283019
"crane",22,"sar_probit",4,"binary",0,0,0.0188679245283019
"crane",22,"sar_probit",4,"binary",0,0,0.0188679245283019
"crane",22,"sar_probit",4,"binary",0,0,0.0188679245283019
"crane",22,"sar_probit",4,"binary",0,0,0.0188679245283019
"crane",22,"sar_probit",4,"binary",0,6.17026742337602e-316,0.0188679245283019
"crane",22,"sar_probit",4,"binary",0,0,0.0188679245283019
"crane",22,"sar_probit",4,"binary",0,0,0.0188679245283019
"crane",22,"sar_probit",4,"binary",0,0,0.0188679245283019
"crane",22,"sar_probit",4,"binary",0,1.0564354593033e-35,0.0188679245283019
"crane",22,"sar_probit",4,"binary",0,8.02412581072278e-211,0.0188679245283019
"crane",22,"sar_probit",4,"binary",0,0,0.0188679245283019
"crane",22,"sar_probit",4,"binary",0,0,0.0188679245283019
"crane",22,"sar_probit",4,"binary",0,0,0.0188679245283019
"crane",22,"sar_probit",4,"binary",0,0,0.0188679245283019
"crane",22,"sar_probit",4,"binary",0,4.55878317214181e-145,0.0188679245283019
"crane",22,"sar_probit",4,"binary",0,0,0.0188679245283019
"crane",22,"sar_probit",4,"binary",0,0,0.0188679245283019
"crane",22,"sar_probit",4,"binary",0,0,0.0188679245283019
"crane",22,"sar_probit",4,"binary",0,0,0.0188679245283019
"crane",22,"sar_probit",4,"binary",0,0,0.0188679245283019
"crane",22,"sar_probit",4,"binary",0,0,0.0188679245283019
"crane",22,"sar_probit",4,"binary",0,1.1784513170472e-257,0.0188679245283019
"crane",22,"sar_probit",4,"binary",0,4.90578864974834e-250,0.0188679245283019
"crane",22,"sar_probit",4,"binary",0,0,0.0188679245283019
"crane",22,"sar_probit",4,"binary",0,0,0.0188679245283019
"crane",22,"sar_probit",4,"binary",0,0,0.0188679245283019
"crane",22,"sar_probit",4,"binary",0,0,0.0188679245283019
"crane",22,"sar_probit",4,"binary",0,0,0.0188679245283019
"crane",22,"sar_probit",4,"binary",0,6.17026742337602e-316,0.0188679245283019
"crane",22,"sar_probit",4,"binary",0,0,0.0188679245283019
"crane",22,"sar_probit",4,"binary",0,0,0.0188679245283019
"crane",22,"sar_probit",4,"binary",0,0,0.0188679245283019
"crane",22,"sar_probit",4,"binary",0,1.05643545930328e-35,0.0188679245283019
"crane",22,"sar_probit",4,"binary",0,8.02412581072101e-211,0.0188679245283019
"crane",22,"sar_probit",4,"binary",0,0,0.0188679245283019
"crane",22,"sar_probit",4,"binary",0,0,0.0188679245283019
"crane",22,"sar_probit",4,"binary",0,0,0.0188679245283019
"crane",22,"sar_probit",4,"binary",0,0,0.0188679245283019
"crane",22,"sar_probit",4,"binary",0,4.55878317214181e-145,0.0188679245283019
"crane",22,"sar_probit",4,"binary",0,0,0.0188679245283019
"crane",22,"sar_probit",4,"binary",0,0,0.0188679245283019
"crane",22,"sar_probit",4,"binary",0,0,0.0188679245283019
"crane",22,"sar_probit",4,"binary",0,0,0.0188679245283019
"crane",22,"sar_probit",4,"binary",0,0,0.0188679245283019
"crane",22,"sar_probit",4,"binary",0,0,0.0188679245283019
"crane",22,"sar_probit",4,"binary",0,1.1784513170472e-257,0.0188679245283019
"crane",22,"sar_probit",4,"binary",0,4.90578864974834e-250,0.0188679245283019
"crane",22,"sar_probit",4,"binary",0,0,0.0188679245283019
"crane",22,"sar_probit",4,"binary",0,0,0.0188679245283019
"crane",22,"sar_probit",4,"binary",0,0,0.0188679245283019
"crane",22,"sar_probit",4,"binary",0,0,0.0188679245283019
"crane",22,"sar_probit",4,"binary",0,0,0.0188679245283019
"crane",22,"sar_probit",4,"binary",0,6.17026742337602e-316,0.0188679245283019
"crane",22,"sar_probit",4,"binary",0,0,0.0188679245283019
"crane",22,"sar_probit",4,"binary",0,0,0.0188679245283019
"crane",22,"sar_probit",4,"binary",0,0,0.0188679245283019
"crane",22,"sar_probit",4,"binary",0,1.05643545930328e-35,0.0188679245283019
"crane",22,"sar_probit",4,"binary",0,8.02412581072366e-211,0.0188679245283019
"crane",22,"sar_probit",4,"binary",0,0,0.0188679245283019
"crane",22,"sar_probit",4,"binary",0,0,0.0188679245283019
"crane",22,"sar_probit",4,"binary",0,0,0.0188679245283019
"crane",22,"sar_probit",4,"binary",0,0,0.0188679245283019
"crane",22,"sar_probit",4,"binary",0,4.55878317214181e-145,0.0188679245283019
"crane",22,"sar_probit",4,"binary",0,0,0.0188679245283019
"crane",22,"sar_probit",4,"binary",0,0,0.0188679245283019
"crane",22,"sar_probit",4,"binary",0,0,0.0188679245283019
"crane",22,"sar_probit",4,"binary",0,0,0.0188679245283019
"crane",22,"sar_probit",4,"binary",0,0,0.0188679245283019
"crane",22,"sar_probit",4,"binary",0,0,0.0188679245283019
"crane",22,"sar_probit",4,"binary",0,1.17845131704692e-257,0.0188679245283019
"crane",22,"sar_probit",4,"binary",0,4.90578864974834e-250,0.0188679245283019
"crane",22,"sar_probit",4,"binary",0,0,0.0188679245283019
"crane",22,"sar_probit",4,"binary",0,0,0.0188679245283019
"crane",22,"sar_probit",4,"binary",0,0,0.0188679245283019
"crane",22,"sar_probit",4,"binary",0,0,0.0188679245283019
"crane",22,"sar_probit",4,"binary",0,0,0.0188679245283019
"crane",22,"sar_probit",4,"binary",0,6.17026742337602e-316,0.0188679245283019
"crane",22,"sar_probit",4,"binary",0,0,0.0188679245283019
"crane",22,"sar_probit",4,"binary",0,0,0.0188679245283019
"crane",22,"sar_probit",4,"binary",0,0,0.0188679245283019
"crane",22,"sar_probit",4,"binary",1,1.0564354593033e-35,0.0188679245283019
"crane",22,"sar_probit",4,"binary",0,8.02412581072366e-211,0.0188679245283019
"crane",22,"sar_probit",4,"binary",0,0,0.0188679245283019
"crane",22,"sar_probit",4,"binary",0,0,0.0188679245283019
"crane",22,"sar_probit",4,"binary",0,0,0.0188679245283019
"crane",22,"sar_probit",4,"binary",0,0,0.0188679245283019
"crane",22,"sar_probit",4,"binary",0,4.55878317214181e-145,0.0188679245283019
"crane",22,"sar_probit",4,"binary",0,0,0.0188679245283019
"crane",22,"sar_probit",4,"binary",0,0,0.0188679245283019
"crane",22,"sar_probit",4,"binary",0,0,0.0188679245283019
"crane",22,"sar_probit",4,"binary",0,0,0.0188679245283019
"crane",22,"sar_probit",4,"binary",0,0,0.0188679245283019
"crane",22,"sar_probit",4,"binary",0,0,0.0188679245283019
"crane",22,"sar_probit",4,"binary",0,1.17845131704692e-257,0.0188679245283019
"crane",22,"sar_probit",4,"binary",0,4.90578864974716e-250,0.0188679245283019
"crane",22,"sar_probit",4,"binary",0,0,0.0188679245283019
"crane",22,"sar_probit",4,"binary",0,0,0.0188679245283019
"crane",22,"sar_probit",4,"binary",0,0,0.0188679245283019
"crane",22,"sar_probit",4,"binary",0,0,0.0188679245283019
"crane",22,"sar_probit",4,"binary",0,0,0.0188679245283019
"crane",22,"sar_probit",4,"binary",0,6.17026742337602e-316,0.0188679245283019
"crane",22,"sar_probit",4,"binary",0,0,0.0188679245283019
"crane",22,"sar_probit",5,"binary",0,0,0.0207547169811321
"crane",22,"sar_probit",5,"binary",0,0,0.0207547169811321
"crane",22,"sar_probit",5,"binary",0,0,0.0207547169811321
"crane",22,"sar_probit",5,"binary",0,0,0.0207547169811321
"crane",22,"sar_probit",5,"binary",0,0,0.0207547169811321
"crane",22,"sar_probit",5,"binary",0,0,0.0207547169811321
"crane",22,"sar_probit",5,"binary",0,0,0.0207547169811321
"crane",22,"sar_probit",5,"binary",0,0,0.0207547169811321
"crane",22,"sar_probit",5,"binary",0,0,0.0207547169811321
"crane",22,"sar_probit",5,"binary",0,0,0.0207547169811321
"crane",22,"sar_probit",5,"binary",0,0,0.0207547169811321
"crane",22,"sar_probit",5,"binary",0,0,0.0207547169811321
"crane",22,"sar_probit",5,"binary",0,0,0.0207547169811321
"crane",22,"sar_probit",5,"binary",0,0,0.0207547169811321
"crane",22,"sar_probit",5,"binary",0,0,0.0207547169811321
"crane",22,"sar_probit",5,"binary",0,0,0.0207547169811321
"crane",22,"sar_probit",5,"binary",0,0,0.0207547169811321
"crane",22,"sar_probit",5,"binary",0,0,0.0207547169811321
"crane",22,"sar_probit",5,"binary",0,0,0.0207547169811321
"crane",22,"sar_probit",5,"binary",0,0,0.0207547169811321
"crane",22,"sar_probit",5,"binary",0,0,0.0207547169811321
"crane",22,"sar_probit",5,"binary",0,0,0.0207547169811321
"crane",22,"sar_probit",5,"binary",0,0,0.0207547169811321
"crane",22,"sar_probit",5,"binary",0,0,0.0207547169811321
"crane",22,"sar_probit",5,"binary",0,0,0.0207547169811321
"crane",22,"sar_probit",5,"binary",0,0,0.0207547169811321
"crane",22,"sar_probit",5,"binary",0,0,0.0207547169811321
"crane",22,"sar_probit",5,"binary",0,0,0.0207547169811321
"crane",22,"sar_probit",5,"binary",0,0,0.0207547169811321
"crane",22,"sar_probit",5,"binary",0,0,0.0207547169811321
"crane",22,"sar_probit",5,"binary",0,0,0.0207547169811321
"crane",22,"sar_probit",5,"binary",0,0,0.0207547169811321
"crane",22,"sar_probit",5,"binary",0,0,0.0207547169811321
"crane",22,"sar_probit",5,"binary",0,0,0.0207547169811321
"crane",22,"sar_probit",5,"binary",0,0,0.0207547169811321
"crane",22,"sar_probit",5,"binary",0,0,0.0207547169811321
"crane",22,"sar_probit",5,"binary",0,0,0.0207547169811321
"crane",22,"sar_probit",5,"binary",0,0,0.0207547169811321
"crane",22,"sar_probit",5,"binary",0,0,0.0207547169811321
"crane",22,"sar_probit",5,"binary",0,0,0.0207547169811321
"crane",22,"sar_probit",5,"binary",0,0,0.0207547169811321
"crane",22,"sar_probit",5,"binary",0,0,0.0207547169811321
"crane",22,"sar_probit",5,"binary",0,0,0.0207547169811321
"crane",22,"sar_probit",5,"binary",0,0,0.0207547169811321
"crane",22,"sar_probit",5,"binary",0,0,0.0207547169811321
"crane",22,"sar_probit",5,"binary",0,0,0.0207547169811321
"crane",22,"sar_probit",5,"binary",0,0,0.0207547169811321
"crane",22,"sar_probit",5,"binary",0,0,0.0207547169811321
"crane",22,"sar_probit",5,"binary",0,0,0.0207547169811321
"crane",22,"sar_probit",5,"binary",0,0,0.0207547169811321
"crane",22,"sar_probit",5,"binary",0,0,0.0207547169811321
"crane",22,"sar_probit",5,"binary",0,0,0.0207547169811321
"crane",22,"sar_probit",5,"binary",0,0,0.0207547169811321
"crane",22,"sar_probit",5,"binary",0,0,0.0207547169811321
"crane",22,"sar_probit",5,"binary",0,0,0.0207547169811321
"crane",22,"sar_probit",5,"binary",0,0,0.0207547169811321
"crane",22,"sar_probit",5,"binary",0,0,0.0207547169811321
"crane",22,"sar_probit",5,"binary",0,0,0.0207547169811321
"crane",22,"sar_probit",5,"binary",0,0,0.0207547169811321
"crane",22,"sar_probit",5,"binary",0,0,0.0207547169811321
"crane",22,"sar_probit",5,"binary",0,0,0.0207547169811321
"crane",22,"sar_probit",5,"binary",0,0,0.0207547169811321
"crane",22,"sar_probit",5,"binary",0,0,0.0207547169811321
"crane",22,"sar_probit",5,"binary",0,0,0.0207547169811321
"crane",22,"sar_probit",5,"binary",0,0,0.0207547169811321
"crane",22,"sar_probit",5,"binary",0,0,0.0207547169811321
"crane",22,"sar_probit",5,"binary",0,0,0.0207547169811321
"crane",22,"sar_probit",5,"binary",0,0,0.0207547169811321
"crane",22,"sar_probit",5,"binary",0,0,0.0207547169811321
"crane",22,"sar_probit",5,"binary",0,0,0.0207547169811321
"crane",22,"sar_probit",5,"binary",0,0,0.0207547169811321
"crane",22,"sar_probit",5,"binary",0,0,0.0207547169811321
"crane",22,"sar_probit",5,"binary",0,0,0.0207547169811321
"crane",22,"sar_probit",5,"binary",0,0,0.0207547169811321
"crane",22,"sar_probit",5,"binary",0,0,0.0207547169811321
"crane",22,"sar_probit",5,"binary",0,0,0.0207547169811321
"crane",22,"sar_probit",5,"binary",0,0,0.0207547169811321
"crane",22,"sar_probit",5,"binary",0,0,0.0207547169811321
"crane",22,"sar_probit",5,"binary",0,0,0.0207547169811321
"crane",22,"sar_probit",5,"binary",0,0,0.0207547169811321
"crane",22,"sar_probit",5,"binary",0,0,0.0207547169811321
"crane",22,"sar_probit",5,"binary",0,0,0.0207547169811321
"crane",22,"sar_probit",5,"binary",0,0,0.0207547169811321
"crane",22,"sar_probit",5,"binary",0,0,0.0207547169811321
"crane",22,"sar_probit",5,"binary",0,0,0.0207547169811321
"crane",22,"sar_probit",5,"binary",0,0,0.0207547169811321
"crane",22,"sar_probit",5,"binary",0,0,0.0207547169811321
"crane",22,"sar_probit",5,"binary",0,0,0.0207547169811321
"crane",22,"sar_probit",5,"binary",0,0,0.0207547169811321
"crane",22,"sar_probit",5,"binary",0,0,0.0207547169811321
"crane",22,"sar_probit",5,"binary",0,0,0.0207547169811321
"crane",22,"sar_probit",5,"binary",0,0,0.0207547169811321
"crane",22,"sar_probit",5,"binary",0,0,0.0207547169811321
"crane",22,"sar_probit",5,"binary",0,0,0.0207547169811321
"crane",22,"sar_probit",5,"binary",0,0,0.0207547169811321
"crane",22,"sar_probit",5,"binary",0,0,0.0207547169811321
"crane",22,"sar_probit",5,"binary",0,0,0.0207547169811321
"crane",22,"sar_probit",5,"binary",0,0,0.0207547169811321
"crane",22,"sar_probit",5,"binary",0,0,0.0207547169811321
"crane",22,"sar_probit",5,"binary",0,0,0.0207547169811321
"crane",22,"sar_probit",5,"binary",0,0,0.0207547169811321
"crane",22,"sar_probit",5,"binary",0,0,0.0207547169811321
"crane",22,"sar_probit",5,"binary",0,0,0.0207547169811321
"crane",22,"sar_probit",5,"binary",0,0,0.0207547169811321
"crane",22,"sar_probit",5,"binary",0,0,0.0207547169811321
"crane",22,"sar_probit",5,"binary",0,0,0.0207547169811321
"crane",22,"sar_probit",5,"binary",0,0,0.0207547169811321
"crane",22,"sar_probit",5,"binary",0,0,0.0207547169811321
"crane",22,"sar_probit",5,"binary",0,0,0.0207547169811321
"crane",22,"sar_probit",5,"binary",0,0,0.0207547169811321
"crane",22,"sar_probit",5,"binary",0,0,0.0207547169811321
"crane",22,"sar_probit",5,"binary",0,0,0.0207547169811321
"crane",22,"sar_probit",5,"binary",0,0,0.0207547169811321
"crane",22,"sar_probit",5,"binary",0,0,0.0207547169811321
"crane",22,"sar_probit",5,"binary",0,0,0.0207547169811321
"crane",22,"sar_probit",5,"binary",0,0,0.0207547169811321
"crane",22,"sar_probit",5,"binary",0,0,0.0207547169811321
"crane",22,"sar_probit",5,"binary",0,0,0.0207547169811321
"crane",22,"sar_probit",5,"binary",0,0,0.0207547169811321
"crane",22,"sar_probit",5,"binary",0,0,0.0207547169811321
"crane",22,"sem_probit",1,"binary",0,0,0.0113207547169811
"crane",22,"sem_probit",1,"binary",0,0,0.0113207547169811
"crane",22,"sem_probit",1,"binary",0,0,0.0113207547169811
"crane",22,"sem_probit",1,"binary",0,0,0.0113207547169811
"crane",22,"sem_probit",1,"binary",0,0,0.0113207547169811
"crane",22,"sem_probit",1,"binary",0,0.154832969603989,0.0113207547169811
"crane",22,"sem_probit",1,"binary",0,0,0.0113207547169811
"crane",22,"sem_probit",1,"binary",0,5.02570699029008e-302,0.0113207547169811
"crane",22,"sem_probit",1,"binary",0,0,0.0113207547169811
"crane",22,"sem_probit",1,"binary",0,6.79848335378826e-307,0.0113207547169811
"crane",22,"sem_probit",1,"binary",0,0,0.0113207547169811
"crane",22,"sem_probit",1,"binary",0,0,0.0113207547169811
"crane",22,"sem_probit",1,"binary",0,0,0.0113207547169811
"crane",22,"sem_probit",1,"binary",0,0,0.0113207547169811
"crane",22,"sem_probit",1,"binary",0,0,0.0113207547169811
"crane",22,"sem_probit",1,"binary",0,0,0.0113207547169811
"crane",22,"sem_probit",1,"binary",1,1,0.0113207547169811
"crane",22,"sem_probit",1,"binary",0,0,0.0113207547169811
"crane",22,"sem_probit",1,"binary",0,0,0.0113207547169811
"crane",22,"sem_probit",1,"binary",0,0,0.0113207547169811
"crane",22,"sem_probit",1,"binary",0,0,0.0113207547169811
"crane",22,"sem_probit",1,"binary",0,0,0.0113207547169811
"crane",22,"sem_probit",1,"binary",0,0,0.0113207547169811
"crane",22,"sem_probit",1,"binary",0,0,0.0113207547169811
"crane",22,"sem_probit",1,"binary",0,0,0.0113207547169811
"crane",22,"sem_probit",1,"binary",0,0,0.0113207547169811
"crane",22,"sem_probit",1,"binary",0,0,0.0113207547169811
"crane",22,"sem_probit",1,"binary",0,0,0.0113207547169811
"crane",22,"sem_probit",1,"binary",0,0,0.0113207547169811
"crane",22,"sem_probit",1,"binary",0,0.154832969603989,0.0113207547169811
"crane",22,"sem_probit",1,"binary",0,0,0.0113207547169811
"crane",22,"sem_probit",1,"binary",0,5.02570699029008e-302,0.0113207547169811
"crane",22,"sem_probit",1,"binary",0,0,0.0113207547169811
"crane",22,"sem_probit",1,"binary",0,6.79848335378826e-307,0.0113207547169811
"crane",22,"sem_probit",1,"binary",0,0,0.0113207547169811
"crane",22,"sem_probit",1,"binary",0,0,0.0113207547169811
"crane",22,"sem_probit",1,"binary",0,0,0.0113207547169811
"crane",22,"sem_probit",1,"binary",0,0,0.0113207547169811
"crane",22,"sem_probit",1,"binary",0,0,0.0113207547169811
"crane",22,"sem_probit",1,"binary",0,0,0.0113207547169811
"crane",22,"sem_probit",1,"binary",1,1,0.0113207547169811
"crane",22,"sem_probit",1,"binary",0,0,0.0113207547169811
"crane",22,"sem_probit",1,"binary",0,0,0.0113207547169811
"crane",22,"sem_probit",1,"binary",0,0,0.0113207547169811
"crane",22,"sem_probit",1,"binary",0,0,0.0113207547169811
"crane",22,"sem_probit",1,"binary",0,0,0.0113207547169811
"crane",22,"sem_probit",1,"binary",0,0,0.0113207547169811
"crane",22,"sem_probit",1,"binary",0,0,0.0113207547169811
"crane",22,"sem_probit",1,"binary",0,0,0.0113207547169811
"crane",22,"sem_probit",1,"binary",0,0,0.0113207547169811
"crane",22,"sem_probit",1,"binary",0,0,0.0113207547169811
"crane",22,"sem_probit",1,"binary",0,0,0.0113207547169811
"crane",22,"sem_probit",1,"binary",0,0,0.0113207547169811
"crane",22,"sem_probit",1,"binary",0,0.154832969603989,0.0113207547169811
"crane",22,"sem_probit",1,"binary",0,0,0.0113207547169811
"crane",22,"sem_probit",1,"binary",0,5.02570699029008e-302,0.0113207547169811
"crane",22,"sem_probit",1,"binary",0,0,0.0113207547169811
"crane",22,"sem_probit",1,"binary",0,6.79848335378826e-307,0.0113207547169811
"crane",22,"sem_probit",1,"binary",0,0,0.0113207547169811
"crane",22,"sem_probit",1,"binary",0,0,0.0113207547169811
"crane",22,"sem_probit",1,"binary",0,0,0.0113207547169811
"crane",22,"sem_probit",1,"binary",0,0,0.0113207547169811
"crane",22,"sem_probit",1,"binary",0,0,0.0113207547169811
"crane",22,"sem_probit",1,"binary",0,0,0.0113207547169811
"crane",22,"sem_probit",1,"binary",1,1,0.0113207547169811
"crane",22,"sem_probit",1,"binary",0,0,0.0113207547169811
"crane",22,"sem_probit",1,"binary",0,0,0.0113207547169811
"crane",22,"sem_probit",1,"binary",0,0,0.0113207547169811
"crane",22,"sem_probit",1,"binary",0,0,0.0113207547169811
"crane",22,"sem_probit",1,"binary",0,0,0.0113207547169811
"crane",22,"sem_probit",1,"binary",0,0,0.0113207547169811
"crane",22,"sem_probit",1,"binary",0,0,0.0113207547169811
"crane",22,"sem_probit",1,"binary",0,0,0.0113207547169811
"crane",22,"sem_probit",1,"binary",0,0,0.0113207547169811
"crane",22,"sem_probit",1,"binary",0,0,0.0113207547169811
"crane",22,"sem_probit",1,"binary",0,0,0.0113207547169811
"crane",22,"sem_probit",1,"binary",0,0,0.0113207547169811
"crane",22,"sem_probit",1,"binary",0,0.154832969603989,0.0113207547169811
"crane",22,"sem_probit",1,"binary",0,0,0.0113207547169811
"crane",22,"sem_probit",1,"binary",0,5.02570699029008e-302,0.0113207547169811
"crane",22,"sem_probit",1,"binary",0,0,0.0113207547169811
"crane",22,"sem_probit",1,"binary",0,6.79848335378826e-307,0.0113207547169811
"crane",22,"sem_probit",1,"binary",0,0,0.0113207547169811
"crane",22,"sem_probit",1,"binary",0,0,0.0113207547169811
"crane",22,"sem_probit",1,"binary",0,0,0.0113207547169811
"crane",22,"sem_probit",1,"binary",0,0,0.0113207547169811
"crane",22,"sem_probit",1,"binary",0,0,0.0113207547169811
"crane",22,"sem_probit",1,"binary",0,0,0.0113207547169811
"crane",22,"sem_probit",1,"binary",1,1,0.0113207547169811
"crane",22,"sem_probit",1,"binary",0,0,0.0113207547169811
"crane",22,"sem_probit",1,"binary",0,0,0.0113207547169811
"crane",22,"sem_probit",1,"binary",0,0,0.0113207547169811
"crane",22,"sem_probit",1,"binary",0,0,0.0113207547169811
"crane",22,"sem_probit",1,"binary",0,0,0.0113207547169811
"crane",22,"sem_probit",1,"binary",0,0,0.0113207547169811
"crane",22,"sem_probit",1,"binary",0,0,0.0113207547169811
"crane",22,"sem_probit",1,"binary",0,0,0.0113207547169811
"crane",22,"sem_probit",1,"binary",0,0,0.0113207547169811
"crane",22,"sem_probit",1,"binary",0,0,0.0113207547169811
"crane",22,"sem_probit",1,"binary",0,0,0.0113207547169811
"crane",22,"sem_probit",1,"binary",0,0,0.0113207547169811
"crane",22,"sem_probit",1,"binary",0,0.154832969603989,0.0113207547169811
"crane",22,"sem_probit",1,"binary",0,0,0.0113207547169811
"crane",22,"sem_probit",1,"binary",0,5.02570699029008e-302,0.0113207547169811
"crane",22,"sem_probit",1,"binary",0,0,0.0113207547169811
"crane",22,"sem_probit",1,"binary",0,6.79848335378826e-307,0.0113207547169811
"crane",22,"sem_probit",1,"binary",0,0,0.0113207547169811
"crane",22,"sem_probit",1,"binary",0,0,0.0113207547169811
"crane",22,"sem_probit",1,"binary",0,0,0.0113207547169811
"crane",22,"sem_probit",1,"binary",0,0,0.0113207547169811
"crane",22,"sem_probit",1,"binary",0,0,0.0113207547169811
"crane",22,"sem_probit",1,"binary",0,0,0.0113207547169811
"crane",22,"sem_probit",1,"binary",1,1,0.0113207547169811
"crane",22,"sem_probit",1,"binary",0,0,0.0113207547169811
"crane",22,"sem_probit",1,"binary",0,0,0.0113207547169811
"crane",22,"sem_probit",1,"binary",0,0,0.0113207547169811
"crane",22,"sem_probit",1,"binary",0,0,0.0113207547169811
"crane",22,"sem_probit",1,"binary",0,0,0.0113207547169811
"crane",22,"sem_probit",1,"binary",0,0,0.0113207547169811
"crane",22,"sem_probit",1,"binary",0,0,0.0113207547169811
"crane",22,"sem_probit",2,"binary",0,0,0.0122448979591837
"crane",22,"sem_probit",2,"binary",0,0,0.0122448979591837
"crane",22,"sem_probit",2,"binary",0,0,0.0122448979591837
"crane",22,"sem_probit",2,"binary",0,0,0.0122448979591837
"crane",22,"sem_probit",2,"binary",0,0,0.0122448979591837
"crane",22,"sem_probit",2,"binary",0,0,0.0122448979591837
"crane",22,"sem_probit",2,"binary",0,0,0.0122448979591837
"crane",22,"sem_probit",2,"binary",0,0,0.0122448979591837
"crane",22,"sem_probit",2,"binary",0,0,0.0122448979591837
"crane",22,"sem_probit",2,"binary",0,0,0.0122448979591837
"crane",22,"sem_probit",2,"binary",0,0,0.0122448979591837
"crane",22,"sem_probit",2,"binary",0,0,0.0122448979591837
"crane",22,"sem_probit",2,"binary",0,0,0.0122448979591837
"crane",22,"sem_probit",2,"binary",0,0,0.0122448979591837
"crane",22,"sem_probit",2,"binary",0,0,0.0122448979591837
"crane",22,"sem_probit",2,"binary",0,0,0.0122448979591837
"crane",22,"sem_probit",2,"binary",0,0,0.0122448979591837
"crane",22,"sem_probit",2,"binary",1,2.37426936783443e-06,0.0122448979591837
"crane",22,"sem_probit",2,"binary",0,0,0.0122448979591837
"crane",22,"sem_probit",2,"binary",0,0,0.0122448979591837
"crane",22,"sem_probit",2,"binary",0,0,0.0122448979591837
"crane",22,"sem_probit",2,"binary",0,0,0.0122448979591837
"crane",22,"sem_probit",2,"binary",0,0,0.0122448979591837
"crane",22,"sem_probit",2,"binary",0,0,0.0122448979591837
"crane",22,"sem_probit",2,"binary",0,0,0.0122448979591837
"crane",22,"sem_probit",2,"binary",0,0,0.0122448979591837
"crane",22,"sem_probit",2,"binary",0,0,0.0122448979591837
"crane",22,"sem_probit",2,"binary",0,0,0.0122448979591837
"crane",22,"sem_probit",2,"binary",0,0,0.0122448979591837
"crane",22,"sem_probit",2,"binary",0,0,0.0122448979591837
"crane",22,"sem_probit",2,"binary",0,0,0.0122448979591837
"crane",22,"sem_probit",2,"binary",0,1.1864525775241e-60,0.0122448979591837
"crane",22,"sem_probit",2,"binary",0,0,0.0122448979591837
"crane",22,"sem_probit",2,"binary",0,0,0.0122448979591837
"crane",22,"sem_probit",2,"binary",0,0,0.0122448979591837
"crane",22,"sem_probit",2,"binary",0,0,0.0122448979591837
"crane",22,"sem_probit",2,"binary",0,0,0.0122448979591837
"crane",22,"sem_probit",2,"binary",0,0,0.0122448979591837
"crane",22,"sem_probit",2,"binary",0,0,0.0122448979591837
"crane",22,"sem_probit",2,"binary",0,0,0.0122448979591837
"crane",22,"sem_probit",2,"binary",0,0,0.0122448979591837
"crane",22,"sem_probit",2,"binary",0,0,0.0122448979591837
"crane",22,"sem_probit",2,"binary",0,0,0.0122448979591837
"crane",22,"sem_probit",2,"binary",0,0,0.0122448979591837
"crane",22,"sem_probit",2,"binary",0,0,0.0122448979591837
"crane",22,"sem_probit",2,"binary",0,0,0.0122448979591837
"crane",22,"sem_probit",2,"binary",0,0,0.0122448979591837
"crane",22,"sem_probit",2,"binary",0,0,0.0122448979591837
"crane",22,"sem_probit",2,"binary",0,0,0.0122448979591837
"crane",22,"sem_probit",2,"binary",1,2.37426936783443e-06,0.0122448979591837
"crane",22,"sem_probit",2,"binary",0,0,0.0122448979591837
"crane",22,"sem_probit",2,"binary",0,0,0.0122448979591837
"crane",22,"sem_probit",2,"binary",0,0,0.0122448979591837
"crane",22,"sem_probit",2,"binary",0,0,0.0122448979591837
"crane",22,"sem_probit",2,"binary",0,0,0.0122448979591837
"crane",22,"sem_probit",2,"binary",0,0,0.0122448979591837
"crane",22,"sem_probit",2,"binary",0,0,0.0122448979591837
"crane",22,"sem_probit",2,"binary",0,0,0.0122448979591837
"crane",22,"sem_probit",2,"binary",0,0,0.0122448979591837
"crane",22,"sem_probit",2,"binary",0,0,0.0122448979591837
"crane",22,"sem_probit",2,"binary",0,0,0.0122448979591837
"crane",22,"sem_probit",2,"binary",0,0,0.0122448979591837
"crane",22,"sem_probit",2,"binary",0,0,0.0122448979591837
"crane",22,"sem_probit",2,"binary",0,1.1864525775241e-60,0.0122448979591837
"crane",22,"sem_probit",2,"binary",0,0,0.0122448979591837
"crane",22,"sem_probit",2,"binary",0,0,0.0122448979591837
"crane",22,"sem_probit",2,"binary",0,0,0.0122448979591837
"crane",22,"sem_probit",2,"binary",0,0,0.0122448979591837
"crane",22,"sem_probit",2,"binary",0,0,0.0122448979591837
"crane",22,"sem_probit",2,"binary",0,0,0.0122448979591837
"crane",22,"sem_probit",2,"binary",0,0,0.0122448979591837
"crane",22,"sem_probit",2,"binary",0,0,0.0122448979591837
"crane",22,"sem_probit",2,"binary",0,0,0.0122448979591837
"crane",22,"sem_probit",2,"binary",0,0,0.0122448979591837
"crane",22,"sem_probit",2,"binary",0,0,0.0122448979591837
"crane",22,"sem_probit",2,"binary",0,0,0.0122448979591837
"crane",22,"sem_probit",2,"binary",0,0,0.0122448979591837
"crane",22,"sem_probit",2,"binary",0,0,0.0122448979591837
"crane",22,"sem_probit",2,"binary",0,0,0.0122448979591837
"crane",22,"sem_probit",2,"binary",0,0,0.0122448979591837
"crane",22,"sem_probit",2,"binary",0,0,0.0122448979591837
"crane",22,"sem_probit",2,"binary",1,2.37426936783443e-06,0.0122448979591837
"crane",22,"sem_probit",2,"binary",0,0,0.0122448979591837
"crane",22,"sem_probit",2,"binary",0,0,0.0122448979591837
"crane",22,"sem_probit",2,"binary",0,0,0.0122448979591837
"crane",22,"sem_probit",2,"binary",0,0,0.0122448979591837
"crane",22,"sem_probit",2,"binary",0,0,0.0122448979591837
"crane",22,"sem_probit",2,"binary",0,0,0.0122448979591837
"crane",22,"sem_probit",2,"binary",0,0,0.0122448979591837
"crane",22,"sem_probit",2,"binary",0,0,0.0122448979591837
"crane",22,"sem_probit",2,"binary",0,0,0.0122448979591837
"crane",22,"sem_probit",2,"binary",0,0,0.0122448979591837
"crane",22,"sem_probit",2,"binary",0,0,0.0122448979591837
"crane",22,"sem_probit",2,"binary",0,0,0.0122448979591837
"crane",22,"sem_probit",2,"binary",0,0,0.0122448979591837
"crane",22,"sem_probit",2,"binary",0,1.1864525775241e-60,0.0122448979591837
"crane",22,"sem_probit",2,"binary",0,0,0.0122448979591837
"crane",22,"sem_probit",2,"binary",0,0,0.0122448979591837
"crane",22,"sem_probit",2,"binary",0,0,0.0122448979591837
"crane",22,"sem_probit",2,"binary",0,0,0.0122448979591837
"crane",22,"sem_probit",2,"binary",0,0,0.0122448979591837
"crane",22,"sem_probit",2,"binary",0,0,0.0122448979591837
"crane",22,"sem_probit",2,"binary",0,0,0.0122448979591837
"crane",22,"sem_probit",2,"binary",0,0,0.0122448979591837
"crane",22,"sem_probit",2,"binary",0,0,0.0122448979591837
"crane",22,"sem_probit",2,"binary",0,0,0.0122448979591837
"crane",22,"sem_probit",2,"binary",0,0,0.0122448979591837
"crane",22,"sem_probit",2,"binary",0,0,0.0122448979591837
"crane",22,"sem_probit",2,"binary",0,0,0.0122448979591837
"crane",22,"sem_probit",2,"binary",0,0,0.0122448979591837
"crane",22,"sem_probit",2,"binary",0,0,0.0122448979591837
"crane",22,"sem_probit",2,"binary",0,0,0.0122448979591837
"crane",22,"sem_probit",2,"binary",0,0,0.0122448979591837
"crane",22,"sem_probit",2,"binary",1,2.37426936783443e-06,0.0122448979591837
"crane",22,"sem_probit",2,"binary",0,0,0.0122448979591837
"crane",22,"sem_probit",2,"binary",0,0,0.0122448979591837
"crane",22,"sem_probit",2,"binary",0,0,0.0122448979591837
"crane",22,"sem_probit",2,"binary",0,0,0.0122448979591837
"crane",22,"sem_probit",2,"binary",0,0,0.0122448979591837
"crane",22,"sem_probit",2,"binary",0,0,0.0122448979591837
"crane",22,"sem_probit",2,"binary",0,0,0.0122448979591837
"crane",22,"sem_probit",2,"binary",0,0,0.0122448979591837
"crane",22,"sem_probit",2,"binary",0,0,0.0122448979591837
"crane",22,"sem_probit",2,"binary",0,0,0.0122448979591837
"crane",22,"sem_probit",2,"binary",0,0,0.0122448979591837
"crane",22,"sem_probit",2,"binary",0,0,0.0122448979591837
"crane",22,"sem_probit",2,"binary",0,0,0.0122448979591837
"crane",22,"sem_probit",2,"binary",0,1.1864525775241e-60,0.0122448979591837
"crane",22,"sem_probit",2,"binary",0,0,0.0122448979591837
"crane",22,"sem_probit",2,"binary",0,0,0.0122448979591837
"crane",22,"sem_probit",2,"binary",0,0,0.0122448979591837
"crane",22,"sem_probit",2,"binary",0,0,0.0122448979591837
"crane",22,"sem_probit",2,"binary",0,0,0.0122448979591837
"crane",22,"sem_probit",2,"binary",0,0,0.0122448979591837
"crane",22,"sem_probit",2,"binary",0,0,0.0122448979591837
"crane",22,"sem_probit",2,"binary",0,0,0.0122448979591837
"crane",22,"sem_probit",2,"binary",0,0,0.0122448979591837
"crane",22,"sem_probit",2,"binary",0,0,0.0122448979591837
"crane",22,"sem_probit",2,"binary",0,0,0.0122448979591837
"crane",22,"sem_probit",2,"binary",0,0,0.0122448979591837
"crane",22,"sem_probit",2,"binary",0,0,0.0122448979591837
"crane",22,"sem_probit",2,"binary",0,0,0.0122448979591837
"crane",22,"sem_probit",2,"binary",0,0,0.0122448979591837
"crane",22,"sem_probit",2,"binary",0,0,0.0122448979591837
"crane",22,"sem_probit",2,"binary",0,0,0.0122448979591837
"crane",22,"sem_probit",2,"binary",1,2.37426936783443e-06,0.0122448979591837
"crane",22,"sem_probit",2,"binary",0,0,0.0122448979591837
"crane",22,"sem_probit",2,"binary",0,0,0.0122448979591837
"crane",22,"sem_probit",2,"binary",0,0,0.0122448979591837
"crane",22,"sem_probit",2,"binary",0,0,0.0122448979591837
"crane",22,"sem_probit",2,"binary",0,0,0.0122448979591837
"crane",22,"sem_probit",2,"binary",0,0,0.0122448979591837
"crane",22,"sem_probit",2,"binary",0,0,0.0122448979591837
"crane",22,"sem_probit",2,"binary",0,0,0.0122448979591837
"crane",22,"sem_probit",2,"binary",0,0,0.0122448979591837
"crane",22,"sem_probit",2,"binary",0,0,0.0122448979591837
"crane",22,"sem_probit",2,"binary",0,0,0.0122448979591837
"crane",22,"sem_probit",2,"binary",0,0,0.0122448979591837
"crane",22,"sem_probit",2,"binary",0,0,0.0122448979591837
"crane",22,"sem_probit",2,"binary",0,1.1864525775241e-60,0.0122448979591837
"crane",22,"sem_probit",3,"binary",0,0,0.0211538461538462
"crane",22,"sem_probit",3,"binary",0,0,0.0211538461538462
"crane",22,"sem_probit",3,"binary",0,0,0.0211538461538462
"crane",22,"sem_probit",3,"binary",0,0,0.0211538461538462
"crane",22,"sem_probit",3,"binary",0,0,0.0211538461538462
"crane",22,"sem_probit",3,"binary",0,0,0.0211538461538462
"crane",22,"sem_probit",3,"binary",0,0,0.0211538461538462
"crane",22,"sem_probit",3,"binary",0,0,0.0211538461538462
"crane",22,"sem_probit",3,"binary",0,1,0.0211538461538462
"crane",22,"sem_probit",3,"binary",0,0,0.0211538461538462
"crane",22,"sem_probit",3,"binary",0,0,0.0211538461538462
"crane",22,"sem_probit",3,"binary",0,0,0.0211538461538462
"crane",22,"sem_probit",3,"binary",0,0,0.0211538461538462
"crane",22,"sem_probit",3,"binary",0,0,0.0211538461538462
"crane",22,"sem_probit",3,"binary",0,0,0.0211538461538462
"crane",22,"sem_probit",3,"binary",0,0,0.0211538461538462
"crane",22,"sem_probit",3,"binary",0,0,0.0211538461538462
"crane",22,"sem_probit",3,"binary",0,0,0.0211538461538462
"crane",22,"sem_probit",3,"binary",0,0,0.0211538461538462
"crane",22,"sem_probit",3,"binary",0,0,0.0211538461538462
"crane",22,"sem_probit",3,"binary",0,0,0.0211538461538462
"crane",22,"sem_probit",3,"binary",0,0,0.0211538461538462
"crane",22,"sem_probit",3,"binary",0,0,0.0211538461538462
"crane",22,"sem_probit",3,"binary",0,0,0.0211538461538462
"crane",22,"sem_probit",3,"binary",0,1,0.0211538461538462
"crane",22,"sem_probit",3,"binary",0,0,0.0211538461538462
"crane",22,"sem_probit",3,"binary",0,0,0.0211538461538462
"crane",22,"sem_probit",3,"binary",0,0,0.0211538461538462
"crane",22,"sem_probit",3,"binary",0,0,0.0211538461538462
"crane",22,"sem_probit",3,"binary",0,0,0.0211538461538462
"crane",22,"sem_probit",3,"binary",0,0,0.0211538461538462
"crane",22,"sem_probit",3,"binary",0,0,0.0211538461538462
"crane",22,"sem_probit",3,"binary",0,0,0.0211538461538462
"crane",22,"sem_probit",3,"binary",0,0,0.0211538461538462
"crane",22,"sem_probit",3,"binary",0,1,0.0211538461538462
"crane",22,"sem_probit",3,"binary",0,0,0.0211538461538462
"crane",22,"sem_probit",3,"binary",0,0,0.0211538461538462
"crane",22,"sem_probit",3,"binary",0,0,0.0211538461538462
"crane",22,"sem_probit",3,"binary",0,0,0.0211538461538462
"crane",22,"sem_probit",3,"binary",0,0,0.0211538461538462
"crane",22,"sem_probit",3,"binary",0,0,0.0211538461538462
"crane",22,"sem_probit",3,"binary",0,0,0.0211538461538462
"crane",22,"sem_probit",3,"binary",0,0,0.0211538461538462
"crane",22,"sem_probit",3,"binary",0,0,0.0211538461538462
"crane",22,"sem_probit",3,"binary",0,0,0.0211538461538462
"crane",22,"sem_probit",3,"binary",0,0,0.0211538461538462
"crane",22,"sem_probit",3,"binary",0,0,0.0211538461538462
"crane",22,"sem_probit",3,"binary",0,0,0.0211538461538462
"crane",22,"sem_probit",3,"binary",0,0,0.0211538461538462
"crane",22,"sem_probit",3,"binary",0,0,0.0211538461538462
"crane",22,"sem_probit",3,"binary",0,1,0.0211538461538462
"crane",22,"sem_probit",3,"binary",0,0,0.0211538461538462
"crane",22,"sem_probit",3,"binary",0,0,0.0211538461538462
"crane",22,"sem_probit",3,"binary",0,0,0.0211538461538462
"crane",22,"sem_probit",3,"binary",0,0,0.0211538461538462
"crane",22,"sem_probit",3,"binary",0,0,0.0211538461538462
"crane",22,"sem_probit",3,"binary",0,0,0.0211538461538462
"crane",22,"sem_probit",3,"binary",0,0,0.0211538461538462
"crane",22,"sem_probit",3,"binary",0,0,0.0211538461538462
"crane",22,"sem_probit",3,"binary",0,0,0.0211538461538462
"crane",22,"sem_probit",3,"binary",0,1,0.0211538461538462
"crane",22,"sem_probit",3,"binary",0,0,0.0211538461538462
"crane",22,"sem_probit",3,"binary",0,0,0.0211538461538462
"crane",22,"sem_probit",3,"binary",0,0,0.0211538461538462
"crane",22,"sem_probit",3,"binary",0,0,0.0211538461538462
"crane",22,"sem_probit",3,"binary",0,0,0.0211538461538462
"crane",22,"sem_probit",3,"binary",0,0,0.0211538461538462
"crane",22,"sem_probit",3,"binary",0,0,0.0211538461538462
"crane",22,"sem_probit",3,"binary",0,0,0.0211538461538462
"crane",22,"sem_probit",3,"binary",0,0,0.0211538461538462
"crane",22,"sem_probit",3,"binary",0,0,0.0211538461538462
"crane",22,"sem_probit",3,"binary",0,0,0.0211538461538462
"crane",22,"sem_probit",3,"binary",0,0,0.0211538461538462
"crane",22,"sem_probit",3,"binary",0,0,0.0211538461538462
"crane",22,"sem_probit",3,"binary",0,0,0.0211538461538462
"crane",22,"sem_probit",3,"binary",0,0,0.0211538461538462
"crane",22,"sem_probit",3,"binary",0,1,0.0211538461538462
"crane",22,"sem_probit",3,"binary",0,0,0.0211538461538462
"crane",22,"sem_probit",3,"binary",0,0,0.0211538461538462
"crane",22,"sem_probit",3,"binary",0,0,0.0211538461538462
"crane",22,"sem_probit",3,"binary",0,0,0.0211538461538462
"crane",22,"sem_probit",3,"binary",0,0,0.0211538461538462
"crane",22,"sem_probit",3,"binary",0,0,0.0211538461538462
"crane",22,"sem_probit",3,"binary",0,0,0.0211538461538462
"crane",22,"sem_probit",3,"binary",0,0,0.0211538461538462
"crane",22,"sem_probit",3,"binary",0,0,0.0211538461538462
"crane",22,"sem_probit",3,"binary",0,1,0.0211538461538462
"crane",22,"sem_probit",3,"binary",0,0,0.0211538461538462
"crane",22,"sem_probit",3,"binary",0,0,0.0211538461538462
"crane",22,"sem_probit",3,"binary",0,0,0.0211538461538462
"crane",22,"sem_probit",3,"binary",0,0,0.0211538461538462
"crane",22,"sem_probit",3,"binary",0,0,0.0211538461538462
"crane",22,"sem_probit",3,"binary",0,0,0.0211538461538462
"crane",22,"sem_probit",3,"binary",0,0,0.0211538461538462
"crane",22,"sem_probit",3,"binary",0,0,0.0211538461538462
"crane",22,"sem_probit",3,"binary",0,0,0.0211538461538462
"crane",22,"sem_probit",3,"binary",0,0,0.0211538461538462
"crane",22,"sem_probit",3,"binary",0,0,0.0211538461538462
"crane",22,"sem_probit",3,"binary",0,0,0.0211538461538462
"crane",22,"sem_probit",3,"binary",0,0,0.0211538461538462
"crane",22,"sem_probit",3,"binary",0,0,0.0211538461538462
"crane",22,"sem_probit",3,"binary",0,0,0.0211538461538462
"crane",22,"sem_probit",3,"binary",0,1,0.0211538461538462
"crane",22,"sem_probit",3,"binary",0,0,0.0211538461538462
"crane",22,"sem_probit",3,"binary",0,0,0.0211538461538462
"crane",22,"sem_probit",3,"binary",0,0,0.0211538461538462
"crane",22,"sem_probit",3,"binary",0,0,0.0211538461538462
"crane",22,"sem_probit",3,"binary",0,0,0.0211538461538462
"crane",22,"sem_probit",3,"binary",0,0,0.0211538461538462
"crane",22,"sem_probit",3,"binary",0,0,0.0211538461538462
"crane",22,"sem_probit",3,"binary",0,0,0.0211538461538462
"crane",22,"sem_probit",3,"binary",0,0,0.0211538461538462
"crane",22,"sem_probit",3,"binary",0,1,0.0211538461538462
"crane",22,"sem_probit",3,"binary",0,0,0.0211538461538462
"crane",22,"sem_probit",3,"binary",0,0,0.0211538461538462
"crane",22,"sem_probit",3,"binary",0,0,0.0211538461538462
"crane",22,"sem_probit",3,"binary",0,0,0.0211538461538462
"crane",22,"sem_probit",3,"binary",0,0,0.0211538461538462
"crane",22,"sem_probit",3,"binary",0,0,0.0211538461538462
"crane",22,"sem_probit",3,"binary",0,0,0.0211538461538462
"crane",22,"sem_probit",3,"binary",0,0,0.0211538461538462
"crane",22,"sem_probit",3,"binary",0,0,0.0211538461538462
"crane",22,"sem_probit",3,"binary",0,0,0.0211538461538462
"crane",22,"sem_probit",3,"binary",0,0,0.0211538461538462
"crane",22,"sem_probit",3,"binary",0,0,0.0211538461538462
"crane",22,"sem_probit",3,"binary",0,0,0.0211538461538462
"crane",22,"sem_probit",3,"binary",0,0,0.0211538461538462
"crane",22,"sem_probit",3,"binary",0,0,0.0211538461538462
"crane",22,"sem_probit",3,"binary",0,1,0.0211538461538462
"crane",22,"sem_probit",3,"binary",0,0,0.0211538461538462
"crane",22,"sem_probit",4,"binary",0,0,0.0188679245283019
"crane",22,"sem_probit",4,"binary",0,0,0.0188679245283019
"crane",22,"sem_probit",4,"binary",0,1.27879454121336e-45,0.0188679245283019
"crane",22,"sem_probit",4,"binary",0,5.39250892707033e-244,0.0188679245283019
"crane",22,"sem_probit",4,"binary",0,0,0.0188679245283019
"crane",22,"sem_probit",4,"binary",0,0,0.0188679245283019
"crane",22,"sem_probit",4,"binary",0,0,0.0188679245283019
"crane",22,"sem_probit",4,"binary",0,0,0.0188679245283019
"crane",22,"sem_probit",4,"binary",0,7.09957008040382e-218,0.0188679245283019
"crane",22,"sem_probit",4,"binary",0,0,0.0188679245283019
"crane",22,"sem_probit",4,"binary",0,0,0.0188679245283019
"crane",22,"sem_probit",4,"binary",0,0,0.0188679245283019
"crane",22,"sem_probit",4,"binary",0,0,0.0188679245283019
"crane",22,"sem_probit",4,"binary",0,0,0.0188679245283019
"crane",22,"sem_probit",4,"binary",0,0,0.0188679245283019
"crane",22,"sem_probit",4,"binary",0,4.36460748121568e-315,0.0188679245283019
"crane",22,"sem_probit",4,"binary",0,2.66455859029467e-306,0.0188679245283019
"crane",22,"sem_probit",4,"binary",0,0,0.0188679245283019
"crane",22,"sem_probit",4,"binary",0,0,0.0188679245283019
"crane",22,"sem_probit",4,"binary",0,0,0.0188679245283019
"crane",22,"sem_probit",4,"binary",0,0,0.0188679245283019
"crane",22,"sem_probit",4,"binary",0,0,0.0188679245283019
"crane",22,"sem_probit",4,"binary",0,0,0.0188679245283019
"crane",22,"sem_probit",4,"binary",0,0,0.0188679245283019
"crane",22,"sem_probit",4,"binary",0,0,0.0188679245283019
"crane",22,"sem_probit",4,"binary",0,0,0.0188679245283019
"crane",22,"sem_probit",4,"binary",0,1.27879454121336e-45,0.0188679245283019
"crane",22,"sem_probit",4,"binary",0,5.39250892707033e-244,0.0188679245283019
"crane",22,"sem_probit",4,"binary",0,0,0.0188679245283019
"crane",22,"sem_probit",4,"binary",0,0,0.0188679245283019
"crane",22,"sem_probit",4,"binary",0,0,0.0188679245283019
"crane",22,"sem_probit",4,"binary",0,0,0.0188679245283019
"crane",22,"sem_probit",4,"binary",0,7.09957008040382e-218,0.0188679245283019
"crane",22,"sem_probit",4,"binary",0,0,0.0188679245283019
"crane",22,"sem_probit",4,"binary",0,0,0.0188679245283019
"crane",22,"sem_probit",4,"binary",0,0,0.0188679245283019
"crane",22,"sem_probit",4,"binary",0,0,0.0188679245283019
"crane",22,"sem_probit",4,"binary",0,0,0.0188679245283019
"crane",22,"sem_probit",4,"binary",0,0,0.0188679245283019
"crane",22,"sem_probit",4,"binary",0,4.36460748121568e-315,0.0188679245283019
"crane",22,"sem_probit",4,"binary",0,2.66455859029467e-306,0.0188679245283019
"crane",22,"sem_probit",4,"binary",0,0,0.0188679245283019
"crane",22,"sem_probit",4,"binary",0,0,0.0188679245283019
"crane",22,"sem_probit",4,"binary",0,0,0.0188679245283019
"crane",22,"sem_probit",4,"binary",0,0,0.0188679245283019
"crane",22,"sem_probit",4,"binary",0,0,0.0188679245283019
"crane",22,"sem_probit",4,"binary",0,0,0.0188679245283019
"crane",22,"sem_probit",4,"binary",0,0,0.0188679245283019
"crane",22,"sem_probit",4,"binary",0,0,0.0188679245283019
"crane",22,"sem_probit",4,"binary",0,0,0.0188679245283019
"crane",22,"sem_probit",4,"binary",0,1.27879454121336e-45,0.0188679245283019
"crane",22,"sem_probit",4,"binary",0,5.39250892707033e-244,0.0188679245283019
"crane",22,"sem_probit",4,"binary",0,0,0.0188679245283019
"crane",22,"sem_probit",4,"binary",0,0,0.0188679245283019
"crane",22,"sem_probit",4,"binary",0,0,0.0188679245283019
"crane",22,"sem_probit",4,"binary",0,0,0.0188679245283019
"crane",22,"sem_probit",4,"binary",0,7.09957008040382e-218,0.0188679245283019
"crane",22,"sem_probit",4,"binary",0,0,0.0188679245283019
"crane",22,"sem_probit",4,"binary",0,0,0.0188679245283019
"crane",22,"sem_probit",4,"binary",0,0,0.0188679245283019
"crane",22,"sem_probit",4,"binary",0,0,0.0188679245283019
"crane",22,"sem_probit",4,"binary",0,0,0.0188679245283019
"crane",22,"sem_probit",4,"binary",0,0,0.0188679245283019
"crane",22,"sem_probit",4,"binary",0,4.36460748121568e-315,0.0188679245283019
"crane",22,"sem_probit",4,"binary",0,2.66455859029467e-306,0.0188679245283019
"crane",22,"sem_probit",4,"binary",0,0,0.0188679245283019
"crane",22,"sem_probit",4,"binary",0,0,0.0188679245283019
"crane",22,"sem_probit",4,"binary",0,0,0.0188679245283019
"crane",22,"sem_probit",4,"binary",0,0,0.0188679245283019
"crane",22,"sem_probit",4,"binary",0,0,0.0188679245283019
"crane",22,"sem_probit",4,"binary",0,0,0.0188679245283019
"crane",22,"sem_probit",4,"binary",0,0,0.0188679245283019
"crane",22,"sem_probit",4,"binary",0,0,0.0188679245283019
"crane",22,"sem_probit",4,"binary",0,0,0.0188679245283019
"crane",22,"sem_probit",4,"binary",0,1.27879454121336e-45,0.0188679245283019
"crane",22,"sem_probit",4,"binary",0,5.39250892707033e-244,0.0188679245283019
"crane",22,"sem_probit",4,"binary",0,0,0.0188679245283019
"crane",22,"sem_probit",4,"binary",0,0,0.0188679245283019
"crane",22,"sem_probit",4,"binary",0,0,0.0188679245283019
"crane",22,"sem_probit",4,"binary",0,0,0.0188679245283019
"crane",22,"sem_probit",4,"binary",0,7.09957008040382e-218,0.0188679245283019
"crane",22,"sem_probit",4,"binary",0,0,0.0188679245283019
"crane",22,"sem_probit",4,"binary",0,0,0.0188679245283019
"crane",22,"sem_probit",4,"binary",0,0,0.0188679245283019
"crane",22,"sem_probit",4,"binary",0,0,0.0188679245283019
"crane",22,"sem_probit",4,"binary",0,0,0.0188679245283019
"crane",22,"sem_probit",4,"binary",0,0,0.0188679245283019
"crane",22,"sem_probit",4,"binary",0,4.36460748121568e-315,0.0188679245283019
"crane",22,"sem_probit",4,"binary",0,2.66455859029467e-306,0.0188679245283019
"crane",22,"sem_probit",4,"binary",0,0,0.0188679245283019
"crane",22,"sem_probit",4,"binary",0,0,0.0188679245283019
"crane",22,"sem_probit",4,"binary",0,0,0.0188679245283019
"crane",22,"sem_probit",4,"binary",0,0,0.0188679245283019
"crane",22,"sem_probit",4,"binary",0,0,0.0188679245283019
"crane",22,"sem_probit",4,"binary",0,0,0.0188679245283019
"crane",22,"sem_probit",4,"binary",0,0,0.0188679245283019
"crane",22,"sem_probit",4,"binary",0,0,0.0188679245283019
"crane",22,"sem_probit",4,"binary",0,0,0.0188679245283019
"crane",22,"sem_probit",4,"binary",1,1.27879454121336e-45,0.0188679245283019
"crane",22,"sem_probit",4,"binary",0,5.39250892707033e-244,0.0188679245283019
"crane",22,"sem_probit",4,"binary",0,0,0.0188679245283019
"crane",22,"sem_probit",4,"binary",0,0,0.0188679245283019
"crane",22,"sem_probit",4,"binary",0,0,0.0188679245283019
"crane",22,"sem_probit",4,"binary",0,0,0.0188679245283019
"crane",22,"sem_probit",4,"binary",0,7.09957008040382e-218,0.0188679245283019
"crane",22,"sem_probit",4,"binary",0,0,0.0188679245283019
"crane",22,"sem_probit",4,"binary",0,0,0.0188679245283019
"crane",22,"sem_probit",4,"binary",0,0,0.0188679245283019
"crane",22,"sem_probit",4,"binary",0,0,0.0188679245283019
"crane",22,"sem_probit",4,"binary",0,0,0.0188679245283019
"crane",22,"sem_probit",4,"binary",0,0,0.0188679245283019
"crane",22,"sem_probit",4,"binary",0,4.36460748121568e-315,0.0188679245283019
"crane",22,"sem_probit",4,"binary",0,2.66455859029467e-306,0.0188679245283019
"crane",22,"sem_probit",4,"binary",0,0,0.0188679245283019
"crane",22,"sem_probit",4,"binary",0,0,0.0188679245283019
"crane",22,"sem_probit",4,"binary",0,0,0.0188679245283019
"crane",22,"sem_probit",4,"binary",0,0,0.0188679245283019
"crane",22,"sem_probit",4,"binary",0,0,0.0188679245283019
"crane",22,"sem_probit",4,"binary",0,0,0.0188679245283019
"crane",22,"sem_probit",4,"binary",0,0,0.0188679245283019
"crane",22,"sem_probit",5,"binary",0,0,0.0207547169811321
"crane",22,"sem_probit",5,"binary",0,0,0.0207547169811321
"crane",22,"sem_probit",5,"binary",0,0,0.0207547169811321
"crane",22,"sem_probit",5,"binary",0,0,0.0207547169811321
"crane",22,"sem_probit",5,"binary",0,0,0.0207547169811321
"crane",22,"sem_probit",5,"binary",0,0,0.0207547169811321
"crane",22,"sem_probit",5,"binary",0,0,0.0207547169811321
"crane",22,"sem_probit",5,"binary",0,0,0.0207547169811321
"crane",22,"sem_probit",5,"binary",0,0,0.0207547169811321
"crane",22,"sem_probit",5,"binary",0,0,0.0207547169811321
"crane",22,"sem_probit",5,"binary",0,0,0.0207547169811321
"crane",22,"sem_probit",5,"binary",0,0,0.0207547169811321
"crane",22,"sem_probit",5,"binary",0,0,0.0207547169811321
"crane",22,"sem_probit",5,"binary",0,0,0.0207547169811321
"crane",22,"sem_probit",5,"binary",0,0,0.0207547169811321
"crane",22,"sem_probit",5,"binary",0,0,0.0207547169811321
"crane",22,"sem_probit",5,"binary",0,0,0.0207547169811321
"crane",22,"sem_probit",5,"binary",0,0,0.0207547169811321
"crane",22,"sem_probit",5,"binary",0,0,0.0207547169811321
"crane",22,"sem_probit",5,"binary",0,0,0.0207547169811321
"crane",22,"sem_probit",5,"binary",0,0,0.0207547169811321
"crane",22,"sem_probit",5,"binary",0,0,0.0207547169811321
"crane",22,"sem_probit",5,"binary",0,0,0.0207547169811321
"crane",22,"sem_probit",5,"binary",0,0,0.0207547169811321
"crane",22,"sem_probit",5,"binary",0,0,0.0207547169811321
"crane",22,"sem_probit",5,"binary",0,0,0.0207547169811321
"crane",22,"sem_probit",5,"binary",0,0,0.0207547169811321
"crane",22,"sem_probit",5,"binary",0,0,0.0207547169811321
"crane",22,"sem_probit",5,"binary",0,0,0.0207547169811321
"crane",22,"sem_probit",5,"binary",0,0,0.0207547169811321
"crane",22,"sem_probit",5,"binary",0,0,0.0207547169811321
"crane",22,"sem_probit",5,"binary",0,0,0.0207547169811321
"crane",22,"sem_probit",5,"binary",0,0,0.0207547169811321
"crane",22,"sem_probit",5,"binary",0,0,0.0207547169811321
"crane",22,"sem_probit",5,"binary",0,0,0.0207547169811321
"crane",22,"sem_probit",5,"binary",0,0,0.0207547169811321
"crane",22,"sem_probit",5,"binary",0,0,0.0207547169811321
"crane",22,"sem_probit",5,"binary",0,0,0.0207547169811321
"crane",22,"sem_probit",5,"binary",0,0,0.0207547169811321
"crane",22,"sem_probit",5,"binary",0,0,0.0207547169811321
"crane",22,"sem_probit",5,"binary",0,0,0.0207547169811321
"crane",22,"sem_probit",5,"binary",0,0,0.0207547169811321
"crane",22,"sem_probit",5,"binary",0,0,0.0207547169811321
"crane",22,"sem_probit",5,"binary",0,0,0.0207547169811321
"crane",22,"sem_probit",5,"binary",0,0,0.0207547169811321
"crane",22,"sem_probit",5,"binary",0,0,0.0207547169811321
"crane",22,"sem_probit",5,"binary",0,0,0.0207547169811321
"crane",22,"sem_probit",5,"binary",0,0,0.0207547169811321
"crane",22,"sem_probit",5,"binary",0,0,0.0207547169811321
"crane",22,"sem_probit",5,"binary",0,0,0.0207547169811321
"crane",22,"sem_probit",5,"binary",0,0,0.0207547169811321
"crane",22,"sem_probit",5,"binary",0,0,0.0207547169811321
"crane",22,"sem_probit",5,"binary",0,0,0.0207547169811321
"crane",22,"sem_probit",5,"binary",0,0,0.0207547169811321
"crane",22,"sem_probit",5,"binary",0,0,0.0207547169811321
"crane",22,"sem_probit",5,"binary",0,0,0.0207547169811321
"crane",22,"sem_probit",5,"binary",0,0,0.0207547169811321
"crane",22,"sem_probit",5,"binary",0,0,0.0207547169811321
"crane",22,"sem_probit",5,"binary",0,0,0.0207547169811321
"crane",22,"sem_probit",5,"binary",0,0,0.0207547169811321
"crane",22,"sem_probit",5,"binary",0,0,0.0207547169811321
"crane",22,"sem_probit",5,"binary",0,0,0.0207547169811321
"crane",22,"sem_probit",5,"binary",0,0,0.0207547169811321
"crane",22,"sem_probit",5,"binary",0,0,0.0207547169811321
"crane",22,"sem_probit",5,"binary",0,0,0.0207547169811321
"crane",22,"sem_probit",5,"binary",0,0,0.0207547169811321
"crane",22,"sem_probit",5,"binary",0,0,0.0207547169811321
"crane",22,"sem_probit",5,"binary",0,0,0.0207547169811321
"crane",22,"sem_probit",5,"binary",0,0,0.0207547169811321
"crane",22,"sem_probit",5,"binary",0,0,0.0207547169811321
"crane",22,"sem_probit",5,"binary",0,0,0.0207547169811321
"crane",22,"sem_probit",5,"binary",0,0,0.0207547169811321
"crane",22,"sem_probit",5,"binary",0,0,0.0207547169811321
"crane",22,"sem_probit",5,"binary",0,0,0.0207547169811321
"crane",22,"sem_probit",5,"binary",0,0,0.0207547169811321
"crane",22,"sem_probit",5,"binary",0,0,0.0207547169811321
"crane",22,"sem_probit",5,"binary",0,0,0.0207547169811321
"crane",22,"sem_probit",5,"binary",0,0,0.0207547169811321
"crane",22,"sem_probit",5,"binary",0,0,0.0207547169811321
"crane",22,"sem_probit",5,"binary",0,0,0.0207547169811321
"crane",22,"sem_probit",5,"binary",0,0,0.0207547169811321
"crane",22,"sem_probit",5,"binary",0,0,0.0207547169811321
"crane",22,"sem_probit",5,"binary",0,0,0.0207547169811321
"crane",22,"sem_probit",5,"binary",0,0,0.0207547169811321
"crane",22,"sem_probit",5,"binary",0,0,0.0207547169811321
"crane",22,"sem_probit",5,"binary",0,0,0.0207547169811321
"crane",22,"sem_probit",5,"binary",0,0,0.0207547169811321
"crane",22,"sem_probit",5,"binary",0,0,0.0207547169811321
"crane",22,"sem_probit",5,"binary",0,0,0.0207547169811321
"crane",22,"sem_probit",5,"binary",0,0,0.0207547169811321
"crane",22,"sem_probit",5,"binary",0,0,0.0207547169811321
"crane",22,"sem_probit",5,"binary",0,0,0.0207547169811321
"crane",22,"sem_probit",5,"binary",0,0,0.0207547169811321
"crane",22,"sem_probit",5,"binary",0,0,0.0207547169811321
"crane",22,"sem_probit",5,"binary",0,0,0.0207547169811321
"crane",22,"sem_probit",5,"binary",0,0,0.0207547169811321
"crane",22,"sem_probit",5,"binary",0,0,0.0207547169811321
"crane",22,"sem_probit",5,"binary",0,0,0.0207547169811321
"crane",22,"sem_probit",5,"binary",0,0,0.0207547169811321
"crane",22,"sem_probit",5,"binary",0,0,0.0207547169811321
"crane",22,"sem_probit",5,"binary",0,0,0.0207547169811321
"crane",22,"sem_probit",5,"binary",0,0,0.0207547169811321
"crane",22,"sem_probit",5,"binary",0,0,0.0207547169811321
"crane",22,"sem_probit",5,"binary",0,0,0.0207547169811321
"crane",22,"sem_probit",5,"binary",0,0,0.0207547169811321
"crane",22,"sem_probit",5,"binary",0,0,0.0207547169811321
"crane",22,"sem_probit",5,"binary",0,0,0.0207547169811321
"crane",22,"sem_probit",5,"binary",0,0,0.0207547169811321
"crane",22,"sem_probit",5,"binary",0,0,0.0207547169811321
"crane",22,"sem_probit",5,"binary",0,0,0.0207547169811321
"crane",22,"sem_probit",5,"binary",0,0,0.0207547169811321
"crane",22,"sem_probit",5,"binary",0,0,0.0207547169811321
"crane",22,"sem_probit",5,"binary",0,0,0.0207547169811321
"crane",22,"sem_probit",5,"binary",0,0,0.0207547169811321
"crane",22,"sem_probit",5,"binary",0,0,0.0207547169811321
"crane",22,"sem_probit",5,"binary",0,0,0.0207547169811321
"crane",22,"sem_probit",5,"binary",0,0,0.0207547169811321
"crane",22,"sem_probit",5,"binary",0,0,0.0207547169811321
"crane",22,"sem_probit",5,"binary",0,0,0.0207547169811321
"crane",22,"sem_probit",5,"binary",0,0,0.0207547169811321
"crane",22,"inla_spde",1,"binary",0,0.0387822263295517,0.0113207547169811
"crane",22,"inla_spde",1,"binary",0,0.0358316966094036,0.0113207547169811
"crane",22,"inla_spde",1,"binary",0,0.0405395407421405,0.0113207547169811
"crane",22,"inla_spde",1,"binary",0,0.0401359298945785,0.0113207547169811
"crane",22,"inla_spde",1,"binary",0,0.0380563278121927,0.0113207547169811
"crane",22,"inla_spde",1,"binary",0,0.25580457538039,0.0113207547169811
"crane",22,"inla_spde",1,"binary",0,0.0570981831883033,0.0113207547169811
"crane",22,"inla_spde",1,"binary",0,0.071687768833512,0.0113207547169811
"crane",22,"inla_spde",1,"binary",0,0.0331035874629822,0.0113207547169811
"crane",22,"inla_spde",1,"binary",0,0.207765470231247,0.0113207547169811
"crane",22,"inla_spde",1,"binary",0,0.0674389570558753,0.0113207547169811
"crane",22,"inla_spde",1,"binary",0,0.039256879376001,0.0113207547169811
"crane",22,"inla_spde",1,"binary",0,0.0350865700242337,0.0113207547169811
"crane",22,"inla_spde",1,"binary",0,0.0377608898256379,0.0113207547169811
"crane",22,"inla_spde",1,"binary",0,0.0451651782519405,0.0113207547169811
"crane",22,"inla_spde",1,"binary",0,0.110306102342599,0.0113207547169811
"crane",22,"inla_spde",1,"binary",1,0.752120358705857,0.0113207547169811
"crane",22,"inla_spde",1,"binary",0,0.0403967260984476,0.0113207547169811
"crane",22,"inla_spde",1,"binary",0,0.0444735533208424,0.0113207547169811
"crane",22,"inla_spde",1,"binary",0,0.040267084768441,0.0113207547169811
"crane",22,"inla_spde",1,"binary",0,0.0400005890742773,0.0113207547169811
"crane",22,"inla_spde",1,"binary",0,0.0399317996655824,0.0113207547169811
"crane",22,"inla_spde",1,"binary",0,0.0413765717191607,0.0113207547169811
"crane",22,"inla_spde",1,"binary",0,0.0388347854285328,0.0113207547169811
"crane",22,"inla_spde",1,"binary",0,0.0387822263295517,0.0113207547169811
"crane",22,"inla_spde",1,"binary",0,0.0358316966094036,0.0113207547169811
"crane",22,"inla_spde",1,"binary",0,0.0405395407421405,0.0113207547169811
"crane",22,"inla_spde",1,"binary",0,0.0401359298945785,0.0113207547169811
"crane",22,"inla_spde",1,"binary",0,0.0380563278121927,0.0113207547169811
"crane",22,"inla_spde",1,"binary",0,0.25580457538039,0.0113207547169811
"crane",22,"inla_spde",1,"binary",0,0.0570981831883033,0.0113207547169811
"crane",22,"inla_spde",1,"binary",0,0.071687768833512,0.0113207547169811
"crane",22,"inla_spde",1,"binary",0,0.0331035874629822,0.0113207547169811
"crane",22,"inla_spde",1,"binary",0,0.207765470231247,0.0113207547169811
"crane",22,"inla_spde",1,"binary",0,0.0674389570558753,0.0113207547169811
"crane",22,"inla_spde",1,"binary",0,0.039256879376001,0.0113207547169811
"crane",22,"inla_spde",1,"binary",0,0.0350865700242337,0.0113207547169811
"crane",22,"inla_spde",1,"binary",0,0.0377608898256379,0.0113207547169811
"crane",22,"inla_spde",1,"binary",0,0.0451651782519405,0.0113207547169811
"crane",22,"inla_spde",1,"binary",0,0.110306102342599,0.0113207547169811
"crane",22,"inla_spde",1,"binary",1,0.752120358705857,0.0113207547169811
"crane",22,"inla_spde",1,"binary",0,0.0403967260984476,0.0113207547169811
"crane",22,"inla_spde",1,"binary",0,0.0444735533208424,0.0113207547169811
"crane",22,"inla_spde",1,"binary",0,0.040267084768441,0.0113207547169811
"crane",22,"inla_spde",1,"binary",0,0.0400005890742773,0.0113207547169811
"crane",22,"inla_spde",1,"binary",0,0.0399317996655824,0.0113207547169811
"crane",22,"inla_spde",1,"binary",0,0.0413765717191607,0.0113207547169811
"crane",22,"inla_spde",1,"binary",0,0.0388347854285328,0.0113207547169811
"crane",22,"inla_spde",1,"binary",0,0.0387822263295517,0.0113207547169811
"crane",22,"inla_spde",1,"binary",0,0.0358316966094036,0.0113207547169811
"crane",22,"inla_spde",1,"binary",0,0.0405395407421405,0.0113207547169811
"crane",22,"inla_spde",1,"binary",0,0.0401359298945785,0.0113207547169811
"crane",22,"inla_spde",1,"binary",0,0.0380563278121927,0.0113207547169811
"crane",22,"inla_spde",1,"binary",0,0.25580457538039,0.0113207547169811
"crane",22,"inla_spde",1,"binary",0,0.0570981831883033,0.0113207547169811
"crane",22,"inla_spde",1,"binary",0,0.071687768833512,0.0113207547169811
"crane",22,"inla_spde",1,"binary",0,0.0331035874629822,0.0113207547169811
"crane",22,"inla_spde",1,"binary",0,0.207765470231247,0.0113207547169811
"crane",22,"inla_spde",1,"binary",0,0.0674389570558753,0.0113207547169811
"crane",22,"inla_spde",1,"binary",0,0.039256879376001,0.0113207547169811
"crane",22,"inla_spde",1,"binary",0,0.0350865700242337,0.0113207547169811
"crane",22,"inla_spde",1,"binary",0,0.0377608898256379,0.0113207547169811
"crane",22,"inla_spde",1,"binary",0,0.0451651782519405,0.0113207547169811
"crane",22,"inla_spde",1,"binary",0,0.110306102342599,0.0113207547169811
"crane",22,"inla_spde",1,"binary",1,0.752120358705857,0.0113207547169811
"crane",22,"inla_spde",1,"binary",0,0.0403967260984476,0.0113207547169811
"crane",22,"inla_spde",1,"binary",0,0.0444735533208424,0.0113207547169811
"crane",22,"inla_spde",1,"binary",0,0.040267084768441,0.0113207547169811
"crane",22,"inla_spde",1,"binary",0,0.0400005890742773,0.0113207547169811
"crane",22,"inla_spde",1,"binary",0,0.0399317996655824,0.0113207547169811
"crane",22,"inla_spde",1,"binary",0,0.0413765717191607,0.0113207547169811
"crane",22,"inla_spde",1,"binary",0,0.0388347854285328,0.0113207547169811
"crane",22,"inla_spde",1,"binary",0,0.0387822263295517,0.0113207547169811
"crane",22,"inla_spde",1,"binary",0,0.0358316966094036,0.0113207547169811
"crane",22,"inla_spde",1,"binary",0,0.0405395407421405,0.0113207547169811
"crane",22,"inla_spde",1,"binary",0,0.0401359298945785,0.0113207547169811
"crane",22,"inla_spde",1,"binary",0,0.0380563278121927,0.0113207547169811
"crane",22,"inla_spde",1,"binary",0,0.25580457538039,0.0113207547169811
"crane",22,"inla_spde",1,"binary",0,0.0570981831883033,0.0113207547169811
"crane",22,"inla_spde",1,"binary",0,0.071687768833512,0.0113207547169811
"crane",22,"inla_spde",1,"binary",0,0.0331035874629822,0.0113207547169811
"crane",22,"inla_spde",1,"binary",0,0.207765470231247,0.0113207547169811
"crane",22,"inla_spde",1,"binary",0,0.0674389570558753,0.0113207547169811
"crane",22,"inla_spde",1,"binary",0,0.039256879376001,0.0113207547169811
"crane",22,"inla_spde",1,"binary",0,0.0350865700242337,0.0113207547169811
"crane",22,"inla_spde",1,"binary",0,0.0377608898256379,0.0113207547169811
"crane",22,"inla_spde",1,"binary",0,0.0451651782519405,0.0113207547169811
"crane",22,"inla_spde",1,"binary",0,0.110306102342599,0.0113207547169811
"crane",22,"inla_spde",1,"binary",1,0.752120358705857,0.0113207547169811
"crane",22,"inla_spde",1,"binary",0,0.0403967260984476,0.0113207547169811
"crane",22,"inla_spde",1,"binary",0,0.0444735533208424,0.0113207547169811
"crane",22,"inla_spde",1,"binary",0,0.040267084768441,0.0113207547169811
"crane",22,"inla_spde",1,"binary",0,0.0400005890742773,0.0113207547169811
"crane",22,"inla_spde",1,"binary",0,0.0399317996655824,0.0113207547169811
"crane",22,"inla_spde",1,"binary",0,0.0413765717191607,0.0113207547169811
"crane",22,"inla_spde",1,"binary",0,0.0388347854285328,0.0113207547169811
"crane",22,"inla_spde",1,"binary",0,0.0387822263295517,0.0113207547169811
"crane",22,"inla_spde",1,"binary",0,0.0358316966094036,0.0113207547169811
"crane",22,"inla_spde",1,"binary",0,0.0405395407421405,0.0113207547169811
"crane",22,"inla_spde",1,"binary",0,0.0401359298945785,0.0113207547169811
"crane",22,"inla_spde",1,"binary",0,0.0380563278121927,0.0113207547169811
"crane",22,"inla_spde",1,"binary",0,0.25580457538039,0.0113207547169811
"crane",22,"inla_spde",1,"binary",0,0.0570981831883033,0.0113207547169811
"crane",22,"inla_spde",1,"binary",0,0.071687768833512,0.0113207547169811
"crane",22,"inla_spde",1,"binary",0,0.0331035874629822,0.0113207547169811
"crane",22,"inla_spde",1,"binary",0,0.207765470231247,0.0113207547169811
"crane",22,"inla_spde",1,"binary",0,0.0674389570558753,0.0113207547169811
"crane",22,"inla_spde",1,"binary",0,0.039256879376001,0.0113207547169811
"crane",22,"inla_spde",1,"binary",0,0.0350865700242337,0.0113207547169811
"crane",22,"inla_spde",1,"binary",0,0.0377608898256379,0.0113207547169811
"crane",22,"inla_spde",1,"binary",0,0.0451651782519405,0.0113207547169811
"crane",22,"inla_spde",1,"binary",0,0.110306102342599,0.0113207547169811
"crane",22,"inla_spde",1,"binary",1,0.752120358705857,0.0113207547169811
"crane",22,"inla_spde",1,"binary",0,0.0403967260984476,0.0113207547169811
"crane",22,"inla_spde",1,"binary",0,0.0444735533208424,0.0113207547169811
"crane",22,"inla_spde",1,"binary",0,0.040267084768441,0.0113207547169811
"crane",22,"inla_spde",1,"binary",0,0.0400005890742773,0.0113207547169811
"crane",22,"inla_spde",1,"binary",0,0.0399317996655824,0.0113207547169811
"crane",22,"inla_spde",1,"binary",0,0.0413765717191607,0.0113207547169811
"crane",22,"inla_spde",1,"binary",0,0.0388347854285328,0.0113207547169811
"crane",22,"inla_spde",2,"binary",0,0.0106720505663422,0.0122448979591837
"crane",22,"inla_spde",2,"binary",0,0.00380290857707617,0.0122448979591837
"crane",22,"inla_spde",2,"binary",0,0.0123949695789479,0.0122448979591837
"crane",22,"inla_spde",2,"binary",0,0.00454411988653218,0.0122448979591837
"crane",22,"inla_spde",2,"binary",0,0.0172387065938203,0.0122448979591837
"crane",22,"inla_spde",2,"binary",0,0.010505672814809,0.0122448979591837
"crane",22,"inla_spde",2,"binary",0,0.00921107793175158,0.0122448979591837
"crane",22,"inla_spde",2,"binary",0,0.00906086444291414,0.0122448979591837
"crane",22,"inla_spde",2,"binary",0,0.0057320990343354,0.0122448979591837
"crane",22,"inla_spde",2,"binary",0,0.0107271342928611,0.0122448979591837
"crane",22,"inla_spde",2,"binary",0,0.00863844284755613,0.0122448979591837
"crane",22,"inla_spde",2,"binary",0,0.00397802253053939,0.0122448979591837
"crane",22,"inla_spde",2,"binary",0,0.00475659484612585,0.0122448979591837
"crane",22,"inla_spde",2,"binary",0,0.00616797199472433,0.0122448979591837
"crane",22,"inla_spde",2,"binary",0,0.00863458769999632,0.0122448979591837
"crane",22,"inla_spde",2,"binary",0,0.00661092528131186,0.0122448979591837
"crane",22,"inla_spde",2,"binary",0,0.00368618004209833,0.0122448979591837
"crane",22,"inla_spde",2,"binary",1,0.286262071063903,0.0122448979591837
"crane",22,"inla_spde",2,"binary",0,0.0077366474869734,0.0122448979591837
"crane",22,"inla_spde",2,"binary",0,0.0122343620940537,0.0122448979591837
"crane",22,"inla_spde",2,"binary",0,0.0124761323861669,0.0122448979591837
"crane",22,"inla_spde",2,"binary",0,0.0106732332545564,0.0122448979591837
"crane",22,"inla_spde",2,"binary",0,0.0189589962391707,0.0122448979591837
"crane",22,"inla_spde",2,"binary",0,0.171401625873009,0.0122448979591837
"crane",22,"inla_spde",2,"binary",0,0.022345047098576,0.0122448979591837
"crane",22,"inla_spde",2,"binary",0,0.0110303839484073,0.0122448979591837
"crane",22,"inla_spde",2,"binary",0,0.0108911403513328,0.0122448979591837
"crane",22,"inla_spde",2,"binary",0,0.0219499364372133,0.0122448979591837
"crane",22,"inla_spde",2,"binary",0,0.0130106556186411,0.0122448979591837
"crane",22,"inla_spde",2,"binary",0,0.0118135549939791,0.0122448979591837
"crane",22,"inla_spde",2,"binary",0,0.420800349379874,0.0122448979591837
"crane",22,"inla_spde",2,"binary",0,0.449827826905743,0.0122448979591837
"crane",22,"inla_spde",2,"binary",0,0.0106720505663422,0.0122448979591837
"crane",22,"inla_spde",2,"binary",0,0.00380290857707617,0.0122448979591837
"crane",22,"inla_spde",2,"binary",0,0.0123949695789479,0.0122448979591837
"crane",22,"inla_spde",2,"binary",0,0.00454411988653218,0.0122448979591837
"crane",22,"inla_spde",2,"binary",0,0.0172387065938203,0.0122448979591837
"crane",22,"inla_spde",2,"binary",0,0.010505672814809,0.0122448979591837
"crane",22,"inla_spde",2,"binary",0,0.00921107793175158,0.0122448979591837
"crane",22,"inla_spde",2,"binary",0,0.00906086444291414,0.0122448979591837
"crane",22,"inla_spde",2,"binary",0,0.0057320990343354,0.0122448979591837
"crane",22,"inla_spde",2,"binary",0,0.0107271342928611,0.0122448979591837
"crane",22,"inla_spde",2,"binary",0,0.00863844284755613,0.0122448979591837
"crane",22,"inla_spde",2,"binary",0,0.00397802253053939,0.0122448979591837
"crane",22,"inla_spde",2,"binary",0,0.00475659484612585,0.0122448979591837
"crane",22,"inla_spde",2,"binary",0,0.00616797199472433,0.0122448979591837
"crane",22,"inla_spde",2,"binary",0,0.00863458769999632,0.0122448979591837
"crane",22,"inla_spde",2,"binary",0,0.00661092528131186,0.0122448979591837
"crane",22,"inla_spde",2,"binary",0,0.00368618004209833,0.0122448979591837
"crane",22,"inla_spde",2,"binary",1,0.286262071063903,0.0122448979591837
"crane",22,"inla_spde",2,"binary",0,0.0077366474869734,0.0122448979591837
"crane",22,"inla_spde",2,"binary",0,0.0122343620940537,0.0122448979591837
"crane",22,"inla_spde",2,"binary",0,0.0124761323861669,0.0122448979591837
"crane",22,"inla_spde",2,"binary",0,0.0106732332545564,0.0122448979591837
"crane",22,"inla_spde",2,"binary",0,0.0189589962391707,0.0122448979591837
"crane",22,"inla_spde",2,"binary",0,0.171401625873009,0.0122448979591837
"crane",22,"inla_spde",2,"binary",0,0.022345047098576,0.0122448979591837
"crane",22,"inla_spde",2,"binary",0,0.0110303839484073,0.0122448979591837
"crane",22,"inla_spde",2,"binary",0,0.0108911403513328,0.0122448979591837
"crane",22,"inla_spde",2,"binary",0,0.0219499364372133,0.0122448979591837
"crane",22,"inla_spde",2,"binary",0,0.0130106556186411,0.0122448979591837
"crane",22,"inla_spde",2,"binary",0,0.0118135549939791,0.0122448979591837
"crane",22,"inla_spde",2,"binary",0,0.420800349379874,0.0122448979591837
"crane",22,"inla_spde",2,"binary",0,0.449827826905743,0.0122448979591837
"crane",22,"inla_spde",2,"binary",0,0.0106720505663422,0.0122448979591837
"crane",22,"inla_spde",2,"binary",0,0.00380290857707617,0.0122448979591837
"crane",22,"inla_spde",2,"binary",0,0.0123949695789479,0.0122448979591837
"crane",22,"inla_spde",2,"binary",0,0.00454411988653218,0.0122448979591837
"crane",22,"inla_spde",2,"binary",0,0.0172387065938203,0.0122448979591837
"crane",22,"inla_spde",2,"binary",0,0.010505672814809,0.0122448979591837
"crane",22,"inla_spde",2,"binary",0,0.00921107793175158,0.0122448979591837
"crane",22,"inla_spde",2,"binary",0,0.00906086444291414,0.0122448979591837
"crane",22,"inla_spde",2,"binary",0,0.0057320990343354,0.0122448979591837
"crane",22,"inla_spde",2,"binary",0,0.0107271342928611,0.0122448979591837
"crane",22,"inla_spde",2,"binary",0,0.00863844284755613,0.0122448979591837
"crane",22,"inla_spde",2,"binary",0,0.00397802253053939,0.0122448979591837
"crane",22,"inla_spde",2,"binary",0,0.00475659484612585,0.0122448979591837
"crane",22,"inla_spde",2,"binary",0,0.00616797199472433,0.0122448979591837
"crane",22,"inla_spde",2,"binary",0,0.00863458769999632,0.0122448979591837
"crane",22,"inla_spde",2,"binary",0,0.00661092528131186,0.0122448979591837
"crane",22,"inla_spde",2,"binary",0,0.00368618004209833,0.0122448979591837
"crane",22,"inla_spde",2,"binary",1,0.286262071063903,0.0122448979591837
"crane",22,"inla_spde",2,"binary",0,0.0077366474869734,0.0122448979591837
"crane",22,"inla_spde",2,"binary",0,0.0122343620940537,0.0122448979591837
"crane",22,"inla_spde",2,"binary",0,0.0124761323861669,0.0122448979591837
"crane",22,"inla_spde",2,"binary",0,0.0106732332545564,0.0122448979591837
"crane",22,"inla_spde",2,"binary",0,0.0189589962391707,0.0122448979591837
"crane",22,"inla_spde",2,"binary",0,0.171401625873009,0.0122448979591837
"crane",22,"inla_spde",2,"binary",0,0.022345047098576,0.0122448979591837
"crane",22,"inla_spde",2,"binary",0,0.0110303839484073,0.0122448979591837
"crane",22,"inla_spde",2,"binary",0,0.0108911403513328,0.0122448979591837
"crane",22,"inla_spde",2,"binary",0,0.0219499364372133,0.0122448979591837
"crane",22,"inla_spde",2,"binary",0,0.0130106556186411,0.0122448979591837
"crane",22,"inla_spde",2,"binary",0,0.0118135549939791,0.0122448979591837
"crane",22,"inla_spde",2,"binary",0,0.420800349379874,0.0122448979591837
"crane",22,"inla_spde",2,"binary",0,0.449827826905743,0.0122448979591837
"crane",22,"inla_spde",2,"binary",0,0.0106720505663422,0.0122448979591837
"crane",22,"inla_spde",2,"binary",0,0.00380290857707617,0.0122448979591837
"crane",22,"inla_spde",2,"binary",0,0.0123949695789479,0.0122448979591837
"crane",22,"inla_spde",2,"binary",0,0.00454411988653218,0.0122448979591837
"crane",22,"inla_spde",2,"binary",0,0.0172387065938203,0.0122448979591837
"crane",22,"inla_spde",2,"binary",0,0.010505672814809,0.0122448979591837
"crane",22,"inla_spde",2,"binary",0,0.00921107793175158,0.0122448979591837
"crane",22,"inla_spde",2,"binary",0,0.00906086444291414,0.0122448979591837
"crane",22,"inla_spde",2,"binary",0,0.0057320990343354,0.0122448979591837
"crane",22,"inla_spde",2,"binary",0,0.0107271342928611,0.0122448979591837
"crane",22,"inla_spde",2,"binary",0,0.00863844284755613,0.0122448979591837
"crane",22,"inla_spde",2,"binary",0,0.00397802253053939,0.0122448979591837
"crane",22,"inla_spde",2,"binary",0,0.00475659484612585,0.0122448979591837
"crane",22,"inla_spde",2,"binary",0,0.00616797199472433,0.0122448979591837
"crane",22,"inla_spde",2,"binary",0,0.00863458769999632,0.0122448979591837
"crane",22,"inla_spde",2,"binary",0,0.00661092528131186,0.0122448979591837
"crane",22,"inla_spde",2,"binary",0,0.00368618004209833,0.0122448979591837
"crane",22,"inla_spde",2,"binary",1,0.286262071063903,0.0122448979591837
"crane",22,"inla_spde",2,"binary",0,0.0077366474869734,0.0122448979591837
"crane",22,"inla_spde",2,"binary",0,0.0122343620940537,0.0122448979591837
"crane",22,"inla_spde",2,"binary",0,0.0124761323861669,0.0122448979591837
"crane",22,"inla_spde",2,"binary",0,0.0106732332545564,0.0122448979591837
"crane",22,"inla_spde",2,"binary",0,0.0189589962391707,0.0122448979591837
"crane",22,"inla_spde",2,"binary",0,0.171401625873009,0.0122448979591837
"crane",22,"inla_spde",2,"binary",0,0.022345047098576,0.0122448979591837
"crane",22,"inla_spde",2,"binary",0,0.0110303839484073,0.0122448979591837
"crane",22,"inla_spde",2,"binary",0,0.0108911403513328,0.0122448979591837
"crane",22,"inla_spde",2,"binary",0,0.0219499364372133,0.0122448979591837
"crane",22,"inla_spde",2,"binary",0,0.0130106556186411,0.0122448979591837
"crane",22,"inla_spde",2,"binary",0,0.0118135549939791,0.0122448979591837
"crane",22,"inla_spde",2,"binary",0,0.420800349379874,0.0122448979591837
"crane",22,"inla_spde",2,"binary",0,0.449827826905743,0.0122448979591837
"crane",22,"inla_spde",2,"binary",0,0.0106720505663422,0.0122448979591837
"crane",22,"inla_spde",2,"binary",0,0.00380290857707617,0.0122448979591837
"crane",22,"inla_spde",2,"binary",0,0.0123949695789479,0.0122448979591837
"crane",22,"inla_spde",2,"binary",0,0.00454411988653218,0.0122448979591837
"crane",22,"inla_spde",2,"binary",0,0.0172387065938203,0.0122448979591837
"crane",22,"inla_spde",2,"binary",0,0.010505672814809,0.0122448979591837
"crane",22,"inla_spde",2,"binary",0,0.00921107793175158,0.0122448979591837
"crane",22,"inla_spde",2,"binary",0,0.00906086444291414,0.0122448979591837
"crane",22,"inla_spde",2,"binary",0,0.0057320990343354,0.0122448979591837
"crane",22,"inla_spde",2,"binary",0,0.0107271342928611,0.0122448979591837
"crane",22,"inla_spde",2,"binary",0,0.00863844284755613,0.0122448979591837
"crane",22,"inla_spde",2,"binary",0,0.00397802253053939,0.0122448979591837
"crane",22,"inla_spde",2,"binary",0,0.00475659484612585,0.0122448979591837
"crane",22,"inla_spde",2,"binary",0,0.00616797199472433,0.0122448979591837
"crane",22,"inla_spde",2,"binary",0,0.00863458769999632,0.0122448979591837
"crane",22,"inla_spde",2,"binary",0,0.00661092528131186,0.0122448979591837
"crane",22,"inla_spde",2,"binary",0,0.00368618004209833,0.0122448979591837
"crane",22,"inla_spde",2,"binary",1,0.286262071063903,0.0122448979591837
"crane",22,"inla_spde",2,"binary",0,0.0077366474869734,0.0122448979591837
"crane",22,"inla_spde",2,"binary",0,0.0122343620940537,0.0122448979591837
"crane",22,"inla_spde",2,"binary",0,0.0124761323861669,0.0122448979591837
"crane",22,"inla_spde",2,"binary",0,0.0106732332545564,0.0122448979591837
"crane",22,"inla_spde",2,"binary",0,0.0189589962391707,0.0122448979591837
"crane",22,"inla_spde",2,"binary",0,0.171401625873009,0.0122448979591837
"crane",22,"inla_spde",2,"binary",0,0.022345047098576,0.0122448979591837
"crane",22,"inla_spde",2,"binary",0,0.0110303839484073,0.0122448979591837
"crane",22,"inla_spde",2,"binary",0,0.0108911403513328,0.0122448979591837
"crane",22,"inla_spde",2,"binary",0,0.0219499364372133,0.0122448979591837
"crane",22,"inla_spde",2,"binary",0,0.0130106556186411,0.0122448979591837
"crane",22,"inla_spde",2,"binary",0,0.0118135549939791,0.0122448979591837
"crane",22,"inla_spde",2,"binary",0,0.420800349379874,0.0122448979591837
"crane",22,"inla_spde",2,"binary",0,0.449827826905743,0.0122448979591837
"crane",22,"inla_spde",3,"binary",0,0.0045495531925423,0.0211538461538462
"crane",22,"inla_spde",3,"binary",0,0.00461638195991634,0.0211538461538462
"crane",22,"inla_spde",3,"binary",0,0.00690257934127825,0.0211538461538462
"crane",22,"inla_spde",3,"binary",0,0.00471466575594358,0.0211538461538462
"crane",22,"inla_spde",3,"binary",0,0.00558699534410532,0.0211538461538462
"crane",22,"inla_spde",3,"binary",0,0.00379718887625841,0.0211538461538462
"crane",22,"inla_spde",3,"binary",0,0.00427772175204406,0.0211538461538462
"crane",22,"inla_spde",3,"binary",0,0.00292547369858756,0.0211538461538462
"crane",22,"inla_spde",3,"binary",0,0.200434759279046,0.0211538461538462
"crane",22,"inla_spde",3,"binary",0,0.00288902755419674,0.0211538461538462
"crane",22,"inla_spde",3,"binary",0,0.00351703433081991,0.0211538461538462
"crane",22,"inla_spde",3,"binary",0,0.140047217497505,0.0211538461538462
"crane",22,"inla_spde",3,"binary",0,0.00532484746401939,0.0211538461538462
"crane",22,"inla_spde",3,"binary",0,0.00527682352419792,0.0211538461538462
"crane",22,"inla_spde",3,"binary",0,0.0114255355542864,0.0211538461538462
"crane",22,"inla_spde",3,"binary",0,0.00618954613400983,0.0211538461538462
"crane",22,"inla_spde",3,"binary",0,0.00498827121286405,0.0211538461538462
"crane",22,"inla_spde",3,"binary",0,0.00563804707402255,0.0211538461538462
"crane",22,"inla_spde",3,"binary",0,0.0033863454140548,0.0211538461538462
"crane",22,"inla_spde",3,"binary",0,0.00310433210716953,0.0211538461538462
"crane",22,"inla_spde",3,"binary",0,0.00441513288251151,0.0211538461538462
"crane",22,"inla_spde",3,"binary",0,0.00486025022133093,0.0211538461538462
"crane",22,"inla_spde",3,"binary",0,0.00462929517245119,0.0211538461538462
"crane",22,"inla_spde",3,"binary",0,0.0044221573345521,0.0211538461538462
"crane",22,"inla_spde",3,"binary",0,0.155341755914644,0.0211538461538462
"crane",22,"inla_spde",3,"binary",0,0.00318579677857805,0.0211538461538462
"crane",22,"inla_spde",3,"binary",0,0.0045495531925423,0.0211538461538462
"crane",22,"inla_spde",3,"binary",0,0.00461638195991634,0.0211538461538462
"crane",22,"inla_spde",3,"binary",0,0.00690257934127825,0.0211538461538462
"crane",22,"inla_spde",3,"binary",0,0.00471466575594358,0.0211538461538462
"crane",22,"inla_spde",3,"binary",0,0.00558699534410532,0.0211538461538462
"crane",22,"inla_spde",3,"binary",0,0.00379718887625841,0.0211538461538462
"crane",22,"inla_spde",3,"binary",0,0.00427772175204406,0.0211538461538462
"crane",22,"inla_spde",3,"binary",0,0.00292547369858756,0.0211538461538462
"crane",22,"inla_spde",3,"binary",0,0.200434759279046,0.0211538461538462
"crane",22,"inla_spde",3,"binary",0,0.00288902755419674,0.0211538461538462
"crane",22,"inla_spde",3,"binary",0,0.00351703433081991,0.0211538461538462
"crane",22,"inla_spde",3,"binary",0,0.140047217497505,0.0211538461538462
"crane",22,"inla_spde",3,"binary",0,0.00532484746401939,0.0211538461538462
"crane",22,"inla_spde",3,"binary",0,0.00527682352419792,0.0211538461538462
"crane",22,"inla_spde",3,"binary",0,0.0114255355542864,0.0211538461538462
"crane",22,"inla_spde",3,"binary",0,0.00618954613400983,0.0211538461538462
"crane",22,"inla_spde",3,"binary",0,0.00498827121286405,0.0211538461538462
"crane",22,"inla_spde",3,"binary",0,0.00563804707402255,0.0211538461538462
"crane",22,"inla_spde",3,"binary",0,0.0033863454140548,0.0211538461538462
"crane",22,"inla_spde",3,"binary",0,0.00310433210716953,0.0211538461538462
"crane",22,"inla_spde",3,"binary",0,0.00441513288251151,0.0211538461538462
"crane",22,"inla_spde",3,"binary",0,0.00486025022133093,0.0211538461538462
"crane",22,"inla_spde",3,"binary",0,0.00462929517245119,0.0211538461538462
"crane",22,"inla_spde",3,"binary",0,0.0044221573345521,0.0211538461538462
"crane",22,"inla_spde",3,"binary",0,0.155341755914644,0.0211538461538462
"crane",22,"inla_spde",3,"binary",0,0.00318579677857805,0.0211538461538462
"crane",22,"inla_spde",3,"binary",0,0.0045495531925423,0.0211538461538462
"crane",22,"inla_spde",3,"binary",0,0.00461638195991634,0.0211538461538462
"crane",22,"inla_spde",3,"binary",0,0.00690257934127825,0.0211538461538462
"crane",22,"inla_spde",3,"binary",0,0.00471466575594358,0.0211538461538462
"crane",22,"inla_spde",3,"binary",0,0.00558699534410532,0.0211538461538462
"crane",22,"inla_spde",3,"binary",0,0.00379718887625841,0.0211538461538462
"crane",22,"inla_spde",3,"binary",0,0.00427772175204406,0.0211538461538462
"crane",22,"inla_spde",3,"binary",0,0.00292547369858756,0.0211538461538462
"crane",22,"inla_spde",3,"binary",0,0.200434759279046,0.0211538461538462
"crane",22,"inla_spde",3,"binary",0,0.00288902755419674,0.0211538461538462
"crane",22,"inla_spde",3,"binary",0,0.00351703433081991,0.0211538461538462
"crane",22,"inla_spde",3,"binary",0,0.140047217497505,0.0211538461538462
"crane",22,"inla_spde",3,"binary",0,0.00532484746401939,0.0211538461538462
"crane",22,"inla_spde",3,"binary",0,0.00527682352419792,0.0211538461538462
"crane",22,"inla_spde",3,"binary",0,0.0114255355542864,0.0211538461538462
"crane",22,"inla_spde",3,"binary",0,0.00618954613400983,0.0211538461538462
"crane",22,"inla_spde",3,"binary",0,0.00498827121286405,0.0211538461538462
"crane",22,"inla_spde",3,"binary",0,0.00563804707402255,0.0211538461538462
"crane",22,"inla_spde",3,"binary",0,0.0033863454140548,0.0211538461538462
"crane",22,"inla_spde",3,"binary",0,0.00310433210716953,0.0211538461538462
"crane",22,"inla_spde",3,"binary",0,0.00441513288251151,0.0211538461538462
"crane",22,"inla_spde",3,"binary",0,0.00486025022133093,0.0211538461538462
"crane",22,"inla_spde",3,"binary",0,0.00462929517245119,0.0211538461538462
"crane",22,"inla_spde",3,"binary",0,0.0044221573345521,0.0211538461538462
"crane",22,"inla_spde",3,"binary",0,0.155341755914644,0.0211538461538462
"crane",22,"inla_spde",3,"binary",0,0.00318579677857805,0.0211538461538462
"crane",22,"inla_spde",3,"binary",0,0.0045495531925423,0.0211538461538462
"crane",22,"inla_spde",3,"binary",0,0.00461638195991634,0.0211538461538462
"crane",22,"inla_spde",3,"binary",0,0.00690257934127825,0.0211538461538462
"crane",22,"inla_spde",3,"binary",0,0.00471466575594358,0.0211538461538462
"crane",22,"inla_spde",3,"binary",0,0.00558699534410532,0.0211538461538462
"crane",22,"inla_spde",3,"binary",0,0.00379718887625841,0.0211538461538462
"crane",22,"inla_spde",3,"binary",0,0.00427772175204406,0.0211538461538462
"crane",22,"inla_spde",3,"binary",0,0.00292547369858756,0.0211538461538462
"crane",22,"inla_spde",3,"binary",0,0.200434759279046,0.0211538461538462
"crane",22,"inla_spde",3,"binary",0,0.00288902755419674,0.0211538461538462
"crane",22,"inla_spde",3,"binary",0,0.00351703433081991,0.0211538461538462
"crane",22,"inla_spde",3,"binary",0,0.140047217497505,0.0211538461538462
"crane",22,"inla_spde",3,"binary",0,0.00532484746401939,0.0211538461538462
"crane",22,"inla_spde",3,"binary",0,0.00527682352419792,0.0211538461538462
"crane",22,"inla_spde",3,"binary",0,0.0114255355542864,0.0211538461538462
"crane",22,"inla_spde",3,"binary",0,0.00618954613400983,0.0211538461538462
"crane",22,"inla_spde",3,"binary",0,0.00498827121286405,0.0211538461538462
"crane",22,"inla_spde",3,"binary",0,0.00563804707402255,0.0211538461538462
"crane",22,"inla_spde",3,"binary",0,0.0033863454140548,0.0211538461538462
"crane",22,"inla_spde",3,"binary",0,0.00310433210716953,0.0211538461538462
"crane",22,"inla_spde",3,"binary",0,0.00441513288251151,0.0211538461538462
"crane",22,"inla_spde",3,"binary",0,0.00486025022133093,0.0211538461538462
"crane",22,"inla_spde",3,"binary",0,0.00462929517245119,0.0211538461538462
"crane",22,"inla_spde",3,"binary",0,0.0044221573345521,0.0211538461538462
"crane",22,"inla_spde",3,"binary",0,0.155341755914644,0.0211538461538462
"crane",22,"inla_spde",3,"binary",0,0.00318579677857805,0.0211538461538462
"crane",22,"inla_spde",3,"binary",0,0.0045495531925423,0.0211538461538462
"crane",22,"inla_spde",3,"binary",0,0.00461638195991634,0.0211538461538462
"crane",22,"inla_spde",3,"binary",0,0.00690257934127825,0.0211538461538462
"crane",22,"inla_spde",3,"binary",0,0.00471466575594358,0.0211538461538462
"crane",22,"inla_spde",3,"binary",0,0.00558699534410532,0.0211538461538462
"crane",22,"inla_spde",3,"binary",0,0.00379718887625841,0.0211538461538462
"crane",22,"inla_spde",3,"binary",0,0.00427772175204406,0.0211538461538462
"crane",22,"inla_spde",3,"binary",0,0.00292547369858756,0.0211538461538462
"crane",22,"inla_spde",3,"binary",0,0.200434759279046,0.0211538461538462
"crane",22,"inla_spde",3,"binary",0,0.00288902755419674,0.0211538461538462
"crane",22,"inla_spde",3,"binary",0,0.00351703433081991,0.0211538461538462
"crane",22,"inla_spde",3,"binary",0,0.140047217497505,0.0211538461538462
"crane",22,"inla_spde",3,"binary",0,0.00532484746401939,0.0211538461538462
"crane",22,"inla_spde",3,"binary",0,0.00527682352419792,0.0211538461538462
"crane",22,"inla_spde",3,"binary",0,0.0114255355542864,0.0211538461538462
"crane",22,"inla_spde",3,"binary",0,0.00618954613400983,0.0211538461538462
"crane",22,"inla_spde",3,"binary",0,0.00498827121286405,0.0211538461538462
"crane",22,"inla_spde",3,"binary",0,0.00563804707402255,0.0211538461538462
"crane",22,"inla_spde",3,"binary",0,0.0033863454140548,0.0211538461538462
"crane",22,"inla_spde",3,"binary",0,0.00310433210716953,0.0211538461538462
"crane",22,"inla_spde",3,"binary",0,0.00441513288251151,0.0211538461538462
"crane",22,"inla_spde",3,"binary",0,0.00486025022133093,0.0211538461538462
"crane",22,"inla_spde",3,"binary",0,0.00462929517245119,0.0211538461538462
"crane",22,"inla_spde",3,"binary",0,0.0044221573345521,0.0211538461538462
"crane",22,"inla_spde",3,"binary",0,0.155341755914644,0.0211538461538462
"crane",22,"inla_spde",3,"binary",0,0.00318579677857805,0.0211538461538462
"crane",22,"inla_spde",4,"binary",0,0.00953059747336567,0.0188679245283019
"crane",22,"inla_spde",4,"binary",0,0.00911664030514626,0.0188679245283019
"crane",22,"inla_spde",4,"binary",0,0.0858545746065673,0.0188679245283019
"crane",22,"inla_spde",4,"binary",0,0.0173372054840003,0.0188679245283019
"crane",22,"inla_spde",4,"binary",0,0.00802402187102839,0.0188679245283019
"crane",22,"inla_spde",4,"binary",0,0.00999321434570606,0.0188679245283019
"crane",22,"inla_spde",4,"binary",0,0.0120703225225059,0.0188679245283019
"crane",22,"inla_spde",4,"binary",0,0.00914932373527082,0.0188679245283019
"crane",22,"inla_spde",4,"binary",0,0.0142709509461231,0.0188679245283019
"crane",22,"inla_spde",4,"binary",0,0.00908901978442555,0.0188679245283019
"crane",22,"inla_spde",4,"binary",0,0.0106432032500426,0.0188679245283019
"crane",22,"inla_spde",4,"binary",0,0.0100314399504787,0.0188679245283019
"crane",22,"inla_spde",4,"binary",0,0.0099008923954374,0.0188679245283019
"crane",22,"inla_spde",4,"binary",0,0.010409489104639,0.0188679245283019
"crane",22,"inla_spde",4,"binary",0,0.0102905718333084,0.0188679245283019
"crane",22,"inla_spde",4,"binary",0,0.0177598669838262,0.0188679245283019
"crane",22,"inla_spde",4,"binary",0,0.0196386720042161,0.0188679245283019
"crane",22,"inla_spde",4,"binary",0,0.0139174915167618,0.0188679245283019
"crane",22,"inla_spde",4,"binary",0,0.0142263969884921,0.0188679245283019
"crane",22,"inla_spde",4,"binary",0,0.0100141703954837,0.0188679245283019
"crane",22,"inla_spde",4,"binary",0,0.0141548710222136,0.0188679245283019
"crane",22,"inla_spde",4,"binary",0,0.0103855291736418,0.0188679245283019
"crane",22,"inla_spde",4,"binary",0,0.0149854936518995,0.0188679245283019
"crane",22,"inla_spde",4,"binary",0,0.0103819185410195,0.0188679245283019
"crane",22,"inla_spde",4,"binary",0,0.00953059747336567,0.0188679245283019
"crane",22,"inla_spde",4,"binary",0,0.00911664030514626,0.0188679245283019
"crane",22,"inla_spde",4,"binary",0,0.0858545746065673,0.0188679245283019
"crane",22,"inla_spde",4,"binary",0,0.0173372054840003,0.0188679245283019
"crane",22,"inla_spde",4,"binary",0,0.00802402187102839,0.0188679245283019
"crane",22,"inla_spde",4,"binary",0,0.00999321434570606,0.0188679245283019
"crane",22,"inla_spde",4,"binary",0,0.0120703225225059,0.0188679245283019
"crane",22,"inla_spde",4,"binary",0,0.00914932373527082,0.0188679245283019
"crane",22,"inla_spde",4,"binary",0,0.0142709509461231,0.0188679245283019
"crane",22,"inla_spde",4,"binary",0,0.00908901978442555,0.0188679245283019
"crane",22,"inla_spde",4,"binary",0,0.0106432032500426,0.0188679245283019
"crane",22,"inla_spde",4,"binary",0,0.0100314399504787,0.0188679245283019
"crane",22,"inla_spde",4,"binary",0,0.0099008923954374,0.0188679245283019
"crane",22,"inla_spde",4,"binary",0,0.010409489104639,0.0188679245283019
"crane",22,"inla_spde",4,"binary",0,0.0102905718333084,0.0188679245283019
"crane",22,"inla_spde",4,"binary",0,0.0177598669838262,0.0188679245283019
"crane",22,"inla_spde",4,"binary",0,0.0196386720042161,0.0188679245283019
"crane",22,"inla_spde",4,"binary",0,0.0139174915167618,0.0188679245283019
"crane",22,"inla_spde",4,"binary",0,0.0142263969884921,0.0188679245283019
"crane",22,"inla_spde",4,"binary",0,0.0100141703954837,0.0188679245283019
"crane",22,"inla_spde",4,"binary",0,0.0141548710222136,0.0188679245283019
"crane",22,"inla_spde",4,"binary",0,0.0103855291736418,0.0188679245283019
"crane",22,"inla_spde",4,"binary",0,0.0149854936518995,0.0188679245283019
"crane",22,"inla_spde",4,"binary",0,0.0103819185410195,0.0188679245283019
"crane",22,"inla_spde",4,"binary",0,0.00953059747336567,0.0188679245283019
"crane",22,"inla_spde",4,"binary",0,0.00911664030514626,0.0188679245283019
"crane",22,"inla_spde",4,"binary",0,0.0858545746065673,0.0188679245283019
"crane",22,"inla_spde",4,"binary",0,0.0173372054840003,0.0188679245283019
"crane",22,"inla_spde",4,"binary",0,0.00802402187102839,0.0188679245283019
"crane",22,"inla_spde",4,"binary",0,0.00999321434570606,0.0188679245283019
"crane",22,"inla_spde",4,"binary",0,0.0120703225225059,0.0188679245283019
"crane",22,"inla_spde",4,"binary",0,0.00914932373527082,0.0188679245283019
"crane",22,"inla_spde",4,"binary",0,0.0142709509461231,0.0188679245283019
"crane",22,"inla_spde",4,"binary",0,0.00908901978442555,0.0188679245283019
"crane",22,"inla_spde",4,"binary",0,0.0106432032500426,0.0188679245283019
"crane",22,"inla_spde",4,"binary",0,0.0100314399504787,0.0188679245283019
"crane",22,"inla_spde",4,"binary",0,0.0099008923954374,0.0188679245283019
"crane",22,"inla_spde",4,"binary",0,0.010409489104639,0.0188679245283019
"crane",22,"inla_spde",4,"binary",0,0.0102905718333084,0.0188679245283019
"crane",22,"inla_spde",4,"binary",0,0.0177598669838262,0.0188679245283019
"crane",22,"inla_spde",4,"binary",0,0.0196386720042161,0.0188679245283019
"crane",22,"inla_spde",4,"binary",0,0.0139174915167618,0.0188679245283019
"crane",22,"inla_spde",4,"binary",0,0.0142263969884921,0.0188679245283019
"crane",22,"inla_spde",4,"binary",0,0.0100141703954837,0.0188679245283019
"crane",22,"inla_spde",4,"binary",0,0.0141548710222136,0.0188679245283019
"crane",22,"inla_spde",4,"binary",0,0.0103855291736418,0.0188679245283019
"crane",22,"inla_spde",4,"binary",0,0.0149854936518995,0.0188679245283019
"crane",22,"inla_spde",4,"binary",0,0.0103819185410195,0.0188679245283019
"crane",22,"inla_spde",4,"binary",0,0.00953059747336567,0.0188679245283019
"crane",22,"inla_spde",4,"binary",0,0.00911664030514626,0.0188679245283019
"crane",22,"inla_spde",4,"binary",0,0.0858545746065673,0.0188679245283019
"crane",22,"inla_spde",4,"binary",0,0.0173372054840003,0.0188679245283019
"crane",22,"inla_spde",4,"binary",0,0.00802402187102839,0.0188679245283019
"crane",22,"inla_spde",4,"binary",0,0.00999321434570606,0.0188679245283019
"crane",22,"inla_spde",4,"binary",0,0.0120703225225059,0.0188679245283019
"crane",22,"inla_spde",4,"binary",0,0.00914932373527082,0.0188679245283019
"crane",22,"inla_spde",4,"binary",0,0.0142709509461231,0.0188679245283019
"crane",22,"inla_spde",4,"binary",0,0.00908901978442555,0.0188679245283019
"crane",22,"inla_spde",4,"binary",0,0.0106432032500426,0.0188679245283019
"crane",22,"inla_spde",4,"binary",0,0.0100314399504787,0.0188679245283019
"crane",22,"inla_spde",4,"binary",0,0.0099008923954374,0.0188679245283019
"crane",22,"inla_spde",4,"binary",0,0.010409489104639,0.0188679245283019
"crane",22,"inla_spde",4,"binary",0,0.0102905718333084,0.0188679245283019
"crane",22,"inla_spde",4,"binary",0,0.0177598669838262,0.0188679245283019
"crane",22,"inla_spde",4,"binary",0,0.0196386720042161,0.0188679245283019
"crane",22,"inla_spde",4,"binary",0,0.0139174915167618,0.0188679245283019
"crane",22,"inla_spde",4,"binary",0,0.0142263969884921,0.0188679245283019
"crane",22,"inla_spde",4,"binary",0,0.0100141703954837,0.0188679245283019
"crane",22,"inla_spde",4,"binary",0,0.0141548710222136,0.0188679245283019
"crane",22,"inla_spde",4,"binary",0,0.0103855291736418,0.0188679245283019
"crane",22,"inla_spde",4,"binary",0,0.0149854936518995,0.0188679245283019
"crane",22,"inla_spde",4,"binary",0,0.0103819185410195,0.0188679245283019
"crane",22,"inla_spde",4,"binary",0,0.00953059747336567,0.0188679245283019
"crane",22,"inla_spde",4,"binary",0,0.00911664030514626,0.0188679245283019
"crane",22,"inla_spde",4,"binary",1,0.0858545746065673,0.0188679245283019
"crane",22,"inla_spde",4,"binary",0,0.0173372054840003,0.0188679245283019
"crane",22,"inla_spde",4,"binary",0,0.00802402187102839,0.0188679245283019
"crane",22,"inla_spde",4,"binary",0,0.00999321434570606,0.0188679245283019
"crane",22,"inla_spde",4,"binary",0,0.0120703225225059,0.0188679245283019
"crane",22,"inla_spde",4,"binary",0,0.00914932373527082,0.0188679245283019
"crane",22,"inla_spde",4,"binary",0,0.0142709509461231,0.0188679245283019
"crane",22,"inla_spde",4,"binary",0,0.00908901978442555,0.0188679245283019
"crane",22,"inla_spde",4,"binary",0,0.0106432032500426,0.0188679245283019
"crane",22,"inla_spde",4,"binary",0,0.0100314399504787,0.0188679245283019
"crane",22,"inla_spde",4,"binary",0,0.0099008923954374,0.0188679245283019
"crane",22,"inla_spde",4,"binary",0,0.010409489104639,0.0188679245283019
"crane",22,"inla_spde",4,"binary",0,0.0102905718333084,0.0188679245283019
"crane",22,"inla_spde",4,"binary",0,0.0177598669838262,0.0188679245283019
"crane",22,"inla_spde",4,"binary",0,0.0196386720042161,0.0188679245283019
"crane",22,"inla_spde",4,"binary",0,0.0139174915167618,0.0188679245283019
"crane",22,"inla_spde",4,"binary",0,0.0142263969884921,0.0188679245283019
"crane",22,"inla_spde",4,"binary",0,0.0100141703954837,0.0188679245283019
"crane",22,"inla_spde",4,"binary",0,0.0141548710222136,0.0188679245283019
"crane",22,"inla_spde",4,"binary",0,0.0103855291736418,0.0188679245283019
"crane",22,"inla_spde",4,"binary",0,0.0149854936518995,0.0188679245283019
"crane",22,"inla_spde",4,"binary",0,0.0103819185410195,0.0188679245283019
"crane",22,"inla_spde",5,"binary",0,0.0060786609520323,0.0207547169811321
"crane",22,"inla_spde",5,"binary",0,0.00404942213096481,0.0207547169811321
"crane",22,"inla_spde",5,"binary",0,0.00610318912489524,0.0207547169811321
"crane",22,"inla_spde",5,"binary",0,0.00483363165375124,0.0207547169811321
"crane",22,"inla_spde",5,"binary",0,0.00682147664470574,0.0207547169811321
"crane",22,"inla_spde",5,"binary",0,0.00672159513495196,0.0207547169811321
"crane",22,"inla_spde",5,"binary",0,0.00738746312706648,0.0207547169811321
"crane",22,"inla_spde",5,"binary",0,0.00762484306047055,0.0207547169811321
"crane",22,"inla_spde",5,"binary",0,0.00286918384344286,0.0207547169811321
"crane",22,"inla_spde",5,"binary",0,0.00342525904451494,0.0207547169811321
"crane",22,"inla_spde",5,"binary",0,0.00474652705995725,0.0207547169811321
"crane",22,"inla_spde",5,"binary",0,0.0135387181596258,0.0207547169811321
"crane",22,"inla_spde",5,"binary",0,0.00753462287028231,0.0207547169811321
"crane",22,"inla_spde",5,"binary",0,0.00807477918540048,0.0207547169811321
"crane",22,"inla_spde",5,"binary",0,0.00770131647581162,0.0207547169811321
"crane",22,"inla_spde",5,"binary",0,0.00754311448548027,0.0207547169811321
"crane",22,"inla_spde",5,"binary",0,0.00778041952387786,0.0207547169811321
"crane",22,"inla_spde",5,"binary",0,0.00764632192372801,0.0207547169811321
"crane",22,"inla_spde",5,"binary",0,0.00809895320120109,0.0207547169811321
"crane",22,"inla_spde",5,"binary",0,0.00532959599241832,0.0207547169811321
"crane",22,"inla_spde",5,"binary",0,0.00564383307883404,0.0207547169811321
"crane",22,"inla_spde",5,"binary",0,0.00529109007271509,0.0207547169811321
"crane",22,"inla_spde",5,"binary",0,0.0082164833842943,0.0207547169811321
"crane",22,"inla_spde",5,"binary",0,0.00506950158578517,0.0207547169811321
"crane",22,"inla_spde",5,"binary",0,0.0060786609520323,0.0207547169811321
"crane",22,"inla_spde",5,"binary",0,0.00404942213096481,0.0207547169811321
"crane",22,"inla_spde",5,"binary",0,0.00610318912489524,0.0207547169811321
"crane",22,"inla_spde",5,"binary",0,0.00483363165375124,0.0207547169811321
"crane",22,"inla_spde",5,"binary",0,0.00682147664470574,0.0207547169811321
"crane",22,"inla_spde",5,"binary",0,0.00672159513495196,0.0207547169811321
"crane",22,"inla_spde",5,"binary",0,0.00738746312706648,0.0207547169811321
"crane",22,"inla_spde",5,"binary",0,0.00762484306047055,0.0207547169811321
"crane",22,"inla_spde",5,"binary",0,0.00286918384344286,0.0207547169811321
"crane",22,"inla_spde",5,"binary",0,0.00342525904451494,0.0207547169811321
"crane",22,"inla_spde",5,"binary",0,0.00474652705995725,0.0207547169811321
"crane",22,"inla_spde",5,"binary",0,0.0135387181596258,0.0207547169811321
"crane",22,"inla_spde",5,"binary",0,0.00753462287028231,0.0207547169811321
"crane",22,"inla_spde",5,"binary",0,0.00807477918540048,0.0207547169811321
"crane",22,"inla_spde",5,"binary",0,0.00770131647581162,0.0207547169811321
"crane",22,"inla_spde",5,"binary",0,0.00754311448548027,0.0207547169811321
"crane",22,"inla_spde",5,"binary",0,0.00778041952387786,0.0207547169811321
"crane",22,"inla_spde",5,"binary",0,0.00764632192372801,0.0207547169811321
"crane",22,"inla_spde",5,"binary",0,0.00809895320120109,0.0207547169811321
"crane",22,"inla_spde",5,"binary",0,0.00532959599241832,0.0207547169811321
"crane",22,"inla_spde",5,"binary",0,0.00564383307883404,0.0207547169811321
"crane",22,"inla_spde",5,"binary",0,0.00529109007271509,0.0207547169811321
"crane",22,"inla_spde",5,"binary",0,0.0082164833842943,0.0207547169811321
"crane",22,"inla_spde",5,"binary",0,0.00506950158578517,0.0207547169811321
"crane",22,"inla_spde",5,"binary",0,0.0060786609520323,0.0207547169811321
"crane",22,"inla_spde",5,"binary",0,0.00404942213096481,0.0207547169811321
"crane",22,"inla_spde",5,"binary",0,0.00610318912489524,0.0207547169811321
"crane",22,"inla_spde",5,"binary",0,0.00483363165375124,0.0207547169811321
"crane",22,"inla_spde",5,"binary",0,0.00682147664470574,0.0207547169811321
"crane",22,"inla_spde",5,"binary",0,0.00672159513495196,0.0207547169811321
"crane",22,"inla_spde",5,"binary",0,0.00738746312706648,0.0207547169811321
"crane",22,"inla_spde",5,"binary",0,0.00762484306047055,0.0207547169811321
"crane",22,"inla_spde",5,"binary",0,0.00286918384344286,0.0207547169811321
"crane",22,"inla_spde",5,"binary",0,0.00342525904451494,0.0207547169811321
"crane",22,"inla_spde",5,"binary",0,0.00474652705995725,0.0207547169811321
"crane",22,"inla_spde",5,"binary",0,0.0135387181596258,0.0207547169811321
"crane",22,"inla_spde",5,"binary",0,0.00753462287028231,0.0207547169811321
"crane",22,"inla_spde",5,"binary",0,0.00807477918540048,0.0207547169811321
"crane",22,"inla_spde",5,"binary",0,0.00770131647581162,0.0207547169811321
"crane",22,"inla_spde",5,"binary",0,0.00754311448548027,0.0207547169811321
"crane",22,"inla_spde",5,"binary",0,0.00778041952387786,0.0207547169811321
"crane",22,"inla_spde",5,"binary",0,0.00764632192372801,0.0207547169811321
"crane",22,"inla_spde",5,"binary",0,0.00809895320120109,0.0207547169811321
"crane",22,"inla_spde",5,"binary",0,0.00532959599241832,0.0207547169811321
"crane",22,"inla_spde",5,"binary",0,0.00564383307883404,0.0207547169811321
"crane",22,"inla_spde",5,"binary",0,0.00529109007271509,0.0207547169811321
"crane",22,"inla_spde",5,"binary",0,0.0082164833842943,0.0207547169811321
"crane",22,"inla_spde",5,"binary",0,0.00506950158578517,0.0207547169811321
"crane",22,"inla_spde",5,"binary",0,0.0060786609520323,0.0207547169811321
"crane",22,"inla_spde",5,"binary",0,0.00404942213096481,0.0207547169811321
"crane",22,"inla_spde",5,"binary",0,0.00610318912489524,0.0207547169811321
"crane",22,"inla_spde",5,"binary",0,0.00483363165375124,0.0207547169811321
"crane",22,"inla_spde",5,"binary",0,0.00682147664470574,0.0207547169811321
"crane",22,"inla_spde",5,"binary",0,0.00672159513495196,0.0207547169811321
"crane",22,"inla_spde",5,"binary",0,0.00738746312706648,0.0207547169811321
"crane",22,"inla_spde",5,"binary",0,0.00762484306047055,0.0207547169811321
"crane",22,"inla_spde",5,"binary",0,0.00286918384344286,0.0207547169811321
"crane",22,"inla_spde",5,"binary",0,0.00342525904451494,0.0207547169811321
"crane",22,"inla_spde",5,"binary",0,0.00474652705995725,0.0207547169811321
"crane",22,"inla_spde",5,"binary",0,0.0135387181596258,0.0207547169811321
"crane",22,"inla_spde",5,"binary",0,0.00753462287028231,0.0207547169811321
"crane",22,"inla_spde",5,"binary",0,0.00807477918540048,0.0207547169811321
"crane",22,"inla_spde",5,"binary",0,0.00770131647581162,0.0207547169811321
"crane",22,"inla_spde",5,"binary",0,0.00754311448548027,0.0207547169811321
"crane",22,"inla_spde",5,"binary",0,0.00778041952387786,0.0207547169811321
"crane",22,"inla_spde",5,"binary",0,0.00764632192372801,0.0207547169811321
"crane",22,"inla_spde",5,"binary",0,0.00809895320120109,0.0207547169811321
"crane",22,"inla_spde",5,"binary",0,0.00532959599241832,0.0207547169811321
"crane",22,"inla_spde",5,"binary",0,0.00564383307883404,0.0207547169811321
"crane",22,"inla_spde",5,"binary",0,0.00529109007271509,0.0207547169811321
"crane",22,"inla_spde",5,"binary",0,0.0082164833842943,0.0207547169811321
"crane",22,"inla_spde",5,"binary",0,0.00506950158578517,0.0207547169811321
"crane",22,"inla_spde",5,"binary",0,0.0060786609520323,0.0207547169811321
"crane",22,"inla_spde",5,"binary",0,0.00404942213096481,0.0207547169811321
"crane",22,"inla_spde",5,"binary",0,0.00610318912489524,0.0207547169811321
"crane",22,"inla_spde",5,"binary",0,0.00483363165375124,0.0207547169811321
"crane",22,"inla_spde",5,"binary",0,0.00682147664470574,0.0207547169811321
"crane",22,"inla_spde",5,"binary",0,0.00672159513495196,0.0207547169811321
"crane",22,"inla_spde",5,"binary",0,0.00738746312706648,0.0207547169811321
"crane",22,"inla_spde",5,"binary",0,0.00762484306047055,0.0207547169811321
"crane",22,"inla_spde",5,"binary",0,0.00286918384344286,0.0207547169811321
"crane",22,"inla_spde",5,"binary",0,0.00342525904451494,0.0207547169811321
"crane",22,"inla_spde",5,"binary",0,0.00474652705995725,0.0207547169811321
"crane",22,"inla_spde",5,"binary",0,0.0135387181596258,0.0207547169811321
"crane",22,"inla_spde",5,"binary",0,0.00753462287028231,0.0207547169811321
"crane",22,"inla_spde",5,"binary",0,0.00807477918540048,0.0207547169811321
"crane",22,"inla_spde",5,"binary",0,0.00770131647581162,0.0207547169811321
"crane",22,"inla_spde",5,"binary",0,0.00754311448548027,0.0207547169811321
"crane",22,"inla_spde",5,"binary",0,0.00778041952387786,0.0207547169811321
"crane",22,"inla_spde",5,"binary",0,0.00764632192372801,0.0207547169811321
"crane",22,"inla_spde",5,"binary",0,0.00809895320120109,0.0207547169811321
"crane",22,"inla_spde",5,"binary",0,0.00532959599241832,0.0207547169811321
"crane",22,"inla_spde",5,"binary",0,0.00564383307883404,0.0207547169811321
"crane",22,"inla_spde",5,"binary",0,0.00529109007271509,0.0207547169811321
"crane",22,"inla_spde",5,"binary",0,0.0082164833842943,0.0207547169811321
"crane",22,"inla_spde",5,"binary",0,0.00506950158578517,0.0207547169811321
"crane",22,"inla_spde_st",1,"binary",0,0.0211498862141239,0.0113207547169811
"crane",22,"inla_spde_st",1,"binary",0,0.0209025462618705,0.0113207547169811
"crane",22,"inla_spde_st",1,"binary",0,0.0198371508974604,0.0113207547169811
"crane",22,"inla_spde_st",1,"binary",0,0.0183321873800247,0.0113207547169811
"crane",22,"inla_spde_st",1,"binary",0,0.0195594319239205,0.0113207547169811
"crane",22,"inla_spde_st",1,"binary",0,0.199381185282006,0.0113207547169811
"crane",22,"inla_spde_st",1,"binary",0,0.0264301573036669,0.0113207547169811
"crane",22,"inla_spde_st",1,"binary",0,0.0641523586168367,0.0113207547169811
"crane",22,"inla_spde_st",1,"binary",0,0.0215128898385833,0.0113207547169811
"crane",22,"inla_spde_st",1,"binary",0,0.182242641730163,0.0113207547169811
"crane",22,"inla_spde_st",1,"binary",0,0.0439044822920708,0.0113207547169811
"crane",22,"inla_spde_st",1,"binary",0,0.0247350713923583,0.0113207547169811
"crane",22,"inla_spde_st",1,"binary",0,0.0203777995425424,0.0113207547169811
"crane",22,"inla_spde_st",1,"binary",0,0.0251167324413909,0.0113207547169811
"crane",22,"inla_spde_st",1,"binary",0,0.0267096376290103,0.0113207547169811
"crane",22,"inla_spde_st",1,"binary",0,0.0918150363809782,0.0113207547169811
"crane",22,"inla_spde_st",1,"binary",1,0.758386612345749,0.0113207547169811
"crane",22,"inla_spde_st",1,"binary",0,0.0229442122148518,0.0113207547169811
"crane",22,"inla_spde_st",1,"binary",0,0.0270965539108436,0.0113207547169811
"crane",22,"inla_spde_st",1,"binary",0,0.0200131731699537,0.0113207547169811
"crane",22,"inla_spde_st",1,"binary",0,0.0303521253060736,0.0113207547169811
"crane",22,"inla_spde_st",1,"binary",0,0.0220159296022725,0.0113207547169811
"crane",22,"inla_spde_st",1,"binary",0,0.0223013062232018,0.0113207547169811
"crane",22,"inla_spde_st",1,"binary",0,0.0218926074856578,0.0113207547169811
"crane",22,"inla_spde_st",1,"binary",0,0.0207871297018944,0.0113207547169811
"crane",22,"inla_spde_st",1,"binary",0,0.0210893561360311,0.0113207547169811
"crane",22,"inla_spde_st",1,"binary",0,0.0194261564733535,0.0113207547169811
"crane",22,"inla_spde_st",1,"binary",0,0.0183750126522238,0.0113207547169811
"crane",22,"inla_spde_st",1,"binary",0,0.019101664887258,0.0113207547169811
"crane",22,"inla_spde_st",1,"binary",0,0.194458831572852,0.0113207547169811
"crane",22,"inla_spde_st",1,"binary",0,0.0274230159263828,0.0113207547169811
"crane",22,"inla_spde_st",1,"binary",0,0.0601431139935706,0.0113207547169811
"crane",22,"inla_spde_st",1,"binary",0,0.02209844702009,0.0113207547169811
"crane",22,"inla_spde_st",1,"binary",0,0.174603069050628,0.0113207547169811
"crane",22,"inla_spde_st",1,"binary",0,0.0422752109771502,0.0113207547169811
"crane",22,"inla_spde_st",1,"binary",0,0.0249338995834548,0.0113207547169811
"crane",22,"inla_spde_st",1,"binary",0,0.0212798041777042,0.0113207547169811
"crane",22,"inla_spde_st",1,"binary",0,0.0281061249806366,0.0113207547169811
"crane",22,"inla_spde_st",1,"binary",0,0.0287355443378056,0.0113207547169811
"crane",22,"inla_spde_st",1,"binary",0,0.0980582837935985,0.0113207547169811
"crane",22,"inla_spde_st",1,"binary",1,0.761604035093147,0.0113207547169811
"crane",22,"inla_spde_st",1,"binary",0,0.0225791994686519,0.0113207547169811
"crane",22,"inla_spde_st",1,"binary",0,0.0264774840132066,0.0113207547169811
"crane",22,"inla_spde_st",1,"binary",0,0.0210451610689999,0.0113207547169811
"crane",22,"inla_spde_st",1,"binary",0,0.0298199985669398,0.0113207547169811
"crane",22,"inla_spde_st",1,"binary",0,0.021729602568393,0.0113207547169811
"crane",22,"inla_spde_st",1,"binary",0,0.0223119842664829,0.0113207547169811
"crane",22,"inla_spde_st",1,"binary",0,0.0214820268897691,0.0113207547169811
"crane",22,"inla_spde_st",1,"binary",0,0.0205413469958597,0.0113207547169811
"crane",22,"inla_spde_st",1,"binary",0,0.021849497164886,0.0113207547169811
"crane",22,"inla_spde_st",1,"binary",0,0.0194152978263918,0.0113207547169811
"crane",22,"inla_spde_st",1,"binary",0,0.01810612828537,0.0113207547169811
"crane",22,"inla_spde_st",1,"binary",0,0.0194496922568947,0.0113207547169811
"crane",22,"inla_spde_st",1,"binary",0,0.193570883662696,0.0113207547169811
"crane",22,"inla_spde_st",1,"binary",0,0.0295580249364063,0.0113207547169811
"crane",22,"inla_spde_st",1,"binary",0,0.0558317130161569,0.0113207547169811
"crane",22,"inla_spde_st",1,"binary",0,0.0214033283215062,0.0113207547169811
"crane",22,"inla_spde_st",1,"binary",0,0.174012425285927,0.0113207547169811
"crane",22,"inla_spde_st",1,"binary",0,0.0451646847614158,0.0113207547169811
"crane",22,"inla_spde_st",1,"binary",0,0.0247701177138718,0.0113207547169811
"crane",22,"inla_spde_st",1,"binary",0,0.0215780311055623,0.0113207547169811
"crane",22,"inla_spde_st",1,"binary",0,0.0274636056681906,0.0113207547169811
"crane",22,"inla_spde_st",1,"binary",0,0.0279282673736126,0.0113207547169811
"crane",22,"inla_spde_st",1,"binary",0,0.0960968560546333,0.0113207547169811
"crane",22,"inla_spde_st",1,"binary",1,0.763267185867778,0.0113207547169811
"crane",22,"inla_spde_st",1,"binary",0,0.0231454519681193,0.0113207547169811
"crane",22,"inla_spde_st",1,"binary",0,0.027532619935316,0.0113207547169811
"crane",22,"inla_spde_st",1,"binary",0,0.0208870744575449,0.0113207547169811
"crane",22,"inla_spde_st",1,"binary",0,0.028494671369528,0.0113207547169811
"crane",22,"inla_spde_st",1,"binary",0,0.0211028878992655,0.0113207547169811
"crane",22,"inla_spde_st",1,"binary",0,0.0232458405119236,0.0113207547169811
"crane",22,"inla_spde_st",1,"binary",0,0.020792246941027,0.0113207547169811
"crane",22,"inla_spde_st",1,"binary",0,0.0201932614562128,0.0113207547169811
"crane",22,"inla_spde_st",1,"binary",0,0.0206869580183146,0.0113207547169811
"crane",22,"inla_spde_st",1,"binary",0,0.0193774030379743,0.0113207547169811
"crane",22,"inla_spde_st",1,"binary",0,0.0175829348861886,0.0113207547169811
"crane",22,"inla_spde_st",1,"binary",0,0.0183753650957301,0.0113207547169811
"crane",22,"inla_spde_st",1,"binary",0,0.205826875053245,0.0113207547169811
"crane",22,"inla_spde_st",1,"binary",0,0.0308346410189121,0.0113207547169811
"crane",22,"inla_spde_st",1,"binary",0,0.0583918549179991,0.0113207547169811
"crane",22,"inla_spde_st",1,"binary",0,0.0214353200022775,0.0113207547169811
"crane",22,"inla_spde_st",1,"binary",0,0.180124687311366,0.0113207547169811
"crane",22,"inla_spde_st",1,"binary",0,0.047264719109365,0.0113207547169811
"crane",22,"inla_spde_st",1,"binary",0,0.0250039090932583,0.0113207547169811
"crane",22,"inla_spde_st",1,"binary",0,0.0224496313836144,0.0113207547169811
"crane",22,"inla_spde_st",1,"binary",0,0.0299752857842513,0.0113207547169811
"crane",22,"inla_spde_st",1,"binary",0,0.027540820109924,0.0113207547169811
"crane",22,"inla_spde_st",1,"binary",0,0.0955238901457096,0.0113207547169811
"crane",22,"inla_spde_st",1,"binary",1,0.7613193482491,0.0113207547169811
"crane",22,"inla_spde_st",1,"binary",0,0.0229824818141683,0.0113207547169811
"crane",22,"inla_spde_st",1,"binary",0,0.0276876523111232,0.0113207547169811
"crane",22,"inla_spde_st",1,"binary",0,0.0216204403189835,0.0113207547169811
"crane",22,"inla_spde_st",1,"binary",0,0.0284461803246101,0.0113207547169811
"crane",22,"inla_spde_st",1,"binary",0,0.0220428692013916,0.0113207547169811
"crane",22,"inla_spde_st",1,"binary",0,0.0231216131955075,0.0113207547169811
"crane",22,"inla_spde_st",1,"binary",0,0.0215941753564716,0.0113207547169811
"crane",22,"inla_spde_st",1,"binary",0,0.0201224613277034,0.0113207547169811
"crane",22,"inla_spde_st",1,"binary",0,0.0207461707042881,0.0113207547169811
"crane",22,"inla_spde_st",1,"binary",0,0.0191142349095993,0.0113207547169811
"crane",22,"inla_spde_st",1,"binary",0,0.0178420157218514,0.0113207547169811
"crane",22,"inla_spde_st",1,"binary",0,0.0197052252236983,0.0113207547169811
"crane",22,"inla_spde_st",1,"binary",0,0.223520071651322,0.0113207547169811
"crane",22,"inla_spde_st",1,"binary",0,0.0339189848970901,0.0113207547169811
"crane",22,"inla_spde_st",1,"binary",0,0.0633271981921509,0.0113207547169811
"crane",22,"inla_spde_st",1,"binary",0,0.0248198926181366,0.0113207547169811
"crane",22,"inla_spde_st",1,"binary",0,0.190278586732738,0.0113207547169811
"crane",22,"inla_spde_st",1,"binary",0,0.0530175007211437,0.0113207547169811
"crane",22,"inla_spde_st",1,"binary",0,0.0266752670745014,0.0113207547169811
"crane",22,"inla_spde_st",1,"binary",0,0.0239144755066961,0.0113207547169811
"crane",22,"inla_spde_st",1,"binary",0,0.0299920403603844,0.0113207547169811
"crane",22,"inla_spde_st",1,"binary",0,0.028551479595958,0.0113207547169811
"crane",22,"inla_spde_st",1,"binary",0,0.0987456859982227,0.0113207547169811
"crane",22,"inla_spde_st",1,"binary",1,0.761053116345263,0.0113207547169811
"crane",22,"inla_spde_st",1,"binary",0,0.0236694476052888,0.0113207547169811
"crane",22,"inla_spde_st",1,"binary",0,0.0279631343113452,0.0113207547169811
"crane",22,"inla_spde_st",1,"binary",0,0.0215824262049899,0.0113207547169811
"crane",22,"inla_spde_st",1,"binary",0,0.0268974089343747,0.0113207547169811
"crane",22,"inla_spde_st",1,"binary",0,0.0222531402803141,0.0113207547169811
"crane",22,"inla_spde_st",1,"binary",0,0.0232391142185681,0.0113207547169811
"crane",22,"inla_spde_st",1,"binary",0,0.0220829568470246,0.0113207547169811
"crane",22,"inla_spde_st",2,"binary",0,0.00863571275534533,0.0122448979591837
"crane",22,"inla_spde_st",2,"binary",0,0.00188823441300196,0.0122448979591837
"crane",22,"inla_spde_st",2,"binary",0,0.0132871829879637,0.0122448979591837
"crane",22,"inla_spde_st",2,"binary",0,0.00358000155512145,0.0122448979591837
"crane",22,"inla_spde_st",2,"binary",0,0.0174176153651738,0.0122448979591837
"crane",22,"inla_spde_st",2,"binary",0,0.011420934492154,0.0122448979591837
"crane",22,"inla_spde_st",2,"binary",0,0.00680198564658071,0.0122448979591837
"crane",22,"inla_spde_st",2,"binary",0,0.00748082565065137,0.0122448979591837
"crane",22,"inla_spde_st",2,"binary",0,0.00469346236557989,0.0122448979591837
"crane",22,"inla_spde_st",2,"binary",0,0.0107946949290717,0.0122448979591837
"crane",22,"inla_spde_st",2,"binary",0,0.00694828439882724,0.0122448979591837
"crane",22,"inla_spde_st",2,"binary",0,0.00545833498385208,0.0122448979591837
"crane",22,"inla_spde_st",2,"binary",0,0.00334368463135964,0.0122448979591837
"crane",22,"inla_spde_st",2,"binary",0,0.00508754760508612,0.0122448979591837
"crane",22,"inla_spde_st",2,"binary",0,0.00635892367994792,0.0122448979591837
"crane",22,"inla_spde_st",2,"binary",0,0.00498647800140813,0.0122448979591837
"crane",22,"inla_spde_st",2,"binary",0,0.00375058839944495,0.0122448979591837
"crane",22,"inla_spde_st",2,"binary",1,0.446061846120738,0.0122448979591837
"crane",22,"inla_spde_st",2,"binary",0,0.00840705685362931,0.0122448979591837
"crane",22,"inla_spde_st",2,"binary",0,0.0115641230751787,0.0122448979591837
"crane",22,"inla_spde_st",2,"binary",0,0.0118526488415894,0.0122448979591837
"crane",22,"inla_spde_st",2,"binary",0,0.00898238202622818,0.0122448979591837
"crane",22,"inla_spde_st",2,"binary",0,0.0310170080597223,0.0122448979591837
"crane",22,"inla_spde_st",2,"binary",0,0.182929519571521,0.0122448979591837
"crane",22,"inla_spde_st",2,"binary",0,0.0277721259148287,0.0122448979591837
"crane",22,"inla_spde_st",2,"binary",0,0.0102352204924234,0.0122448979591837
"crane",22,"inla_spde_st",2,"binary",0,0.0108701617159571,0.0122448979591837
"crane",22,"inla_spde_st",2,"binary",0,0.0272998676725128,0.0122448979591837
"crane",22,"inla_spde_st",2,"binary",0,0.0171470085697212,0.0122448979591837
"crane",22,"inla_spde_st",2,"binary",0,0.0141470557709402,0.0122448979591837
"crane",22,"inla_spde_st",2,"binary",0,0.455244650124203,0.0122448979591837
"crane",22,"inla_spde_st",2,"binary",0,0.582233849306683,0.0122448979591837
"crane",22,"inla_spde_st",2,"binary",0,0.00828489331377964,0.0122448979591837
"crane",22,"inla_spde_st",2,"binary",0,0.00325673956385898,0.0122448979591837
"crane",22,"inla_spde_st",2,"binary",0,0.012775349052675,0.0122448979591837
"crane",22,"inla_spde_st",2,"binary",0,0.00431228108489301,0.0122448979591837
"crane",22,"inla_spde_st",2,"binary",0,0.0199744239753597,0.0122448979591837
"crane",22,"inla_spde_st",2,"binary",0,0.0124431577122956,0.0122448979591837
"crane",22,"inla_spde_st",2,"binary",0,0.00804581553741363,0.0122448979591837
"crane",22,"inla_spde_st",2,"binary",0,0.0088179414360313,0.0122448979591837
"crane",22,"inla_spde_st",2,"binary",0,0.00576160054805676,0.0122448979591837
"crane",22,"inla_spde_st",2,"binary",0,0.0107218840697565,0.0122448979591837
"crane",22,"inla_spde_st",2,"binary",0,0.00744964243888508,0.0122448979591837
"crane",22,"inla_spde_st",2,"binary",0,0.00556108677867492,0.0122448979591837
"crane",22,"inla_spde_st",2,"binary",0,0.00313921419138302,0.0122448979591837
"crane",22,"inla_spde_st",2,"binary",0,0.0055714835711416,0.0122448979591837
"crane",22,"inla_spde_st",2,"binary",0,0.00722888866011786,0.0122448979591837
"crane",22,"inla_spde_st",2,"binary",0,0.00420245378371026,0.0122448979591837
"crane",22,"inla_spde_st",2,"binary",0,0.00305274469774175,0.0122448979591837
"crane",22,"inla_spde_st",2,"binary",1,0.457316839322722,0.0122448979591837
"crane",22,"inla_spde_st",2,"binary",0,0.00796866262028131,0.0122448979591837
"crane",22,"inla_spde_st",2,"binary",0,0.0113207766001454,0.0122448979591837
"crane",22,"inla_spde_st",2,"binary",0,0.0112772231388072,0.0122448979591837
"crane",22,"inla_spde_st",2,"binary",0,0.0079046245769019,0.0122448979591837
"crane",22,"inla_spde_st",2,"binary",0,0.0281938833211263,0.0122448979591837
"crane",22,"inla_spde_st",2,"binary",0,0.177953132619281,0.0122448979591837
"crane",22,"inla_spde_st",2,"binary",0,0.0233956824304927,0.0122448979591837
"crane",22,"inla_spde_st",2,"binary",0,0.00942128918414201,0.0122448979591837
"crane",22,"inla_spde_st",2,"binary",0,0.00972335588638609,0.0122448979591837
"crane",22,"inla_spde_st",2,"binary",0,0.0247841343774781,0.0122448979591837
"crane",22,"inla_spde_st",2,"binary",0,0.0209541334142554,0.0122448979591837
"crane",22,"inla_spde_st",2,"binary",0,0.0135665679060316,0.0122448979591837
"crane",22,"inla_spde_st",2,"binary",0,0.450482335377747,0.0122448979591837
"crane",22,"inla_spde_st",2,"binary",0,0.570200319939173,0.0122448979591837
"crane",22,"inla_spde_st",2,"binary",0,0.00901705004879737,0.0122448979591837
"crane",22,"inla_spde_st",2,"binary",0,0.00201132179262106,0.0122448979591837
"crane",22,"inla_spde_st",2,"binary",0,0.0118740019472609,0.0122448979591837
"crane",22,"inla_spde_st",2,"binary",0,0.0043780349551605,0.0122448979591837
"crane",22,"inla_spde_st",2,"binary",0,0.0164455824995939,0.0122448979591837
"crane",22,"inla_spde_st",2,"binary",0,0.0138660374644162,0.0122448979591837
"crane",22,"inla_spde_st",2,"binary",0,0.00923838722851698,0.0122448979591837
"crane",22,"inla_spde_st",2,"binary",0,0.0112309784583593,0.0122448979591837
"crane",22,"inla_spde_st",2,"binary",0,0.00694883200305603,0.0122448979591837
"crane",22,"inla_spde_st",2,"binary",0,0.00996440322593591,0.0122448979591837
"crane",22,"inla_spde_st",2,"binary",0,0.0078834899619081,0.0122448979591837
"crane",22,"inla_spde_st",2,"binary",0,0.00573951061182103,0.0122448979591837
"crane",22,"inla_spde_st",2,"binary",0,0.00308442467519548,0.0122448979591837
"crane",22,"inla_spde_st",2,"binary",0,0.00489030235384948,0.0122448979591837
"crane",22,"inla_spde_st",2,"binary",0,0.00675076783207851,0.0122448979591837
"crane",22,"inla_spde_st",2,"binary",0,0.00396000185562578,0.0122448979591837
"crane",22,"inla_spde_st",2,"binary",0,0.0015825902734213,0.0122448979591837
"crane",22,"inla_spde_st",2,"binary",1,0.458784092671296,0.0122448979591837
"crane",22,"inla_spde_st",2,"binary",0,0.00919323694913885,0.0122448979591837
"crane",22,"inla_spde_st",2,"binary",0,0.0129622163295461,0.0122448979591837
"crane",22,"inla_spde_st",2,"binary",0,0.0116845903214193,0.0122448979591837
"crane",22,"inla_spde_st",2,"binary",0,0.0091332546089346,0.0122448979591837
"crane",22,"inla_spde_st",2,"binary",0,0.0273702601430758,0.0122448979591837
"crane",22,"inla_spde_st",2,"binary",0,0.173911490631581,0.0122448979591837
"crane",22,"inla_spde_st",2,"binary",0,0.0238540537230139,0.0122448979591837
"crane",22,"inla_spde_st",2,"binary",0,0.0109593655567124,0.0122448979591837
"crane",22,"inla_spde_st",2,"binary",0,0.0112498772865844,0.0122448979591837
"crane",22,"inla_spde_st",2,"binary",0,0.0271174685483028,0.0122448979591837
"crane",22,"inla_spde_st",2,"binary",0,0.022590549169064,0.0122448979591837
"crane",22,"inla_spde_st",2,"binary",0,0.0146016836578178,0.0122448979591837
"crane",22,"inla_spde_st",2,"binary",0,0.459054233370955,0.0122448979591837
"crane",22,"inla_spde_st",2,"binary",0,0.583489713603077,0.0122448979591837
"crane",22,"inla_spde_st",2,"binary",0,0.00808863090509191,0.0122448979591837
"crane",22,"inla_spde_st",2,"binary",0,0.0024162993663122,0.0122448979591837
"crane",22,"inla_spde_st",2,"binary",0,0.0124431986852057,0.0122448979591837
"crane",22,"inla_spde_st",2,"binary",0,0.00489356210566883,0.0122448979591837
"crane",22,"inla_spde_st",2,"binary",0,0.0184102222982435,0.0122448979591837
"crane",22,"inla_spde_st",2,"binary",0,0.0142328881398728,0.0122448979591837
"crane",22,"inla_spde_st",2,"binary",0,0.00930664279273116,0.0122448979591837
"crane",22,"inla_spde_st",2,"binary",0,0.0100136769547558,0.0122448979591837
"crane",22,"inla_spde_st",2,"binary",0,0.00710161754549007,0.0122448979591837
"crane",22,"inla_spde_st",2,"binary",0,0.00958593730765953,0.0122448979591837
"crane",22,"inla_spde_st",2,"binary",0,0.0077717886020919,0.0122448979591837
"crane",22,"inla_spde_st",2,"binary",0,0.00505416940936137,0.0122448979591837
"crane",22,"inla_spde_st",2,"binary",0,0.00248627305717721,0.0122448979591837
"crane",22,"inla_spde_st",2,"binary",0,0.00470959327477418,0.0122448979591837
"crane",22,"inla_spde_st",2,"binary",0,0.00668153489189007,0.0122448979591837
"crane",22,"inla_spde_st",2,"binary",0,0.0031783069852278,0.0122448979591837
"crane",22,"inla_spde_st",2,"binary",0,0.00222906479405132,0.0122448979591837
"crane",22,"inla_spde_st",2,"binary",1,0.457973495387944,0.0122448979591837
"crane",22,"inla_spde_st",2,"binary",0,0.00943775711493872,0.0122448979591837
"crane",22,"inla_spde_st",2,"binary",0,0.0113894806067345,0.0122448979591837
"crane",22,"inla_spde_st",2,"binary",0,0.0121877396221132,0.0122448979591837
"crane",22,"inla_spde_st",2,"binary",0,0.00895232176603347,0.0122448979591837
"crane",22,"inla_spde_st",2,"binary",0,0.0299035666595845,0.0122448979591837
"crane",22,"inla_spde_st",2,"binary",0,0.184117349107676,0.0122448979591837
"crane",22,"inla_spde_st",2,"binary",0,0.0239345291561225,0.0122448979591837
"crane",22,"inla_spde_st",2,"binary",0,0.00915200675585424,0.0122448979591837
"crane",22,"inla_spde_st",2,"binary",0,0.010563880816717,0.0122448979591837
"crane",22,"inla_spde_st",2,"binary",0,0.0260060027018264,0.0122448979591837
"crane",22,"inla_spde_st",2,"binary",0,0.0181319403387915,0.0122448979591837
"crane",22,"inla_spde_st",2,"binary",0,0.0133987991822564,0.0122448979591837
"crane",22,"inla_spde_st",2,"binary",0,0.45131891325823,0.0122448979591837
"crane",22,"inla_spde_st",2,"binary",0,0.578016780027778,0.0122448979591837
"crane",22,"inla_spde_st",2,"binary",0,0.00865114564170907,0.0122448979591837
"crane",22,"inla_spde_st",2,"binary",0,0.00239616155458752,0.0122448979591837
"crane",22,"inla_spde_st",2,"binary",0,0.0133650962789633,0.0122448979591837
"crane",22,"inla_spde_st",2,"binary",0,0.0043016488549956,0.0122448979591837
"crane",22,"inla_spde_st",2,"binary",0,0.018017757552332,0.0122448979591837
"crane",22,"inla_spde_st",2,"binary",0,0.0117058062446428,0.0122448979591837
"crane",22,"inla_spde_st",2,"binary",0,0.00971366125076704,0.0122448979591837
"crane",22,"inla_spde_st",2,"binary",0,0.0112793117528487,0.0122448979591837
"crane",22,"inla_spde_st",2,"binary",0,0.00657786762738886,0.0122448979591837
"crane",22,"inla_spde_st",2,"binary",0,0.00992055915906257,0.0122448979591837
"crane",22,"inla_spde_st",2,"binary",0,0.00781456926804973,0.0122448979591837
"crane",22,"inla_spde_st",2,"binary",0,0.00506796911157113,0.0122448979591837
"crane",22,"inla_spde_st",2,"binary",0,0.00234954292970228,0.0122448979591837
"crane",22,"inla_spde_st",2,"binary",0,0.0056582097544568,0.0122448979591837
"crane",22,"inla_spde_st",2,"binary",0,0.00626658887121932,0.0122448979591837
"crane",22,"inla_spde_st",2,"binary",0,0.00316066240909819,0.0122448979591837
"crane",22,"inla_spde_st",2,"binary",0,0.00218768211989021,0.0122448979591837
"crane",22,"inla_spde_st",2,"binary",1,0.466245723931673,0.0122448979591837
"crane",22,"inla_spde_st",2,"binary",0,0.00917925874979676,0.0122448979591837
"crane",22,"inla_spde_st",2,"binary",0,0.0124823550184491,0.0122448979591837
"crane",22,"inla_spde_st",2,"binary",0,0.0136135660074007,0.0122448979591837
"crane",22,"inla_spde_st",2,"binary",0,0.00863434595715014,0.0122448979591837
"crane",22,"inla_spde_st",2,"binary",0,0.026224859278078,0.0122448979591837
"crane",22,"inla_spde_st",2,"binary",0,0.18421771874998,0.0122448979591837
"crane",22,"inla_spde_st",2,"binary",0,0.0264663180075341,0.0122448979591837
"crane",22,"inla_spde_st",2,"binary",0,0.010939851014979,0.0122448979591837
"crane",22,"inla_spde_st",2,"binary",0,0.0102876337650274,0.0122448979591837
"crane",22,"inla_spde_st",2,"binary",0,0.0294051845160285,0.0122448979591837
"crane",22,"inla_spde_st",2,"binary",0,0.0225927439888791,0.0122448979591837
"crane",22,"inla_spde_st",2,"binary",0,0.0150462792736594,0.0122448979591837
"crane",22,"inla_spde_st",2,"binary",0,0.45955827886528,0.0122448979591837
"crane",22,"inla_spde_st",2,"binary",0,0.583514525170737,0.0122448979591837
"crane",22,"inla_spde_st",3,"binary",0,0.00575837281619245,0.0211538461538462
"crane",22,"inla_spde_st",3,"binary",0,0.00636228002597785,0.0211538461538462
"crane",22,"inla_spde_st",3,"binary",0,0.00823991890163983,0.0211538461538462
"crane",22,"inla_spde_st",3,"binary",0,0.00678603033322265,0.0211538461538462
"crane",22,"inla_spde_st",3,"binary",0,0.00532525296363009,0.0211538461538462
"crane",22,"inla_spde_st",3,"binary",0,0.00268102078923288,0.0211538461538462
"crane",22,"inla_spde_st",3,"binary",0,0.00502229637875335,0.0211538461538462
"crane",22,"inla_spde_st",3,"binary",0,0.00222074467870544,0.0211538461538462
"crane",22,"inla_spde_st",3,"binary",0,0.282769460539702,0.0211538461538462
"crane",22,"inla_spde_st",3,"binary",0,0.00547292767816171,0.0211538461538462
"crane",22,"inla_spde_st",3,"binary",0,0.00780917357626536,0.0211538461538462
"crane",22,"inla_spde_st",3,"binary",0,0.134687944265261,0.0211538461538462
"crane",22,"inla_spde_st",3,"binary",0,0.00516442725774708,0.0211538461538462
"crane",22,"inla_spde_st",3,"binary",0,0.00423254383547246,0.0211538461538462
"crane",22,"inla_spde_st",3,"binary",0,0.0235225431269995,0.0211538461538462
"crane",22,"inla_spde_st",3,"binary",0,0.00572459512759351,0.0211538461538462
"crane",22,"inla_spde_st",3,"binary",0,0.00539614658689459,0.0211538461538462
"crane",22,"inla_spde_st",3,"binary",0,0.0049882005789551,0.0211538461538462
"crane",22,"inla_spde_st",3,"binary",0,0.00503745285048357,0.0211538461538462
"crane",22,"inla_spde_st",3,"binary",0,0.0048574467060211,0.0211538461538462
"crane",22,"inla_spde_st",3,"binary",0,0.00492359438789391,0.0211538461538462
"crane",22,"inla_spde_st",3,"binary",0,0.00487475627997776,0.0211538461538462
"crane",22,"inla_spde_st",3,"binary",0,0.00455225787615462,0.0211538461538462
"crane",22,"inla_spde_st",3,"binary",0,0.0106572119698253,0.0211538461538462
"crane",22,"inla_spde_st",3,"binary",0,0.173136719269177,0.0211538461538462
"crane",22,"inla_spde_st",3,"binary",0,0.00496083380292031,0.0211538461538462
"crane",22,"inla_spde_st",3,"binary",0,0.00483452735368687,0.0211538461538462
"crane",22,"inla_spde_st",3,"binary",0,0.00628958913962409,0.0211538461538462
"crane",22,"inla_spde_st",3,"binary",0,0.00798126381322167,0.0211538461538462
"crane",22,"inla_spde_st",3,"binary",0,0.00616616028916982,0.0211538461538462
"crane",22,"inla_spde_st",3,"binary",0,0.00536608284159829,0.0211538461538462
"crane",22,"inla_spde_st",3,"binary",0,0.00319452437715674,0.0211538461538462
"crane",22,"inla_spde_st",3,"binary",0,0.00450724823375262,0.0211538461538462
"crane",22,"inla_spde_st",3,"binary",0,0.00280606777352929,0.0211538461538462
"crane",22,"inla_spde_st",3,"binary",0,0.279548755356814,0.0211538461538462
"crane",22,"inla_spde_st",3,"binary",0,0.00462786362536785,0.0211538461538462
"crane",22,"inla_spde_st",3,"binary",0,0.00686687529113347,0.0211538461538462
"crane",22,"inla_spde_st",3,"binary",0,0.133257853945414,0.0211538461538462
"crane",22,"inla_spde_st",3,"binary",0,0.00602821721392631,0.0211538461538462
"crane",22,"inla_spde_st",3,"binary",0,0.0043622399722382,0.0211538461538462
"crane",22,"inla_spde_st",3,"binary",0,0.0209478672263103,0.0211538461538462
"crane",22,"inla_spde_st",3,"binary",0,0.00526541626954765,0.0211538461538462
"crane",22,"inla_spde_st",3,"binary",0,0.00553124902423916,0.0211538461538462
"crane",22,"inla_spde_st",3,"binary",0,0.00493251467817323,0.0211538461538462
"crane",22,"inla_spde_st",3,"binary",0,0.00623189822288643,0.0211538461538462
"crane",22,"inla_spde_st",3,"binary",0,0.00542670398261372,0.0211538461538462
"crane",22,"inla_spde_st",3,"binary",0,0.00571790732990024,0.0211538461538462
"crane",22,"inla_spde_st",3,"binary",0,0.00506256123480117,0.0211538461538462
"crane",22,"inla_spde_st",3,"binary",0,0.00480166483112578,0.0211538461538462
"crane",22,"inla_spde_st",3,"binary",0,0.0113552779592612,0.0211538461538462
"crane",22,"inla_spde_st",3,"binary",0,0.174971406630322,0.0211538461538462
"crane",22,"inla_spde_st",3,"binary",0,0.00523244632234037,0.0211538461538462
"crane",22,"inla_spde_st",3,"binary",0,0.0039933186840794,0.0211538461538462
"crane",22,"inla_spde_st",3,"binary",0,0.00524914328265033,0.0211538461538462
"crane",22,"inla_spde_st",3,"binary",0,0.00745051473311063,0.0211538461538462
"crane",22,"inla_spde_st",3,"binary",0,0.00617841644760966,0.0211538461538462
"crane",22,"inla_spde_st",3,"binary",0,0.0053420699488643,0.0211538461538462
"crane",22,"inla_spde_st",3,"binary",0,0.00321184884987672,0.0211538461538462
"crane",22,"inla_spde_st",3,"binary",0,0.0041069814687679,0.0211538461538462
"crane",22,"inla_spde_st",3,"binary",0,0.00262802838439733,0.0211538461538462
"crane",22,"inla_spde_st",3,"binary",0,0.282042576762549,0.0211538461538462
"crane",22,"inla_spde_st",3,"binary",0,0.00386341209906599,0.0211538461538462
"crane",22,"inla_spde_st",3,"binary",0,0.0055713805608468,0.0211538461538462
"crane",22,"inla_spde_st",3,"binary",0,0.132407307451832,0.0211538461538462
"crane",22,"inla_spde_st",3,"binary",0,0.00534605109549591,0.0211538461538462
"crane",22,"inla_spde_st",3,"binary",0,0.00446639207065348,0.0211538461538462
"crane",22,"inla_spde_st",3,"binary",0,0.0197831216122099,0.0211538461538462
"crane",22,"inla_spde_st",3,"binary",0,0.0062372202523699,0.0211538461538462
"crane",22,"inla_spde_st",3,"binary",0,0.0060830288110843,0.0211538461538462
"crane",22,"inla_spde_st",3,"binary",0,0.00605166773867073,0.0211538461538462
"crane",22,"inla_spde_st",3,"binary",0,0.00655720766305874,0.0211538461538462
"crane",22,"inla_spde_st",3,"binary",0,0.00550337005947249,0.0211538461538462
"crane",22,"inla_spde_st",3,"binary",0,0.00586386467731873,0.0211538461538462
"crane",22,"inla_spde_st",3,"binary",0,0.00501567257954214,0.0211538461538462
"crane",22,"inla_spde_st",3,"binary",0,0.00457375953403452,0.0211538461538462
"crane",22,"inla_spde_st",3,"binary",0,0.0110811350473165,0.0211538461538462
"crane",22,"inla_spde_st",3,"binary",0,0.171473782377628,0.0211538461538462
"crane",22,"inla_spde_st",3,"binary",0,0.00484392138817564,0.0211538461538462
"crane",22,"inla_spde_st",3,"binary",0,0.00356791913587313,0.0211538461538462
"crane",22,"inla_spde_st",3,"binary",0,0.00341405587590443,0.0211538461538462
"crane",22,"inla_spde_st",3,"binary",0,0.00636882795365948,0.0211538461538462
"crane",22,"inla_spde_st",3,"binary",0,0.00551542213580451,0.0211538461538462
"crane",22,"inla_spde_st",3,"binary",0,0.00525796128780744,0.0211538461538462
"crane",22,"inla_spde_st",3,"binary",0,0.00351603176510384,0.0211538461538462
"crane",22,"inla_spde_st",3,"binary",0,0.00342735798066445,0.0211538461538462
"crane",22,"inla_spde_st",3,"binary",0,0.00252440663508165,0.0211538461538462
"crane",22,"inla_spde_st",3,"binary",0,0.280646919924037,0.0211538461538462
"crane",22,"inla_spde_st",3,"binary",0,0.00337829878346495,0.0211538461538462
"crane",22,"inla_spde_st",3,"binary",0,0.00587134315499992,0.0211538461538462
"crane",22,"inla_spde_st",3,"binary",0,0.131879027369169,0.0211538461538462
"crane",22,"inla_spde_st",3,"binary",0,0.0044382766744614,0.0211538461538462
"crane",22,"inla_spde_st",3,"binary",0,0.00459307400068111,0.0211538461538462
"crane",22,"inla_spde_st",3,"binary",0,0.0192429263138408,0.0211538461538462
"crane",22,"inla_spde_st",3,"binary",0,0.0049716516041208,0.0211538461538462
"crane",22,"inla_spde_st",3,"binary",0,0.00636210367041191,0.0211538461538462
"crane",22,"inla_spde_st",3,"binary",0,0.0061580977974567,0.0211538461538462
"crane",22,"inla_spde_st",3,"binary",0,0.0070740964270947,0.0211538461538462
"crane",22,"inla_spde_st",3,"binary",0,0.00675636784151367,0.0211538461538462
"crane",22,"inla_spde_st",3,"binary",0,0.0061877908686444,0.0211538461538462
"crane",22,"inla_spde_st",3,"binary",0,0.00596454054090702,0.0211538461538462
"crane",22,"inla_spde_st",3,"binary",0,0.00577076655582568,0.0211538461538462
"crane",22,"inla_spde_st",3,"binary",0,0.0114512047805457,0.0211538461538462
"crane",22,"inla_spde_st",3,"binary",0,0.172579971759748,0.0211538461538462
"crane",22,"inla_spde_st",3,"binary",0,0.0063404477032394,0.0211538461538462
"crane",22,"inla_spde_st",3,"binary",0,0.00393937285278219,0.0211538461538462
"crane",22,"inla_spde_st",3,"binary",0,0.0055582815179964,0.0211538461538462
"crane",22,"inla_spde_st",3,"binary",0,0.00828539698540371,0.0211538461538462
"crane",22,"inla_spde_st",3,"binary",0,0.00522324329969662,0.0211538461538462
"crane",22,"inla_spde_st",3,"binary",0,0.00536495095504078,0.0211538461538462
"crane",22,"inla_spde_st",3,"binary",0,0.00287457206794673,0.0211538461538462
"crane",22,"inla_spde_st",3,"binary",0,0.00349012153352344,0.0211538461538462
"crane",22,"inla_spde_st",3,"binary",0,0.00244651793324265,0.0211538461538462
"crane",22,"inla_spde_st",3,"binary",0,0.294906117927645,0.0211538461538462
"crane",22,"inla_spde_st",3,"binary",0,0.00375724447624499,0.0211538461538462
"crane",22,"inla_spde_st",3,"binary",0,0.00688312796841145,0.0211538461538462
"crane",22,"inla_spde_st",3,"binary",0,0.136315275237481,0.0211538461538462
"crane",22,"inla_spde_st",3,"binary",0,0.00523588493835519,0.0211538461538462
"crane",22,"inla_spde_st",3,"binary",0,0.00468440095787918,0.0211538461538462
"crane",22,"inla_spde_st",3,"binary",0,0.0248737797377524,0.0211538461538462
"crane",22,"inla_spde_st",3,"binary",0,0.00621242317867288,0.0211538461538462
"crane",22,"inla_spde_st",3,"binary",0,0.00661976595092933,0.0211538461538462
"crane",22,"inla_spde_st",3,"binary",0,0.00634562008701099,0.0211538461538462
"crane",22,"inla_spde_st",3,"binary",0,0.00715647328195888,0.0211538461538462
"crane",22,"inla_spde_st",3,"binary",0,0.00620465821048001,0.0211538461538462
"crane",22,"inla_spde_st",3,"binary",0,0.00551906245659947,0.0211538461538462
"crane",22,"inla_spde_st",3,"binary",0,0.00529866354922816,0.0211538461538462
"crane",22,"inla_spde_st",3,"binary",0,0.00525716042278173,0.0211538461538462
"crane",22,"inla_spde_st",3,"binary",0,0.00913052757644069,0.0211538461538462
"crane",22,"inla_spde_st",3,"binary",0,0.178124665587739,0.0211538461538462
"crane",22,"inla_spde_st",3,"binary",0,0.00528692131972708,0.0211538461538462
"crane",22,"inla_spde_st",4,"binary",0,0.000144271084767244,0.0188679245283019
"crane",22,"inla_spde_st",4,"binary",0,2.02108349000757e-05,0.0188679245283019
"crane",22,"inla_spde_st",4,"binary",0,0.0167234181977557,0.0188679245283019
"crane",22,"inla_spde_st",4,"binary",0,0.00296874013998247,0.0188679245283019
"crane",22,"inla_spde_st",4,"binary",0,0.000418599249436937,0.0188679245283019
"crane",22,"inla_spde_st",4,"binary",0,0.000911166252732928,0.0188679245283019
"crane",22,"inla_spde_st",4,"binary",0,0.00107745247823773,0.0188679245283019
"crane",22,"inla_spde_st",4,"binary",0,7.15553553257834e-06,0.0188679245283019
"crane",22,"inla_spde_st",4,"binary",0,0.00156582075838636,0.0188679245283019
"crane",22,"inla_spde_st",4,"binary",0,4.02707276728269e-05,0.0188679245283019
"crane",22,"inla_spde_st",4,"binary",0,0.000908639174147058,0.0188679245283019
"crane",22,"inla_spde_st",4,"binary",0,2.28207217394694e-05,0.0188679245283019
"crane",22,"inla_spde_st",4,"binary",0,8.9016872578499e-05,0.0188679245283019
"crane",22,"inla_spde_st",4,"binary",0,0.000754730819393255,0.0188679245283019
"crane",22,"inla_spde_st",4,"binary",0,4.98646760497297e-05,0.0188679245283019
"crane",22,"inla_spde_st",4,"binary",0,0.00205219437606791,0.0188679245283019
"crane",22,"inla_spde_st",4,"binary",0,0.00212069319034264,0.0188679245283019
"crane",22,"inla_spde_st",4,"binary",0,0.00105869233037437,0.0188679245283019
"crane",22,"inla_spde_st",4,"binary",0,0.00104309474603838,0.0188679245283019
"crane",22,"inla_spde_st",4,"binary",0,7.34779844672739e-06,0.0188679245283019
"crane",22,"inla_spde_st",4,"binary",0,0.00106837141228278,0.0188679245283019
"crane",22,"inla_spde_st",4,"binary",0,1.29028141187984e-06,0.0188679245283019
"crane",22,"inla_spde_st",4,"binary",0,0.00201277725793958,0.0188679245283019
"crane",22,"inla_spde_st",4,"binary",0,0.000702864026026255,0.0188679245283019
"crane",22,"inla_spde_st",4,"binary",0,0.000185435166446156,0.0188679245283019
"crane",22,"inla_spde_st",4,"binary",0,1.93185590179747e-05,0.0188679245283019
"crane",22,"inla_spde_st",4,"binary",0,0.0163266625650333,0.0188679245283019
"crane",22,"inla_spde_st",4,"binary",0,0.00174537274043883,0.0188679245283019
"crane",22,"inla_spde_st",4,"binary",0,8.00206734166465e-05,0.0188679245283019
"crane",22,"inla_spde_st",4,"binary",0,0.000868180686427083,0.0188679245283019
"crane",22,"inla_spde_st",4,"binary",0,0.00110091207015681,0.0188679245283019
"crane",22,"inla_spde_st",4,"binary",0,7.10677102965582e-06,0.0188679245283019
"crane",22,"inla_spde_st",4,"binary",0,0.000916506246667321,0.0188679245283019
"crane",22,"inla_spde_st",4,"binary",0,1.95884909991852e-05,0.0188679245283019
"crane",22,"inla_spde_st",4,"binary",0,0.000662989523445998,0.0188679245283019
"crane",22,"inla_spde_st",4,"binary",0,2.5455284870272e-05,0.0188679245283019
"crane",22,"inla_spde_st",4,"binary",0,3.75485840552676e-05,0.0188679245283019
"crane",22,"inla_spde_st",4,"binary",0,0.000776620292247043,0.0188679245283019
"crane",22,"inla_spde_st",4,"binary",0,2.14846009705443e-05,0.0188679245283019
"crane",22,"inla_spde_st",4,"binary",0,0.00173542591654912,0.0188679245283019
"crane",22,"inla_spde_st",4,"binary",0,0.00181925986934152,0.0188679245283019
"crane",22,"inla_spde_st",4,"binary",0,0.0010369835541063,0.0188679245283019
"crane",22,"inla_spde_st",4,"binary",0,0.0010335289685283,0.0188679245283019
"crane",22,"inla_spde_st",4,"binary",0,5.35429780069456e-06,0.0188679245283019
"crane",22,"inla_spde_st",4,"binary",0,0.00105883013058706,0.0188679245283019
"crane",22,"inla_spde_st",4,"binary",0,1.61184446089203e-06,0.0188679245283019
"crane",22,"inla_spde_st",4,"binary",0,0.00200576361555591,0.0188679245283019
"crane",22,"inla_spde_st",4,"binary",0,0.000828760578095108,0.0188679245283019
"crane",22,"inla_spde_st",4,"binary",0,0.000187178457407388,0.0188679245283019
"crane",22,"inla_spde_st",4,"binary",0,1.95519784961484e-05,0.0188679245283019
"crane",22,"inla_spde_st",4,"binary",0,0.0156386822042463,0.0188679245283019
"crane",22,"inla_spde_st",4,"binary",0,0.00127840472356632,0.0188679245283019
"crane",22,"inla_spde_st",4,"binary",0,3.78839154254036e-05,0.0188679245283019
"crane",22,"inla_spde_st",4,"binary",0,0.000958445249180742,0.0188679245283019
"crane",22,"inla_spde_st",4,"binary",0,0.00107013577488071,0.0188679245283019
"crane",22,"inla_spde_st",4,"binary",0,5.83763579197154e-06,0.0188679245283019
"crane",22,"inla_spde_st",4,"binary",0,0.000615824575599183,0.0188679245283019
"crane",22,"inla_spde_st",4,"binary",0,2.13335954974056e-05,0.0188679245283019
"crane",22,"inla_spde_st",4,"binary",0,0.000738666305704956,0.0188679245283019
"crane",22,"inla_spde_st",4,"binary",0,2.73488718376629e-05,0.0188679245283019
"crane",22,"inla_spde_st",4,"binary",0,3.03295557811724e-05,0.0188679245283019
"crane",22,"inla_spde_st",4,"binary",0,0.000658938242824773,0.0188679245283019
"crane",22,"inla_spde_st",4,"binary",0,4.33903119023661e-05,0.0188679245283019
"crane",22,"inla_spde_st",4,"binary",0,0.001940524635182,0.0188679245283019
"crane",22,"inla_spde_st",4,"binary",0,0.00187812605956236,0.0188679245283019
"crane",22,"inla_spde_st",4,"binary",0,0.0010268226994457,0.0188679245283019
"crane",22,"inla_spde_st",4,"binary",0,0.00102308501963204,0.0188679245283019
"crane",22,"inla_spde_st",4,"binary",0,7.41999650536834e-06,0.0188679245283019
"crane",22,"inla_spde_st",4,"binary",0,0.00105605015792012,0.0188679245283019
"crane",22,"inla_spde_st",4,"binary",0,6.49356746957258e-06,0.0188679245283019
"crane",22,"inla_spde_st",4,"binary",0,0.00187617515416427,0.0188679245283019
"crane",22,"inla_spde_st",4,"binary",0,0.000775955869185801,0.0188679245283019
"crane",22,"inla_spde_st",4,"binary",0,0.000210463588990592,0.0188679245283019
"crane",22,"inla_spde_st",4,"binary",0,2.449710915393e-05,0.0188679245283019
"crane",22,"inla_spde_st",4,"binary",0,0.0170804508901285,0.0188679245283019
"crane",22,"inla_spde_st",4,"binary",0,0.00122047350850001,0.0188679245283019
"crane",22,"inla_spde_st",4,"binary",0,3.37856872780844e-05,0.0188679245283019
"crane",22,"inla_spde_st",4,"binary",0,0.000939365091233911,0.0188679245283019
"crane",22,"inla_spde_st",4,"binary",0,0.00105665045037032,0.0188679245283019
"crane",22,"inla_spde_st",4,"binary",0,6.41388591356438e-06,0.0188679245283019
"crane",22,"inla_spde_st",4,"binary",0,0.000613034716955898,0.0188679245283019
"crane",22,"inla_spde_st",4,"binary",0,2.17719067744352e-05,0.0188679245283019
"crane",22,"inla_spde_st",4,"binary",0,0.000782672306173702,0.0188679245283019
"crane",22,"inla_spde_st",4,"binary",0,7.74734455351974e-05,0.0188679245283019
"crane",22,"inla_spde_st",4,"binary",0,0.000117572525458272,0.0188679245283019
"crane",22,"inla_spde_st",4,"binary",0,0.000757054394706486,0.0188679245283019
"crane",22,"inla_spde_st",4,"binary",0,3.01822979718138e-05,0.0188679245283019
"crane",22,"inla_spde_st",4,"binary",0,0.00179615801173562,0.0188679245283019
"crane",22,"inla_spde_st",4,"binary",0,0.00192738359567633,0.0188679245283019
"crane",22,"inla_spde_st",4,"binary",0,0.00104459033152604,0.0188679245283019
"crane",22,"inla_spde_st",4,"binary",0,0.00104160841709561,0.0188679245283019
"crane",22,"inla_spde_st",4,"binary",0,6.86058063056466e-06,0.0188679245283019
"crane",22,"inla_spde_st",4,"binary",0,0.00107630584271065,0.0188679245283019
"crane",22,"inla_spde_st",4,"binary",0,3.43282020823795e-06,0.0188679245283019
"crane",22,"inla_spde_st",4,"binary",0,0.00198756669605302,0.0188679245283019
"crane",22,"inla_spde_st",4,"binary",0,0.000769980340602163,0.0188679245283019
"crane",22,"inla_spde_st",4,"binary",0,0.000139259822210534,0.0188679245283019
"crane",22,"inla_spde_st",4,"binary",0,2.82949352744673e-05,0.0188679245283019
"crane",22,"inla_spde_st",4,"binary",1,0.0175328779259846,0.0188679245283019
"crane",22,"inla_spde_st",4,"binary",0,0.0022418386821806,0.0188679245283019
"crane",22,"inla_spde_st",4,"binary",0,0.000307829248603075,0.0188679245283019
"crane",22,"inla_spde_st",4,"binary",0,0.000998656679979491,0.0188679245283019
"crane",22,"inla_spde_st",4,"binary",0,0.00153533050717665,0.0188679245283019
"crane",22,"inla_spde_st",4,"binary",0,6.64304893777682e-06,0.0188679245283019
"crane",22,"inla_spde_st",4,"binary",0,0.00167787873115222,0.0188679245283019
"crane",22,"inla_spde_st",4,"binary",0,2.64712628546459e-05,0.0188679245283019
"crane",22,"inla_spde_st",4,"binary",0,0.000999519802013997,0.0188679245283019
"crane",22,"inla_spde_st",4,"binary",0,7.26504494765376e-05,0.0188679245283019
"crane",22,"inla_spde_st",4,"binary",0,0.000111149189364504,0.0188679245283019
"crane",22,"inla_spde_st",4,"binary",0,0.000783281682165284,0.0188679245283019
"crane",22,"inla_spde_st",4,"binary",0,5.06257309633789e-05,0.0188679245283019
"crane",22,"inla_spde_st",4,"binary",0,0.00171036744756467,0.0188679245283019
"crane",22,"inla_spde_st",4,"binary",0,0.00179954471797881,0.0188679245283019
"crane",22,"inla_spde_st",4,"binary",0,0.00101617108265877,0.0188679245283019
"crane",22,"inla_spde_st",4,"binary",0,0.00101632921453081,0.0188679245283019
"crane",22,"inla_spde_st",4,"binary",0,8.05215250097646e-06,0.0188679245283019
"crane",22,"inla_spde_st",4,"binary",0,0.00106518427869129,0.0188679245283019
"crane",22,"inla_spde_st",4,"binary",0,3.21714473197027e-06,0.0188679245283019
"crane",22,"inla_spde_st",4,"binary",0,0.00190635501336097,0.0188679245283019
"crane",22,"inla_spde_st",4,"binary",0,0.000858236260605231,0.0188679245283019
"crane",22,"inla_spde_st",5,"binary",0,0.00275249850678957,0.0207547169811321
"crane",22,"inla_spde_st",5,"binary",0,0.00220795545700982,0.0207547169811321
"crane",22,"inla_spde_st",5,"binary",0,0.00268434592256488,0.0207547169811321
"crane",22,"inla_spde_st",5,"binary",0,0.00179572659278961,0.0207547169811321
"crane",22,"inla_spde_st",5,"binary",0,0.00120772697742605,0.0207547169811321
"crane",22,"inla_spde_st",5,"binary",0,0.00133831119804061,0.0207547169811321
"crane",22,"inla_spde_st",5,"binary",0,0.00178934140108457,0.0207547169811321
"crane",22,"inla_spde_st",5,"binary",0,0.00171976842385324,0.0207547169811321
"crane",22,"inla_spde_st",5,"binary",0,0.00145984319653551,0.0207547169811321
"crane",22,"inla_spde_st",5,"binary",0,0.00368494453879832,0.0207547169811321
"crane",22,"inla_spde_st",5,"binary",0,0.0040504573335257,0.0207547169811321
"crane",22,"inla_spde_st",5,"binary",0,0.0115490918181528,0.0207547169811321
"crane",22,"inla_spde_st",5,"binary",0,0.00488190154561867,0.0207547169811321
"crane",22,"inla_spde_st",5,"binary",0,0.00550681017556313,0.0207547169811321
"crane",22,"inla_spde_st",5,"binary",0,0.00598640718649807,0.0207547169811321
"crane",22,"inla_spde_st",5,"binary",0,0.00626303418836754,0.0207547169811321
"crane",22,"inla_spde_st",5,"binary",0,0.00724215226435733,0.0207547169811321
"crane",22,"inla_spde_st",5,"binary",0,0.00508197618335162,0.0207547169811321
"crane",22,"inla_spde_st",5,"binary",0,0.0047401418318714,0.0207547169811321
"crane",22,"inla_spde_st",5,"binary",0,0.00250273054301329,0.0207547169811321
"crane",22,"inla_spde_st",5,"binary",0,0.00336555919420891,0.0207547169811321
"crane",22,"inla_spde_st",5,"binary",0,0.00356918568181467,0.0207547169811321
"crane",22,"inla_spde_st",5,"binary",0,0.00520627857303857,0.0207547169811321
"crane",22,"inla_spde_st",5,"binary",0,0.0017798978979229,0.0207547169811321
"crane",22,"inla_spde_st",5,"binary",0,0.00327202090438773,0.0207547169811321
"crane",22,"inla_spde_st",5,"binary",0,0.00236889726134395,0.0207547169811321
"crane",22,"inla_spde_st",5,"binary",0,0.00322539013123712,0.0207547169811321
"crane",22,"inla_spde_st",5,"binary",0,0.00195074678451262,0.0207547169811321
"crane",22,"inla_spde_st",5,"binary",0,0.00125451404806029,0.0207547169811321
"crane",22,"inla_spde_st",5,"binary",0,0.00142673480802638,0.0207547169811321
"crane",22,"inla_spde_st",5,"binary",0,0.00136295971907516,0.0207547169811321
"crane",22,"inla_spde_st",5,"binary",0,0.00177829939416137,0.0207547169811321
"crane",22,"inla_spde_st",5,"binary",0,0.00132995441508389,0.0207547169811321
"crane",22,"inla_spde_st",5,"binary",0,0.00232742340231919,0.0207547169811321
"crane",22,"inla_spde_st",5,"binary",0,0.00353157489853029,0.0207547169811321
"crane",22,"inla_spde_st",5,"binary",0,0.0114336793278018,0.0207547169811321
"crane",22,"inla_spde_st",5,"binary",0,0.004591895019592,0.0207547169811321
"crane",22,"inla_spde_st",5,"binary",0,0.00526356561647615,0.0207547169811321
"crane",22,"inla_spde_st",5,"binary",0,0.00575155508430052,0.0207547169811321
"crane",22,"inla_spde_st",5,"binary",0,0.005948924122035,0.0207547169811321
"crane",22,"inla_spde_st",5,"binary",0,0.00688532086258898,0.0207547169811321
"crane",22,"inla_spde_st",5,"binary",0,0.00469552485405322,0.0207547169811321
"crane",22,"inla_spde_st",5,"binary",0,0.00460680523972543,0.0207547169811321
"crane",22,"inla_spde_st",5,"binary",0,0.00362594218917658,0.0207547169811321
"crane",22,"inla_spde_st",5,"binary",0,0.00281598907060056,0.0207547169811321
"crane",22,"inla_spde_st",5,"binary",0,0.00425287191216983,0.0207547169811321
"crane",22,"inla_spde_st",5,"binary",0,0.00638513060729911,0.0207547169811321
"crane",22,"inla_spde_st",5,"binary",0,0.00252072150549806,0.0207547169811321
"crane",22,"inla_spde_st",5,"binary",0,0.00226964051465759,0.0207547169811321
"crane",22,"inla_spde_st",5,"binary",0,0.00214782652042037,0.0207547169811321
"crane",22,"inla_spde_st",5,"binary",0,0.0021845461827357,0.0207547169811321
"crane",22,"inla_spde_st",5,"binary",0,0.00158006616119564,0.0207547169811321
"crane",22,"inla_spde_st",5,"binary",0,0.000827783852425598,0.0207547169811321
"crane",22,"inla_spde_st",5,"binary",0,0.000949976349717339,0.0207547169811321
"crane",22,"inla_spde_st",5,"binary",0,0.000868721833124613,0.0207547169811321
"crane",22,"inla_spde_st",5,"binary",0,0.00114890615628907,0.0207547169811321
"crane",22,"inla_spde_st",5,"binary",0,0.00125284565867504,0.0207547169811321
"crane",22,"inla_spde_st",5,"binary",0,0.0029270647578742,0.0207547169811321
"crane",22,"inla_spde_st",5,"binary",0,0.00328127827713537,0.0207547169811321
"crane",22,"inla_spde_st",5,"binary",0,0.00953713320872525,0.0207547169811321
"crane",22,"inla_spde_st",5,"binary",0,0.00368505044738668,0.0207547169811321
"crane",22,"inla_spde_st",5,"binary",0,0.00474252836088636,0.0207547169811321
"crane",22,"inla_spde_st",5,"binary",0,0.00521563051834184,0.0207547169811321
"crane",22,"inla_spde_st",5,"binary",0,0.00545630430657568,0.0207547169811321
"crane",22,"inla_spde_st",5,"binary",0,0.0066697815725449,0.0207547169811321
"crane",22,"inla_spde_st",5,"binary",0,0.00370003136518999,0.0207547169811321
"crane",22,"inla_spde_st",5,"binary",0,0.00514106591351559,0.0207547169811321
"crane",22,"inla_spde_st",5,"binary",0,0.00343628316315297,0.0207547169811321
"crane",22,"inla_spde_st",5,"binary",0,0.00254355062719784,0.0207547169811321
"crane",22,"inla_spde_st",5,"binary",0,0.00427400658114188,0.0207547169811321
"crane",22,"inla_spde_st",5,"binary",0,0.0058701243480188,0.0207547169811321
"crane",22,"inla_spde_st",5,"binary",0,0.00259659624609825,0.0207547169811321
"crane",22,"inla_spde_st",5,"binary",0,0.00329384706194935,0.0207547169811321
"crane",22,"inla_spde_st",5,"binary",0,0.00278336431830547,0.0207547169811321
"crane",22,"inla_spde_st",5,"binary",0,0.00343035236159088,0.0207547169811321
"crane",22,"inla_spde_st",5,"binary",0,0.00233329050624234,0.0207547169811321
"crane",22,"inla_spde_st",5,"binary",0,0.00213234003242152,0.0207547169811321
"crane",22,"inla_spde_st",5,"binary",0,0.00227524253383965,0.0207547169811321
"crane",22,"inla_spde_st",5,"binary",0,0.00218369701904017,0.0207547169811321
"crane",22,"inla_spde_st",5,"binary",0,0.00248959924320552,0.0207547169811321
"crane",22,"inla_spde_st",5,"binary",0,0.00144004885320795,0.0207547169811321
"crane",22,"inla_spde_st",5,"binary",0,0.00175043736790934,0.0207547169811321
"crane",22,"inla_spde_st",5,"binary",0,0.00258872335100141,0.0207547169811321
"crane",22,"inla_spde_st",5,"binary",0,0.01146430205456,0.0207547169811321
"crane",22,"inla_spde_st",5,"binary",0,0.00295994944988583,0.0207547169811321
"crane",22,"inla_spde_st",5,"binary",0,0.00370567115602343,0.0207547169811321
"crane",22,"inla_spde_st",5,"binary",0,0.00408445345037298,0.0207547169811321
"crane",22,"inla_spde_st",5,"binary",0,0.00449947330987042,0.0207547169811321
"crane",22,"inla_spde_st",5,"binary",0,0.00616174594974991,0.0207547169811321
"crane",22,"inla_spde_st",5,"binary",0,0.00333300608399441,0.0207547169811321
"crane",22,"inla_spde_st",5,"binary",0,0.00432451011331522,0.0207547169811321
"crane",22,"inla_spde_st",5,"binary",0,0.00298169038400406,0.0207547169811321
"crane",22,"inla_spde_st",5,"binary",0,0.00278002555690907,0.0207547169811321
"crane",22,"inla_spde_st",5,"binary",0,0.00391410910478403,0.0207547169811321
"crane",22,"inla_spde_st",5,"binary",0,0.00540300164871732,0.0207547169811321
"crane",22,"inla_spde_st",5,"binary",0,0.00103754658967973,0.0207547169811321
"crane",22,"inla_spde_st",5,"binary",0,0.003841117015414,0.0207547169811321
"crane",22,"inla_spde_st",5,"binary",0,0.00325355631300731,0.0207547169811321
"crane",22,"inla_spde_st",5,"binary",0,0.00384399015137873,0.0207547169811321
"crane",22,"inla_spde_st",5,"binary",0,0.00235086379513302,0.0207547169811321
"crane",22,"inla_spde_st",5,"binary",0,0.00269799694196601,0.0207547169811321
"crane",22,"inla_spde_st",5,"binary",0,0.00256855694007242,0.0207547169811321
"crane",22,"inla_spde_st",5,"binary",0,0.00317070984000216,0.0207547169811321
"crane",22,"inla_spde_st",5,"binary",0,0.00304200666682097,0.0207547169811321
"crane",22,"inla_spde_st",5,"binary",0,0.00145629975738055,0.0207547169811321
"crane",22,"inla_spde_st",5,"binary",0,0.00205638859857814,0.0207547169811321
"crane",22,"inla_spde_st",5,"binary",0,0.00235906318032388,0.0207547169811321
"crane",22,"inla_spde_st",5,"binary",0,0.0111770530024864,0.0207547169811321
"crane",22,"inla_spde_st",5,"binary",0,0.00264352521328414,0.0207547169811321
"crane",22,"inla_spde_st",5,"binary",0,0.00321799667449888,0.0207547169811321
"crane",22,"inla_spde_st",5,"binary",0,0.0034573779036682,0.0207547169811321
"crane",22,"inla_spde_st",5,"binary",0,0.00381055275812389,0.0207547169811321
"crane",22,"inla_spde_st",5,"binary",0,0.00474579650658949,0.0207547169811321
"crane",22,"inla_spde_st",5,"binary",0,0.00277211539464392,0.0207547169811321
"crane",22,"inla_spde_st",5,"binary",0,0.00396905611630649,0.0207547169811321
"crane",22,"inla_spde_st",5,"binary",0,0.00324510491357035,0.0207547169811321
"crane",22,"inla_spde_st",5,"binary",0,0.00168523711285691,0.0207547169811321
"crane",22,"inla_spde_st",5,"binary",0,0.00327101368931394,0.0207547169811321
"crane",22,"inla_spde_st",5,"binary",0,0.00424133150486572,0.0207547169811321
"crane",22,"inla_spde_st",5,"binary",0,0.00109299249683339,0.0207547169811321
