"dataset","seed","estimator","fold","typ","truth","pred","ytrain_mean"
"flapper",11,"baseline_mean",1,"binary",0,0.123214285714286,0.123214285714286
"flapper",11,"baseline_mean",1,"binary",0,0.123214285714286,0.123214285714286
"flapper",11,"baseline_mean",1,"binary",0,0.123214285714286,0.123214285714286
"flapper",11,"baseline_mean",1,"binary",0,0.123214285714286,0.123214285714286
"flapper",11,"baseline_mean",1,"binary",0,0.123214285714286,0.123214285714286
"flapper",11,"baseline_mean",1,"binary",0,0.123214285714286,0.123214285714286
"flapper",11,"baseline_mean",1,"binary",0,0.123214285714286,0.123214285714286
"flapper",11,"baseline_mean",1,"binary",1,0.123214285714286,0.123214285714286
"flapper",11,"baseline_mean",1,"binary",0,0.123214285714286,0.123214285714286
"flapper",11,"baseline_mean",1,"binary",0,0.123214285714286,0.123214285714286
"flapper",11,"baseline_mean",1,"binary",0,0.123214285714286,0.123214285714286
"flapper",11,"baseline_mean",1,"binary",0,0.123214285714286,0.123214285714286
"flapper",11,"baseline_mean",1,"binary",0,0.123214285714286,0.123214285714286
"flapper",11,"baseline_mean",1,"binary",0,0.123214285714286,0.123214285714286
"flapper",11,"baseline_mean",1,"binary",0,0.123214285714286,0.123214285714286
"flapper",11,"baseline_mean",1,"binary",0,0.123214285714286,0.123214285714286
"flapper",11,"baseline_mean",1,"binary",0,0.123214285714286,0.123214285714286
"flapper",11,"baseline_mean",1,"binary",0,0.123214285714286,0.123214285714286
"flapper",11,"baseline_mean",1,"binary",0,0.123214285714286,0.123214285714286
"flapper",11,"baseline_mean",1,"binary",0,0.123214285714286,0.123214285714286
"flapper",11,"baseline_mean",1,"binary",0,0.123214285714286,0.123214285714286
"flapper",11,"baseline_mean",1,"binary",0,0.123214285714286,0.123214285714286
"flapper",11,"baseline_mean",1,"binary",0,0.123214285714286,0.123214285714286
"flapper",11,"baseline_mean",1,"binary",0,0.123214285714286,0.123214285714286
"flapper",11,"baseline_mean",1,"binary",0,0.123214285714286,0.123214285714286
"flapper",11,"baseline_mean",1,"binary",1,0.123214285714286,0.123214285714286
"flapper",11,"baseline_mean",1,"binary",0,0.123214285714286,0.123214285714286
"flapper",11,"baseline_mean",1,"binary",0,0.123214285714286,0.123214285714286
"flapper",11,"baseline_mean",1,"binary",0,0.123214285714286,0.123214285714286
"flapper",11,"baseline_mean",1,"binary",0,0.123214285714286,0.123214285714286
"flapper",11,"baseline_mean",1,"binary",0,0.123214285714286,0.123214285714286
"flapper",11,"baseline_mean",1,"binary",1,0.123214285714286,0.123214285714286
"flapper",11,"baseline_mean",1,"binary",0,0.123214285714286,0.123214285714286
"flapper",11,"baseline_mean",1,"binary",0,0.123214285714286,0.123214285714286
"flapper",11,"baseline_mean",1,"binary",0,0.123214285714286,0.123214285714286
"flapper",11,"baseline_mean",1,"binary",0,0.123214285714286,0.123214285714286
"flapper",11,"baseline_mean",1,"binary",0,0.123214285714286,0.123214285714286
"flapper",11,"baseline_mean",1,"binary",0,0.123214285714286,0.123214285714286
"flapper",11,"baseline_mean",1,"binary",0,0.123214285714286,0.123214285714286
"flapper",11,"baseline_mean",1,"binary",0,0.123214285714286,0.123214285714286
"flapper",11,"baseline_mean",1,"binary",0,0.123214285714286,0.123214285714286
"flapper",11,"baseline_mean",1,"binary",0,0.123214285714286,0.123214285714286
"flapper",11,"baseline_mean",1,"binary",0,0.123214285714286,0.123214285714286
"flapper",11,"baseline_mean",1,"binary",0,0.123214285714286,0.123214285714286
"flapper",11,"baseline_mean",1,"binary",0,0.123214285714286,0.123214285714286
"flapper",11,"baseline_mean",1,"binary",0,0.123214285714286,0.123214285714286
"flapper",11,"baseline_mean",1,"binary",0,0.123214285714286,0.123214285714286
"flapper",11,"baseline_mean",1,"binary",0,0.123214285714286,0.123214285714286
"flapper",11,"baseline_mean",1,"binary",0,0.123214285714286,0.123214285714286
"flapper",11,"baseline_mean",1,"binary",0,0.123214285714286,0.123214285714286
"flapper",11,"baseline_mean",1,"binary",0,0.123214285714286,0.123214285714286
"flapper",11,"baseline_mean",1,"binary",0,0.123214285714286,0.123214285714286
"flapper",11,"baseline_mean",1,"binary",0,0.123214285714286,0.123214285714286
"flapper",11,"baseline_mean",1,"binary",0,0.123214285714286,0.123214285714286
"flapper",11,"baseline_mean",1,"binary",0,0.123214285714286,0.123214285714286
"flapper",11,"baseline_mean",1,"binary",0,0.123214285714286,0.123214285714286
"flapper",11,"baseline_mean",1,"binary",0,0.123214285714286,0.123214285714286
"flapper",11,"baseline_mean",1,"binary",0,0.123214285714286,0.123214285714286
"flapper",11,"baseline_mean",1,"binary",0,0.123214285714286,0.123214285714286
"flapper",11,"baseline_mean",1,"binary",0,0.123214285714286,0.123214285714286
"flapper",11,"baseline_mean",1,"binary",0,0.123214285714286,0.123214285714286
"flapper",11,"baseline_mean",1,"binary",0,0.123214285714286,0.123214285714286
"flapper",11,"baseline_mean",1,"binary",0,0.123214285714286,0.123214285714286
"flapper",11,"baseline_mean",1,"binary",0,0.123214285714286,0.123214285714286
"flapper",11,"baseline_mean",1,"binary",0,0.123214285714286,0.123214285714286
"flapper",11,"baseline_mean",1,"binary",0,0.123214285714286,0.123214285714286
"flapper",11,"baseline_mean",1,"binary",0,0.123214285714286,0.123214285714286
"flapper",11,"baseline_mean",1,"binary",0,0.123214285714286,0.123214285714286
"flapper",11,"baseline_mean",1,"binary",0,0.123214285714286,0.123214285714286
"flapper",11,"baseline_mean",1,"binary",0,0.123214285714286,0.123214285714286
"flapper",11,"baseline_mean",1,"binary",0,0.123214285714286,0.123214285714286
"flapper",11,"baseline_mean",1,"binary",0,0.123214285714286,0.123214285714286
"flapper",11,"baseline_mean",1,"binary",0,0.123214285714286,0.123214285714286
"flapper",11,"baseline_mean",1,"binary",0,0.123214285714286,0.123214285714286
"flapper",11,"baseline_mean",1,"binary",0,0.123214285714286,0.123214285714286
"flapper",11,"baseline_mean",1,"binary",0,0.123214285714286,0.123214285714286
"flapper",11,"baseline_mean",1,"binary",0,0.123214285714286,0.123214285714286
"flapper",11,"baseline_mean",1,"binary",0,0.123214285714286,0.123214285714286
"flapper",11,"baseline_mean",1,"binary",0,0.123214285714286,0.123214285714286
"flapper",11,"baseline_mean",1,"binary",0,0.123214285714286,0.123214285714286
"flapper",11,"baseline_mean",1,"binary",0,0.123214285714286,0.123214285714286
"flapper",11,"baseline_mean",1,"binary",0,0.123214285714286,0.123214285714286
"flapper",11,"baseline_mean",1,"binary",0,0.123214285714286,0.123214285714286
"flapper",11,"baseline_mean",1,"binary",0,0.123214285714286,0.123214285714286
"flapper",11,"baseline_mean",1,"binary",0,0.123214285714286,0.123214285714286
"flapper",11,"baseline_mean",1,"binary",0,0.123214285714286,0.123214285714286
"flapper",11,"baseline_mean",1,"binary",0,0.123214285714286,0.123214285714286
"flapper",11,"baseline_mean",1,"binary",0,0.123214285714286,0.123214285714286
"flapper",11,"baseline_mean",1,"binary",0,0.123214285714286,0.123214285714286
"flapper",11,"baseline_mean",1,"binary",0,0.123214285714286,0.123214285714286
"flapper",11,"baseline_mean",1,"binary",0,0.123214285714286,0.123214285714286
"flapper",11,"baseline_mean",1,"binary",0,0.123214285714286,0.123214285714286
"flapper",11,"baseline_mean",1,"binary",0,0.123214285714286,0.123214285714286
"flapper",11,"baseline_mean",1,"binary",0,0.123214285714286,0.123214285714286
"flapper",11,"baseline_mean",1,"binary",0,0.123214285714286,0.123214285714286
"flapper",11,"baseline_mean",1,"binary",0,0.123214285714286,0.123214285714286
"flapper",11,"baseline_mean",1,"binary",0,0.123214285714286,0.123214285714286
"flapper",11,"baseline_mean",1,"binary",0,0.123214285714286,0.123214285714286
"flapper",11,"baseline_mean",1,"binary",0,0.123214285714286,0.123214285714286
"flapper",11,"baseline_mean",1,"binary",0,0.123214285714286,0.123214285714286
"flapper",11,"baseline_mean",1,"binary",0,0.123214285714286,0.123214285714286
"flapper",11,"baseline_mean",1,"binary",0,0.123214285714286,0.123214285714286
"flapper",11,"baseline_mean",1,"binary",0,0.123214285714286,0.123214285714286
"flapper",11,"baseline_mean",1,"binary",0,0.123214285714286,0.123214285714286
"flapper",11,"baseline_mean",1,"binary",0,0.123214285714286,0.123214285714286
"flapper",11,"baseline_mean",1,"binary",0,0.123214285714286,0.123214285714286
"flapper",11,"baseline_mean",1,"binary",0,0.123214285714286,0.123214285714286
"flapper",11,"baseline_mean",1,"binary",0,0.123214285714286,0.123214285714286
"flapper",11,"baseline_mean",1,"binary",0,0.123214285714286,0.123214285714286
"flapper",11,"baseline_mean",1,"binary",0,0.123214285714286,0.123214285714286
"flapper",11,"baseline_mean",1,"binary",0,0.123214285714286,0.123214285714286
"flapper",11,"baseline_mean",1,"binary",0,0.123214285714286,0.123214285714286
"flapper",11,"baseline_mean",1,"binary",0,0.123214285714286,0.123214285714286
"flapper",11,"baseline_mean",1,"binary",0,0.123214285714286,0.123214285714286
"flapper",11,"baseline_mean",1,"binary",0,0.123214285714286,0.123214285714286
"flapper",11,"baseline_mean",1,"binary",0,0.123214285714286,0.123214285714286
"flapper",11,"baseline_mean",1,"binary",0,0.123214285714286,0.123214285714286
"flapper",11,"baseline_mean",1,"binary",0,0.123214285714286,0.123214285714286
"flapper",11,"baseline_mean",1,"binary",0,0.123214285714286,0.123214285714286
"flapper",11,"baseline_mean",1,"binary",0,0.123214285714286,0.123214285714286
"flapper",11,"baseline_mean",1,"binary",0,0.123214285714286,0.123214285714286
"flapper",11,"baseline_mean",1,"binary",0,0.123214285714286,0.123214285714286
"flapper",11,"baseline_mean",1,"binary",0,0.123214285714286,0.123214285714286
"flapper",11,"baseline_mean",1,"binary",0,0.123214285714286,0.123214285714286
"flapper",11,"baseline_mean",1,"binary",0,0.123214285714286,0.123214285714286
"flapper",11,"baseline_mean",1,"binary",0,0.123214285714286,0.123214285714286
"flapper",11,"baseline_mean",1,"binary",0,0.123214285714286,0.123214285714286
"flapper",11,"baseline_mean",1,"binary",0,0.123214285714286,0.123214285714286
"flapper",11,"baseline_mean",1,"binary",0,0.123214285714286,0.123214285714286
"flapper",11,"baseline_mean",1,"binary",0,0.123214285714286,0.123214285714286
"flapper",11,"baseline_mean",1,"binary",0,0.123214285714286,0.123214285714286
"flapper",11,"baseline_mean",1,"binary",0,0.123214285714286,0.123214285714286
"flapper",11,"baseline_mean",1,"binary",0,0.123214285714286,0.123214285714286
"flapper",11,"baseline_mean",1,"binary",0,0.123214285714286,0.123214285714286
"flapper",11,"baseline_mean",1,"binary",0,0.123214285714286,0.123214285714286
"flapper",11,"baseline_mean",1,"binary",0,0.123214285714286,0.123214285714286
"flapper",11,"baseline_mean",1,"binary",0,0.123214285714286,0.123214285714286
"flapper",11,"baseline_mean",1,"binary",0,0.123214285714286,0.123214285714286
"flapper",11,"baseline_mean",1,"binary",0,0.123214285714286,0.123214285714286
"flapper",11,"baseline_mean",1,"binary",0,0.123214285714286,0.123214285714286
"flapper",11,"baseline_mean",1,"binary",0,0.123214285714286,0.123214285714286
"flapper",11,"baseline_mean",1,"binary",0,0.123214285714286,0.123214285714286
"flapper",11,"baseline_mean",1,"binary",0,0.123214285714286,0.123214285714286
"flapper",11,"baseline_mean",1,"binary",0,0.123214285714286,0.123214285714286
"flapper",11,"baseline_mean",1,"binary",0,0.123214285714286,0.123214285714286
"flapper",11,"baseline_mean",1,"binary",0,0.123214285714286,0.123214285714286
"flapper",11,"baseline_mean",1,"binary",0,0.123214285714286,0.123214285714286
"flapper",11,"baseline_mean",2,"binary",0,0.0813148788927336,0.0813148788927336
"flapper",11,"baseline_mean",2,"binary",1,0.0813148788927336,0.0813148788927336
"flapper",11,"baseline_mean",2,"binary",0,0.0813148788927336,0.0813148788927336
"flapper",11,"baseline_mean",2,"binary",0,0.0813148788927336,0.0813148788927336
"flapper",11,"baseline_mean",2,"binary",1,0.0813148788927336,0.0813148788927336
"flapper",11,"baseline_mean",2,"binary",0,0.0813148788927336,0.0813148788927336
"flapper",11,"baseline_mean",2,"binary",0,0.0813148788927336,0.0813148788927336
"flapper",11,"baseline_mean",2,"binary",0,0.0813148788927336,0.0813148788927336
"flapper",11,"baseline_mean",2,"binary",0,0.0813148788927336,0.0813148788927336
"flapper",11,"baseline_mean",2,"binary",0,0.0813148788927336,0.0813148788927336
"flapper",11,"baseline_mean",2,"binary",0,0.0813148788927336,0.0813148788927336
"flapper",11,"baseline_mean",2,"binary",0,0.0813148788927336,0.0813148788927336
"flapper",11,"baseline_mean",2,"binary",0,0.0813148788927336,0.0813148788927336
"flapper",11,"baseline_mean",2,"binary",0,0.0813148788927336,0.0813148788927336
"flapper",11,"baseline_mean",2,"binary",0,0.0813148788927336,0.0813148788927336
"flapper",11,"baseline_mean",2,"binary",0,0.0813148788927336,0.0813148788927336
"flapper",11,"baseline_mean",2,"binary",1,0.0813148788927336,0.0813148788927336
"flapper",11,"baseline_mean",2,"binary",1,0.0813148788927336,0.0813148788927336
"flapper",11,"baseline_mean",2,"binary",0,0.0813148788927336,0.0813148788927336
"flapper",11,"baseline_mean",2,"binary",1,0.0813148788927336,0.0813148788927336
"flapper",11,"baseline_mean",2,"binary",0,0.0813148788927336,0.0813148788927336
"flapper",11,"baseline_mean",2,"binary",1,0.0813148788927336,0.0813148788927336
"flapper",11,"baseline_mean",2,"binary",1,0.0813148788927336,0.0813148788927336
"flapper",11,"baseline_mean",2,"binary",0,0.0813148788927336,0.0813148788927336
"flapper",11,"baseline_mean",2,"binary",0,0.0813148788927336,0.0813148788927336
"flapper",11,"baseline_mean",2,"binary",0,0.0813148788927336,0.0813148788927336
"flapper",11,"baseline_mean",2,"binary",0,0.0813148788927336,0.0813148788927336
"flapper",11,"baseline_mean",2,"binary",0,0.0813148788927336,0.0813148788927336
"flapper",11,"baseline_mean",2,"binary",0,0.0813148788927336,0.0813148788927336
"flapper",11,"baseline_mean",2,"binary",0,0.0813148788927336,0.0813148788927336
"flapper",11,"baseline_mean",2,"binary",0,0.0813148788927336,0.0813148788927336
"flapper",11,"baseline_mean",2,"binary",0,0.0813148788927336,0.0813148788927336
"flapper",11,"baseline_mean",2,"binary",0,0.0813148788927336,0.0813148788927336
"flapper",11,"baseline_mean",2,"binary",0,0.0813148788927336,0.0813148788927336
"flapper",11,"baseline_mean",2,"binary",0,0.0813148788927336,0.0813148788927336
"flapper",11,"baseline_mean",2,"binary",0,0.0813148788927336,0.0813148788927336
"flapper",11,"baseline_mean",2,"binary",0,0.0813148788927336,0.0813148788927336
"flapper",11,"baseline_mean",2,"binary",0,0.0813148788927336,0.0813148788927336
"flapper",11,"baseline_mean",2,"binary",0,0.0813148788927336,0.0813148788927336
"flapper",11,"baseline_mean",2,"binary",1,0.0813148788927336,0.0813148788927336
"flapper",11,"baseline_mean",2,"binary",0,0.0813148788927336,0.0813148788927336
"flapper",11,"baseline_mean",2,"binary",0,0.0813148788927336,0.0813148788927336
"flapper",11,"baseline_mean",2,"binary",0,0.0813148788927336,0.0813148788927336
"flapper",11,"baseline_mean",2,"binary",0,0.0813148788927336,0.0813148788927336
"flapper",11,"baseline_mean",2,"binary",0,0.0813148788927336,0.0813148788927336
"flapper",11,"baseline_mean",2,"binary",0,0.0813148788927336,0.0813148788927336
"flapper",11,"baseline_mean",2,"binary",0,0.0813148788927336,0.0813148788927336
"flapper",11,"baseline_mean",2,"binary",0,0.0813148788927336,0.0813148788927336
"flapper",11,"baseline_mean",2,"binary",0,0.0813148788927336,0.0813148788927336
"flapper",11,"baseline_mean",2,"binary",0,0.0813148788927336,0.0813148788927336
"flapper",11,"baseline_mean",2,"binary",0,0.0813148788927336,0.0813148788927336
"flapper",11,"baseline_mean",2,"binary",0,0.0813148788927336,0.0813148788927336
"flapper",11,"baseline_mean",2,"binary",0,0.0813148788927336,0.0813148788927336
"flapper",11,"baseline_mean",2,"binary",0,0.0813148788927336,0.0813148788927336
"flapper",11,"baseline_mean",2,"binary",0,0.0813148788927336,0.0813148788927336
"flapper",11,"baseline_mean",2,"binary",0,0.0813148788927336,0.0813148788927336
"flapper",11,"baseline_mean",2,"binary",0,0.0813148788927336,0.0813148788927336
"flapper",11,"baseline_mean",2,"binary",0,0.0813148788927336,0.0813148788927336
"flapper",11,"baseline_mean",2,"binary",0,0.0813148788927336,0.0813148788927336
"flapper",11,"baseline_mean",2,"binary",0,0.0813148788927336,0.0813148788927336
"flapper",11,"baseline_mean",2,"binary",0,0.0813148788927336,0.0813148788927336
"flapper",11,"baseline_mean",2,"binary",0,0.0813148788927336,0.0813148788927336
"flapper",11,"baseline_mean",2,"binary",0,0.0813148788927336,0.0813148788927336
"flapper",11,"baseline_mean",2,"binary",0,0.0813148788927336,0.0813148788927336
"flapper",11,"baseline_mean",2,"binary",0,0.0813148788927336,0.0813148788927336
"flapper",11,"baseline_mean",2,"binary",0,0.0813148788927336,0.0813148788927336
"flapper",11,"baseline_mean",2,"binary",0,0.0813148788927336,0.0813148788927336
"flapper",11,"baseline_mean",2,"binary",0,0.0813148788927336,0.0813148788927336
"flapper",11,"baseline_mean",2,"binary",0,0.0813148788927336,0.0813148788927336
"flapper",11,"baseline_mean",2,"binary",0,0.0813148788927336,0.0813148788927336
"flapper",11,"baseline_mean",2,"binary",0,0.0813148788927336,0.0813148788927336
"flapper",11,"baseline_mean",2,"binary",1,0.0813148788927336,0.0813148788927336
"flapper",11,"baseline_mean",2,"binary",0,0.0813148788927336,0.0813148788927336
"flapper",11,"baseline_mean",2,"binary",0,0.0813148788927336,0.0813148788927336
"flapper",11,"baseline_mean",2,"binary",0,0.0813148788927336,0.0813148788927336
"flapper",11,"baseline_mean",2,"binary",1,0.0813148788927336,0.0813148788927336
"flapper",11,"baseline_mean",2,"binary",0,0.0813148788927336,0.0813148788927336
"flapper",11,"baseline_mean",2,"binary",1,0.0813148788927336,0.0813148788927336
"flapper",11,"baseline_mean",2,"binary",0,0.0813148788927336,0.0813148788927336
"flapper",11,"baseline_mean",2,"binary",0,0.0813148788927336,0.0813148788927336
"flapper",11,"baseline_mean",2,"binary",0,0.0813148788927336,0.0813148788927336
"flapper",11,"baseline_mean",2,"binary",0,0.0813148788927336,0.0813148788927336
"flapper",11,"baseline_mean",2,"binary",0,0.0813148788927336,0.0813148788927336
"flapper",11,"baseline_mean",2,"binary",0,0.0813148788927336,0.0813148788927336
"flapper",11,"baseline_mean",2,"binary",0,0.0813148788927336,0.0813148788927336
"flapper",11,"baseline_mean",2,"binary",0,0.0813148788927336,0.0813148788927336
"flapper",11,"baseline_mean",2,"binary",0,0.0813148788927336,0.0813148788927336
"flapper",11,"baseline_mean",2,"binary",1,0.0813148788927336,0.0813148788927336
"flapper",11,"baseline_mean",2,"binary",0,0.0813148788927336,0.0813148788927336
"flapper",11,"baseline_mean",2,"binary",0,0.0813148788927336,0.0813148788927336
"flapper",11,"baseline_mean",2,"binary",0,0.0813148788927336,0.0813148788927336
"flapper",11,"baseline_mean",2,"binary",0,0.0813148788927336,0.0813148788927336
"flapper",11,"baseline_mean",2,"binary",0,0.0813148788927336,0.0813148788927336
"flapper",11,"baseline_mean",2,"binary",0,0.0813148788927336,0.0813148788927336
"flapper",11,"baseline_mean",2,"binary",0,0.0813148788927336,0.0813148788927336
"flapper",11,"baseline_mean",2,"binary",0,0.0813148788927336,0.0813148788927336
"flapper",11,"baseline_mean",2,"binary",0,0.0813148788927336,0.0813148788927336
"flapper",11,"baseline_mean",2,"binary",0,0.0813148788927336,0.0813148788927336
"flapper",11,"baseline_mean",2,"binary",1,0.0813148788927336,0.0813148788927336
"flapper",11,"baseline_mean",2,"binary",0,0.0813148788927336,0.0813148788927336
"flapper",11,"baseline_mean",2,"binary",0,0.0813148788927336,0.0813148788927336
"flapper",11,"baseline_mean",2,"binary",1,0.0813148788927336,0.0813148788927336
"flapper",11,"baseline_mean",2,"binary",0,0.0813148788927336,0.0813148788927336
"flapper",11,"baseline_mean",2,"binary",0,0.0813148788927336,0.0813148788927336
"flapper",11,"baseline_mean",2,"binary",1,0.0813148788927336,0.0813148788927336
"flapper",11,"baseline_mean",2,"binary",1,0.0813148788927336,0.0813148788927336
"flapper",11,"baseline_mean",2,"binary",0,0.0813148788927336,0.0813148788927336
"flapper",11,"baseline_mean",2,"binary",0,0.0813148788927336,0.0813148788927336
"flapper",11,"baseline_mean",2,"binary",0,0.0813148788927336,0.0813148788927336
"flapper",11,"baseline_mean",2,"binary",1,0.0813148788927336,0.0813148788927336
"flapper",11,"baseline_mean",2,"binary",1,0.0813148788927336,0.0813148788927336
"flapper",11,"baseline_mean",2,"binary",1,0.0813148788927336,0.0813148788927336
"flapper",11,"baseline_mean",2,"binary",0,0.0813148788927336,0.0813148788927336
"flapper",11,"baseline_mean",2,"binary",0,0.0813148788927336,0.0813148788927336
"flapper",11,"baseline_mean",2,"binary",0,0.0813148788927336,0.0813148788927336
"flapper",11,"baseline_mean",2,"binary",0,0.0813148788927336,0.0813148788927336
"flapper",11,"baseline_mean",2,"binary",1,0.0813148788927336,0.0813148788927336
"flapper",11,"baseline_mean",2,"binary",0,0.0813148788927336,0.0813148788927336
"flapper",11,"baseline_mean",2,"binary",0,0.0813148788927336,0.0813148788927336
"flapper",11,"baseline_mean",2,"binary",0,0.0813148788927336,0.0813148788927336
"flapper",11,"baseline_mean",2,"binary",1,0.0813148788927336,0.0813148788927336
"flapper",11,"baseline_mean",2,"binary",0,0.0813148788927336,0.0813148788927336
"flapper",11,"baseline_mean",2,"binary",1,0.0813148788927336,0.0813148788927336
"flapper",11,"baseline_mean",2,"binary",0,0.0813148788927336,0.0813148788927336
"flapper",11,"baseline_mean",2,"binary",0,0.0813148788927336,0.0813148788927336
"flapper",11,"baseline_mean",2,"binary",1,0.0813148788927336,0.0813148788927336
"flapper",11,"baseline_mean",2,"binary",1,0.0813148788927336,0.0813148788927336
"flapper",11,"baseline_mean",2,"binary",0,0.0813148788927336,0.0813148788927336
"flapper",11,"baseline_mean",2,"binary",1,0.0813148788927336,0.0813148788927336
"flapper",11,"baseline_mean",3,"binary",1,0.0715563506261181,0.0715563506261181
"flapper",11,"baseline_mean",3,"binary",1,0.0715563506261181,0.0715563506261181
"flapper",11,"baseline_mean",3,"binary",1,0.0715563506261181,0.0715563506261181
"flapper",11,"baseline_mean",3,"binary",0,0.0715563506261181,0.0715563506261181
"flapper",11,"baseline_mean",3,"binary",1,0.0715563506261181,0.0715563506261181
"flapper",11,"baseline_mean",3,"binary",1,0.0715563506261181,0.0715563506261181
"flapper",11,"baseline_mean",3,"binary",1,0.0715563506261181,0.0715563506261181
"flapper",11,"baseline_mean",3,"binary",0,0.0715563506261181,0.0715563506261181
"flapper",11,"baseline_mean",3,"binary",0,0.0715563506261181,0.0715563506261181
"flapper",11,"baseline_mean",3,"binary",0,0.0715563506261181,0.0715563506261181
"flapper",11,"baseline_mean",3,"binary",0,0.0715563506261181,0.0715563506261181
"flapper",11,"baseline_mean",3,"binary",0,0.0715563506261181,0.0715563506261181
"flapper",11,"baseline_mean",3,"binary",0,0.0715563506261181,0.0715563506261181
"flapper",11,"baseline_mean",3,"binary",1,0.0715563506261181,0.0715563506261181
"flapper",11,"baseline_mean",3,"binary",1,0.0715563506261181,0.0715563506261181
"flapper",11,"baseline_mean",3,"binary",0,0.0715563506261181,0.0715563506261181
"flapper",11,"baseline_mean",3,"binary",1,0.0715563506261181,0.0715563506261181
"flapper",11,"baseline_mean",3,"binary",1,0.0715563506261181,0.0715563506261181
"flapper",11,"baseline_mean",3,"binary",0,0.0715563506261181,0.0715563506261181
"flapper",11,"baseline_mean",3,"binary",0,0.0715563506261181,0.0715563506261181
"flapper",11,"baseline_mean",3,"binary",0,0.0715563506261181,0.0715563506261181
"flapper",11,"baseline_mean",3,"binary",0,0.0715563506261181,0.0715563506261181
"flapper",11,"baseline_mean",3,"binary",1,0.0715563506261181,0.0715563506261181
"flapper",11,"baseline_mean",3,"binary",1,0.0715563506261181,0.0715563506261181
"flapper",11,"baseline_mean",3,"binary",0,0.0715563506261181,0.0715563506261181
"flapper",11,"baseline_mean",3,"binary",0,0.0715563506261181,0.0715563506261181
"flapper",11,"baseline_mean",3,"binary",0,0.0715563506261181,0.0715563506261181
"flapper",11,"baseline_mean",3,"binary",0,0.0715563506261181,0.0715563506261181
"flapper",11,"baseline_mean",3,"binary",0,0.0715563506261181,0.0715563506261181
"flapper",11,"baseline_mean",3,"binary",0,0.0715563506261181,0.0715563506261181
"flapper",11,"baseline_mean",3,"binary",0,0.0715563506261181,0.0715563506261181
"flapper",11,"baseline_mean",3,"binary",0,0.0715563506261181,0.0715563506261181
"flapper",11,"baseline_mean",3,"binary",0,0.0715563506261181,0.0715563506261181
"flapper",11,"baseline_mean",3,"binary",0,0.0715563506261181,0.0715563506261181
"flapper",11,"baseline_mean",3,"binary",0,0.0715563506261181,0.0715563506261181
"flapper",11,"baseline_mean",3,"binary",0,0.0715563506261181,0.0715563506261181
"flapper",11,"baseline_mean",3,"binary",0,0.0715563506261181,0.0715563506261181
"flapper",11,"baseline_mean",3,"binary",0,0.0715563506261181,0.0715563506261181
"flapper",11,"baseline_mean",3,"binary",0,0.0715563506261181,0.0715563506261181
"flapper",11,"baseline_mean",3,"binary",0,0.0715563506261181,0.0715563506261181
"flapper",11,"baseline_mean",3,"binary",0,0.0715563506261181,0.0715563506261181
"flapper",11,"baseline_mean",3,"binary",0,0.0715563506261181,0.0715563506261181
"flapper",11,"baseline_mean",3,"binary",0,0.0715563506261181,0.0715563506261181
"flapper",11,"baseline_mean",3,"binary",0,0.0715563506261181,0.0715563506261181
"flapper",11,"baseline_mean",3,"binary",0,0.0715563506261181,0.0715563506261181
"flapper",11,"baseline_mean",3,"binary",0,0.0715563506261181,0.0715563506261181
"flapper",11,"baseline_mean",3,"binary",0,0.0715563506261181,0.0715563506261181
"flapper",11,"baseline_mean",3,"binary",0,0.0715563506261181,0.0715563506261181
"flapper",11,"baseline_mean",3,"binary",0,0.0715563506261181,0.0715563506261181
"flapper",11,"baseline_mean",3,"binary",0,0.0715563506261181,0.0715563506261181
"flapper",11,"baseline_mean",3,"binary",0,0.0715563506261181,0.0715563506261181
"flapper",11,"baseline_mean",3,"binary",0,0.0715563506261181,0.0715563506261181
"flapper",11,"baseline_mean",3,"binary",0,0.0715563506261181,0.0715563506261181
"flapper",11,"baseline_mean",3,"binary",0,0.0715563506261181,0.0715563506261181
"flapper",11,"baseline_mean",3,"binary",0,0.0715563506261181,0.0715563506261181
"flapper",11,"baseline_mean",3,"binary",0,0.0715563506261181,0.0715563506261181
"flapper",11,"baseline_mean",3,"binary",0,0.0715563506261181,0.0715563506261181
"flapper",11,"baseline_mean",3,"binary",0,0.0715563506261181,0.0715563506261181
"flapper",11,"baseline_mean",3,"binary",0,0.0715563506261181,0.0715563506261181
"flapper",11,"baseline_mean",3,"binary",0,0.0715563506261181,0.0715563506261181
"flapper",11,"baseline_mean",3,"binary",0,0.0715563506261181,0.0715563506261181
"flapper",11,"baseline_mean",3,"binary",0,0.0715563506261181,0.0715563506261181
"flapper",11,"baseline_mean",3,"binary",0,0.0715563506261181,0.0715563506261181
"flapper",11,"baseline_mean",3,"binary",0,0.0715563506261181,0.0715563506261181
"flapper",11,"baseline_mean",3,"binary",0,0.0715563506261181,0.0715563506261181
"flapper",11,"baseline_mean",3,"binary",0,0.0715563506261181,0.0715563506261181
"flapper",11,"baseline_mean",3,"binary",0,0.0715563506261181,0.0715563506261181
"flapper",11,"baseline_mean",3,"binary",0,0.0715563506261181,0.0715563506261181
"flapper",11,"baseline_mean",3,"binary",0,0.0715563506261181,0.0715563506261181
"flapper",11,"baseline_mean",3,"binary",0,0.0715563506261181,0.0715563506261181
"flapper",11,"baseline_mean",3,"binary",0,0.0715563506261181,0.0715563506261181
"flapper",11,"baseline_mean",3,"binary",0,0.0715563506261181,0.0715563506261181
"flapper",11,"baseline_mean",3,"binary",0,0.0715563506261181,0.0715563506261181
"flapper",11,"baseline_mean",3,"binary",0,0.0715563506261181,0.0715563506261181
"flapper",11,"baseline_mean",3,"binary",1,0.0715563506261181,0.0715563506261181
"flapper",11,"baseline_mean",3,"binary",0,0.0715563506261181,0.0715563506261181
"flapper",11,"baseline_mean",3,"binary",0,0.0715563506261181,0.0715563506261181
"flapper",11,"baseline_mean",3,"binary",1,0.0715563506261181,0.0715563506261181
"flapper",11,"baseline_mean",3,"binary",0,0.0715563506261181,0.0715563506261181
"flapper",11,"baseline_mean",3,"binary",0,0.0715563506261181,0.0715563506261181
"flapper",11,"baseline_mean",3,"binary",0,0.0715563506261181,0.0715563506261181
"flapper",11,"baseline_mean",3,"binary",0,0.0715563506261181,0.0715563506261181
"flapper",11,"baseline_mean",3,"binary",0,0.0715563506261181,0.0715563506261181
"flapper",11,"baseline_mean",3,"binary",0,0.0715563506261181,0.0715563506261181
"flapper",11,"baseline_mean",3,"binary",0,0.0715563506261181,0.0715563506261181
"flapper",11,"baseline_mean",3,"binary",0,0.0715563506261181,0.0715563506261181
"flapper",11,"baseline_mean",3,"binary",0,0.0715563506261181,0.0715563506261181
"flapper",11,"baseline_mean",3,"binary",0,0.0715563506261181,0.0715563506261181
"flapper",11,"baseline_mean",3,"binary",0,0.0715563506261181,0.0715563506261181
"flapper",11,"baseline_mean",3,"binary",0,0.0715563506261181,0.0715563506261181
"flapper",11,"baseline_mean",3,"binary",0,0.0715563506261181,0.0715563506261181
"flapper",11,"baseline_mean",3,"binary",0,0.0715563506261181,0.0715563506261181
"flapper",11,"baseline_mean",3,"binary",0,0.0715563506261181,0.0715563506261181
"flapper",11,"baseline_mean",3,"binary",0,0.0715563506261181,0.0715563506261181
"flapper",11,"baseline_mean",3,"binary",0,0.0715563506261181,0.0715563506261181
"flapper",11,"baseline_mean",3,"binary",0,0.0715563506261181,0.0715563506261181
"flapper",11,"baseline_mean",3,"binary",0,0.0715563506261181,0.0715563506261181
"flapper",11,"baseline_mean",3,"binary",0,0.0715563506261181,0.0715563506261181
"flapper",11,"baseline_mean",3,"binary",0,0.0715563506261181,0.0715563506261181
"flapper",11,"baseline_mean",3,"binary",0,0.0715563506261181,0.0715563506261181
"flapper",11,"baseline_mean",3,"binary",0,0.0715563506261181,0.0715563506261181
"flapper",11,"baseline_mean",3,"binary",0,0.0715563506261181,0.0715563506261181
"flapper",11,"baseline_mean",3,"binary",0,0.0715563506261181,0.0715563506261181
"flapper",11,"baseline_mean",3,"binary",0,0.0715563506261181,0.0715563506261181
"flapper",11,"baseline_mean",3,"binary",0,0.0715563506261181,0.0715563506261181
"flapper",11,"baseline_mean",3,"binary",0,0.0715563506261181,0.0715563506261181
"flapper",11,"baseline_mean",3,"binary",0,0.0715563506261181,0.0715563506261181
"flapper",11,"baseline_mean",3,"binary",1,0.0715563506261181,0.0715563506261181
"flapper",11,"baseline_mean",3,"binary",0,0.0715563506261181,0.0715563506261181
"flapper",11,"baseline_mean",3,"binary",1,0.0715563506261181,0.0715563506261181
"flapper",11,"baseline_mean",3,"binary",0,0.0715563506261181,0.0715563506261181
"flapper",11,"baseline_mean",3,"binary",0,0.0715563506261181,0.0715563506261181
"flapper",11,"baseline_mean",3,"binary",1,0.0715563506261181,0.0715563506261181
"flapper",11,"baseline_mean",3,"binary",1,0.0715563506261181,0.0715563506261181
"flapper",11,"baseline_mean",3,"binary",0,0.0715563506261181,0.0715563506261181
"flapper",11,"baseline_mean",3,"binary",0,0.0715563506261181,0.0715563506261181
"flapper",11,"baseline_mean",3,"binary",0,0.0715563506261181,0.0715563506261181
"flapper",11,"baseline_mean",3,"binary",1,0.0715563506261181,0.0715563506261181
"flapper",11,"baseline_mean",3,"binary",1,0.0715563506261181,0.0715563506261181
"flapper",11,"baseline_mean",3,"binary",0,0.0715563506261181,0.0715563506261181
"flapper",11,"baseline_mean",3,"binary",1,0.0715563506261181,0.0715563506261181
"flapper",11,"baseline_mean",3,"binary",0,0.0715563506261181,0.0715563506261181
"flapper",11,"baseline_mean",3,"binary",0,0.0715563506261181,0.0715563506261181
"flapper",11,"baseline_mean",3,"binary",1,0.0715563506261181,0.0715563506261181
"flapper",11,"baseline_mean",3,"binary",0,0.0715563506261181,0.0715563506261181
"flapper",11,"baseline_mean",3,"binary",0,0.0715563506261181,0.0715563506261181
"flapper",11,"baseline_mean",3,"binary",1,0.0715563506261181,0.0715563506261181
"flapper",11,"baseline_mean",3,"binary",1,0.0715563506261181,0.0715563506261181
"flapper",11,"baseline_mean",3,"binary",0,0.0715563506261181,0.0715563506261181
"flapper",11,"baseline_mean",3,"binary",1,0.0715563506261181,0.0715563506261181
"flapper",11,"baseline_mean",3,"binary",0,0.0715563506261181,0.0715563506261181
"flapper",11,"baseline_mean",3,"binary",1,0.0715563506261181,0.0715563506261181
"flapper",11,"baseline_mean",3,"binary",1,0.0715563506261181,0.0715563506261181
"flapper",11,"baseline_mean",3,"binary",0,0.0715563506261181,0.0715563506261181
"flapper",11,"baseline_mean",3,"binary",1,0.0715563506261181,0.0715563506261181
"flapper",11,"baseline_mean",3,"binary",0,0.0715563506261181,0.0715563506261181
"flapper",11,"baseline_mean",3,"binary",0,0.0715563506261181,0.0715563506261181
"flapper",11,"baseline_mean",3,"binary",0,0.0715563506261181,0.0715563506261181
"flapper",11,"baseline_mean",3,"binary",1,0.0715563506261181,0.0715563506261181
"flapper",11,"baseline_mean",3,"binary",0,0.0715563506261181,0.0715563506261181
"flapper",11,"baseline_mean",3,"binary",0,0.0715563506261181,0.0715563506261181
"flapper",11,"baseline_mean",3,"binary",0,0.0715563506261181,0.0715563506261181
"flapper",11,"baseline_mean",3,"binary",0,0.0715563506261181,0.0715563506261181
"flapper",11,"baseline_mean",3,"binary",1,0.0715563506261181,0.0715563506261181
"flapper",11,"baseline_mean",3,"binary",0,0.0715563506261181,0.0715563506261181
"flapper",11,"baseline_mean",3,"binary",1,0.0715563506261181,0.0715563506261181
"flapper",11,"baseline_mean",3,"binary",1,0.0715563506261181,0.0715563506261181
"flapper",11,"baseline_mean",3,"binary",0,0.0715563506261181,0.0715563506261181
"flapper",11,"baseline_mean",4,"binary",0,0.10873440285205,0.10873440285205
"flapper",11,"baseline_mean",4,"binary",0,0.10873440285205,0.10873440285205
"flapper",11,"baseline_mean",4,"binary",1,0.10873440285205,0.10873440285205
"flapper",11,"baseline_mean",4,"binary",0,0.10873440285205,0.10873440285205
"flapper",11,"baseline_mean",4,"binary",0,0.10873440285205,0.10873440285205
"flapper",11,"baseline_mean",4,"binary",0,0.10873440285205,0.10873440285205
"flapper",11,"baseline_mean",4,"binary",0,0.10873440285205,0.10873440285205
"flapper",11,"baseline_mean",4,"binary",0,0.10873440285205,0.10873440285205
"flapper",11,"baseline_mean",4,"binary",1,0.10873440285205,0.10873440285205
"flapper",11,"baseline_mean",4,"binary",0,0.10873440285205,0.10873440285205
"flapper",11,"baseline_mean",4,"binary",0,0.10873440285205,0.10873440285205
"flapper",11,"baseline_mean",4,"binary",1,0.10873440285205,0.10873440285205
"flapper",11,"baseline_mean",4,"binary",1,0.10873440285205,0.10873440285205
"flapper",11,"baseline_mean",4,"binary",0,0.10873440285205,0.10873440285205
"flapper",11,"baseline_mean",4,"binary",0,0.10873440285205,0.10873440285205
"flapper",11,"baseline_mean",4,"binary",0,0.10873440285205,0.10873440285205
"flapper",11,"baseline_mean",4,"binary",0,0.10873440285205,0.10873440285205
"flapper",11,"baseline_mean",4,"binary",0,0.10873440285205,0.10873440285205
"flapper",11,"baseline_mean",4,"binary",0,0.10873440285205,0.10873440285205
"flapper",11,"baseline_mean",4,"binary",0,0.10873440285205,0.10873440285205
"flapper",11,"baseline_mean",4,"binary",0,0.10873440285205,0.10873440285205
"flapper",11,"baseline_mean",4,"binary",0,0.10873440285205,0.10873440285205
"flapper",11,"baseline_mean",4,"binary",0,0.10873440285205,0.10873440285205
"flapper",11,"baseline_mean",4,"binary",0,0.10873440285205,0.10873440285205
"flapper",11,"baseline_mean",4,"binary",0,0.10873440285205,0.10873440285205
"flapper",11,"baseline_mean",4,"binary",0,0.10873440285205,0.10873440285205
"flapper",11,"baseline_mean",4,"binary",0,0.10873440285205,0.10873440285205
"flapper",11,"baseline_mean",4,"binary",0,0.10873440285205,0.10873440285205
"flapper",11,"baseline_mean",4,"binary",0,0.10873440285205,0.10873440285205
"flapper",11,"baseline_mean",4,"binary",0,0.10873440285205,0.10873440285205
"flapper",11,"baseline_mean",4,"binary",0,0.10873440285205,0.10873440285205
"flapper",11,"baseline_mean",4,"binary",0,0.10873440285205,0.10873440285205
"flapper",11,"baseline_mean",4,"binary",0,0.10873440285205,0.10873440285205
"flapper",11,"baseline_mean",4,"binary",0,0.10873440285205,0.10873440285205
"flapper",11,"baseline_mean",4,"binary",0,0.10873440285205,0.10873440285205
"flapper",11,"baseline_mean",4,"binary",1,0.10873440285205,0.10873440285205
"flapper",11,"baseline_mean",4,"binary",0,0.10873440285205,0.10873440285205
"flapper",11,"baseline_mean",4,"binary",0,0.10873440285205,0.10873440285205
"flapper",11,"baseline_mean",4,"binary",0,0.10873440285205,0.10873440285205
"flapper",11,"baseline_mean",4,"binary",1,0.10873440285205,0.10873440285205
"flapper",11,"baseline_mean",4,"binary",0,0.10873440285205,0.10873440285205
"flapper",11,"baseline_mean",4,"binary",0,0.10873440285205,0.10873440285205
"flapper",11,"baseline_mean",4,"binary",0,0.10873440285205,0.10873440285205
"flapper",11,"baseline_mean",4,"binary",1,0.10873440285205,0.10873440285205
"flapper",11,"baseline_mean",4,"binary",1,0.10873440285205,0.10873440285205
"flapper",11,"baseline_mean",4,"binary",0,0.10873440285205,0.10873440285205
"flapper",11,"baseline_mean",4,"binary",0,0.10873440285205,0.10873440285205
"flapper",11,"baseline_mean",4,"binary",0,0.10873440285205,0.10873440285205
"flapper",11,"baseline_mean",4,"binary",0,0.10873440285205,0.10873440285205
"flapper",11,"baseline_mean",4,"binary",0,0.10873440285205,0.10873440285205
"flapper",11,"baseline_mean",4,"binary",0,0.10873440285205,0.10873440285205
"flapper",11,"baseline_mean",4,"binary",0,0.10873440285205,0.10873440285205
"flapper",11,"baseline_mean",4,"binary",1,0.10873440285205,0.10873440285205
"flapper",11,"baseline_mean",4,"binary",0,0.10873440285205,0.10873440285205
"flapper",11,"baseline_mean",4,"binary",0,0.10873440285205,0.10873440285205
"flapper",11,"baseline_mean",4,"binary",1,0.10873440285205,0.10873440285205
"flapper",11,"baseline_mean",4,"binary",1,0.10873440285205,0.10873440285205
"flapper",11,"baseline_mean",4,"binary",0,0.10873440285205,0.10873440285205
"flapper",11,"baseline_mean",4,"binary",0,0.10873440285205,0.10873440285205
"flapper",11,"baseline_mean",4,"binary",0,0.10873440285205,0.10873440285205
"flapper",11,"baseline_mean",4,"binary",0,0.10873440285205,0.10873440285205
"flapper",11,"baseline_mean",4,"binary",0,0.10873440285205,0.10873440285205
"flapper",11,"baseline_mean",4,"binary",0,0.10873440285205,0.10873440285205
"flapper",11,"baseline_mean",4,"binary",0,0.10873440285205,0.10873440285205
"flapper",11,"baseline_mean",4,"binary",0,0.10873440285205,0.10873440285205
"flapper",11,"baseline_mean",4,"binary",0,0.10873440285205,0.10873440285205
"flapper",11,"baseline_mean",4,"binary",0,0.10873440285205,0.10873440285205
"flapper",11,"baseline_mean",4,"binary",0,0.10873440285205,0.10873440285205
"flapper",11,"baseline_mean",4,"binary",0,0.10873440285205,0.10873440285205
"flapper",11,"baseline_mean",4,"binary",0,0.10873440285205,0.10873440285205
"flapper",11,"baseline_mean",4,"binary",0,0.10873440285205,0.10873440285205
"flapper",11,"baseline_mean",4,"binary",0,0.10873440285205,0.10873440285205
"flapper",11,"baseline_mean",4,"binary",0,0.10873440285205,0.10873440285205
"flapper",11,"baseline_mean",4,"binary",0,0.10873440285205,0.10873440285205
"flapper",11,"baseline_mean",4,"binary",0,0.10873440285205,0.10873440285205
"flapper",11,"baseline_mean",4,"binary",0,0.10873440285205,0.10873440285205
"flapper",11,"baseline_mean",4,"binary",0,0.10873440285205,0.10873440285205
"flapper",11,"baseline_mean",4,"binary",0,0.10873440285205,0.10873440285205
"flapper",11,"baseline_mean",4,"binary",0,0.10873440285205,0.10873440285205
"flapper",11,"baseline_mean",4,"binary",0,0.10873440285205,0.10873440285205
"flapper",11,"baseline_mean",4,"binary",0,0.10873440285205,0.10873440285205
"flapper",11,"baseline_mean",4,"binary",0,0.10873440285205,0.10873440285205
"flapper",11,"baseline_mean",4,"binary",0,0.10873440285205,0.10873440285205
"flapper",11,"baseline_mean",4,"binary",0,0.10873440285205,0.10873440285205
"flapper",11,"baseline_mean",4,"binary",0,0.10873440285205,0.10873440285205
"flapper",11,"baseline_mean",4,"binary",0,0.10873440285205,0.10873440285205
"flapper",11,"baseline_mean",4,"binary",0,0.10873440285205,0.10873440285205
"flapper",11,"baseline_mean",4,"binary",0,0.10873440285205,0.10873440285205
"flapper",11,"baseline_mean",4,"binary",0,0.10873440285205,0.10873440285205
"flapper",11,"baseline_mean",4,"binary",0,0.10873440285205,0.10873440285205
"flapper",11,"baseline_mean",4,"binary",0,0.10873440285205,0.10873440285205
"flapper",11,"baseline_mean",4,"binary",0,0.10873440285205,0.10873440285205
"flapper",11,"baseline_mean",4,"binary",0,0.10873440285205,0.10873440285205
"flapper",11,"baseline_mean",4,"binary",0,0.10873440285205,0.10873440285205
"flapper",11,"baseline_mean",4,"binary",0,0.10873440285205,0.10873440285205
"flapper",11,"baseline_mean",4,"binary",0,0.10873440285205,0.10873440285205
"flapper",11,"baseline_mean",4,"binary",0,0.10873440285205,0.10873440285205
"flapper",11,"baseline_mean",4,"binary",0,0.10873440285205,0.10873440285205
"flapper",11,"baseline_mean",4,"binary",0,0.10873440285205,0.10873440285205
"flapper",11,"baseline_mean",4,"binary",0,0.10873440285205,0.10873440285205
"flapper",11,"baseline_mean",4,"binary",0,0.10873440285205,0.10873440285205
"flapper",11,"baseline_mean",4,"binary",0,0.10873440285205,0.10873440285205
"flapper",11,"baseline_mean",4,"binary",0,0.10873440285205,0.10873440285205
"flapper",11,"baseline_mean",4,"binary",0,0.10873440285205,0.10873440285205
"flapper",11,"baseline_mean",4,"binary",0,0.10873440285205,0.10873440285205
"flapper",11,"baseline_mean",4,"binary",0,0.10873440285205,0.10873440285205
"flapper",11,"baseline_mean",4,"binary",0,0.10873440285205,0.10873440285205
"flapper",11,"baseline_mean",4,"binary",0,0.10873440285205,0.10873440285205
"flapper",11,"baseline_mean",4,"binary",0,0.10873440285205,0.10873440285205
"flapper",11,"baseline_mean",4,"binary",0,0.10873440285205,0.10873440285205
"flapper",11,"baseline_mean",4,"binary",0,0.10873440285205,0.10873440285205
"flapper",11,"baseline_mean",4,"binary",0,0.10873440285205,0.10873440285205
"flapper",11,"baseline_mean",4,"binary",0,0.10873440285205,0.10873440285205
"flapper",11,"baseline_mean",4,"binary",0,0.10873440285205,0.10873440285205
"flapper",11,"baseline_mean",4,"binary",0,0.10873440285205,0.10873440285205
"flapper",11,"baseline_mean",4,"binary",0,0.10873440285205,0.10873440285205
"flapper",11,"baseline_mean",4,"binary",0,0.10873440285205,0.10873440285205
"flapper",11,"baseline_mean",4,"binary",0,0.10873440285205,0.10873440285205
"flapper",11,"baseline_mean",4,"binary",0,0.10873440285205,0.10873440285205
"flapper",11,"baseline_mean",4,"binary",0,0.10873440285205,0.10873440285205
"flapper",11,"baseline_mean",4,"binary",0,0.10873440285205,0.10873440285205
"flapper",11,"baseline_mean",4,"binary",0,0.10873440285205,0.10873440285205
"flapper",11,"baseline_mean",4,"binary",0,0.10873440285205,0.10873440285205
"flapper",11,"baseline_mean",4,"binary",0,0.10873440285205,0.10873440285205
"flapper",11,"baseline_mean",4,"binary",0,0.10873440285205,0.10873440285205
"flapper",11,"baseline_mean",4,"binary",0,0.10873440285205,0.10873440285205
"flapper",11,"baseline_mean",4,"binary",0,0.10873440285205,0.10873440285205
"flapper",11,"baseline_mean",4,"binary",0,0.10873440285205,0.10873440285205
"flapper",11,"baseline_mean",4,"binary",0,0.10873440285205,0.10873440285205
"flapper",11,"baseline_mean",4,"binary",0,0.10873440285205,0.10873440285205
"flapper",11,"baseline_mean",4,"binary",0,0.10873440285205,0.10873440285205
"flapper",11,"baseline_mean",4,"binary",0,0.10873440285205,0.10873440285205
"flapper",11,"baseline_mean",4,"binary",0,0.10873440285205,0.10873440285205
"flapper",11,"baseline_mean",4,"binary",0,0.10873440285205,0.10873440285205
"flapper",11,"baseline_mean",4,"binary",0,0.10873440285205,0.10873440285205
"flapper",11,"baseline_mean",4,"binary",0,0.10873440285205,0.10873440285205
"flapper",11,"baseline_mean",4,"binary",0,0.10873440285205,0.10873440285205
"flapper",11,"baseline_mean",4,"binary",0,0.10873440285205,0.10873440285205
"flapper",11,"baseline_mean",4,"binary",0,0.10873440285205,0.10873440285205
"flapper",11,"baseline_mean",4,"binary",0,0.10873440285205,0.10873440285205
"flapper",11,"baseline_mean",4,"binary",0,0.10873440285205,0.10873440285205
"flapper",11,"baseline_mean",4,"binary",0,0.10873440285205,0.10873440285205
"flapper",11,"baseline_mean",4,"binary",0,0.10873440285205,0.10873440285205
"flapper",11,"baseline_mean",4,"binary",0,0.10873440285205,0.10873440285205
"flapper",11,"baseline_mean",4,"binary",0,0.10873440285205,0.10873440285205
"flapper",11,"baseline_mean",4,"binary",0,0.10873440285205,0.10873440285205
"flapper",11,"baseline_mean",5,"binary",0,0.124561403508772,0.124561403508772
"flapper",11,"baseline_mean",5,"binary",0,0.124561403508772,0.124561403508772
"flapper",11,"baseline_mean",5,"binary",0,0.124561403508772,0.124561403508772
"flapper",11,"baseline_mean",5,"binary",0,0.124561403508772,0.124561403508772
"flapper",11,"baseline_mean",5,"binary",0,0.124561403508772,0.124561403508772
"flapper",11,"baseline_mean",5,"binary",0,0.124561403508772,0.124561403508772
"flapper",11,"baseline_mean",5,"binary",0,0.124561403508772,0.124561403508772
"flapper",11,"baseline_mean",5,"binary",0,0.124561403508772,0.124561403508772
"flapper",11,"baseline_mean",5,"binary",0,0.124561403508772,0.124561403508772
"flapper",11,"baseline_mean",5,"binary",0,0.124561403508772,0.124561403508772
"flapper",11,"baseline_mean",5,"binary",0,0.124561403508772,0.124561403508772
"flapper",11,"baseline_mean",5,"binary",0,0.124561403508772,0.124561403508772
"flapper",11,"baseline_mean",5,"binary",0,0.124561403508772,0.124561403508772
"flapper",11,"baseline_mean",5,"binary",0,0.124561403508772,0.124561403508772
"flapper",11,"baseline_mean",5,"binary",0,0.124561403508772,0.124561403508772
"flapper",11,"baseline_mean",5,"binary",0,0.124561403508772,0.124561403508772
"flapper",11,"baseline_mean",5,"binary",0,0.124561403508772,0.124561403508772
"flapper",11,"baseline_mean",5,"binary",0,0.124561403508772,0.124561403508772
"flapper",11,"baseline_mean",5,"binary",0,0.124561403508772,0.124561403508772
"flapper",11,"baseline_mean",5,"binary",0,0.124561403508772,0.124561403508772
"flapper",11,"baseline_mean",5,"binary",0,0.124561403508772,0.124561403508772
"flapper",11,"baseline_mean",5,"binary",0,0.124561403508772,0.124561403508772
"flapper",11,"baseline_mean",5,"binary",0,0.124561403508772,0.124561403508772
"flapper",11,"baseline_mean",5,"binary",0,0.124561403508772,0.124561403508772
"flapper",11,"baseline_mean",5,"binary",0,0.124561403508772,0.124561403508772
"flapper",11,"baseline_mean",5,"binary",0,0.124561403508772,0.124561403508772
"flapper",11,"baseline_mean",5,"binary",0,0.124561403508772,0.124561403508772
"flapper",11,"baseline_mean",5,"binary",0,0.124561403508772,0.124561403508772
"flapper",11,"baseline_mean",5,"binary",0,0.124561403508772,0.124561403508772
"flapper",11,"baseline_mean",5,"binary",0,0.124561403508772,0.124561403508772
"flapper",11,"baseline_mean",5,"binary",0,0.124561403508772,0.124561403508772
"flapper",11,"baseline_mean",5,"binary",0,0.124561403508772,0.124561403508772
"flapper",11,"baseline_mean",5,"binary",0,0.124561403508772,0.124561403508772
"flapper",11,"baseline_mean",5,"binary",0,0.124561403508772,0.124561403508772
"flapper",11,"baseline_mean",5,"binary",0,0.124561403508772,0.124561403508772
"flapper",11,"baseline_mean",5,"binary",0,0.124561403508772,0.124561403508772
"flapper",11,"baseline_mean",5,"binary",0,0.124561403508772,0.124561403508772
"flapper",11,"baseline_mean",5,"binary",0,0.124561403508772,0.124561403508772
"flapper",11,"baseline_mean",5,"binary",0,0.124561403508772,0.124561403508772
"flapper",11,"baseline_mean",5,"binary",0,0.124561403508772,0.124561403508772
"flapper",11,"baseline_mean",5,"binary",0,0.124561403508772,0.124561403508772
"flapper",11,"baseline_mean",5,"binary",0,0.124561403508772,0.124561403508772
"flapper",11,"baseline_mean",5,"binary",0,0.124561403508772,0.124561403508772
"flapper",11,"baseline_mean",5,"binary",0,0.124561403508772,0.124561403508772
"flapper",11,"baseline_mean",5,"binary",0,0.124561403508772,0.124561403508772
"flapper",11,"baseline_mean",5,"binary",0,0.124561403508772,0.124561403508772
"flapper",11,"baseline_mean",5,"binary",0,0.124561403508772,0.124561403508772
"flapper",11,"baseline_mean",5,"binary",0,0.124561403508772,0.124561403508772
"flapper",11,"baseline_mean",5,"binary",0,0.124561403508772,0.124561403508772
"flapper",11,"baseline_mean",5,"binary",0,0.124561403508772,0.124561403508772
"flapper",11,"baseline_mean",5,"binary",0,0.124561403508772,0.124561403508772
"flapper",11,"baseline_mean",5,"binary",0,0.124561403508772,0.124561403508772
"flapper",11,"baseline_mean",5,"binary",0,0.124561403508772,0.124561403508772
"flapper",11,"baseline_mean",5,"binary",0,0.124561403508772,0.124561403508772
"flapper",11,"baseline_mean",5,"binary",0,0.124561403508772,0.124561403508772
"flapper",11,"baseline_mean",5,"binary",0,0.124561403508772,0.124561403508772
"flapper",11,"baseline_mean",5,"binary",0,0.124561403508772,0.124561403508772
"flapper",11,"baseline_mean",5,"binary",0,0.124561403508772,0.124561403508772
"flapper",11,"baseline_mean",5,"binary",0,0.124561403508772,0.124561403508772
"flapper",11,"baseline_mean",5,"binary",0,0.124561403508772,0.124561403508772
"flapper",11,"baseline_mean",5,"binary",0,0.124561403508772,0.124561403508772
"flapper",11,"baseline_mean",5,"binary",0,0.124561403508772,0.124561403508772
"flapper",11,"baseline_mean",5,"binary",0,0.124561403508772,0.124561403508772
"flapper",11,"baseline_mean",5,"binary",0,0.124561403508772,0.124561403508772
"flapper",11,"baseline_mean",5,"binary",0,0.124561403508772,0.124561403508772
"flapper",11,"baseline_mean",5,"binary",0,0.124561403508772,0.124561403508772
"flapper",11,"baseline_mean",5,"binary",0,0.124561403508772,0.124561403508772
"flapper",11,"baseline_mean",5,"binary",0,0.124561403508772,0.124561403508772
"flapper",11,"baseline_mean",5,"binary",0,0.124561403508772,0.124561403508772
"flapper",11,"baseline_mean",5,"binary",0,0.124561403508772,0.124561403508772
"flapper",11,"baseline_mean",5,"binary",0,0.124561403508772,0.124561403508772
"flapper",11,"baseline_mean",5,"binary",0,0.124561403508772,0.124561403508772
"flapper",11,"baseline_mean",5,"binary",0,0.124561403508772,0.124561403508772
"flapper",11,"baseline_mean",5,"binary",0,0.124561403508772,0.124561403508772
"flapper",11,"baseline_mean",5,"binary",1,0.124561403508772,0.124561403508772
"flapper",11,"baseline_mean",5,"binary",0,0.124561403508772,0.124561403508772
"flapper",11,"baseline_mean",5,"binary",0,0.124561403508772,0.124561403508772
"flapper",11,"baseline_mean",5,"binary",0,0.124561403508772,0.124561403508772
"flapper",11,"baseline_mean",5,"binary",0,0.124561403508772,0.124561403508772
"flapper",11,"baseline_mean",5,"binary",0,0.124561403508772,0.124561403508772
"flapper",11,"baseline_mean",5,"binary",0,0.124561403508772,0.124561403508772
"flapper",11,"baseline_mean",5,"binary",0,0.124561403508772,0.124561403508772
"flapper",11,"baseline_mean",5,"binary",0,0.124561403508772,0.124561403508772
"flapper",11,"baseline_mean",5,"binary",0,0.124561403508772,0.124561403508772
"flapper",11,"baseline_mean",5,"binary",0,0.124561403508772,0.124561403508772
"flapper",11,"baseline_mean",5,"binary",0,0.124561403508772,0.124561403508772
"flapper",11,"baseline_mean",5,"binary",0,0.124561403508772,0.124561403508772
"flapper",11,"baseline_mean",5,"binary",0,0.124561403508772,0.124561403508772
"flapper",11,"baseline_mean",5,"binary",0,0.124561403508772,0.124561403508772
"flapper",11,"baseline_mean",5,"binary",0,0.124561403508772,0.124561403508772
"flapper",11,"baseline_mean",5,"binary",0,0.124561403508772,0.124561403508772
"flapper",11,"baseline_mean",5,"binary",0,0.124561403508772,0.124561403508772
"flapper",11,"baseline_mean",5,"binary",0,0.124561403508772,0.124561403508772
"flapper",11,"baseline_mean",5,"binary",0,0.124561403508772,0.124561403508772
"flapper",11,"baseline_mean",5,"binary",0,0.124561403508772,0.124561403508772
"flapper",11,"baseline_mean",5,"binary",0,0.124561403508772,0.124561403508772
"flapper",11,"baseline_mean",5,"binary",0,0.124561403508772,0.124561403508772
"flapper",11,"baseline_mean",5,"binary",0,0.124561403508772,0.124561403508772
"flapper",11,"baseline_mean",5,"binary",0,0.124561403508772,0.124561403508772
"flapper",11,"baseline_mean",5,"binary",0,0.124561403508772,0.124561403508772
"flapper",11,"baseline_mean",5,"binary",0,0.124561403508772,0.124561403508772
"flapper",11,"baseline_mean",5,"binary",0,0.124561403508772,0.124561403508772
"flapper",11,"baseline_mean",5,"binary",0,0.124561403508772,0.124561403508772
"flapper",11,"baseline_mean",5,"binary",0,0.124561403508772,0.124561403508772
"flapper",11,"baseline_mean",5,"binary",0,0.124561403508772,0.124561403508772
"flapper",11,"baseline_mean",5,"binary",0,0.124561403508772,0.124561403508772
"flapper",11,"baseline_mean",5,"binary",0,0.124561403508772,0.124561403508772
"flapper",11,"baseline_mean",5,"binary",0,0.124561403508772,0.124561403508772
"flapper",11,"baseline_mean",5,"binary",0,0.124561403508772,0.124561403508772
"flapper",11,"baseline_mean",5,"binary",0,0.124561403508772,0.124561403508772
"flapper",11,"baseline_mean",5,"binary",0,0.124561403508772,0.124561403508772
"flapper",11,"baseline_mean",5,"binary",0,0.124561403508772,0.124561403508772
"flapper",11,"baseline_mean",5,"binary",0,0.124561403508772,0.124561403508772
"flapper",11,"baseline_mean",5,"binary",0,0.124561403508772,0.124561403508772
"flapper",11,"baseline_mean",5,"binary",0,0.124561403508772,0.124561403508772
"flapper",11,"baseline_mean",5,"binary",0,0.124561403508772,0.124561403508772
"flapper",11,"baseline_mean",5,"binary",0,0.124561403508772,0.124561403508772
"flapper",11,"baseline_mean",5,"binary",0,0.124561403508772,0.124561403508772
"flapper",11,"baseline_mean",5,"binary",0,0.124561403508772,0.124561403508772
"flapper",11,"baseline_mean",5,"binary",0,0.124561403508772,0.124561403508772
"flapper",11,"baseline_mean",5,"binary",0,0.124561403508772,0.124561403508772
"flapper",11,"baseline_mean",5,"binary",0,0.124561403508772,0.124561403508772
"flapper",11,"baseline_mean",5,"binary",0,0.124561403508772,0.124561403508772
"flapper",11,"baseline_mean",5,"binary",0,0.124561403508772,0.124561403508772
"flapper",11,"baseline_mean",5,"binary",0,0.124561403508772,0.124561403508772
"flapper",11,"baseline_mean",5,"binary",0,0.124561403508772,0.124561403508772
"flapper",11,"baseline_mean",5,"binary",0,0.124561403508772,0.124561403508772
"flapper",11,"baseline_mean",5,"binary",0,0.124561403508772,0.124561403508772
"flapper",11,"baseline_mean",5,"binary",0,0.124561403508772,0.124561403508772
"flapper",11,"baseline_mean",5,"binary",0,0.124561403508772,0.124561403508772
"flapper",11,"baseline_mean",5,"binary",0,0.124561403508772,0.124561403508772
"flapper",11,"baseline_mean",5,"binary",0,0.124561403508772,0.124561403508772
"flapper",11,"baseline_mean",5,"binary",0,0.124561403508772,0.124561403508772
"flapper",11,"baseline_mean",5,"binary",0,0.124561403508772,0.124561403508772
"flapper",11,"baseline_mean",5,"binary",0,0.124561403508772,0.124561403508772
"flapper",11,"baseline_mean",5,"binary",0,0.124561403508772,0.124561403508772
"flapper",11,"baseline_mean",5,"binary",0,0.124561403508772,0.124561403508772
"flapper",11,"ols",1,"binary",0,0.150473702394359,0.123214285714286
"flapper",11,"ols",1,"binary",0,0.0217116849571459,0.123214285714286
"flapper",11,"ols",1,"binary",0,0.454189888735701,0.123214285714286
"flapper",11,"ols",1,"binary",0,0.00601996930737238,0.123214285714286
"flapper",11,"ols",1,"binary",0,0.0172645738277246,0.123214285714286
"flapper",11,"ols",1,"binary",0,0.00365275955770222,0.123214285714286
"flapper",11,"ols",1,"binary",0,0.204121785253407,0.123214285714286
"flapper",11,"ols",1,"binary",1,0.0178532433634532,0.123214285714286
"flapper",11,"ols",1,"binary",0,0.446357250828352,0.123214285714286
"flapper",11,"ols",1,"binary",0,0.00597820079500764,0.123214285714286
"flapper",11,"ols",1,"binary",0,0.362810781844189,0.123214285714286
"flapper",11,"ols",1,"binary",0,0.392105581227572,0.123214285714286
"flapper",11,"ols",1,"binary",0,0.262745407895243,0.123214285714286
"flapper",11,"ols",1,"binary",0,0.294448053203203,0.123214285714286
"flapper",11,"ols",1,"binary",0,0.301398045993337,0.123214285714286
"flapper",11,"ols",1,"binary",0,0.160386412546911,0.123214285714286
"flapper",11,"ols",1,"binary",0,0.0543683359930056,0.123214285714286
"flapper",11,"ols",1,"binary",0,0.222374118703156,0.123214285714286
"flapper",11,"ols",1,"binary",0,0.301398045993337,0.123214285714286
"flapper",11,"ols",1,"binary",0,0.442709198109425,0.123214285714286
"flapper",11,"ols",1,"binary",0,0.262745407895243,0.123214285714286
"flapper",11,"ols",1,"binary",0,0.391316515417713,0.123214285714286
"flapper",11,"ols",1,"binary",0,0.121158232212823,0.123214285714286
"flapper",11,"ols",1,"binary",0,0.335708003542433,0.123214285714286
"flapper",11,"ols",1,"binary",0,0.442199577146026,0.123214285714286
"flapper",11,"ols",1,"binary",1,0.449457734851694,0.123214285714286
"flapper",11,"ols",1,"binary",0,0.440855434423008,0.123214285714286
"flapper",11,"ols",1,"binary",0,0.468246462162283,0.123214285714286
"flapper",11,"ols",1,"binary",0,0.442545964078241,0.123214285714286
"flapper",11,"ols",1,"binary",0,0.442709198109425,0.123214285714286
"flapper",11,"ols",1,"binary",0,0.0667141743939586,0.123214285714286
"flapper",11,"ols",1,"binary",1,0.0921261139661659,0.123214285714286
"flapper",11,"ols",1,"binary",0,0.497721919861004,0.123214285714286
"flapper",11,"ols",1,"binary",0,7.91714421578849e-08,0.123214285714286
"flapper",11,"ols",1,"binary",0,2.66649678287606e-08,0.123214285714286
"flapper",11,"ols",1,"binary",0,3.12962527094139e-08,0.123214285714286
"flapper",11,"ols",1,"binary",0,1.22460690114874e-10,0.123214285714286
"flapper",11,"ols",1,"binary",0,9.68776673663394e-10,0.123214285714286
"flapper",11,"ols",1,"binary",0,0.000435803627072932,0.123214285714286
"flapper",11,"ols",1,"binary",0,4.60808071061938e-08,0.123214285714286
"flapper",11,"ols",1,"binary",0,0.000118745164826167,0.123214285714286
"flapper",11,"ols",1,"binary",0,8.69700606923777e-08,0.123214285714286
"flapper",11,"ols",1,"binary",0,1.74247026053608e-08,0.123214285714286
"flapper",11,"ols",1,"binary",0,1.44438201981063e-09,0.123214285714286
"flapper",11,"ols",1,"binary",0,0.149455026638002,0.123214285714286
"flapper",11,"ols",1,"binary",0,4.2464063756008e-06,0.123214285714286
"flapper",11,"ols",1,"binary",0,3.42840742388342e-06,0.123214285714286
"flapper",11,"ols",1,"binary",0,0.0305323417354487,0.123214285714286
"flapper",11,"ols",1,"binary",0,0.148053042913623,0.123214285714286
"flapper",11,"ols",1,"binary",0,0.0793627214462772,0.123214285714286
"flapper",11,"ols",1,"binary",0,0.105527693876826,0.123214285714286
"flapper",11,"ols",1,"binary",0,0.000107055680633857,0.123214285714286
"flapper",11,"ols",1,"binary",0,4.87430697100102e-07,0.123214285714286
"flapper",11,"ols",1,"binary",0,2.91179907868098e-07,0.123214285714286
"flapper",11,"ols",1,"binary",0,1.72637678122596e-08,0.123214285714286
"flapper",11,"ols",1,"binary",0,0.0364218182133845,0.123214285714286
"flapper",11,"ols",1,"binary",0,0.000745194085213206,0.123214285714286
"flapper",11,"ols",1,"binary",0,9.03013834447695e-07,0.123214285714286
"flapper",11,"ols",1,"binary",0,0.0303864615798869,0.123214285714286
"flapper",11,"ols",1,"binary",0,0.0176195961315977,0.123214285714286
"flapper",11,"ols",1,"binary",0,4.65439164726375e-06,0.123214285714286
"flapper",11,"ols",1,"binary",0,5.69319457775094e-07,0.123214285714286
"flapper",11,"ols",1,"binary",0,5.93409333065986e-08,0.123214285714286
"flapper",11,"ols",1,"binary",0,3.53397249222658e-07,0.123214285714286
"flapper",11,"ols",1,"binary",0,0.0278945902913531,0.123214285714286
"flapper",11,"ols",1,"binary",0,2.55705346725408e-08,0.123214285714286
"flapper",11,"ols",1,"binary",0,0.010019210705746,0.123214285714286
"flapper",11,"ols",1,"binary",0,3.30105595773092e-06,0.123214285714286
"flapper",11,"ols",1,"binary",0,0.00011326674553796,0.123214285714286
"flapper",11,"ols",1,"binary",0,1.01682085084456e-06,0.123214285714286
"flapper",11,"ols",1,"binary",0,2.96721455089231e-08,0.123214285714286
"flapper",11,"ols",1,"binary",0,0.0188367034074594,0.123214285714286
"flapper",11,"ols",1,"binary",0,6.45600425622758e-08,0.123214285714286
"flapper",11,"ols",1,"binary",0,2.27296679579318e-07,0.123214285714286
"flapper",11,"ols",1,"binary",0,1.04910656671085e-07,0.123214285714286
"flapper",11,"ols",1,"binary",0,9.79423039854591e-11,0.123214285714286
"flapper",11,"ols",1,"binary",0,4.36452084462905e-07,0.123214285714286
"flapper",11,"ols",1,"binary",0,1.15244000215473e-10,0.123214285714286
"flapper",11,"ols",1,"binary",0,0.0107184506847163,0.123214285714286
"flapper",11,"ols",1,"binary",0,2.08609812444680e-09,0.123214285714286
"flapper",11,"ols",1,"binary",0,0.0130683293727275,0.123214285714286
"flapper",11,"ols",1,"binary",0,3.15027064590606e-06,0.123214285714286
"flapper",11,"ols",1,"binary",0,4.13165106451643e-07,0.123214285714286
"flapper",11,"ols",1,"binary",0,2.39114173657376e-06,0.123214285714286
"flapper",11,"ols",1,"binary",0,5.44311808163359e-09,0.123214285714286
"flapper",11,"ols",1,"binary",0,2.61109466603171e-08,0.123214285714286
"flapper",11,"ols",1,"binary",0,0.0796586098371935,0.123214285714286
"flapper",11,"ols",1,"binary",0,6.17570903260755e-10,0.123214285714286
"flapper",11,"ols",1,"binary",0,1.406056924317e-11,0.123214285714286
"flapper",11,"ols",1,"binary",0,0.021795399357161,0.123214285714286
"flapper",11,"ols",1,"binary",0,1.03649805728044e-05,0.123214285714286
"flapper",11,"ols",1,"binary",0,2.84546572716475e-11,0.123214285714286
"flapper",11,"ols",1,"binary",0,8.85424402092426e-08,0.123214285714286
"flapper",11,"ols",1,"binary",0,0.0354925623696976,0.123214285714286
"flapper",11,"ols",1,"binary",0,2.67762527079478e-06,0.123214285714286
"flapper",11,"ols",1,"binary",0,0.0342864096828328,0.123214285714286
"flapper",11,"ols",1,"binary",0,9.42567358267371e-07,0.123214285714286
"flapper",11,"ols",1,"binary",0,1.27148010099083e-07,0.123214285714286
"flapper",11,"ols",1,"binary",0,4.30410569740792e-07,0.123214285714286
"flapper",11,"ols",1,"binary",0,0.0423656337861709,0.123214285714286
"flapper",11,"ols",1,"binary",0,1.95851756219211e-06,0.123214285714286
"flapper",11,"ols",1,"binary",0,0.0129072624162915,0.123214285714286
"flapper",11,"ols",1,"binary",0,0.000726493081955955,0.123214285714286
"flapper",11,"ols",1,"binary",0,4.33533638282875e-08,0.123214285714286
"flapper",11,"ols",1,"binary",0,3.92737120444368e-06,0.123214285714286
"flapper",11,"ols",1,"binary",0,2.22044604925031e-16,0.123214285714286
"flapper",11,"ols",1,"binary",0,8.23899642252271e-07,0.123214285714286
"flapper",11,"ols",1,"binary",0,0.210090593376189,0.123214285714286
"flapper",11,"ols",1,"binary",0,0.0204426876868864,0.123214285714286
"flapper",11,"ols",1,"binary",0,0.157771236217898,0.123214285714286
"flapper",11,"ols",1,"binary",0,0.0420609141010913,0.123214285714286
"flapper",11,"ols",1,"binary",0,0.0266488400174748,0.123214285714286
"flapper",11,"ols",1,"binary",0,0.0282513249256984,0.123214285714286
"flapper",11,"ols",1,"binary",0,0.127702163231547,0.123214285714286
"flapper",11,"ols",1,"binary",0,5.14682965874079e-08,0.123214285714286
"flapper",11,"ols",1,"binary",0,5.2193500521139e-07,0.123214285714286
"flapper",11,"ols",1,"binary",0,0.060631742544296,0.123214285714286
"flapper",11,"ols",1,"binary",0,2.60221344041164e-09,0.123214285714286
"flapper",11,"ols",1,"binary",0,0.0990925140503873,0.123214285714286
"flapper",11,"ols",1,"binary",0,0.085144765960479,0.123214285714286
"flapper",11,"ols",1,"binary",0,0.129478239489592,0.123214285714286
"flapper",11,"ols",1,"binary",0,9.72275490855332e-07,0.123214285714286
"flapper",11,"ols",1,"binary",0,4.88772527934868e-07,0.123214285714286
"flapper",11,"ols",1,"binary",0,0.150473773194236,0.123214285714286
"flapper",11,"ols",1,"binary",0,0.0490486163004484,0.123214285714286
"flapper",11,"ols",1,"binary",0,3.13858367413558e-08,0.123214285714286
"flapper",11,"ols",1,"binary",0,0.19263876082169,0.123214285714286
"flapper",11,"ols",1,"binary",0,0.000435584542408039,0.123214285714286
"flapper",11,"ols",1,"binary",0,1.20191349555744e-07,0.123214285714286
"flapper",11,"ols",1,"binary",0,0.220686757532995,0.123214285714286
"flapper",11,"ols",1,"binary",0,1.01523969873824e-06,0.123214285714286
"flapper",11,"ols",1,"binary",0,0.00762748047587884,0.123214285714286
"flapper",11,"ols",1,"binary",0,3.01166582968015e-11,0.123214285714286
"flapper",11,"ols",1,"binary",0,2.58999170096308e-08,0.123214285714286
"flapper",11,"ols",1,"binary",0,0.0276553558133238,0.123214285714286
"flapper",11,"ols",1,"binary",0,5.95617873467798e-08,0.123214285714286
"flapper",11,"ols",1,"binary",0,8.24476273880177e-05,0.123214285714286
"flapper",11,"ols",1,"binary",0,6.42740172534253e-13,0.123214285714286
"flapper",11,"ols",1,"binary",0,4.10039157766996e-08,0.123214285714286
"flapper",11,"ols",1,"binary",0,9.2481969586057e-05,0.123214285714286
"flapper",11,"ols",1,"binary",0,1.16217201175854e-07,0.123214285714286
"flapper",11,"ols",1,"binary",0,1.86863639387782e-07,0.123214285714286
"flapper",11,"ols",1,"binary",0,0.0279281796014236,0.123214285714286
"flapper",11,"ols",1,"binary",0,1.03196332207582e-10,0.123214285714286
"flapper",11,"ols",1,"binary",0,4.07569824146586e-10,0.123214285714286
"flapper",11,"ols",1,"binary",0,0.000964517264711855,0.123214285714286
"flapper",11,"ols",1,"binary",0,3.41543893492523e-10,0.123214285714286
"flapper",11,"ols",2,"binary",0,0.147422295154239,0.0813148788927336
"flapper",11,"ols",2,"binary",1,0.213210299937683,0.0813148788927336
"flapper",11,"ols",2,"binary",0,0.15482082641616,0.0813148788927336
"flapper",11,"ols",2,"binary",0,0.701017514174236,0.0813148788927336
"flapper",11,"ols",2,"binary",1,0.262172912581853,0.0813148788927336
"flapper",11,"ols",2,"binary",0,0.161532290982935,0.0813148788927336
"flapper",11,"ols",2,"binary",0,0.44493724387631,0.0813148788927336
"flapper",11,"ols",2,"binary",0,0.078815065739502,0.0813148788927336
"flapper",11,"ols",2,"binary",0,0.465216210118136,0.0813148788927336
"flapper",11,"ols",2,"binary",0,0.203564000833507,0.0813148788927336
"flapper",11,"ols",2,"binary",0,0.179963125898313,0.0813148788927336
"flapper",11,"ols",2,"binary",0,0.148773225986106,0.0813148788927336
"flapper",11,"ols",2,"binary",0,0.120050769459477,0.0813148788927336
"flapper",11,"ols",2,"binary",0,0.162746164964194,0.0813148788927336
"flapper",11,"ols",2,"binary",0,0.220357876211038,0.0813148788927336
"flapper",11,"ols",2,"binary",0,0.0842376670756481,0.0813148788927336
"flapper",11,"ols",2,"binary",1,0.133379022670529,0.0813148788927336
"flapper",11,"ols",2,"binary",1,0.154808354945296,0.0813148788927336
"flapper",11,"ols",2,"binary",0,0.150970667976823,0.0813148788927336
"flapper",11,"ols",2,"binary",1,0.25278905135531,0.0813148788927336
"flapper",11,"ols",2,"binary",0,0.559321657613686,0.0813148788927336
"flapper",11,"ols",2,"binary",1,0.286070162544109,0.0813148788927336
"flapper",11,"ols",2,"binary",1,0.423879098163986,0.0813148788927336
"flapper",11,"ols",2,"binary",0,0.167717503573973,0.0813148788927336
"flapper",11,"ols",2,"binary",0,0.259651699450159,0.0813148788927336
"flapper",11,"ols",2,"binary",0,0.333657729042788,0.0813148788927336
"flapper",11,"ols",2,"binary",0,0.230745498773063,0.0813148788927336
"flapper",11,"ols",2,"binary",0,0.0144165694965918,0.0813148788927336
"flapper",11,"ols",2,"binary",0,0.00626732177133399,0.0813148788927336
"flapper",11,"ols",2,"binary",0,0.0305118196481439,0.0813148788927336
"flapper",11,"ols",2,"binary",0,0.0181029016638517,0.0813148788927336
"flapper",11,"ols",2,"binary",0,0.0762437282814908,0.0813148788927336
"flapper",11,"ols",2,"binary",0,0.031021383544007,0.0813148788927336
"flapper",11,"ols",2,"binary",0,0.243394623231047,0.0813148788927336
"flapper",11,"ols",2,"binary",0,0.162089888024528,0.0813148788927336
"flapper",11,"ols",2,"binary",0,0.00697963166910551,0.0813148788927336
"flapper",11,"ols",2,"binary",0,0.329154395027542,0.0813148788927336
"flapper",11,"ols",2,"binary",0,0.0902136748014113,0.0813148788927336
"flapper",11,"ols",2,"binary",0,0.0039639481271661,0.0813148788927336
"flapper",11,"ols",2,"binary",1,0.212758176730277,0.0813148788927336
"flapper",11,"ols",2,"binary",0,0.302466469247017,0.0813148788927336
"flapper",11,"ols",2,"binary",0,0.0769811082469313,0.0813148788927336
"flapper",11,"ols",2,"binary",0,0.0599459797375631,0.0813148788927336
"flapper",11,"ols",2,"binary",0,0.2313528767673,0.0813148788927336
"flapper",11,"ols",2,"binary",0,0.237609907549616,0.0813148788927336
"flapper",11,"ols",2,"binary",0,0.367936903452613,0.0813148788927336
"flapper",11,"ols",2,"binary",0,0.240429335241818,0.0813148788927336
"flapper",11,"ols",2,"binary",0,0.327358707093898,0.0813148788927336
"flapper",11,"ols",2,"binary",0,0.189932444230217,0.0813148788927336
"flapper",11,"ols",2,"binary",0,0.00407552862704977,0.0813148788927336
"flapper",11,"ols",2,"binary",0,0.232129502846654,0.0813148788927336
"flapper",11,"ols",2,"binary",0,0.326072241171775,0.0813148788927336
"flapper",11,"ols",2,"binary",0,0.0375246636201818,0.0813148788927336
"flapper",11,"ols",2,"binary",0,0.245993311112704,0.0813148788927336
"flapper",11,"ols",2,"binary",0,0.187780146705956,0.0813148788927336
"flapper",11,"ols",2,"binary",0,0.28221378044462,0.0813148788927336
"flapper",11,"ols",2,"binary",0,0.0572633582760962,0.0813148788927336
"flapper",11,"ols",2,"binary",0,0.178874376284656,0.0813148788927336
"flapper",11,"ols",2,"binary",0,0.309692773559757,0.0813148788927336
"flapper",11,"ols",2,"binary",0,0.0141382155697765,0.0813148788927336
"flapper",11,"ols",2,"binary",0,0.00501222438045,0.0813148788927336
"flapper",11,"ols",2,"binary",0,0.0910718553529511,0.0813148788927336
"flapper",11,"ols",2,"binary",0,0.129634902396404,0.0813148788927336
"flapper",11,"ols",2,"binary",0,0.0433868731522202,0.0813148788927336
"flapper",11,"ols",2,"binary",0,0.160196279401494,0.0813148788927336
"flapper",11,"ols",2,"binary",0,0.23401777847694,0.0813148788927336
"flapper",11,"ols",2,"binary",0,0.00230662311909286,0.0813148788927336
"flapper",11,"ols",2,"binary",0,0.0462737920169147,0.0813148788927336
"flapper",11,"ols",2,"binary",0,0.0372641491408359,0.0813148788927336
"flapper",11,"ols",2,"binary",0,0.0107660415516055,0.0813148788927336
"flapper",11,"ols",2,"binary",0,0.0385624277696065,0.0813148788927336
"flapper",11,"ols",2,"binary",1,0.252643529676143,0.0813148788927336
"flapper",11,"ols",2,"binary",0,0.00289806521568053,0.0813148788927336
"flapper",11,"ols",2,"binary",0,0.322204578530552,0.0813148788927336
"flapper",11,"ols",2,"binary",0,0.0327481132725708,0.0813148788927336
"flapper",11,"ols",2,"binary",1,0.282354569961156,0.0813148788927336
"flapper",11,"ols",2,"binary",0,0.193083966328878,0.0813148788927336
"flapper",11,"ols",2,"binary",1,0.178067046363766,0.0813148788927336
"flapper",11,"ols",2,"binary",0,0.0298523054186247,0.0813148788927336
"flapper",11,"ols",2,"binary",0,0.0490259805251737,0.0813148788927336
"flapper",11,"ols",2,"binary",0,0.284751820071089,0.0813148788927336
"flapper",11,"ols",2,"binary",0,0.00252842346640343,0.0813148788927336
"flapper",11,"ols",2,"binary",0,0.215309483374025,0.0813148788927336
"flapper",11,"ols",2,"binary",0,0.293021559665569,0.0813148788927336
"flapper",11,"ols",2,"binary",0,0.0366039150292011,0.0813148788927336
"flapper",11,"ols",2,"binary",0,0.091516045232414,0.0813148788927336
"flapper",11,"ols",2,"binary",0,0.00284520701119758,0.0813148788927336
"flapper",11,"ols",2,"binary",1,0.241761460260202,0.0813148788927336
"flapper",11,"ols",2,"binary",0,0.0125477616682927,0.0813148788927336
"flapper",11,"ols",2,"binary",0,0.237387658738076,0.0813148788927336
"flapper",11,"ols",2,"binary",0,0.0180475000777143,0.0813148788927336
"flapper",11,"ols",2,"binary",0,0.289043988640479,0.0813148788927336
"flapper",11,"ols",2,"binary",0,0.0254828928154881,0.0813148788927336
"flapper",11,"ols",2,"binary",0,0.169332173483391,0.0813148788927336
"flapper",11,"ols",2,"binary",0,0.162797822219404,0.0813148788927336
"flapper",11,"ols",2,"binary",0,0.144197075962774,0.0813148788927336
"flapper",11,"ols",2,"binary",0,0.164175047105066,0.0813148788927336
"flapper",11,"ols",2,"binary",0,0.190440278282043,0.0813148788927336
"flapper",11,"ols",2,"binary",1,0.0967173228597091,0.0813148788927336
"flapper",11,"ols",2,"binary",0,0.136966860079198,0.0813148788927336
"flapper",11,"ols",2,"binary",0,0.126393520041325,0.0813148788927336
"flapper",11,"ols",2,"binary",1,0.294775271955629,0.0813148788927336
"flapper",11,"ols",2,"binary",0,0.0735948934604249,0.0813148788927336
"flapper",11,"ols",2,"binary",0,0.0788788796397903,0.0813148788927336
"flapper",11,"ols",2,"binary",1,0.210882749899903,0.0813148788927336
"flapper",11,"ols",2,"binary",1,0.155900608441257,0.0813148788927336
"flapper",11,"ols",2,"binary",0,0.145953910199119,0.0813148788927336
"flapper",11,"ols",2,"binary",0,0.184123395673529,0.0813148788927336
"flapper",11,"ols",2,"binary",0,0.340133202057555,0.0813148788927336
"flapper",11,"ols",2,"binary",1,0.0997235669196963,0.0813148788927336
"flapper",11,"ols",2,"binary",1,0.112038178028084,0.0813148788927336
"flapper",11,"ols",2,"binary",1,0.157595557867073,0.0813148788927336
"flapper",11,"ols",2,"binary",0,0.394139184012887,0.0813148788927336
"flapper",11,"ols",2,"binary",0,0.158559740479012,0.0813148788927336
"flapper",11,"ols",2,"binary",0,0.156896472377423,0.0813148788927336
"flapper",11,"ols",2,"binary",0,0.325894938014019,0.0813148788927336
"flapper",11,"ols",2,"binary",1,0.196490232374927,0.0813148788927336
"flapper",11,"ols",2,"binary",0,0.163302578759534,0.0813148788927336
"flapper",11,"ols",2,"binary",0,0.0884228687514131,0.0813148788927336
"flapper",11,"ols",2,"binary",0,0.168357782073207,0.0813148788927336
"flapper",11,"ols",2,"binary",1,0.122623719094975,0.0813148788927336
"flapper",11,"ols",2,"binary",0,0.121952074838565,0.0813148788927336
"flapper",11,"ols",2,"binary",1,0.182543569182529,0.0813148788927336
"flapper",11,"ols",2,"binary",0,0.237856074385898,0.0813148788927336
"flapper",11,"ols",2,"binary",0,0.0629608693555092,0.0813148788927336
"flapper",11,"ols",2,"binary",1,0.246040740101465,0.0813148788927336
"flapper",11,"ols",2,"binary",1,0.246463012181778,0.0813148788927336
"flapper",11,"ols",2,"binary",0,0.0907766185089168,0.0813148788927336
"flapper",11,"ols",2,"binary",1,0.154529692157029,0.0813148788927336
"flapper",11,"ols",3,"binary",1,0.131513218373606,0.0715563506261181
"flapper",11,"ols",3,"binary",1,0.178760887708329,0.0715563506261181
"flapper",11,"ols",3,"binary",1,0.0666670069276356,0.0715563506261181
"flapper",11,"ols",3,"binary",0,0.200992338837778,0.0715563506261181
"flapper",11,"ols",3,"binary",1,0.141572119449098,0.0715563506261181
"flapper",11,"ols",3,"binary",1,0.108930726875929,0.0715563506261181
"flapper",11,"ols",3,"binary",1,0.286317315171044,0.0715563506261181
"flapper",11,"ols",3,"binary",0,0.0952722719956801,0.0715563506261181
"flapper",11,"ols",3,"binary",0,0.150922833394485,0.0715563506261181
"flapper",11,"ols",3,"binary",0,0.15160338881304,0.0715563506261181
"flapper",11,"ols",3,"binary",0,0.0552285275684137,0.0715563506261181
"flapper",11,"ols",3,"binary",0,0.108826568182589,0.0715563506261181
"flapper",11,"ols",3,"binary",0,0.143258419536588,0.0715563506261181
"flapper",11,"ols",3,"binary",1,0.205750407020435,0.0715563506261181
"flapper",11,"ols",3,"binary",1,0.131168953102295,0.0715563506261181
"flapper",11,"ols",3,"binary",0,0.105223166666585,0.0715563506261181
"flapper",11,"ols",3,"binary",1,0.167019834383361,0.0715563506261181
"flapper",11,"ols",3,"binary",1,0.155061506467422,0.0715563506261181
"flapper",11,"ols",3,"binary",0,0.105325310696556,0.0715563506261181
"flapper",11,"ols",3,"binary",0,0.271515320318364,0.0715563506261181
"flapper",11,"ols",3,"binary",0,0.133570070390609,0.0715563506261181
"flapper",11,"ols",3,"binary",0,0.157983937152822,0.0715563506261181
"flapper",11,"ols",3,"binary",1,0.145702904045748,0.0715563506261181
"flapper",11,"ols",3,"binary",1,0.182117423776501,0.0715563506261181
"flapper",11,"ols",3,"binary",0,0.138417357787846,0.0715563506261181
"flapper",11,"ols",3,"binary",0,0.0559922845204961,0.0715563506261181
"flapper",11,"ols",3,"binary",0,0.149605020238659,0.0715563506261181
"flapper",11,"ols",3,"binary",0,0.115884305084222,0.0715563506261181
"flapper",11,"ols",3,"binary",0,0.170357496453588,0.0715563506261181
"flapper",11,"ols",3,"binary",0,0.137946379715374,0.0715563506261181
"flapper",11,"ols",3,"binary",0,0.157544716487174,0.0715563506261181
"flapper",11,"ols",3,"binary",0,0.107130771245314,0.0715563506261181
"flapper",11,"ols",3,"binary",0,0.0553978280773902,0.0715563506261181
"flapper",11,"ols",3,"binary",0,0.126333413569828,0.0715563506261181
"flapper",11,"ols",3,"binary",0,0.11043330978604,0.0715563506261181
"flapper",11,"ols",3,"binary",0,0.0714327314122301,0.0715563506261181
"flapper",11,"ols",3,"binary",0,0.104915936822678,0.0715563506261181
"flapper",11,"ols",3,"binary",0,0.0375089875401365,0.0715563506261181
"flapper",11,"ols",3,"binary",0,0.0889383553132997,0.0715563506261181
"flapper",11,"ols",3,"binary",0,0.0589564432715277,0.0715563506261181
"flapper",11,"ols",3,"binary",0,0.206485585984991,0.0715563506261181
"flapper",11,"ols",3,"binary",0,0.0841854823901347,0.0715563506261181
"flapper",11,"ols",3,"binary",0,0.109210550692212,0.0715563506261181
"flapper",11,"ols",3,"binary",0,0.191353598068411,0.0715563506261181
"flapper",11,"ols",3,"binary",0,0.0736375025047423,0.0715563506261181
"flapper",11,"ols",3,"binary",0,0.150997121453441,0.0715563506261181
"flapper",11,"ols",3,"binary",0,0.0857124138655599,0.0715563506261181
"flapper",11,"ols",3,"binary",0,0.113424940873778,0.0715563506261181
"flapper",11,"ols",3,"binary",0,0.107328969752821,0.0715563506261181
"flapper",11,"ols",3,"binary",0,0.0917241512821331,0.0715563506261181
"flapper",11,"ols",3,"binary",0,0.0435566516147691,0.0715563506261181
"flapper",11,"ols",3,"binary",0,0.106168773318315,0.0715563506261181
"flapper",11,"ols",3,"binary",0,0.076732630805014,0.0715563506261181
"flapper",11,"ols",3,"binary",0,0.0863301888567612,0.0715563506261181
"flapper",11,"ols",3,"binary",0,0.0746790678237406,0.0715563506261181
"flapper",11,"ols",3,"binary",0,0.221492638752556,0.0715563506261181
"flapper",11,"ols",3,"binary",0,0.0636538784500921,0.0715563506261181
"flapper",11,"ols",3,"binary",0,0.222249400577664,0.0715563506261181
"flapper",11,"ols",3,"binary",0,0.151703534807936,0.0715563506261181
"flapper",11,"ols",3,"binary",0,0.156216592332237,0.0715563506261181
"flapper",11,"ols",3,"binary",0,0.162427818843242,0.0715563506261181
"flapper",11,"ols",3,"binary",0,0.190909703177626,0.0715563506261181
"flapper",11,"ols",3,"binary",0,0.0602282308754701,0.0715563506261181
"flapper",11,"ols",3,"binary",0,0.0975528557486755,0.0715563506261181
"flapper",11,"ols",3,"binary",0,0.04823592487295,0.0715563506261181
"flapper",11,"ols",3,"binary",0,0.11788561497468,0.0715563506261181
"flapper",11,"ols",3,"binary",0,0.0630938517934924,0.0715563506261181
"flapper",11,"ols",3,"binary",0,0.0489489474413871,0.0715563506261181
"flapper",11,"ols",3,"binary",0,0.04005388879387,0.0715563506261181
"flapper",11,"ols",3,"binary",0,0.0725734246125553,0.0715563506261181
"flapper",11,"ols",3,"binary",0,0.0709686630068444,0.0715563506261181
"flapper",11,"ols",3,"binary",0,0.17357968585341,0.0715563506261181
"flapper",11,"ols",3,"binary",0,0.0884849101173937,0.0715563506261181
"flapper",11,"ols",3,"binary",0,0.126220286480295,0.0715563506261181
"flapper",11,"ols",3,"binary",1,0.0879624639233258,0.0715563506261181
"flapper",11,"ols",3,"binary",0,0.13190825375891,0.0715563506261181
"flapper",11,"ols",3,"binary",0,0.0433665881174651,0.0715563506261181
"flapper",11,"ols",3,"binary",1,0.161902626753349,0.0715563506261181
"flapper",11,"ols",3,"binary",0,0.097419816747112,0.0715563506261181
"flapper",11,"ols",3,"binary",0,0.082219479375194,0.0715563506261181
"flapper",11,"ols",3,"binary",0,0.120731199923505,0.0715563506261181
"flapper",11,"ols",3,"binary",0,0.119719410550371,0.0715563506261181
"flapper",11,"ols",3,"binary",0,0.0486611711442043,0.0715563506261181
"flapper",11,"ols",3,"binary",0,0.127464607991769,0.0715563506261181
"flapper",11,"ols",3,"binary",0,0.0560821900476415,0.0715563506261181
"flapper",11,"ols",3,"binary",0,0.14027566240377,0.0715563506261181
"flapper",11,"ols",3,"binary",0,0.113304714307591,0.0715563506261181
"flapper",11,"ols",3,"binary",0,0.19575272587388,0.0715563506261181
"flapper",11,"ols",3,"binary",0,0.113424940873778,0.0715563506261181
"flapper",11,"ols",3,"binary",0,0.0511860987134168,0.0715563506261181
"flapper",11,"ols",3,"binary",0,0.0613393712982995,0.0715563506261181
"flapper",11,"ols",3,"binary",0,0.0422879426193948,0.0715563506261181
"flapper",11,"ols",3,"binary",0,0.101866386201314,0.0715563506261181
"flapper",11,"ols",3,"binary",0,0.110339913387858,0.0715563506261181
"flapper",11,"ols",3,"binary",0,0.11457197725899,0.0715563506261181
"flapper",11,"ols",3,"binary",0,0.117812652923889,0.0715563506261181
"flapper",11,"ols",3,"binary",0,0.101435685409234,0.0715563506261181
"flapper",11,"ols",3,"binary",0,0.0570904741904557,0.0715563506261181
"flapper",11,"ols",3,"binary",0,0.154121502636589,0.0715563506261181
"flapper",11,"ols",3,"binary",0,0.0772702298272249,0.0715563506261181
"flapper",11,"ols",3,"binary",0,0.0747749645365687,0.0715563506261181
"flapper",11,"ols",3,"binary",0,0.140254781391457,0.0715563506261181
"flapper",11,"ols",3,"binary",0,0.0935505586284163,0.0715563506261181
"flapper",11,"ols",3,"binary",0,0.0586883365023066,0.0715563506261181
"flapper",11,"ols",3,"binary",0,0.0948609331792651,0.0715563506261181
"flapper",11,"ols",3,"binary",0,0.088428781649407,0.0715563506261181
"flapper",11,"ols",3,"binary",0,0.0938378302286226,0.0715563506261181
"flapper",11,"ols",3,"binary",1,0.217609093226947,0.0715563506261181
"flapper",11,"ols",3,"binary",0,0.1355350836828,0.0715563506261181
"flapper",11,"ols",3,"binary",1,0.133643078698395,0.0715563506261181
"flapper",11,"ols",3,"binary",0,0.0970236228003665,0.0715563506261181
"flapper",11,"ols",3,"binary",0,0.0737902050115142,0.0715563506261181
"flapper",11,"ols",3,"binary",1,0.139831049123718,0.0715563506261181
"flapper",11,"ols",3,"binary",1,0.239018482912178,0.0715563506261181
"flapper",11,"ols",3,"binary",0,0.167250574781705,0.0715563506261181
"flapper",11,"ols",3,"binary",0,0.101870441154775,0.0715563506261181
"flapper",11,"ols",3,"binary",0,0.0980873320077446,0.0715563506261181
"flapper",11,"ols",3,"binary",1,0.217079650400359,0.0715563506261181
"flapper",11,"ols",3,"binary",1,0.179381933504776,0.0715563506261181
"flapper",11,"ols",3,"binary",0,0.209955127155912,0.0715563506261181
"flapper",11,"ols",3,"binary",1,0.14589560983903,0.0715563506261181
"flapper",11,"ols",3,"binary",0,0.0906012048785954,0.0715563506261181
"flapper",11,"ols",3,"binary",0,0.112490528348402,0.0715563506261181
"flapper",11,"ols",3,"binary",1,0.184054294527879,0.0715563506261181
"flapper",11,"ols",3,"binary",0,0.11450795115825,0.0715563506261181
"flapper",11,"ols",3,"binary",0,0.12218289261347,0.0715563506261181
"flapper",11,"ols",3,"binary",1,0.18955446739944,0.0715563506261181
"flapper",11,"ols",3,"binary",1,0.3077670066595,0.0715563506261181
"flapper",11,"ols",3,"binary",0,0.188262792316508,0.0715563506261181
"flapper",11,"ols",3,"binary",1,0.198414118183757,0.0715563506261181
"flapper",11,"ols",3,"binary",0,0.0802129422966768,0.0715563506261181
"flapper",11,"ols",3,"binary",1,0.287138500646576,0.0715563506261181
"flapper",11,"ols",3,"binary",1,0.209300069767656,0.0715563506261181
"flapper",11,"ols",3,"binary",0,0.209509271924914,0.0715563506261181
"flapper",11,"ols",3,"binary",1,0.114275875956657,0.0715563506261181
"flapper",11,"ols",3,"binary",0,0.107544293827836,0.0715563506261181
"flapper",11,"ols",3,"binary",0,0.188888707356283,0.0715563506261181
"flapper",11,"ols",3,"binary",0,0.27898252589924,0.0715563506261181
"flapper",11,"ols",3,"binary",1,0.187616299602179,0.0715563506261181
"flapper",11,"ols",3,"binary",0,0.156534190195962,0.0715563506261181
"flapper",11,"ols",3,"binary",0,0.139572641100831,0.0715563506261181
"flapper",11,"ols",3,"binary",0,0.0962810569957067,0.0715563506261181
"flapper",11,"ols",3,"binary",0,0.124369596926434,0.0715563506261181
"flapper",11,"ols",3,"binary",1,0.330061444863442,0.0715563506261181
"flapper",11,"ols",3,"binary",0,0.117841254729187,0.0715563506261181
"flapper",11,"ols",3,"binary",1,0.348408212015192,0.0715563506261181
"flapper",11,"ols",3,"binary",1,0.0997646710387803,0.0715563506261181
"flapper",11,"ols",3,"binary",0,0.0804038756481171,0.0715563506261181
"flapper",11,"ols",4,"binary",0,0.258763404070545,0.10873440285205
"flapper",11,"ols",4,"binary",0,0.123667366994096,0.10873440285205
"flapper",11,"ols",4,"binary",1,0.190899380059555,0.10873440285205
"flapper",11,"ols",4,"binary",0,0.94366876620762,0.10873440285205
"flapper",11,"ols",4,"binary",0,0.0398206371348201,0.10873440285205
"flapper",11,"ols",4,"binary",0,0.00442432062176009,0.10873440285205
"flapper",11,"ols",4,"binary",0,0.142570338764579,0.10873440285205
"flapper",11,"ols",4,"binary",0,0.0166626369082204,0.10873440285205
"flapper",11,"ols",4,"binary",1,0.220203365160886,0.10873440285205
"flapper",11,"ols",4,"binary",0,0.00408892465318611,0.10873440285205
"flapper",11,"ols",4,"binary",0,0.145050154487216,0.10873440285205
"flapper",11,"ols",4,"binary",1,0.110181851457062,0.10873440285205
"flapper",11,"ols",4,"binary",1,0.0823707011850755,0.10873440285205
"flapper",11,"ols",4,"binary",0,0.145050154487216,0.10873440285205
"flapper",11,"ols",4,"binary",0,0.0742046013387156,0.10873440285205
"flapper",11,"ols",4,"binary",0,0.0897593209698057,0.10873440285205
"flapper",11,"ols",4,"binary",0,0.117223186632111,0.10873440285205
"flapper",11,"ols",4,"binary",0,0.281781003056329,0.10873440285205
"flapper",11,"ols",4,"binary",0,0.178140607773881,0.10873440285205
"flapper",11,"ols",4,"binary",0,0.0190767555998198,0.10873440285205
"flapper",11,"ols",4,"binary",0,0.0163125419532255,0.10873440285205
"flapper",11,"ols",4,"binary",0,0.0431792439554854,0.10873440285205
"flapper",11,"ols",4,"binary",0,0.226969834127446,0.10873440285205
"flapper",11,"ols",4,"binary",0,0.0601400748158257,0.10873440285205
"flapper",11,"ols",4,"binary",0,0.00430919828432018,0.10873440285205
"flapper",11,"ols",4,"binary",0,0.0406104552278542,0.10873440285205
"flapper",11,"ols",4,"binary",0,0.0257112387846848,0.10873440285205
"flapper",11,"ols",4,"binary",0,0.100972021937058,0.10873440285205
"flapper",11,"ols",4,"binary",0,0.176321113909366,0.10873440285205
"flapper",11,"ols",4,"binary",0,0.20750967866428,0.10873440285205
"flapper",11,"ols",4,"binary",0,0.702620278431079,0.10873440285205
"flapper",11,"ols",4,"binary",0,0.0974966766716321,0.10873440285205
"flapper",11,"ols",4,"binary",0,0.371070490920673,0.10873440285205
"flapper",11,"ols",4,"binary",0,0.0381819055607355,0.10873440285205
"flapper",11,"ols",4,"binary",0,0.151125007733202,0.10873440285205
"flapper",11,"ols",4,"binary",1,0.0854080574783377,0.10873440285205
"flapper",11,"ols",4,"binary",0,0.276869589427283,0.10873440285205
"flapper",11,"ols",4,"binary",0,0.133440747754396,0.10873440285205
"flapper",11,"ols",4,"binary",0,0.124418795164954,0.10873440285205
"flapper",11,"ols",4,"binary",1,0.0374904417465412,0.10873440285205
"flapper",11,"ols",4,"binary",0,0.16464377615892,0.10873440285205
"flapper",11,"ols",4,"binary",0,0.187578081793657,0.10873440285205
"flapper",11,"ols",4,"binary",0,0.273249172659567,0.10873440285205
"flapper",11,"ols",4,"binary",1,0.0688739971638703,0.10873440285205
"flapper",11,"ols",4,"binary",1,0.0431963818920792,0.10873440285205
"flapper",11,"ols",4,"binary",0,0.0974966766716321,0.10873440285205
"flapper",11,"ols",4,"binary",0,0.109869825020819,0.10873440285205
"flapper",11,"ols",4,"binary",0,0.0211540685093438,0.10873440285205
"flapper",11,"ols",4,"binary",0,0.0415350876662087,0.10873440285205
"flapper",11,"ols",4,"binary",0,0.0613629154454768,0.10873440285205
"flapper",11,"ols",4,"binary",0,0.0974966766716321,0.10873440285205
"flapper",11,"ols",4,"binary",0,0.104631484040085,0.10873440285205
"flapper",11,"ols",4,"binary",1,0.163821112666391,0.10873440285205
"flapper",11,"ols",4,"binary",0,0.0504074196978017,0.10873440285205
"flapper",11,"ols",4,"binary",0,0.0227104538786256,0.10873440285205
"flapper",11,"ols",4,"binary",1,0.180528023842741,0.10873440285205
"flapper",11,"ols",4,"binary",1,0.152130496174836,0.10873440285205
"flapper",11,"ols",4,"binary",0,0.105634228598097,0.10873440285205
"flapper",11,"ols",4,"binary",0,0.138969266565733,0.10873440285205
"flapper",11,"ols",4,"binary",0,0.233852544259538,0.10873440285205
"flapper",11,"ols",4,"binary",0,0.0411560336044139,0.10873440285205
"flapper",11,"ols",4,"binary",0,0.000275585048146951,0.10873440285205
"flapper",11,"ols",4,"binary",0,0.00119987005251497,0.10873440285205
"flapper",11,"ols",4,"binary",0,0.000721191767540874,0.10873440285205
"flapper",11,"ols",4,"binary",0,0.000347969174249597,0.10873440285205
"flapper",11,"ols",4,"binary",0,0.105554233013047,0.10873440285205
"flapper",11,"ols",4,"binary",0,2.17497901658421e-05,0.10873440285205
"flapper",11,"ols",4,"binary",0,2.84933249862382e-05,0.10873440285205
"flapper",11,"ols",4,"binary",0,0.000276577437721812,0.10873440285205
"flapper",11,"ols",4,"binary",0,4.80788938372651e-05,0.10873440285205
"flapper",11,"ols",4,"binary",0,0.0435736878166006,0.10873440285205
"flapper",11,"ols",4,"binary",0,0.178930380750172,0.10873440285205
"flapper",11,"ols",4,"binary",0,0.00413113209865577,0.10873440285205
"flapper",11,"ols",4,"binary",0,1.75377379916988e-05,0.10873440285205
"flapper",11,"ols",4,"binary",0,1.76338688533372e-05,0.10873440285205
"flapper",11,"ols",4,"binary",0,0.00011901934924859,0.10873440285205
"flapper",11,"ols",4,"binary",0,7.81058854481425e-05,0.10873440285205
"flapper",11,"ols",4,"binary",0,9.5548220962526e-05,0.10873440285205
"flapper",11,"ols",4,"binary",0,5.16049647325759e-05,0.10873440285205
"flapper",11,"ols",4,"binary",0,0.00226927361592282,0.10873440285205
"flapper",11,"ols",4,"binary",0,0.000976533310492183,0.10873440285205
"flapper",11,"ols",4,"binary",0,0.00023557447362876,0.10873440285205
"flapper",11,"ols",4,"binary",0,2.00843361109897e-05,0.10873440285205
"flapper",11,"ols",4,"binary",0,0.000395902295806121,0.10873440285205
"flapper",11,"ols",4,"binary",0,7.98798747484636e-06,0.10873440285205
"flapper",11,"ols",4,"binary",0,0.000358705636177363,0.10873440285205
"flapper",11,"ols",4,"binary",0,4.95621888425627e-05,0.10873440285205
"flapper",11,"ols",4,"binary",0,0.105220139805467,0.10873440285205
"flapper",11,"ols",4,"binary",0,0.00114498833184353,0.10873440285205
"flapper",11,"ols",4,"binary",0,0.000433609748046611,0.10873440285205
"flapper",11,"ols",4,"binary",0,0.000206597139848357,0.10873440285205
"flapper",11,"ols",4,"binary",0,0.000175928159210568,0.10873440285205
"flapper",11,"ols",4,"binary",0,0.0358737091362153,0.10873440285205
"flapper",11,"ols",4,"binary",0,0.000157102024294137,0.10873440285205
"flapper",11,"ols",4,"binary",0,0.000265302946332421,0.10873440285205
"flapper",11,"ols",4,"binary",0,0.000196815252305391,0.10873440285205
"flapper",11,"ols",4,"binary",0,0.000277357706005426,0.10873440285205
"flapper",11,"ols",4,"binary",0,0.125272827596036,0.10873440285205
"flapper",11,"ols",4,"binary",0,0.000410965910902723,0.10873440285205
"flapper",11,"ols",4,"binary",0,0.000174682634579076,0.10873440285205
"flapper",11,"ols",4,"binary",0,0.000530638709398612,0.10873440285205
"flapper",11,"ols",4,"binary",0,0.00101937014106358,0.10873440285205
"flapper",11,"ols",4,"binary",0,0.000182545425869452,0.10873440285205
"flapper",11,"ols",4,"binary",0,0.000594357547345187,0.10873440285205
"flapper",11,"ols",4,"binary",0,0.000239182337053288,0.10873440285205
"flapper",11,"ols",4,"binary",0,3.58584522541614e-05,0.10873440285205
"flapper",11,"ols",4,"binary",0,0.00106151085621008,0.10873440285205
"flapper",11,"ols",4,"binary",0,0.000272085108459461,0.10873440285205
"flapper",11,"ols",4,"binary",0,0.011188740470406,0.10873440285205
"flapper",11,"ols",4,"binary",0,0.0291796950514734,0.10873440285205
"flapper",11,"ols",4,"binary",0,0.00050966535102127,0.10873440285205
"flapper",11,"ols",4,"binary",0,0.000884604006487853,0.10873440285205
"flapper",11,"ols",4,"binary",0,0.000372431372860706,0.10873440285205
"flapper",11,"ols",4,"binary",0,6.96788875477586e-06,0.10873440285205
"flapper",11,"ols",4,"binary",0,1.70179042611082e-05,0.10873440285205
"flapper",11,"ols",4,"binary",0,0.00331521094691312,0.10873440285205
"flapper",11,"ols",4,"binary",0,0.00269565315112916,0.10873440285205
"flapper",11,"ols",4,"binary",0,0.000224821351279792,0.10873440285205
"flapper",11,"ols",4,"binary",0,0.00126085467139372,0.10873440285205
"flapper",11,"ols",4,"binary",0,0.000602511412769413,0.10873440285205
"flapper",11,"ols",4,"binary",0,0.00756958747315182,0.10873440285205
"flapper",11,"ols",4,"binary",0,5.01123343885146e-05,0.10873440285205
"flapper",11,"ols",4,"binary",0,0.00851538142522424,0.10873440285205
"flapper",11,"ols",4,"binary",0,6.63581308140738e-05,0.10873440285205
"flapper",11,"ols",4,"binary",0,0.00037847886744763,0.10873440285205
"flapper",11,"ols",4,"binary",0,0.00124511248080283,0.10873440285205
"flapper",11,"ols",4,"binary",0,0.00379212411377919,0.10873440285205
"flapper",11,"ols",4,"binary",0,1.24069930185272e-05,0.10873440285205
"flapper",11,"ols",4,"binary",0,0.00108982964704743,0.10873440285205
"flapper",11,"ols",4,"binary",0,1.89699797193707e-05,0.10873440285205
"flapper",11,"ols",4,"binary",0,0.000394482080275038,0.10873440285205
"flapper",11,"ols",4,"binary",0,0.00197841942480087,0.10873440285205
"flapper",11,"ols",4,"binary",0,2.84072544747374e-05,0.10873440285205
"flapper",11,"ols",4,"binary",0,0.00337181223457621,0.10873440285205
"flapper",11,"ols",4,"binary",0,0.0500879170681514,0.10873440285205
"flapper",11,"ols",4,"binary",0,7.80270513987549e-06,0.10873440285205
"flapper",11,"ols",4,"binary",0,0.0337243369758011,0.10873440285205
"flapper",11,"ols",4,"binary",0,0.000914270226319824,0.10873440285205
"flapper",11,"ols",4,"binary",0,0.000681014162115994,0.10873440285205
"flapper",11,"ols",4,"binary",0,0.000353125638815865,0.10873440285205
"flapper",11,"ols",4,"binary",0,0.166464974669689,0.10873440285205
"flapper",11,"ols",4,"binary",0,0.000669328496157559,0.10873440285205
"flapper",11,"ols",4,"binary",0,0.00192293204576835,0.10873440285205
"flapper",11,"ols",4,"binary",0,0.000199042952076079,0.10873440285205
"flapper",11,"ols",4,"binary",0,0.00151712518535874,0.10873440285205
"flapper",11,"ols",4,"binary",0,1.98958196440277e-05,0.10873440285205
"flapper",11,"ols",5,"binary",0,0.0975119487454458,0.124561403508772
"flapper",11,"ols",5,"binary",0,1.36292493195199e-05,0.124561403508772
"flapper",11,"ols",5,"binary",0,7.05540276943062e-06,0.124561403508772
"flapper",11,"ols",5,"binary",0,0.000324336718170038,0.124561403508772
"flapper",11,"ols",5,"binary",0,0.00749977639874339,0.124561403508772
"flapper",11,"ols",5,"binary",0,0.0178457287503215,0.124561403508772
"flapper",11,"ols",5,"binary",0,0.00334404594112135,0.124561403508772
"flapper",11,"ols",5,"binary",0,0.058558731710059,0.124561403508772
"flapper",11,"ols",5,"binary",0,5.47984027616121e-06,0.124561403508772
"flapper",11,"ols",5,"binary",0,0.0026099069883677,0.124561403508772
"flapper",11,"ols",5,"binary",0,0.0455527507837299,0.124561403508772
"flapper",11,"ols",5,"binary",0,7.57827875817981e-06,0.124561403508772
"flapper",11,"ols",5,"binary",0,0.000308351085026208,0.124561403508772
"flapper",11,"ols",5,"binary",0,0.00208304096831456,0.124561403508772
"flapper",11,"ols",5,"binary",0,0.0332018778959881,0.124561403508772
"flapper",11,"ols",5,"binary",0,0.000206439969755619,0.124561403508772
"flapper",11,"ols",5,"binary",0,0.328890581222012,0.124561403508772
"flapper",11,"ols",5,"binary",0,0.0152107368123952,0.124561403508772
"flapper",11,"ols",5,"binary",0,0.000120865381629222,0.124561403508772
"flapper",11,"ols",5,"binary",0,0.0288922688800655,0.124561403508772
"flapper",11,"ols",5,"binary",0,5.34718006080974e-06,0.124561403508772
"flapper",11,"ols",5,"binary",0,0.00149380211520483,0.124561403508772
"flapper",11,"ols",5,"binary",0,5.84311691654136e-05,0.124561403508772
"flapper",11,"ols",5,"binary",0,0.000473560160296689,0.124561403508772
"flapper",11,"ols",5,"binary",0,0.0323336282923256,0.124561403508772
"flapper",11,"ols",5,"binary",0,0.0818269539122488,0.124561403508772
"flapper",11,"ols",5,"binary",0,0.565456042400832,0.124561403508772
"flapper",11,"ols",5,"binary",0,5.32909057256157e-06,0.124561403508772
"flapper",11,"ols",5,"binary",0,0.0532832854798556,0.124561403508772
"flapper",11,"ols",5,"binary",0,0.306921325202878,0.124561403508772
"flapper",11,"ols",5,"binary",0,0.0203802904650009,0.124561403508772
"flapper",11,"ols",5,"binary",0,0.141393416608537,0.124561403508772
"flapper",11,"ols",5,"binary",0,0.131627383036545,0.124561403508772
"flapper",11,"ols",5,"binary",0,0.15564101748809,0.124561403508772
"flapper",11,"ols",5,"binary",0,2.08801247887644e-05,0.124561403508772
"flapper",11,"ols",5,"binary",0,0.01069301091503,0.124561403508772
"flapper",11,"ols",5,"binary",0,0.0771248399262987,0.124561403508772
"flapper",11,"ols",5,"binary",0,0.00410707269810111,0.124561403508772
"flapper",11,"ols",5,"binary",0,0.00352292642278527,0.124561403508772
"flapper",11,"ols",5,"binary",0,0.00215140505243912,0.124561403508772
"flapper",11,"ols",5,"binary",0,0.0292346378895813,0.124561403508772
"flapper",11,"ols",5,"binary",0,0.0555862720097763,0.124561403508772
"flapper",11,"ols",5,"binary",0,0.0360425980313085,0.124561403508772
"flapper",11,"ols",5,"binary",0,0.0160826166765005,0.124561403508772
"flapper",11,"ols",5,"binary",0,0.000139087368122252,0.124561403508772
"flapper",11,"ols",5,"binary",0,0.000843032112797204,0.124561403508772
"flapper",11,"ols",5,"binary",0,4.65474361707691e-06,0.124561403508772
"flapper",11,"ols",5,"binary",0,0.039230819975892,0.124561403508772
"flapper",11,"ols",5,"binary",0,9.19911389748254e-05,0.124561403508772
"flapper",11,"ols",5,"binary",0,3.49122359108143e-05,0.124561403508772
"flapper",11,"ols",5,"binary",0,0.00030257108229553,0.124561403508772
"flapper",11,"ols",5,"binary",0,0.132051652935625,0.124561403508772
"flapper",11,"ols",5,"binary",0,3.48940875822003e-05,0.124561403508772
"flapper",11,"ols",5,"binary",0,0.0314738535836545,0.124561403508772
"flapper",11,"ols",5,"binary",0,7.69636508980601e-05,0.124561403508772
"flapper",11,"ols",5,"binary",0,0.0210111450297823,0.124561403508772
"flapper",11,"ols",5,"binary",0,0.201295732908516,0.124561403508772
"flapper",11,"ols",5,"binary",0,0.0729005062663339,0.124561403508772
"flapper",11,"ols",5,"binary",0,0.0320776824067339,0.124561403508772
"flapper",11,"ols",5,"binary",0,0.321282101109714,0.124561403508772
"flapper",11,"ols",5,"binary",0,0.0174393412043309,0.124561403508772
"flapper",11,"ols",5,"binary",0,0.0391688682632371,0.124561403508772
"flapper",11,"ols",5,"binary",0,0.00394208547518804,0.124561403508772
"flapper",11,"ols",5,"binary",0,1.76337014663016e-05,0.124561403508772
"flapper",11,"ols",5,"binary",0,0.00168653098296204,0.124561403508772
"flapper",11,"ols",5,"binary",0,0.116773163071075,0.124561403508772
"flapper",11,"ols",5,"binary",0,4.38732700398273e-05,0.124561403508772
"flapper",11,"ols",5,"binary",0,0.011616455946456,0.124561403508772
"flapper",11,"ols",5,"binary",0,1.02648839203402e-05,0.124561403508772
"flapper",11,"ols",5,"binary",0,0.00016142652461797,0.124561403508772
"flapper",11,"ols",5,"binary",0,0.029723059239051,0.124561403508772
"flapper",11,"ols",5,"binary",0,0.0961619875896784,0.124561403508772
"flapper",11,"ols",5,"binary",0,0.00752240260619492,0.124561403508772
"flapper",11,"ols",5,"binary",0,0.0332631993061719,0.124561403508772
"flapper",11,"ols",5,"binary",1,0.0530887690155583,0.124561403508772
"flapper",11,"ols",5,"binary",0,0.00876295726401578,0.124561403508772
"flapper",11,"ols",5,"binary",0,0.00934482161343591,0.124561403508772
"flapper",11,"ols",5,"binary",0,0.198859508368992,0.124561403508772
"flapper",11,"ols",5,"binary",0,0.0132544959016498,0.124561403508772
"flapper",11,"ols",5,"binary",0,0.00510966656463814,0.124561403508772
"flapper",11,"ols",5,"binary",0,3.63429677163421e-06,0.124561403508772
"flapper",11,"ols",5,"binary",0,3.70251938959448e-05,0.124561403508772
"flapper",11,"ols",5,"binary",0,0.00415628487966967,0.124561403508772
"flapper",11,"ols",5,"binary",0,6.54224242293868e-05,0.124561403508772
"flapper",11,"ols",5,"binary",0,0.0654355673376092,0.124561403508772
"flapper",11,"ols",5,"binary",0,0.00876374555752702,0.124561403508772
"flapper",11,"ols",5,"binary",0,0.117595077428894,0.124561403508772
"flapper",11,"ols",5,"binary",0,0.13418371885308,0.124561403508772
"flapper",11,"ols",5,"binary",0,0.00214479141992818,0.124561403508772
"flapper",11,"ols",5,"binary",0,3.48771810598747e-05,0.124561403508772
"flapper",11,"ols",5,"binary",0,0.0317872244061407,0.124561403508772
"flapper",11,"ols",5,"binary",0,0.00030233981971637,0.124561403508772
"flapper",11,"ols",5,"binary",0,0.00144934828597074,0.124561403508772
"flapper",11,"ols",5,"binary",0,0.00133753738183131,0.124561403508772
"flapper",11,"ols",5,"binary",0,0.0207591799036615,0.124561403508772
"flapper",11,"ols",5,"binary",0,0.0519433750241908,0.124561403508772
"flapper",11,"ols",5,"binary",0,0.00214515808069833,0.124561403508772
"flapper",11,"ols",5,"binary",0,0.14171478398793,0.124561403508772
"flapper",11,"ols",5,"binary",0,6.27329312372143e-05,0.124561403508772
"flapper",11,"ols",5,"binary",0,0.269946578634129,0.124561403508772
"flapper",11,"ols",5,"binary",0,0.126566732461461,0.124561403508772
"flapper",11,"ols",5,"binary",0,0.0005252192606729,0.124561403508772
"flapper",11,"ols",5,"binary",0,0.200443855219701,0.124561403508772
"flapper",11,"ols",5,"binary",0,0.000473545275560158,0.124561403508772
"flapper",11,"ols",5,"binary",0,6.12720818495762e-05,0.124561403508772
"flapper",11,"ols",5,"binary",0,0.000247335471116897,0.124561403508772
"flapper",11,"ols",5,"binary",0,0.133665509906085,0.124561403508772
"flapper",11,"ols",5,"binary",0,5.04441066181315e-05,0.124561403508772
"flapper",11,"ols",5,"binary",0,7.51877398521122e-05,0.124561403508772
"flapper",11,"ols",5,"binary",0,0.111853674384361,0.124561403508772
"flapper",11,"ols",5,"binary",0,0.140070833604875,0.124561403508772
"flapper",11,"ols",5,"binary",0,0.139893435634747,0.124561403508772
"flapper",11,"ols",5,"binary",0,0.0868905030080701,0.124561403508772
"flapper",11,"ols",5,"binary",0,0.0316371376367388,0.124561403508772
"flapper",11,"ols",5,"binary",0,0.0641294494239316,0.124561403508772
"flapper",11,"ols",5,"binary",0,0.0156072809825008,0.124561403508772
"flapper",11,"ols",5,"binary",0,9.85599755055317e-05,0.124561403508772
"flapper",11,"ols",5,"binary",0,6.66168296361688e-05,0.124561403508772
"flapper",11,"ols",5,"binary",0,0.194930759190525,0.124561403508772
"flapper",11,"ols",5,"binary",0,0.198328006526803,0.124561403508772
"flapper",11,"ols",5,"binary",0,0.0550777532304774,0.124561403508772
"flapper",11,"ols",5,"binary",0,0.0288912039411985,0.124561403508772
"flapper",11,"ols",5,"binary",0,0.00576255523444249,0.124561403508772
"flapper",11,"ols",5,"binary",0,0.00124121504818906,0.124561403508772
"flapper",11,"ols",5,"binary",0,0.151413714744232,0.124561403508772
"flapper",11,"ols",5,"binary",0,0.00657082125118076,0.124561403508772
"flapper",11,"ols",5,"binary",0,7.92619207885046e-06,0.124561403508772
"flapper",11,"ols",5,"binary",0,0.0336362836476488,0.124561403508772
"flapper",11,"ols",5,"binary",0,0.05443271477689,0.124561403508772
"flapper",11,"ols",5,"binary",0,0.000142061228075117,0.124561403508772
"flapper",11,"ols",5,"binary",0,0.0901368306868169,0.124561403508772
"flapper",11,"ols",5,"binary",0,0.000354598617153317,0.124561403508772
"flapper",11,"ols",5,"binary",0,0.0897253155141051,0.124561403508772
"flapper",11,"ols",5,"binary",0,2.61229248033983e-05,0.124561403508772
"flapper",11,"ols",5,"binary",0,0.050349343478296,0.124561403508772
"flapper",11,"ols",5,"binary",0,0.0559424605200582,0.124561403508772
"flapper",11,"ols",5,"binary",0,0.00741230703712243,0.124561403508772
"flapper",11,"gam_spatial",1,"binary",0,0.142998868304712,0.123214285714286
"flapper",11,"gam_spatial",1,"binary",0,0.0466664304256003,0.123214285714286
"flapper",11,"gam_spatial",1,"binary",0,0.314974904462829,0.123214285714286
"flapper",11,"gam_spatial",1,"binary",0,0.0248388590642393,0.123214285714286
"flapper",11,"gam_spatial",1,"binary",0,0.0219339337658336,0.123214285714286
"flapper",11,"gam_spatial",1,"binary",0,0.00986595456630233,0.123214285714286
"flapper",11,"gam_spatial",1,"binary",0,0.160919806109839,0.123214285714286
"flapper",11,"gam_spatial",1,"binary",1,0.00700214481684179,0.123214285714286
"flapper",11,"gam_spatial",1,"binary",0,0.234688042246365,0.123214285714286
"flapper",11,"gam_spatial",1,"binary",0,0.0291518893077449,0.123214285714286
"flapper",11,"gam_spatial",1,"binary",0,0.097968248503441,0.123214285714286
"flapper",11,"gam_spatial",1,"binary",0,0.294963198885366,0.123214285714286
"flapper",11,"gam_spatial",1,"binary",0,0.21298614512379,0.123214285714286
"flapper",11,"gam_spatial",1,"binary",0,0.245819949197471,0.123214285714286
"flapper",11,"gam_spatial",1,"binary",0,0.216492800182228,0.123214285714286
"flapper",11,"gam_spatial",1,"binary",0,0.164851702964764,0.123214285714286
"flapper",11,"gam_spatial",1,"binary",0,0.0265528125582826,0.123214285714286
"flapper",11,"gam_spatial",1,"binary",0,0.222599561154556,0.123214285714286
"flapper",11,"gam_spatial",1,"binary",0,0.216492800182228,0.123214285714286
"flapper",11,"gam_spatial",1,"binary",0,0.394169376769979,0.123214285714286
"flapper",11,"gam_spatial",1,"binary",0,0.21298614512379,0.123214285714286
"flapper",11,"gam_spatial",1,"binary",0,0.253698915175382,0.123214285714286
"flapper",11,"gam_spatial",1,"binary",0,0.125593526715953,0.123214285714286
"flapper",11,"gam_spatial",1,"binary",0,0.282803673813018,0.123214285714286
"flapper",11,"gam_spatial",1,"binary",0,0.272728611265479,0.123214285714286
"flapper",11,"gam_spatial",1,"binary",1,0.333836750509581,0.123214285714286
"flapper",11,"gam_spatial",1,"binary",0,0.309687290689095,0.123214285714286
"flapper",11,"gam_spatial",1,"binary",0,0.381799706295863,0.123214285714286
"flapper",11,"gam_spatial",1,"binary",0,0.309364201210367,0.123214285714286
"flapper",11,"gam_spatial",1,"binary",0,0.394169376769979,0.123214285714286
"flapper",11,"gam_spatial",1,"binary",0,0.0930594753341933,0.123214285714286
"flapper",11,"gam_spatial",1,"binary",1,0.146750054094707,0.123214285714286
"flapper",11,"gam_spatial",1,"binary",0,0.383319237292874,0.123214285714286
"flapper",11,"gam_spatial",1,"binary",0,1.57496996546078e-10,0.123214285714286
"flapper",11,"gam_spatial",1,"binary",0,2.11972884358451e-11,0.123214285714286
"flapper",11,"gam_spatial",1,"binary",0,2.42949473025691e-11,0.123214285714286
"flapper",11,"gam_spatial",1,"binary",0,1.03318195426838e-13,0.123214285714286
"flapper",11,"gam_spatial",1,"binary",0,3.25616254645043e-13,0.123214285714286
"flapper",11,"gam_spatial",1,"binary",0,2.63378845702137e-06,0.123214285714286
"flapper",11,"gam_spatial",1,"binary",0,7.42183105996563e-11,0.123214285714286
"flapper",11,"gam_spatial",1,"binary",0,8.54467227813961e-07,0.123214285714286
"flapper",11,"gam_spatial",1,"binary",0,1.57581543147386e-10,0.123214285714286
"flapper",11,"gam_spatial",1,"binary",0,1.19821541888061e-11,0.123214285714286
"flapper",11,"gam_spatial",1,"binary",0,6.15463782275619e-13,0.123214285714286
"flapper",11,"gam_spatial",1,"binary",0,0.00957437365116902,0.123214285714286
"flapper",11,"gam_spatial",1,"binary",0,1.51804273805136e-09,0.123214285714286
"flapper",11,"gam_spatial",1,"binary",0,1.93696576999435e-08,0.123214285714286
"flapper",11,"gam_spatial",1,"binary",0,0.0127036831389037,0.123214285714286
"flapper",11,"gam_spatial",1,"binary",0,0.00887904979588766,0.123214285714286
"flapper",11,"gam_spatial",1,"binary",0,0.0086155779717042,0.123214285714286
"flapper",11,"gam_spatial",1,"binary",0,0.0245657277887378,0.123214285714286
"flapper",11,"gam_spatial",1,"binary",0,7.13766782303111e-07,0.123214285714286
"flapper",11,"gam_spatial",1,"binary",0,1.26359034844185e-10,0.123214285714286
"flapper",11,"gam_spatial",1,"binary",0,4.7410913575309e-10,0.123214285714286
"flapper",11,"gam_spatial",1,"binary",0,4.25726231817002e-11,0.123214285714286
"flapper",11,"gam_spatial",1,"binary",0,0.00415487582118646,0.123214285714286
"flapper",11,"gam_spatial",1,"binary",0,3.529534495733e-06,0.123214285714286
"flapper",11,"gam_spatial",1,"binary",0,1.12205182450276e-09,0.123214285714286
"flapper",11,"gam_spatial",1,"binary",0,0.00939847780584843,0.123214285714286
"flapper",11,"gam_spatial",1,"binary",0,0.00585109153731543,0.123214285714286
"flapper",11,"gam_spatial",1,"binary",0,1.55539746704039e-09,0.123214285714286
"flapper",11,"gam_spatial",1,"binary",0,1.33050308438891e-09,0.123214285714286
"flapper",11,"gam_spatial",1,"binary",0,3.30647262256942e-10,0.123214285714286
"flapper",11,"gam_spatial",1,"binary",0,1.60599115294581e-09,0.123214285714286
"flapper",11,"gam_spatial",1,"binary",0,0.00828156037942897,0.123214285714286
"flapper",11,"gam_spatial",1,"binary",0,1.53059881491117e-11,0.123214285714286
"flapper",11,"gam_spatial",1,"binary",0,0.00394152967454569,0.123214285714286
"flapper",11,"gam_spatial",1,"binary",0,2.12619288575886e-08,0.123214285714286
"flapper",11,"gam_spatial",1,"binary",0,7.58940422171466e-07,0.123214285714286
"flapper",11,"gam_spatial",1,"binary",0,1.17301509246948e-09,0.123214285714286
"flapper",11,"gam_spatial",1,"binary",0,2.2812589698321e-11,0.123214285714286
"flapper",11,"gam_spatial",1,"binary",0,0.00759477988127184,0.123214285714286
"flapper",11,"gam_spatial",1,"binary",0,7.12529452067813e-11,0.123214285714286
"flapper",11,"gam_spatial",1,"binary",0,1.08317314693694e-10,0.123214285714286
"flapper",11,"gam_spatial",1,"binary",0,3.84587846179724e-10,0.123214285714286
"flapper",11,"gam_spatial",1,"binary",0,2.22044604925031e-16,0.123214285714286
"flapper",11,"gam_spatial",1,"binary",0,1.84112013884218e-09,0.123214285714286
"flapper",11,"gam_spatial",1,"binary",0,2.90015292327555e-13,0.123214285714286
"flapper",11,"gam_spatial",1,"binary",0,0.00475779381058777,0.123214285714286
"flapper",11,"gam_spatial",1,"binary",0,9.04489474999661e-13,0.123214285714286
"flapper",11,"gam_spatial",1,"binary",0,0.00459797534358351,0.123214285714286
"flapper",11,"gam_spatial",1,"binary",0,1.95792061132736e-08,0.123214285714286
"flapper",11,"gam_spatial",1,"binary",0,7.91756801905474e-10,0.123214285714286
"flapper",11,"gam_spatial",1,"binary",0,1.56005858968201e-09,0.123214285714286
"flapper",11,"gam_spatial",1,"binary",0,3.05929060661804e-12,0.123214285714286
"flapper",11,"gam_spatial",1,"binary",0,2.05105941866483e-11,0.123214285714286
"flapper",11,"gam_spatial",1,"binary",0,0.0081456718113061,0.123214285714286
"flapper",11,"gam_spatial",1,"binary",0,1.88639897863999e-13,0.123214285714286
"flapper",11,"gam_spatial",1,"binary",0,2.22044604925031e-16,0.123214285714286
"flapper",11,"gam_spatial",1,"binary",0,0.00586261476746637,0.123214285714286
"flapper",11,"gam_spatial",1,"binary",0,5.09814612137384e-08,0.123214285714286
"flapper",11,"gam_spatial",1,"binary",0,2.22044604925031e-16,0.123214285714286
"flapper",11,"gam_spatial",1,"binary",0,7.30352475858282e-11,0.123214285714286
"flapper",11,"gam_spatial",1,"binary",0,0.00693818303238796,0.123214285714286
"flapper",11,"gam_spatial",1,"binary",0,1.65709140601728e-08,0.123214285714286
"flapper",11,"gam_spatial",1,"binary",0,0.0105452326965476,0.123214285714286
"flapper",11,"gam_spatial",1,"binary",0,1.15770063323066e-09,0.123214285714286
"flapper",11,"gam_spatial",1,"binary",0,1.58853761189486e-10,0.123214285714286
"flapper",11,"gam_spatial",1,"binary",0,4.63834603060368e-10,0.123214285714286
"flapper",11,"gam_spatial",1,"binary",0,0.00671848373942646,0.123214285714286
"flapper",11,"gam_spatial",1,"binary",0,1.38785097242071e-09,0.123214285714286
"flapper",11,"gam_spatial",1,"binary",0,0.00451814345050189,0.123214285714286
"flapper",11,"gam_spatial",1,"binary",0,3.46591607495493e-06,0.123214285714286
"flapper",11,"gam_spatial",1,"binary",0,3.87523910313822e-11,0.123214285714286
"flapper",11,"gam_spatial",1,"binary",0,4.36586302780829e-09,0.123214285714286
"flapper",11,"gam_spatial",1,"binary",0,2.22044604925031e-16,0.123214285714286
"flapper",11,"gam_spatial",1,"binary",0,9.80309911257643e-10,0.123214285714286
"flapper",11,"gam_spatial",1,"binary",0,0.0106320165030913,0.123214285714286
"flapper",11,"gam_spatial",1,"binary",0,0.00279425958941344,0.123214285714286
"flapper",11,"gam_spatial",1,"binary",0,0.00895141069224987,0.123214285714286
"flapper",11,"gam_spatial",1,"binary",0,0.00670980321918938,0.123214285714286
"flapper",11,"gam_spatial",1,"binary",0,0.00593407099757927,0.123214285714286
"flapper",11,"gam_spatial",1,"binary",0,0.00829230966072613,0.123214285714286
"flapper",11,"gam_spatial",1,"binary",0,0.0328812047968446,0.123214285714286
"flapper",11,"gam_spatial",1,"binary",0,9.08556697134865e-11,0.123214285714286
"flapper",11,"gam_spatial",1,"binary",0,2.5576682978507e-09,0.123214285714286
"flapper",11,"gam_spatial",1,"binary",0,0.0193143227270243,0.123214285714286
"flapper",11,"gam_spatial",1,"binary",0,1.60655866352286e-12,0.123214285714286
"flapper",11,"gam_spatial",1,"binary",0,0.00915480744369222,0.123214285714286
"flapper",11,"gam_spatial",1,"binary",0,0.00506467450768374,0.123214285714286
"flapper",11,"gam_spatial",1,"binary",0,0.033800853698354,0.123214285714286
"flapper",11,"gam_spatial",1,"binary",0,1.16962884508534e-09,0.123214285714286
"flapper",11,"gam_spatial",1,"binary",0,1.26577452764752e-10,0.123214285714286
"flapper",11,"gam_spatial",1,"binary",0,0.0388330234407438,0.123214285714286
"flapper",11,"gam_spatial",1,"binary",0,0.00763658682334198,0.123214285714286
"flapper",11,"gam_spatial",1,"binary",0,2.4497273157816e-11,0.123214285714286
"flapper",11,"gam_spatial",1,"binary",0,0.00482806097515851,0.123214285714286
"flapper",11,"gam_spatial",1,"binary",0,2.61759410932799e-06,0.123214285714286
"flapper",11,"gam_spatial",1,"binary",0,3.09849518642664e-10,0.123214285714286
"flapper",11,"gam_spatial",1,"binary",0,0.0102908901240052,0.123214285714286
"flapper",11,"gam_spatial",1,"binary",0,3.66631496469459e-09,0.123214285714286
"flapper",11,"gam_spatial",1,"binary",0,0.00345919856513704,0.123214285714286
"flapper",11,"gam_spatial",1,"binary",0,2.22044604925031e-16,0.123214285714286
"flapper",11,"gam_spatial",1,"binary",0,2.09128718334397e-11,0.123214285714286
"flapper",11,"gam_spatial",1,"binary",0,0.00684151981707013,0.123214285714286
"flapper",11,"gam_spatial",1,"binary",0,8.5929151777111e-11,0.123214285714286
"flapper",11,"gam_spatial",1,"binary",0,1.09008667881745e-06,0.123214285714286
"flapper",11,"gam_spatial",1,"binary",0,2.22044604925031e-16,0.123214285714286
"flapper",11,"gam_spatial",1,"binary",0,1.68405303119356e-11,0.123214285714286
"flapper",11,"gam_spatial",1,"binary",0,2.74836984438693e-07,0.123214285714286
"flapper",11,"gam_spatial",1,"binary",0,2.96467711068623e-10,0.123214285714286
"flapper",11,"gam_spatial",1,"binary",0,9.53380164513672e-10,0.123214285714286
"flapper",11,"gam_spatial",1,"binary",0,0.0100974148768828,0.123214285714286
"flapper",11,"gam_spatial",1,"binary",0,2.22044604925031e-16,0.123214285714286
"flapper",11,"gam_spatial",1,"binary",0,1.02778582631133e-13,0.123214285714286
"flapper",11,"gam_spatial",1,"binary",0,1.04271250470313e-05,0.123214285714286
"flapper",11,"gam_spatial",1,"binary",0,2.54710927940256e-13,0.123214285714286
"flapper",11,"gam_spatial",2,"binary",0,0.20545140811408,0.0813148788927336
"flapper",11,"gam_spatial",2,"binary",1,0.293046542952236,0.0813148788927336
"flapper",11,"gam_spatial",2,"binary",0,0.274681362772929,0.0813148788927336
"flapper",11,"gam_spatial",2,"binary",0,0.477799136295648,0.0813148788927336
"flapper",11,"gam_spatial",2,"binary",1,0.470561797105339,0.0813148788927336
"flapper",11,"gam_spatial",2,"binary",0,0.205062316379628,0.0813148788927336
"flapper",11,"gam_spatial",2,"binary",0,0.475010462826927,0.0813148788927336
"flapper",11,"gam_spatial",2,"binary",0,0.108505401059269,0.0813148788927336
"flapper",11,"gam_spatial",2,"binary",0,0.512086495098838,0.0813148788927336
"flapper",11,"gam_spatial",2,"binary",0,0.213939372631983,0.0813148788927336
"flapper",11,"gam_spatial",2,"binary",0,0.251465466668609,0.0813148788927336
"flapper",11,"gam_spatial",2,"binary",0,0.335241768572544,0.0813148788927336
"flapper",11,"gam_spatial",2,"binary",0,0.244292242286598,0.0813148788927336
"flapper",11,"gam_spatial",2,"binary",0,0.276374800648943,0.0813148788927336
"flapper",11,"gam_spatial",2,"binary",0,0.311348757446838,0.0813148788927336
"flapper",11,"gam_spatial",2,"binary",0,0.114586759424289,0.0813148788927336
"flapper",11,"gam_spatial",2,"binary",1,0.26963548239363,0.0813148788927336
"flapper",11,"gam_spatial",2,"binary",1,0.281384674975622,0.0813148788927336
"flapper",11,"gam_spatial",2,"binary",0,0.184497635179221,0.0813148788927336
"flapper",11,"gam_spatial",2,"binary",1,0.286280807380313,0.0813148788927336
"flapper",11,"gam_spatial",2,"binary",0,0.471609778237779,0.0813148788927336
"flapper",11,"gam_spatial",2,"binary",1,0.43039174024909,0.0813148788927336
"flapper",11,"gam_spatial",2,"binary",1,0.468700555380302,0.0813148788927336
"flapper",11,"gam_spatial",2,"binary",0,0.194703126562889,0.0813148788927336
"flapper",11,"gam_spatial",2,"binary",0,0.0645399374384505,0.0813148788927336
"flapper",11,"gam_spatial",2,"binary",0,0.0670304057420678,0.0813148788927336
"flapper",11,"gam_spatial",2,"binary",0,0.0859854633648107,0.0813148788927336
"flapper",11,"gam_spatial",2,"binary",0,0.00665901328444887,0.0813148788927336
"flapper",11,"gam_spatial",2,"binary",0,0.00246987080283368,0.0813148788927336
"flapper",11,"gam_spatial",2,"binary",0,0.00771207175497289,0.0813148788927336
"flapper",11,"gam_spatial",2,"binary",0,0.00880540265244383,0.0813148788927336
"flapper",11,"gam_spatial",2,"binary",0,0.0523992388887261,0.0813148788927336
"flapper",11,"gam_spatial",2,"binary",0,0.0070853950405321,0.0813148788927336
"flapper",11,"gam_spatial",2,"binary",0,0.0457090160232324,0.0813148788927336
"flapper",11,"gam_spatial",2,"binary",0,0.0641498759726416,0.0813148788927336
"flapper",11,"gam_spatial",2,"binary",0,0.00321644479404339,0.0813148788927336
"flapper",11,"gam_spatial",2,"binary",0,0.0672104734327683,0.0813148788927336
"flapper",11,"gam_spatial",2,"binary",0,0.0192527633086484,0.0813148788927336
"flapper",11,"gam_spatial",2,"binary",0,0.00211477612467999,0.0813148788927336
"flapper",11,"gam_spatial",2,"binary",1,0.0569200486809585,0.0813148788927336
"flapper",11,"gam_spatial",2,"binary",0,0.101671481849593,0.0813148788927336
"flapper",11,"gam_spatial",2,"binary",0,0.052135739274935,0.0813148788927336
"flapper",11,"gam_spatial",2,"binary",0,0.0165941457746322,0.0813148788927336
"flapper",11,"gam_spatial",2,"binary",0,0.0862681934478088,0.0813148788927336
"flapper",11,"gam_spatial",2,"binary",0,0.0338802423574066,0.0813148788927336
"flapper",11,"gam_spatial",2,"binary",0,0.0523782848517188,0.0813148788927336
"flapper",11,"gam_spatial",2,"binary",0,0.0372663154050854,0.0813148788927336
"flapper",11,"gam_spatial",2,"binary",0,0.0672996929485104,0.0813148788927336
"flapper",11,"gam_spatial",2,"binary",0,0.136409625256394,0.0813148788927336
"flapper",11,"gam_spatial",2,"binary",0,0.00276657479834771,0.0813148788927336
"flapper",11,"gam_spatial",2,"binary",0,0.0863593419959454,0.0813148788927336
"flapper",11,"gam_spatial",2,"binary",0,0.0671181477142781,0.0813148788927336
"flapper",11,"gam_spatial",2,"binary",0,0.00829793494820505,0.0813148788927336
"flapper",11,"gam_spatial",2,"binary",0,0.0920169113728573,0.0813148788927336
"flapper",11,"gam_spatial",2,"binary",0,0.080853721743567,0.0813148788927336
"flapper",11,"gam_spatial",2,"binary",0,0.172968186648716,0.0813148788927336
"flapper",11,"gam_spatial",2,"binary",0,0.0137042130130598,0.0813148788927336
"flapper",11,"gam_spatial",2,"binary",0,0.0699183353578375,0.0813148788927336
"flapper",11,"gam_spatial",2,"binary",0,0.103198524709557,0.0813148788927336
"flapper",11,"gam_spatial",2,"binary",0,0.00646750276807448,0.0813148788927336
"flapper",11,"gam_spatial",2,"binary",0,0.00529127721778874,0.0813148788927336
"flapper",11,"gam_spatial",2,"binary",0,0.0594730488532249,0.0813148788927336
"flapper",11,"gam_spatial",2,"binary",0,0.0247360994238709,0.0813148788927336
"flapper",11,"gam_spatial",2,"binary",0,0.014434065583198,0.0813148788927336
"flapper",11,"gam_spatial",2,"binary",0,0.0640351418600153,0.0813148788927336
"flapper",11,"gam_spatial",2,"binary",0,0.207182738180534,0.0813148788927336
"flapper",11,"gam_spatial",2,"binary",0,0.00180500064383471,0.0813148788927336
"flapper",11,"gam_spatial",2,"binary",0,0.0124137208335072,0.0813148788927336
"flapper",11,"gam_spatial",2,"binary",0,0.0160150069842594,0.0813148788927336
"flapper",11,"gam_spatial",2,"binary",0,0.00668009579506346,0.0813148788927336
"flapper",11,"gam_spatial",2,"binary",0,0.00934690409720482,0.0813148788927336
"flapper",11,"gam_spatial",2,"binary",1,0.0618266094706197,0.0813148788927336
"flapper",11,"gam_spatial",2,"binary",0,0.00146044196714303,0.0813148788927336
"flapper",11,"gam_spatial",2,"binary",0,0.0655559661670471,0.0813148788927336
"flapper",11,"gam_spatial",2,"binary",0,0.00736897314116619,0.0813148788927336
"flapper",11,"gam_spatial",2,"binary",1,0.036044762096259,0.0813148788927336
"flapper",11,"gam_spatial",2,"binary",0,0.0287455537202394,0.0813148788927336
"flapper",11,"gam_spatial",2,"binary",1,0.275499738754692,0.0813148788927336
"flapper",11,"gam_spatial",2,"binary",0,0.00751940088326117,0.0813148788927336
"flapper",11,"gam_spatial",2,"binary",0,0.0182580529439646,0.0813148788927336
"flapper",11,"gam_spatial",2,"binary",0,0.0392698776474726,0.0813148788927336
"flapper",11,"gam_spatial",2,"binary",0,0.00167615445751858,0.0813148788927336
"flapper",11,"gam_spatial",2,"binary",0,0.0292466189290557,0.0813148788927336
"flapper",11,"gam_spatial",2,"binary",0,0.0637862175471181,0.0813148788927336
"flapper",11,"gam_spatial",2,"binary",0,0.0163767760754326,0.0813148788927336
"flapper",11,"gam_spatial",2,"binary",0,0.0181331104766512,0.0813148788927336
"flapper",11,"gam_spatial",2,"binary",0,0.00141131421785199,0.0813148788927336
"flapper",11,"gam_spatial",2,"binary",1,0.0873083278178357,0.0813148788927336
"flapper",11,"gam_spatial",2,"binary",0,0.00746829061316024,0.0813148788927336
"flapper",11,"gam_spatial",2,"binary",0,0.0856792808204588,0.0813148788927336
"flapper",11,"gam_spatial",2,"binary",0,0.00864125092527872,0.0813148788927336
"flapper",11,"gam_spatial",2,"binary",0,0.0383689418203075,0.0813148788927336
"flapper",11,"gam_spatial",2,"binary",0,0.00674774297426296,0.0813148788927336
"flapper",11,"gam_spatial",2,"binary",0,0.391691673715113,0.0813148788927336
"flapper",11,"gam_spatial",2,"binary",0,0.233573771129931,0.0813148788927336
"flapper",11,"gam_spatial",2,"binary",0,0.205764420062532,0.0813148788927336
"flapper",11,"gam_spatial",2,"binary",0,0.263712716153297,0.0813148788927336
"flapper",11,"gam_spatial",2,"binary",0,0.249825086907804,0.0813148788927336
"flapper",11,"gam_spatial",2,"binary",1,0.200970603953873,0.0813148788927336
"flapper",11,"gam_spatial",2,"binary",0,0.338143694181916,0.0813148788927336
"flapper",11,"gam_spatial",2,"binary",0,0.267554998766709,0.0813148788927336
"flapper",11,"gam_spatial",2,"binary",1,0.416293455741516,0.0813148788927336
"flapper",11,"gam_spatial",2,"binary",0,0.347945421005947,0.0813148788927336
"flapper",11,"gam_spatial",2,"binary",0,0.203977421767387,0.0813148788927336
"flapper",11,"gam_spatial",2,"binary",1,0.586220343547294,0.0813148788927336
"flapper",11,"gam_spatial",2,"binary",1,0.321234170311009,0.0813148788927336
"flapper",11,"gam_spatial",2,"binary",0,0.260289951151498,0.0813148788927336
"flapper",11,"gam_spatial",2,"binary",0,0.452968612150294,0.0813148788927336
"flapper",11,"gam_spatial",2,"binary",0,0.653361390576264,0.0813148788927336
"flapper",11,"gam_spatial",2,"binary",1,0.236701535341455,0.0813148788927336
"flapper",11,"gam_spatial",2,"binary",1,0.150598918367896,0.0813148788927336
"flapper",11,"gam_spatial",2,"binary",1,0.372218603156239,0.0813148788927336
"flapper",11,"gam_spatial",2,"binary",0,0.650107832575618,0.0813148788927336
"flapper",11,"gam_spatial",2,"binary",0,0.369955662557217,0.0813148788927336
"flapper",11,"gam_spatial",2,"binary",0,0.562491096565204,0.0813148788927336
"flapper",11,"gam_spatial",2,"binary",0,0.431935969335952,0.0813148788927336
"flapper",11,"gam_spatial",2,"binary",1,0.216310421773168,0.0813148788927336
"flapper",11,"gam_spatial",2,"binary",0,0.265035475171335,0.0813148788927336
"flapper",11,"gam_spatial",2,"binary",0,0.118416853497015,0.0813148788927336
"flapper",11,"gam_spatial",2,"binary",0,0.210987872378855,0.0813148788927336
"flapper",11,"gam_spatial",2,"binary",1,0.228294087796328,0.0813148788927336
"flapper",11,"gam_spatial",2,"binary",0,0.207246416258514,0.0813148788927336
"flapper",11,"gam_spatial",2,"binary",1,0.500196619678439,0.0813148788927336
"flapper",11,"gam_spatial",2,"binary",0,0.235058307107987,0.0813148788927336
"flapper",11,"gam_spatial",2,"binary",0,0.112233633803108,0.0813148788927336
"flapper",11,"gam_spatial",2,"binary",1,0.380594681217157,0.0813148788927336
"flapper",11,"gam_spatial",2,"binary",1,0.637802324272635,0.0813148788927336
"flapper",11,"gam_spatial",2,"binary",0,0.17653903003128,0.0813148788927336
"flapper",11,"gam_spatial",2,"binary",1,0.253261949419356,0.0813148788927336
"flapper",11,"gam_spatial",3,"binary",1,0.371065004318527,0.0715563506261181
"flapper",11,"gam_spatial",3,"binary",1,0.419799487919964,0.0715563506261181
"flapper",11,"gam_spatial",3,"binary",1,0.0759359013022536,0.0715563506261181
"flapper",11,"gam_spatial",3,"binary",0,0.42368224679962,0.0715563506261181
"flapper",11,"gam_spatial",3,"binary",1,0.185742636631188,0.0715563506261181
"flapper",11,"gam_spatial",3,"binary",1,0.241383129910195,0.0715563506261181
"flapper",11,"gam_spatial",3,"binary",1,0.550356713221112,0.0715563506261181
"flapper",11,"gam_spatial",3,"binary",0,0.274899471147455,0.0715563506261181
"flapper",11,"gam_spatial",3,"binary",0,0.249120004615054,0.0715563506261181
"flapper",11,"gam_spatial",3,"binary",0,0.192704492731318,0.0715563506261181
"flapper",11,"gam_spatial",3,"binary",0,0.098023827639107,0.0715563506261181
"flapper",11,"gam_spatial",3,"binary",0,0.189931051632691,0.0715563506261181
"flapper",11,"gam_spatial",3,"binary",0,0.243580087970271,0.0715563506261181
"flapper",11,"gam_spatial",3,"binary",1,0.307626270624933,0.0715563506261181
"flapper",11,"gam_spatial",3,"binary",1,0.239656418648647,0.0715563506261181
"flapper",11,"gam_spatial",3,"binary",0,0.185561207758938,0.0715563506261181
"flapper",11,"gam_spatial",3,"binary",1,0.36637531847718,0.0715563506261181
"flapper",11,"gam_spatial",3,"binary",1,0.241192379635854,0.0715563506261181
"flapper",11,"gam_spatial",3,"binary",0,0.166460205807967,0.0715563506261181
"flapper",11,"gam_spatial",3,"binary",0,0.385074376752747,0.0715563506261181
"flapper",11,"gam_spatial",3,"binary",0,0.190798977211178,0.0715563506261181
"flapper",11,"gam_spatial",3,"binary",0,0.267166923576495,0.0715563506261181
"flapper",11,"gam_spatial",3,"binary",1,0.413198204741239,0.0715563506261181
"flapper",11,"gam_spatial",3,"binary",1,0.195607052839047,0.0715563506261181
"flapper",11,"gam_spatial",3,"binary",0,0.311826523190367,0.0715563506261181
"flapper",11,"gam_spatial",3,"binary",0,0.0784372821239119,0.0715563506261181
"flapper",11,"gam_spatial",3,"binary",0,0.125582559136627,0.0715563506261181
"flapper",11,"gam_spatial",3,"binary",0,0.210672177487534,0.0715563506261181
"flapper",11,"gam_spatial",3,"binary",0,0.451335273302883,0.0715563506261181
"flapper",11,"gam_spatial",3,"binary",0,0.0455191055626205,0.0715563506261181
"flapper",11,"gam_spatial",3,"binary",0,0.0770864641655496,0.0715563506261181
"flapper",11,"gam_spatial",3,"binary",0,0.0572262486223034,0.0715563506261181
"flapper",11,"gam_spatial",3,"binary",0,0.00395866148612168,0.0715563506261181
"flapper",11,"gam_spatial",3,"binary",0,0.0494418857023153,0.0715563506261181
"flapper",11,"gam_spatial",3,"binary",0,0.0685620263590344,0.0715563506261181
"flapper",11,"gam_spatial",3,"binary",0,0.0498380459134259,0.0715563506261181
"flapper",11,"gam_spatial",3,"binary",0,0.0553054583756852,0.0715563506261181
"flapper",11,"gam_spatial",3,"binary",0,0.0110313544622274,0.0715563506261181
"flapper",11,"gam_spatial",3,"binary",0,0.083741610638081,0.0715563506261181
"flapper",11,"gam_spatial",3,"binary",0,0.02148588718838,0.0715563506261181
"flapper",11,"gam_spatial",3,"binary",0,0.160022669185897,0.0715563506261181
"flapper",11,"gam_spatial",3,"binary",0,0.0784914085876164,0.0715563506261181
"flapper",11,"gam_spatial",3,"binary",0,0.0565461368529848,0.0715563506261181
"flapper",11,"gam_spatial",3,"binary",0,0.128535145338499,0.0715563506261181
"flapper",11,"gam_spatial",3,"binary",0,0.0252823713701152,0.0715563506261181
"flapper",11,"gam_spatial",3,"binary",0,0.174485643413182,0.0715563506261181
"flapper",11,"gam_spatial",3,"binary",0,0.0502250715952841,0.0715563506261181
"flapper",11,"gam_spatial",3,"binary",0,0.0759983774907215,0.0715563506261181
"flapper",11,"gam_spatial",3,"binary",0,0.0555939559440219,0.0715563506261181
"flapper",11,"gam_spatial",3,"binary",0,0.0884643416396133,0.0715563506261181
"flapper",11,"gam_spatial",3,"binary",0,0.00830574064252385,0.0715563506261181
"flapper",11,"gam_spatial",3,"binary",0,0.0955243321328364,0.0715563506261181
"flapper",11,"gam_spatial",3,"binary",0,0.00302234829112243,0.0715563506261181
"flapper",11,"gam_spatial",3,"binary",0,0.0514276224509873,0.0715563506261181
"flapper",11,"gam_spatial",3,"binary",0,0.0255401049001631,0.0715563506261181
"flapper",11,"gam_spatial",3,"binary",0,0.116464213264666,0.0715563506261181
"flapper",11,"gam_spatial",3,"binary",0,0.100354586897975,0.0715563506261181
"flapper",11,"gam_spatial",3,"binary",0,0.110042804598029,0.0715563506261181
"flapper",11,"gam_spatial",3,"binary",0,0.174776040703252,0.0715563506261181
"flapper",11,"gam_spatial",3,"binary",0,0.0682247140520938,0.0715563506261181
"flapper",11,"gam_spatial",3,"binary",0,0.0799783469597022,0.0715563506261181
"flapper",11,"gam_spatial",3,"binary",0,0.0944776365296969,0.0715563506261181
"flapper",11,"gam_spatial",3,"binary",0,0.0213939308292377,0.0715563506261181
"flapper",11,"gam_spatial",3,"binary",0,0.0602338081072273,0.0715563506261181
"flapper",11,"gam_spatial",3,"binary",0,0.0128979979627758,0.0715563506261181
"flapper",11,"gam_spatial",3,"binary",0,0.138736823088199,0.0715563506261181
"flapper",11,"gam_spatial",3,"binary",0,0.027929113157715,0.0715563506261181
"flapper",11,"gam_spatial",3,"binary",0,0.0345392646037129,0.0715563506261181
"flapper",11,"gam_spatial",3,"binary",0,0.00997528819851054,0.0715563506261181
"flapper",11,"gam_spatial",3,"binary",0,0.0238117765003344,0.0715563506261181
"flapper",11,"gam_spatial",3,"binary",0,0.00451286076344874,0.0715563506261181
"flapper",11,"gam_spatial",3,"binary",0,0.0843397115827536,0.0715563506261181
"flapper",11,"gam_spatial",3,"binary",0,0.0421930600081876,0.0715563506261181
"flapper",11,"gam_spatial",3,"binary",0,0.0839437850045291,0.0715563506261181
"flapper",11,"gam_spatial",3,"binary",1,0.00452991538321423,0.0715563506261181
"flapper",11,"gam_spatial",3,"binary",0,0.406563852881778,0.0715563506261181
"flapper",11,"gam_spatial",3,"binary",0,0.00837054013645495,0.0715563506261181
"flapper",11,"gam_spatial",3,"binary",1,0.202845952884177,0.0715563506261181
"flapper",11,"gam_spatial",3,"binary",0,0.164949979967591,0.0715563506261181
"flapper",11,"gam_spatial",3,"binary",0,0.0488825228068644,0.0715563506261181
"flapper",11,"gam_spatial",3,"binary",0,0.0370722423786658,0.0715563506261181
"flapper",11,"gam_spatial",3,"binary",0,0.0527324616512266,0.0715563506261181
"flapper",11,"gam_spatial",3,"binary",0,0.0329665690927993,0.0715563506261181
"flapper",11,"gam_spatial",3,"binary",0,0.0345437992221724,0.0715563506261181
"flapper",11,"gam_spatial",3,"binary",0,0.00749798304745749,0.0715563506261181
"flapper",11,"gam_spatial",3,"binary",0,0.225860394185575,0.0715563506261181
"flapper",11,"gam_spatial",3,"binary",0,0.0457243361749113,0.0715563506261181
"flapper",11,"gam_spatial",3,"binary",0,0.130110515343867,0.0715563506261181
"flapper",11,"gam_spatial",3,"binary",0,0.0759983774907215,0.0715563506261181
"flapper",11,"gam_spatial",3,"binary",0,0.0387761061624941,0.0715563506261181
"flapper",11,"gam_spatial",3,"binary",0,0.0270788094742727,0.0715563506261181
"flapper",11,"gam_spatial",3,"binary",0,0.013727119444354,0.0715563506261181
"flapper",11,"gam_spatial",3,"binary",0,0.0551082849942141,0.0715563506261181
"flapper",11,"gam_spatial",3,"binary",0,0.0706179333849584,0.0715563506261181
"flapper",11,"gam_spatial",3,"binary",0,0.0758503258478899,0.0715563506261181
"flapper",11,"gam_spatial",3,"binary",0,0.0356130722541905,0.0715563506261181
"flapper",11,"gam_spatial",3,"binary",0,0.0570211585446875,0.0715563506261181
"flapper",11,"gam_spatial",3,"binary",0,0.0072472063751187,0.0715563506261181
"flapper",11,"gam_spatial",3,"binary",0,0.0458331881902544,0.0715563506261181
"flapper",11,"gam_spatial",3,"binary",0,0.0398730619631502,0.0715563506261181
"flapper",11,"gam_spatial",3,"binary",0,0.120886409645733,0.0715563506261181
"flapper",11,"gam_spatial",3,"binary",0,0.0722383858885354,0.0715563506261181
"flapper",11,"gam_spatial",3,"binary",0,0.137528686933401,0.0715563506261181
"flapper",11,"gam_spatial",3,"binary",0,0.00460494053134153,0.0715563506261181
"flapper",11,"gam_spatial",3,"binary",0,0.00343049983828777,0.0715563506261181
"flapper",11,"gam_spatial",3,"binary",0,0.0421902845184858,0.0715563506261181
"flapper",11,"gam_spatial",3,"binary",0,0.0920586056669745,0.0715563506261181
"flapper",11,"gam_spatial",3,"binary",1,0.547838537700625,0.0715563506261181
"flapper",11,"gam_spatial",3,"binary",0,0.406347644158516,0.0715563506261181
"flapper",11,"gam_spatial",3,"binary",1,0.405854292991562,0.0715563506261181
"flapper",11,"gam_spatial",3,"binary",0,0.0898570134505783,0.0715563506261181
"flapper",11,"gam_spatial",3,"binary",0,0.784612933427368,0.0715563506261181
"flapper",11,"gam_spatial",3,"binary",1,0.445197283595753,0.0715563506261181
"flapper",11,"gam_spatial",3,"binary",1,0.495765607153261,0.0715563506261181
"flapper",11,"gam_spatial",3,"binary",0,0.303457601837697,0.0715563506261181
"flapper",11,"gam_spatial",3,"binary",0,0.239753399318136,0.0715563506261181
"flapper",11,"gam_spatial",3,"binary",0,0.147941138143509,0.0715563506261181
"flapper",11,"gam_spatial",3,"binary",1,0.409166175900005,0.0715563506261181
"flapper",11,"gam_spatial",3,"binary",1,0.601926206905034,0.0715563506261181
"flapper",11,"gam_spatial",3,"binary",0,0.498348613834379,0.0715563506261181
"flapper",11,"gam_spatial",3,"binary",1,0.47949140255781,0.0715563506261181
"flapper",11,"gam_spatial",3,"binary",0,0.142310501475993,0.0715563506261181
"flapper",11,"gam_spatial",3,"binary",0,0.343185383894651,0.0715563506261181
"flapper",11,"gam_spatial",3,"binary",1,0.610913352421291,0.0715563506261181
"flapper",11,"gam_spatial",3,"binary",0,0.0775142480937341,0.0715563506261181
"flapper",11,"gam_spatial",3,"binary",0,0.135118749670163,0.0715563506261181
"flapper",11,"gam_spatial",3,"binary",1,0.300066222545429,0.0715563506261181
"flapper",11,"gam_spatial",3,"binary",1,0.429851327453615,0.0715563506261181
"flapper",11,"gam_spatial",3,"binary",0,0.580379609676749,0.0715563506261181
"flapper",11,"gam_spatial",3,"binary",1,0.303845170130725,0.0715563506261181
"flapper",11,"gam_spatial",3,"binary",0,0.630747338542201,0.0715563506261181
"flapper",11,"gam_spatial",3,"binary",1,0.447565463328684,0.0715563506261181
"flapper",11,"gam_spatial",3,"binary",1,0.227810051340922,0.0715563506261181
"flapper",11,"gam_spatial",3,"binary",0,0.583918223570881,0.0715563506261181
"flapper",11,"gam_spatial",3,"binary",1,0.343745440047077,0.0715563506261181
"flapper",11,"gam_spatial",3,"binary",0,0.361390798618757,0.0715563506261181
"flapper",11,"gam_spatial",3,"binary",0,0.538190147700803,0.0715563506261181
"flapper",11,"gam_spatial",3,"binary",0,0.110407367377325,0.0715563506261181
"flapper",11,"gam_spatial",3,"binary",1,0.400809437953654,0.0715563506261181
"flapper",11,"gam_spatial",3,"binary",0,0.147376587992666,0.0715563506261181
"flapper",11,"gam_spatial",3,"binary",0,0.311511920571159,0.0715563506261181
"flapper",11,"gam_spatial",3,"binary",0,0.147935046154479,0.0715563506261181
"flapper",11,"gam_spatial",3,"binary",0,0.408614715584588,0.0715563506261181
"flapper",11,"gam_spatial",3,"binary",1,0.333919898745536,0.0715563506261181
"flapper",11,"gam_spatial",3,"binary",0,0.348213527948489,0.0715563506261181
"flapper",11,"gam_spatial",3,"binary",1,0.51727948226543,0.0715563506261181
"flapper",11,"gam_spatial",3,"binary",1,0.291819267463018,0.0715563506261181
"flapper",11,"gam_spatial",3,"binary",0,0.366391406894732,0.0715563506261181
"flapper",11,"gam_spatial",4,"binary",0,0.270543750379899,0.10873440285205
"flapper",11,"gam_spatial",4,"binary",0,0.433317468463484,0.10873440285205
"flapper",11,"gam_spatial",4,"binary",1,0.128937037173372,0.10873440285205
"flapper",11,"gam_spatial",4,"binary",0,0.506998146338199,0.10873440285205
"flapper",11,"gam_spatial",4,"binary",0,0.0193776468856093,0.10873440285205
"flapper",11,"gam_spatial",4,"binary",0,0.362807298628471,0.10873440285205
"flapper",11,"gam_spatial",4,"binary",0,0.41256243267725,0.10873440285205
"flapper",11,"gam_spatial",4,"binary",0,0.327346968311269,0.10873440285205
"flapper",11,"gam_spatial",4,"binary",1,0.149964346874562,0.10873440285205
"flapper",11,"gam_spatial",4,"binary",0,0.248172133558995,0.10873440285205
"flapper",11,"gam_spatial",4,"binary",0,0.0249398840572088,0.10873440285205
"flapper",11,"gam_spatial",4,"binary",1,0.192185217788573,0.10873440285205
"flapper",11,"gam_spatial",4,"binary",1,0.0396258442594282,0.10873440285205
"flapper",11,"gam_spatial",4,"binary",0,0.0249398840572088,0.10873440285205
"flapper",11,"gam_spatial",4,"binary",0,0.0270977442815739,0.10873440285205
"flapper",11,"gam_spatial",4,"binary",0,0.0329227728726795,0.10873440285205
"flapper",11,"gam_spatial",4,"binary",0,0.160240118532832,0.10873440285205
"flapper",11,"gam_spatial",4,"binary",0,0.112512892910302,0.10873440285205
"flapper",11,"gam_spatial",4,"binary",0,0.0771626851366077,0.10873440285205
"flapper",11,"gam_spatial",4,"binary",0,0.0133279935534643,0.10873440285205
"flapper",11,"gam_spatial",4,"binary",0,0.0168991916625194,0.10873440285205
"flapper",11,"gam_spatial",4,"binary",0,0.0127915796054503,0.10873440285205
"flapper",11,"gam_spatial",4,"binary",0,0.116793347522796,0.10873440285205
"flapper",11,"gam_spatial",4,"binary",0,0.0234104555207677,0.10873440285205
"flapper",11,"gam_spatial",4,"binary",0,0.0377875951946995,0.10873440285205
"flapper",11,"gam_spatial",4,"binary",0,0.0151645086688354,0.10873440285205
"flapper",11,"gam_spatial",4,"binary",0,0.0132585615283711,0.10873440285205
"flapper",11,"gam_spatial",4,"binary",0,0.0365978524108667,0.10873440285205
"flapper",11,"gam_spatial",4,"binary",0,0.025880123289837,0.10873440285205
"flapper",11,"gam_spatial",4,"binary",0,0.0223823970668741,0.10873440285205
"flapper",11,"gam_spatial",4,"binary",0,0.423153345732507,0.10873440285205
"flapper",11,"gam_spatial",4,"binary",0,0.0106972022055782,0.10873440285205
"flapper",11,"gam_spatial",4,"binary",0,0.116577130110247,0.10873440285205
"flapper",11,"gam_spatial",4,"binary",0,0.0168191032504719,0.10873440285205
"flapper",11,"gam_spatial",4,"binary",0,0.178439600590906,0.10873440285205
"flapper",11,"gam_spatial",4,"binary",1,0.0438869053702589,0.10873440285205
"flapper",11,"gam_spatial",4,"binary",0,0.431473799164664,0.10873440285205
"flapper",11,"gam_spatial",4,"binary",0,0.37797763436448,0.10873440285205
"flapper",11,"gam_spatial",4,"binary",0,0.0422778076433355,0.10873440285205
"flapper",11,"gam_spatial",4,"binary",1,0.020864777152878,0.10873440285205
"flapper",11,"gam_spatial",4,"binary",0,0.0793526924938405,0.10873440285205
"flapper",11,"gam_spatial",4,"binary",0,0.125403645107772,0.10873440285205
"flapper",11,"gam_spatial",4,"binary",0,0.189635457349791,0.10873440285205
"flapper",11,"gam_spatial",4,"binary",1,0.271156565327528,0.10873440285205
"flapper",11,"gam_spatial",4,"binary",1,0.012781721643002,0.10873440285205
"flapper",11,"gam_spatial",4,"binary",0,0.0106972022055782,0.10873440285205
"flapper",11,"gam_spatial",4,"binary",0,0.0403359953600328,0.10873440285205
"flapper",11,"gam_spatial",4,"binary",0,0.0129627136046839,0.10873440285205
"flapper",11,"gam_spatial",4,"binary",0,0.0234597923475495,0.10873440285205
"flapper",11,"gam_spatial",4,"binary",0,0.0244823018991386,0.10873440285205
"flapper",11,"gam_spatial",4,"binary",0,0.0106972022055782,0.10873440285205
"flapper",11,"gam_spatial",4,"binary",0,0.0175932701612998,0.10873440285205
"flapper",11,"gam_spatial",4,"binary",1,0.194155735581182,0.10873440285205
"flapper",11,"gam_spatial",4,"binary",0,0.0175522099068222,0.10873440285205
"flapper",11,"gam_spatial",4,"binary",0,0.0220367791755037,0.10873440285205
"flapper",11,"gam_spatial",4,"binary",1,0.336497923917749,0.10873440285205
"flapper",11,"gam_spatial",4,"binary",1,0.17170526383665,0.10873440285205
"flapper",11,"gam_spatial",4,"binary",0,0.214297659664436,0.10873440285205
"flapper",11,"gam_spatial",4,"binary",0,0.222031282077211,0.10873440285205
"flapper",11,"gam_spatial",4,"binary",0,0.214586841114758,0.10873440285205
"flapper",11,"gam_spatial",4,"binary",0,0.00065651795368344,0.10873440285205
"flapper",11,"gam_spatial",4,"binary",0,0.000179293429922643,0.10873440285205
"flapper",11,"gam_spatial",4,"binary",0,0.00033240525470582,0.10873440285205
"flapper",11,"gam_spatial",4,"binary",0,0.000289156404814064,0.10873440285205
"flapper",11,"gam_spatial",4,"binary",0,0.000172926227103897,0.10873440285205
"flapper",11,"gam_spatial",4,"binary",0,0.000738701801675781,0.10873440285205
"flapper",11,"gam_spatial",4,"binary",0,3.03078507755783e-06,0.10873440285205
"flapper",11,"gam_spatial",4,"binary",0,0.000969682145558513,0.10873440285205
"flapper",11,"gam_spatial",4,"binary",0,0.000179621531918586,0.10873440285205
"flapper",11,"gam_spatial",4,"binary",0,3.13002592692348e-06,0.10873440285205
"flapper",11,"gam_spatial",4,"binary",0,0.00056046575811781,0.10873440285205
"flapper",11,"gam_spatial",4,"binary",0,0.00188717188239761,0.10873440285205
"flapper",11,"gam_spatial",4,"binary",0,0.000576763054922024,0.10873440285205
"flapper",11,"gam_spatial",4,"binary",0,3.24989247255885e-06,0.10873440285205
"flapper",11,"gam_spatial",4,"binary",0,3.2880139433574e-06,0.10873440285205
"flapper",11,"gam_spatial",4,"binary",0,4.91237804811177e-05,0.10873440285205
"flapper",11,"gam_spatial",4,"binary",0,4.84704821783348e-05,0.10873440285205
"flapper",11,"gam_spatial",4,"binary",0,6.77550723164551e-05,0.10873440285205
"flapper",11,"gam_spatial",4,"binary",0,5.34820920901983e-06,0.10873440285205
"flapper",11,"gam_spatial",4,"binary",0,0.000104657096414005,0.10873440285205
"flapper",11,"gam_spatial",4,"binary",0,2.04820084051311e-05,0.10873440285205
"flapper",11,"gam_spatial",4,"binary",0,0.000193988970928288,0.10873440285205
"flapper",11,"gam_spatial",4,"binary",0,3.02554458281745e-06,0.10873440285205
"flapper",11,"gam_spatial",4,"binary",0,1.61244789655529e-05,0.10873440285205
"flapper",11,"gam_spatial",4,"binary",0,1.16396430134196e-06,0.10873440285205
"flapper",11,"gam_spatial",4,"binary",0,0.000163041562142732,0.10873440285205
"flapper",11,"gam_spatial",4,"binary",0,2.19213075696397e-06,0.10873440285205
"flapper",11,"gam_spatial",4,"binary",0,0.000737989422221884,0.10873440285205
"flapper",11,"gam_spatial",4,"binary",0,1.6134981432944e-05,0.10873440285205
"flapper",11,"gam_spatial",4,"binary",0,0.000412874911574309,0.10873440285205
"flapper",11,"gam_spatial",4,"binary",0,0.000118489493546353,0.10873440285205
"flapper",11,"gam_spatial",4,"binary",0,1.44564849559273e-05,0.10873440285205
"flapper",11,"gam_spatial",4,"binary",0,0.000578231708312583,0.10873440285205
"flapper",11,"gam_spatial",4,"binary",0,0.00019516715706836,0.10873440285205
"flapper",11,"gam_spatial",4,"binary",0,0.000132206302881685,0.10873440285205
"flapper",11,"gam_spatial",4,"binary",0,1.2221828042141e-05,0.10873440285205
"flapper",11,"gam_spatial",4,"binary",0,1.82002355659977e-05,0.10873440285205
"flapper",11,"gam_spatial",4,"binary",0,0.00184929047585595,0.10873440285205
"flapper",11,"gam_spatial",4,"binary",0,0.000552865613934946,0.10873440285205
"flapper",11,"gam_spatial",4,"binary",0,1.46723011948199e-05,0.10873440285205
"flapper",11,"gam_spatial",4,"binary",0,1.84236385491238e-05,0.10873440285205
"flapper",11,"gam_spatial",4,"binary",0,1.17728560946969e-05,0.10873440285205
"flapper",11,"gam_spatial",4,"binary",0,6.29294525860932e-05,0.10873440285205
"flapper",11,"gam_spatial",4,"binary",0,1.80057278023012e-05,0.10873440285205
"flapper",11,"gam_spatial",4,"binary",0,3.07479612895007e-05,0.10873440285205
"flapper",11,"gam_spatial",4,"binary",0,3.32343186969421e-06,0.10873440285205
"flapper",11,"gam_spatial",4,"binary",0,0.000226345853089696,0.10873440285205
"flapper",11,"gam_spatial",4,"binary",0,3.17051372609675e-05,0.10873440285205
"flapper",11,"gam_spatial",4,"binary",0,0.000300562309445673,0.10873440285205
"flapper",11,"gam_spatial",4,"binary",0,0.000771727368556833,0.10873440285205
"flapper",11,"gam_spatial",4,"binary",0,1.436408052646e-05,0.10873440285205
"flapper",11,"gam_spatial",4,"binary",0,6.28307397108816e-06,0.10873440285205
"flapper",11,"gam_spatial",4,"binary",0,1.79501093205674e-05,0.10873440285205
"flapper",11,"gam_spatial",4,"binary",0,9.49107676679583e-07,0.10873440285205
"flapper",11,"gam_spatial",4,"binary",0,3.12781982276732e-06,0.10873440285205
"flapper",11,"gam_spatial",4,"binary",0,0.000575378679829722,0.10873440285205
"flapper",11,"gam_spatial",4,"binary",0,0.00014638253833589,0.10873440285205
"flapper",11,"gam_spatial",4,"binary",0,0.000154580306099013,0.10873440285205
"flapper",11,"gam_spatial",4,"binary",0,4.81724049939938e-05,0.10873440285205
"flapper",11,"gam_spatial",4,"binary",0,1.83496124141684e-05,0.10873440285205
"flapper",11,"gam_spatial",4,"binary",0,0.000500110554490512,0.10873440285205
"flapper",11,"gam_spatial",4,"binary",0,3.15747892367885e-06,0.10873440285205
"flapper",11,"gam_spatial",4,"binary",0,9.72557476831483e-05,0.10873440285205
"flapper",11,"gam_spatial",4,"binary",0,2.35370064657595e-05,0.10873440285205
"flapper",11,"gam_spatial",4,"binary",0,0.000172119604029847,0.10873440285205
"flapper",11,"gam_spatial",4,"binary",0,0.000593255057684654,0.10873440285205
"flapper",11,"gam_spatial",4,"binary",0,0.000506586212942869,0.10873440285205
"flapper",11,"gam_spatial",4,"binary",0,2.19104668828279e-06,0.10873440285205
"flapper",11,"gam_spatial",4,"binary",0,5.88454068750238e-05,0.10873440285205
"flapper",11,"gam_spatial",4,"binary",0,2.48749669655089e-06,0.10873440285205
"flapper",11,"gam_spatial",4,"binary",0,1.69834481022484e-05,0.10873440285205
"flapper",11,"gam_spatial",4,"binary",0,0.000186899992955117,0.10873440285205
"flapper",11,"gam_spatial",4,"binary",0,6.621232207205e-07,0.10873440285205
"flapper",11,"gam_spatial",4,"binary",0,0.000831804316927678,0.10873440285205
"flapper",11,"gam_spatial",4,"binary",0,0.000277534496124325,0.10873440285205
"flapper",11,"gam_spatial",4,"binary",0,1.17667818201727e-06,0.10873440285205
"flapper",11,"gam_spatial",4,"binary",0,0.00062813151836307,0.10873440285205
"flapper",11,"gam_spatial",4,"binary",0,6.83919507480167e-06,0.10873440285205
"flapper",11,"gam_spatial",4,"binary",0,7.85735962191775e-05,0.10873440285205
"flapper",11,"gam_spatial",4,"binary",0,0.000147543097048028,0.10873440285205
"flapper",11,"gam_spatial",4,"binary",0,0.0003076985046178,0.10873440285205
"flapper",11,"gam_spatial",4,"binary",0,7.82551107592533e-05,0.10873440285205
"flapper",11,"gam_spatial",4,"binary",0,1.73722009817721e-05,0.10873440285205
"flapper",11,"gam_spatial",4,"binary",0,9.18384958199206e-05,0.10873440285205
"flapper",11,"gam_spatial",4,"binary",0,0.000458232482128627,0.10873440285205
"flapper",11,"gam_spatial",4,"binary",0,6.1616962763359e-06,0.10873440285205
"flapper",11,"gam_spatial",5,"binary",0,0.0134958751187175,0.124561403508772
"flapper",11,"gam_spatial",5,"binary",0,1.2150959484374e-09,0.124561403508772
"flapper",11,"gam_spatial",5,"binary",0,2.96435820888425e-09,0.124561403508772
"flapper",11,"gam_spatial",5,"binary",0,6.94367742612822e-08,0.124561403508772
"flapper",11,"gam_spatial",5,"binary",0,0.00113427025291425,0.124561403508772
"flapper",11,"gam_spatial",5,"binary",0,0.00128557555418998,0.124561403508772
"flapper",11,"gam_spatial",5,"binary",0,0.000335619474269862,0.124561403508772
"flapper",11,"gam_spatial",5,"binary",0,0.00926155351535001,0.124561403508772
"flapper",11,"gam_spatial",5,"binary",0,4.4098535115174e-10,0.124561403508772
"flapper",11,"gam_spatial",5,"binary",0,0.00039089274996448,0.124561403508772
"flapper",11,"gam_spatial",5,"binary",0,0.000693962034653525,0.124561403508772
"flapper",11,"gam_spatial",5,"binary",0,2.52751872774099e-08,0.124561403508772
"flapper",11,"gam_spatial",5,"binary",0,6.99706031916412e-08,0.124561403508772
"flapper",11,"gam_spatial",5,"binary",0,6.78749215181499e-08,0.124561403508772
"flapper",11,"gam_spatial",5,"binary",0,0.000462794289766994,0.124561403508772
"flapper",11,"gam_spatial",5,"binary",0,1.57285425478257e-06,0.124561403508772
"flapper",11,"gam_spatial",5,"binary",0,5.51221208066484e-05,0.124561403508772
"flapper",11,"gam_spatial",5,"binary",0,1.46572432562535e-05,0.124561403508772
"flapper",11,"gam_spatial",5,"binary",0,1.59563478805132e-07,0.124561403508772
"flapper",11,"gam_spatial",5,"binary",0,0.00197935635255015,0.124561403508772
"flapper",11,"gam_spatial",5,"binary",0,3.21533942666589e-09,0.124561403508772
"flapper",11,"gam_spatial",5,"binary",0,9.97205380819639e-05,0.124561403508772
"flapper",11,"gam_spatial",5,"binary",0,6.3558020543772e-07,0.124561403508772
"flapper",11,"gam_spatial",5,"binary",0,2.26949114384473e-05,0.124561403508772
"flapper",11,"gam_spatial",5,"binary",0,0.000258511502900181,0.124561403508772
"flapper",11,"gam_spatial",5,"binary",0,0.0141571325441258,0.124561403508772
"flapper",11,"gam_spatial",5,"binary",0,0.000229069097514236,0.124561403508772
"flapper",11,"gam_spatial",5,"binary",0,2.07755702729101e-10,0.124561403508772
"flapper",11,"gam_spatial",5,"binary",0,0.00613300731642063,0.124561403508772
"flapper",11,"gam_spatial",5,"binary",0,0.000479459573541099,0.124561403508772
"flapper",11,"gam_spatial",5,"binary",0,0.00396828871500929,0.124561403508772
"flapper",11,"gam_spatial",5,"binary",0,3.03150842462032e-05,0.124561403508772
"flapper",11,"gam_spatial",5,"binary",0,0.010402257364547,0.124561403508772
"flapper",11,"gam_spatial",5,"binary",0,0.0135861727511424,0.124561403508772
"flapper",11,"gam_spatial",5,"binary",0,6.24864254332667e-09,0.124561403508772
"flapper",11,"gam_spatial",5,"binary",0,0.00108177193470111,0.124561403508772
"flapper",11,"gam_spatial",5,"binary",0,3.14067523332281e-05,0.124561403508772
"flapper",11,"gam_spatial",5,"binary",0,7.0170040217223e-05,0.124561403508772
"flapper",11,"gam_spatial",5,"binary",0,0.000444436950967465,0.124561403508772
"flapper",11,"gam_spatial",5,"binary",0,1.64664895924687e-07,0.124561403508772
"flapper",11,"gam_spatial",5,"binary",0,9.39705207907053e-05,0.124561403508772
"flapper",11,"gam_spatial",5,"binary",0,0.00863234015865882,0.124561403508772
"flapper",11,"gam_spatial",5,"binary",0,0.00200472578692339,0.124561403508772
"flapper",11,"gam_spatial",5,"binary",0,1.51759638422114e-05,0.124561403508772
"flapper",11,"gam_spatial",5,"binary",0,9.16196981704918e-08,0.124561403508772
"flapper",11,"gam_spatial",5,"binary",0,9.12151761950709e-07,0.124561403508772
"flapper",11,"gam_spatial",5,"binary",0,5.42362312913742e-10,0.124561403508772
"flapper",11,"gam_spatial",5,"binary",0,0.00561103137305455,0.124561403508772
"flapper",11,"gam_spatial",5,"binary",0,2.31569790319764e-07,0.124561403508772
"flapper",11,"gam_spatial",5,"binary",0,1.42684097458546e-08,0.124561403508772
"flapper",11,"gam_spatial",5,"binary",0,2.40852267950202e-06,0.124561403508772
"flapper",11,"gam_spatial",5,"binary",0,0.0342038198861878,0.124561403508772
"flapper",11,"gam_spatial",5,"binary",0,1.67325806646152e-08,0.124561403508772
"flapper",11,"gam_spatial",5,"binary",0,0.00030848590652387,0.124561403508772
"flapper",11,"gam_spatial",5,"binary",0,1.73559104423088e-07,0.124561403508772
"flapper",11,"gam_spatial",5,"binary",0,4.20748310824229e-05,0.124561403508772
"flapper",11,"gam_spatial",5,"binary",0,0.0174479090892551,0.124561403508772
"flapper",11,"gam_spatial",5,"binary",0,9.05739250865713e-06,0.124561403508772
"flapper",11,"gam_spatial",5,"binary",0,6.76149996554813e-06,0.124561403508772
"flapper",11,"gam_spatial",5,"binary",0,0.000166579347501063,0.124561403508772
"flapper",11,"gam_spatial",5,"binary",0,0.00380816059400943,0.124561403508772
"flapper",11,"gam_spatial",5,"binary",0,0.00556222417555441,0.124561403508772
"flapper",11,"gam_spatial",5,"binary",0,2.56278330661927e-06,0.124561403508772
"flapper",11,"gam_spatial",5,"binary",0,5.56205681915663e-09,0.124561403508772
"flapper",11,"gam_spatial",5,"binary",0,8.38906397468053e-06,0.124561403508772
"flapper",11,"gam_spatial",5,"binary",0,0.0132807710185638,0.124561403508772
"flapper",11,"gam_spatial",5,"binary",0,4.22230552318674e-07,0.124561403508772
"flapper",11,"gam_spatial",5,"binary",0,0.00111611224702723,0.124561403508772
"flapper",11,"gam_spatial",5,"binary",0,5.12766902540441e-09,0.124561403508772
"flapper",11,"gam_spatial",5,"binary",0,1.07909622584322e-07,0.124561403508772
"flapper",11,"gam_spatial",5,"binary",0,0.000481603298474717,0.124561403508772
"flapper",11,"gam_spatial",5,"binary",0,0.000285584043578257,0.124561403508772
"flapper",11,"gam_spatial",5,"binary",0,0.00113451016669569,0.124561403508772
"flapper",11,"gam_spatial",5,"binary",0,0.000252857393853582,0.124561403508772
"flapper",11,"gam_spatial",5,"binary",1,0.0157457915730576,0.124561403508772
"flapper",11,"gam_spatial",5,"binary",0,1.23554591719763e-06,0.124561403508772
"flapper",11,"gam_spatial",5,"binary",0,0.00120391209213554,0.124561403508772
"flapper",11,"gam_spatial",5,"binary",0,0.0175460564957627,0.124561403508772
"flapper",11,"gam_spatial",5,"binary",0,0.00184219390366749,0.124561403508772
"flapper",11,"gam_spatial",5,"binary",0,0.00156088617568597,0.124561403508772
"flapper",11,"gam_spatial",5,"binary",0,4.67646074504407e-09,0.124561403508772
"flapper",11,"gam_spatial",5,"binary",0,1.74374056258072e-08,0.124561403508772
"flapper",11,"gam_spatial",5,"binary",0,0.00165403128263303,0.124561403508772
"flapper",11,"gam_spatial",5,"binary",0,5.13960387242048e-09,0.124561403508772
"flapper",11,"gam_spatial",5,"binary",0,2.51057419759659e-05,0.124561403508772
"flapper",11,"gam_spatial",5,"binary",0,0.000829443709894703,0.124561403508772
"flapper",11,"gam_spatial",5,"binary",0,0.00976434633034145,0.124561403508772
"flapper",11,"gam_spatial",5,"binary",0,0.00297774962427877,0.124561403508772
"flapper",11,"gam_spatial",5,"binary",0,1.64197253983911e-07,0.124561403508772
"flapper",11,"gam_spatial",5,"binary",0,1.67286130898771e-08,0.124561403508772
"flapper",11,"gam_spatial",5,"binary",0,0.00239557490674002,0.124561403508772
"flapper",11,"gam_spatial",5,"binary",0,2.41120911816577e-06,0.124561403508772
"flapper",11,"gam_spatial",5,"binary",0,0.000105761009229352,0.124561403508772
"flapper",11,"gam_spatial",5,"binary",0,3.5481311822525e-07,0.124561403508772
"flapper",11,"gam_spatial",5,"binary",0,0.00406776833610094,0.124561403508772
"flapper",11,"gam_spatial",5,"binary",0,0.0155867387511569,0.124561403508772
"flapper",11,"gam_spatial",5,"binary",0,1.63753786461861e-07,0.124561403508772
"flapper",11,"gam_spatial",5,"binary",0,0.0182871863084256,0.124561403508772
"flapper",11,"gam_spatial",5,"binary",0,5.18246081717535e-07,0.124561403508772
"flapper",11,"gam_spatial",5,"binary",0,0.000433001419692141,0.124561403508772
"flapper",11,"gam_spatial",5,"binary",0,0.0101688944567164,0.124561403508772
"flapper",11,"gam_spatial",5,"binary",0,2.19781425827144e-05,0.124561403508772
"flapper",11,"gam_spatial",5,"binary",0,5.438377424934e-05,0.124561403508772
"flapper",11,"gam_spatial",5,"binary",0,4.65722585090497e-08,0.124561403508772
"flapper",11,"gam_spatial",5,"binary",0,6.05442221250127e-09,0.124561403508772
"flapper",11,"gam_spatial",5,"binary",0,3.67698945908626e-07,0.124561403508772
"flapper",11,"gam_spatial",5,"binary",0,0.00297411455839445,0.124561403508772
"flapper",11,"gam_spatial",5,"binary",0,3.87198428031883e-09,0.124561403508772
"flapper",11,"gam_spatial",5,"binary",0,5.83327365390722e-07,0.124561403508772
"flapper",11,"gam_spatial",5,"binary",0,0.0586675731110499,0.124561403508772
"flapper",11,"gam_spatial",5,"binary",0,3.02470344318233e-05,0.124561403508772
"flapper",11,"gam_spatial",5,"binary",0,0.00332463701679496,0.124561403508772
"flapper",11,"gam_spatial",5,"binary",0,0.00520727061935096,0.124561403508772
"flapper",11,"gam_spatial",5,"binary",0,0.00238809311852233,0.124561403508772
"flapper",11,"gam_spatial",5,"binary",0,0.00235025260428729,0.124561403508772
"flapper",11,"gam_spatial",5,"binary",0,0.00311824070459246,0.124561403508772
"flapper",11,"gam_spatial",5,"binary",0,4.52469474406433e-07,0.124561403508772
"flapper",11,"gam_spatial",5,"binary",0,1.35703105463222e-08,0.124561403508772
"flapper",11,"gam_spatial",5,"binary",0,0.000152756738761271,0.124561403508772
"flapper",11,"gam_spatial",5,"binary",0,4.12825088929951e-05,0.124561403508772
"flapper",11,"gam_spatial",5,"binary",0,0.00642456976087438,0.124561403508772
"flapper",11,"gam_spatial",5,"binary",0,0.00177026329434667,0.124561403508772
"flapper",11,"gam_spatial",5,"binary",0,0.000136414469502967,0.124561403508772
"flapper",11,"gam_spatial",5,"binary",0,2.0200123208581e-05,0.124561403508772
"flapper",11,"gam_spatial",5,"binary",0,0.0236916774869982,0.124561403508772
"flapper",11,"gam_spatial",5,"binary",0,0.000255634016498096,0.124561403508772
"flapper",11,"gam_spatial",5,"binary",0,3.65108659179112e-09,0.124561403508772
"flapper",11,"gam_spatial",5,"binary",0,0.00028532605934409,0.124561403508772
"flapper",11,"gam_spatial",5,"binary",0,0.00428785331416566,0.124561403508772
"flapper",11,"gam_spatial",5,"binary",0,2.32328866260967e-06,0.124561403508772
"flapper",11,"gam_spatial",5,"binary",0,0.015249177178997,0.124561403508772
"flapper",11,"gam_spatial",5,"binary",0,8.17321697487249e-08,0.124561403508772
"flapper",11,"gam_spatial",5,"binary",0,0.00460648917372421,0.124561403508772
"flapper",11,"gam_spatial",5,"binary",0,2.19504820588865e-09,0.124561403508772
"flapper",11,"gam_spatial",5,"binary",0,0.0063719176104659,0.124561403508772
"flapper",11,"gam_spatial",5,"binary",0,0.00868033062769137,0.124561403508772
"flapper",11,"gam_spatial",5,"binary",0,0.000592152042049992,0.124561403508772
"flapper",11,"random_forest",1,"binary",0,0.0318928571428571,0.123214285714286
"flapper",11,"random_forest",1,"binary",0,0.0957698412698413,0.123214285714286
"flapper",11,"random_forest",1,"binary",0,0.206337301587302,0.123214285714286
"flapper",11,"random_forest",1,"binary",0,0.109714285714286,0.123214285714286
"flapper",11,"random_forest",1,"binary",0,0.184186507936508,0.123214285714286
"flapper",11,"random_forest",1,"binary",0,0.391666666666667,0.123214285714286
"flapper",11,"random_forest",1,"binary",0,0.257738095238095,0.123214285714286
"flapper",11,"random_forest",1,"binary",1,0.22952380952381,0.123214285714286
"flapper",11,"random_forest",1,"binary",0,0.172809523809524,0.123214285714286
"flapper",11,"random_forest",1,"binary",0,0.119309523809524,0.123214285714286
"flapper",11,"random_forest",1,"binary",0,0.210269841269841,0.123214285714286
"flapper",11,"random_forest",1,"binary",0,0.249289682539683,0.123214285714286
"flapper",11,"random_forest",1,"binary",0,0.112853174603175,0.123214285714286
"flapper",11,"random_forest",1,"binary",0,0.228853174603175,0.123214285714286
"flapper",11,"random_forest",1,"binary",0,0.175349206349206,0.123214285714286
"flapper",11,"random_forest",1,"binary",0,0.0472103174603175,0.123214285714286
"flapper",11,"random_forest",1,"binary",0,0.231988095238095,0.123214285714286
"flapper",11,"random_forest",1,"binary",0,0.0410555555555556,0.123214285714286
"flapper",11,"random_forest",1,"binary",0,0.175349206349206,0.123214285714286
"flapper",11,"random_forest",1,"binary",0,0.570373015873016,0.123214285714286
"flapper",11,"random_forest",1,"binary",0,0.112853174603175,0.123214285714286
"flapper",11,"random_forest",1,"binary",0,0.169365079365079,0.123214285714286
"flapper",11,"random_forest",1,"binary",0,0.232904761904762,0.123214285714286
"flapper",11,"random_forest",1,"binary",0,0.285154761904762,0.123214285714286
"flapper",11,"random_forest",1,"binary",0,0.334539682539683,0.123214285714286
"flapper",11,"random_forest",1,"binary",1,0.548246031746032,0.123214285714286
"flapper",11,"random_forest",1,"binary",0,0.518765873015873,0.123214285714286
"flapper",11,"random_forest",1,"binary",0,0.631948412698413,0.123214285714286
"flapper",11,"random_forest",1,"binary",0,0.494765873015873,0.123214285714286
"flapper",11,"random_forest",1,"binary",0,0.570373015873016,0.123214285714286
"flapper",11,"random_forest",1,"binary",0,0.0183333333333333,0.123214285714286
"flapper",11,"random_forest",1,"binary",1,0.027,0.123214285714286
"flapper",11,"random_forest",1,"binary",0,0.470734126984127,0.123214285714286
"flapper",11,"random_forest",1,"binary",0,0.00422222222222222,0.123214285714286
"flapper",11,"random_forest",1,"binary",0,0.0938214285714286,0.123214285714286
"flapper",11,"random_forest",1,"binary",0,0.247210317460317,0.123214285714286
"flapper",11,"random_forest",1,"binary",0,0.0222222222222222,0.123214285714286
"flapper",11,"random_forest",1,"binary",0,0.0291785714285714,0.123214285714286
"flapper",11,"random_forest",1,"binary",0,0.015,0.123214285714286
"flapper",11,"random_forest",1,"binary",0,0.005,0.123214285714286
"flapper",11,"random_forest",1,"binary",0,0,0.123214285714286
"flapper",11,"random_forest",1,"binary",0,0,0.123214285714286
"flapper",11,"random_forest",1,"binary",0,0,0.123214285714286
"flapper",11,"random_forest",1,"binary",0,0.0541785714285714,0.123214285714286
"flapper",11,"random_forest",1,"binary",0,0.15840873015873,0.123214285714286
"flapper",11,"random_forest",1,"binary",0,0.0529285714285714,0.123214285714286
"flapper",11,"random_forest",1,"binary",0,0,0.123214285714286
"flapper",11,"random_forest",1,"binary",0,0.0146785714285714,0.123214285714286
"flapper",11,"random_forest",1,"binary",0,0.173992063492063,0.123214285714286
"flapper",11,"random_forest",1,"binary",0,0.0740555555555556,0.123214285714286
"flapper",11,"random_forest",1,"binary",0,0.0373095238095238,0.123214285714286
"flapper",11,"random_forest",1,"binary",0,0.00833333333333333,0.123214285714286
"flapper",11,"random_forest",1,"binary",0,0.0572738095238095,0.123214285714286
"flapper",11,"random_forest",1,"binary",0,0.0142222222222222,0.123214285714286
"flapper",11,"random_forest",1,"binary",0,0.154619047619048,0.123214285714286
"flapper",11,"random_forest",1,"binary",0,0.119,0.123214285714286
"flapper",11,"random_forest",1,"binary",0,0.01,0.123214285714286
"flapper",11,"random_forest",1,"binary",0,0,0.123214285714286
"flapper",11,"random_forest",1,"binary",0,0.0991666666666667,0.123214285714286
"flapper",11,"random_forest",1,"binary",0,0.0508333333333333,0.123214285714286
"flapper",11,"random_forest",1,"binary",0,0.115547619047619,0.123214285714286
"flapper",11,"random_forest",1,"binary",0,0.015,0.123214285714286
"flapper",11,"random_forest",1,"binary",0,0.131396825396825,0.123214285714286
"flapper",11,"random_forest",1,"binary",0,0,0.123214285714286
"flapper",11,"random_forest",1,"binary",0,0.00811111111111111,0.123214285714286
"flapper",11,"random_forest",1,"binary",0,0.0116666666666667,0.123214285714286
"flapper",11,"random_forest",1,"binary",0,0.041,0.123214285714286
"flapper",11,"random_forest",1,"binary",0,0,0.123214285714286
"flapper",11,"random_forest",1,"binary",0,0.00333333333333333,0.123214285714286
"flapper",11,"random_forest",1,"binary",0,0,0.123214285714286
"flapper",11,"random_forest",1,"binary",0,0.232543650793651,0.123214285714286
"flapper",11,"random_forest",1,"binary",0,0.0130119047619048,0.123214285714286
"flapper",11,"random_forest",1,"binary",0,0.125547619047619,0.123214285714286
"flapper",11,"random_forest",1,"binary",0,0,0.123214285714286
"flapper",11,"random_forest",1,"binary",0,0,0.123214285714286
"flapper",11,"random_forest",1,"binary",0,0.0222222222222222,0.123214285714286
"flapper",11,"random_forest",1,"binary",0,0,0.123214285714286
"flapper",11,"random_forest",1,"binary",0,0.182285714285714,0.123214285714286
"flapper",11,"random_forest",1,"binary",0,0.00566666666666667,0.123214285714286
"flapper",11,"random_forest",1,"binary",0,0.005,0.123214285714286
"flapper",11,"random_forest",1,"binary",0,0.0653373015873016,0.123214285714286
"flapper",11,"random_forest",1,"binary",0,0,0.123214285714286
"flapper",11,"random_forest",1,"binary",0,0,0.123214285714286
"flapper",11,"random_forest",1,"binary",0,0.04,0.123214285714286
"flapper",11,"random_forest",1,"binary",0,0,0.123214285714286
"flapper",11,"random_forest",1,"binary",0,0.134892857142857,0.123214285714286
"flapper",11,"random_forest",1,"binary",0,0.0606150793650794,0.123214285714286
"flapper",11,"random_forest",1,"binary",0,0.0850714285714286,0.123214285714286
"flapper",11,"random_forest",1,"binary",0,0.005,0.123214285714286
"flapper",11,"random_forest",1,"binary",0,0.0151111111111111,0.123214285714286
"flapper",11,"random_forest",1,"binary",0,0,0.123214285714286
"flapper",11,"random_forest",1,"binary",0,0.0458452380952381,0.123214285714286
"flapper",11,"random_forest",1,"binary",0,0.117099206349206,0.123214285714286
"flapper",11,"random_forest",1,"binary",0,0.00916666666666666,0.123214285714286
"flapper",11,"random_forest",1,"binary",0,0,0.123214285714286
"flapper",11,"random_forest",1,"binary",0,0.109166666666667,0.123214285714286
"flapper",11,"random_forest",1,"binary",0,0,0.123214285714286
"flapper",11,"random_forest",1,"binary",0,0.252761904761905,0.123214285714286
"flapper",11,"random_forest",1,"binary",0,0.005,0.123214285714286
"flapper",11,"random_forest",1,"binary",0,0.014,0.123214285714286
"flapper",11,"random_forest",1,"binary",0,0,0.123214285714286
"flapper",11,"random_forest",1,"binary",0,0.0653373015873016,0.123214285714286
"flapper",11,"random_forest",1,"binary",0,0.01,0.123214285714286
"flapper",11,"random_forest",1,"binary",0,0.0889880952380952,0.123214285714286
"flapper",11,"random_forest",1,"binary",0,0.0848928571428572,0.123214285714286
"flapper",11,"random_forest",1,"binary",0,0.236428571428571,0.123214285714286
"flapper",11,"random_forest",1,"binary",0,0,0.123214285714286
"flapper",11,"random_forest",1,"binary",0,0.324305555555556,0.123214285714286
"flapper",11,"random_forest",1,"binary",0,0.184916666666667,0.123214285714286
"flapper",11,"random_forest",1,"binary",0,0.233722222222222,0.123214285714286
"flapper",11,"random_forest",1,"binary",0,0.014,0.123214285714286
"flapper",11,"random_forest",1,"binary",0,0.0316666666666667,0.123214285714286
"flapper",11,"random_forest",1,"binary",0,0.0181111111111111,0.123214285714286
"flapper",11,"random_forest",1,"binary",0,0.0983095238095238,0.123214285714286
"flapper",11,"random_forest",1,"binary",0,0.104988095238095,0.123214285714286
"flapper",11,"random_forest",1,"binary",0,0,0.123214285714286
"flapper",11,"random_forest",1,"binary",0,0.0155119047619048,0.123214285714286
"flapper",11,"random_forest",1,"binary",0,0.025,0.123214285714286
"flapper",11,"random_forest",1,"binary",0,0.0731746031746032,0.123214285714286
"flapper",11,"random_forest",1,"binary",0,0.074531746031746,0.123214285714286
"flapper",11,"random_forest",1,"binary",0,0.108309523809524,0.123214285714286
"flapper",11,"random_forest",1,"binary",0,0.002,0.123214285714286
"flapper",11,"random_forest",1,"binary",0,0.0572738095238095,0.123214285714286
"flapper",11,"random_forest",1,"binary",0,0.0544880952380952,0.123214285714286
"flapper",11,"random_forest",1,"binary",0,0.0318333333333333,0.123214285714286
"flapper",11,"random_forest",1,"binary",0,0.247210317460317,0.123214285714286
"flapper",11,"random_forest",1,"binary",0,0.218051587301587,0.123214285714286
"flapper",11,"random_forest",1,"binary",0,0.015,0.123214285714286
"flapper",11,"random_forest",1,"binary",0,0.00222222222222222,0.123214285714286
"flapper",11,"random_forest",1,"binary",0,0.288805555555556,0.123214285714286
"flapper",11,"random_forest",1,"binary",0,0,0.123214285714286
"flapper",11,"random_forest",1,"binary",0,0.0278333333333333,0.123214285714286
"flapper",11,"random_forest",1,"binary",0,0.151464285714286,0.123214285714286
"flapper",11,"random_forest",1,"binary",0,0.134892857142857,0.123214285714286
"flapper",11,"random_forest",1,"binary",0,0.0388888888888889,0.123214285714286
"flapper",11,"random_forest",1,"binary",0,0.0045,0.123214285714286
"flapper",11,"random_forest",1,"binary",0,0,0.123214285714286
"flapper",11,"random_forest",1,"binary",0,0.0859880952380952,0.123214285714286
"flapper",11,"random_forest",1,"binary",0,0.0142857142857143,0.123214285714286
"flapper",11,"random_forest",1,"binary",0,0.0596825396825397,0.123214285714286
"flapper",11,"random_forest",1,"binary",0,0,0.123214285714286
"flapper",11,"random_forest",1,"binary",0,0.176468253968254,0.123214285714286
"flapper",11,"random_forest",1,"binary",0,0.00476190476190476,0.123214285714286
"flapper",11,"random_forest",1,"binary",0,0.00222222222222222,0.123214285714286
"flapper",11,"random_forest",1,"binary",0,0.0179285714285714,0.123214285714286
"flapper",11,"random_forest",1,"binary",0,0.123349206349206,0.123214285714286
"flapper",11,"random_forest",1,"binary",0,0.00422222222222222,0.123214285714286
"flapper",11,"random_forest",2,"binary",0,0.0461746031746032,0.0813148788927336
"flapper",11,"random_forest",2,"binary",1,0.262103174603175,0.0813148788927336
"flapper",11,"random_forest",2,"binary",0,0.132297619047619,0.0813148788927336
"flapper",11,"random_forest",2,"binary",0,0.46918253968254,0.0813148788927336
"flapper",11,"random_forest",2,"binary",1,0.228420634920635,0.0813148788927336
"flapper",11,"random_forest",2,"binary",0,0.0596944444444444,0.0813148788927336
"flapper",11,"random_forest",2,"binary",0,0.416865079365079,0.0813148788927336
"flapper",11,"random_forest",2,"binary",0,0.123,0.0813148788927336
"flapper",11,"random_forest",2,"binary",0,0.415948412698413,0.0813148788927336
"flapper",11,"random_forest",2,"binary",0,0.112325396825397,0.0813148788927336
"flapper",11,"random_forest",2,"binary",0,0.156456349206349,0.0813148788927336
"flapper",11,"random_forest",2,"binary",0,0.215960317460317,0.0813148788927336
"flapper",11,"random_forest",2,"binary",0,0.207940476190476,0.0813148788927336
"flapper",11,"random_forest",2,"binary",0,0.0753611111111111,0.0813148788927336
"flapper",11,"random_forest",2,"binary",0,0.245079365079365,0.0813148788927336
"flapper",11,"random_forest",2,"binary",0,0.0153333333333333,0.0813148788927336
"flapper",11,"random_forest",2,"binary",1,0.296063492063492,0.0813148788927336
"flapper",11,"random_forest",2,"binary",1,0.258694444444444,0.0813148788927336
"flapper",11,"random_forest",2,"binary",0,0.05875,0.0813148788927336
"flapper",11,"random_forest",2,"binary",1,0.185734126984127,0.0813148788927336
"flapper",11,"random_forest",2,"binary",0,0.547373015873016,0.0813148788927336
"flapper",11,"random_forest",2,"binary",1,0.132789682539682,0.0813148788927336
"flapper",11,"random_forest",2,"binary",1,0.511150793650794,0.0813148788927336
"flapper",11,"random_forest",2,"binary",0,0.0370277777777778,0.0813148788927336
"flapper",11,"random_forest",2,"binary",0,0.119507936507937,0.0813148788927336
"flapper",11,"random_forest",2,"binary",0,0.293646825396825,0.0813148788927336
"flapper",11,"random_forest",2,"binary",0,0.162293650793651,0.0813148788927336
"flapper",11,"random_forest",2,"binary",0,0.0693214285714286,0.0813148788927336
"flapper",11,"random_forest",2,"binary",0,0.0426111111111111,0.0813148788927336
"flapper",11,"random_forest",2,"binary",0,0.0535952380952381,0.0813148788927336
"flapper",11,"random_forest",2,"binary",0,0.114083333333333,0.0813148788927336
"flapper",11,"random_forest",2,"binary",0,0,0.0813148788927336
"flapper",11,"random_forest",2,"binary",0,0.03,0.0813148788927336
"flapper",11,"random_forest",2,"binary",0,0.142107142857143,0.0813148788927336
"flapper",11,"random_forest",2,"binary",0,0.059484126984127,0.0813148788927336
"flapper",11,"random_forest",2,"binary",0,0.0303611111111111,0.0813148788927336
"flapper",11,"random_forest",2,"binary",0,0.293646825396825,0.0813148788927336
"flapper",11,"random_forest",2,"binary",0,0.042968253968254,0.0813148788927336
"flapper",11,"random_forest",2,"binary",0,0.0199007936507937,0.0813148788927336
"flapper",11,"random_forest",2,"binary",1,0.10409126984127,0.0813148788927336
"flapper",11,"random_forest",2,"binary",0,0.225230158730159,0.0813148788927336
"flapper",11,"random_forest",2,"binary",0,0.005,0.0813148788927336
"flapper",11,"random_forest",2,"binary",0,0.01,0.0813148788927336
"flapper",11,"random_forest",2,"binary",0,0.162293650793651,0.0813148788927336
"flapper",11,"random_forest",2,"binary",0,0.141238095238095,0.0813148788927336
"flapper",11,"random_forest",2,"binary",0,0.23072619047619,0.0813148788927336
"flapper",11,"random_forest",2,"binary",0,0.235595238095238,0.0813148788927336
"flapper",11,"random_forest",2,"binary",0,0.293646825396825,0.0813148788927336
"flapper",11,"random_forest",2,"binary",0,0.253301587301587,0.0813148788927336
"flapper",11,"random_forest",2,"binary",0,0.032,0.0813148788927336
"flapper",11,"random_forest",2,"binary",0,0.155626984126984,0.0813148788927336
"flapper",11,"random_forest",2,"binary",0,0.28559126984127,0.0813148788927336
"flapper",11,"random_forest",2,"binary",0,0.00222222222222222,0.0813148788927336
"flapper",11,"random_forest",2,"binary",0,0.162210317460317,0.0813148788927336
"flapper",11,"random_forest",2,"binary",0,0.0995952380952381,0.0813148788927336
"flapper",11,"random_forest",2,"binary",0,0.550265873015873,0.0813148788927336
"flapper",11,"random_forest",2,"binary",0,0.0389285714285714,0.0813148788927336
"flapper",11,"random_forest",2,"binary",0,0.059484126984127,0.0813148788927336
"flapper",11,"random_forest",2,"binary",0,0.241980158730159,0.0813148788927336
"flapper",11,"random_forest",2,"binary",0,0.0693214285714286,0.0813148788927336
"flapper",11,"random_forest",2,"binary",0,0.0538253968253968,0.0813148788927336
"flapper",11,"random_forest",2,"binary",0,0.0732777777777778,0.0813148788927336
"flapper",11,"random_forest",2,"binary",0,0.00125,0.0813148788927336
"flapper",11,"random_forest",2,"binary",0,0.0146666666666667,0.0813148788927336
"flapper",11,"random_forest",2,"binary",0,0.059484126984127,0.0813148788927336
"flapper",11,"random_forest",2,"binary",0,0.49347619047619,0.0813148788927336
"flapper",11,"random_forest",2,"binary",0,0.128952380952381,0.0813148788927336
"flapper",11,"random_forest",2,"binary",0,0.064797619047619,0.0813148788927336
"flapper",11,"random_forest",2,"binary",0,0.0305833333333333,0.0813148788927336
"flapper",11,"random_forest",2,"binary",0,0.0936666666666666,0.0813148788927336
"flapper",11,"random_forest",2,"binary",0,0.03,0.0813148788927336
"flapper",11,"random_forest",2,"binary",1,0.305507936507937,0.0813148788927336
"flapper",11,"random_forest",2,"binary",0,0.0253571428571429,0.0813148788927336
"flapper",11,"random_forest",2,"binary",0,0.229329365079365,0.0813148788927336
"flapper",11,"random_forest",2,"binary",0,0.031,0.0813148788927336
"flapper",11,"random_forest",2,"binary",1,0.222916666666667,0.0813148788927336
"flapper",11,"random_forest",2,"binary",0,0.0810595238095238,0.0813148788927336
"flapper",11,"random_forest",2,"binary",1,0.284861111111111,0.0813148788927336
"flapper",11,"random_forest",2,"binary",0,0.152527777777778,0.0813148788927336
"flapper",11,"random_forest",2,"binary",0,0.0736666666666667,0.0813148788927336
"flapper",11,"random_forest",2,"binary",0,0.159773809523809,0.0813148788927336
"flapper",11,"random_forest",2,"binary",0,0.0494404761904762,0.0813148788927336
"flapper",11,"random_forest",2,"binary",0,0.166714285714286,0.0813148788927336
"flapper",11,"random_forest",2,"binary",0,0.152821428571429,0.0813148788927336
"flapper",11,"random_forest",2,"binary",0,0.126416666666667,0.0813148788927336
"flapper",11,"random_forest",2,"binary",0,0.0283650793650794,0.0813148788927336
"flapper",11,"random_forest",2,"binary",0,0.034515873015873,0.0813148788927336
"flapper",11,"random_forest",2,"binary",1,0.145626984126984,0.0813148788927336
"flapper",11,"random_forest",2,"binary",0,0.102845238095238,0.0813148788927336
"flapper",11,"random_forest",2,"binary",0,0.170626984126984,0.0813148788927336
"flapper",11,"random_forest",2,"binary",0,0.0905833333333333,0.0813148788927336
"flapper",11,"random_forest",2,"binary",0,0.166984126984127,0.0813148788927336
"flapper",11,"random_forest",2,"binary",0,0.182388888888889,0.0813148788927336
"flapper",11,"random_forest",2,"binary",0,0.363515873015873,0.0813148788927336
"flapper",11,"random_forest",2,"binary",0,0.145873015873016,0.0813148788927336
"flapper",11,"random_forest",2,"binary",0,0.053952380952381,0.0813148788927336
"flapper",11,"random_forest",2,"binary",0,0.295301587301587,0.0813148788927336
"flapper",11,"random_forest",2,"binary",0,0.0897261904761905,0.0813148788927336
"flapper",11,"random_forest",2,"binary",1,0.0184722222222222,0.0813148788927336
"flapper",11,"random_forest",2,"binary",0,0.247710317460317,0.0813148788927336
"flapper",11,"random_forest",2,"binary",0,0.289563492063492,0.0813148788927336
"flapper",11,"random_forest",2,"binary",1,0.207448412698413,0.0813148788927336
"flapper",11,"random_forest",2,"binary",0,0.171531746031746,0.0813148788927336
"flapper",11,"random_forest",2,"binary",0,0.108230158730159,0.0813148788927336
"flapper",11,"random_forest",2,"binary",1,0.223162698412698,0.0813148788927336
"flapper",11,"random_forest",2,"binary",1,0.195488095238095,0.0813148788927336
"flapper",11,"random_forest",2,"binary",0,0.331075396825397,0.0813148788927336
"flapper",11,"random_forest",2,"binary",0,0.387503968253968,0.0813148788927336
"flapper",11,"random_forest",2,"binary",0,0.724126984126984,0.0813148788927336
"flapper",11,"random_forest",2,"binary",1,0.108515873015873,0.0813148788927336
"flapper",11,"random_forest",2,"binary",1,0.0467222222222222,0.0813148788927336
"flapper",11,"random_forest",2,"binary",1,0.201638888888889,0.0813148788927336
"flapper",11,"random_forest",2,"binary",0,0.611666666666667,0.0813148788927336
"flapper",11,"random_forest",2,"binary",0,0.103638888888889,0.0813148788927336
"flapper",11,"random_forest",2,"binary",0,0.206170634920635,0.0813148788927336
"flapper",11,"random_forest",2,"binary",0,0.202003968253968,0.0813148788927336
"flapper",11,"random_forest",2,"binary",1,0.469218253968254,0.0813148788927336
"flapper",11,"random_forest",2,"binary",0,0.295301587301587,0.0813148788927336
"flapper",11,"random_forest",2,"binary",0,0.0303333333333333,0.0813148788927336
"flapper",11,"random_forest",2,"binary",0,0.163964285714286,0.0813148788927336
"flapper",11,"random_forest",2,"binary",1,0.205126984126984,0.0813148788927336
"flapper",11,"random_forest",2,"binary",0,0.192710317460317,0.0813148788927336
"flapper",11,"random_forest",2,"binary",1,0.0910873015873016,0.0813148788927336
"flapper",11,"random_forest",2,"binary",0,0.159373015873016,0.0813148788927336
"flapper",11,"random_forest",2,"binary",0,0.0212698412698413,0.0813148788927336
"flapper",11,"random_forest",2,"binary",1,0.425119047619048,0.0813148788927336
"flapper",11,"random_forest",2,"binary",1,0.1455,0.0813148788927336
"flapper",11,"random_forest",2,"binary",0,0.183337301587302,0.0813148788927336
"flapper",11,"random_forest",2,"binary",1,0.102111111111111,0.0813148788927336
"flapper",11,"random_forest",3,"binary",1,0.422607142857143,0.0715563506261181
"flapper",11,"random_forest",3,"binary",1,0.119583333333333,0.0715563506261181
"flapper",11,"random_forest",3,"binary",1,0.0859801587301587,0.0715563506261181
"flapper",11,"random_forest",3,"binary",0,0.409777777777778,0.0715563506261181
"flapper",11,"random_forest",3,"binary",1,0.336547619047619,0.0715563506261181
"flapper",11,"random_forest",3,"binary",1,0.177845238095238,0.0715563506261181
"flapper",11,"random_forest",3,"binary",1,0.173611111111111,0.0715563506261181
"flapper",11,"random_forest",3,"binary",0,0.0483531746031746,0.0715563506261181
"flapper",11,"random_forest",3,"binary",0,0.335555555555555,0.0715563506261181
"flapper",11,"random_forest",3,"binary",0,0.323603174603175,0.0715563506261181
"flapper",11,"random_forest",3,"binary",0,0.015,0.0715563506261181
"flapper",11,"random_forest",3,"binary",0,0.183253968253968,0.0715563506261181
"flapper",11,"random_forest",3,"binary",0,0.343444444444444,0.0715563506261181
"flapper",11,"random_forest",3,"binary",1,0.389587301587302,0.0715563506261181
"flapper",11,"random_forest",3,"binary",1,0.328777777777778,0.0715563506261181
"flapper",11,"random_forest",3,"binary",0,0.183253968253968,0.0715563506261181
"flapper",11,"random_forest",3,"binary",1,0.313706349206349,0.0715563506261181
"flapper",11,"random_forest",3,"binary",1,0.292896825396825,0.0715563506261181
"flapper",11,"random_forest",3,"binary",0,0.192730158730159,0.0715563506261181
"flapper",11,"random_forest",3,"binary",0,0.21465873015873,0.0715563506261181
"flapper",11,"random_forest",3,"binary",0,0.343952380952381,0.0715563506261181
"flapper",11,"random_forest",3,"binary",0,0.256301587301587,0.0715563506261181
"flapper",11,"random_forest",3,"binary",1,0.11997619047619,0.0715563506261181
"flapper",11,"random_forest",3,"binary",1,0.419329365079365,0.0715563506261181
"flapper",11,"random_forest",3,"binary",0,0.293126984126984,0.0715563506261181
"flapper",11,"random_forest",3,"binary",0,0.0225,0.0715563506261181
"flapper",11,"random_forest",3,"binary",0,0.365793650793651,0.0715563506261181
"flapper",11,"random_forest",3,"binary",0,0.219753968253968,0.0715563506261181
"flapper",11,"random_forest",3,"binary",0,0.149,0.0715563506261181
"flapper",11,"random_forest",3,"binary",0,0.125603174603175,0.0715563506261181
"flapper",11,"random_forest",3,"binary",0,0.117916666666667,0.0715563506261181
"flapper",11,"random_forest",3,"binary",0,0.332936507936508,0.0715563506261181
"flapper",11,"random_forest",3,"binary",0,0.142706349206349,0.0715563506261181
"flapper",11,"random_forest",3,"binary",0,0.0673888888888889,0.0715563506261181
"flapper",11,"random_forest",3,"binary",0,0.0362222222222222,0.0715563506261181
"flapper",11,"random_forest",3,"binary",0,0.0241666666666667,0.0715563506261181
"flapper",11,"random_forest",3,"binary",0,0.165238095238095,0.0715563506261181
"flapper",11,"random_forest",3,"binary",0,0.0257619047619048,0.0715563506261181
"flapper",11,"random_forest",3,"binary",0,0.02,0.0715563506261181
"flapper",11,"random_forest",3,"binary",0,0.0025,0.0715563506261181
"flapper",11,"random_forest",3,"binary",0,0.377349206349206,0.0715563506261181
"flapper",11,"random_forest",3,"binary",0,0.01,0.0715563506261181
"flapper",11,"random_forest",3,"binary",0,0.204230158730159,0.0715563506261181
"flapper",11,"random_forest",3,"binary",0,0.366261904761905,0.0715563506261181
"flapper",11,"random_forest",3,"binary",0,0.0561785714285714,0.0715563506261181
"flapper",11,"random_forest",3,"binary",0,0.172261904761905,0.0715563506261181
"flapper",11,"random_forest",3,"binary",0,0.101214285714286,0.0715563506261181
"flapper",11,"random_forest",3,"binary",0,0.0545555555555556,0.0715563506261181
"flapper",11,"random_forest",3,"binary",0,0.415746031746032,0.0715563506261181
"flapper",11,"random_forest",3,"binary",0,0.0216666666666667,0.0715563506261181
"flapper",11,"random_forest",3,"binary",0,0.00516666666666667,0.0715563506261181
"flapper",11,"random_forest",3,"binary",0,0.0463015873015873,0.0715563506261181
"flapper",11,"random_forest",3,"binary",0,0.0945912698412698,0.0715563506261181
"flapper",11,"random_forest",3,"binary",0,0.101214285714286,0.0715563506261181
"flapper",11,"random_forest",3,"binary",0,0.0561785714285714,0.0715563506261181
"flapper",11,"random_forest",3,"binary",0,0.134702380952381,0.0715563506261181
"flapper",11,"random_forest",3,"binary",0,0,0.0715563506261181
"flapper",11,"random_forest",3,"binary",0,0.181035714285714,0.0715563506261181
"flapper",11,"random_forest",3,"binary",0,0.172261904761905,0.0715563506261181
"flapper",11,"random_forest",3,"binary",0,0.0144285714285714,0.0715563506261181
"flapper",11,"random_forest",3,"binary",0,0.167003968253968,0.0715563506261181
"flapper",11,"random_forest",3,"binary",0,0.266563492063492,0.0715563506261181
"flapper",11,"random_forest",3,"binary",0,0.0225,0.0715563506261181
"flapper",11,"random_forest",3,"binary",0,0.08275,0.0715563506261181
"flapper",11,"random_forest",3,"binary",0,0.01,0.0715563506261181
"flapper",11,"random_forest",3,"binary",0,0.0938015873015873,0.0715563506261181
"flapper",11,"random_forest",3,"binary",0,0.0655674603174603,0.0715563506261181
"flapper",11,"random_forest",3,"binary",0,0.015,0.0715563506261181
"flapper",11,"random_forest",3,"binary",0,0.0156666666666667,0.0715563506261181
"flapper",11,"random_forest",3,"binary",0,0.0674166666666667,0.0715563506261181
"flapper",11,"random_forest",3,"binary",0,0.100698412698413,0.0715563506261181
"flapper",11,"random_forest",3,"binary",0,0.213420634920635,0.0715563506261181
"flapper",11,"random_forest",3,"binary",0,0.183773809523809,0.0715563506261181
"flapper",11,"random_forest",3,"binary",0,0.239480158730159,0.0715563506261181
"flapper",11,"random_forest",3,"binary",1,0.197484126984127,0.0715563506261181
"flapper",11,"random_forest",3,"binary",0,0.160269841269841,0.0715563506261181
"flapper",11,"random_forest",3,"binary",0,0.0101666666666667,0.0715563506261181
"flapper",11,"random_forest",3,"binary",1,0.316698412698413,0.0715563506261181
"flapper",11,"random_forest",3,"binary",0,0.0345833333333333,0.0715563506261181
"flapper",11,"random_forest",3,"binary",0,0.260234126984127,0.0715563506261181
"flapper",11,"random_forest",3,"binary",0,0.0930753968253968,0.0715563506261181
"flapper",11,"random_forest",3,"binary",0,0.149734126984127,0.0715563506261181
"flapper",11,"random_forest",3,"binary",0,0.117083333333333,0.0715563506261181
"flapper",11,"random_forest",3,"binary",0,0.175214285714286,0.0715563506261181
"flapper",11,"random_forest",3,"binary",0,0.0230952380952381,0.0715563506261181
"flapper",11,"random_forest",3,"binary",0,0.0600634920634921,0.0715563506261181
"flapper",11,"random_forest",3,"binary",0,0.110920634920635,0.0715563506261181
"flapper",11,"random_forest",3,"binary",0,0.148047619047619,0.0715563506261181
"flapper",11,"random_forest",3,"binary",0,0.0545555555555556,0.0715563506261181
"flapper",11,"random_forest",3,"binary",0,0,0.0715563506261181
"flapper",11,"random_forest",3,"binary",0,0.14956746031746,0.0715563506261181
"flapper",11,"random_forest",3,"binary",0,0.013,0.0715563506261181
"flapper",11,"random_forest",3,"binary",0,0.299547619047619,0.0715563506261181
"flapper",11,"random_forest",3,"binary",0,0.26856746031746,0.0715563506261181
"flapper",11,"random_forest",3,"binary",0,0.0505555555555556,0.0715563506261181
"flapper",11,"random_forest",3,"binary",0,0.353980158730159,0.0715563506261181
"flapper",11,"random_forest",3,"binary",0,0.06375,0.0715563506261181
"flapper",11,"random_forest",3,"binary",0,0.151634920634921,0.0715563506261181
"flapper",11,"random_forest",3,"binary",0,0.197492063492064,0.0715563506261181
"flapper",11,"random_forest",3,"binary",0,0.157345238095238,0.0715563506261181
"flapper",11,"random_forest",3,"binary",0,0.0666666666666667,0.0715563506261181
"flapper",11,"random_forest",3,"binary",0,0.0163571428571429,0.0715563506261181
"flapper",11,"random_forest",3,"binary",0,0.185507936507937,0.0715563506261181
"flapper",11,"random_forest",3,"binary",0,0.106619047619048,0.0715563506261181
"flapper",11,"random_forest",3,"binary",0,0.217634920634921,0.0715563506261181
"flapper",11,"random_forest",3,"binary",0,0.183773809523809,0.0715563506261181
"flapper",11,"random_forest",3,"binary",0,0.156952380952381,0.0715563506261181
"flapper",11,"random_forest",3,"binary",1,0.508587301587301,0.0715563506261181
"flapper",11,"random_forest",3,"binary",0,0.433242063492063,0.0715563506261181
"flapper",11,"random_forest",3,"binary",1,0.260857142857143,0.0715563506261181
"flapper",11,"random_forest",3,"binary",0,0.124742063492063,0.0715563506261181
"flapper",11,"random_forest",3,"binary",0,0.136527777777778,0.0715563506261181
"flapper",11,"random_forest",3,"binary",1,0.409702380952381,0.0715563506261181
"flapper",11,"random_forest",3,"binary",1,0.535579365079365,0.0715563506261181
"flapper",11,"random_forest",3,"binary",0,0.10597619047619,0.0715563506261181
"flapper",11,"random_forest",3,"binary",0,0.252464285714286,0.0715563506261181
"flapper",11,"random_forest",3,"binary",0,0.0535238095238095,0.0715563506261181
"flapper",11,"random_forest",3,"binary",1,0.199230158730159,0.0715563506261181
"flapper",11,"random_forest",3,"binary",1,0.548198412698413,0.0715563506261181
"flapper",11,"random_forest",3,"binary",0,0.383853174603175,0.0715563506261181
"flapper",11,"random_forest",3,"binary",1,0.0598333333333333,0.0715563506261181
"flapper",11,"random_forest",3,"binary",0,0.118119047619048,0.0715563506261181
"flapper",11,"random_forest",3,"binary",0,0.110944444444444,0.0715563506261181
"flapper",11,"random_forest",3,"binary",1,0.324242063492064,0.0715563506261181
"flapper",11,"random_forest",3,"binary",0,0.177313492063492,0.0715563506261181
"flapper",11,"random_forest",3,"binary",0,0.128730158730159,0.0715563506261181
"flapper",11,"random_forest",3,"binary",1,0.283825396825397,0.0715563506261181
"flapper",11,"random_forest",3,"binary",1,0.269353174603175,0.0715563506261181
"flapper",11,"random_forest",3,"binary",0,0.316916666666667,0.0715563506261181
"flapper",11,"random_forest",3,"binary",1,0.211980158730159,0.0715563506261181
"flapper",11,"random_forest",3,"binary",0,0.147956349206349,0.0715563506261181
"flapper",11,"random_forest",3,"binary",1,0.323916666666667,0.0715563506261181
"flapper",11,"random_forest",3,"binary",1,0.0700238095238095,0.0715563506261181
"flapper",11,"random_forest",3,"binary",0,0.140035714285714,0.0715563506261181
"flapper",11,"random_forest",3,"binary",1,0.226539682539683,0.0715563506261181
"flapper",11,"random_forest",3,"binary",0,0.0458333333333333,0.0715563506261181
"flapper",11,"random_forest",3,"binary",0,0.326242063492063,0.0715563506261181
"flapper",11,"random_forest",3,"binary",0,0.254039682539683,0.0715563506261181
"flapper",11,"random_forest",3,"binary",1,0.468765873015873,0.0715563506261181
"flapper",11,"random_forest",3,"binary",0,0.249452380952381,0.0715563506261181
"flapper",11,"random_forest",3,"binary",0,0.293126984126984,0.0715563506261181
"flapper",11,"random_forest",3,"binary",0,0.0590952380952381,0.0715563506261181
"flapper",11,"random_forest",3,"binary",0,0.303301587301587,0.0715563506261181
"flapper",11,"random_forest",3,"binary",1,0.368063492063492,0.0715563506261181
"flapper",11,"random_forest",3,"binary",0,0.0735,0.0715563506261181
"flapper",11,"random_forest",3,"binary",1,0.11152380952381,0.0715563506261181
"flapper",11,"random_forest",3,"binary",1,0.149646825396825,0.0715563506261181
"flapper",11,"random_forest",3,"binary",0,0.144968253968254,0.0715563506261181
"flapper",11,"random_forest",4,"binary",0,0.139277777777778,0.10873440285205
"flapper",11,"random_forest",4,"binary",0,0.301873015873016,0.10873440285205
"flapper",11,"random_forest",4,"binary",1,0.22759126984127,0.10873440285205
"flapper",11,"random_forest",4,"binary",0,0.272015873015873,0.10873440285205
"flapper",11,"random_forest",4,"binary",0,0.133214285714286,0.10873440285205
"flapper",11,"random_forest",4,"binary",0,0.258019841269841,0.10873440285205
"flapper",11,"random_forest",4,"binary",0,0.310488095238095,0.10873440285205
"flapper",11,"random_forest",4,"binary",0,0.342119047619048,0.10873440285205
"flapper",11,"random_forest",4,"binary",1,0.397154761904762,0.10873440285205
"flapper",11,"random_forest",4,"binary",0,0.138896825396825,0.10873440285205
"flapper",11,"random_forest",4,"binary",0,0.249134920634921,0.10873440285205
"flapper",11,"random_forest",4,"binary",1,0.0271428571428571,0.10873440285205
"flapper",11,"random_forest",4,"binary",1,0.177468253968254,0.10873440285205
"flapper",11,"random_forest",4,"binary",0,0.249134920634921,0.10873440285205
"flapper",11,"random_forest",4,"binary",0,0.0803928571428571,0.10873440285205
"flapper",11,"random_forest",4,"binary",0,0.001,0.10873440285205
"flapper",11,"random_forest",4,"binary",0,0.0523809523809524,0.10873440285205
"flapper",11,"random_forest",4,"binary",0,0.273269841269841,0.10873440285205
"flapper",11,"random_forest",4,"binary",0,0.107027777777778,0.10873440285205
"flapper",11,"random_forest",4,"binary",0,0.0632222222222222,0.10873440285205
"flapper",11,"random_forest",4,"binary",0,0.149134920634921,0.10873440285205
"flapper",11,"random_forest",4,"binary",0,0.0207539682539683,0.10873440285205
"flapper",11,"random_forest",4,"binary",0,0.370666666666666,0.10873440285205
"flapper",11,"random_forest",4,"binary",0,0.0619206349206349,0.10873440285205
"flapper",11,"random_forest",4,"binary",0,0.108123015873016,0.10873440285205
"flapper",11,"random_forest",4,"binary",0,0.0202063492063492,0.10873440285205
"flapper",11,"random_forest",4,"binary",0,0.0591111111111111,0.10873440285205
"flapper",11,"random_forest",4,"binary",0,0.164531746031746,0.10873440285205
"flapper",11,"random_forest",4,"binary",0,0.0478333333333333,0.10873440285205
"flapper",11,"random_forest",4,"binary",0,0.21825,0.10873440285205
"flapper",11,"random_forest",4,"binary",0,0.159003968253968,0.10873440285205
"flapper",11,"random_forest",4,"binary",0,0.0989722222222222,0.10873440285205
"flapper",11,"random_forest",4,"binary",0,0.297626984126984,0.10873440285205
"flapper",11,"random_forest",4,"binary",0,0.0218730158730159,0.10873440285205
"flapper",11,"random_forest",4,"binary",0,0.132333333333333,0.10873440285205
"flapper",11,"random_forest",4,"binary",1,0.180992063492063,0.10873440285205
"flapper",11,"random_forest",4,"binary",0,0.339297619047619,0.10873440285205
"flapper",11,"random_forest",4,"binary",0,0.269376984126984,0.10873440285205
"flapper",11,"random_forest",4,"binary",0,0.166781746031746,0.10873440285205
"flapper",11,"random_forest",4,"binary",1,0.0537777777777778,0.10873440285205
"flapper",11,"random_forest",4,"binary",0,0.10565873015873,0.10873440285205
"flapper",11,"random_forest",4,"binary",0,0.316527777777778,0.10873440285205
"flapper",11,"random_forest",4,"binary",0,0.249559523809524,0.10873440285205
"flapper",11,"random_forest",4,"binary",1,0.0913452380952381,0.10873440285205
"flapper",11,"random_forest",4,"binary",1,0.0207539682539683,0.10873440285205
"flapper",11,"random_forest",4,"binary",0,0.0989722222222222,0.10873440285205
"flapper",11,"random_forest",4,"binary",0,0.215587301587302,0.10873440285205
"flapper",11,"random_forest",4,"binary",0,0.0792063492063492,0.10873440285205
"flapper",11,"random_forest",4,"binary",0,0.106365079365079,0.10873440285205
"flapper",11,"random_forest",4,"binary",0,0.0202063492063492,0.10873440285205
"flapper",11,"random_forest",4,"binary",0,0.0989722222222222,0.10873440285205
"flapper",11,"random_forest",4,"binary",0,0.163666666666667,0.10873440285205
"flapper",11,"random_forest",4,"binary",1,0.375424603174603,0.10873440285205
"flapper",11,"random_forest",4,"binary",0,0.0316190476190476,0.10873440285205
"flapper",11,"random_forest",4,"binary",0,0.149134920634921,0.10873440285205
"flapper",11,"random_forest",4,"binary",1,0.0809880952380952,0.10873440285205
"flapper",11,"random_forest",4,"binary",1,0.0436785714285714,0.10873440285205
"flapper",11,"random_forest",4,"binary",0,0.406674603174603,0.10873440285205
"flapper",11,"random_forest",4,"binary",0,0.0114444444444444,0.10873440285205
"flapper",11,"random_forest",4,"binary",0,0.34934126984127,0.10873440285205
"flapper",11,"random_forest",4,"binary",0,0.0963888888888889,0.10873440285205
"flapper",11,"random_forest",4,"binary",0,0.0679166666666667,0.10873440285205
"flapper",11,"random_forest",4,"binary",0,0.00333333333333333,0.10873440285205
"flapper",11,"random_forest",4,"binary",0,0.0133333333333333,0.10873440285205
"flapper",11,"random_forest",4,"binary",0,0,0.10873440285205
"flapper",11,"random_forest",4,"binary",0,0.259261904761905,0.10873440285205
"flapper",11,"random_forest",4,"binary",0,0,0.10873440285205
"flapper",11,"random_forest",4,"binary",0,0.164456349206349,0.10873440285205
"flapper",11,"random_forest",4,"binary",0,0.0679166666666667,0.10873440285205
"flapper",11,"random_forest",4,"binary",0,0,0.10873440285205
"flapper",11,"random_forest",4,"binary",0,0.164833333333333,0.10873440285205
"flapper",11,"random_forest",4,"binary",0,0.0594801587301587,0.10873440285205
"flapper",11,"random_forest",4,"binary",0,0.0280952380952381,0.10873440285205
"flapper",11,"random_forest",4,"binary",0,0,0.10873440285205
"flapper",11,"random_forest",4,"binary",0,0,0.10873440285205
"flapper",11,"random_forest",4,"binary",0,0,0.10873440285205
"flapper",11,"random_forest",4,"binary",0,0.035,0.10873440285205
"flapper",11,"random_forest",4,"binary",0,0.035,0.10873440285205
"flapper",11,"random_forest",4,"binary",0,0,0.10873440285205
"flapper",11,"random_forest",4,"binary",0,0.0179960317460317,0.10873440285205
"flapper",11,"random_forest",4,"binary",0,0,0.10873440285205
"flapper",11,"random_forest",4,"binary",0,0.0643809523809524,0.10873440285205
"flapper",11,"random_forest",4,"binary",0,0,0.10873440285205
"flapper",11,"random_forest",4,"binary",0,0,0.10873440285205
"flapper",11,"random_forest",4,"binary",0,0,0.10873440285205
"flapper",11,"random_forest",4,"binary",0,0.0466666666666667,0.10873440285205
"flapper",11,"random_forest",4,"binary",0,0,0.10873440285205
"flapper",11,"random_forest",4,"binary",0,0.259261904761905,0.10873440285205
"flapper",11,"random_forest",4,"binary",0,0,0.10873440285205
"flapper",11,"random_forest",4,"binary",0,0.06,0.10873440285205
"flapper",11,"random_forest",4,"binary",0,0.065,0.10873440285205
"flapper",11,"random_forest",4,"binary",0,0,0.10873440285205
"flapper",11,"random_forest",4,"binary",0,0.0928333333333333,0.10873440285205
"flapper",11,"random_forest",4,"binary",0,0.039,0.10873440285205
"flapper",11,"random_forest",4,"binary",0,0.065,0.10873440285205
"flapper",11,"random_forest",4,"binary",0,0.01,0.10873440285205
"flapper",11,"random_forest",4,"binary",0,0,0.10873440285205
"flapper",11,"random_forest",4,"binary",0,0.0824404761904762,0.10873440285205
"flapper",11,"random_forest",4,"binary",0,0.065,0.10873440285205
"flapper",11,"random_forest",4,"binary",0,0,0.10873440285205
"flapper",11,"random_forest",4,"binary",0,0,0.10873440285205
"flapper",11,"random_forest",4,"binary",0,0,0.10873440285205
"flapper",11,"random_forest",4,"binary",0,0.045,0.10873440285205
"flapper",11,"random_forest",4,"binary",0,0,0.10873440285205
"flapper",11,"random_forest",4,"binary",0,0,0.10873440285205
"flapper",11,"random_forest",4,"binary",0,0,0.10873440285205
"flapper",11,"random_forest",4,"binary",0,0.01,0.10873440285205
"flapper",11,"random_forest",4,"binary",0,0,0.10873440285205
"flapper",11,"random_forest",4,"binary",0,0.042281746031746,0.10873440285205
"flapper",11,"random_forest",4,"binary",0,0.157166666666667,0.10873440285205
"flapper",11,"random_forest",4,"binary",0,0,0.10873440285205
"flapper",11,"random_forest",4,"binary",0,0,0.10873440285205
"flapper",11,"random_forest",4,"binary",0,0,0.10873440285205
"flapper",11,"random_forest",4,"binary",0,0,0.10873440285205
"flapper",11,"random_forest",4,"binary",0,0,0.10873440285205
"flapper",11,"random_forest",4,"binary",0,0.0280952380952381,0.10873440285205
"flapper",11,"random_forest",4,"binary",0,0.01,0.10873440285205
"flapper",11,"random_forest",4,"binary",0,0.055,0.10873440285205
"flapper",11,"random_forest",4,"binary",0,0,0.10873440285205
"flapper",11,"random_forest",4,"binary",0,0,0.10873440285205
"flapper",11,"random_forest",4,"binary",0,0.00952380952380952,0.10873440285205
"flapper",11,"random_forest",4,"binary",0,0,0.10873440285205
"flapper",11,"random_forest",4,"binary",0,0.00458333333333333,0.10873440285205
"flapper",11,"random_forest",4,"binary",0,0.036,0.10873440285205
"flapper",11,"random_forest",4,"binary",0,0.069,0.10873440285205
"flapper",11,"random_forest",4,"binary",0,0.01,0.10873440285205
"flapper",11,"random_forest",4,"binary",0,0.0167619047619048,0.10873440285205
"flapper",11,"random_forest",4,"binary",0,0.02,0.10873440285205
"flapper",11,"random_forest",4,"binary",0,0.039,0.10873440285205
"flapper",11,"random_forest",4,"binary",0,0,0.10873440285205
"flapper",11,"random_forest",4,"binary",0,0,0.10873440285205
"flapper",11,"random_forest",4,"binary",0,0.0133333333333333,0.10873440285205
"flapper",11,"random_forest",4,"binary",0,0.001,0.10873440285205
"flapper",11,"random_forest",4,"binary",0,0.0364285714285714,0.10873440285205
"flapper",11,"random_forest",4,"binary",0,0.0542261904761905,0.10873440285205
"flapper",11,"random_forest",4,"binary",0,0,0.10873440285205
"flapper",11,"random_forest",4,"binary",0,0.0858095238095238,0.10873440285205
"flapper",11,"random_forest",4,"binary",0,0,0.10873440285205
"flapper",11,"random_forest",4,"binary",0,0.014,0.10873440285205
"flapper",11,"random_forest",4,"binary",0,0.01,0.10873440285205
"flapper",11,"random_forest",4,"binary",0,0.107948412698413,0.10873440285205
"flapper",11,"random_forest",4,"binary",0,0.014,0.10873440285205
"flapper",11,"random_forest",4,"binary",0,0.00333333333333333,0.10873440285205
"flapper",11,"random_forest",4,"binary",0,0.02,0.10873440285205
"flapper",11,"random_forest",4,"binary",0,0.02625,0.10873440285205
"flapper",11,"random_forest",4,"binary",0,0.035,0.10873440285205
"flapper",11,"random_forest",5,"binary",0,0,0.124561403508772
"flapper",11,"random_forest",5,"binary",0,0.0275793650793651,0.124561403508772
"flapper",11,"random_forest",5,"binary",0,0,0.124561403508772
"flapper",11,"random_forest",5,"binary",0,0,0.124561403508772
"flapper",11,"random_forest",5,"binary",0,0.159678571428571,0.124561403508772
"flapper",11,"random_forest",5,"binary",0,0.122678571428571,0.124561403508772
"flapper",11,"random_forest",5,"binary",0,0.01,0.124561403508772
"flapper",11,"random_forest",5,"binary",0,0.149900793650794,0.124561403508772
"flapper",11,"random_forest",5,"binary",0,0.0175793650793651,0.124561403508772
"flapper",11,"random_forest",5,"binary",0,0.129,0.124561403508772
"flapper",11,"random_forest",5,"binary",0,0.180888888888889,0.124561403508772
"flapper",11,"random_forest",5,"binary",0,0,0.124561403508772
"flapper",11,"random_forest",5,"binary",0,0,0.124561403508772
"flapper",11,"random_forest",5,"binary",0,0.0315515873015873,0.124561403508772
"flapper",11,"random_forest",5,"binary",0,0.0801349206349206,0.124561403508772
"flapper",11,"random_forest",5,"binary",0,0,0.124561403508772
"flapper",11,"random_forest",5,"binary",0,0.067234126984127,0.124561403508772
"flapper",11,"random_forest",5,"binary",0,0.0126626984126984,0.124561403508772
"flapper",11,"random_forest",5,"binary",0,0,0.124561403508772
"flapper",11,"random_forest",5,"binary",0,0.127373015873016,0.124561403508772
"flapper",11,"random_forest",5,"binary",0,0,0.124561403508772
"flapper",11,"random_forest",5,"binary",0,0,0.124561403508772
"flapper",11,"random_forest",5,"binary",0,0,0.124561403508772
"flapper",11,"random_forest",5,"binary",0,0.0406825396825397,0.124561403508772
"flapper",11,"random_forest",5,"binary",0,0.02,0.124561403508772
"flapper",11,"random_forest",5,"binary",0,0.0465238095238095,0.124561403508772
"flapper",11,"random_forest",5,"binary",0,0.453436507936508,0.124561403508772
"flapper",11,"random_forest",5,"binary",0,0,0.124561403508772
"flapper",11,"random_forest",5,"binary",0,0.16256746031746,0.124561403508772
"flapper",11,"random_forest",5,"binary",0,0.465559523809524,0.124561403508772
"flapper",11,"random_forest",5,"binary",0,0.128234126984127,0.124561403508772
"flapper",11,"random_forest",5,"binary",0,0.0218055555555556,0.124561403508772
"flapper",11,"random_forest",5,"binary",0,0.162484126984127,0.124561403508772
"flapper",11,"random_forest",5,"binary",0,0.110301587301587,0.124561403508772
"flapper",11,"random_forest",5,"binary",0,0,0.124561403508772
"flapper",11,"random_forest",5,"binary",0,0.177972222222222,0.124561403508772
"flapper",11,"random_forest",5,"binary",0,0.0211349206349206,0.124561403508772
"flapper",11,"random_forest",5,"binary",0,0.005,0.124561403508772
"flapper",11,"random_forest",5,"binary",0,0,0.124561403508772
"flapper",11,"random_forest",5,"binary",0,0.0135515873015873,0.124561403508772
"flapper",11,"random_forest",5,"binary",0,0.0555555555555556,0.124561403508772
"flapper",11,"random_forest",5,"binary",0,0.140900793650794,0.124561403508772
"flapper",11,"random_forest",5,"binary",0,0.0400357142857143,0.124561403508772
"flapper",11,"random_forest",5,"binary",0,0.0106349206349206,0.124561403508772
"flapper",11,"random_forest",5,"binary",0,0.01,0.124561403508772
"flapper",11,"random_forest",5,"binary",0,0.0250793650793651,0.124561403508772
"flapper",11,"random_forest",5,"binary",0,0.0100793650793651,0.124561403508772
"flapper",11,"random_forest",5,"binary",0,0.17856746031746,0.124561403508772
"flapper",11,"random_forest",5,"binary",0,0.0635119047619048,0.124561403508772
"flapper",11,"random_forest",5,"binary",0,0,0.124561403508772
"flapper",11,"random_forest",5,"binary",0,0,0.124561403508772
"flapper",11,"random_forest",5,"binary",0,0.221325396825397,0.124561403508772
"flapper",11,"random_forest",5,"binary",0,0.01,0.124561403508772
"flapper",11,"random_forest",5,"binary",0,0.02,0.124561403508772
"flapper",11,"random_forest",5,"binary",0,0,0.124561403508772
"flapper",11,"random_forest",5,"binary",0,0.013968253968254,0.124561403508772
"flapper",11,"random_forest",5,"binary",0,0.083984126984127,0.124561403508772
"flapper",11,"random_forest",5,"binary",0,0.0331349206349206,0.124561403508772
"flapper",11,"random_forest",5,"binary",0,0.0135515873015873,0.124561403508772
"flapper",11,"random_forest",5,"binary",0,0.514019841269841,0.124561403508772
"flapper",11,"random_forest",5,"binary",0,0.174206349206349,0.124561403508772
"flapper",11,"random_forest",5,"binary",0,0.17856746031746,0.124561403508772
"flapper",11,"random_forest",5,"binary",0,0.01,0.124561403508772
"flapper",11,"random_forest",5,"binary",0,0.0222222222222222,0.124561403508772
"flapper",11,"random_forest",5,"binary",0,0,0.124561403508772
"flapper",11,"random_forest",5,"binary",0,0.239654761904762,0.124561403508772
"flapper",11,"random_forest",5,"binary",0,0,0.124561403508772
"flapper",11,"random_forest",5,"binary",0,0.190972222222222,0.124561403508772
"flapper",11,"random_forest",5,"binary",0,0.02,0.124561403508772
"flapper",11,"random_forest",5,"binary",0,0.02,0.124561403508772
"flapper",11,"random_forest",5,"binary",0,0.005,0.124561403508772
"flapper",11,"random_forest",5,"binary",0,0.133396825396825,0.124561403508772
"flapper",11,"random_forest",5,"binary",0,0.159678571428571,0.124561403508772
"flapper",11,"random_forest",5,"binary",0,0.02,0.124561403508772
"flapper",11,"random_forest",5,"binary",1,0.0592063492063492,0.124561403508772
"flapper",11,"random_forest",5,"binary",0,0.0237738095238095,0.124561403508772
"flapper",11,"random_forest",5,"binary",0,0.181678571428571,0.124561403508772
"flapper",11,"random_forest",5,"binary",0,0.124452380952381,0.124561403508772
"flapper",11,"random_forest",5,"binary",0,0.14906746031746,0.124561403508772
"flapper",11,"random_forest",5,"binary",0,0.0473849206349206,0.124561403508772
"flapper",11,"random_forest",5,"binary",0,0,0.124561403508772
"flapper",11,"random_forest",5,"binary",0,0,0.124561403508772
"flapper",11,"random_forest",5,"binary",0,0.0390277777777778,0.124561403508772
"flapper",11,"random_forest",5,"binary",0,0.00125,0.124561403508772
"flapper",11,"random_forest",5,"binary",0,0.0135515873015873,0.124561403508772
"flapper",11,"random_forest",5,"binary",0,0,0.124561403508772
"flapper",11,"random_forest",5,"binary",0,0.0530357142857143,0.124561403508772
"flapper",11,"random_forest",5,"binary",0,0.100849206349206,0.124561403508772
"flapper",11,"random_forest",5,"binary",0,0.0135515873015873,0.124561403508772
"flapper",11,"random_forest",5,"binary",0,0.01,0.124561403508772
"flapper",11,"random_forest",5,"binary",0,0.0931944444444444,0.124561403508772
"flapper",11,"random_forest",5,"binary",0,0,0.124561403508772
"flapper",11,"random_forest",5,"binary",0,0,0.124561403508772
"flapper",11,"random_forest",5,"binary",0,0.0126626984126984,0.124561403508772
"flapper",11,"random_forest",5,"binary",0,0.128234126984127,0.124561403508772
"flapper",11,"random_forest",5,"binary",0,0.0579563492063492,0.124561403508772
"flapper",11,"random_forest",5,"binary",0,0.0135515873015873,0.124561403508772
"flapper",11,"random_forest",5,"binary",0,0.0144444444444444,0.124561403508772
"flapper",11,"random_forest",5,"binary",0,0,0.124561403508772
"flapper",11,"random_forest",5,"binary",0,0.524047619047619,0.124561403508772
"flapper",11,"random_forest",5,"binary",0,0.119472222222222,0.124561403508772
"flapper",11,"random_forest",5,"binary",0,0.0306825396825397,0.124561403508772
"flapper",11,"random_forest",5,"binary",0,0.0516626984126984,0.124561403508772
"flapper",11,"random_forest",5,"binary",0,0,0.124561403508772
"flapper",11,"random_forest",5,"binary",0,0.01125,0.124561403508772
"flapper",11,"random_forest",5,"binary",0,0,0.124561403508772
"flapper",11,"random_forest",5,"binary",0,0.100849206349206,0.124561403508772
"flapper",11,"random_forest",5,"binary",0,0.0142857142857143,0.124561403508772
"flapper",11,"random_forest",5,"binary",0,0,0.124561403508772
"flapper",11,"random_forest",5,"binary",0,0.452003968253968,0.124561403508772
"flapper",11,"random_forest",5,"binary",0,0.0218055555555556,0.124561403508772
"flapper",11,"random_forest",5,"binary",0,0.052,0.124561403508772
"flapper",11,"random_forest",5,"binary",0,0.0920833333333333,0.124561403508772
"flapper",11,"random_forest",5,"binary",0,0.0931944444444444,0.124561403508772
"flapper",11,"random_forest",5,"binary",0,0.127972222222222,0.124561403508772
"flapper",11,"random_forest",5,"binary",0,0.0353055555555555,0.124561403508772
"flapper",11,"random_forest",5,"binary",0,0,0.124561403508772
"flapper",11,"random_forest",5,"binary",0,0.0175,0.124561403508772
"flapper",11,"random_forest",5,"binary",0,0.131119047619048,0.124561403508772
"flapper",11,"random_forest",5,"binary",0,0.0280555555555556,0.124561403508772
"flapper",11,"random_forest",5,"binary",0,0.00325,0.124561403508772
"flapper",11,"random_forest",5,"binary",0,0.056484126984127,0.124561403508772
"flapper",11,"random_forest",5,"binary",0,0,0.124561403508772
"flapper",11,"random_forest",5,"binary",0,0.00285714285714286,0.124561403508772
"flapper",11,"random_forest",5,"binary",0,0.418063492063492,0.124561403508772
"flapper",11,"random_forest",5,"binary",0,0,0.124561403508772
"flapper",11,"random_forest",5,"binary",0,0,0.124561403508772
"flapper",11,"random_forest",5,"binary",0,0.01,0.124561403508772
"flapper",11,"random_forest",5,"binary",0,0.0555833333333333,0.124561403508772
"flapper",11,"random_forest",5,"binary",0,0,0.124561403508772
"flapper",11,"random_forest",5,"binary",0,0.01,0.124561403508772
"flapper",11,"random_forest",5,"binary",0,0,0.124561403508772
"flapper",11,"random_forest",5,"binary",0,0.0773214285714286,0.124561403508772
"flapper",11,"random_forest",5,"binary",0,0.00507936507936508,0.124561403508772
"flapper",11,"random_forest",5,"binary",0,0.152150793650794,0.124561403508772
"flapper",11,"random_forest",5,"binary",0,0.140900793650794,0.124561403508772
"flapper",11,"random_forest",5,"binary",0,0.0516666666666667,0.124561403508772
"flapper",11,"xgboost",1,"binary",0,0.00861221551895142,0.123214285714286
"flapper",11,"xgboost",1,"binary",0,0.00398838520050049,0.123214285714286
"flapper",11,"xgboost",1,"binary",0,0.00153696537017822,0.123214285714286
"flapper",11,"xgboost",1,"binary",0,0.0243462920188904,0.123214285714286
"flapper",11,"xgboost",1,"binary",0,0.00693261623382568,0.123214285714286
"flapper",11,"xgboost",1,"binary",0,0.217294991016388,0.123214285714286
"flapper",11,"xgboost",1,"binary",0,0.306786358356476,0.123214285714286
"flapper",11,"xgboost",1,"binary",1,0.00611972808837891,0.123214285714286
"flapper",11,"xgboost",1,"binary",0,0.011589527130127,0.123214285714286
"flapper",11,"xgboost",1,"binary",0,0.0211722254753113,0.123214285714286
"flapper",11,"xgboost",1,"binary",0,0.195578575134277,0.123214285714286
"flapper",11,"xgboost",1,"binary",0,0.0436965227127075,0.123214285714286
"flapper",11,"xgboost",1,"binary",0,0.0924702286720276,0.123214285714286
"flapper",11,"xgboost",1,"binary",0,0.011309027671814,0.123214285714286
"flapper",11,"xgboost",1,"binary",0,0.0519276261329651,0.123214285714286
"flapper",11,"xgboost",1,"binary",0,0.025105893611908,0.123214285714286
"flapper",11,"xgboost",1,"binary",0,0.0155162215232849,0.123214285714286
"flapper",11,"xgboost",1,"binary",0,0.00336986780166626,0.123214285714286
"flapper",11,"xgboost",1,"binary",0,0.0519276261329651,0.123214285714286
"flapper",11,"xgboost",1,"binary",0,0.804038360714912,0.123214285714286
"flapper",11,"xgboost",1,"binary",0,0.0924702286720276,0.123214285714286
"flapper",11,"xgboost",1,"binary",0,0.0186448693275452,0.123214285714286
"flapper",11,"xgboost",1,"binary",0,0.215124309062958,0.123214285714286
"flapper",11,"xgboost",1,"binary",0,0.0122196674346924,0.123214285714286
"flapper",11,"xgboost",1,"binary",0,0.318463921546936,0.123214285714286
"flapper",11,"xgboost",1,"binary",1,0.341292560100555,0.123214285714286
"flapper",11,"xgboost",1,"binary",0,0.338926494121552,0.123214285714286
"flapper",11,"xgboost",1,"binary",0,0.896639332175255,0.123214285714286
"flapper",11,"xgboost",1,"binary",0,0.236579358577728,0.123214285714286
"flapper",11,"xgboost",1,"binary",0,0.804038360714912,0.123214285714286
"flapper",11,"xgboost",1,"binary",0,0.000384688377380371,0.123214285714286
"flapper",11,"xgboost",1,"binary",1,0.00294959545135498,0.123214285714286
"flapper",11,"xgboost",1,"binary",0,0.789368778467178,0.123214285714286
"flapper",11,"xgboost",1,"binary",0,0.000436484813690186,0.123214285714286
"flapper",11,"xgboost",1,"binary",0,0.00157666206359863,0.123214285714286
"flapper",11,"xgboost",1,"binary",0,0.0605286955833435,0.123214285714286
"flapper",11,"xgboost",1,"binary",0,0.000118374824523926,0.123214285714286
"flapper",11,"xgboost",1,"binary",0,0.00395572185516357,0.123214285714286
"flapper",11,"xgboost",1,"binary",0,0.00127345323562622,0.123214285714286
"flapper",11,"xgboost",1,"binary",0,0.00245243310928345,0.123214285714286
"flapper",11,"xgboost",1,"binary",0,0.000203311443328857,0.123214285714286
"flapper",11,"xgboost",1,"binary",0,0.000665843486785889,0.123214285714286
"flapper",11,"xgboost",1,"binary",0,0.00055009126663208,0.123214285714286
"flapper",11,"xgboost",1,"binary",0,0.00350230932235718,0.123214285714286
"flapper",11,"xgboost",1,"binary",0,0.224611163139343,0.123214285714286
"flapper",11,"xgboost",1,"binary",0,0.0013156533241272,0.123214285714286
"flapper",11,"xgboost",1,"binary",0,8.27312469482422e-05,0.123214285714286
"flapper",11,"xgboost",1,"binary",0,0.000886976718902588,0.123214285714286
"flapper",11,"xgboost",1,"binary",0,0.0392906069755554,0.123214285714286
"flapper",11,"xgboost",1,"binary",0,0.0121060013771057,0.123214285714286
"flapper",11,"xgboost",1,"binary",0,0.0289061069488525,0.123214285714286
"flapper",11,"xgboost",1,"binary",0,0.0102964043617249,0.123214285714286
"flapper",11,"xgboost",1,"binary",0,0.00202769041061401,0.123214285714286
"flapper",11,"xgboost",1,"binary",0,0.0010455846786499,0.123214285714286
"flapper",11,"xgboost",1,"binary",0,0.0106202960014343,0.123214285714286
"flapper",11,"xgboost",1,"binary",0,0.00294756889343262,0.123214285714286
"flapper",11,"xgboost",1,"binary",0,0.000478744506835938,0.123214285714286
"flapper",11,"xgboost",1,"binary",0,0.000137805938720703,0.123214285714286
"flapper",11,"xgboost",1,"binary",0,0.00846797227859497,0.123214285714286
"flapper",11,"xgboost",1,"binary",0,0.0032343864440918,0.123214285714286
"flapper",11,"xgboost",1,"binary",0,0.0024106502532959,0.123214285714286
"flapper",11,"xgboost",1,"binary",0,0.0012974739074707,0.123214285714286
"flapper",11,"xgboost",1,"binary",0,0.00231587886810303,0.123214285714286
"flapper",11,"xgboost",1,"binary",0,5.76972961425781e-05,0.123214285714286
"flapper",11,"xgboost",1,"binary",0,0.000787258148193359,0.123214285714286
"flapper",11,"xgboost",1,"binary",0,0.000217854976654053,0.123214285714286
"flapper",11,"xgboost",1,"binary",0,0.00202590227127075,0.123214285714286
"flapper",11,"xgboost",1,"binary",0,8.27312469482422e-05,0.123214285714286
"flapper",11,"xgboost",1,"binary",0,0.00219982862472534,0.123214285714286
"flapper",11,"xgboost",1,"binary",0,0.000228226184844971,0.123214285714286
"flapper",11,"xgboost",1,"binary",0,0.0245675444602966,0.123214285714286
"flapper",11,"xgboost",1,"binary",0,0.000498771667480469,0.123214285714286
"flapper",11,"xgboost",1,"binary",0,0.0022881031036377,0.123214285714286
"flapper",11,"xgboost",1,"binary",0,0.00102841854095459,0.123214285714286
"flapper",11,"xgboost",1,"binary",0,6.15119934082031e-05,0.123214285714286
"flapper",11,"xgboost",1,"binary",0,0.000129818916320801,0.123214285714286
"flapper",11,"xgboost",1,"binary",0,6.22272491455078e-05,0.123214285714286
"flapper",11,"xgboost",1,"binary",0,0.0140935182571411,0.123214285714286
"flapper",11,"xgboost",1,"binary",0,0.000587224960327148,0.123214285714286
"flapper",11,"xgboost",1,"binary",0,0.0013892650604248,0.123214285714286
"flapper",11,"xgboost",1,"binary",0,0.00521856546401978,0.123214285714286
"flapper",11,"xgboost",1,"binary",0,6.72340393066406e-05,0.123214285714286
"flapper",11,"xgboost",1,"binary",0,0.000121951103210449,0.123214285714286
"flapper",11,"xgboost",1,"binary",0,0.00413155555725098,0.123214285714286
"flapper",11,"xgboost",1,"binary",0,0.00018388032913208,0.123214285714286
"flapper",11,"xgboost",1,"binary",0,0.00322896242141724,0.123214285714286
"flapper",11,"xgboost",1,"binary",0,0.00110411643981934,0.123214285714286
"flapper",11,"xgboost",1,"binary",0,0.000865757465362549,0.123214285714286
"flapper",11,"xgboost",1,"binary",0,0.00138950347900391,0.123214285714286
"flapper",11,"xgboost",1,"binary",0,0.000664055347442627,0.123214285714286
"flapper",11,"xgboost",1,"binary",0,0.000359296798706055,0.123214285714286
"flapper",11,"xgboost",1,"binary",0,0.00341522693634033,0.123214285714286
"flapper",11,"xgboost",1,"binary",0,0.00638610124588013,0.123214285714286
"flapper",11,"xgboost",1,"binary",0,0.000809371471405029,0.123214285714286
"flapper",11,"xgboost",1,"binary",0,8.76188278198242e-05,0.123214285714286
"flapper",11,"xgboost",1,"binary",0,0.00732666254043579,0.123214285714286
"flapper",11,"xgboost",1,"binary",0,0.000228226184844971,0.123214285714286
"flapper",11,"xgboost",1,"binary",0,0.063315749168396,0.123214285714286
"flapper",11,"xgboost",1,"binary",0,0.000413239002227783,0.123214285714286
"flapper",11,"xgboost",1,"binary",0,0.000648915767669678,0.123214285714286
"flapper",11,"xgboost",1,"binary",0,0.000314831733703613,0.123214285714286
"flapper",11,"xgboost",1,"binary",0,0.00531136989593506,0.123214285714286
"flapper",11,"xgboost",1,"binary",0,0.000360846519470215,0.123214285714286
"flapper",11,"xgboost",1,"binary",0,0.00404417514801025,0.123214285714286
"flapper",11,"xgboost",1,"binary",0,0.000630199909210205,0.123214285714286
"flapper",11,"xgboost",1,"binary",0,0.0262773633003235,0.123214285714286
"flapper",11,"xgboost",1,"binary",0,0.000204741954803467,0.123214285714286
"flapper",11,"xgboost",1,"binary",0,0.496457517147064,0.123214285714286
"flapper",11,"xgboost",1,"binary",0,0.0336223840713501,0.123214285714286
"flapper",11,"xgboost",1,"binary",0,0.461978197097778,0.123214285714286
"flapper",11,"xgboost",1,"binary",0,0.000648915767669678,0.123214285714286
"flapper",11,"xgboost",1,"binary",0,0.00249254703521729,0.123214285714286
"flapper",11,"xgboost",1,"binary",0,0.000787258148193359,0.123214285714286
"flapper",11,"xgboost",1,"binary",0,0.0857519507408142,0.123214285714286
"flapper",11,"xgboost",1,"binary",0,0.0158389210700989,0.123214285714286
"flapper",11,"xgboost",1,"binary",0,5.54323196411133e-05,0.123214285714286
"flapper",11,"xgboost",1,"binary",0,0.00142359733581543,0.123214285714286
"flapper",11,"xgboost",1,"binary",0,0.0012781023979187,0.123214285714286
"flapper",11,"xgboost",1,"binary",0,0.00344789028167725,0.123214285714286
"flapper",11,"xgboost",1,"binary",0,0.0138134956359863,0.123214285714286
"flapper",11,"xgboost",1,"binary",0,0.0689069032669067,0.123214285714286
"flapper",11,"xgboost",1,"binary",0,0.000228226184844971,0.123214285714286
"flapper",11,"xgboost",1,"binary",0,0.00202769041061401,0.123214285714286
"flapper",11,"xgboost",1,"binary",0,0.00290977954864502,0.123214285714286
"flapper",11,"xgboost",1,"binary",0,0.00221025943756104,0.123214285714286
"flapper",11,"xgboost",1,"binary",0,0.0605286955833435,0.123214285714286
"flapper",11,"xgboost",1,"binary",0,0.257466077804565,0.123214285714286
"flapper",11,"xgboost",1,"binary",0,0.00127345323562622,0.123214285714286
"flapper",11,"xgboost",1,"binary",0,0.000152826309204102,0.123214285714286
"flapper",11,"xgboost",1,"binary",0,0.462430775165558,0.123214285714286
"flapper",11,"xgboost",1,"binary",0,0.000107884407043457,0.123214285714286
"flapper",11,"xgboost",1,"binary",0,0.00171744823455811,0.123214285714286
"flapper",11,"xgboost",1,"binary",0,0.0212730765342712,0.123214285714286
"flapper",11,"xgboost",1,"binary",0,0.00322896242141724,0.123214285714286
"flapper",11,"xgboost",1,"binary",0,0.00138199329376221,0.123214285714286
"flapper",11,"xgboost",1,"binary",0,0.000242769718170166,0.123214285714286
"flapper",11,"xgboost",1,"binary",0,8.26120376586914e-05,0.123214285714286
"flapper",11,"xgboost",1,"binary",0,0.000665724277496338,0.123214285714286
"flapper",11,"xgboost",1,"binary",0,0.000501036643981934,0.123214285714286
"flapper",11,"xgboost",1,"binary",0,0.0111700892448425,0.123214285714286
"flapper",11,"xgboost",1,"binary",0,0.000359296798706055,0.123214285714286
"flapper",11,"xgboost",1,"binary",0,0.0482602119445801,0.123214285714286
"flapper",11,"xgboost",1,"binary",0,0.000223100185394287,0.123214285714286
"flapper",11,"xgboost",1,"binary",0,0.000129818916320801,0.123214285714286
"flapper",11,"xgboost",1,"binary",0,0.00179767608642578,0.123214285714286
"flapper",11,"xgboost",1,"binary",0,0.0508105158805847,0.123214285714286
"flapper",11,"xgboost",1,"binary",0,0.000442922115325928,0.123214285714286
"flapper",11,"xgboost",2,"binary",0,0.00937807559967041,0.0813148788927336
"flapper",11,"xgboost",2,"binary",1,0.542005211114883,0.0813148788927336
"flapper",11,"xgboost",2,"binary",0,0.138335883617401,0.0813148788927336
"flapper",11,"xgboost",2,"binary",0,0.891654819250107,0.0813148788927336
"flapper",11,"xgboost",2,"binary",1,0.00537824630737305,0.0813148788927336
"flapper",11,"xgboost",2,"binary",0,0.014974057674408,0.0813148788927336
"flapper",11,"xgboost",2,"binary",0,0.132040441036224,0.0813148788927336
"flapper",11,"xgboost",2,"binary",0,0.000618934631347656,0.0813148788927336
"flapper",11,"xgboost",2,"binary",0,0.119454920291901,0.0813148788927336
"flapper",11,"xgboost",2,"binary",0,0.00401747226715088,0.0813148788927336
"flapper",11,"xgboost",2,"binary",0,0.0676547884941101,0.0813148788927336
"flapper",11,"xgboost",2,"binary",0,0.378520011901855,0.0813148788927336
"flapper",11,"xgboost",2,"binary",0,0.0958842039108276,0.0813148788927336
"flapper",11,"xgboost",2,"binary",0,0.120145440101624,0.0813148788927336
"flapper",11,"xgboost",2,"binary",0,0.134537816047668,0.0813148788927336
"flapper",11,"xgboost",2,"binary",0,0.000553667545318604,0.0813148788927336
"flapper",11,"xgboost",2,"binary",1,0.126054227352142,0.0813148788927336
"flapper",11,"xgboost",2,"binary",1,0.054560124874115,0.0813148788927336
"flapper",11,"xgboost",2,"binary",0,0.00352269411087036,0.0813148788927336
"flapper",11,"xgboost",2,"binary",1,0.22975492477417,0.0813148788927336
"flapper",11,"xgboost",2,"binary",0,0.63701406121254,0.0813148788927336
"flapper",11,"xgboost",2,"binary",1,0.000673651695251465,0.0813148788927336
"flapper",11,"xgboost",2,"binary",1,0.569452047348022,0.0813148788927336
"flapper",11,"xgboost",2,"binary",0,0.014974057674408,0.0813148788927336
"flapper",11,"xgboost",2,"binary",0,0.00853812694549561,0.0813148788927336
"flapper",11,"xgboost",2,"binary",0,0.063739538192749,0.0813148788927336
"flapper",11,"xgboost",2,"binary",0,0.00505876541137695,0.0813148788927336
"flapper",11,"xgboost",2,"binary",0,0.000849246978759766,0.0813148788927336
"flapper",11,"xgboost",2,"binary",0,0.000112175941467285,0.0813148788927336
"flapper",11,"xgboost",2,"binary",0,0.000276267528533936,0.0813148788927336
"flapper",11,"xgboost",2,"binary",0,0.00137484073638916,0.0813148788927336
"flapper",11,"xgboost",2,"binary",0,0.000387609004974365,0.0813148788927336
"flapper",11,"xgboost",2,"binary",0,0.00163799524307251,0.0813148788927336
"flapper",11,"xgboost",2,"binary",0,0.00242668390274048,0.0813148788927336
"flapper",11,"xgboost",2,"binary",0,0.00456821918487549,0.0813148788927336
"flapper",11,"xgboost",2,"binary",0,0.000255048274993896,0.0813148788927336
"flapper",11,"xgboost",2,"binary",0,0.063739538192749,0.0813148788927336
"flapper",11,"xgboost",2,"binary",0,0.0343472361564636,0.0813148788927336
"flapper",11,"xgboost",2,"binary",0,0.000617027282714844,0.0813148788927336
"flapper",11,"xgboost",2,"binary",1,0.0324757099151611,0.0813148788927336
"flapper",11,"xgboost",2,"binary",0,0.00251364707946777,0.0813148788927336
"flapper",11,"xgboost",2,"binary",0,0.000384092330932617,0.0813148788927336
"flapper",11,"xgboost",2,"binary",0,0.0157739520072937,0.0813148788927336
"flapper",11,"xgboost",2,"binary",0,0.00505876541137695,0.0813148788927336
"flapper",11,"xgboost",2,"binary",0,0.14941793680191,0.0813148788927336
"flapper",11,"xgboost",2,"binary",0,0.00615280866622925,0.0813148788927336
"flapper",11,"xgboost",2,"binary",0,0.0870734453201294,0.0813148788927336
"flapper",11,"xgboost",2,"binary",0,0.063739538192749,0.0813148788927336
"flapper",11,"xgboost",2,"binary",0,0.11592298746109,0.0813148788927336
"flapper",11,"xgboost",2,"binary",0,0.00271356105804443,0.0813148788927336
"flapper",11,"xgboost",2,"binary",0,0.00505876541137695,0.0813148788927336
"flapper",11,"xgboost",2,"binary",0,0.063739538192749,0.0813148788927336
"flapper",11,"xgboost",2,"binary",0,0.000469446182250977,0.0813148788927336
"flapper",11,"xgboost",2,"binary",0,0.00306439399719238,0.0813148788927336
"flapper",11,"xgboost",2,"binary",0,0.0112159252166748,0.0813148788927336
"flapper",11,"xgboost",2,"binary",0,0.838611975312233,0.0813148788927336
"flapper",11,"xgboost",2,"binary",0,0.0249524712562561,0.0813148788927336
"flapper",11,"xgboost",2,"binary",0,0.00345140695571899,0.0813148788927336
"flapper",11,"xgboost",2,"binary",0,0.00251364707946777,0.0813148788927336
"flapper",11,"xgboost",2,"binary",0,0.000849246978759766,0.0813148788927336
"flapper",11,"xgboost",2,"binary",0,0.00874435901641846,0.0813148788927336
"flapper",11,"xgboost",2,"binary",0,0.00955528020858765,0.0813148788927336
"flapper",11,"xgboost",2,"binary",0,0.000205457210540771,0.0813148788927336
"flapper",11,"xgboost",2,"binary",0,0.00288057327270508,0.0813148788927336
"flapper",11,"xgboost",2,"binary",0,0.00456821918487549,0.0813148788927336
"flapper",11,"xgboost",2,"binary",0,0.956272158771753,0.0813148788927336
"flapper",11,"xgboost",2,"binary",0,0.00779992341995239,0.0813148788927336
"flapper",11,"xgboost",2,"binary",0,0.0682250261306763,0.0813148788927336
"flapper",11,"xgboost",2,"binary",0,0.00147151947021484,0.0813148788927336
"flapper",11,"xgboost",2,"binary",0,0.00283318758010864,0.0813148788927336
"flapper",11,"xgboost",2,"binary",0,0.00105422735214233,0.0813148788927336
"flapper",11,"xgboost",2,"binary",1,0.221631348133087,0.0813148788927336
"flapper",11,"xgboost",2,"binary",0,0.000373959541320801,0.0813148788927336
"flapper",11,"xgboost",2,"binary",0,0.270746469497681,0.0813148788927336
"flapper",11,"xgboost",2,"binary",0,0.00142812728881836,0.0813148788927336
"flapper",11,"xgboost",2,"binary",1,0.138243019580841,0.0813148788927336
"flapper",11,"xgboost",2,"binary",0,0.126349091529846,0.0813148788927336
"flapper",11,"xgboost",2,"binary",1,0.366903066635132,0.0813148788927336
"flapper",11,"xgboost",2,"binary",0,0.0026124119758606,0.0813148788927336
"flapper",11,"xgboost",2,"binary",0,0.0663660168647766,0.0813148788927336
"flapper",11,"xgboost",2,"binary",0,0.0042235255241394,0.0813148788927336
"flapper",11,"xgboost",2,"binary",0,0.0024334192276001,0.0813148788927336
"flapper",11,"xgboost",2,"binary",0,0.0673436522483826,0.0813148788927336
"flapper",11,"xgboost",2,"binary",0,0.0826327204704285,0.0813148788927336
"flapper",11,"xgboost",2,"binary",0,0.115277111530304,0.0813148788927336
"flapper",11,"xgboost",2,"binary",0,0.0120149254798889,0.0813148788927336
"flapper",11,"xgboost",2,"binary",0,0.000389277935028076,0.0813148788927336
"flapper",11,"xgboost",2,"binary",1,0.00320088863372803,0.0813148788927336
"flapper",11,"xgboost",2,"binary",0,0.00283318758010864,0.0813148788927336
"flapper",11,"xgboost",2,"binary",0,0.0420529842376709,0.0813148788927336
"flapper",11,"xgboost",2,"binary",0,0.0130042433738708,0.0813148788927336
"flapper",11,"xgboost",2,"binary",0,0.0948889851570129,0.0813148788927336
"flapper",11,"xgboost",2,"binary",0,0.00332736968994141,0.0813148788927336
"flapper",11,"xgboost",2,"binary",0,0.64839044213295,0.0813148788927336
"flapper",11,"xgboost",2,"binary",0,0.104896366596222,0.0813148788927336
"flapper",11,"xgboost",2,"binary",0,0.0141406655311584,0.0813148788927336
"flapper",11,"xgboost",2,"binary",0,0.21983015537262,0.0813148788927336
"flapper",11,"xgboost",2,"binary",0,0.00256025791168213,0.0813148788927336
"flapper",11,"xgboost",2,"binary",1,0.00018841028213501,0.0813148788927336
"flapper",11,"xgboost",2,"binary",0,0.0153917670249939,0.0813148788927336
"flapper",11,"xgboost",2,"binary",0,0.154517948627472,0.0813148788927336
"flapper",11,"xgboost",2,"binary",1,0.00335437059402466,0.0813148788927336
"flapper",11,"xgboost",2,"binary",0,0.130345344543457,0.0813148788927336
"flapper",11,"xgboost",2,"binary",0,0.0181859135627747,0.0813148788927336
"flapper",11,"xgboost",2,"binary",1,0.230329811573029,0.0813148788927336
"flapper",11,"xgboost",2,"binary",1,0.0013890266418457,0.0813148788927336
"flapper",11,"xgboost",2,"binary",0,0.956190850585699,0.0813148788927336
"flapper",11,"xgboost",2,"binary",0,0.162815093994141,0.0813148788927336
"flapper",11,"xgboost",2,"binary",0,0.817836180329323,0.0813148788927336
"flapper",11,"xgboost",2,"binary",1,0.01790851354599,0.0813148788927336
"flapper",11,"xgboost",2,"binary",1,0.0233046412467957,0.0813148788927336
"flapper",11,"xgboost",2,"binary",1,0.383068680763245,0.0813148788927336
"flapper",11,"xgboost",2,"binary",0,0.919916100800037,0.0813148788927336
"flapper",11,"xgboost",2,"binary",0,0.0316129922866821,0.0813148788927336
"flapper",11,"xgboost",2,"binary",0,0.00409352779388428,0.0813148788927336
"flapper",11,"xgboost",2,"binary",0,0.00577008724212646,0.0813148788927336
"flapper",11,"xgboost",2,"binary",1,0.940706770867109,0.0813148788927336
"flapper",11,"xgboost",2,"binary",0,0.21983015537262,0.0813148788927336
"flapper",11,"xgboost",2,"binary",0,0.000618934631347656,0.0813148788927336
"flapper",11,"xgboost",2,"binary",0,0.116333067417145,0.0813148788927336
"flapper",11,"xgboost",2,"binary",1,0.0132458806037903,0.0813148788927336
"flapper",11,"xgboost",2,"binary",0,0.0394449234008789,0.0813148788927336
"flapper",11,"xgboost",2,"binary",1,0.0438347458839417,0.0813148788927336
"flapper",11,"xgboost",2,"binary",0,0.0594223141670227,0.0813148788927336
"flapper",11,"xgboost",2,"binary",0,0.0467841029167175,0.0813148788927336
"flapper",11,"xgboost",2,"binary",1,0.533463507890701,0.0813148788927336
"flapper",11,"xgboost",2,"binary",1,0.00169914960861206,0.0813148788927336
"flapper",11,"xgboost",2,"binary",0,0.0017167329788208,0.0813148788927336
"flapper",11,"xgboost",2,"binary",1,0.00230699777603149,0.0813148788927336
"flapper",11,"xgboost",3,"binary",1,0.426203072071075,0.0715563506261181
"flapper",11,"xgboost",3,"binary",1,0.0971094369888306,0.0715563506261181
"flapper",11,"xgboost",3,"binary",1,0.0415517687797546,0.0715563506261181
"flapper",11,"xgboost",3,"binary",0,0.307808578014374,0.0715563506261181
"flapper",11,"xgboost",3,"binary",1,0.607519149780273,0.0715563506261181
"flapper",11,"xgboost",3,"binary",1,0.00111407041549683,0.0715563506261181
"flapper",11,"xgboost",3,"binary",1,0.00843113660812378,0.0715563506261181
"flapper",11,"xgboost",3,"binary",0,0.000119447708129883,0.0715563506261181
"flapper",11,"xgboost",3,"binary",0,0.321268916130066,0.0715563506261181
"flapper",11,"xgboost",3,"binary",0,0.281516790390015,0.0715563506261181
"flapper",11,"xgboost",3,"binary",0,0.000712335109710693,0.0715563506261181
"flapper",11,"xgboost",3,"binary",0,0.0318393111228943,0.0715563506261181
"flapper",11,"xgboost",3,"binary",0,0.583922117948532,0.0715563506261181
"flapper",11,"xgboost",3,"binary",1,0.160685479640961,0.0715563506261181
"flapper",11,"xgboost",3,"binary",1,0.773620754480362,0.0715563506261181
"flapper",11,"xgboost",3,"binary",0,0.0318393111228943,0.0715563506261181
"flapper",11,"xgboost",3,"binary",1,0.565329343080521,0.0715563506261181
"flapper",11,"xgboost",3,"binary",1,0.0223007202148438,0.0715563506261181
"flapper",11,"xgboost",3,"binary",0,0.0222920775413513,0.0715563506261181
"flapper",11,"xgboost",3,"binary",0,0.0312944054603577,0.0715563506261181
"flapper",11,"xgboost",3,"binary",0,0.022063672542572,0.0715563506261181
"flapper",11,"xgboost",3,"binary",0,0.0774806141853333,0.0715563506261181
"flapper",11,"xgboost",3,"binary",1,0.108795642852783,0.0715563506261181
"flapper",11,"xgboost",3,"binary",1,0.404229283332825,0.0715563506261181
"flapper",11,"xgboost",3,"binary",0,0.143355786800385,0.0715563506261181
"flapper",11,"xgboost",3,"binary",0,0.0018044114112854,0.0715563506261181
"flapper",11,"xgboost",3,"binary",0,0.110400080680847,0.0715563506261181
"flapper",11,"xgboost",3,"binary",0,0.019486129283905,0.0715563506261181
"flapper",11,"xgboost",3,"binary",0,0.108795642852783,0.0715563506261181
"flapper",11,"xgboost",3,"binary",0,0.00215959548950195,0.0715563506261181
"flapper",11,"xgboost",3,"binary",0,0.0456890463829041,0.0715563506261181
"flapper",11,"xgboost",3,"binary",0,0.394253611564636,0.0715563506261181
"flapper",11,"xgboost",3,"binary",0,0.00268560647964478,0.0715563506261181
"flapper",11,"xgboost",3,"binary",0,0.00788784027099609,0.0715563506261181
"flapper",11,"xgboost",3,"binary",0,0.00126141309738159,0.0715563506261181
"flapper",11,"xgboost",3,"binary",0,0.0311247706413269,0.0715563506261181
"flapper",11,"xgboost",3,"binary",0,0.0583925247192383,0.0715563506261181
"flapper",11,"xgboost",3,"binary",0,0.0150277018547058,0.0715563506261181
"flapper",11,"xgboost",3,"binary",0,0.0217598080635071,0.0715563506261181
"flapper",11,"xgboost",3,"binary",0,0.00109279155731201,0.0715563506261181
"flapper",11,"xgboost",3,"binary",0,0.301544070243835,0.0715563506261181
"flapper",11,"xgboost",3,"binary",0,0.00515282154083252,0.0715563506261181
"flapper",11,"xgboost",3,"binary",0,0.0188530683517456,0.0715563506261181
"flapper",11,"xgboost",3,"binary",0,0.203156530857086,0.0715563506261181
"flapper",11,"xgboost",3,"binary",0,0.00619339942932129,0.0715563506261181
"flapper",11,"xgboost",3,"binary",0,0.0539007186889648,0.0715563506261181
"flapper",11,"xgboost",3,"binary",0,0.042201817035675,0.0715563506261181
"flapper",11,"xgboost",3,"binary",0,0.00134217739105225,0.0715563506261181
"flapper",11,"xgboost",3,"binary",0,0.771231487393379,0.0715563506261181
"flapper",11,"xgboost",3,"binary",0,0.000560104846954346,0.0715563506261181
"flapper",11,"xgboost",3,"binary",0,0.000153183937072754,0.0715563506261181
"flapper",11,"xgboost",3,"binary",0,0.00137519836425781,0.0715563506261181
"flapper",11,"xgboost",3,"binary",0,0.0102529525756836,0.0715563506261181
"flapper",11,"xgboost",3,"binary",0,0.042201817035675,0.0715563506261181
"flapper",11,"xgboost",3,"binary",0,0.00619339942932129,0.0715563506261181
"flapper",11,"xgboost",3,"binary",0,0.0243538022041321,0.0715563506261181
"flapper",11,"xgboost",3,"binary",0,0.000196993350982666,0.0715563506261181
"flapper",11,"xgboost",3,"binary",0,0.0682781338691711,0.0715563506261181
"flapper",11,"xgboost",3,"binary",0,0.0539007186889648,0.0715563506261181
"flapper",11,"xgboost",3,"binary",0,0.000681281089782715,0.0715563506261181
"flapper",11,"xgboost",3,"binary",0,0.0627796053886414,0.0715563506261181
"flapper",11,"xgboost",3,"binary",0,0.0429667234420776,0.0715563506261181
"flapper",11,"xgboost",3,"binary",0,0.00364768505096436,0.0715563506261181
"flapper",11,"xgboost",3,"binary",0,0.0140911936759949,0.0715563506261181
"flapper",11,"xgboost",3,"binary",0,0.00245207548141479,0.0715563506261181
"flapper",11,"xgboost",3,"binary",0,0.0128230452537537,0.0715563506261181
"flapper",11,"xgboost",3,"binary",0,0.0118449926376343,0.0715563506261181
"flapper",11,"xgboost",3,"binary",0,8.02278518676758e-05,0.0715563506261181
"flapper",11,"xgboost",3,"binary",0,9.10758972167969e-05,0.0715563506261181
"flapper",11,"xgboost",3,"binary",0,0.0219113230705261,0.0715563506261181
"flapper",11,"xgboost",3,"binary",0,0.00169903039932251,0.0715563506261181
"flapper",11,"xgboost",3,"binary",0,0.0409638285636902,0.0715563506261181
"flapper",11,"xgboost",3,"binary",0,0.518217176198959,0.0715563506261181
"flapper",11,"xgboost",3,"binary",0,0.718098789453506,0.0715563506261181
"flapper",11,"xgboost",3,"binary",1,0.109732866287231,0.0715563506261181
"flapper",11,"xgboost",3,"binary",0,0.135635077953339,0.0715563506261181
"flapper",11,"xgboost",3,"binary",0,0.00029224157333374,0.0715563506261181
"flapper",11,"xgboost",3,"binary",1,0.126973927021027,0.0715563506261181
"flapper",11,"xgboost",3,"binary",0,0.00749051570892334,0.0715563506261181
"flapper",11,"xgboost",3,"binary",0,0.530962616205215,0.0715563506261181
"flapper",11,"xgboost",3,"binary",0,0.00792163610458374,0.0715563506261181
"flapper",11,"xgboost",3,"binary",0,0.0371871590614319,0.0715563506261181
"flapper",11,"xgboost",3,"binary",0,0.254132091999054,0.0715563506261181
"flapper",11,"xgboost",3,"binary",0,0.00433313846588135,0.0715563506261181
"flapper",11,"xgboost",3,"binary",0,0.0335597991943359,0.0715563506261181
"flapper",11,"xgboost",3,"binary",0,0.00818181037902832,0.0715563506261181
"flapper",11,"xgboost",3,"binary",0,0.00480854511260986,0.0715563506261181
"flapper",11,"xgboost",3,"binary",0,0.00679916143417358,0.0715563506261181
"flapper",11,"xgboost",3,"binary",0,0.00134217739105225,0.0715563506261181
"flapper",11,"xgboost",3,"binary",0,5.00679016113281e-05,0.0715563506261181
"flapper",11,"xgboost",3,"binary",0,0.00380849838256836,0.0715563506261181
"flapper",11,"xgboost",3,"binary",0,0.000611424446105957,0.0715563506261181
"flapper",11,"xgboost",3,"binary",0,0.457438468933105,0.0715563506261181
"flapper",11,"xgboost",3,"binary",0,0.351280450820923,0.0715563506261181
"flapper",11,"xgboost",3,"binary",0,0.00929385423660278,0.0715563506261181
"flapper",11,"xgboost",3,"binary",0,0.0726794004440308,0.0715563506261181
"flapper",11,"xgboost",3,"binary",0,0.0191255211830139,0.0715563506261181
"flapper",11,"xgboost",3,"binary",0,0.00998908281326294,0.0715563506261181
"flapper",11,"xgboost",3,"binary",0,0.112452447414398,0.0715563506261181
"flapper",11,"xgboost",3,"binary",0,0.246633648872375,0.0715563506261181
"flapper",11,"xgboost",3,"binary",0,0.00251835584640503,0.0715563506261181
"flapper",11,"xgboost",3,"binary",0,0.00116735696792603,0.0715563506261181
"flapper",11,"xgboost",3,"binary",0,0.255720198154449,0.0715563506261181
"flapper",11,"xgboost",3,"binary",0,0.0011366605758667,0.0715563506261181
"flapper",11,"xgboost",3,"binary",0,0.0921522378921509,0.0715563506261181
"flapper",11,"xgboost",3,"binary",0,0.518217176198959,0.0715563506261181
"flapper",11,"xgboost",3,"binary",0,0.00323486328125,0.0715563506261181
"flapper",11,"xgboost",3,"binary",1,0.424171149730682,0.0715563506261181
"flapper",11,"xgboost",3,"binary",0,0.367617607116699,0.0715563506261181
"flapper",11,"xgboost",3,"binary",1,0.0338493585586548,0.0715563506261181
"flapper",11,"xgboost",3,"binary",0,0.0227370858192444,0.0715563506261181
"flapper",11,"xgboost",3,"binary",0,0.0647128820419312,0.0715563506261181
"flapper",11,"xgboost",3,"binary",1,0.611811995506287,0.0715563506261181
"flapper",11,"xgboost",3,"binary",1,0.908596314489841,0.0715563506261181
"flapper",11,"xgboost",3,"binary",0,0.0122426748275757,0.0715563506261181
"flapper",11,"xgboost",3,"binary",0,0.017836332321167,0.0715563506261181
"flapper",11,"xgboost",3,"binary",0,0.01212078332901,0.0715563506261181
"flapper",11,"xgboost",3,"binary",1,0.000432670116424561,0.0715563506261181
"flapper",11,"xgboost",3,"binary",1,0.681025266647339,0.0715563506261181
"flapper",11,"xgboost",3,"binary",0,0.312162280082703,0.0715563506261181
"flapper",11,"xgboost",3,"binary",1,0.032006561756134,0.0715563506261181
"flapper",11,"xgboost",3,"binary",0,0.172559142112732,0.0715563506261181
"flapper",11,"xgboost",3,"binary",0,0.0097464919090271,0.0715563506261181
"flapper",11,"xgboost",3,"binary",1,0.0133993029594421,0.0715563506261181
"flapper",11,"xgboost",3,"binary",0,0.0230341553688049,0.0715563506261181
"flapper",11,"xgboost",3,"binary",0,0.00824111700057983,0.0715563506261181
"flapper",11,"xgboost",3,"binary",1,0.0427320599555969,0.0715563506261181
"flapper",11,"xgboost",3,"binary",1,0.0196600556373596,0.0715563506261181
"flapper",11,"xgboost",3,"binary",0,0.290824890136719,0.0715563506261181
"flapper",11,"xgboost",3,"binary",1,0.011218786239624,0.0715563506261181
"flapper",11,"xgboost",3,"binary",0,0.0322148203849792,0.0715563506261181
"flapper",11,"xgboost",3,"binary",1,0.0484027862548828,0.0715563506261181
"flapper",11,"xgboost",3,"binary",1,0.0272416472434998,0.0715563506261181
"flapper",11,"xgboost",3,"binary",0,0.0328584313392639,0.0715563506261181
"flapper",11,"xgboost",3,"binary",1,0.107617795467377,0.0715563506261181
"flapper",11,"xgboost",3,"binary",0,0.00167769193649292,0.0715563506261181
"flapper",11,"xgboost",3,"binary",0,0.643593698740005,0.0715563506261181
"flapper",11,"xgboost",3,"binary",0,0.0341438055038452,0.0715563506261181
"flapper",11,"xgboost",3,"binary",1,0.206996738910675,0.0715563506261181
"flapper",11,"xgboost",3,"binary",0,0.00887131690979004,0.0715563506261181
"flapper",11,"xgboost",3,"binary",0,0.143355786800385,0.0715563506261181
"flapper",11,"xgboost",3,"binary",0,0.0185772180557251,0.0715563506261181
"flapper",11,"xgboost",3,"binary",0,0.0632032752037048,0.0715563506261181
"flapper",11,"xgboost",3,"binary",1,0.208734035491943,0.0715563506261181
"flapper",11,"xgboost",3,"binary",0,0.0122898817062378,0.0715563506261181
"flapper",11,"xgboost",3,"binary",1,0.003989577293396,0.0715563506261181
"flapper",11,"xgboost",3,"binary",1,0.00153321027755737,0.0715563506261181
"flapper",11,"xgboost",3,"binary",0,0.0207738876342773,0.0715563506261181
"flapper",11,"xgboost",4,"binary",0,0.030211329460144,0.10873440285205
"flapper",11,"xgboost",4,"binary",0,0.452850520610809,0.10873440285205
"flapper",11,"xgboost",4,"binary",1,0.386781275272369,0.10873440285205
"flapper",11,"xgboost",4,"binary",0,0.0335084795951843,0.10873440285205
"flapper",11,"xgboost",4,"binary",0,0.00744009017944336,0.10873440285205
"flapper",11,"xgboost",4,"binary",0,0.0337436199188232,0.10873440285205
"flapper",11,"xgboost",4,"binary",0,0.209916055202484,0.10873440285205
"flapper",11,"xgboost",4,"binary",0,0.465270221233368,0.10873440285205
"flapper",11,"xgboost",4,"binary",1,0.604803442955017,0.10873440285205
"flapper",11,"xgboost",4,"binary",0,0.00665712356567383,0.10873440285205
"flapper",11,"xgboost",4,"binary",0,0.670837044715881,0.10873440285205
"flapper",11,"xgboost",4,"binary",1,0.000211656093597412,0.10873440285205
"flapper",11,"xgboost",4,"binary",1,0.0334726572036743,0.10873440285205
"flapper",11,"xgboost",4,"binary",0,0.670837044715881,0.10873440285205
"flapper",11,"xgboost",4,"binary",0,0.0245345234870911,0.10873440285205
"flapper",11,"xgboost",4,"binary",0,0.000518262386322021,0.10873440285205
"flapper",11,"xgboost",4,"binary",0,0.00958114862442017,0.10873440285205
"flapper",11,"xgboost",4,"binary",0,0.0849000215530396,0.10873440285205
"flapper",11,"xgboost",4,"binary",0,0.0231830477714539,0.10873440285205
"flapper",11,"xgboost",4,"binary",0,0.00754565000534058,0.10873440285205
"flapper",11,"xgboost",4,"binary",0,0.00580698251724243,0.10873440285205
"flapper",11,"xgboost",4,"binary",0,0.000195205211639404,0.10873440285205
"flapper",11,"xgboost",4,"binary",0,0.0614085793495178,0.10873440285205
"flapper",11,"xgboost",4,"binary",0,0.00102448463439941,0.10873440285205
"flapper",11,"xgboost",4,"binary",0,0.022670567035675,0.10873440285205
"flapper",11,"xgboost",4,"binary",0,0.00830405950546265,0.10873440285205
"flapper",11,"xgboost",4,"binary",0,0.0178148150444031,0.10873440285205
"flapper",11,"xgboost",4,"binary",0,0.00086057186126709,0.10873440285205
"flapper",11,"xgboost",4,"binary",0,0.00263243913650513,0.10873440285205
"flapper",11,"xgboost",4,"binary",0,0.199110746383667,0.10873440285205
"flapper",11,"xgboost",4,"binary",0,0.0121168494224548,0.10873440285205
"flapper",11,"xgboost",4,"binary",0,0.00309425592422485,0.10873440285205
"flapper",11,"xgboost",4,"binary",0,0.0423569083213806,0.10873440285205
"flapper",11,"xgboost",4,"binary",0,0.016964316368103,0.10873440285205
"flapper",11,"xgboost",4,"binary",0,0.14085865020752,0.10873440285205
"flapper",11,"xgboost",4,"binary",1,0.00886499881744385,0.10873440285205
"flapper",11,"xgboost",4,"binary",0,0.425342381000519,0.10873440285205
"flapper",11,"xgboost",4,"binary",0,0.138222575187683,0.10873440285205
"flapper",11,"xgboost",4,"binary",0,0.041949450969696,0.10873440285205
"flapper",11,"xgboost",4,"binary",1,0.039110541343689,0.10873440285205
"flapper",11,"xgboost",4,"binary",0,0.00891768932342529,0.10873440285205
"flapper",11,"xgboost",4,"binary",0,0.0281352400779724,0.10873440285205
"flapper",11,"xgboost",4,"binary",0,0.153435528278351,0.10873440285205
"flapper",11,"xgboost",4,"binary",1,0.00164419412612915,0.10873440285205
"flapper",11,"xgboost",4,"binary",1,0.000195205211639404,0.10873440285205
"flapper",11,"xgboost",4,"binary",0,0.00309425592422485,0.10873440285205
"flapper",11,"xgboost",4,"binary",0,0.00126343965530396,0.10873440285205
"flapper",11,"xgboost",4,"binary",0,0.0412404537200928,0.10873440285205
"flapper",11,"xgboost",4,"binary",0,0.050446093082428,0.10873440285205
"flapper",11,"xgboost",4,"binary",0,0.0446336269378662,0.10873440285205
"flapper",11,"xgboost",4,"binary",0,0.00309425592422485,0.10873440285205
"flapper",11,"xgboost",4,"binary",0,0.00621896982192993,0.10873440285205
"flapper",11,"xgboost",4,"binary",1,0.0350334048271179,0.10873440285205
"flapper",11,"xgboost",4,"binary",0,0.00155383348464966,0.10873440285205
"flapper",11,"xgboost",4,"binary",0,0.0139813423156738,0.10873440285205
"flapper",11,"xgboost",4,"binary",1,0.00455254316329956,0.10873440285205
"flapper",11,"xgboost",4,"binary",1,0.000789403915405273,0.10873440285205
"flapper",11,"xgboost",4,"binary",0,0.422414243221283,0.10873440285205
"flapper",11,"xgboost",4,"binary",0,0.00029367208480835,0.10873440285205
"flapper",11,"xgboost",4,"binary",0,0.32743114233017,0.10873440285205
"flapper",11,"xgboost",4,"binary",0,0.00022357702255249,0.10873440285205
"flapper",11,"xgboost",4,"binary",0,0.000169515609741211,0.10873440285205
"flapper",11,"xgboost",4,"binary",0,0.000100612640380859,0.10873440285205
"flapper",11,"xgboost",4,"binary",0,0.000739634037017822,0.10873440285205
"flapper",11,"xgboost",4,"binary",0,0.00152140855789185,0.10873440285205
"flapper",11,"xgboost",4,"binary",0,0.144414305686951,0.10873440285205
"flapper",11,"xgboost",4,"binary",0,5.26905059814453e-05,0.10873440285205
"flapper",11,"xgboost",4,"binary",0,0.00219100713729858,0.10873440285205
"flapper",11,"xgboost",4,"binary",0,0.000169515609741211,0.10873440285205
"flapper",11,"xgboost",4,"binary",0,0.000188767910003662,0.10873440285205
"flapper",11,"xgboost",4,"binary",0,0.0669422745704651,0.10873440285205
"flapper",11,"xgboost",4,"binary",0,0.00364398956298828,0.10873440285205
"flapper",11,"xgboost",4,"binary",0,9.46521759033203e-05,0.10873440285205
"flapper",11,"xgboost",4,"binary",0,9.10758972167969e-05,0.10873440285205
"flapper",11,"xgboost",4,"binary",0,0.000189721584320068,0.10873440285205
"flapper",11,"xgboost",4,"binary",0,0.000104069709777832,0.10873440285205
"flapper",11,"xgboost",4,"binary",0,0.000171661376953125,0.10873440285205
"flapper",11,"xgboost",4,"binary",0,0.000156283378601074,0.10873440285205
"flapper",11,"xgboost",4,"binary",0,6.68764114379883e-05,0.10873440285205
"flapper",11,"xgboost",4,"binary",0,0.000100374221801758,0.10873440285205
"flapper",11,"xgboost",4,"binary",0,0.000189483165740967,0.10873440285205
"flapper",11,"xgboost",4,"binary",0,0.00107979774475098,0.10873440285205
"flapper",11,"xgboost",4,"binary",0,5.26905059814453e-05,0.10873440285205
"flapper",11,"xgboost",4,"binary",0,8.10623168945312e-05,0.10873440285205
"flapper",11,"xgboost",4,"binary",0,0.000104069709777832,0.10873440285205
"flapper",11,"xgboost",4,"binary",0,0.00044327974319458,0.10873440285205
"flapper",11,"xgboost",4,"binary",0,9.44137573242188e-05,0.10873440285205
"flapper",11,"xgboost",4,"binary",0,0.144414305686951,0.10873440285205
"flapper",11,"xgboost",4,"binary",0,7.98702239990234e-05,0.10873440285205
"flapper",11,"xgboost",4,"binary",0,0.000171065330505371,0.10873440285205
"flapper",11,"xgboost",4,"binary",0,0.000150799751281738,0.10873440285205
"flapper",11,"xgboost",4,"binary",0,0.000121593475341797,0.10873440285205
"flapper",11,"xgboost",4,"binary",0,0.00134575366973877,0.10873440285205
"flapper",11,"xgboost",4,"binary",0,0.000868022441864014,0.10873440285205
"flapper",11,"xgboost",4,"binary",0,0.000108599662780762,0.10873440285205
"flapper",11,"xgboost",4,"binary",0,0.000274598598480225,0.10873440285205
"flapper",11,"xgboost",4,"binary",0,9.17911529541016e-05,0.10873440285205
"flapper",11,"xgboost",4,"binary",0,0.00391858816146851,0.10873440285205
"flapper",11,"xgboost",4,"binary",0,0.000418245792388916,0.10873440285205
"flapper",11,"xgboost",4,"binary",0,0.000121593475341797,0.10873440285205
"flapper",11,"xgboost",4,"binary",0,8.29696655273438e-05,0.10873440285205
"flapper",11,"xgboost",4,"binary",0,7.28368759155273e-05,0.10873440285205
"flapper",11,"xgboost",4,"binary",0,0.0010189414024353,0.10873440285205
"flapper",11,"xgboost",4,"binary",0,7.21216201782227e-05,0.10873440285205
"flapper",11,"xgboost",4,"binary",0,7.22408294677734e-05,0.10873440285205
"flapper",11,"xgboost",4,"binary",0,0.000113010406494141,0.10873440285205
"flapper",11,"xgboost",4,"binary",0,0.000434339046478271,0.10873440285205
"flapper",11,"xgboost",4,"binary",0,0.000176846981048584,0.10873440285205
"flapper",11,"xgboost",4,"binary",0,0.000119447708129883,0.10873440285205
"flapper",11,"xgboost",4,"binary",0,0.00317549705505371,0.10873440285205
"flapper",11,"xgboost",4,"binary",0,0.000259459018707275,0.10873440285205
"flapper",11,"xgboost",4,"binary",0,0.000124573707580566,0.10873440285205
"flapper",11,"xgboost",4,"binary",0,8.78572463989258e-05,0.10873440285205
"flapper",11,"xgboost",4,"binary",0,0.000135183334350586,0.10873440285205
"flapper",11,"xgboost",4,"binary",0,0.000189721584320068,0.10873440285205
"flapper",11,"xgboost",4,"binary",0,4.70876693725586e-05,0.10873440285205
"flapper",11,"xgboost",4,"binary",0,0.000713646411895752,0.10873440285205
"flapper",11,"xgboost",4,"binary",0,0.000193893909454346,0.10873440285205
"flapper",11,"xgboost",4,"binary",0,0.000451743602752686,0.10873440285205
"flapper",11,"xgboost",4,"binary",0,7.21216201782227e-05,0.10873440285205
"flapper",11,"xgboost",4,"binary",0,0.000179708003997803,0.10873440285205
"flapper",11,"xgboost",4,"binary",0,0.000101089477539062,0.10873440285205
"flapper",11,"xgboost",4,"binary",0,4.0888786315918e-05,0.10873440285205
"flapper",11,"xgboost",4,"binary",0,0.00014340877532959,0.10873440285205
"flapper",11,"xgboost",4,"binary",0,0.000199973583221436,0.10873440285205
"flapper",11,"xgboost",4,"binary",0,0.000121474266052246,0.10873440285205
"flapper",11,"xgboost",4,"binary",0,8.80956649780273e-05,0.10873440285205
"flapper",11,"xgboost",4,"binary",0,8.30888748168945e-05,0.10873440285205
"flapper",11,"xgboost",4,"binary",0,0.00136858224868774,0.10873440285205
"flapper",11,"xgboost",4,"binary",0,0.000137209892272949,0.10873440285205
"flapper",11,"xgboost",4,"binary",0,8.10623168945312e-05,0.10873440285205
"flapper",11,"xgboost",4,"binary",0,0.000610709190368652,0.10873440285205
"flapper",11,"xgboost",4,"binary",0,0.00014340877532959,0.10873440285205
"flapper",11,"xgboost",4,"binary",0,0.000479578971862793,0.10873440285205
"flapper",11,"xgboost",4,"binary",0,0.000458240509033203,0.10873440285205
"flapper",11,"xgboost",4,"binary",0,0.000104069709777832,0.10873440285205
"flapper",11,"xgboost",4,"binary",0,0.000126957893371582,0.10873440285205
"flapper",11,"xgboost",4,"binary",0,0.000124573707580566,0.10873440285205
"flapper",11,"xgboost",4,"binary",0,0.00113344192504883,0.10873440285205
"flapper",11,"xgboost",4,"binary",0,0.000673770904541016,0.10873440285205
"flapper",11,"xgboost",4,"binary",0,0.0076557993888855,0.10873440285205
"flapper",11,"xgboost",4,"binary",0,0.00113344192504883,0.10873440285205
"flapper",11,"xgboost",4,"binary",0,0.000161290168762207,0.10873440285205
"flapper",11,"xgboost",4,"binary",0,0.000253379344940186,0.10873440285205
"flapper",11,"xgboost",4,"binary",0,0.000139832496643066,0.10873440285205
"flapper",11,"xgboost",4,"binary",0,9.75131988525391e-05,0.10873440285205
"flapper",11,"xgboost",5,"binary",0,0.00154197216033936,0.124561403508772
"flapper",11,"xgboost",5,"binary",0,0.00040823221206665,0.124561403508772
"flapper",11,"xgboost",5,"binary",0,0.000115513801574707,0.124561403508772
"flapper",11,"xgboost",5,"binary",0,0.000307679176330566,0.124561403508772
"flapper",11,"xgboost",5,"binary",0,0.00164157152175903,0.124561403508772
"flapper",11,"xgboost",5,"binary",0,0.000824153423309326,0.124561403508772
"flapper",11,"xgboost",5,"binary",0,0.000171780586242676,0.124561403508772
"flapper",11,"xgboost",5,"binary",0,0.00481915473937988,0.124561403508772
"flapper",11,"xgboost",5,"binary",0,0.000958740711212158,0.124561403508772
"flapper",11,"xgboost",5,"binary",0,0.000472784042358398,0.124561403508772
"flapper",11,"xgboost",5,"binary",0,0.025482714176178,0.124561403508772
"flapper",11,"xgboost",5,"binary",0,5.2332878112793e-05,0.124561403508772
"flapper",11,"xgboost",5,"binary",0,0.000256597995758057,0.124561403508772
"flapper",11,"xgboost",5,"binary",0,0.000544250011444092,0.124561403508772
"flapper",11,"xgboost",5,"binary",0,0.00287097692489624,0.124561403508772
"flapper",11,"xgboost",5,"binary",0,8.46385955810547e-05,0.124561403508772
"flapper",11,"xgboost",5,"binary",0,0.000673413276672363,0.124561403508772
"flapper",11,"xgboost",5,"binary",0,0.00141656398773193,0.124561403508772
"flapper",11,"xgboost",5,"binary",0,9.66787338256836e-05,0.124561403508772
"flapper",11,"xgboost",5,"binary",0,0.00787961483001709,0.124561403508772
"flapper",11,"xgboost",5,"binary",0,0.000151991844177246,0.124561403508772
"flapper",11,"xgboost",5,"binary",0,6.35385513305664e-05,0.124561403508772
"flapper",11,"xgboost",5,"binary",0,0.000115275382995605,0.124561403508772
"flapper",11,"xgboost",5,"binary",0,0.000990748405456543,0.124561403508772
"flapper",11,"xgboost",5,"binary",0,0.000443041324615479,0.124561403508772
"flapper",11,"xgboost",5,"binary",0,0.000323772430419922,0.124561403508772
"flapper",11,"xgboost",5,"binary",0,0.887336015701294,0.124561403508772
"flapper",11,"xgboost",5,"binary",0,0.000181496143341064,0.124561403508772
"flapper",11,"xgboost",5,"binary",0,0.00557208061218262,0.124561403508772
"flapper",11,"xgboost",5,"binary",0,0.234422862529755,0.124561403508772
"flapper",11,"xgboost",5,"binary",0,0.00111895799636841,0.124561403508772
"flapper",11,"xgboost",5,"binary",0,0.000222861766815186,0.124561403508772
"flapper",11,"xgboost",5,"binary",0,0.0195645093917847,0.124561403508772
"flapper",11,"xgboost",5,"binary",0,0.0303606390953064,0.124561403508772
"flapper",11,"xgboost",5,"binary",0,0.0002480149269104,0.124561403508772
"flapper",11,"xgboost",5,"binary",0,0.000388681888580322,0.124561403508772
"flapper",11,"xgboost",5,"binary",0,0.000530660152435303,0.124561403508772
"flapper",11,"xgboost",5,"binary",0,7.89165496826172e-05,0.124561403508772
"flapper",11,"xgboost",5,"binary",0,5.0663948059082e-05,0.124561403508772
"flapper",11,"xgboost",5,"binary",0,0.000298082828521729,0.124561403508772
"flapper",11,"xgboost",5,"binary",0,0.00131243467330933,0.124561403508772
"flapper",11,"xgboost",5,"binary",0,0.00837314128875732,0.124561403508772
"flapper",11,"xgboost",5,"binary",0,0.000664293766021729,0.124561403508772
"flapper",11,"xgboost",5,"binary",0,0.000331997871398926,0.124561403508772
"flapper",11,"xgboost",5,"binary",0,0.000370979309082031,0.124561403508772
"flapper",11,"xgboost",5,"binary",0,8.33272933959961e-05,0.124561403508772
"flapper",11,"xgboost",5,"binary",0,0.00011146068572998,0.124561403508772
"flapper",11,"xgboost",5,"binary",0,0.00494420528411865,0.124561403508772
"flapper",11,"xgboost",5,"binary",0,0.000577211380004883,0.124561403508772
"flapper",11,"xgboost",5,"binary",0,8.32080841064453e-05,0.124561403508772
"flapper",11,"xgboost",5,"binary",0,0.00013267993927002,0.124561403508772
"flapper",11,"xgboost",5,"binary",0,0.113273978233337,0.124561403508772
"flapper",11,"xgboost",5,"binary",0,0.000108718872070312,0.124561403508772
"flapper",11,"xgboost",5,"binary",0,0.001914381980896,0.124561403508772
"flapper",11,"xgboost",5,"binary",0,5.10215759277344e-05,0.124561403508772
"flapper",11,"xgboost",5,"binary",0,0.00237768888473511,0.124561403508772
"flapper",11,"xgboost",5,"binary",0,0.00443708896636963,0.124561403508772
"flapper",11,"xgboost",5,"binary",0,0.000549018383026123,0.124561403508772
"flapper",11,"xgboost",5,"binary",0,0.000549018383026123,0.124561403508772
"flapper",11,"xgboost",5,"binary",0,0.377067148685455,0.124561403508772
"flapper",11,"xgboost",5,"binary",0,0.000745594501495361,0.124561403508772
"flapper",11,"xgboost",5,"binary",0,0.00494420528411865,0.124561403508772
"flapper",11,"xgboost",5,"binary",0,0.000108242034912109,0.124561403508772
"flapper",11,"xgboost",5,"binary",0,0.000303030014038086,0.124561403508772
"flapper",11,"xgboost",5,"binary",0,6.02006912231445e-05,0.124561403508772
"flapper",11,"xgboost",5,"binary",0,0.00893372297286987,0.124561403508772
"flapper",11,"xgboost",5,"binary",0,2.90870666503906e-05,0.124561403508772
"flapper",11,"xgboost",5,"binary",0,0.000319600105285645,0.124561403508772
"flapper",11,"xgboost",5,"binary",0,0.000115513801574707,0.124561403508772
"flapper",11,"xgboost",5,"binary",0,0.000570952892303467,0.124561403508772
"flapper",11,"xgboost",5,"binary",0,0.00102698802947998,0.124561403508772
"flapper",11,"xgboost",5,"binary",0,0.00564658641815186,0.124561403508772
"flapper",11,"xgboost",5,"binary",0,0.00164157152175903,0.124561403508772
"flapper",11,"xgboost",5,"binary",0,0.000363349914550781,0.124561403508772
"flapper",11,"xgboost",5,"binary",1,0.0104906558990479,0.124561403508772
"flapper",11,"xgboost",5,"binary",0,0.00107187032699585,0.124561403508772
"flapper",11,"xgboost",5,"binary",0,0.000668108463287354,0.124561403508772
"flapper",11,"xgboost",5,"binary",0,0.245489537715912,0.124561403508772
"flapper",11,"xgboost",5,"binary",0,0.00123065710067749,0.124561403508772
"flapper",11,"xgboost",5,"binary",0,0.00204527378082275,0.124561403508772
"flapper",11,"xgboost",5,"binary",0,5.54323196411133e-05,0.124561403508772
"flapper",11,"xgboost",5,"binary",0,8.32080841064453e-05,0.124561403508772
"flapper",11,"xgboost",5,"binary",0,0.000273764133453369,0.124561403508772
"flapper",11,"xgboost",5,"binary",0,0.000133514404296875,0.124561403508772
"flapper",11,"xgboost",5,"binary",0,0.000690937042236328,0.124561403508772
"flapper",11,"xgboost",5,"binary",0,4.05311584472656e-05,0.124561403508772
"flapper",11,"xgboost",5,"binary",0,0.00031590461730957,0.124561403508772
"flapper",11,"xgboost",5,"binary",0,0.0060112476348877,0.124561403508772
"flapper",11,"xgboost",5,"binary",0,0.000298082828521729,0.124561403508772
"flapper",11,"xgboost",5,"binary",0,0.000108718872070312,0.124561403508772
"flapper",11,"xgboost",5,"binary",0,0.00397193431854248,0.124561403508772
"flapper",11,"xgboost",5,"binary",0,0.00013267993927002,0.124561403508772
"flapper",11,"xgboost",5,"binary",0,0.000140786170959473,0.124561403508772
"flapper",11,"xgboost",5,"binary",0,0.00103521347045898,0.124561403508772
"flapper",11,"xgboost",5,"binary",0,0.0018308162689209,0.124561403508772
"flapper",11,"xgboost",5,"binary",0,0.0200579166412354,0.124561403508772
"flapper",11,"xgboost",5,"binary",0,0.000298082828521729,0.124561403508772
"flapper",11,"xgboost",5,"binary",0,0.000721633434295654,0.124561403508772
"flapper",11,"xgboost",5,"binary",0,6.89029693603516e-05,0.124561403508772
"flapper",11,"xgboost",5,"binary",0,0.042452871799469,0.124561403508772
"flapper",11,"xgboost",5,"binary",0,0.00214213132858276,0.124561403508772
"flapper",11,"xgboost",5,"binary",0,0.000990748405456543,0.124561403508772
"flapper",11,"xgboost",5,"binary",0,0.000647127628326416,0.124561403508772
"flapper",11,"xgboost",5,"binary",0,0.000560581684112549,0.124561403508772
"flapper",11,"xgboost",5,"binary",0,0.000293076038360596,0.124561403508772
"flapper",11,"xgboost",5,"binary",0,0.000941932201385498,0.124561403508772
"flapper",11,"xgboost",5,"binary",0,0.0060112476348877,0.124561403508772
"flapper",11,"xgboost",5,"binary",0,0.00111848115921021,0.124561403508772
"flapper",11,"xgboost",5,"binary",0,0.000312328338623047,0.124561403508772
"flapper",11,"xgboost",5,"binary",0,0.797813385725021,0.124561403508772
"flapper",11,"xgboost",5,"binary",0,0.000209510326385498,0.124561403508772
"flapper",11,"xgboost",5,"binary",0,0.00100678205490112,0.124561403508772
"flapper",11,"xgboost",5,"binary",0,0.00620073080062866,0.124561403508772
"flapper",11,"xgboost",5,"binary",0,0.00397193431854248,0.124561403508772
"flapper",11,"xgboost",5,"binary",0,0.0296598672866821,0.124561403508772
"flapper",11,"xgboost",5,"binary",0,0.000131130218505859,0.124561403508772
"flapper",11,"xgboost",5,"binary",0,0.000170588493347168,0.124561403508772
"flapper",11,"xgboost",5,"binary",0,0.00429803133010864,0.124561403508772
"flapper",11,"xgboost",5,"binary",0,0.00358355045318604,0.124561403508772
"flapper",11,"xgboost",5,"binary",0,0.000549018383026123,0.124561403508772
"flapper",11,"xgboost",5,"binary",0,0.000509381294250488,0.124561403508772
"flapper",11,"xgboost",5,"binary",0,0.00405943393707275,0.124561403508772
"flapper",11,"xgboost",5,"binary",0,0.000179588794708252,0.124561403508772
"flapper",11,"xgboost",5,"binary",0,0.000222504138946533,0.124561403508772
"flapper",11,"xgboost",5,"binary",0,0.588912934064865,0.124561403508772
"flapper",11,"xgboost",5,"binary",0,0.000209987163543701,0.124561403508772
"flapper",11,"xgboost",5,"binary",0,0.000115513801574707,0.124561403508772
"flapper",11,"xgboost",5,"binary",0,0.000218212604522705,0.124561403508772
"flapper",11,"xgboost",5,"binary",0,0.0045502781867981,0.124561403508772
"flapper",11,"xgboost",5,"binary",0,0.000208675861358643,0.124561403508772
"flapper",11,"xgboost",5,"binary",0,0.00102460384368896,0.124561403508772
"flapper",11,"xgboost",5,"binary",0,0.000307679176330566,0.124561403508772
"flapper",11,"xgboost",5,"binary",0,0.000950872898101807,0.124561403508772
"flapper",11,"xgboost",5,"binary",0,0.000500917434692383,0.124561403508772
"flapper",11,"xgboost",5,"binary",0,0.00603306293487549,0.124561403508772
"flapper",11,"xgboost",5,"binary",0,0.00837314128875732,0.124561403508772
"flapper",11,"xgboost",5,"binary",0,5.01871109008789e-05,0.124561403508772
"flapper",11,"sar_probit",1,"binary",0,0.372584097284674,0.123214285714286
"flapper",11,"sar_probit",1,"binary",0,0.0548680390050225,0.123214285714286
"flapper",11,"sar_probit",1,"binary",0,0.452201596786998,0.123214285714286
"flapper",11,"sar_probit",1,"binary",0,0.00816844967462228,0.123214285714286
"flapper",11,"sar_probit",1,"binary",0,0.0309459982751875,0.123214285714286
"flapper",11,"sar_probit",1,"binary",0,0.00620419479647527,0.123214285714286
"flapper",11,"sar_probit",1,"binary",0,0.369850862969431,0.123214285714286
"flapper",11,"sar_probit",1,"binary",1,0.130298863794717,0.123214285714286
"flapper",11,"sar_probit",1,"binary",0,0.519689943880548,0.123214285714286
"flapper",11,"sar_probit",1,"binary",0,0.0103824397020135,0.123214285714286
"flapper",11,"sar_probit",1,"binary",0,0.42775886459393,0.123214285714286
"flapper",11,"sar_probit",1,"binary",0,0.470300745142722,0.123214285714286
"flapper",11,"sar_probit",1,"binary",0,0.334098027504819,0.123214285714286
"flapper",11,"sar_probit",1,"binary",0,0.411035725269218,0.123214285714286
"flapper",11,"sar_probit",1,"binary",0,0.459871167824295,0.123214285714286
"flapper",11,"sar_probit",1,"binary",0,0.225575121872598,0.123214285714286
"flapper",11,"sar_probit",1,"binary",0,0.109591228263659,0.123214285714286
"flapper",11,"sar_probit",1,"binary",0,0.308330291784795,0.123214285714286
"flapper",11,"sar_probit",1,"binary",0,0.450964065034236,0.123214285714286
"flapper",11,"sar_probit",1,"binary",0,0.581260170777215,0.123214285714286
"flapper",11,"sar_probit",1,"binary",0,0.331430013594753,0.123214285714286
"flapper",11,"sar_probit",1,"binary",0,0.472234860013831,0.123214285714286
"flapper",11,"sar_probit",1,"binary",0,0.188317173426771,0.123214285714286
"flapper",11,"sar_probit",1,"binary",0,0.373224890644183,0.123214285714286
"flapper",11,"sar_probit",1,"binary",0,0.454478049133496,0.123214285714286
"flapper",11,"sar_probit",1,"binary",1,0.522913227054216,0.123214285714286
"flapper",11,"sar_probit",1,"binary",0,0.541578342661298,0.123214285714286
"flapper",11,"sar_probit",1,"binary",0,0.557071880124678,0.123214285714286
"flapper",11,"sar_probit",1,"binary",0,0.545024455444031,0.123214285714286
"flapper",11,"sar_probit",1,"binary",0,0.575917753192405,0.123214285714286
"flapper",11,"sar_probit",1,"binary",0,0.124543735069112,0.123214285714286
"flapper",11,"sar_probit",1,"binary",1,0.152881145449701,0.123214285714286
"flapper",11,"sar_probit",1,"binary",0,0.635911148984081,0.123214285714286
"flapper",11,"sar_probit",1,"binary",0,1.75082464204446e-38,0.123214285714286
"flapper",11,"sar_probit",1,"binary",0,3.95270431293273e-41,0.123214285714286
"flapper",11,"sar_probit",1,"binary",0,2.76355002822622e-35,0.123214285714286
"flapper",11,"sar_probit",1,"binary",0,3.19559279108149e-36,0.123214285714286
"flapper",11,"sar_probit",1,"binary",0,3.12324976034989e-42,0.123214285714286
"flapper",11,"sar_probit",1,"binary",0,4.54370147756537e-20,0.123214285714286
"flapper",11,"sar_probit",1,"binary",0,1.88916718811909e-39,0.123214285714286
"flapper",11,"sar_probit",1,"binary",0,2.66109949687858e-08,0.123214285714286
"flapper",11,"sar_probit",1,"binary",0,3.13389176364128e-38,0.123214285714286
"flapper",11,"sar_probit",1,"binary",0,6.8703988259485e-23,0.123214285714286
"flapper",11,"sar_probit",1,"binary",0,3.96642234426883e-53,0.123214285714286
"flapper",11,"sar_probit",1,"binary",0,0.24780096907778,0.123214285714286
"flapper",11,"sar_probit",1,"binary",0,1.76247520262555e-39,0.123214285714286
"flapper",11,"sar_probit",1,"binary",0,1.64777445740857e-13,0.123214285714286
"flapper",11,"sar_probit",1,"binary",0,0.141137281775253,0.123214285714286
"flapper",11,"sar_probit",1,"binary",0,0.226646484206812,0.123214285714286
"flapper",11,"sar_probit",1,"binary",0,0.110191696588236,0.123214285714286
"flapper",11,"sar_probit",1,"binary",0,0.256413409873215,0.123214285714286
"flapper",11,"sar_probit",1,"binary",0,1.26152281824941e-17,0.123214285714286
"flapper",11,"sar_probit",1,"binary",0,2.07086242333919e-44,0.123214285714286
"flapper",11,"sar_probit",1,"binary",0,6.60768879083334e-42,0.123214285714286
"flapper",11,"sar_probit",1,"binary",0,1.9890640928817e-53,0.123214285714286
"flapper",11,"sar_probit",1,"binary",0,0.100429325461143,0.123214285714286
"flapper",11,"sar_probit",1,"binary",0,5.16543384106667e-18,0.123214285714286
"flapper",11,"sar_probit",1,"binary",0,9.47147107671857e-40,0.123214285714286
"flapper",11,"sar_probit",1,"binary",0,0.0528406545989419,0.123214285714286
"flapper",11,"sar_probit",1,"binary",0,0.0201278387679779,0.123214285714286
"flapper",11,"sar_probit",1,"binary",0,2.71460439817589e-39,0.123214285714286
"flapper",11,"sar_probit",1,"binary",0,1.42747785460272e-33,0.123214285714286
"flapper",11,"sar_probit",1,"binary",0,3.84467229841621e-52,0.123214285714286
"flapper",11,"sar_probit",1,"binary",0,8.96963742409198e-22,0.123214285714286
"flapper",11,"sar_probit",1,"binary",0,0.121332732464187,0.123214285714286
"flapper",11,"sar_probit",1,"binary",0,3.55704982985758e-17,0.123214285714286
"flapper",11,"sar_probit",1,"binary",0,0.136929591694379,0.123214285714286
"flapper",11,"sar_probit",1,"binary",0,2.86100099691108e-16,0.123214285714286
"flapper",11,"sar_probit",1,"binary",0,1.64986097065718e-17,0.123214285714286
"flapper",11,"sar_probit",1,"binary",0,7.66512758995232e-40,0.123214285714286
"flapper",11,"sar_probit",1,"binary",0,2.67039760662335e-35,0.123214285714286
"flapper",11,"sar_probit",1,"binary",0,0.112475835887962,0.123214285714286
"flapper",11,"sar_probit",1,"binary",0,3.59889826105485e-49,0.123214285714286
"flapper",11,"sar_probit",1,"binary",0,7.9076489400067e-44,0.123214285714286
"flapper",11,"sar_probit",1,"binary",0,3.53493419244861e-29,0.123214285714286
"flapper",11,"sar_probit",1,"binary",0,1.25719704368993e-40,0.123214285714286
"flapper",11,"sar_probit",1,"binary",0,1.23059043922367e-32,0.123214285714286
"flapper",11,"sar_probit",1,"binary",0,3.8395997958855e-70,0.123214285714286
"flapper",11,"sar_probit",1,"binary",0,0.0628743536382915,0.123214285714286
"flapper",11,"sar_probit",1,"binary",0,1.35097063942851e-57,0.123214285714286
"flapper",11,"sar_probit",1,"binary",0,0.0135447296231436,0.123214285714286
"flapper",11,"sar_probit",1,"binary",0,1.44250021160746e-19,0.123214285714286
"flapper",11,"sar_probit",1,"binary",0,1.11468270413511e-35,0.123214285714286
"flapper",11,"sar_probit",1,"binary",0,1.33684727784313e-39,0.123214285714286
"flapper",11,"sar_probit",1,"binary",0,1.40843287614093e-23,0.123214285714286
"flapper",11,"sar_probit",1,"binary",0,4.25335592406449e-41,0.123214285714286
"flapper",11,"sar_probit",1,"binary",0,0.188416623972254,0.123214285714286
"flapper",11,"sar_probit",1,"binary",0,1.36345876477397e-62,0.123214285714286
"flapper",11,"sar_probit",1,"binary",0,1.00491118847034e-48,0.123214285714286
"flapper",11,"sar_probit",1,"binary",0,0.0181273117916005,0.123214285714286
"flapper",11,"sar_probit",1,"binary",0,2.22298882529293e-21,0.123214285714286
"flapper",11,"sar_probit",1,"binary",0,6.59868683808474e-51,0.123214285714286
"flapper",11,"sar_probit",1,"binary",0,1.06462372021314e-45,0.123214285714286
"flapper",11,"sar_probit",1,"binary",0,0.0235033056980781,0.123214285714286
"flapper",11,"sar_probit",1,"binary",0,8.89699922472515e-20,0.123214285714286
"flapper",11,"sar_probit",1,"binary",0,0.0543171430334635,0.123214285714286
"flapper",11,"sar_probit",1,"binary",0,5.56448567105399e-40,0.123214285714286
"flapper",11,"sar_probit",1,"binary",0,3.18413753563127e-44,0.123214285714286
"flapper",11,"sar_probit",1,"binary",0,4.86504987499018e-16,0.123214285714286
"flapper",11,"sar_probit",1,"binary",0,0.0449178807430018,0.123214285714286
"flapper",11,"sar_probit",1,"binary",0,4.86165277183936e-40,0.123214285714286
"flapper",11,"sar_probit",1,"binary",0,0.0128169192203443,0.123214285714286
"flapper",11,"sar_probit",1,"binary",0,4.79752702376767e-18,0.123214285714286
"flapper",11,"sar_probit",1,"binary",0,2.28732299392588e-40,0.123214285714286
"flapper",11,"sar_probit",1,"binary",0,2.98289348608703e-34,0.123214285714286
"flapper",11,"sar_probit",1,"binary",0,1.88669083277939e-79,0.123214285714286
"flapper",11,"sar_probit",1,"binary",0,3.44936293254004e-40,0.123214285714286
"flapper",11,"sar_probit",1,"binary",0,0.300911078589596,0.123214285714286
"flapper",11,"sar_probit",1,"binary",0,0.0516145468464755,0.123214285714286
"flapper",11,"sar_probit",1,"binary",0,0.23778737047736,0.123214285714286
"flapper",11,"sar_probit",1,"binary",0,0.0484909648483573,0.123214285714286
"flapper",11,"sar_probit",1,"binary",0,0.0336266256274858,0.123214285714286
"flapper",11,"sar_probit",1,"binary",0,0.120177980990519,0.123214285714286
"flapper",11,"sar_probit",1,"binary",0,0.287127636242117,0.123214285714286
"flapper",11,"sar_probit",1,"binary",0,2.3811933718459e-51,0.123214285714286
"flapper",11,"sar_probit",1,"binary",0,8.44718001149718e-30,0.123214285714286
"flapper",11,"sar_probit",1,"binary",0,0.106136721602586,0.123214285714286
"flapper",11,"sar_probit",1,"binary",0,4.65806011054396e-35,0.123214285714286
"flapper",11,"sar_probit",1,"binary",0,0.190823649979704,0.123214285714286
"flapper",11,"sar_probit",1,"binary",0,0.299232572330456,0.123214285714286
"flapper",11,"sar_probit",1,"binary",0,0.29852322213355,0.123214285714286
"flapper",11,"sar_probit",1,"binary",0,6.60329900029952e-40,0.123214285714286
"flapper",11,"sar_probit",1,"binary",0,2.09768652528323e-44,0.123214285714286
"flapper",11,"sar_probit",1,"binary",0,0.325716664627954,0.123214285714286
"flapper",11,"sar_probit",1,"binary",0,0.0505078227174044,0.123214285714286
"flapper",11,"sar_probit",1,"binary",0,2.8089920752682e-35,0.123214285714286
"flapper",11,"sar_probit",1,"binary",0,0.409736554298838,0.123214285714286
"flapper",11,"sar_probit",1,"binary",0,4.51976120423585e-20,0.123214285714286
"flapper",11,"sar_probit",1,"binary",0,1.37449115940216e-23,0.123214285714286
"flapper",11,"sar_probit",1,"binary",0,0.305369287469596,0.123214285714286
"flapper",11,"sar_probit",1,"binary",0,1.94503960264884e-06,0.123214285714286
"flapper",11,"sar_probit",1,"binary",0,0.0201095594852301,0.123214285714286
"flapper",11,"sar_probit",1,"binary",0,7.27020003231701e-51,0.123214285714286
"flapper",11,"sar_probit",1,"binary",0,3.24504473876317e-40,0.123214285714286
"flapper",11,"sar_probit",1,"binary",0,0.0172088547317449,0.123214285714286
"flapper",11,"sar_probit",1,"binary",0,8.1688877272581e-13,0.123214285714286
"flapper",11,"sar_probit",1,"binary",0,7.3397628866637e-07,0.123214285714286
"flapper",11,"sar_probit",1,"binary",0,4.20799778655852e-88,0.123214285714286
"flapper",11,"sar_probit",1,"binary",0,7.11188619510368e-43,0.123214285714286
"flapper",11,"sar_probit",1,"binary",0,4.31972188408385e-19,0.123214285714286
"flapper",11,"sar_probit",1,"binary",0,3.73727203124548e-33,0.123214285714286
"flapper",11,"sar_probit",1,"binary",0,2.48310038576721e-49,0.123214285714286
"flapper",11,"sar_probit",1,"binary",0,0.136944310992942,0.123214285714286
"flapper",11,"sar_probit",1,"binary",0,5.83375323341887e-40,0.123214285714286
"flapper",11,"sar_probit",1,"binary",0,1.47115244197648e-40,0.123214285714286
"flapper",11,"sar_probit",1,"binary",0,1.40995826348807e-16,0.123214285714286
"flapper",11,"sar_probit",1,"binary",0,3.49602136853126e-58,0.123214285714286
"flapper",11,"sar_probit",2,"binary",0,0.206252723529099,0.0813148788927336
"flapper",11,"sar_probit",2,"binary",1,0.339213821436231,0.0813148788927336
"flapper",11,"sar_probit",2,"binary",0,0.25916244424438,0.0813148788927336
"flapper",11,"sar_probit",2,"binary",0,0.684617185000955,0.0813148788927336
"flapper",11,"sar_probit",2,"binary",1,0.3298810777353,0.0813148788927336
"flapper",11,"sar_probit",2,"binary",0,0.220637266282573,0.0813148788927336
"flapper",11,"sar_probit",2,"binary",0,0.522047752800974,0.0813148788927336
"flapper",11,"sar_probit",2,"binary",0,0.118091968245289,0.0813148788927336
"flapper",11,"sar_probit",2,"binary",0,0.560946863145767,0.0813148788927336
"flapper",11,"sar_probit",2,"binary",0,0.199456856638673,0.0813148788927336
"flapper",11,"sar_probit",2,"binary",0,0.374750577923293,0.0813148788927336
"flapper",11,"sar_probit",2,"binary",0,0.352690219180685,0.0813148788927336
"flapper",11,"sar_probit",2,"binary",0,0.18070115029197,0.0813148788927336
"flapper",11,"sar_probit",2,"binary",0,0.26499591669599,0.0813148788927336
"flapper",11,"sar_probit",2,"binary",0,0.35943512867825,0.0813148788927336
"flapper",11,"sar_probit",2,"binary",0,0.109125671891852,0.0813148788927336
"flapper",11,"sar_probit",2,"binary",1,0.216427352650667,0.0813148788927336
"flapper",11,"sar_probit",2,"binary",1,0.424297262217765,0.0813148788927336
"flapper",11,"sar_probit",2,"binary",0,0.162664503563321,0.0813148788927336
"flapper",11,"sar_probit",2,"binary",1,0.360624282241336,0.0813148788927336
"flapper",11,"sar_probit",2,"binary",0,0.634493996528139,0.0813148788927336
"flapper",11,"sar_probit",2,"binary",1,0.34965665440726,0.0813148788927336
"flapper",11,"sar_probit",2,"binary",1,0.539523581169193,0.0813148788927336
"flapper",11,"sar_probit",2,"binary",0,0.242915260686201,0.0813148788927336
"flapper",11,"sar_probit",2,"binary",0,0.391105969066391,0.0813148788927336
"flapper",11,"sar_probit",2,"binary",0,0.357637958478927,0.0813148788927336
"flapper",11,"sar_probit",2,"binary",0,0.281943482015631,0.0813148788927336
"flapper",11,"sar_probit",2,"binary",0,0.00405513593041703,0.0813148788927336
"flapper",11,"sar_probit",2,"binary",0,0.00386213196720803,0.0813148788927336
"flapper",11,"sar_probit",2,"binary",0,0.0303374320238486,0.0813148788927336
"flapper",11,"sar_probit",2,"binary",0,0.0655023598235191,0.0813148788927336
"flapper",11,"sar_probit",2,"binary",0,0.114729938485954,0.0813148788927336
"flapper",11,"sar_probit",2,"binary",0,0.131080240268554,0.0813148788927336
"flapper",11,"sar_probit",2,"binary",0,0.439277446887733,0.0813148788927336
"flapper",11,"sar_probit",2,"binary",0,0.203263859039718,0.0813148788927336
"flapper",11,"sar_probit",2,"binary",0,0.00397132450923754,0.0813148788927336
"flapper",11,"sar_probit",2,"binary",0,0.35377917147142,0.0813148788927336
"flapper",11,"sar_probit",2,"binary",0,0.0935609254883765,0.0813148788927336
"flapper",11,"sar_probit",2,"binary",0,0.00249167001398405,0.0813148788927336
"flapper",11,"sar_probit",2,"binary",1,0.267052330216176,0.0813148788927336
"flapper",11,"sar_probit",2,"binary",0,0.316666712730544,0.0813148788927336
"flapper",11,"sar_probit",2,"binary",0,0.115625448819717,0.0813148788927336
"flapper",11,"sar_probit",2,"binary",0,0.0685906657263035,0.0813148788927336
"flapper",11,"sar_probit",2,"binary",0,0.282197617417989,0.0813148788927336
"flapper",11,"sar_probit",2,"binary",0,0.428235973140804,0.0813148788927336
"flapper",11,"sar_probit",2,"binary",0,0.664263059029258,0.0813148788927336
"flapper",11,"sar_probit",2,"binary",0,0.423615236183907,0.0813148788927336
"flapper",11,"sar_probit",2,"binary",0,0.35269777950109,0.0813148788927336
"flapper",11,"sar_probit",2,"binary",0,0.222746385852257,0.0813148788927336
"flapper",11,"sar_probit",2,"binary",0,0.0127283445972212,0.0813148788927336
"flapper",11,"sar_probit",2,"binary",0,0.282724526118048,0.0813148788927336
"flapper",11,"sar_probit",2,"binary",0,0.352722737815145,0.0813148788927336
"flapper",11,"sar_probit",2,"binary",0,0.130941507560272,0.0813148788927336
"flapper",11,"sar_probit",2,"binary",0,0.291641767189379,0.0813148788927336
"flapper",11,"sar_probit",2,"binary",0,0.201732780276501,0.0813148788927336
"flapper",11,"sar_probit",2,"binary",0,0.283005066665712,0.0813148788927336
"flapper",11,"sar_probit",2,"binary",0,0.0598765047084336,0.0813148788927336
"flapper",11,"sar_probit",2,"binary",0,0.216192819617817,0.0813148788927336
"flapper",11,"sar_probit",2,"binary",0,0.32528944642632,0.0813148788927336
"flapper",11,"sar_probit",2,"binary",0,0.00422224410470016,0.0813148788927336
"flapper",11,"sar_probit",2,"binary",0,0.0174759865996736,0.0813148788927336
"flapper",11,"sar_probit",2,"binary",0,0.128092103874529,0.0813148788927336
"flapper",11,"sar_probit",2,"binary",0,0.449790846504208,0.0813148788927336
"flapper",11,"sar_probit",2,"binary",0,0.0616566127558618,0.0813148788927336
"flapper",11,"sar_probit",2,"binary",0,0.177271321228037,0.0813148788927336
"flapper",11,"sar_probit",2,"binary",0,0.332557368462169,0.0813148788927336
"flapper",11,"sar_probit",2,"binary",0,0.0550349262794341,0.0813148788927336
"flapper",11,"sar_probit",2,"binary",0,0.0551051990762063,0.0813148788927336
"flapper",11,"sar_probit",2,"binary",0,0.0324374745444396,0.0813148788927336
"flapper",11,"sar_probit",2,"binary",0,0.0927206197333223,0.0813148788927336
"flapper",11,"sar_probit",2,"binary",0,0.110999670573619,0.0813148788927336
"flapper",11,"sar_probit",2,"binary",1,0.291219427673118,0.0813148788927336
"flapper",11,"sar_probit",2,"binary",0,0.0278566858889853,0.0813148788927336
"flapper",11,"sar_probit",2,"binary",0,0.35907131663651,0.0813148788927336
"flapper",11,"sar_probit",2,"binary",0,0.0959016621269067,0.0813148788927336
"flapper",11,"sar_probit",2,"binary",1,0.42295152771856,0.0813148788927336
"flapper",11,"sar_probit",2,"binary",0,0.392467827092792,0.0813148788927336
"flapper",11,"sar_probit",2,"binary",1,0.281896625856914,0.0813148788927336
"flapper",11,"sar_probit",2,"binary",0,0.0117997983727499,0.0813148788927336
"flapper",11,"sar_probit",2,"binary",0,0.0571342986329044,0.0813148788927336
"flapper",11,"sar_probit",2,"binary",0,0.416543057675391,0.0813148788927336
"flapper",11,"sar_probit",2,"binary",0,0.0312012858751281,0.0813148788927336
"flapper",11,"sar_probit",2,"binary",0,0.428607984881075,0.0813148788927336
"flapper",11,"sar_probit",2,"binary",0,0.437665567111542,0.0813148788927336
"flapper",11,"sar_probit",2,"binary",0,0.0398919021115384,0.0813148788927336
"flapper",11,"sar_probit",2,"binary",0,0.106411740957945,0.0813148788927336
"flapper",11,"sar_probit",2,"binary",0,0.0275524995302021,0.0813148788927336
"flapper",11,"sar_probit",2,"binary",1,0.289810802161299,0.0813148788927336
"flapper",11,"sar_probit",2,"binary",0,0.101653273851038,0.0813148788927336
"flapper",11,"sar_probit",2,"binary",0,0.282233428776748,0.0813148788927336
"flapper",11,"sar_probit",2,"binary",0,0.0122081748825403,0.0813148788927336
"flapper",11,"sar_probit",2,"binary",0,0.416880224850215,0.0813148788927336
"flapper",11,"sar_probit",2,"binary",0,0.00864458501867315,0.0813148788927336
"flapper",11,"sar_probit",2,"binary",0,0.318353487843145,0.0813148788927336
"flapper",11,"sar_probit",2,"binary",0,0.250963432918249,0.0813148788927336
"flapper",11,"sar_probit",2,"binary",0,0.216167146855589,0.0813148788927336
"flapper",11,"sar_probit",2,"binary",0,0.233098399445941,0.0813148788927336
"flapper",11,"sar_probit",2,"binary",0,0.384079260006146,0.0813148788927336
"flapper",11,"sar_probit",2,"binary",1,0.171538929719238,0.0813148788927336
"flapper",11,"sar_probit",2,"binary",0,0.186514730238449,0.0813148788927336
"flapper",11,"sar_probit",2,"binary",0,0.180968113011665,0.0813148788927336
"flapper",11,"sar_probit",2,"binary",1,0.334188550457494,0.0813148788927336
"flapper",11,"sar_probit",2,"binary",0,0.344631179759446,0.0813148788927336
"flapper",11,"sar_probit",2,"binary",0,0.151641302798699,0.0813148788927336
"flapper",11,"sar_probit",2,"binary",1,0.517612312447512,0.0813148788927336
"flapper",11,"sar_probit",2,"binary",1,0.201403673672378,0.0813148788927336
"flapper",11,"sar_probit",2,"binary",0,0.226341476924859,0.0813148788927336
"flapper",11,"sar_probit",2,"binary",0,0.285590633673525,0.0813148788927336
"flapper",11,"sar_probit",2,"binary",0,0.551175091877563,0.0813148788927336
"flapper",11,"sar_probit",2,"binary",1,0.176541960570603,0.0813148788927336
"flapper",11,"sar_probit",2,"binary",1,0.225148236652636,0.0813148788927336
"flapper",11,"sar_probit",2,"binary",1,0.207032283104416,0.0813148788927336
"flapper",11,"sar_probit",2,"binary",0,0.466432274544577,0.0813148788927336
"flapper",11,"sar_probit",2,"binary",0,0.233473397482435,0.0813148788927336
"flapper",11,"sar_probit",2,"binary",0,0.299004806630004,0.0813148788927336
"flapper",11,"sar_probit",2,"binary",0,0.529716879251773,0.0813148788927336
"flapper",11,"sar_probit",2,"binary",1,0.300149228130845,0.0813148788927336
"flapper",11,"sar_probit",2,"binary",0,0.224508969871191,0.0813148788927336
"flapper",11,"sar_probit",2,"binary",0,0.11696012331298,0.0813148788927336
"flapper",11,"sar_probit",2,"binary",0,0.171338583547595,0.0813148788927336
"flapper",11,"sar_probit",2,"binary",1,0.196502776754428,0.0813148788927336
"flapper",11,"sar_probit",2,"binary",0,0.220688218091926,0.0813148788927336
"flapper",11,"sar_probit",2,"binary",1,0.250906583256309,0.0813148788927336
"flapper",11,"sar_probit",2,"binary",0,0.228059088524635,0.0813148788927336
"flapper",11,"sar_probit",2,"binary",0,0.202868552831124,0.0813148788927336
"flapper",11,"sar_probit",2,"binary",1,0.300698095378321,0.0813148788927336
"flapper",11,"sar_probit",2,"binary",1,0.489124029541208,0.0813148788927336
"flapper",11,"sar_probit",2,"binary",0,0.15022573180894,0.0813148788927336
"flapper",11,"sar_probit",2,"binary",1,0.214206527269233,0.0813148788927336
"flapper",11,"sar_probit",3,"binary",1,0.187126604484303,0.0715563506261181
"flapper",11,"sar_probit",3,"binary",1,0.183116792056386,0.0715563506261181
"flapper",11,"sar_probit",3,"binary",1,0.0882805919780933,0.0715563506261181
"flapper",11,"sar_probit",3,"binary",0,0.249053314758579,0.0715563506261181
"flapper",11,"sar_probit",3,"binary",1,0.137064605140565,0.0715563506261181
"flapper",11,"sar_probit",3,"binary",1,0.304239947390333,0.0715563506261181
"flapper",11,"sar_probit",3,"binary",1,0.552744747220607,0.0715563506261181
"flapper",11,"sar_probit",3,"binary",0,0.120493523822832,0.0715563506261181
"flapper",11,"sar_probit",3,"binary",0,0.139652112374587,0.0715563506261181
"flapper",11,"sar_probit",3,"binary",0,0.146070907078526,0.0715563506261181
"flapper",11,"sar_probit",3,"binary",0,0.0757372763035651,0.0715563506261181
"flapper",11,"sar_probit",3,"binary",0,0.216345591824956,0.0715563506261181
"flapper",11,"sar_probit",3,"binary",0,0.1354825874126,0.0715563506261181
"flapper",11,"sar_probit",3,"binary",1,0.216924996429699,0.0715563506261181
"flapper",11,"sar_probit",3,"binary",1,0.155563721783393,0.0715563506261181
"flapper",11,"sar_probit",3,"binary",0,0.187113045447067,0.0715563506261181
"flapper",11,"sar_probit",3,"binary",1,0.217624693593951,0.0715563506261181
"flapper",11,"sar_probit",3,"binary",1,0.171537996834541,0.0715563506261181
"flapper",11,"sar_probit",3,"binary",0,0.186881728309205,0.0715563506261181
"flapper",11,"sar_probit",3,"binary",0,0.270398555148762,0.0715563506261181
"flapper",11,"sar_probit",3,"binary",0,0.152787287741051,0.0715563506261181
"flapper",11,"sar_probit",3,"binary",0,0.305146269501617,0.0715563506261181
"flapper",11,"sar_probit",3,"binary",1,0.183791549920361,0.0715563506261181
"flapper",11,"sar_probit",3,"binary",1,0.226404070892433,0.0715563506261181
"flapper",11,"sar_probit",3,"binary",0,0.161808826895844,0.0715563506261181
"flapper",11,"sar_probit",3,"binary",0,0.0854850753363092,0.0715563506261181
"flapper",11,"sar_probit",3,"binary",0,0.151184456278666,0.0715563506261181
"flapper",11,"sar_probit",3,"binary",0,0.196195770093268,0.0715563506261181
"flapper",11,"sar_probit",3,"binary",0,0.187714749048835,0.0715563506261181
"flapper",11,"sar_probit",3,"binary",0,0.161907739544,0.0715563506261181
"flapper",11,"sar_probit",3,"binary",0,0.232617571983821,0.0715563506261181
"flapper",11,"sar_probit",3,"binary",0,0.115546262150526,0.0715563506261181
"flapper",11,"sar_probit",3,"binary",0,0.0953461740088852,0.0715563506261181
"flapper",11,"sar_probit",3,"binary",0,0.142036146895292,0.0715563506261181
"flapper",11,"sar_probit",3,"binary",0,0.126065480610495,0.0715563506261181
"flapper",11,"sar_probit",3,"binary",0,0.0685444262984542,0.0715563506261181
"flapper",11,"sar_probit",3,"binary",0,0.0909075409020714,0.0715563506261181
"flapper",11,"sar_probit",3,"binary",0,0.0338157871106431,0.0715563506261181
"flapper",11,"sar_probit",3,"binary",0,0.0781682782957007,0.0715563506261181
"flapper",11,"sar_probit",3,"binary",0,0.12626843290799,0.0715563506261181
"flapper",11,"sar_probit",3,"binary",0,0.285300027196502,0.0715563506261181
"flapper",11,"sar_probit",3,"binary",0,0.074683654080821,0.0715563506261181
"flapper",11,"sar_probit",3,"binary",0,0.127789261293752,0.0715563506261181
"flapper",11,"sar_probit",3,"binary",0,0.26348540796443,0.0715563506261181
"flapper",11,"sar_probit",3,"binary",0,0.120968782648166,0.0715563506261181
"flapper",11,"sar_probit",3,"binary",0,0.0969527263027957,0.0715563506261181
"flapper",11,"sar_probit",3,"binary",0,0.100875227331466,0.0715563506261181
"flapper",11,"sar_probit",3,"binary",0,0.110862624713369,0.0715563506261181
"flapper",11,"sar_probit",3,"binary",0,0.116233117891499,0.0715563506261181
"flapper",11,"sar_probit",3,"binary",0,0.0802016622819082,0.0715563506261181
"flapper",11,"sar_probit",3,"binary",0,0.0549330182682815,0.0715563506261181
"flapper",11,"sar_probit",3,"binary",0,0.0814251970521367,0.0715563506261181
"flapper",11,"sar_probit",3,"binary",0,0.0921452168550822,0.0715563506261181
"flapper",11,"sar_probit",3,"binary",0,0.101191615057957,0.0715563506261181
"flapper",11,"sar_probit",3,"binary",0,0.159884143287531,0.0715563506261181
"flapper",11,"sar_probit",3,"binary",0,0.274506504158102,0.0715563506261181
"flapper",11,"sar_probit",3,"binary",0,0.0565382044773239,0.0715563506261181
"flapper",11,"sar_probit",3,"binary",0,0.314811136852286,0.0715563506261181
"flapper",11,"sar_probit",3,"binary",0,0.0974825322910214,0.0715563506261181
"flapper",11,"sar_probit",3,"binary",0,0.287030458742134,0.0715563506261181
"flapper",11,"sar_probit",3,"binary",0,0.193157689315612,0.0715563506261181
"flapper",11,"sar_probit",3,"binary",0,0.225114059486974,0.0715563506261181
"flapper",11,"sar_probit",3,"binary",0,0.128422921399781,0.0715563506261181
"flapper",11,"sar_probit",3,"binary",0,0.106319328493114,0.0715563506261181
"flapper",11,"sar_probit",3,"binary",0,0.0364153323863722,0.0715563506261181
"flapper",11,"sar_probit",3,"binary",0,0.0869098122446374,0.0715563506261181
"flapper",11,"sar_probit",3,"binary",0,0.0524341100367323,0.0715563506261181
"flapper",11,"sar_probit",3,"binary",0,0.0518154407451229,0.0715563506261181
"flapper",11,"sar_probit",3,"binary",0,0.0315459224026963,0.0715563506261181
"flapper",11,"sar_probit",3,"binary",0,0.15280458677411,0.0715563506261181
"flapper",11,"sar_probit",3,"binary",0,0.104340228517857,0.0715563506261181
"flapper",11,"sar_probit",3,"binary",0,0.20307052432099,0.0715563506261181
"flapper",11,"sar_probit",3,"binary",0,0.0831853377222418,0.0715563506261181
"flapper",11,"sar_probit",3,"binary",0,0.145133138290973,0.0715563506261181
"flapper",11,"sar_probit",3,"binary",1,0.0833714894689979,0.0715563506261181
"flapper",11,"sar_probit",3,"binary",0,0.0755335407975877,0.0715563506261181
"flapper",11,"sar_probit",3,"binary",0,0.0479049238724858,0.0715563506261181
"flapper",11,"sar_probit",3,"binary",1,0.395273448696538,0.0715563506261181
"flapper",11,"sar_probit",3,"binary",0,0.074974577417313,0.0715563506261181
"flapper",11,"sar_probit",3,"binary",0,0.0780071657173015,0.0715563506261181
"flapper",11,"sar_probit",3,"binary",0,0.23831693175953,0.0715563506261181
"flapper",11,"sar_probit",3,"binary",0,0.178629473599071,0.0715563506261181
"flapper",11,"sar_probit",3,"binary",0,0.0463173711755998,0.0715563506261181
"flapper",11,"sar_probit",3,"binary",0,0.248242956649191,0.0715563506261181
"flapper",11,"sar_probit",3,"binary",0,0.0511906025570991,0.0715563506261181
"flapper",11,"sar_probit",3,"binary",0,0.291140563909348,0.0715563506261181
"flapper",11,"sar_probit",3,"binary",0,0.109921321897323,0.0715563506261181
"flapper",11,"sar_probit",3,"binary",0,0.246130754395705,0.0715563506261181
"flapper",11,"sar_probit",3,"binary",0,0.11832719187391,0.0715563506261181
"flapper",11,"sar_probit",3,"binary",0,0.052640897148418,0.0715563506261181
"flapper",11,"sar_probit",3,"binary",0,0.0513254074607589,0.0715563506261181
"flapper",11,"sar_probit",3,"binary",0,0.0327685110404003,0.0715563506261181
"flapper",11,"sar_probit",3,"binary",0,0.113230099792681,0.0715563506261181
"flapper",11,"sar_probit",3,"binary",0,0.10821219886053,0.0715563506261181
"flapper",11,"sar_probit",3,"binary",0,0.110933687005481,0.0715563506261181
"flapper",11,"sar_probit",3,"binary",0,0.232377994549236,0.0715563506261181
"flapper",11,"sar_probit",3,"binary",0,0.112416783829877,0.0715563506261181
"flapper",11,"sar_probit",3,"binary",0,0.0543439384463939,0.0715563506261181
"flapper",11,"sar_probit",3,"binary",0,0.231889125022221,0.0715563506261181
"flapper",11,"sar_probit",3,"binary",0,0.0702850523080207,0.0715563506261181
"flapper",11,"sar_probit",3,"binary",0,0.0613433912674928,0.0715563506261181
"flapper",11,"sar_probit",3,"binary",0,0.268156791683854,0.0715563506261181
"flapper",11,"sar_probit",3,"binary",0,0.0871642127648186,0.0715563506261181
"flapper",11,"sar_probit",3,"binary",0,0.124259022699076,0.0715563506261181
"flapper",11,"sar_probit",3,"binary",0,0.0940713769371855,0.0715563506261181
"flapper",11,"sar_probit",3,"binary",0,0.0830529611948586,0.0715563506261181
"flapper",11,"sar_probit",3,"binary",0,0.115443489873613,0.0715563506261181
"flapper",11,"sar_probit",3,"binary",1,0.287704237352567,0.0715563506261181
"flapper",11,"sar_probit",3,"binary",0,0.189634150527993,0.0715563506261181
"flapper",11,"sar_probit",3,"binary",1,0.169517618674093,0.0715563506261181
"flapper",11,"sar_probit",3,"binary",0,0.108842042596053,0.0715563506261181
"flapper",11,"sar_probit",3,"binary",0,0.038071922926773,0.0715563506261181
"flapper",11,"sar_probit",3,"binary",1,0.185560153222437,0.0715563506261181
"flapper",11,"sar_probit",3,"binary",1,0.278386080547911,0.0715563506261181
"flapper",11,"sar_probit",3,"binary",0,0.13917951897942,0.0715563506261181
"flapper",11,"sar_probit",3,"binary",0,0.276013921368021,0.0715563506261181
"flapper",11,"sar_probit",3,"binary",0,0.132118580359771,0.0715563506261181
"flapper",11,"sar_probit",3,"binary",1,0.54633406462934,0.0715563506261181
"flapper",11,"sar_probit",3,"binary",1,0.284257998362888,0.0715563506261181
"flapper",11,"sar_probit",3,"binary",0,0.243998263560638,0.0715563506261181
"flapper",11,"sar_probit",3,"binary",1,0.114526002239228,0.0715563506261181
"flapper",11,"sar_probit",3,"binary",0,0.101283253271445,0.0715563506261181
"flapper",11,"sar_probit",3,"binary",0,0.177004900999774,0.0715563506261181
"flapper",11,"sar_probit",3,"binary",1,0.334749503207051,0.0715563506261181
"flapper",11,"sar_probit",3,"binary",0,0.129732520580458,0.0715563506261181
"flapper",11,"sar_probit",3,"binary",0,0.122873458815605,0.0715563506261181
"flapper",11,"sar_probit",3,"binary",1,0.206939106661917,0.0715563506261181
"flapper",11,"sar_probit",3,"binary",1,0.277279626756946,0.0715563506261181
"flapper",11,"sar_probit",3,"binary",0,0.202508136271826,0.0715563506261181
"flapper",11,"sar_probit",3,"binary",1,0.217603124412793,0.0715563506261181
"flapper",11,"sar_probit",3,"binary",0,0.04717011156142,0.0715563506261181
"flapper",11,"sar_probit",3,"binary",1,0.261993516023367,0.0715563506261181
"flapper",11,"sar_probit",3,"binary",1,0.161592894128122,0.0715563506261181
"flapper",11,"sar_probit",3,"binary",0,0.327562792114922,0.0715563506261181
"flapper",11,"sar_probit",3,"binary",1,0.093418338648059,0.0715563506261181
"flapper",11,"sar_probit",3,"binary",0,0.422130435650522,0.0715563506261181
"flapper",11,"sar_probit",3,"binary",0,0.200771996712971,0.0715563506261181
"flapper",11,"sar_probit",3,"binary",0,0.199021680692459,0.0715563506261181
"flapper",11,"sar_probit",3,"binary",1,0.202407600230351,0.0715563506261181
"flapper",11,"sar_probit",3,"binary",0,0.148652721766938,0.0715563506261181
"flapper",11,"sar_probit",3,"binary",0,0.162667224342008,0.0715563506261181
"flapper",11,"sar_probit",3,"binary",0,0.113511627125857,0.0715563506261181
"flapper",11,"sar_probit",3,"binary",0,0.166010842173481,0.0715563506261181
"flapper",11,"sar_probit",3,"binary",1,0.318026107201451,0.0715563506261181
"flapper",11,"sar_probit",3,"binary",0,0.160987176250335,0.0715563506261181
"flapper",11,"sar_probit",3,"binary",1,0.376202907617517,0.0715563506261181
"flapper",11,"sar_probit",3,"binary",1,0.124919539083642,0.0715563506261181
"flapper",11,"sar_probit",3,"binary",0,0.112508402586873,0.0715563506261181
"flapper",11,"sar_probit",4,"binary",0,0.217941343918233,0.10873440285205
"flapper",11,"sar_probit",4,"binary",0,0.184539658328275,0.10873440285205
"flapper",11,"sar_probit",4,"binary",1,0.167731089666499,0.10873440285205
"flapper",11,"sar_probit",4,"binary",0,0.848811792631211,0.10873440285205
"flapper",11,"sar_probit",4,"binary",0,0.0914392366629451,0.10873440285205
"flapper",11,"sar_probit",4,"binary",0,0.0235702210602162,0.10873440285205
"flapper",11,"sar_probit",4,"binary",0,0.175734121996589,0.10873440285205
"flapper",11,"sar_probit",4,"binary",0,0.0679814487162612,0.10873440285205
"flapper",11,"sar_probit",4,"binary",1,0.280079323870456,0.10873440285205
"flapper",11,"sar_probit",4,"binary",0,0.0227811082033732,0.10873440285205
"flapper",11,"sar_probit",4,"binary",0,0.0218313628822894,0.10873440285205
"flapper",11,"sar_probit",4,"binary",1,0.193015224586343,0.10873440285205
"flapper",11,"sar_probit",4,"binary",1,0.0942286216722647,0.10873440285205
"flapper",11,"sar_probit",4,"binary",0,0.0218288447594585,0.10873440285205
"flapper",11,"sar_probit",4,"binary",0,0.0217764380309124,0.10873440285205
"flapper",11,"sar_probit",4,"binary",0,0.112820672080594,0.10873440285205
"flapper",11,"sar_probit",4,"binary",0,0.129045732005609,0.10873440285205
"flapper",11,"sar_probit",4,"binary",0,0.206774956734143,0.10873440285205
"flapper",11,"sar_probit",4,"binary",0,0.124699397470872,0.10873440285205
"flapper",11,"sar_probit",4,"binary",0,0.00250191071226238,0.10873440285205
"flapper",11,"sar_probit",4,"binary",0,0.00526485721359116,0.10873440285205
"flapper",11,"sar_probit",4,"binary",0,0.00626367503656249,0.10873440285205
"flapper",11,"sar_probit",4,"binary",0,0.211184904360591,0.10873440285205
"flapper",11,"sar_probit",4,"binary",0,0.00925196157082594,0.10873440285205
"flapper",11,"sar_probit",4,"binary",0,1.00179834156028e-05,0.10873440285205
"flapper",11,"sar_probit",4,"binary",0,0.00750398470134557,0.10873440285205
"flapper",11,"sar_probit",4,"binary",0,0.00500215785522658,0.10873440285205
"flapper",11,"sar_probit",4,"binary",0,0.0223399548072858,0.10873440285205
"flapper",11,"sar_probit",4,"binary",0,0.0709224334170109,0.10873440285205
"flapper",11,"sar_probit",4,"binary",0,0.0377684546044695,0.10873440285205
"flapper",11,"sar_probit",4,"binary",0,0.608007880342442,0.10873440285205
"flapper",11,"sar_probit",4,"binary",0,0.0151632886674355,0.10873440285205
"flapper",11,"sar_probit",4,"binary",0,0.519757996464259,0.10873440285205
"flapper",11,"sar_probit",4,"binary",0,0.00305757508218787,0.10873440285205
"flapper",11,"sar_probit",4,"binary",0,0.150091581961108,0.10873440285205
"flapper",11,"sar_probit",4,"binary",1,0.0254320020618256,0.10873440285205
"flapper",11,"sar_probit",4,"binary",0,0.181312476464931,0.10873440285205
"flapper",11,"sar_probit",4,"binary",0,0.187711110603852,0.10873440285205
"flapper",11,"sar_probit",4,"binary",0,0.128560781436488,0.10873440285205
"flapper",11,"sar_probit",4,"binary",1,0.0270812015128635,0.10873440285205
"flapper",11,"sar_probit",4,"binary",0,0.128391414410922,0.10873440285205
"flapper",11,"sar_probit",4,"binary",0,0.167459000285416,0.10873440285205
"flapper",11,"sar_probit",4,"binary",0,0.358706339568184,0.10873440285205
"flapper",11,"sar_probit",4,"binary",1,0.124685194406849,0.10873440285205
"flapper",11,"sar_probit",4,"binary",1,0.00626715530819024,0.10873440285205
"flapper",11,"sar_probit",4,"binary",0,0.0151627189223599,0.10873440285205
"flapper",11,"sar_probit",4,"binary",0,0.0196996930905226,0.10873440285205
"flapper",11,"sar_probit",4,"binary",0,0.00154203413215965,0.10873440285205
"flapper",11,"sar_probit",4,"binary",0,0.0286705320838377,0.10873440285205
"flapper",11,"sar_probit",4,"binary",0,0.0391237515768861,0.10873440285205
"flapper",11,"sar_probit",4,"binary",0,0.0151622188306626,0.10873440285205
"flapper",11,"sar_probit",4,"binary",0,0.014247580185387,0.10873440285205
"flapper",11,"sar_probit",4,"binary",1,0.0612479970152304,0.10873440285205
"flapper",11,"sar_probit",4,"binary",0,0.00403015165367489,0.10873440285205
"flapper",11,"sar_probit",4,"binary",0,0.00848850019338302,0.10873440285205
"flapper",11,"sar_probit",4,"binary",1,0.143790957878204,0.10873440285205
"flapper",11,"sar_probit",4,"binary",1,0.150126763882987,0.10873440285205
"flapper",11,"sar_probit",4,"binary",0,0.046069073249862,0.10873440285205
"flapper",11,"sar_probit",4,"binary",0,0.132828897125743,0.10873440285205
"flapper",11,"sar_probit",4,"binary",0,0.201843694947375,0.10873440285205
"flapper",11,"sar_probit",4,"binary",0,0.0146259247757629,0.10873440285205
"flapper",11,"sar_probit",4,"binary",0,1.52618385025218e-07,0.10873440285205
"flapper",11,"sar_probit",4,"binary",0,3.18020433160612e-07,0.10873440285205
"flapper",11,"sar_probit",4,"binary",0,1.57302557233501e-07,0.10873440285205
"flapper",11,"sar_probit",4,"binary",0,2.20571792554951e-09,0.10873440285205
"flapper",11,"sar_probit",4,"binary",0,0.0686542747374115,0.10873440285205
"flapper",11,"sar_probit",4,"binary",0,1.74941058781597e-15,0.10873440285205
"flapper",11,"sar_probit",4,"binary",0,7.09978817969629e-10,0.10873440285205
"flapper",11,"sar_probit",4,"binary",0,1.537667870748e-07,0.10873440285205
"flapper",11,"sar_probit",4,"binary",0,6.70346534581156e-06,0.10873440285205
"flapper",11,"sar_probit",4,"binary",0,0.0290481326160051,0.10873440285205
"flapper",11,"sar_probit",4,"binary",0,0.0709700501531858,0.10873440285205
"flapper",11,"sar_probit",4,"binary",0,2.09089376743625e-05,0.10873440285205
"flapper",11,"sar_probit",4,"binary",0,2.55751549602306e-06,0.10873440285205
"flapper",11,"sar_probit",4,"binary",0,1.29692160934039e-05,0.10873440285205
"flapper",11,"sar_probit",4,"binary",0,0.000351329565613192,0.10873440285205
"flapper",11,"sar_probit",4,"binary",0,1.23461761968084e-12,0.10873440285205
"flapper",11,"sar_probit",4,"binary",0,2.68899012498969e-10,0.10873440285205
"flapper",11,"sar_probit",4,"binary",0,1.75757949442255e-09,0.10873440285205
"flapper",11,"sar_probit",4,"binary",0,1.2916214953688e-06,0.10873440285205
"flapper",11,"sar_probit",4,"binary",0,2.46182353474133e-06,0.10873440285205
"flapper",11,"sar_probit",4,"binary",0,7.64819909240124e-09,0.10873440285205
"flapper",11,"sar_probit",4,"binary",0,1.42291739908023e-15,0.10873440285205
"flapper",11,"sar_probit",4,"binary",0,4.42593811499633e-08,0.10873440285205
"flapper",11,"sar_probit",4,"binary",0,1.55229957007268e-16,0.10873440285205
"flapper",11,"sar_probit",4,"binary",0,1.22945213155551e-07,0.10873440285205
"flapper",11,"sar_probit",4,"binary",0,9.44499664868977e-11,0.10873440285205
"flapper",11,"sar_probit",4,"binary",0,0.0685072642643578,0.10873440285205
"flapper",11,"sar_probit",4,"binary",0,1.96984058017249e-05,0.10873440285205
"flapper",11,"sar_probit",4,"binary",0,0.00190255797093383,0.10873440285205
"flapper",11,"sar_probit",4,"binary",0,2.13132309679982e-11,0.10873440285205
"flapper",11,"sar_probit",4,"binary",0,4.27758909407093e-11,0.10873440285205
"flapper",11,"sar_probit",4,"binary",0,0.0185985152973971,0.10873440285205
"flapper",11,"sar_probit",4,"binary",0,1.31197009146667e-06,0.10873440285205
"flapper",11,"sar_probit",4,"binary",0,3.44127300692293e-11,0.10873440285205
"flapper",11,"sar_probit",4,"binary",0,1.47885201953678e-10,0.10873440285205
"flapper",11,"sar_probit",4,"binary",0,1.79756827336841e-09,0.10873440285205
"flapper",11,"sar_probit",4,"binary",0,0.0649449973564812,0.10873440285205
"flapper",11,"sar_probit",4,"binary",0,0.0071907083633282,0.10873440285205
"flapper",11,"sar_probit",4,"binary",0,4.24048105355465e-11,0.10873440285205
"flapper",11,"sar_probit",4,"binary",0,7.32260219593284e-08,0.10873440285205
"flapper",11,"sar_probit",4,"binary",0,0.000190608168329229,0.10873440285205
"flapper",11,"sar_probit",4,"binary",0,2.33712431529582e-12,0.10873440285205
"flapper",11,"sar_probit",4,"binary",0,1.32093250063345e-07,0.10873440285205
"flapper",11,"sar_probit",4,"binary",0,2.87415863212917e-08,0.10873440285205
"flapper",11,"sar_probit",4,"binary",0,4.15232029248833e-13,0.10873440285205
"flapper",11,"sar_probit",4,"binary",0,1.24853910784059e-07,0.10873440285205
"flapper",11,"sar_probit",4,"binary",0,1.72770847503713e-08,0.10873440285205
"flapper",11,"sar_probit",4,"binary",0,0.00462099601299227,0.10873440285205
"flapper",11,"sar_probit",4,"binary",0,0.0158126928609053,0.10873440285205
"flapper",11,"sar_probit",4,"binary",0,1.63839084401882e-06,0.10873440285205
"flapper",11,"sar_probit",4,"binary",0,0.0278003516427311,0.10873440285205
"flapper",11,"sar_probit",4,"binary",0,2.99937366449712e-08,0.10873440285205
"flapper",11,"sar_probit",4,"binary",0,1.41026766917909e-16,0.10873440285205
"flapper",11,"sar_probit",4,"binary",0,1.23095534477621e-05,0.10873440285205
"flapper",11,"sar_probit",4,"binary",0,1.21583630421067e-05,0.10873440285205
"flapper",11,"sar_probit",4,"binary",0,4.55513457847257e-05,0.10873440285205
"flapper",11,"sar_probit",4,"binary",0,5.29897555420995e-11,0.10873440285205
"flapper",11,"sar_probit",4,"binary",0,7.79955799464096e-07,0.10873440285205
"flapper",11,"sar_probit",4,"binary",0,1.97420355240558e-07,0.10873440285205
"flapper",11,"sar_probit",4,"binary",0,0.000882302046054475,0.10873440285205
"flapper",11,"sar_probit",4,"binary",0,2.78875361419847e-11,0.10873440285205
"flapper",11,"sar_probit",4,"binary",0,0.0335213155822029,0.10873440285205
"flapper",11,"sar_probit",4,"binary",0,8.37555621934198e-13,0.10873440285205
"flapper",11,"sar_probit",4,"binary",0,3.129098995527e-07,0.10873440285205
"flapper",11,"sar_probit",4,"binary",0,4.64891884198404e-05,0.10873440285205
"flapper",11,"sar_probit",4,"binary",0,1.90309748191429e-05,0.10873440285205
"flapper",11,"sar_probit",4,"binary",0,1.29794637116971e-15,0.10873440285205
"flapper",11,"sar_probit",4,"binary",0,1.17857975280571e-07,0.10873440285205
"flapper",11,"sar_probit",4,"binary",0,5.38171560525845e-15,0.10873440285205
"flapper",11,"sar_probit",4,"binary",0,3.54512374918865e-08,0.10873440285205
"flapper",11,"sar_probit",4,"binary",0,2.1547842796202e-05,0.10873440285205
"flapper",11,"sar_probit",4,"binary",0,1.65282579931279e-09,0.10873440285205
"flapper",11,"sar_probit",4,"binary",0,0.00258880032157497,0.10873440285205
"flapper",11,"sar_probit",4,"binary",0,0.175758521787867,0.10873440285205
"flapper",11,"sar_probit",4,"binary",0,1.46724520405223e-16,0.10873440285205
"flapper",11,"sar_probit",4,"binary",0,0.020966574347707,0.10873440285205
"flapper",11,"sar_probit",4,"binary",0,0.0274083014659846,0.10873440285205
"flapper",11,"sar_probit",4,"binary",0,8.29913359474131e-08,0.10873440285205
"flapper",11,"sar_probit",4,"binary",0,8.1717135222344e-09,0.10873440285205
"flapper",11,"sar_probit",4,"binary",0,0.430716149830003,0.10873440285205
"flapper",11,"sar_probit",4,"binary",0,8.05834585157907e-08,0.10873440285205
"flapper",11,"sar_probit",4,"binary",0,0.000361438781708329,0.10873440285205
"flapper",11,"sar_probit",4,"binary",0,3.52233557634595e-10,0.10873440285205
"flapper",11,"sar_probit",4,"binary",0,3.74983941410175e-07,0.10873440285205
"flapper",11,"sar_probit",4,"binary",0,4.69395422339833e-13,0.10873440285205
"flapper",11,"sar_probit",5,"binary",0,0.115246736087654,0.124561403508772
"flapper",11,"sar_probit",5,"binary",0,9.68893931329991e-13,0.124561403508772
"flapper",11,"sar_probit",5,"binary",0,6.28832599227969e-19,0.124561403508772
"flapper",11,"sar_probit",5,"binary",0,0.0017251443454769,0.124561403508772
"flapper",11,"sar_probit",5,"binary",0,1.42491830463018e-05,0.124561403508772
"flapper",11,"sar_probit",5,"binary",0,0.000115946347775483,0.124561403508772
"flapper",11,"sar_probit",5,"binary",0,6.79226402042237e-07,0.124561403508772
"flapper",11,"sar_probit",5,"binary",0,0.0763158490504078,0.124561403508772
"flapper",11,"sar_probit",5,"binary",0,0.000143374307651864,0.124561403508772
"flapper",11,"sar_probit",5,"binary",0,0.000744411457594428,0.124561403508772
"flapper",11,"sar_probit",5,"binary",0,1.89378740490686e-06,0.124561403508772
"flapper",11,"sar_probit",5,"binary",0,1.89306391186717e-13,0.124561403508772
"flapper",11,"sar_probit",5,"binary",0,0.00118937885672926,0.124561403508772
"flapper",11,"sar_probit",5,"binary",0,0.0188736809052771,0.124561403508772
"flapper",11,"sar_probit",5,"binary",0,1.06083903111659e-06,0.124561403508772
"flapper",11,"sar_probit",5,"binary",0,2.18034225286303e-11,0.124561403508772
"flapper",11,"sar_probit",5,"binary",0,0.544592399209134,0.124561403508772
"flapper",11,"sar_probit",5,"binary",0,0.00278998271378286,0.124561403508772
"flapper",11,"sar_probit",5,"binary",0,7.86968927326007e-10,0.124561403508772
"flapper",11,"sar_probit",5,"binary",0,0.000176247292701781,0.124561403508772
"flapper",11,"sar_probit",5,"binary",0,2.16129776316628e-19,0.124561403508772
"flapper",11,"sar_probit",5,"binary",0,2.84799326411206e-07,0.124561403508772
"flapper",11,"sar_probit",5,"binary",0,0.000131979489369979,0.124561403508772
"flapper",11,"sar_probit",5,"binary",0,9.27439660040155e-09,0.124561403508772
"flapper",11,"sar_probit",5,"binary",0,0.000794529042281832,0.124561403508772
"flapper",11,"sar_probit",5,"binary",0,0.0586782741434923,0.124561403508772
"flapper",11,"sar_probit",5,"binary",0,0.169261560693823,0.124561403508772
"flapper",11,"sar_probit",5,"binary",0,0.000650465979135128,0.124561403508772
"flapper",11,"sar_probit",5,"binary",0,0.0242614051143806,0.124561403508772
"flapper",11,"sar_probit",5,"binary",0,0.0614253519552897,0.124561403508772
"flapper",11,"sar_probit",5,"binary",0,0.0650446842660623,0.124561403508772
"flapper",11,"sar_probit",5,"binary",0,0.326191988253869,0.124561403508772
"flapper",11,"sar_probit",5,"binary",0,0.0412446070124995,0.124561403508772
"flapper",11,"sar_probit",5,"binary",0,0.0639902104641641,0.124561403508772
"flapper",11,"sar_probit",5,"binary",0,8.33681716263895e-15,0.124561403508772
"flapper",11,"sar_probit",5,"binary",0,5.10074233267984e-05,0.124561403508772
"flapper",11,"sar_probit",5,"binary",0,0.0412330122981038,0.124561403508772
"flapper",11,"sar_probit",5,"binary",0,1.81457500220624e-08,0.124561403508772
"flapper",11,"sar_probit",5,"binary",0,1.19302615778166e-05,0.124561403508772
"flapper",11,"sar_probit",5,"binary",0,0.000777580873848729,0.124561403508772
"flapper",11,"sar_probit",5,"binary",0,0.0884183633590656,0.124561403508772
"flapper",11,"sar_probit",5,"binary",0,0.0736649460481404,0.124561403508772
"flapper",11,"sar_probit",5,"binary",0,0.00140797869143855,0.124561403508772
"flapper",11,"sar_probit",5,"binary",0,0.00476514606412351,0.124561403508772
"flapper",11,"sar_probit",5,"binary",0,4.01369243226889e-10,0.124561403508772
"flapper",11,"sar_probit",5,"binary",0,0.00585599607116296,0.124561403508772
"flapper",11,"sar_probit",5,"binary",0,4.41834962472034e-16,0.124561403508772
"flapper",11,"sar_probit",5,"binary",0,0.0347342810940417,0.124561403508772
"flapper",11,"sar_probit",5,"binary",0,6.17617299903993e-10,0.124561403508772
"flapper",11,"sar_probit",5,"binary",0,2.79840039605484e-14,0.124561403508772
"flapper",11,"sar_probit",5,"binary",0,5.79841293831932e-11,0.124561403508772
"flapper",11,"sar_probit",5,"binary",0,0.0354187995469233,0.124561403508772
"flapper",11,"sar_probit",5,"binary",0,1.81397417375167e-14,0.124561403508772
"flapper",11,"sar_probit",5,"binary",0,0.000678818213897676,0.124561403508772
"flapper",11,"sar_probit",5,"binary",0,6.34177394592007e-11,0.124561403508772
"flapper",11,"sar_probit",5,"binary",0,0.0460765967618258,0.124561403508772
"flapper",11,"sar_probit",5,"binary",0,0.0715749092845513,0.124561403508772
"flapper",11,"sar_probit",5,"binary",0,0.0658951483209464,0.124561403508772
"flapper",11,"sar_probit",5,"binary",0,0.0147287640780828,0.124561403508772
"flapper",11,"sar_probit",5,"binary",0,0.452855321584375,0.124561403508772
"flapper",11,"sar_probit",5,"binary",0,0.079040860024437,0.124561403508772
"flapper",11,"sar_probit",5,"binary",0,0.0328161218706152,0.124561403508772
"flapper",11,"sar_probit",5,"binary",0,0.000365810673466603,0.124561403508772
"flapper",11,"sar_probit",5,"binary",0,1.3213718251683e-14,0.124561403508772
"flapper",11,"sar_probit",5,"binary",0,0.00563309006198805,0.124561403508772
"flapper",11,"sar_probit",5,"binary",0,0.0486902454105186,0.124561403508772
"flapper",11,"sar_probit",5,"binary",0,9.97799809981638e-06,0.124561403508772
"flapper",11,"sar_probit",5,"binary",0,6.79615477408949e-05,0.124561403508772
"flapper",11,"sar_probit",5,"binary",0,1.89945437916341e-18,0.124561403508772
"flapper",11,"sar_probit",5,"binary",0,1.38990549278204e-06,0.124561403508772
"flapper",11,"sar_probit",5,"binary",0,0.00026440036827141,0.124561403508772
"flapper",11,"sar_probit",5,"binary",0,0.0108331627082855,0.124561403508772
"flapper",11,"sar_probit",5,"binary",0,1.43107504350802e-05,0.124561403508772
"flapper",11,"sar_probit",5,"binary",0,0.000855694833865108,0.124561403508772
"flapper",11,"sar_probit",5,"binary",1,0.060824013350078,0.124561403508772
"flapper",11,"sar_probit",5,"binary",0,0.00305948166384953,0.124561403508772
"flapper",11,"sar_probit",5,"binary",0,8.06203800395896e-06,0.124561403508772
"flapper",11,"sar_probit",5,"binary",0,0.0703042478254771,0.124561403508772
"flapper",11,"sar_probit",5,"binary",0,5.46585552918835e-05,0.124561403508772
"flapper",11,"sar_probit",5,"binary",0,0.00629044909387633,0.124561403508772
"flapper",11,"sar_probit",5,"binary",0,2.96855144191039e-08,0.124561403508772
"flapper",11,"sar_probit",5,"binary",0,2.89889506292495e-14,0.124561403508772
"flapper",11,"sar_probit",5,"binary",0,0.0225897080207919,0.124561403508772
"flapper",11,"sar_probit",5,"binary",0,1.45868286418817e-05,0.124561403508772
"flapper",11,"sar_probit",5,"binary",0,0.0415883754888907,0.124561403508772
"flapper",11,"sar_probit",5,"binary",0,3.71381097257294e-06,0.124561403508772
"flapper",11,"sar_probit",5,"binary",0,0.0376639632546754,0.124561403508772
"flapper",11,"sar_probit",5,"binary",0,0.00168985509437009,0.124561403508772
"flapper",11,"sar_probit",5,"binary",0,0.000775954047613882,0.124561403508772
"flapper",11,"sar_probit",5,"binary",0,1.04448956665171e-14,0.124561403508772
"flapper",11,"sar_probit",5,"binary",0,0.00315980893413563,0.124561403508772
"flapper",11,"sar_probit",5,"binary",0,5.78898497489695e-11,0.124561403508772
"flapper",11,"sar_probit",5,"binary",0,4.85791799465319e-06,0.124561403508772
"flapper",11,"sar_probit",5,"binary",0,0.000157999199645003,0.124561403508772
"flapper",11,"sar_probit",5,"binary",0,0.0752881776710097,0.124561403508772
"flapper",11,"sar_probit",5,"binary",0,0.0595144405551412,0.124561403508772
"flapper",11,"sar_probit",5,"binary",0,0.000777132198568382,0.124561403508772
"flapper",11,"sar_probit",5,"binary",0,0.158762164905283,0.124561403508772
"flapper",11,"sar_probit",5,"binary",0,4.60870910143056e-09,0.124561403508772
"flapper",11,"sar_probit",5,"binary",0,0.0558387992666486,0.124561403508772
"flapper",11,"sar_probit",5,"binary",0,0.0404652940121449,0.124561403508772
"flapper",11,"sar_probit",5,"binary",0,1.36052361291829e-08,0.124561403508772
"flapper",11,"sar_probit",5,"binary",0,0.387514277576653,0.124561403508772
"flapper",11,"sar_probit",5,"binary",0,0.558867980704575,0.124561403508772
"flapper",11,"sar_probit",5,"binary",0,0.000367009570855199,0.124561403508772
"flapper",11,"sar_probit",5,"binary",0,1.96602621729033e-07,0.124561403508772
"flapper",11,"sar_probit",5,"binary",0,0.00168420258774961,0.124561403508772
"flapper",11,"sar_probit",5,"binary",0,3.50620210285293e-05,0.124561403508772
"flapper",11,"sar_probit",5,"binary",0,1.46793898061712e-12,0.124561403508772
"flapper",11,"sar_probit",5,"binary",0,0.0240415049181469,0.124561403508772
"flapper",11,"sar_probit",5,"binary",0,0.320601244071985,0.124561403508772
"flapper",11,"sar_probit",5,"binary",0,0.00337951408477043,0.124561403508772
"flapper",11,"sar_probit",5,"binary",0,0.0181794653837961,0.124561403508772
"flapper",11,"sar_probit",5,"binary",0,0.00314472015634656,0.124561403508772
"flapper",11,"sar_probit",5,"binary",0,0.00290390648598715,0.124561403508772
"flapper",11,"sar_probit",5,"binary",0,0.000585516526147454,0.124561403508772
"flapper",11,"sar_probit",5,"binary",0,1.50892397193594e-13,0.124561403508772
"flapper",11,"sar_probit",5,"binary",0,4.36876843767877e-06,0.124561403508772
"flapper",11,"sar_probit",5,"binary",0,0.153353508630359,0.124561403508772
"flapper",11,"sar_probit",5,"binary",0,0.396322270615516,0.124561403508772
"flapper",11,"sar_probit",5,"binary",0,0.0115200000728371,0.124561403508772
"flapper",11,"sar_probit",5,"binary",0,0.00142991367062491,0.124561403508772
"flapper",11,"sar_probit",5,"binary",0,8.96877915313934e-11,0.124561403508772
"flapper",11,"sar_probit",5,"binary",0,1.2155706761807e-09,0.124561403508772
"flapper",11,"sar_probit",5,"binary",0,0.0457284371504943,0.124561403508772
"flapper",11,"sar_probit",5,"binary",0,5.01300926994416e-11,0.124561403508772
"flapper",11,"sar_probit",5,"binary",0,1.32830720319049e-18,0.124561403508772
"flapper",11,"sar_probit",5,"binary",0,0.000832148613929358,0.124561403508772
"flapper",11,"sar_probit",5,"binary",0,0.0109880127686405,0.124561403508772
"flapper",11,"sar_probit",5,"binary",0,2.17105321732091e-09,0.124561403508772
"flapper",11,"sar_probit",5,"binary",0,0.0667670072344148,0.124561403508772
"flapper",11,"sar_probit",5,"binary",0,0.00220904078344748,0.124561403508772
"flapper",11,"sar_probit",5,"binary",0,0.00901176170385163,0.124561403508772
"flapper",11,"sar_probit",5,"binary",0,1.83178460600602e-10,0.124561403508772
"flapper",11,"sar_probit",5,"binary",0,0.0243937613926151,0.124561403508772
"flapper",11,"sar_probit",5,"binary",0,0.0720424391063601,0.124561403508772
"flapper",11,"sar_probit",5,"binary",0,5.68076534282419e-06,0.124561403508772
"flapper",11,"sem_probit",1,"binary",0,0.128095675209631,0.123214285714286
"flapper",11,"sem_probit",1,"binary",0,0.00791998959197413,0.123214285714286
"flapper",11,"sem_probit",1,"binary",0,0.418784942331138,0.123214285714286
"flapper",11,"sem_probit",1,"binary",0,0.000684875957930778,0.123214285714286
"flapper",11,"sem_probit",1,"binary",0,0.007660952776114,0.123214285714286
"flapper",11,"sem_probit",1,"binary",0,0.000261177129845033,0.123214285714286
"flapper",11,"sem_probit",1,"binary",0,0.184912760597368,0.123214285714286
"flapper",11,"sem_probit",1,"binary",1,0.0109171471463836,0.123214285714286
"flapper",11,"sem_probit",1,"binary",0,0.451286273579864,0.123214285714286
"flapper",11,"sem_probit",1,"binary",0,0.000706193159839808,0.123214285714286
"flapper",11,"sem_probit",1,"binary",0,0.389724495769166,0.123214285714286
"flapper",11,"sem_probit",1,"binary",0,0.371509409249754,0.123214285714286
"flapper",11,"sem_probit",1,"binary",0,0.242990695660562,0.123214285714286
"flapper",11,"sem_probit",1,"binary",0,0.280285845392828,0.123214285714286
"flapper",11,"sem_probit",1,"binary",0,0.282522807433749,0.123214285714286
"flapper",11,"sem_probit",1,"binary",0,0.140456644770027,0.123214285714286
"flapper",11,"sem_probit",1,"binary",0,0.04096129642403,0.123214285714286
"flapper",11,"sem_probit",1,"binary",0,0.201733902782428,0.123214285714286
"flapper",11,"sem_probit",1,"binary",0,0.282522807433749,0.123214285714286
"flapper",11,"sem_probit",1,"binary",0,0.423375974792595,0.123214285714286
"flapper",11,"sem_probit",1,"binary",0,0.242990695660562,0.123214285714286
"flapper",11,"sem_probit",1,"binary",0,0.394277092595863,0.123214285714286
"flapper",11,"sem_probit",1,"binary",0,0.100969250024967,0.123214285714286
"flapper",11,"sem_probit",1,"binary",0,0.317775944720659,0.123214285714286
"flapper",11,"sem_probit",1,"binary",0,0.41145832563273,0.123214285714286
"flapper",11,"sem_probit",1,"binary",1,0.429951094749731,0.123214285714286
"flapper",11,"sem_probit",1,"binary",0,0.418938705299775,0.123214285714286
"flapper",11,"sem_probit",1,"binary",0,0.449993195465851,0.123214285714286
"flapper",11,"sem_probit",1,"binary",0,0.420555486416013,0.123214285714286
"flapper",11,"sem_probit",1,"binary",0,0.423375974792595,0.123214285714286
"flapper",11,"sem_probit",1,"binary",0,0.0462209362407098,0.123214285714286
"flapper",11,"sem_probit",1,"binary",1,0.0700347198159967,0.123214285714286
"flapper",11,"sem_probit",1,"binary",0,0.463845633639159,0.123214285714286
"flapper",11,"sem_probit",1,"binary",0,6.55462215262791e-22,0.123214285714286
"flapper",11,"sem_probit",1,"binary",0,1.93680391692048e-24,0.123214285714286
"flapper",11,"sem_probit",1,"binary",0,5.27819526680612e-24,0.123214285714286
"flapper",11,"sem_probit",1,"binary",0,1.42549895786536e-40,0.123214285714286
"flapper",11,"sem_probit",1,"binary",0,1.14517213431951e-33,0.123214285714286
"flapper",11,"sem_probit",1,"binary",0,2.25572808626373e-06,0.123214285714286
"flapper",11,"sem_probit",1,"binary",0,4.27563453356621e-23,0.123214285714286
"flapper",11,"sem_probit",1,"binary",0,3.33188160994216e-08,0.123214285714286
"flapper",11,"sem_probit",1,"binary",0,9.45826619573103e-22,0.123214285714286
"flapper",11,"sem_probit",1,"binary",0,1.30807652831414e-25,0.123214285714286
"flapper",11,"sem_probit",1,"binary",0,1.85308712792971e-32,0.123214285714286
"flapper",11,"sem_probit",1,"binary",0,0.126958651476361,0.123214285714286
"flapper",11,"sem_probit",1,"binary",0,2.6391808810992e-13,0.123214285714286
"flapper",11,"sem_probit",1,"binary",0,5.11127451667859e-14,0.123214285714286
"flapper",11,"sem_probit",1,"binary",0,0.0149328807242137,0.123214285714286
"flapper",11,"sem_probit",1,"binary",0,0.124763676857914,0.123214285714286
"flapper",11,"sem_probit",1,"binary",0,0.0572229510437029,0.123214285714286
"flapper",11,"sem_probit",1,"binary",0,0.0854650823362694,0.123214285714286
"flapper",11,"sem_probit",1,"binary",0,4.0326351401466e-08,0.123214285714286
"flapper",11,"sem_probit",1,"binary",0,1.21393323567676e-17,0.123214285714286
"flapper",11,"sem_probit",1,"binary",0,6.24817362543992e-19,0.123214285714286
"flapper",11,"sem_probit",1,"binary",0,2.76774259421539e-25,0.123214285714286
"flapper",11,"sem_probit",1,"binary",0,0.0176826112601518,0.123214285714286
"flapper",11,"sem_probit",1,"binary",0,9.49785401847441e-06,0.123214285714286
"flapper",11,"sem_probit",1,"binary",0,1.57605790102832e-16,0.123214285714286
"flapper",11,"sem_probit",1,"binary",0,0.0141484954344362,0.123214285714286
"flapper",11,"sem_probit",1,"binary",0,0.00570533731161616,0.123214285714286
"flapper",11,"sem_probit",1,"binary",0,3.98686004204561e-13,0.123214285714286
"flapper",11,"sem_probit",1,"binary",0,2.24695359889689e-17,0.123214285714286
"flapper",11,"sem_probit",1,"binary",0,2.73778761132252e-22,0.123214285714286
"flapper",11,"sem_probit",1,"binary",0,1.00636848025954e-18,0.123214285714286
"flapper",11,"sem_probit",1,"binary",0,0.0124377984223065,0.123214285714286
"flapper",11,"sem_probit",1,"binary",0,1.02076062022644e-24,0.123214285714286
"flapper",11,"sem_probit",1,"binary",0,0.00196430052387986,0.123214285714286
"flapper",11,"sem_probit",1,"binary",0,4.14623340393756e-14,0.123214285714286
"flapper",11,"sem_probit",1,"binary",0,4.80199488848826e-08,0.123214285714286
"flapper",11,"sem_probit",1,"binary",0,3.02064574841352e-16,0.123214285714286
"flapper",11,"sem_probit",1,"binary",0,3.72939680628124e-24,0.123214285714286
"flapper",11,"sem_probit",1,"binary",0,0.00675733823870382,0.123214285714286
"flapper",11,"sem_probit",1,"binary",0,3.35508128164829e-22,0.123214285714286
"flapper",11,"sem_probit",1,"binary",0,2.29623923997301e-19,0.123214285714286
"flapper",11,"sem_probit",1,"binary",0,1.3222607055564e-21,0.123214285714286
"flapper",11,"sem_probit",1,"binary",0,2.58421408240223e-41,0.123214285714286
"flapper",11,"sem_probit",1,"binary",0,2.91052241227288e-18,0.123214285714286
"flapper",11,"sem_probit",1,"binary",0,3.74602831108029e-40,0.123214285714286
"flapper",11,"sem_probit",1,"binary",0,0.00229920807402971,0.123214285714286
"flapper",11,"sem_probit",1,"binary",0,1.69296592534197e-31,0.123214285714286
"flapper",11,"sem_probit",1,"binary",0,0.00323480239654076,0.123214285714286
"flapper",11,"sem_probit",1,"binary",0,2.58385790716094e-14,0.123214285714286
"flapper",11,"sem_probit",1,"binary",0,2.77953381535788e-18,0.123214285714286
"flapper",11,"sem_probit",1,"binary",0,1.84604317875369e-14,0.123214285714286
"flapper",11,"sem_probit",1,"binary",0,6.72547477417415e-29,0.123214285714286
"flapper",11,"sem_probit",1,"binary",0,1.71533306400054e-24,0.123214285714286
"flapper",11,"sem_probit",1,"binary",0,0.05825722413132,0.123214285714286
"flapper",11,"sem_probit",1,"binary",0,5.71028267541479e-35,0.123214285714286
"flapper",11,"sem_probit",1,"binary",0,9.60938426343602e-48,0.123214285714286
"flapper",11,"sem_probit",1,"binary",0,0.00819473075696963,0.123214285714286
"flapper",11,"sem_probit",1,"binary",0,6.04336795075861e-12,0.123214285714286
"flapper",11,"sem_probit",1,"binary",0,3.43600202316167e-45,0.123214285714286
"flapper",11,"sem_probit",1,"binary",0,2.0280539331719e-21,0.123214285714286
"flapper",11,"sem_probit",1,"binary",0,0.0182169507366577,0.123214285714286
"flapper",11,"sem_probit",1,"binary",0,1.25032985559931e-14,0.123214285714286
"flapper",11,"sem_probit",1,"binary",0,0.0170476811093754,0.123214285714286
"flapper",11,"sem_probit",1,"binary",0,2.05883466001096e-16,0.123214285714286
"flapper",11,"sem_probit",1,"binary",0,1.78524920216049e-20,0.123214285714286
"flapper",11,"sem_probit",1,"binary",0,5.08523962821588e-18,0.123214285714286
"flapper",11,"sem_probit",1,"binary",0,0.0242481541545003,0.123214285714286
"flapper",11,"sem_probit",1,"binary",0,6.99834107506224e-15,0.123214285714286
"flapper",11,"sem_probit",1,"binary",0,0.00316503235538621,0.123214285714286
"flapper",11,"sem_probit",1,"binary",0,8.8556630310926e-06,0.123214285714286
"flapper",11,"sem_probit",1,"binary",0,3.8633212918133e-23,0.123214285714286
"flapper",11,"sem_probit",1,"binary",0,1.71814124710352e-13,0.123214285714286
"flapper",11,"sem_probit",1,"binary",0,1.97243803866696e-72,0.123214285714286
"flapper",11,"sem_probit",1,"binary",0,1.07074960317815e-16,0.123214285714286
"flapper",11,"sem_probit",1,"binary",0,0.189484174613647,0.123214285714286
"flapper",11,"sem_probit",1,"binary",0,0.00715826272346293,0.123214285714286
"flapper",11,"sem_probit",1,"binary",0,0.135773953817731,0.123214285714286
"flapper",11,"sem_probit",1,"binary",0,0.0239865668934632,0.123214285714286
"flapper",11,"sem_probit",1,"binary",0,0.0115751152728108,0.123214285714286
"flapper",11,"sem_probit",1,"binary",0,0.0127141819414231,0.123214285714286
"flapper",11,"sem_probit",1,"binary",0,0.106159220975031,0.123214285714286
"flapper",11,"sem_probit",1,"binary",0,1.14456652271694e-22,0.123214285714286
"flapper",11,"sem_probit",1,"binary",0,6.24379196499837e-18,0.123214285714286
"flapper",11,"sem_probit",1,"binary",0,0.0415405153084112,0.123214285714286
"flapper",11,"sem_probit",1,"binary",0,6.98957860847649e-31,0.123214285714286
"flapper",11,"sem_probit",1,"binary",0,0.0777033239956271,0.123214285714286
"flapper",11,"sem_probit",1,"binary",0,0.0591586293169992,0.123214285714286
"flapper",11,"sem_probit",1,"binary",0,0.107764703068042,0.123214285714286
"flapper",11,"sem_probit",1,"binary",0,2.40936679587288e-16,0.123214285714286
"flapper",11,"sem_probit",1,"binary",0,1.23159650051475e-17,0.123214285714286
"flapper",11,"sem_probit",1,"binary",0,0.132076097689515,0.123214285714286
"flapper",11,"sem_probit",1,"binary",0,0.0297371870063649,0.123214285714286
"flapper",11,"sem_probit",1,"binary",0,5.34574408351234e-24,0.123214285714286
"flapper",11,"sem_probit",1,"binary",0,0.169225468334017,0.123214285714286
"flapper",11,"sem_probit",1,"binary",0,2.2577446780846e-06,0.123214285714286
"flapper",11,"sem_probit",1,"binary",0,6.31088744388789e-21,0.123214285714286
"flapper",11,"sem_probit",1,"binary",0,0.201225873272469,0.123214285714286
"flapper",11,"sem_probit",1,"binary",0,2.57880442502276e-16,0.123214285714286
"flapper",11,"sem_probit",1,"binary",0,0.00114339801203933,0.123214285714286
"flapper",11,"sem_probit",1,"binary",0,5.84681724878476e-45,0.123214285714286
"flapper",11,"sem_probit",1,"binary",0,1.60562489202965e-24,0.123214285714286
"flapper",11,"sem_probit",1,"binary",0,0.0119513625114192,0.123214285714286
"flapper",11,"sem_probit",1,"binary",0,1.06958814017973e-22,0.123214285714286
"flapper",11,"sem_probit",1,"binary",0,7.88382202587741e-09,0.123214285714286
"flapper",11,"sem_probit",1,"binary",0,1.61248623258238e-59,0.123214285714286
"flapper",11,"sem_probit",1,"binary",0,2.01385527815957e-23,0.123214285714286
"flapper",11,"sem_probit",1,"binary",0,2.13329431988904e-08,0.123214285714286
"flapper",11,"sem_probit",1,"binary",0,4.32305783413251e-21,0.123214285714286
"flapper",11,"sem_probit",1,"binary",0,1.1952738969199e-19,0.123214285714286
"flapper",11,"sem_probit",1,"binary",0,0.0129044334867166,0.123214285714286
"flapper",11,"sem_probit",1,"binary",0,4.05589121736443e-41,0.123214285714286
"flapper",11,"sem_probit",1,"binary",0,2.30925293524625e-36,0.123214285714286
"flapper",11,"sem_probit",1,"binary",0,1.9662316486708e-05,0.123214285714286
"flapper",11,"sem_probit",1,"binary",0,4.18309048043284e-37,0.123214285714286
"flapper",11,"sem_probit",2,"binary",0,0.131379761843574,0.0813148788927336
"flapper",11,"sem_probit",2,"binary",1,0.193299837833921,0.0813148788927336
"flapper",11,"sem_probit",2,"binary",0,0.138491975826393,0.0813148788927336
"flapper",11,"sem_probit",2,"binary",0,0.697371802948804,0.0813148788927336
"flapper",11,"sem_probit",2,"binary",1,0.255224393309647,0.0813148788927336
"flapper",11,"sem_probit",2,"binary",0,0.146471336937213,0.0813148788927336
"flapper",11,"sem_probit",2,"binary",0,0.413482496269088,0.0813148788927336
"flapper",11,"sem_probit",2,"binary",0,0.0677327456501315,0.0813148788927336
"flapper",11,"sem_probit",2,"binary",0,0.421916862177401,0.0813148788927336
"flapper",11,"sem_probit",2,"binary",0,0.190768826486191,0.0813148788927336
"flapper",11,"sem_probit",2,"binary",0,0.160247619565065,0.0813148788927336
"flapper",11,"sem_probit",2,"binary",0,0.127492521003038,0.0813148788927336
"flapper",11,"sem_probit",2,"binary",0,0.101908254215635,0.0813148788927336
"flapper",11,"sem_probit",2,"binary",0,0.146181176391458,0.0813148788927336
"flapper",11,"sem_probit",2,"binary",0,0.19560158834386,0.0813148788927336
"flapper",11,"sem_probit",2,"binary",0,0.0732013384604707,0.0813148788927336
"flapper",11,"sem_probit",2,"binary",1,0.114518287191023,0.0813148788927336
"flapper",11,"sem_probit",2,"binary",1,0.138075902104977,0.0813148788927336
"flapper",11,"sem_probit",2,"binary",0,0.137081184783894,0.0813148788927336
"flapper",11,"sem_probit",2,"binary",1,0.232128437344051,0.0813148788927336
"flapper",11,"sem_probit",2,"binary",0,0.541826335073706,0.0813148788927336
"flapper",11,"sem_probit",2,"binary",1,0.28560504988768,0.0813148788927336
"flapper",11,"sem_probit",2,"binary",1,0.384765417216797,0.0813148788927336
"flapper",11,"sem_probit",2,"binary",0,0.151278377360528,0.0813148788927336
"flapper",11,"sem_probit",2,"binary",0,0.244681021878268,0.0813148788927336
"flapper",11,"sem_probit",2,"binary",0,0.317916090895495,0.0813148788927336
"flapper",11,"sem_probit",2,"binary",0,0.221980535625289,0.0813148788927336
"flapper",11,"sem_probit",2,"binary",0,0.00569807774875319,0.0813148788927336
"flapper",11,"sem_probit",2,"binary",0,0.00120880752142187,0.0813148788927336
"flapper",11,"sem_probit",2,"binary",0,0.0166454492675603,0.0813148788927336
"flapper",11,"sem_probit",2,"binary",0,0.00888809058987392,0.0813148788927336
"flapper",11,"sem_probit",2,"binary",0,0.06268517279951,0.0813148788927336
"flapper",11,"sem_probit",2,"binary",0,0.0184405803979034,0.0813148788927336
"flapper",11,"sem_probit",2,"binary",0,0.223154551546539,0.0813148788927336
"flapper",11,"sem_probit",2,"binary",0,0.147559183624503,0.0813148788927336
"flapper",11,"sem_probit",2,"binary",0,0.00142005700918437,0.0813148788927336
"flapper",11,"sem_probit",2,"binary",0,0.313959228092848,0.0813148788927336
"flapper",11,"sem_probit",2,"binary",0,0.0752702961687561,0.0813148788927336
"flapper",11,"sem_probit",2,"binary",0,0.000464667577570957,0.0813148788927336
"flapper",11,"sem_probit",2,"binary",1,0.200148391853251,0.0813148788927336
"flapper",11,"sem_probit",2,"binary",0,0.286244019701423,0.0813148788927336
"flapper",11,"sem_probit",2,"binary",0,0.063233368847137,0.0813148788927336
"flapper",11,"sem_probit",2,"binary",0,0.0443525151831294,0.0813148788927336
"flapper",11,"sem_probit",2,"binary",0,0.222192329226001,0.0813148788927336
"flapper",11,"sem_probit",2,"binary",0,0.220993214943108,0.0813148788927336
"flapper",11,"sem_probit",2,"binary",0,0.333685091695766,0.0813148788927336
"flapper",11,"sem_probit",2,"binary",0,0.222807615003146,0.0813148788927336
"flapper",11,"sem_probit",2,"binary",0,0.312289947754375,0.0813148788927336
"flapper",11,"sem_probit",2,"binary",0,0.179216213311067,0.0813148788927336
"flapper",11,"sem_probit",2,"binary",0,0.000481137705511097,0.0813148788927336
"flapper",11,"sem_probit",2,"binary",0,0.222944509052221,0.0813148788927336
"flapper",11,"sem_probit",2,"binary",0,0.309975847658273,0.0813148788927336
"flapper",11,"sem_probit",2,"binary",0,0.0243964744484671,0.0813148788927336
"flapper",11,"sem_probit",2,"binary",0,0.23599272751295,0.0813148788927336
"flapper",11,"sem_probit",2,"binary",0,0.169947770872969,0.0813148788927336
"flapper",11,"sem_probit",2,"binary",0,0.269944751192023,0.0813148788927336
"flapper",11,"sem_probit",2,"binary",0,0.043770720376233,0.0813148788927336
"flapper",11,"sem_probit",2,"binary",0,0.162094542837071,0.0813148788927336
"flapper",11,"sem_probit",2,"binary",0,0.292468543468183,0.0813148788927336
"flapper",11,"sem_probit",2,"binary",0,0.0055549885536491,0.0813148788927336
"flapper",11,"sem_probit",2,"binary",0,0.000934968769918645,0.0813148788927336
"flapper",11,"sem_probit",2,"binary",0,0.0764819780603258,0.0813148788927336
"flapper",11,"sem_probit",2,"binary",0,0.112677773886079,0.0813148788927336
"flapper",11,"sem_probit",2,"binary",0,0.0296690861673596,0.0813148788927336
"flapper",11,"sem_probit",2,"binary",0,0.145972755505481,0.0813148788927336
"flapper",11,"sem_probit",2,"binary",0,0.21847506527961,0.0813148788927336
"flapper",11,"sem_probit",2,"binary",0,0.000169317210515158,0.0813148788927336
"flapper",11,"sem_probit",2,"binary",0,0.0333921659838587,0.0813148788927336
"flapper",11,"sem_probit",2,"binary",0,0.0255791525361086,0.0813148788927336
"flapper",11,"sem_probit",2,"binary",0,0.00378333278306426,0.0813148788927336
"flapper",11,"sem_probit",2,"binary",0,0.0253417975772093,0.0813148788927336
"flapper",11,"sem_probit",2,"binary",1,0.237828458664216,0.0813148788927336
"flapper",11,"sem_probit",2,"binary",0,0.00026421344602434,0.0813148788927336
"flapper",11,"sem_probit",2,"binary",0,0.302414343328328,0.0813148788927336
"flapper",11,"sem_probit",2,"binary",0,0.0197735059002677,0.0813148788927336
"flapper",11,"sem_probit",2,"binary",1,0.268192021557247,0.0813148788927336
"flapper",11,"sem_probit",2,"binary",0,0.178643950475463,0.0813148788927336
"flapper",11,"sem_probit",2,"binary",1,0.183011056832004,0.0813148788927336
"flapper",11,"sem_probit",2,"binary",0,0.0156299343230652,0.0813148788927336
"flapper",11,"sem_probit",2,"binary",0,0.0356514577099613,0.0813148788927336
"flapper",11,"sem_probit",2,"binary",0,0.264838576866126,0.0813148788927336
"flapper",11,"sem_probit",2,"binary",0,0.00018463621075326,0.0813148788927336
"flapper",11,"sem_probit",2,"binary",0,0.201533525668589,0.0813148788927336
"flapper",11,"sem_probit",2,"binary",0,0.270176408057302,0.0813148788927336
"flapper",11,"sem_probit",2,"binary",0,0.0241945857628168,0.0813148788927336
"flapper",11,"sem_probit",2,"binary",0,0.0763964683763877,0.0813148788927336
"flapper",11,"sem_probit",2,"binary",0,0.000251636543778778,0.0813148788927336
"flapper",11,"sem_probit",2,"binary",1,0.232926470200751,0.0813148788927336
"flapper",11,"sem_probit",2,"binary",0,0.00482956578912979,0.0813148788927336
"flapper",11,"sem_probit",2,"binary",0,0.230000753072839,0.0813148788927336
"flapper",11,"sem_probit",2,"binary",0,0.00878146883523612,0.0813148788927336
"flapper",11,"sem_probit",2,"binary",0,0.270823774520959,0.0813148788927336
"flapper",11,"sem_probit",2,"binary",0,0.0123251497010889,0.0813148788927336
"flapper",11,"sem_probit",2,"binary",0,0.156080300196842,0.0813148788927336
"flapper",11,"sem_probit",2,"binary",0,0.144589110599693,0.0813148788927336
"flapper",11,"sem_probit",2,"binary",0,0.127949002838057,0.0813148788927336
"flapper",11,"sem_probit",2,"binary",0,0.14808769512481,0.0813148788927336
"flapper",11,"sem_probit",2,"binary",0,0.171236883127739,0.0813148788927336
"flapper",11,"sem_probit",2,"binary",1,0.084003833879422,0.0813148788927336
"flapper",11,"sem_probit",2,"binary",0,0.122307954431717,0.0813148788927336
"flapper",11,"sem_probit",2,"binary",0,0.112787570783081,0.0813148788927336
"flapper",11,"sem_probit",2,"binary",1,0.274572645971951,0.0813148788927336
"flapper",11,"sem_probit",2,"binary",0,0.0581976070270171,0.0813148788927336
"flapper",11,"sem_probit",2,"binary",0,0.0631123346566295,0.0813148788927336
"flapper",11,"sem_probit",2,"binary",1,0.192018252557451,0.0813148788927336
"flapper",11,"sem_probit",2,"binary",1,0.143687321685826,0.0813148788927336
"flapper",11,"sem_probit",2,"binary",0,0.126550163579859,0.0813148788927336
"flapper",11,"sem_probit",2,"binary",0,0.158729856618053,0.0813148788927336
"flapper",11,"sem_probit",2,"binary",0,0.299429125995428,0.0813148788927336
"flapper",11,"sem_probit",2,"binary",1,0.0820424724919895,0.0813148788927336
"flapper",11,"sem_probit",2,"binary",1,0.0983651317477158,0.0813148788927336
"flapper",11,"sem_probit",2,"binary",1,0.143191905968086,0.0813148788927336
"flapper",11,"sem_probit",2,"binary",0,0.376968548099066,0.0813148788927336
"flapper",11,"sem_probit",2,"binary",0,0.143978495588222,0.0813148788927336
"flapper",11,"sem_probit",2,"binary",0,0.122227205990623,0.0813148788927336
"flapper",11,"sem_probit",2,"binary",0,0.325261900748395,0.0813148788927336
"flapper",11,"sem_probit",2,"binary",1,0.177325494135816,0.0813148788927336
"flapper",11,"sem_probit",2,"binary",0,0.147237227392043,0.0813148788927336
"flapper",11,"sem_probit",2,"binary",0,0.0781846285648472,0.0813148788927336
"flapper",11,"sem_probit",2,"binary",0,0.154813874101737,0.0813148788927336
"flapper",11,"sem_probit",2,"binary",1,0.106403009756909,0.0813148788927336
"flapper",11,"sem_probit",2,"binary",0,0.107528659218122,0.0813148788927336
"flapper",11,"sem_probit",2,"binary",1,0.153234576419832,0.0813148788927336
"flapper",11,"sem_probit",2,"binary",0,0.220831595544672,0.0813148788927336
"flapper",11,"sem_probit",2,"binary",0,0.0492441331002992,0.0813148788927336
"flapper",11,"sem_probit",2,"binary",1,0.231811035179442,0.0813148788927336
"flapper",11,"sem_probit",2,"binary",1,0.236009874456767,0.0813148788927336
"flapper",11,"sem_probit",2,"binary",0,0.0775570578891528,0.0813148788927336
"flapper",11,"sem_probit",2,"binary",1,0.14116656560124,0.0813148788927336
"flapper",11,"sem_probit",3,"binary",1,0.124772913523082,0.0715563506261181
"flapper",11,"sem_probit",3,"binary",1,0.173294856823708,0.0715563506261181
"flapper",11,"sem_probit",3,"binary",1,0.061094891039791,0.0715563506261181
"flapper",11,"sem_probit",3,"binary",0,0.194022292078582,0.0715563506261181
"flapper",11,"sem_probit",3,"binary",1,0.131281327089291,0.0715563506261181
"flapper",11,"sem_probit",3,"binary",1,0.100529758345655,0.0715563506261181
"flapper",11,"sem_probit",3,"binary",1,0.282291162157266,0.0715563506261181
"flapper",11,"sem_probit",3,"binary",0,0.0865233630043196,0.0715563506261181
"flapper",11,"sem_probit",3,"binary",0,0.141750491201682,0.0715563506261181
"flapper",11,"sem_probit",3,"binary",0,0.141784670394487,0.0715563506261181
"flapper",11,"sem_probit",3,"binary",0,0.0469792157595516,0.0715563506261181
"flapper",11,"sem_probit",3,"binary",0,0.10002051123119,0.0715563506261181
"flapper",11,"sem_probit",3,"binary",0,0.134398050282826,0.0715563506261181
"flapper",11,"sem_probit",3,"binary",1,0.199121497979896,0.0715563506261181
"flapper",11,"sem_probit",3,"binary",1,0.122213081845246,0.0715563506261181
"flapper",11,"sem_probit",3,"binary",0,0.0966847027891983,0.0715563506261181
"flapper",11,"sem_probit",3,"binary",1,0.167241989998129,0.0715563506261181
"flapper",11,"sem_probit",3,"binary",1,0.14885075873647,0.0715563506261181
"flapper",11,"sem_probit",3,"binary",0,0.0949361612210495,0.0715563506261181
"flapper",11,"sem_probit",3,"binary",0,0.288738700729537,0.0715563506261181
"flapper",11,"sem_probit",3,"binary",0,0.123405622494485,0.0715563506261181
"flapper",11,"sem_probit",3,"binary",0,0.149067311443206,0.0715563506261181
"flapper",11,"sem_probit",3,"binary",1,0.151688652895779,0.0715563506261181
"flapper",11,"sem_probit",3,"binary",1,0.172775583151512,0.0715563506261181
"flapper",11,"sem_probit",3,"binary",0,0.13257167127967,0.0715563506261181
"flapper",11,"sem_probit",3,"binary",0,0.0465341310590067,0.0715563506261181
"flapper",11,"sem_probit",3,"binary",0,0.138401751785656,0.0715563506261181
"flapper",11,"sem_probit",3,"binary",0,0.1063114983698,0.0715563506261181
"flapper",11,"sem_probit",3,"binary",0,0.175753471395983,0.0715563506261181
"flapper",11,"sem_probit",3,"binary",0,0.132614876305778,0.0715563506261181
"flapper",11,"sem_probit",3,"binary",0,0.147424263380296,0.0715563506261181
"flapper",11,"sem_probit",3,"binary",0,0.101570944517761,0.0715563506261181
"flapper",11,"sem_probit",3,"binary",0,0.044463830689488,0.0715563506261181
"flapper",11,"sem_probit",3,"binary",0,0.120772198683992,0.0715563506261181
"flapper",11,"sem_probit",3,"binary",0,0.101328003110035,0.0715563506261181
"flapper",11,"sem_probit",3,"binary",0,0.0642883909348267,0.0715563506261181
"flapper",11,"sem_probit",3,"binary",0,0.101276084180258,0.0715563506261181
"flapper",11,"sem_probit",3,"binary",0,0.0278623648108056,0.0715563506261181
"flapper",11,"sem_probit",3,"binary",0,0.0840008021554291,0.0715563506261181
"flapper",11,"sem_probit",3,"binary",0,0.0493854463489669,0.0715563506261181
"flapper",11,"sem_probit",3,"binary",0,0.197347620942201,0.0715563506261181
"flapper",11,"sem_probit",3,"binary",0,0.0785434088759173,0.0715563506261181
"flapper",11,"sem_probit",3,"binary",0,0.0991994578792279,0.0715563506261181
"flapper",11,"sem_probit",3,"binary",0,0.1838738447371,0.0715563506261181
"flapper",11,"sem_probit",3,"binary",0,0.0653425176784605,0.0715563506261181
"flapper",11,"sem_probit",3,"binary",0,0.139309292642939,0.0715563506261181
"flapper",11,"sem_probit",3,"binary",0,0.0793727280453746,0.0715563506261181
"flapper",11,"sem_probit",3,"binary",0,0.103759419956326,0.0715563506261181
"flapper",11,"sem_probit",3,"binary",0,0.101801671513352,0.0715563506261181
"flapper",11,"sem_probit",3,"binary",0,0.0869826187599952,0.0715563506261181
"flapper",11,"sem_probit",3,"binary",0,0.0330330948288337,0.0715563506261181
"flapper",11,"sem_probit",3,"binary",0,0.0990792248400844,0.0715563506261181
"flapper",11,"sem_probit",3,"binary",0,0.0671364807243445,0.0715563506261181
"flapper",11,"sem_probit",3,"binary",0,0.0798413610097865,0.0715563506261181
"flapper",11,"sem_probit",3,"binary",0,0.0664253243164551,0.0715563506261181
"flapper",11,"sem_probit",3,"binary",0,0.210402905040076,0.0715563506261181
"flapper",11,"sem_probit",3,"binary",0,0.056145195557629,0.0715563506261181
"flapper",11,"sem_probit",3,"binary",0,0.212513828137959,0.0715563506261181
"flapper",11,"sem_probit",3,"binary",0,0.139990061937107,0.0715563506261181
"flapper",11,"sem_probit",3,"binary",0,0.147893143205685,0.0715563506261181
"flapper",11,"sem_probit",3,"binary",0,0.159254305685644,0.0715563506261181
"flapper",11,"sem_probit",3,"binary",0,0.187367768636247,0.0715563506261181
"flapper",11,"sem_probit",3,"binary",0,0.0508801156678057,0.0715563506261181
"flapper",11,"sem_probit",3,"binary",0,0.091072871601393,0.0715563506261181
"flapper",11,"sem_probit",3,"binary",0,0.0386690302638064,0.0715563506261181
"flapper",11,"sem_probit",3,"binary",0,0.11161882793322,0.0715563506261181
"flapper",11,"sem_probit",3,"binary",0,0.0558210164778008,0.0715563506261181
"flapper",11,"sem_probit",3,"binary",0,0.041466973074214,0.0715563506261181
"flapper",11,"sem_probit",3,"binary",0,0.029800184066869,0.0715563506261181
"flapper",11,"sem_probit",3,"binary",0,0.0643345085242394,0.0715563506261181
"flapper",11,"sem_probit",3,"binary",0,0.0604162613307712,0.0715563506261181
"flapper",11,"sem_probit",3,"binary",0,0.171017211381393,0.0715563506261181
"flapper",11,"sem_probit",3,"binary",0,0.0850777479904917,0.0715563506261181
"flapper",11,"sem_probit",3,"binary",0,0.124954566133531,0.0715563506261181
"flapper",11,"sem_probit",3,"binary",1,0.0835713199363201,0.0715563506261181
"flapper",11,"sem_probit",3,"binary",0,0.12526052718436,0.0715563506261181
"flapper",11,"sem_probit",3,"binary",0,0.0328173887199812,0.0715563506261181
"flapper",11,"sem_probit",3,"binary",1,0.15398920895565,0.0715563506261181
"flapper",11,"sem_probit",3,"binary",0,0.0930646747905654,0.0715563506261181
"flapper",11,"sem_probit",3,"binary",0,0.0783458682021202,0.0715563506261181
"flapper",11,"sem_probit",3,"binary",0,0.113461750970237,0.0715563506261181
"flapper",11,"sem_probit",3,"binary",0,0.117558568804597,0.0715563506261181
"flapper",11,"sem_probit",3,"binary",0,0.0415759334201134,0.0715563506261181
"flapper",11,"sem_probit",3,"binary",0,0.122802445878744,0.0715563506261181
"flapper",11,"sem_probit",3,"binary",0,0.0461398746332811,0.0715563506261181
"flapper",11,"sem_probit",3,"binary",0,0.132133945900504,0.0715563506261181
"flapper",11,"sem_probit",3,"binary",0,0.111040895300021,0.0715563506261181
"flapper",11,"sem_probit",3,"binary",0,0.192521695217262,0.0715563506261181
"flapper",11,"sem_probit",3,"binary",0,0.103759419956326,0.0715563506261181
"flapper",11,"sem_probit",3,"binary",0,0.0437420824982391,0.0715563506261181
"flapper",11,"sem_probit",3,"binary",0,0.0538670968666265,0.0715563506261181
"flapper",11,"sem_probit",3,"binary",0,0.0326108036672625,0.0715563506261181
"flapper",11,"sem_probit",3,"binary",0,0.0974178518989855,0.0715563506261181
"flapper",11,"sem_probit",3,"binary",0,0.105537252239278,0.0715563506261181
"flapper",11,"sem_probit",3,"binary",0,0.104861367068849,0.0715563506261181
"flapper",11,"sem_probit",3,"binary",0,0.10986272219995,0.0715563506261181
"flapper",11,"sem_probit",3,"binary",0,0.0965505651415495,0.0715563506261181
"flapper",11,"sem_probit",3,"binary",0,0.0466026671958488,0.0715563506261181
"flapper",11,"sem_probit",3,"binary",0,0.150642216057399,0.0715563506261181
"flapper",11,"sem_probit",3,"binary",0,0.0735971763123944,0.0715563506261181
"flapper",11,"sem_probit",3,"binary",0,0.0668807217732234,0.0715563506261181
"flapper",11,"sem_probit",3,"binary",0,0.132340065454626,0.0715563506261181
"flapper",11,"sem_probit",3,"binary",0,0.088524304596709,0.0715563506261181
"flapper",11,"sem_probit",3,"binary",0,0.0474697391616043,0.0715563506261181
"flapper",11,"sem_probit",3,"binary",0,0.0923393709487812,0.0715563506261181
"flapper",11,"sem_probit",3,"binary",0,0.085017380461027,0.0715563506261181
"flapper",11,"sem_probit",3,"binary",0,0.0863187517358929,0.0715563506261181
"flapper",11,"sem_probit",3,"binary",1,0.208742815099168,0.0715563506261181
"flapper",11,"sem_probit",3,"binary",0,0.129717888142971,0.0715563506261181
"flapper",11,"sem_probit",3,"binary",1,0.125912640255414,0.0715563506261181
"flapper",11,"sem_probit",3,"binary",0,0.0910606500326344,0.0715563506261181
"flapper",11,"sem_probit",3,"binary",0,0.0681163530013278,0.0715563506261181
"flapper",11,"sem_probit",3,"binary",1,0.134450887365111,0.0715563506261181
"flapper",11,"sem_probit",3,"binary",1,0.230585833287961,0.0715563506261181
"flapper",11,"sem_probit",3,"binary",0,0.156985499741666,0.0715563506261181
"flapper",11,"sem_probit",3,"binary",0,0.0930880728305992,0.0715563506261181
"flapper",11,"sem_probit",3,"binary",0,0.0886438032744322,0.0715563506261181
"flapper",11,"sem_probit",3,"binary",1,0.201695990219234,0.0715563506261181
"flapper",11,"sem_probit",3,"binary",1,0.170483735498539,0.0715563506261181
"flapper",11,"sem_probit",3,"binary",0,0.214582315025588,0.0715563506261181
"flapper",11,"sem_probit",3,"binary",1,0.138257423904992,0.0715563506261181
"flapper",11,"sem_probit",3,"binary",0,0.0821116581176308,0.0715563506261181
"flapper",11,"sem_probit",3,"binary",0,0.105667414663667,0.0715563506261181
"flapper",11,"sem_probit",3,"binary",1,0.174018073263219,0.0715563506261181
"flapper",11,"sem_probit",3,"binary",0,0.106051265369868,0.0715563506261181
"flapper",11,"sem_probit",3,"binary",0,0.111814985926551,0.0715563506261181
"flapper",11,"sem_probit",3,"binary",1,0.183429040919374,0.0715563506261181
"flapper",11,"sem_probit",3,"binary",1,0.296477270905089,0.0715563506261181
"flapper",11,"sem_probit",3,"binary",0,0.181031759066543,0.0715563506261181
"flapper",11,"sem_probit",3,"binary",1,0.193092977248487,0.0715563506261181
"flapper",11,"sem_probit",3,"binary",0,0.0742828063387822,0.0715563506261181
"flapper",11,"sem_probit",3,"binary",1,0.274612403492076,0.0715563506261181
"flapper",11,"sem_probit",3,"binary",1,0.194175404796544,0.0715563506261181
"flapper",11,"sem_probit",3,"binary",0,0.203139273422513,0.0715563506261181
"flapper",11,"sem_probit",3,"binary",1,0.111755677239722,0.0715563506261181
"flapper",11,"sem_probit",3,"binary",0,0.0993368605902731,0.0715563506261181
"flapper",11,"sem_probit",3,"binary",0,0.181315217329745,0.0715563506261181
"flapper",11,"sem_probit",3,"binary",0,0.263599023267991,0.0715563506261181
"flapper",11,"sem_probit",3,"binary",1,0.177682174070482,0.0715563506261181
"flapper",11,"sem_probit",3,"binary",0,0.14578837230729,0.0715563506261181
"flapper",11,"sem_probit",3,"binary",0,0.133728252812025,0.0715563506261181
"flapper",11,"sem_probit",3,"binary",0,0.08902172285039,0.0715563506261181
"flapper",11,"sem_probit",3,"binary",0,0.116919890662292,0.0715563506261181
"flapper",11,"sem_probit",3,"binary",1,0.319246602345164,0.0715563506261181
"flapper",11,"sem_probit",3,"binary",0,0.11066261058188,0.0715563506261181
"flapper",11,"sem_probit",3,"binary",1,0.359105454361583,0.0715563506261181
"flapper",11,"sem_probit",3,"binary",1,0.0914909217601963,0.0715563506261181
"flapper",11,"sem_probit",3,"binary",0,0.0718558169585619,0.0715563506261181
"flapper",11,"sem_probit",4,"binary",0,0.239953907618509,0.10873440285205
"flapper",11,"sem_probit",4,"binary",0,0.129837834201058,0.10873440285205
"flapper",11,"sem_probit",4,"binary",1,0.161991159026584,0.10873440285205
"flapper",11,"sem_probit",4,"binary",0,0.973930221419223,0.10873440285205
"flapper",11,"sem_probit",4,"binary",0,0.0202476668467189,0.10873440285205
"flapper",11,"sem_probit",4,"binary",0,0.000369354878035416,0.10873440285205
"flapper",11,"sem_probit",4,"binary",0,0.14877928692946,0.10873440285205
"flapper",11,"sem_probit",4,"binary",0,0.00566984163753079,0.10873440285205
"flapper",11,"sem_probit",4,"binary",1,0.190811074956951,0.10873440285205
"flapper",11,"sem_probit",4,"binary",0,0.000231631022572727,0.10873440285205
"flapper",11,"sem_probit",4,"binary",0,0.126376225809316,0.10873440285205
"flapper",11,"sem_probit",4,"binary",1,0.0864976047841867,0.10873440285205
"flapper",11,"sem_probit",4,"binary",1,0.0713422517398639,0.10873440285205
"flapper",11,"sem_probit",4,"binary",0,0.126376225809316,0.10873440285205
"flapper",11,"sem_probit",4,"binary",0,0.0583788028420382,0.10873440285205
"flapper",11,"sem_probit",4,"binary",0,0.0654885731257327,0.10873440285205
"flapper",11,"sem_probit",4,"binary",0,0.0916655660085561,0.10873440285205
"flapper",11,"sem_probit",4,"binary",0,0.249939084457505,0.10873440285205
"flapper",11,"sem_probit",4,"binary",0,0.154174591699907,0.10873440285205
"flapper",11,"sem_probit",4,"binary",0,0.00689172828312736,0.10873440285205
"flapper",11,"sem_probit",4,"binary",0,0.00567084036209329,0.10873440285205
"flapper",11,"sem_probit",4,"binary",0,0.0230481311982443,0.10873440285205
"flapper",11,"sem_probit",4,"binary",0,0.197631472397174,0.10873440285205
"flapper",11,"sem_probit",4,"binary",0,0.0439785898423297,0.10873440285205
"flapper",11,"sem_probit",4,"binary",0,0.00144522042231578,0.10873440285205
"flapper",11,"sem_probit",4,"binary",0,0.0218662772605013,0.10873440285205
"flapper",11,"sem_probit",4,"binary",0,0.0108384718005733,0.10873440285205
"flapper",11,"sem_probit",4,"binary",0,0.0901374189363773,0.10873440285205
"flapper",11,"sem_probit",4,"binary",0,0.147397888746773,0.10873440285205
"flapper",11,"sem_probit",4,"binary",0,0.175988161473549,0.10873440285205
"flapper",11,"sem_probit",4,"binary",0,0.756659718744973,0.10873440285205
"flapper",11,"sem_probit",4,"binary",0,0.077739094945474,0.10873440285205
"flapper",11,"sem_probit",4,"binary",0,0.331069682149289,0.10873440285205
"flapper",11,"sem_probit",4,"binary",0,0.0220638931607496,0.10873440285205
"flapper",11,"sem_probit",4,"binary",0,0.125733610207279,0.10873440285205
"flapper",11,"sem_probit",4,"binary",1,0.0793986380999188,0.10873440285205
"flapper",11,"sem_probit",4,"binary",0,0.290287093794701,0.10873440285205
"flapper",11,"sem_probit",4,"binary",0,0.133797367553684,0.10873440285205
"flapper",11,"sem_probit",4,"binary",0,0.111495628850149,0.10873440285205
"flapper",11,"sem_probit",4,"binary",1,0.0208788283977425,0.10873440285205
"flapper",11,"sem_probit",4,"binary",0,0.140296505115558,0.10873440285205
"flapper",11,"sem_probit",4,"binary",0,0.156220149136236,0.10873440285205
"flapper",11,"sem_probit",4,"binary",0,0.238575024404738,0.10873440285205
"flapper",11,"sem_probit",4,"binary",1,0.0534446957454445,0.10873440285205
"flapper",11,"sem_probit",4,"binary",1,0.023062295694532,0.10873440285205
"flapper",11,"sem_probit",4,"binary",0,0.077739094945474,0.10873440285205
"flapper",11,"sem_probit",4,"binary",0,0.0992552375483136,0.10873440285205
"flapper",11,"sem_probit",4,"binary",0,0.00907771058661404,0.10873440285205
"flapper",11,"sem_probit",4,"binary",0,0.0240507239315765,0.10873440285205
"flapper",11,"sem_probit",4,"binary",0,0.0418592569056402,0.10873440285205
"flapper",11,"sem_probit",4,"binary",0,0.077739094945474,0.10873440285205
"flapper",11,"sem_probit",4,"binary",0,0.0868121968579622,0.10873440285205
"flapper",11,"sem_probit",4,"binary",1,0.178657558647333,0.10873440285205
"flapper",11,"sem_probit",4,"binary",0,0.0322932827355094,0.10873440285205
"flapper",11,"sem_probit",4,"binary",0,0.0107786898143214,0.10873440285205
"flapper",11,"sem_probit",4,"binary",1,0.174946390720646,0.10873440285205
"flapper",11,"sem_probit",4,"binary",1,0.127034833277624,0.10873440285205
"flapper",11,"sem_probit",4,"binary",0,0.111529992916102,0.10873440285205
"flapper",11,"sem_probit",4,"binary",0,0.115333956065949,0.10873440285205
"flapper",11,"sem_probit",4,"binary",0,0.206683070552525,0.10873440285205
"flapper",11,"sem_probit",4,"binary",0,0.0169192442285799,0.10873440285205
"flapper",11,"sem_probit",4,"binary",0,1.20636996609313e-07,0.10873440285205
"flapper",11,"sem_probit",4,"binary",0,1.02413471171241e-05,0.10873440285205
"flapper",11,"sem_probit",4,"binary",0,2.28321989056932e-06,0.10873440285205
"flapper",11,"sem_probit",4,"binary",0,2.56253892470991e-07,0.10873440285205
"flapper",11,"sem_probit",4,"binary",0,0.0692673449560844,0.10873440285205
"flapper",11,"sem_probit",4,"binary",0,1.72069654106461e-11,0.10873440285205
"flapper",11,"sem_probit",4,"binary",0,4.1785404787201e-10,0.10873440285205
"flapper",11,"sem_probit",4,"binary",0,1.2239694111895e-07,0.10873440285205
"flapper",11,"sem_probit",4,"binary",0,4.91990161905811e-10,0.10873440285205
"flapper",11,"sem_probit",4,"binary",0,0.0193314244860974,0.10873440285205
"flapper",11,"sem_probit",4,"binary",0,0.155484733044592,0.10873440285205
"flapper",11,"sem_probit",4,"binary",0,0.000227174274859289,0.10873440285205
"flapper",11,"sem_probit",4,"binary",0,7.96237371831514e-12,0.10873440285205
"flapper",11,"sem_probit",4,"binary",0,8.63270177883122e-12,0.10873440285205
"flapper",11,"sem_probit",4,"binary",0,1.21484245273999e-08,0.10873440285205
"flapper",11,"sem_probit",4,"binary",0,1.30084428249936e-09,0.10873440285205
"flapper",11,"sem_probit",4,"binary",0,2.63930690698654e-09,0.10873440285205
"flapper",11,"sem_probit",4,"binary",0,5.30126111119282e-10,0.10873440285205
"flapper",11,"sem_probit",4,"binary",0,6.40736515168263e-05,0.10873440285205
"flapper",11,"sem_probit",4,"binary",0,7.73392574491101e-06,0.10873440285205
"flapper",11,"sem_probit",4,"binary",0,5.56673930568558e-08,0.10873440285205
"flapper",11,"sem_probit",4,"binary",0,1.22257032927215e-11,0.10873440285205
"flapper",11,"sem_probit",4,"binary",0,5.52132608237197e-07,0.10873440285205
"flapper",11,"sem_probit",4,"binary",0,4.08868295734629e-13,0.10873440285205
"flapper",11,"sem_probit",4,"binary",0,2.35786278304769e-07,0.10873440285205
"flapper",11,"sem_probit",4,"binary",0,4.80959930175377e-10,0.10873440285205
"flapper",11,"sem_probit",4,"binary",0,0.0689726166393727,0.10873440285205
"flapper",11,"sem_probit",4,"binary",0,1.20399100126609e-05,0.10873440285205
"flapper",11,"sem_probit",4,"binary",0,4.61680371532896e-07,0.10873440285205
"flapper",11,"sem_probit",4,"binary",0,3.87509379127156e-08,0.10873440285205
"flapper",11,"sem_probit",4,"binary",0,3.59331182857724e-08,0.10873440285205
"flapper",11,"sem_probit",4,"binary",0,0.0142944147851732,0.10873440285205
"flapper",11,"sem_probit",4,"binary",0,1.63815339991886e-08,0.10873440285205
"flapper",11,"sem_probit",4,"binary",0,9.37854918512333e-08,0.10873440285205
"flapper",11,"sem_probit",4,"binary",0,6.91641287256128e-08,0.10873440285205
"flapper",11,"sem_probit",4,"binary",0,1.79901069028763e-07,0.10873440285205
"flapper",11,"sem_probit",4,"binary",0,0.0890274575020266,0.10873440285205
"flapper",11,"sem_probit",4,"binary",0,4.82130557397379e-07,0.10873440285205
"flapper",11,"sem_probit",4,"binary",0,3.50554426374081e-08,0.10873440285205
"flapper",11,"sem_probit",4,"binary",0,1.13722559155192e-06,0.10873440285205
"flapper",11,"sem_probit",4,"binary",0,9.19157868789773e-06,0.10873440285205
"flapper",11,"sem_probit",4,"binary",0,3.06653334486015e-08,0.10873440285205
"flapper",11,"sem_probit",4,"binary",0,1.50499817105005e-06,0.10873440285205
"flapper",11,"sem_probit",4,"binary",0,8.4223932507423e-08,0.10873440285205
"flapper",11,"sem_probit",4,"binary",0,1.20710950827159e-10,0.10873440285205
"flapper",11,"sem_probit",4,"binary",0,7.5044871312612e-06,0.10873440285205
"flapper",11,"sem_probit",4,"binary",0,1.58079651962518e-07,0.10873440285205
"flapper",11,"sem_probit",4,"binary",0,0.00182330253392383,0.10873440285205
"flapper",11,"sem_probit",4,"binary",0,0.00914600052282158,0.10873440285205
"flapper",11,"sem_probit",4,"binary",0,1.50226821243012e-06,0.10873440285205
"flapper",11,"sem_probit",4,"binary",0,8.19643198454928e-06,0.10873440285205
"flapper",11,"sem_probit",4,"binary",0,4.74595368868582e-07,0.10873440285205
"flapper",11,"sem_probit",4,"binary",0,2.17217320221631e-13,0.10873440285205
"flapper",11,"sem_probit",4,"binary",0,7.62662000320364e-12,0.10873440285205
"flapper",11,"sem_probit",4,"binary",0,0.000146828929496749,0.10873440285205
"flapper",11,"sem_probit",4,"binary",0,0.000106807316118872,0.10873440285205
"flapper",11,"sem_probit",4,"binary",0,4.76868547933867e-08,0.10873440285205
"flapper",11,"sem_probit",4,"binary",0,1.35770234842921e-05,0.10873440285205
"flapper",11,"sem_probit",4,"binary",0,1.5687381325143e-06,0.10873440285205
"flapper",11,"sem_probit",4,"binary",0,0.000957199978177626,0.10873440285205
"flapper",11,"sem_probit",4,"binary",0,4.93068088860103e-10,0.10873440285205
"flapper",11,"sem_probit",4,"binary",0,0.00112902925633712,0.10873440285205
"flapper",11,"sem_probit",4,"binary",0,7.05595361164531e-10,0.10873440285205
"flapper",11,"sem_probit",4,"binary",0,2.85989232668784e-07,0.10873440285205
"flapper",11,"sem_probit",4,"binary",0,1.10998677923723e-05,0.10873440285205
"flapper",11,"sem_probit",4,"binary",0,0.000188884479329307,0.10873440285205
"flapper",11,"sem_probit",4,"binary",0,1.81339904303976e-12,0.10873440285205
"flapper",11,"sem_probit",4,"binary",0,8.1238433790006e-06,0.10873440285205
"flapper",11,"sem_probit",4,"binary",0,1.79326510317731e-11,0.10873440285205
"flapper",11,"sem_probit",4,"binary",0,5.53876676532914e-07,0.10873440285205
"flapper",11,"sem_probit",4,"binary",0,4.00360972944653e-05,0.10873440285205
"flapper",11,"sem_probit",4,"binary",0,6.64776002230238e-11,0.10873440285205
"flapper",11,"sem_probit",4,"binary",0,0.000133893663708332,0.10873440285205
"flapper",11,"sem_probit",4,"binary",0,0.0229442610724613,0.10873440285205
"flapper",11,"sem_probit",4,"binary",0,3.69801282433992e-13,0.10873440285205
"flapper",11,"sem_probit",4,"binary",0,0.0130925527863188,0.10873440285205
"flapper",11,"sem_probit",4,"binary",0,8.95025839765292e-06,0.10873440285205
"flapper",11,"sem_probit",4,"binary",0,2.31359924534747e-06,0.10873440285205
"flapper",11,"sem_probit",4,"binary",0,2.6261683972886e-07,0.10873440285205
"flapper",11,"sem_probit",4,"binary",0,0.117143577693761,0.10873440285205
"flapper",11,"sem_probit",4,"binary",0,2.19666066221815e-06,0.10873440285205
"flapper",11,"sem_probit",4,"binary",0,4.1135796860072e-05,0.10873440285205
"flapper",11,"sem_probit",4,"binary",0,4.65625517973398e-08,0.10873440285205
"flapper",11,"sem_probit",4,"binary",0,1.9189596950773e-05,0.10873440285205
"flapper",11,"sem_probit",4,"binary",0,8.52639936782604e-12,0.10873440285205
"flapper",11,"sem_probit",5,"binary",0,0.0690487550321136,0.124561403508772
"flapper",11,"sem_probit",5,"binary",0,2.83660184637925e-12,0.124561403508772
"flapper",11,"sem_probit",5,"binary",0,1.44259450037407e-13,0.124561403508772
"flapper",11,"sem_probit",5,"binary",0,3.22350294698471e-07,0.124561403508772
"flapper",11,"sem_probit",5,"binary",0,0.000810730009912632,0.124561403508772
"flapper",11,"sem_probit",5,"binary",0,0.00471085595031548,0.124561403508772
"flapper",11,"sem_probit",5,"binary",0,0.000150831708461417,0.124561403508772
"flapper",11,"sem_probit",5,"binary",0,0.033335317816222,0.124561403508772
"flapper",11,"sem_probit",5,"binary",0,5.46240084399627e-14,0.124561403508772
"flapper",11,"sem_probit",5,"binary",0,7.16462998134994e-05,0.124561403508772
"flapper",11,"sem_probit",5,"binary",0,0.0230918302652862,0.124561403508772
"flapper",11,"sem_probit",5,"binary",0,1.37187290393489e-13,0.124561403508772
"flapper",11,"sem_probit",5,"binary",0,2.78772934486805e-07,0.124561403508772
"flapper",11,"sem_probit",5,"binary",0,5.8063895037461e-05,0.124561403508772
"flapper",11,"sem_probit",5,"binary",0,0.0145220996740955,0.124561403508772
"flapper",11,"sem_probit",5,"binary",0,5.52629370462205e-08,0.124561403508772
"flapper",11,"sem_probit",5,"binary",0,0.280177230242245,0.124561403508772
"flapper",11,"sem_probit",5,"binary",0,0.00363125056331108,0.124561403508772
"flapper",11,"sem_probit",5,"binary",0,1.057732990357e-08,0.124561403508772
"flapper",11,"sem_probit",5,"binary",0,0.0109422626501599,0.124561403508772
"flapper",11,"sem_probit",5,"binary",0,4.06151520745177e-14,0.124561403508772
"flapper",11,"sem_probit",5,"binary",0,1.79076085356804e-05,0.124561403508772
"flapper",11,"sem_probit",5,"binary",0,5.84308917246632e-10,0.124561403508772
"flapper",11,"sem_probit",5,"binary",0,8.33562364620656e-07,0.124561403508772
"flapper",11,"sem_probit",5,"binary",0,0.014240444771134,0.124561403508772
"flapper",11,"sem_probit",5,"binary",0,0.0530074591503611,0.124561403508772
"flapper",11,"sem_probit",5,"binary",0,0.55640814285202,0.124561403508772
"flapper",11,"sem_probit",5,"binary",0,5.26518505618605e-14,0.124561403508772
"flapper",11,"sem_probit",5,"binary",0,0.0288123400762246,0.124561403508772
"flapper",11,"sem_probit",5,"binary",0,0.295212240086508,0.124561403508772
"flapper",11,"sem_probit",5,"binary",0,0.00590977238894422,0.124561403508772
"flapper",11,"sem_probit",5,"binary",0,0.106612305808041,0.124561403508772
"flapper",11,"sem_probit",5,"binary",0,0.101899871917776,0.124561403508772
"flapper",11,"sem_probit",5,"binary",0,0.124533078138813,0.124561403508772
"flapper",11,"sem_probit",5,"binary",0,1.56006334206537e-11,0.124561403508772
"flapper",11,"sem_probit",5,"binary",0,0.00181547615805842,0.124561403508772
"flapper",11,"sem_probit",5,"binary",0,0.0482082508066864,0.124561403508772
"flapper",11,"sem_probit",5,"binary",0,0.000245907244867732,0.124561403508772
"flapper",11,"sem_probit",5,"binary",0,0.000149264655082406,0.124561403508772
"flapper",11,"sem_probit",5,"binary",0,5.95419575065772e-05,0.124561403508772
"flapper",11,"sem_probit",5,"binary",0,0.0108223408177653,0.124561403508772
"flapper",11,"sem_probit",5,"binary",0,0.0309630190146417,0.124561403508772
"flapper",11,"sem_probit",5,"binary",0,0.0162889799446235,0.124561403508772
"flapper",11,"sem_probit",5,"binary",0,0.00399666097213465,0.124561403508772
"flapper",11,"sem_probit",5,"binary",0,2.02747952788011e-08,0.124561403508772
"flapper",11,"sem_probit",5,"binary",0,4.71321427117883e-06,0.124561403508772
"flapper",11,"sem_probit",5,"binary",0,2.32540969098777e-14,0.124561403508772
"flapper",11,"sem_probit",5,"binary",0,0.0183211935042555,0.124561403508772
"flapper",11,"sem_probit",5,"binary",0,4.94413821880915e-09,0.124561403508772
"flapper",11,"sem_probit",5,"binary",0,1.15141054937915e-10,0.124561403508772
"flapper",11,"sem_probit",5,"binary",0,2.1402568541302e-07,0.124561403508772
"flapper",11,"sem_probit",5,"binary",0,0.112369804988384,0.124561403508772
"flapper",11,"sem_probit",5,"binary",0,1.10757349811267e-10,0.124561403508772
"flapper",11,"sem_probit",5,"binary",0,0.0138235270764782,0.124561403508772
"flapper",11,"sem_probit",5,"binary",0,1.92981392421553e-09,0.124561403508772
"flapper",11,"sem_probit",5,"binary",0,0.00631851623082948,0.124561403508772
"flapper",11,"sem_probit",5,"binary",0,0.166831773196012,0.124561403508772
"flapper",11,"sem_probit",5,"binary",0,0.0453046354198768,0.124561403508772
"flapper",11,"sem_probit",5,"binary",0,0.0136779515469284,0.124561403508772
"flapper",11,"sem_probit",5,"binary",0,0.2828791619382,0.124561403508772
"flapper",11,"sem_probit",5,"binary",0,0.00442277506973959,0.124561403508772
"flapper",11,"sem_probit",5,"binary",0,0.0182751637265828,0.124561403508772
"flapper",11,"sem_probit",5,"binary",0,0.000240258898010702,0.124561403508772
"flapper",11,"sem_probit",5,"binary",0,7.51318373899996e-12,0.124561403508772
"flapper",11,"sem_probit",5,"binary",0,2.68334940103074e-05,0.124561403508772
"flapper",11,"sem_probit",5,"binary",0,0.0860924382331565,0.124561403508772
"flapper",11,"sem_probit",5,"binary",0,1.86722482598652e-10,0.124561403508772
"flapper",11,"sem_probit",5,"binary",0,0.00217187465652412,0.124561403508772
"flapper",11,"sem_probit",5,"binary",0,7.49122377235553e-13,0.124561403508772
"flapper",11,"sem_probit",5,"binary",0,3.10577281909338e-08,0.124561403508772
"flapper",11,"sem_probit",5,"binary",0,0.0122370195910367,0.124561403508772
"flapper",11,"sem_probit",5,"binary",0,0.0732770863385667,0.124561403508772
"flapper",11,"sem_probit",5,"binary",0,0.000815998834652136,0.124561403508772
"flapper",11,"sem_probit",5,"binary",0,0.0148835603261051,0.124561403508772
"flapper",11,"sem_probit",5,"binary",1,0.031166227266075,0.124561403508772
"flapper",11,"sem_probit",5,"binary",0,0.00134388919200188,0.124561403508772
"flapper",11,"sem_probit",5,"binary",0,0.00128699579415558,0.124561403508772
"flapper",11,"sem_probit",5,"binary",0,0.169961853951193,0.124561403508772
"flapper",11,"sem_probit",5,"binary",0,0.00259565644396022,0.124561403508772
"flapper",11,"sem_probit",5,"binary",0,0.000356891734027638,0.124561403508772
"flapper",11,"sem_probit",5,"binary",0,5.34240842687028e-15,0.124561403508772
"flapper",11,"sem_probit",5,"binary",0,1.40808591156957e-10,0.124561403508772
"flapper",11,"sem_probit",5,"binary",0,0.000232162721084074,0.124561403508772
"flapper",11,"sem_probit",5,"binary",0,1.51758149996738e-09,0.124561403508772
"flapper",11,"sem_probit",5,"binary",0,0.0395196210134599,0.124561403508772
"flapper",11,"sem_probit",5,"binary",0,0.00116117484781977,0.124561403508772
"flapper",11,"sem_probit",5,"binary",0,0.0880995647501396,0.124561403508772
"flapper",11,"sem_probit",5,"binary",0,0.106342166517977,0.124561403508772
"flapper",11,"sem_probit",5,"binary",0,5.92247512614547e-05,0.124561403508772
"flapper",11,"sem_probit",5,"binary",0,1.10540194505151e-10,0.124561403508772
"flapper",11,"sem_probit",5,"binary",0,0.0130477207765015,0.124561403508772
"flapper",11,"sem_probit",5,"binary",0,2.13491563806844e-07,0.124561403508772
"flapper",11,"sem_probit",5,"binary",0,1.70392987074315e-05,0.124561403508772
"flapper",11,"sem_probit",5,"binary",0,1.73805947906769e-05,0.124561403508772
"flapper",11,"sem_probit",5,"binary",0,0.006146918177201,0.124561403508772
"flapper",11,"sem_probit",5,"binary",0,0.0301886368850289,0.124561403508772
"flapper",11,"sem_probit",5,"binary",0,5.93993928133222e-05,0.124561403508772
"flapper",11,"sem_probit",5,"binary",0,0.109525475271554,0.124561403508772
"flapper",11,"sem_probit",5,"binary",0,7.69030440354742e-10,0.124561403508772
"flapper",11,"sem_probit",5,"binary",0,0.248663742545003,0.124561403508772
"flapper",11,"sem_probit",5,"binary",0,0.0971365884960786,0.124561403508772
"flapper",11,"sem_probit",5,"binary",0,1.21945877144679e-06,0.124561403508772
"flapper",11,"sem_probit",5,"binary",0,0.163539851586349,0.124561403508772
"flapper",11,"sem_probit",5,"binary",0,1.06646030379199e-06,0.124561403508772
"flapper",11,"sem_probit",5,"binary",0,1.17725221360356e-09,0.124561403508772
"flapper",11,"sem_probit",5,"binary",0,1.43220151378157e-07,0.124561403508772
"flapper",11,"sem_probit",5,"binary",0,0.105944409411381,0.124561403508772
"flapper",11,"sem_probit",5,"binary",0,5.54462396698038e-10,0.124561403508772
"flapper",11,"sem_probit",5,"binary",0,1.70407153828634e-09,0.124561403508772
"flapper",11,"sem_probit",5,"binary",0,0.0980716824698628,0.124561403508772
"flapper",11,"sem_probit",5,"binary",0,0.105252207627966,0.124561403508772
"flapper",11,"sem_probit",5,"binary",0,0.110701060892566,0.124561403508772
"flapper",11,"sem_probit",5,"binary",0,0.0584656141874753,0.124561403508772
"flapper",11,"sem_probit",5,"binary",0,0.0129457510311797,0.124561403508772
"flapper",11,"sem_probit",5,"binary",0,0.0387295972754888,0.124561403508772
"flapper",11,"sem_probit",5,"binary",0,0.00365689222075137,0.124561403508772
"flapper",11,"sem_probit",5,"binary",0,4.58926021740445e-09,0.124561403508772
"flapper",11,"sem_probit",5,"binary",0,1.67985627690484e-09,0.124561403508772
"flapper",11,"sem_probit",5,"binary",0,0.160935607187947,0.124561403508772
"flapper",11,"sem_probit",5,"binary",0,0.160974374111062,0.124561403508772
"flapper",11,"sem_probit",5,"binary",0,0.0314995979854624,0.124561403508772
"flapper",11,"sem_probit",5,"binary",0,0.0114622038074926,0.124561403508772
"flapper",11,"sem_probit",5,"binary",0,0.000499618008008357,0.124561403508772
"flapper",11,"sem_probit",5,"binary",0,1.24407961101524e-05,0.124561403508772
"flapper",11,"sem_probit",5,"binary",0,0.129254766639935,0.124561403508772
"flapper",11,"sem_probit",5,"binary",0,0.000653773215500033,0.124561403508772
"flapper",11,"sem_probit",5,"binary",0,2.4320600955945e-13,0.124561403508772
"flapper",11,"sem_probit",5,"binary",0,0.0152352576043546,0.124561403508772
"flapper",11,"sem_probit",5,"binary",0,0.0298753958790503,0.124561403508772
"flapper",11,"sem_probit",5,"binary",0,1.58285779597108e-08,0.124561403508772
"flapper",11,"sem_probit",5,"binary",0,0.0614040385628298,0.124561403508772
"flapper",11,"sem_probit",5,"binary",0,4.22830604719276e-07,0.124561403508772
"flapper",11,"sem_probit",5,"binary",0,0.0615709191157676,0.124561403508772
"flapper",11,"sem_probit",5,"binary",0,4.24873028115992e-11,0.124561403508772
"flapper",11,"sem_probit",5,"binary",0,0.0266191063797496,0.124561403508772
"flapper",11,"sem_probit",5,"binary",0,0.031258703252453,0.124561403508772
"flapper",11,"sem_probit",5,"binary",0,0.00083838529655501,0.124561403508772
"flapper",11,"inla_spde",1,"binary",0,0.226255441582657,0.123214285714286
"flapper",11,"inla_spde",1,"binary",0,0.128419823094381,0.123214285714286
"flapper",11,"inla_spde",1,"binary",0,0.375712992732807,0.123214285714286
"flapper",11,"inla_spde",1,"binary",0,0.103394434980538,0.123214285714286
"flapper",11,"inla_spde",1,"binary",0,0.0854686419000643,0.123214285714286
"flapper",11,"inla_spde",1,"binary",0,0.0692298108168177,0.123214285714286
"flapper",11,"inla_spde",1,"binary",0,0.232594176332217,0.123214285714286
"flapper",11,"inla_spde",1,"binary",1,0.0358787804741276,0.123214285714286
"flapper",11,"inla_spde",1,"binary",0,0.328486375089407,0.123214285714286
"flapper",11,"inla_spde",1,"binary",0,0.0989153502041652,0.123214285714286
"flapper",11,"inla_spde",1,"binary",0,0.206107253146082,0.123214285714286
"flapper",11,"inla_spde",1,"binary",0,0.361143726611814,0.123214285714286
"flapper",11,"inla_spde",1,"binary",0,0.299186143063809,0.123214285714286
"flapper",11,"inla_spde",1,"binary",0,0.322853822474915,0.123214285714286
"flapper",11,"inla_spde",1,"binary",0,0.29773338406104,0.123214285714286
"flapper",11,"inla_spde",1,"binary",0,0.248285405245004,0.123214285714286
"flapper",11,"inla_spde",1,"binary",0,0.0442164232732032,0.123214285714286
"flapper",11,"inla_spde",1,"binary",0,0.314244639556562,0.123214285714286
"flapper",11,"inla_spde",1,"binary",0,0.29773338406104,0.123214285714286
"flapper",11,"inla_spde",1,"binary",0,0.434639700376257,0.123214285714286
"flapper",11,"inla_spde",1,"binary",0,0.299186143063809,0.123214285714286
"flapper",11,"inla_spde",1,"binary",0,0.343498653870544,0.123214285714286
"flapper",11,"inla_spde",1,"binary",0,0.213933508924727,0.123214285714286
"flapper",11,"inla_spde",1,"binary",0,0.366530779035906,0.123214285714286
"flapper",11,"inla_spde",1,"binary",0,0.342171784537724,0.123214285714286
"flapper",11,"inla_spde",1,"binary",1,0.395787452282932,0.123214285714286
"flapper",11,"inla_spde",1,"binary",0,0.375212436125186,0.123214285714286
"flapper",11,"inla_spde",1,"binary",0,0.427638335682009,0.123214285714286
"flapper",11,"inla_spde",1,"binary",0,0.37355298009851,0.123214285714286
"flapper",11,"inla_spde",1,"binary",0,0.434639700376257,0.123214285714286
"flapper",11,"inla_spde",1,"binary",0,0.167407353798796,0.123214285714286
"flapper",11,"inla_spde",1,"binary",1,0.235717674281334,0.123214285714286
"flapper",11,"inla_spde",1,"binary",0,0.419649280428005,0.123214285714286
"flapper",11,"inla_spde",1,"binary",0,0.000313255511543116,0.123214285714286
"flapper",11,"inla_spde",1,"binary",0,0.00109584378854291,0.123214285714286
"flapper",11,"inla_spde",1,"binary",0,0.00111075574938387,0.123214285714286
"flapper",11,"inla_spde",1,"binary",0,0.000702429420230766,0.123214285714286
"flapper",11,"inla_spde",1,"binary",0,0.00102215454319728,0.123214285714286
"flapper",11,"inla_spde",1,"binary",0,0.000931231046363252,0.123214285714286
"flapper",11,"inla_spde",1,"binary",0,0.000983631729994296,0.123214285714286
"flapper",11,"inla_spde",1,"binary",0,0.000424744056108518,0.123214285714286
"flapper",11,"inla_spde",1,"binary",0,0.000271682316716158,0.123214285714286
"flapper",11,"inla_spde",1,"binary",0,0.000617034305325444,0.123214285714286
"flapper",11,"inla_spde",1,"binary",0,0.00123742486802936,0.123214285714286
"flapper",11,"inla_spde",1,"binary",0,0.03729263114694,0.123214285714286
"flapper",11,"inla_spde",1,"binary",0,0.000679341204779076,0.123214285714286
"flapper",11,"inla_spde",1,"binary",0,0.00018575361179026,0.123214285714286
"flapper",11,"inla_spde",1,"binary",0,0.0191037480094001,0.123214285714286
"flapper",11,"inla_spde",1,"binary",0,0.0349030919206689,0.123214285714286
"flapper",11,"inla_spde",1,"binary",0,0.029089823036241,0.123214285714286
"flapper",11,"inla_spde",1,"binary",0,0.0297500278820063,0.123214285714286
"flapper",11,"inla_spde",1,"binary",0,0.00059459088559284,0.123214285714286
"flapper",11,"inla_spde",1,"binary",0,0.000550702952522706,0.123214285714286
"flapper",11,"inla_spde",1,"binary",0,0.000341170411874653,0.123214285714286
"flapper",11,"inla_spde",1,"binary",0,0.000656614309594633,0.123214285714286
"flapper",11,"inla_spde",1,"binary",0,0.0137430979417789,0.123214285714286
"flapper",11,"inla_spde",1,"binary",0,0.000919249753339999,0.123214285714286
"flapper",11,"inla_spde",1,"binary",0,0.000328161160457164,0.123214285714286
"flapper",11,"inla_spde",1,"binary",0,0.0159457814130411,0.123214285714286
"flapper",11,"inla_spde",1,"binary",0,0.0125700454606457,0.123214285714286
"flapper",11,"inla_spde",1,"binary",0,0.00070210275611872,0.123214285714286
"flapper",11,"inla_spde",1,"binary",0,0.000645469871481063,0.123214285714286
"flapper",11,"inla_spde",1,"binary",0,0.000547745069151416,0.123214285714286
"flapper",11,"inla_spde",1,"binary",0,0.000123164026393165,0.123214285714286
"flapper",11,"inla_spde",1,"binary",0,0.0143883932487169,0.123214285714286
"flapper",11,"inla_spde",1,"binary",0,0.000200794914096686,0.123214285714286
"flapper",11,"inla_spde",1,"binary",0,0.00914379317238587,0.123214285714286
"flapper",11,"inla_spde",1,"binary",0,0.000177754612809138,0.123214285714286
"flapper",11,"inla_spde",1,"binary",0,0.000574384885552627,0.123214285714286
"flapper",11,"inla_spde",1,"binary",0,0.000407842000409165,0.123214285714286
"flapper",11,"inla_spde",1,"binary",0,0.00105986595745,0.123214285714286
"flapper",11,"inla_spde",1,"binary",0,0.0135868066271959,0.123214285714286
"flapper",11,"inla_spde",1,"binary",0,0.000819671387842936,0.123214285714286
"flapper",11,"inla_spde",1,"binary",0,0.000552314385473934,0.123214285714286
"flapper",11,"inla_spde",1,"binary",0,0.000102382465614063,0.123214285714286
"flapper",11,"inla_spde",1,"binary",0,0.000727746241474977,0.123214285714286
"flapper",11,"inla_spde",1,"binary",0,0.000144037855373165,0.123214285714286
"flapper",11,"inla_spde",1,"binary",0,0.00106953393112038,0.123214285714286
"flapper",11,"inla_spde",1,"binary",0,0.010367461388681,0.123214285714286
"flapper",11,"inla_spde",1,"binary",0,0.000310872493573018,0.123214285714286
"flapper",11,"inla_spde",1,"binary",0,0.010233878764682,0.123214285714286
"flapper",11,"inla_spde",1,"binary",0,0.000121022731945306,0.123214285714286
"flapper",11,"inla_spde",1,"binary",0,0.000228405660209085,0.123214285714286
"flapper",11,"inla_spde",1,"binary",0,0.000463903352832149,0.123214285714286
"flapper",11,"inla_spde",1,"binary",0,0.000231337847860091,0.123214285714286
"flapper",11,"inla_spde",1,"binary",0,0.00109450782657087,0.123214285714286
"flapper",11,"inla_spde",1,"binary",0,0.0277243016429628,0.123214285714286
"flapper",11,"inla_spde",1,"binary",0,0.00120784827702982,0.123214285714286
"flapper",11,"inla_spde",1,"binary",0,0.00111197598500014,0.123214285714286
"flapper",11,"inla_spde",1,"binary",0,0.0152321069650391,0.123214285714286
"flapper",11,"inla_spde",1,"binary",0,0.000224065326199818,0.123214285714286
"flapper",11,"inla_spde",1,"binary",0,0.00116693250029883,0.123214285714286
"flapper",11,"inla_spde",1,"binary",0,0.000838113389934777,0.123214285714286
"flapper",11,"inla_spde",1,"binary",0,0.019387666158684,0.123214285714286
"flapper",11,"inla_spde",1,"binary",0,0.000109738727039981,0.123214285714286
"flapper",11,"inla_spde",1,"binary",0,0.0175530883842849,0.123214285714286
"flapper",11,"inla_spde",1,"binary",0,0.000388394202551865,0.123214285714286
"flapper",11,"inla_spde",1,"binary",0,0.000424660840484981,0.123214285714286
"flapper",11,"inla_spde",1,"binary",0,0.000361765752876669,0.123214285714286
"flapper",11,"inla_spde",1,"binary",0,0.0215598616584373,0.123214285714286
"flapper",11,"inla_spde",1,"binary",0,0.000422366659118494,0.123214285714286
"flapper",11,"inla_spde",1,"binary",0,0.0101208232675611,0.123214285714286
"flapper",11,"inla_spde",1,"binary",0,0.000909819802453078,0.123214285714286
"flapper",11,"inla_spde",1,"binary",0,0.0011878833815223,0.123214285714286
"flapper",11,"inla_spde",1,"binary",0,0.000519561964833528,0.123214285714286
"flapper",11,"inla_spde",1,"binary",0,0.00139256585422679,0.123214285714286
"flapper",11,"inla_spde",1,"binary",0,0.000391745544773641,0.123214285714286
"flapper",11,"inla_spde",1,"binary",0,0.04550430828344,0.123214285714286
"flapper",11,"inla_spde",1,"binary",0,0.00915045672399148,0.123214285714286
"flapper",11,"inla_spde",1,"binary",0,0.0346166833161688,0.123214285714286
"flapper",11,"inla_spde",1,"binary",0,0.0215056017846683,0.123214285714286
"flapper",11,"inla_spde",1,"binary",0,0.0163541378404259,0.123214285714286
"flapper",11,"inla_spde",1,"binary",0,0.0144034049422454,0.123214285714286
"flapper",11,"inla_spde",1,"binary",0,0.0404176562024621,0.123214285714286
"flapper",11,"inla_spde",1,"binary",0,0.00095397399569158,0.123214285714286
"flapper",11,"inla_spde",1,"binary",0,0.000119332867025126,0.123214285714286
"flapper",11,"inla_spde",1,"binary",0,0.0269197980858736,0.123214285714286
"flapper",11,"inla_spde",1,"binary",0,0.000776878315863595,0.123214285714286
"flapper",11,"inla_spde",1,"binary",0,0.031939004919223,0.123214285714286
"flapper",11,"inla_spde",1,"binary",0,0.0198244857971617,0.123214285714286
"flapper",11,"inla_spde",1,"binary",0,0.0413992539800363,0.123214285714286
"flapper",11,"inla_spde",1,"binary",0,0.000384654087215896,0.123214285714286
"flapper",11,"inla_spde",1,"binary",0,0.000551619312246645,0.123214285714286
"flapper",11,"inla_spde",1,"binary",0,0.0463736532343911,0.123214285714286
"flapper",11,"inla_spde",1,"binary",0,0.0246016973048079,0.123214285714286
"flapper",11,"inla_spde",1,"binary",0,0.00111146463176589,0.123214285714286
"flapper",11,"inla_spde",1,"binary",0,0.0265581090934151,0.123214285714286
"flapper",11,"inla_spde",1,"binary",0,0.000929812556038435,0.123214285714286
"flapper",11,"inla_spde",1,"binary",0,0.00038344645703732,0.123214285714286
"flapper",11,"inla_spde",1,"binary",0,0.0448219864382679,0.123214285714286
"flapper",11,"inla_spde",1,"binary",0,0.00018071777512597,0.123214285714286
"flapper",11,"inla_spde",1,"binary",0,0.00961480954719848,0.123214285714286
"flapper",11,"inla_spde",1,"binary",0,0.00119537698925975,0.123214285714286
"flapper",11,"inla_spde",1,"binary",0,0.00108520630132836,0.123214285714286
"flapper",11,"inla_spde",1,"binary",0,0.0173563789106796,0.123214285714286
"flapper",11,"inla_spde",1,"binary",0,0.000180078053973227,0.123214285714286
"flapper",11,"inla_spde",1,"binary",0,0.000291076653136305,0.123214285714286
"flapper",11,"inla_spde",1,"binary",0,0.00132836320028285,0.123214285714286
"flapper",11,"inla_spde",1,"binary",0,0.000505851387594117,0.123214285714286
"flapper",11,"inla_spde",1,"binary",0,0.000471123568641693,0.123214285714286
"flapper",11,"inla_spde",1,"binary",0,0.000311854655355736,0.123214285714286
"flapper",11,"inla_spde",1,"binary",0,0.000573406232904578,0.123214285714286
"flapper",11,"inla_spde",1,"binary",0,0.0165935863371555,0.123214285714286
"flapper",11,"inla_spde",1,"binary",0,0.000752471059771724,0.123214285714286
"flapper",11,"inla_spde",1,"binary",0,0.000957033207309288,0.123214285714286
"flapper",11,"inla_spde",1,"binary",0,0.00124280791493267,0.123214285714286
"flapper",11,"inla_spde",1,"binary",0,0.000907967519049042,0.123214285714286
"flapper",11,"inla_spde",2,"binary",0,0.31417202145339,0.0813148788927336
"flapper",11,"inla_spde",2,"binary",1,0.348443636781079,0.0813148788927336
"flapper",11,"inla_spde",2,"binary",0,0.354558567021077,0.0813148788927336
"flapper",11,"inla_spde",2,"binary",0,0.550012387448032,0.0813148788927336
"flapper",11,"inla_spde",2,"binary",1,0.518083084290703,0.0813148788927336
"flapper",11,"inla_spde",2,"binary",0,0.320323180110101,0.0813148788927336
"flapper",11,"inla_spde",2,"binary",0,0.511225467425396,0.0813148788927336
"flapper",11,"inla_spde",2,"binary",0,0.182880362762583,0.0813148788927336
"flapper",11,"inla_spde",2,"binary",0,0.521367337588133,0.0813148788927336
"flapper",11,"inla_spde",2,"binary",0,0.347619690417103,0.0813148788927336
"flapper",11,"inla_spde",2,"binary",0,0.347717448290353,0.0813148788927336
"flapper",11,"inla_spde",2,"binary",0,0.408131326684679,0.0813148788927336
"flapper",11,"inla_spde",2,"binary",0,0.334050685463597,0.0813148788927336
"flapper",11,"inla_spde",2,"binary",0,0.355761361278558,0.0813148788927336
"flapper",11,"inla_spde",2,"binary",0,0.349758441223816,0.0813148788927336
"flapper",11,"inla_spde",2,"binary",0,0.213189924294903,0.0813148788927336
"flapper",11,"inla_spde",2,"binary",1,0.354070871662651,0.0813148788927336
"flapper",11,"inla_spde",2,"binary",1,0.377099851375479,0.0813148788927336
"flapper",11,"inla_spde",2,"binary",0,0.313816504375472,0.0813148788927336
"flapper",11,"inla_spde",2,"binary",1,0.356732134600422,0.0813148788927336
"flapper",11,"inla_spde",2,"binary",0,0.518077294937505,0.0813148788927336
"flapper",11,"inla_spde",2,"binary",1,0.509697091015194,0.0813148788927336
"flapper",11,"inla_spde",2,"binary",1,0.486475657402854,0.0813148788927336
"flapper",11,"inla_spde",2,"binary",0,0.270538744996145,0.0813148788927336
"flapper",11,"inla_spde",2,"binary",0,0.0784458066302895,0.0813148788927336
"flapper",11,"inla_spde",2,"binary",0,0.0709633058939819,0.0813148788927336
"flapper",11,"inla_spde",2,"binary",0,0.104313226252417,0.0813148788927336
"flapper",11,"inla_spde",2,"binary",0,0.0857429134812158,0.0813148788927336
"flapper",11,"inla_spde",2,"binary",0,0.0133019201374692,0.0813148788927336
"flapper",11,"inla_spde",2,"binary",0,0.0374034996460229,0.0813148788927336
"flapper",11,"inla_spde",2,"binary",0,0.0987596494188406,0.0813148788927336
"flapper",11,"inla_spde",2,"binary",0,0.0711418320817644,0.0813148788927336
"flapper",11,"inla_spde",2,"binary",0,0.0212527190174911,0.0813148788927336
"flapper",11,"inla_spde",2,"binary",0,0.0493756411455418,0.0813148788927336
"flapper",11,"inla_spde",2,"binary",0,0.0730054766347004,0.0813148788927336
"flapper",11,"inla_spde",2,"binary",0,0.0382897855917465,0.0813148788927336
"flapper",11,"inla_spde",2,"binary",0,0.071821635649935,0.0813148788927336
"flapper",11,"inla_spde",2,"binary",0,0.0347790409195317,0.0813148788927336
"flapper",11,"inla_spde",2,"binary",0,0.0248268645055662,0.0813148788927336
"flapper",11,"inla_spde",2,"binary",1,0.0586831036553006,0.0813148788927336
"flapper",11,"inla_spde",2,"binary",0,0.130616245166015,0.0813148788927336
"flapper",11,"inla_spde",2,"binary",0,0.0727016931694204,0.0813148788927336
"flapper",11,"inla_spde",2,"binary",0,0.03779096396894,0.0813148788927336
"flapper",11,"inla_spde",2,"binary",0,0.104085260683843,0.0813148788927336
"flapper",11,"inla_spde",2,"binary",0,0.0436386468244253,0.0813148788927336
"flapper",11,"inla_spde",2,"binary",0,0.120788817176595,0.0813148788927336
"flapper",11,"inla_spde",2,"binary",0,0.0492996824352487,0.0813148788927336
"flapper",11,"inla_spde",2,"binary",0,0.0720998660230627,0.0813148788927336
"flapper",11,"inla_spde",2,"binary",0,0.263463947254219,0.0813148788927336
"flapper",11,"inla_spde",2,"binary",0,0.0466427231867549,0.0813148788927336
"flapper",11,"inla_spde",2,"binary",0,0.10412259415978,0.0813148788927336
"flapper",11,"inla_spde",2,"binary",0,0.0710511544225397,0.0813148788927336
"flapper",11,"inla_spde",2,"binary",0,0.0242818777720192,0.0813148788927336
"flapper",11,"inla_spde",2,"binary",0,0.11739036955679,0.0813148788927336
"flapper",11,"inla_spde",2,"binary",0,0.108396666711558,0.0813148788927336
"flapper",11,"inla_spde",2,"binary",0,0.294543297876795,0.0813148788927336
"flapper",11,"inla_spde",2,"binary",0,0.0378038906335487,0.0813148788927336
"flapper",11,"inla_spde",2,"binary",0,0.0839479985396635,0.0813148788927336
"flapper",11,"inla_spde",2,"binary",0,0.127277978234757,0.0813148788927336
"flapper",11,"inla_spde",2,"binary",0,0.0850219069261961,0.0813148788927336
"flapper",11,"inla_spde",2,"binary",0,0.0979095631210691,0.0813148788927336
"flapper",11,"inla_spde",2,"binary",0,0.0924241538696414,0.0813148788927336
"flapper",11,"inla_spde",2,"binary",0,0.055205926896932,0.0813148788927336
"flapper",11,"inla_spde",2,"binary",0,0.0537390383751918,0.0813148788927336
"flapper",11,"inla_spde",2,"binary",0,0.0740353873838106,0.0813148788927336
"flapper",11,"inla_spde",2,"binary",0,0.393713324779483,0.0813148788927336
"flapper",11,"inla_spde",2,"binary",0,0.0426979206626593,0.0813148788927336
"flapper",11,"inla_spde",2,"binary",0,0.0455697392113121,0.0813148788927336
"flapper",11,"inla_spde",2,"binary",0,0.0985263831443049,0.0813148788927336
"flapper",11,"inla_spde",2,"binary",0,0.0977725457760881,0.0813148788927336
"flapper",11,"inla_spde",2,"binary",0,0.0266815473564333,0.0813148788927336
"flapper",11,"inla_spde",2,"binary",1,0.0681398016745039,0.0813148788927336
"flapper",11,"inla_spde",2,"binary",0,0.0139555283675166,0.0813148788927336
"flapper",11,"inla_spde",2,"binary",0,0.0648815031390518,0.0813148788927336
"flapper",11,"inla_spde",2,"binary",0,0.0210359642759432,0.0813148788927336
"flapper",11,"inla_spde",2,"binary",1,0.0419656935160176,0.0813148788927336
"flapper",11,"inla_spde",2,"binary",0,0.044778598318166,0.0813148788927336
"flapper",11,"inla_spde",2,"binary",1,0.455199989680266,0.0813148788927336
"flapper",11,"inla_spde",2,"binary",0,0.0405333774494505,0.0813148788927336
"flapper",11,"inla_spde",2,"binary",0,0.0608160253367483,0.0813148788927336
"flapper",11,"inla_spde",2,"binary",0,0.0408586940592853,0.0813148788927336
"flapper",11,"inla_spde",2,"binary",0,0.0473698088356788,0.0813148788927336
"flapper",11,"inla_spde",2,"binary",0,0.0417891002003214,0.0813148788927336
"flapper",11,"inla_spde",2,"binary",0,0.0499216618760765,0.0813148788927336
"flapper",11,"inla_spde",2,"binary",0,0.0582856038035277,0.0813148788927336
"flapper",11,"inla_spde",2,"binary",0,0.0325061799532879,0.0813148788927336
"flapper",11,"inla_spde",2,"binary",0,0.0131512514020223,0.0813148788927336
"flapper",11,"inla_spde",2,"binary",1,0.105240830969374,0.0813148788927336
"flapper",11,"inla_spde",2,"binary",0,0.107371544864461,0.0813148788927336
"flapper",11,"inla_spde",2,"binary",0,0.108528846975678,0.0813148788927336
"flapper",11,"inla_spde",2,"binary",0,0.105656391111746,0.0813148788927336
"flapper",11,"inla_spde",2,"binary",0,0.0413684426349394,0.0813148788927336
"flapper",11,"inla_spde",2,"binary",0,0.0361592796461361,0.0813148788927336
"flapper",11,"inla_spde",2,"binary",0,0.504131758103694,0.0813148788927336
"flapper",11,"inla_spde",2,"binary",0,0.344405259258636,0.0813148788927336
"flapper",11,"inla_spde",2,"binary",0,0.314730643088902,0.0813148788927336
"flapper",11,"inla_spde",2,"binary",0,0.415738857680753,0.0813148788927336
"flapper",11,"inla_spde",2,"binary",0,0.347419364794688,0.0813148788927336
"flapper",11,"inla_spde",2,"binary",1,0.359679748971528,0.0813148788927336
"flapper",11,"inla_spde",2,"binary",0,0.454612906970395,0.0813148788927336
"flapper",11,"inla_spde",2,"binary",0,0.399821081346892,0.0813148788927336
"flapper",11,"inla_spde",2,"binary",1,0.558284443030665,0.0813148788927336
"flapper",11,"inla_spde",2,"binary",0,0.381808730378044,0.0813148788927336
"flapper",11,"inla_spde",2,"binary",0,0.366949999917544,0.0813148788927336
"flapper",11,"inla_spde",2,"binary",1,0.619146441204394,0.0813148788927336
"flapper",11,"inla_spde",2,"binary",1,0.441528471481308,0.0813148788927336
"flapper",11,"inla_spde",2,"binary",0,0.339509042990643,0.0813148788927336
"flapper",11,"inla_spde",2,"binary",0,0.509376172501409,0.0813148788927336
"flapper",11,"inla_spde",2,"binary",0,0.632635733522545,0.0813148788927336
"flapper",11,"inla_spde",2,"binary",1,0.39486552278661,0.0813148788927336
"flapper",11,"inla_spde",2,"binary",1,0.29567143026574,0.0813148788927336
"flapper",11,"inla_spde",2,"binary",1,0.487973119511928,0.0813148788927336
"flapper",11,"inla_spde",2,"binary",0,0.643549311321052,0.0813148788927336
"flapper",11,"inla_spde",2,"binary",0,0.442766928332867,0.0813148788927336
"flapper",11,"inla_spde",2,"binary",0,0.542673179649308,0.0813148788927336
"flapper",11,"inla_spde",2,"binary",0,0.525150140821915,0.0813148788927336
"flapper",11,"inla_spde",2,"binary",1,0.384955790126281,0.0813148788927336
"flapper",11,"inla_spde",2,"binary",0,0.416472682240667,0.0813148788927336
"flapper",11,"inla_spde",2,"binary",0,0.211606697731942,0.0813148788927336
"flapper",11,"inla_spde",2,"binary",0,0.338734850193856,0.0813148788927336
"flapper",11,"inla_spde",2,"binary",1,0.381255539653062,0.0813148788927336
"flapper",11,"inla_spde",2,"binary",0,0.375491508101062,0.0813148788927336
"flapper",11,"inla_spde",2,"binary",1,0.532150073442034,0.0813148788927336
"flapper",11,"inla_spde",2,"binary",0,0.368564779575244,0.0813148788927336
"flapper",11,"inla_spde",2,"binary",0,0.252810327866598,0.0813148788927336
"flapper",11,"inla_spde",2,"binary",1,0.532290900554098,0.0813148788927336
"flapper",11,"inla_spde",2,"binary",1,0.677484778840588,0.0813148788927336
"flapper",11,"inla_spde",2,"binary",0,0.350720539201932,0.0813148788927336
"flapper",11,"inla_spde",2,"binary",1,0.414950709941413,0.0813148788927336
"flapper",11,"inla_spde",3,"binary",1,0.746195581422257,0.0715563506261181
"flapper",11,"inla_spde",3,"binary",1,0.788382439787856,0.0715563506261181
"flapper",11,"inla_spde",3,"binary",1,0.234422218082114,0.0715563506261181
"flapper",11,"inla_spde",3,"binary",0,0.810502128218808,0.0715563506261181
"flapper",11,"inla_spde",3,"binary",1,0.594941571014175,0.0715563506261181
"flapper",11,"inla_spde",3,"binary",1,0.669239192790365,0.0715563506261181
"flapper",11,"inla_spde",3,"binary",1,0.865285526193698,0.0715563506261181
"flapper",11,"inla_spde",3,"binary",0,0.610196546609656,0.0715563506261181
"flapper",11,"inla_spde",3,"binary",0,0.654454650965499,0.0715563506261181
"flapper",11,"inla_spde",3,"binary",0,0.638679004864916,0.0715563506261181
"flapper",11,"inla_spde",3,"binary",0,0.236597309265743,0.0715563506261181
"flapper",11,"inla_spde",3,"binary",0,0.550514295072473,0.0715563506261181
"flapper",11,"inla_spde",3,"binary",0,0.649072379373222,0.0715563506261181
"flapper",11,"inla_spde",3,"binary",1,0.799379576136282,0.0715563506261181
"flapper",11,"inla_spde",3,"binary",1,0.646176427092877,0.0715563506261181
"flapper",11,"inla_spde",3,"binary",0,0.537381399316405,0.0715563506261181
"flapper",11,"inla_spde",3,"binary",1,0.848462433257157,0.0715563506261181
"flapper",11,"inla_spde",3,"binary",1,0.741185955408961,0.0715563506261181
"flapper",11,"inla_spde",3,"binary",0,0.529932221015371,0.0715563506261181
"flapper",11,"inla_spde",3,"binary",0,0.864570227097528,0.0715563506261181
"flapper",11,"inla_spde",3,"binary",0,0.588873680791185,0.0715563506261181
"flapper",11,"inla_spde",3,"binary",0,0.737781087874181,0.0715563506261181
"flapper",11,"inla_spde",3,"binary",1,0.850319097145858,0.0715563506261181
"flapper",11,"inla_spde",3,"binary",1,0.720139717380671,0.0715563506261181
"flapper",11,"inla_spde",3,"binary",0,0.778268666229329,0.0715563506261181
"flapper",11,"inla_spde",3,"binary",0,0.216071081343021,0.0715563506261181
"flapper",11,"inla_spde",3,"binary",0,0.521070615424958,0.0715563506261181
"flapper",11,"inla_spde",3,"binary",0,0.60491343922356,0.0715563506261181
"flapper",11,"inla_spde",3,"binary",0,0.864302815389448,0.0715563506261181
"flapper",11,"inla_spde",3,"binary",0,0.199349848572891,0.0715563506261181
"flapper",11,"inla_spde",3,"binary",0,0.37452521428131,0.0715563506261181
"flapper",11,"inla_spde",3,"binary",0,0.218815278167722,0.0715563506261181
"flapper",11,"inla_spde",3,"binary",0,0.00617054440653096,0.0715563506261181
"flapper",11,"inla_spde",3,"binary",0,0.163766821456804,0.0715563506261181
"flapper",11,"inla_spde",3,"binary",0,0.320883895420814,0.0715563506261181
"flapper",11,"inla_spde",3,"binary",0,0.144265415492161,0.0715563506261181
"flapper",11,"inla_spde",3,"binary",0,0.220598739038288,0.0715563506261181
"flapper",11,"inla_spde",3,"binary",0,0.0290143612775673,0.0715563506261181
"flapper",11,"inla_spde",3,"binary",0,0.350854916141242,0.0715563506261181
"flapper",11,"inla_spde",3,"binary",0,0.0357613420051655,0.0715563506261181
"flapper",11,"inla_spde",3,"binary",0,0.443971533538326,0.0715563506261181
"flapper",11,"inla_spde",3,"binary",0,0.319427040879715,0.0715563506261181
"flapper",11,"inla_spde",3,"binary",0,0.248969579284376,0.0715563506261181
"flapper",11,"inla_spde",3,"binary",0,0.42270023139323,0.0715563506261181
"flapper",11,"inla_spde",3,"binary",0,0.055586266963495,0.0715563506261181
"flapper",11,"inla_spde",3,"binary",0,0.291067359739617,0.0715563506261181
"flapper",11,"inla_spde",3,"binary",0,0.144422695530791,0.0715563506261181
"flapper",11,"inla_spde",3,"binary",0,0.331810260350959,0.0715563506261181
"flapper",11,"inla_spde",3,"binary",0,0.216125517057975,0.0715563506261181
"flapper",11,"inla_spde",3,"binary",0,0.282269718862313,0.0715563506261181
"flapper",11,"inla_spde",3,"binary",0,0.0086949916106928,0.0715563506261181
"flapper",11,"inla_spde",3,"binary",0,0.180766116241738,0.0715563506261181
"flapper",11,"inla_spde",3,"binary",0,0.0115205081939729,0.0715563506261181
"flapper",11,"inla_spde",3,"binary",0,0.144966747925606,0.0715563506261181
"flapper",11,"inla_spde",3,"binary",0,0.0562328168927626,0.0715563506261181
"flapper",11,"inla_spde",3,"binary",0,0.286493058163873,0.0715563506261181
"flapper",11,"inla_spde",3,"binary",0,0.18059474414363,0.0715563506261181
"flapper",11,"inla_spde",3,"binary",0,0.291343694969378,0.0715563506261181
"flapper",11,"inla_spde",3,"binary",0,0.291814859934579,0.0715563506261181
"flapper",11,"inla_spde",3,"binary",0,0.358120259710088,0.0715563506261181
"flapper",11,"inla_spde",3,"binary",0,0.345731574400337,0.0715563506261181
"flapper",11,"inla_spde",3,"binary",0,0.441720456233706,0.0715563506261181
"flapper",11,"inla_spde",3,"binary",0,0.0371249660368265,0.0715563506261181
"flapper",11,"inla_spde",3,"binary",0,0.206080949922392,0.0715563506261181
"flapper",11,"inla_spde",3,"binary",0,0.0233857825900836,0.0715563506261181
"flapper",11,"inla_spde",3,"binary",0,0.389769071148477,0.0715563506261181
"flapper",11,"inla_spde",3,"binary",0,0.127173335046397,0.0715563506261181
"flapper",11,"inla_spde",3,"binary",0,0.0779155753621298,0.0715563506261181
"flapper",11,"inla_spde",3,"binary",0,0.010007207848615,0.0715563506261181
"flapper",11,"inla_spde",3,"binary",0,0.0535727276332345,0.0715563506261181
"flapper",11,"inla_spde",3,"binary",0,0.00820293538189884,0.0715563506261181
"flapper",11,"inla_spde",3,"binary",0,0.384860499502508,0.0715563506261181
"flapper",11,"inla_spde",3,"binary",0,0.263333390423844,0.0715563506261181
"flapper",11,"inla_spde",3,"binary",0,0.426265293058442,0.0715563506261181
"flapper",11,"inla_spde",3,"binary",1,0.0466352310993517,0.0715563506261181
"flapper",11,"inla_spde",3,"binary",0,0.326071782922469,0.0715563506261181
"flapper",11,"inla_spde",3,"binary",0,0.00872011209753859,0.0715563506261181
"flapper",11,"inla_spde",3,"binary",1,0.765489868618317,0.0715563506261181
"flapper",11,"inla_spde",3,"binary",0,0.252760670768396,0.0715563506261181
"flapper",11,"inla_spde",3,"binary",0,0.264783862063025,0.0715563506261181
"flapper",11,"inla_spde",3,"binary",0,0.0979003686104648,0.0715563506261181
"flapper",11,"inla_spde",3,"binary",0,0.329535716099964,0.0715563506261181
"flapper",11,"inla_spde",3,"binary",0,0.209475350605039,0.0715563506261181
"flapper",11,"inla_spde",3,"binary",0,0.112298173081751,0.0715563506261181
"flapper",11,"inla_spde",3,"binary",0,0.0120861839565201,0.0715563506261181
"flapper",11,"inla_spde",3,"binary",0,0.698158787893098,0.0715563506261181
"flapper",11,"inla_spde",3,"binary",0,0.22352378617065,0.0715563506261181
"flapper",11,"inla_spde",3,"binary",0,0.500376875199897,0.0715563506261181
"flapper",11,"inla_spde",3,"binary",0,0.331810260350959,0.0715563506261181
"flapper",11,"inla_spde",3,"binary",0,0.0879833517856043,0.0715563506261181
"flapper",11,"inla_spde",3,"binary",0,0.121474998472224,0.0715563506261181
"flapper",11,"inla_spde",3,"binary",0,0.0256107491246749,0.0715563506261181
"flapper",11,"inla_spde",3,"binary",0,0.149671647204271,0.0715563506261181
"flapper",11,"inla_spde",3,"binary",0,0.255335041958302,0.0715563506261181
"flapper",11,"inla_spde",3,"binary",0,0.33811276082165,0.0715563506261181
"flapper",11,"inla_spde",3,"binary",0,0.0994781742389867,0.0715563506261181
"flapper",11,"inla_spde",3,"binary",0,0.148968979070682,0.0715563506261181
"flapper",11,"inla_spde",3,"binary",0,0.0102649565649141,0.0715563506261181
"flapper",11,"inla_spde",3,"binary",0,0.198491428537535,0.0715563506261181
"flapper",11,"inla_spde",3,"binary",0,0.216415638897031,0.0715563506261181
"flapper",11,"inla_spde",3,"binary",0,0.244611251056042,0.0715563506261181
"flapper",11,"inla_spde",3,"binary",0,0.293265726079208,0.0715563506261181
"flapper",11,"inla_spde",3,"binary",0,0.181723791751776,0.0715563506261181
"flapper",11,"inla_spde",3,"binary",0,0.00706880456152034,0.0715563506261181
"flapper",11,"inla_spde",3,"binary",0,0.0519615281269515,0.0715563506261181
"flapper",11,"inla_spde",3,"binary",0,0.263302729083158,0.0715563506261181
"flapper",11,"inla_spde",3,"binary",0,0.29393383167353,0.0715563506261181
"flapper",11,"inla_spde",3,"binary",1,0.815620694402419,0.0715563506261181
"flapper",11,"inla_spde",3,"binary",0,0.760800828490522,0.0715563506261181
"flapper",11,"inla_spde",3,"binary",1,0.770253343399172,0.0715563506261181
"flapper",11,"inla_spde",3,"binary",0,0.374498725046743,0.0715563506261181
"flapper",11,"inla_spde",3,"binary",0,0.218927047311519,0.0715563506261181
"flapper",11,"inla_spde",3,"binary",1,0.78101603767804,0.0715563506261181
"flapper",11,"inla_spde",3,"binary",1,0.830698282174813,0.0715563506261181
"flapper",11,"inla_spde",3,"binary",0,0.707249575229931,0.0715563506261181
"flapper",11,"inla_spde",3,"binary",0,0.654794869361163,0.0715563506261181
"flapper",11,"inla_spde",3,"binary",0,0.419989859350349,0.0715563506261181
"flapper",11,"inla_spde",3,"binary",1,0.788529808273365,0.0715563506261181
"flapper",11,"inla_spde",3,"binary",1,0.83875424966457,0.0715563506261181
"flapper",11,"inla_spde",3,"binary",0,0.86271946707535,0.0715563506261181
"flapper",11,"inla_spde",3,"binary",1,0.504184112480823,0.0715563506261181
"flapper",11,"inla_spde",3,"binary",0,0.389662046949274,0.0715563506261181
"flapper",11,"inla_spde",3,"binary",0,0.779896384685959,0.0715563506261181
"flapper",11,"inla_spde",3,"binary",1,0.846055456953156,0.0715563506261181
"flapper",11,"inla_spde",3,"binary",0,0.400244612284061,0.0715563506261181
"flapper",11,"inla_spde",3,"binary",0,0.500933994530429,0.0715563506261181
"flapper",11,"inla_spde",3,"binary",1,0.784276695409704,0.0715563506261181
"flapper",11,"inla_spde",3,"binary",1,0.860645177792396,0.0715563506261181
"flapper",11,"inla_spde",3,"binary",0,0.870349166090908,0.0715563506261181
"flapper",11,"inla_spde",3,"binary",1,0.768224529478733,0.0715563506261181
"flapper",11,"inla_spde",3,"binary",0,0.199368712815408,0.0715563506261181
"flapper",11,"inla_spde",3,"binary",1,0.858719201227991,0.0715563506261181
"flapper",11,"inla_spde",3,"binary",1,0.754352928206737,0.0715563506261181
"flapper",11,"inla_spde",3,"binary",0,0.847939283469882,0.0715563506261181
"flapper",11,"inla_spde",3,"binary",1,0.29502576323689,0.0715563506261181
"flapper",11,"inla_spde",3,"binary",0,0.724393309163488,0.0715563506261181
"flapper",11,"inla_spde",3,"binary",0,0.865324975076028,0.0715563506261181
"flapper",11,"inla_spde",3,"binary",0,0.728893456193544,0.0715563506261181
"flapper",11,"inla_spde",3,"binary",1,0.799838486584303,0.0715563506261181
"flapper",11,"inla_spde",3,"binary",0,0.569059806483133,0.0715563506261181
"flapper",11,"inla_spde",3,"binary",0,0.778543880043293,0.0715563506261181
"flapper",11,"inla_spde",3,"binary",0,0.412504925348065,0.0715563506261181
"flapper",11,"inla_spde",3,"binary",0,0.760332641922338,0.0715563506261181
"flapper",11,"inla_spde",3,"binary",1,0.848449366182626,0.0715563506261181
"flapper",11,"inla_spde",3,"binary",0,0.775907774249096,0.0715563506261181
"flapper",11,"inla_spde",3,"binary",1,0.857879507703069,0.0715563506261181
"flapper",11,"inla_spde",3,"binary",1,0.684895089054439,0.0715563506261181
"flapper",11,"inla_spde",3,"binary",0,0.734922460534619,0.0715563506261181
"flapper",11,"inla_spde",4,"binary",0,0.364994819809903,0.10873440285205
"flapper",11,"inla_spde",4,"binary",0,0.472843876808249,0.10873440285205
"flapper",11,"inla_spde",4,"binary",1,0.190214624108506,0.10873440285205
"flapper",11,"inla_spde",4,"binary",0,0.627767065248144,0.10873440285205
"flapper",11,"inla_spde",4,"binary",0,0.0935251991512205,0.10873440285205
"flapper",11,"inla_spde",4,"binary",0,0.373748985848445,0.10873440285205
"flapper",11,"inla_spde",4,"binary",0,0.449184047328326,0.10873440285205
"flapper",11,"inla_spde",4,"binary",0,0.386569155578237,0.10873440285205
"flapper",11,"inla_spde",4,"binary",1,0.18246606307412,0.10873440285205
"flapper",11,"inla_spde",4,"binary",0,0.299017416813582,0.10873440285205
"flapper",11,"inla_spde",4,"binary",0,0.168683615798792,0.10873440285205
"flapper",11,"inla_spde",4,"binary",1,0.272591618131087,0.10873440285205
"flapper",11,"inla_spde",4,"binary",1,0.0875669217294267,0.10873440285205
"flapper",11,"inla_spde",4,"binary",0,0.168683615798792,0.10873440285205
"flapper",11,"inla_spde",4,"binary",0,0.0763540138402164,0.10873440285205
"flapper",11,"inla_spde",4,"binary",0,0.0309107753417898,0.10873440285205
"flapper",11,"inla_spde",4,"binary",0,0.237675774552141,0.10873440285205
"flapper",11,"inla_spde",4,"binary",0,0.155024603906046,0.10873440285205
"flapper",11,"inla_spde",4,"binary",0,0.0849864529644172,0.10873440285205
"flapper",11,"inla_spde",4,"binary",0,0.0751136715841343,0.10873440285205
"flapper",11,"inla_spde",4,"binary",0,0.106518275210662,0.10873440285205
"flapper",11,"inla_spde",4,"binary",0,0.0617984943448264,0.10873440285205
"flapper",11,"inla_spde",4,"binary",0,0.160007114488212,0.10873440285205
"flapper",11,"inla_spde",4,"binary",0,0.0644279122881127,0.10873440285205
"flapper",11,"inla_spde",4,"binary",0,0.230676882764135,0.10873440285205
"flapper",11,"inla_spde",4,"binary",0,0.0602265570523548,0.10873440285205
"flapper",11,"inla_spde",4,"binary",0,0.0569302491662671,0.10873440285205
"flapper",11,"inla_spde",4,"binary",0,0.0868958402515836,0.10873440285205
"flapper",11,"inla_spde",4,"binary",0,0.0517577920748764,0.10873440285205
"flapper",11,"inla_spde",4,"binary",0,0.0978885401362464,0.10873440285205
"flapper",11,"inla_spde",4,"binary",0,0.556248624663093,0.10873440285205
"flapper",11,"inla_spde",4,"binary",0,0.067763375753046,0.10873440285205
"flapper",11,"inla_spde",4,"binary",0,0.120610770726065,0.10873440285205
"flapper",11,"inla_spde",4,"binary",0,0.0850403064695859,0.10873440285205
"flapper",11,"inla_spde",4,"binary",0,0.261765259830474,0.10873440285205
"flapper",11,"inla_spde",4,"binary",1,0.0990971755772406,0.10873440285205
"flapper",11,"inla_spde",4,"binary",0,0.49438616624876,0.10873440285205
"flapper",11,"inla_spde",4,"binary",0,0.439151667747689,0.10873440285205
"flapper",11,"inla_spde",4,"binary",0,0.0914843565735595,0.10873440285205
"flapper",11,"inla_spde",4,"binary",1,0.0711906613639694,0.10873440285205
"flapper",11,"inla_spde",4,"binary",0,0.0879673751831706,0.10873440285205
"flapper",11,"inla_spde",4,"binary",0,0.178981395928092,0.10873440285205
"flapper",11,"inla_spde",4,"binary",0,0.228121994881988,0.10873440285205
"flapper",11,"inla_spde",4,"binary",1,0.376344442727357,0.10873440285205
"flapper",11,"inla_spde",4,"binary",1,0.0618209022495491,0.10873440285205
"flapper",11,"inla_spde",4,"binary",0,0.067763375753046,0.10873440285205
"flapper",11,"inla_spde",4,"binary",0,0.103497700566455,0.10873440285205
"flapper",11,"inla_spde",4,"binary",0,0.0681631465585925,0.10873440285205
"flapper",11,"inla_spde",4,"binary",0,0.09632816600618,0.10873440285205
"flapper",11,"inla_spde",4,"binary",0,0.0731114334929,0.10873440285205
"flapper",11,"inla_spde",4,"binary",0,0.067763375753046,0.10873440285205
"flapper",11,"inla_spde",4,"binary",0,0.123902602687295,0.10873440285205
"flapper",11,"inla_spde",4,"binary",1,0.295115001552199,0.10873440285205
"flapper",11,"inla_spde",4,"binary",0,0.0516084887064099,0.10873440285205
"flapper",11,"inla_spde",4,"binary",0,0.116043887011299,0.10873440285205
"flapper",11,"inla_spde",4,"binary",1,0.42432258710654,0.10873440285205
"flapper",11,"inla_spde",4,"binary",1,0.249751775377602,0.10873440285205
"flapper",11,"inla_spde",4,"binary",0,0.322651749177576,0.10873440285205
"flapper",11,"inla_spde",4,"binary",0,0.322789189631258,0.10873440285205
"flapper",11,"inla_spde",4,"binary",0,0.30559761727384,0.10873440285205
"flapper",11,"inla_spde",4,"binary",0,0.0178739343789806,0.10873440285205
"flapper",11,"inla_spde",4,"binary",0,0.0316692785740597,0.10873440285205
"flapper",11,"inla_spde",4,"binary",0,0.00767616398350741,0.10873440285205
"flapper",11,"inla_spde",4,"binary",0,0.00836365980223163,0.10873440285205
"flapper",11,"inla_spde",4,"binary",0,0.011461342652311,0.10873440285205
"flapper",11,"inla_spde",4,"binary",0,0.0579104958051404,0.10873440285205
"flapper",11,"inla_spde",4,"binary",0,0.00309687642697497,0.10873440285205
"flapper",11,"inla_spde",4,"binary",0,0.100855890715547,0.10873440285205
"flapper",11,"inla_spde",4,"binary",0,0.0320405224775355,0.10873440285205
"flapper",11,"inla_spde",4,"binary",0,0.00424035833448214,0.10873440285205
"flapper",11,"inla_spde",4,"binary",0,0.0230425141233325,0.10873440285205
"flapper",11,"inla_spde",4,"binary",0,0.114756987774467,0.10873440285205
"flapper",11,"inla_spde",4,"binary",0,0.00755426684951172,0.10873440285205
"flapper",11,"inla_spde",4,"binary",0,0.00390794581805576,0.10873440285205
"flapper",11,"inla_spde",4,"binary",0,0.00394747258728388,0.10873440285205
"flapper",11,"inla_spde",4,"binary",0,0.00218664858328617,0.10873440285205
"flapper",11,"inla_spde",4,"binary",0,0.0104128751928104,0.10873440285205
"flapper",11,"inla_spde",4,"binary",0,0.0118288706735012,0.10873440285205
"flapper",11,"inla_spde",4,"binary",0,0.00322476083479444,0.10873440285205
"flapper",11,"inla_spde",4,"binary",0,0.023894288014033,0.10873440285205
"flapper",11,"inla_spde",4,"binary",0,0.00373146477196899,0.10873440285205
"flapper",11,"inla_spde",4,"binary",0,0.0716676777386362,0.10873440285205
"flapper",11,"inla_spde",4,"binary",0,0.00308887106116962,0.10873440285205
"flapper",11,"inla_spde",4,"binary",0,0.00298341459932142,0.10873440285205
"flapper",11,"inla_spde",4,"binary",0,0.00410008827793426,0.10873440285205
"flapper",11,"inla_spde",4,"binary",0,0.0333695941247765,0.10873440285205
"flapper",11,"inla_spde",4,"binary",0,0.00373045077577163,0.10873440285205
"flapper",11,"inla_spde",4,"binary",0,0.0578615934773221,0.10873440285205
"flapper",11,"inla_spde",4,"binary",0,0.00356160599853043,0.10873440285205
"flapper",11,"inla_spde",4,"binary",0,0.0275212972903623,0.10873440285205
"flapper",11,"inla_spde",4,"binary",0,0.053596393167057,0.10873440285205
"flapper",11,"inla_spde",4,"binary",0,0.00267544223722562,0.10873440285205
"flapper",11,"inla_spde",4,"binary",0,0.0200618344551329,0.10873440285205
"flapper",11,"inla_spde",4,"binary",0,0.0109617959078361,0.10873440285205
"flapper",11,"inla_spde",4,"binary",0,0.0536119419519934,0.10873440285205
"flapper",11,"inla_spde",4,"binary",0,0.0025004346266527,0.10873440285205
"flapper",11,"inla_spde",4,"binary",0,0.00284776689215526,0.10873440285205
"flapper",11,"inla_spde",4,"binary",0,0.0458382250735635,0.10873440285205
"flapper",11,"inla_spde",4,"binary",0,0.0427774487770255,0.10873440285205
"flapper",11,"inla_spde",4,"binary",0,0.00267284190280939,0.10873440285205
"flapper",11,"inla_spde",4,"binary",0,0.00261829049230237,0.10873440285205
"flapper",11,"inla_spde",4,"binary",0,0.00363898873750116,0.10873440285205
"flapper",11,"inla_spde",4,"binary",0,0.0125565581676129,0.10873440285205
"flapper",11,"inla_spde",4,"binary",0,0.00260983646501901,0.10873440285205
"flapper",11,"inla_spde",4,"binary",0,0.00234039206354208,0.10873440285205
"flapper",11,"inla_spde",4,"binary",0,0.00316753389735318,0.10873440285205
"flapper",11,"inla_spde",4,"binary",0,0.00440995680112848,0.10873440285205
"flapper",11,"inla_spde",4,"binary",0,0.00280412876513856,0.10873440285205
"flapper",11,"inla_spde",4,"binary",0,0.0182691610454525,0.10873440285205
"flapper",11,"inla_spde",4,"binary",0,0.00833755313156831,0.10873440285205
"flapper",11,"inla_spde",4,"binary",0,0.00368705692338953,0.10873440285205
"flapper",11,"inla_spde",4,"binary",0,0.00620996823536623,0.10873440285205
"flapper",11,"inla_spde",4,"binary",0,0.00312761594035334,0.10873440285205
"flapper",11,"inla_spde",4,"binary",0,0.00423074451429829,0.10873440285205
"flapper",11,"inla_spde",4,"binary",0,0.00401097396044791,0.10873440285205
"flapper",11,"inla_spde",4,"binary",0,0.00905222699291879,0.10873440285205
"flapper",11,"inla_spde",4,"binary",0,0.00712578560886953,0.10873440285205
"flapper",11,"inla_spde",4,"binary",0,0.0760340652855869,0.10873440285205
"flapper",11,"inla_spde",4,"binary",0,0.00605989911156242,0.10873440285205
"flapper",11,"inla_spde",4,"binary",0,0.00260674337171458,0.10873440285205
"flapper",11,"inla_spde",4,"binary",0,0.0119634320578711,0.10873440285205
"flapper",11,"inla_spde",4,"binary",0,0.00372900925332138,0.10873440285205
"flapper",11,"inla_spde",4,"binary",0,0.00889963480529918,0.10873440285205
"flapper",11,"inla_spde",4,"binary",0,0.00221616635625041,0.10873440285205
"flapper",11,"inla_spde",4,"binary",0,0.0332982583859333,0.10873440285205
"flapper",11,"inla_spde",4,"binary",0,0.00713995368103024,0.10873440285205
"flapper",11,"inla_spde",4,"binary",0,0.00874627793252084,0.10873440285205
"flapper",11,"inla_spde",4,"binary",0,0.00350453355433081,0.10873440285205
"flapper",11,"inla_spde",4,"binary",0,0.00448445065939953,0.10873440285205
"flapper",11,"inla_spde",4,"binary",0,0.0038043743443,0.10873440285205
"flapper",11,"inla_spde",4,"binary",0,0.00302067236774633,0.10873440285205
"flapper",11,"inla_spde",4,"binary",0,0.00656122616541446,0.10873440285205
"flapper",11,"inla_spde",4,"binary",0,0.00465527495488104,0.10873440285205
"flapper",11,"inla_spde",4,"binary",0,0.00553963532750645,0.10873440285205
"flapper",11,"inla_spde",4,"binary",0,0.0263315681979436,0.10873440285205
"flapper",11,"inla_spde",4,"binary",0,0.00412098888522886,0.10873440285205
"flapper",11,"inla_spde",4,"binary",0,0.0287141982355598,0.10873440285205
"flapper",11,"inla_spde",4,"binary",0,0.00618661475381306,0.10873440285205
"flapper",11,"inla_spde",4,"binary",0,0.0040305883967062,0.10873440285205
"flapper",11,"inla_spde",4,"binary",0,0.00501171948163086,0.10873440285205
"flapper",11,"inla_spde",4,"binary",0,0.0381147719390434,0.10873440285205
"flapper",11,"inla_spde",4,"binary",0,0.00402085681348649,0.10873440285205
"flapper",11,"inla_spde",4,"binary",0,0.00397725010382205,0.10873440285205
"flapper",11,"inla_spde",4,"binary",0,0.0040236709622396,0.10873440285205
"flapper",11,"inla_spde",4,"binary",0,0.0177591287895196,0.10873440285205
"flapper",11,"inla_spde",4,"binary",0,0.00232101930643485,0.10873440285205
"flapper",11,"inla_spde",5,"binary",0,0.0177797490074739,0.124561403508772
"flapper",11,"inla_spde",5,"binary",0,0.00243729049197865,0.124561403508772
"flapper",11,"inla_spde",5,"binary",0,0.00275532356085627,0.124561403508772
"flapper",11,"inla_spde",5,"binary",0,0.00150385649505041,0.124561403508772
"flapper",11,"inla_spde",5,"binary",0,0.0113947771554408,0.124561403508772
"flapper",11,"inla_spde",5,"binary",0,0.0127967366731368,0.124561403508772
"flapper",11,"inla_spde",5,"binary",0,0.00517073844937303,0.124561403508772
"flapper",11,"inla_spde",5,"binary",0,0.0176512292822428,0.124561403508772
"flapper",11,"inla_spde",5,"binary",0,0.00313236799082193,0.124561403508772
"flapper",11,"inla_spde",5,"binary",0,0.00695169918245527,0.124561403508772
"flapper",11,"inla_spde",5,"binary",0,0.0294568987898761,0.124561403508772
"flapper",11,"inla_spde",5,"binary",0,0.0014181766079553,0.124561403508772
"flapper",11,"inla_spde",5,"binary",0,0.00155199694260479,0.124561403508772
"flapper",11,"inla_spde",5,"binary",0,0.00343415395211546,0.124561403508772
"flapper",11,"inla_spde",5,"binary",0,0.0209042907963851,0.124561403508772
"flapper",11,"inla_spde",5,"binary",0,0.00118231760013193,0.124561403508772
"flapper",11,"inla_spde",5,"binary",0,0.0471544019912207,0.124561403508772
"flapper",11,"inla_spde",5,"binary",0,0.00612645844701951,0.124561403508772
"flapper",11,"inla_spde",5,"binary",0,0.00115490204610045,0.124561403508772
"flapper",11,"inla_spde",5,"binary",0,0.0198753886579118,0.124561403508772
"flapper",11,"inla_spde",5,"binary",0,0.00272061338214172,0.124561403508772
"flapper",11,"inla_spde",5,"binary",0,0.00223524566379745,0.124561403508772
"flapper",11,"inla_spde",5,"binary",0,0.000870111964265353,0.124561403508772
"flapper",11,"inla_spde",5,"binary",0,0.00155003400808119,0.124561403508772
"flapper",11,"inla_spde",5,"binary",0,0.00830640987896795,0.124561403508772
"flapper",11,"inla_spde",5,"binary",0,0.0295150089803172,0.124561403508772
"flapper",11,"inla_spde",5,"binary",0,0.164730296825944,0.124561403508772
"flapper",11,"inla_spde",5,"binary",0,0.00325939803329913,0.124561403508772
"flapper",11,"inla_spde",5,"binary",0,0.0175773211618892,0.124561403508772
"flapper",11,"inla_spde",5,"binary",0,0.208393828307483,0.124561403508772
"flapper",11,"inla_spde",5,"binary",0,0.010615711372738,0.124561403508772
"flapper",11,"inla_spde",5,"binary",0,0.0262736904352832,0.124561403508772
"flapper",11,"inla_spde",5,"binary",0,0.0378778086648778,0.124561403508772
"flapper",11,"inla_spde",5,"binary",0,0.0362733626509986,0.124561403508772
"flapper",11,"inla_spde",5,"binary",0,0.00268859663972282,0.124561403508772
"flapper",11,"inla_spde",5,"binary",0,0.00771902054437336,0.124561403508772
"flapper",11,"inla_spde",5,"binary",0,0.0140071568478583,0.124561403508772
"flapper",11,"inla_spde",5,"binary",0,0.00348582808598757,0.124561403508772
"flapper",11,"inla_spde",5,"binary",0,0.00662368165716638,0.124561403508772
"flapper",11,"inla_spde",5,"binary",0,0.00424693137813881,0.124561403508772
"flapper",11,"inla_spde",5,"binary",0,0.00933019072900674,0.124561403508772
"flapper",11,"inla_spde",5,"binary",0,0.016356657770982,0.124561403508772
"flapper",11,"inla_spde",5,"binary",0,0.0157689467001209,0.124561403508772
"flapper",11,"inla_spde",5,"binary",0,0.00555874959120384,0.124561403508772
"flapper",11,"inla_spde",5,"binary",0,0.00328877018054746,0.124561403508772
"flapper",11,"inla_spde",5,"binary",0,0.00122530697932638,0.124561403508772
"flapper",11,"inla_spde",5,"binary",0,0.00276262871544281,0.124561403508772
"flapper",11,"inla_spde",5,"binary",0,0.0118469105368964,0.124561403508772
"flapper",11,"inla_spde",5,"binary",0,0.00302177387117521,0.124561403508772
"flapper",11,"inla_spde",5,"binary",0,0.00152432939112276,0.124561403508772
"flapper",11,"inla_spde",5,"binary",0,0.0014057613440129,0.124561403508772
"flapper",11,"inla_spde",5,"binary",0,0.0868854769120476,0.124561403508772
"flapper",11,"inla_spde",5,"binary",0,0.00145069948350759,0.124561403508772
"flapper",11,"inla_spde",5,"binary",0,0.0090764198256688,0.124561403508772
"flapper",11,"inla_spde",5,"binary",0,0.000961268661301897,0.124561403508772
"flapper",11,"inla_spde",5,"binary",0,0.0053835119889099,0.124561403508772
"flapper",11,"inla_spde",5,"binary",0,0.0531091843880953,0.124561403508772
"flapper",11,"inla_spde",5,"binary",0,0.0158756102125091,0.124561403508772
"flapper",11,"inla_spde",5,"binary",0,0.0138827303796935,0.124561403508772
"flapper",11,"inla_spde",5,"binary",0,0.083275399163878,0.124561403508772
"flapper",11,"inla_spde",5,"binary",0,0.0116328843103595,0.124561403508772
"flapper",11,"inla_spde",5,"binary",0,0.01181817064023,0.124561403508772
"flapper",11,"inla_spde",5,"binary",0,0.00298477964511505,0.124561403508772
"flapper",11,"inla_spde",5,"binary",0,0.00209813381253131,0.124561403508772
"flapper",11,"inla_spde",5,"binary",0,0.00289417326243329,0.124561403508772
"flapper",11,"inla_spde",5,"binary",0,0.0341741814221052,0.124561403508772
"flapper",11,"inla_spde",5,"binary",0,0.00083515022139595,0.124561403508772
"flapper",11,"inla_spde",5,"binary",0,0.00792941641675666,0.124561403508772
"flapper",11,"inla_spde",5,"binary",0,0.002693185663042,0.124561403508772
"flapper",11,"inla_spde",5,"binary",0,0.00128865287724782,0.124561403508772
"flapper",11,"inla_spde",5,"binary",0,0.0102294297659807,0.124561403508772
"flapper",11,"inla_spde",5,"binary",0,0.138337600633371,0.124561403508772
"flapper",11,"inla_spde",5,"binary",0,0.0114255899129143,0.124561403508772
"flapper",11,"inla_spde",5,"binary",0,0.00819029048287842,0.124561403508772
"flapper",11,"inla_spde",5,"binary",1,0.021954603199796,0.124561403508772
"flapper",11,"inla_spde",5,"binary",0,0.00687196814627933,0.124561403508772
"flapper",11,"inla_spde",5,"binary",0,0.013542243620923,0.124561403508772
"flapper",11,"inla_spde",5,"binary",0,0.0565440036683934,0.124561403508772
"flapper",11,"inla_spde",5,"binary",0,0.0141500776080907,0.124561403508772
"flapper",11,"inla_spde",5,"binary",0,0.00848857939602655,0.124561403508772
"flapper",11,"inla_spde",5,"binary",0,0.00164406324438098,0.124561403508772
"flapper",11,"inla_spde",5,"binary",0,0.00144620299440591,0.124561403508772
"flapper",11,"inla_spde",5,"binary",0,0.00897275527916898,0.124561403508772
"flapper",11,"inla_spde",5,"binary",0,0.00306099662384803,0.124561403508772
"flapper",11,"inla_spde",5,"binary",0,0.0126471590304948,0.124561403508772
"flapper",11,"inla_spde",5,"binary",0,0.0100356074967195,0.124561403508772
"flapper",11,"inla_spde",5,"binary",0,0.0355942278757402,0.124561403508772
"flapper",11,"inla_spde",5,"binary",0,0.0661511581791276,0.124561403508772
"flapper",11,"inla_spde",5,"binary",0,0.00424069797544733,0.124561403508772
"flapper",11,"inla_spde",5,"binary",0,0.00144964756806671,0.124561403508772
"flapper",11,"inla_spde",5,"binary",0,0.0136941785069465,0.124561403508772
"flapper",11,"inla_spde",5,"binary",0,0.00140364103513505,0.124561403508772
"flapper",11,"inla_spde",5,"binary",0,0.00236294459958533,0.124561403508772
"flapper",11,"inla_spde",5,"binary",0,0.00220831189434699,0.124561403508772
"flapper",11,"inla_spde",5,"binary",0,0.00991009938403122,0.124561403508772
"flapper",11,"inla_spde",5,"binary",0,0.0218855725014813,0.124561403508772
"flapper",11,"inla_spde",5,"binary",0,0.00423798124106729,0.124561403508772
"flapper",11,"inla_spde",5,"binary",0,0.0243635623772836,0.124561403508772
"flapper",11,"inla_spde",5,"binary",0,0.00101183329157943,0.124561403508772
"flapper",11,"inla_spde",5,"binary",0,0.192053679685504,0.124561403508772
"flapper",11,"inla_spde",5,"binary",0,0.0368959307048555,0.124561403508772
"flapper",11,"inla_spde",5,"binary",0,0.00157589045868503,0.124561403508772
"flapper",11,"inla_spde",5,"binary",0,0.0427196307524459,0.124561403508772
"flapper",11,"inla_spde",5,"binary",0,0.00242635832157439,0.124561403508772
"flapper",11,"inla_spde",5,"binary",0,0.00308771474006225,0.124561403508772
"flapper",11,"inla_spde",5,"binary",0,0.00304532374736575,0.124561403508772
"flapper",11,"inla_spde",5,"binary",0,0.0656481690363095,0.124561403508772
"flapper",11,"inla_spde",5,"binary",0,0.00195652319721697,0.124561403508772
"flapper",11,"inla_spde",5,"binary",0,0.00131440360235298,0.124561403508772
"flapper",11,"inla_spde",5,"binary",0,0.13298681864868,0.124561403508772
"flapper",11,"inla_spde",5,"binary",0,0.0263537205360312,0.124561403508772
"flapper",11,"inla_spde",5,"binary",0,0.0709199556691809,0.124561403508772
"flapper",11,"inla_spde",5,"binary",0,0.0278049854684559,0.124561403508772
"flapper",11,"inla_spde",5,"binary",0,0.0136581709651528,0.124561403508772
"flapper",11,"inla_spde",5,"binary",0,0.0224889507117318,0.124561403508772
"flapper",11,"inla_spde",5,"binary",0,0.0146852330204649,0.124561403508772
"flapper",11,"inla_spde",5,"binary",0,0.000934264198808925,0.124561403508772
"flapper",11,"inla_spde",5,"binary",0,0.00367831271223931,0.124561403508772
"flapper",11,"inla_spde",5,"binary",0,0.077247307321352,0.124561403508772
"flapper",11,"inla_spde",5,"binary",0,0.0352168852312839,0.124561403508772
"flapper",11,"inla_spde",5,"binary",0,0.0211032055765492,0.124561403508772
"flapper",11,"inla_spde",5,"binary",0,0.0127391003285734,0.124561403508772
"flapper",11,"inla_spde",5,"binary",0,0.00786249165698239,0.124561403508772
"flapper",11,"inla_spde",5,"binary",0,0.00168174041669385,0.124561403508772
"flapper",11,"inla_spde",5,"binary",0,0.0686079669789399,0.124561403508772
"flapper",11,"inla_spde",5,"binary",0,0.0146705894862184,0.124561403508772
"flapper",11,"inla_spde",5,"binary",0,0.00275390713503821,0.124561403508772
"flapper",11,"inla_spde",5,"binary",0,0.00866440299246252,0.124561403508772
"flapper",11,"inla_spde",5,"binary",0,0.0205899159416299,0.124561403508772
"flapper",11,"inla_spde",5,"binary",0,0.000980498172781692,0.124561403508772
"flapper",11,"inla_spde",5,"binary",0,0.0215731359595264,0.124561403508772
"flapper",11,"inla_spde",5,"binary",0,0.0014952249450157,0.124561403508772
"flapper",11,"inla_spde",5,"binary",0,0.030469644532128,0.124561403508772
"flapper",11,"inla_spde",5,"binary",0,0.0021924537954786,0.124561403508772
"flapper",11,"inla_spde",5,"binary",0,0.0164569020372543,0.124561403508772
"flapper",11,"inla_spde",5,"binary",0,0.0163996743938399,0.124561403508772
"flapper",11,"inla_spde",5,"binary",0,0.00742717227529397,0.124561403508772
"flapper",11,"inla_spde_group",1,"binary",0,0.225588570243788,0.123214285714286
"flapper",11,"inla_spde_group",1,"binary",0,0.123481489208656,0.123214285714286
"flapper",11,"inla_spde_group",1,"binary",0,0.376976473347505,0.123214285714286
"flapper",11,"inla_spde_group",1,"binary",0,0.0944175626697495,0.123214285714286
"flapper",11,"inla_spde_group",1,"binary",0,0.0821096653043642,0.123214285714286
"flapper",11,"inla_spde_group",1,"binary",0,0.0647936923415325,0.123214285714286
"flapper",11,"inla_spde_group",1,"binary",0,0.229073348494436,0.123214285714286
"flapper",11,"inla_spde_group",1,"binary",1,0.0339585286007453,0.123214285714286
"flapper",11,"inla_spde_group",1,"binary",0,0.332338639963145,0.123214285714286
"flapper",11,"inla_spde_group",1,"binary",0,0.0899728004200062,0.123214285714286
"flapper",11,"inla_spde_group",1,"binary",0,0.209476619981307,0.123214285714286
"flapper",11,"inla_spde_group",1,"binary",0,0.362712900637935,0.123214285714286
"flapper",11,"inla_spde_group",1,"binary",0,0.299011515057299,0.123214285714286
"flapper",11,"inla_spde_group",1,"binary",0,0.322254481054992,0.123214285714286
"flapper",11,"inla_spde_group",1,"binary",0,0.300532029249032,0.123214285714286
"flapper",11,"inla_spde_group",1,"binary",0,0.243550880586893,0.123214285714286
"flapper",11,"inla_spde_group",1,"binary",0,0.0410177394840666,0.123214285714286
"flapper",11,"inla_spde_group",1,"binary",0,0.313670294674887,0.123214285714286
"flapper",11,"inla_spde_group",1,"binary",0,0.300532029249032,0.123214285714286
"flapper",11,"inla_spde_group",1,"binary",0,0.439240268950085,0.123214285714286
"flapper",11,"inla_spde_group",1,"binary",0,0.299011515057299,0.123214285714286
"flapper",11,"inla_spde_group",1,"binary",0,0.346592621447877,0.123214285714286
"flapper",11,"inla_spde_group",1,"binary",0,0.208870821598843,0.123214285714286
"flapper",11,"inla_spde_group",1,"binary",0,0.368112835384689,0.123214285714286
"flapper",11,"inla_spde_group",1,"binary",0,0.344245977421919,0.123214285714286
"flapper",11,"inla_spde_group",1,"binary",1,0.40018363117198,0.123214285714286
"flapper",11,"inla_spde_group",1,"binary",0,0.377776083875494,0.123214285714286
"flapper",11,"inla_spde_group",1,"binary",0,0.432323210220924,0.123214285714286
"flapper",11,"inla_spde_group",1,"binary",0,0.376287120290649,0.123214285714286
"flapper",11,"inla_spde_group",1,"binary",0,0.439240268950085,0.123214285714286
"flapper",11,"inla_spde_group",1,"binary",0,0.162618506259356,0.123214285714286
"flapper",11,"inla_spde_group",1,"binary",1,0.22951095713465,0.123214285714286
"flapper",11,"inla_spde_group",1,"binary",0,0.425594005487865,0.123214285714286
"flapper",11,"inla_spde_group",1,"binary",0,6.73788408159279e-05,0.123214285714286
"flapper",11,"inla_spde_group",1,"binary",0,0.000478382937562695,0.123214285714286
"flapper",11,"inla_spde_group",1,"binary",0,0.000432128801302595,0.123214285714286
"flapper",11,"inla_spde_group",1,"binary",0,0.000144219434762595,0.123214285714286
"flapper",11,"inla_spde_group",1,"binary",0,6.9291591164226e-05,0.123214285714286
"flapper",11,"inla_spde_group",1,"binary",0,0.000777374883009121,0.123214285714286
"flapper",11,"inla_spde_group",1,"binary",0,0.000530555737847224,0.123214285714286
"flapper",11,"inla_spde_group",1,"binary",0,0.000184189896303765,0.123214285714286
"flapper",11,"inla_spde_group",1,"binary",0,5.21512538544791e-05,0.123214285714286
"flapper",11,"inla_spde_group",1,"binary",0,6.81669249527613e-05,0.123214285714286
"flapper",11,"inla_spde_group",1,"binary",0,0.000304731788492602,0.123214285714286
"flapper",11,"inla_spde_group",1,"binary",0,0.0388111144265796,0.123214285714286
"flapper",11,"inla_spde_group",1,"binary",0,0.000292599868795833,0.123214285714286
"flapper",11,"inla_spde_group",1,"binary",0,5.70303274612774e-05,0.123214285714286
"flapper",11,"inla_spde_group",1,"binary",0,0.0188062806444246,0.123214285714286
"flapper",11,"inla_spde_group",1,"binary",0,0.0363219062657574,0.123214285714286
"flapper",11,"inla_spde_group",1,"binary",0,0.0301836850243789,0.123214285714286
"flapper",11,"inla_spde_group",1,"binary",0,0.0298418170544019,0.123214285714286
"flapper",11,"inla_spde_group",1,"binary",0,0.000416056956160195,0.123214285714286
"flapper",11,"inla_spde_group",1,"binary",0,0.000282188755191904,0.123214285714286
"flapper",11,"inla_spde_group",1,"binary",0,7.3048457720483e-05,0.123214285714286
"flapper",11,"inla_spde_group",1,"binary",0,0.000697412087971498,0.123214285714286
"flapper",11,"inla_spde_group",1,"binary",0,0.0137177056562477,0.123214285714286
"flapper",11,"inla_spde_group",1,"binary",0,0.000812468431922621,0.123214285714286
"flapper",11,"inla_spde_group",1,"binary",0,7.08813460272509e-05,0.123214285714286
"flapper",11,"inla_spde_group",1,"binary",0,0.0153697750697297,0.123214285714286
"flapper",11,"inla_spde_group",1,"binary",0,0.0120229967228964,0.123214285714286
"flapper",11,"inla_spde_group",1,"binary",0,0.000298305245132671,0.123214285714286
"flapper",11,"inla_spde_group",1,"binary",0,0.000435793658148958,0.123214285714286
"flapper",11,"inla_spde_group",1,"binary",0,0.000954010591992913,0.123214285714286
"flapper",11,"inla_spde_group",1,"binary",0,2.20658844907327e-05,0.123214285714286
"flapper",11,"inla_spde_group",1,"binary",0,0.0139490047423933,0.123214285714286
"flapper",11,"inla_spde_group",1,"binary",0,5.35095152821431e-05,0.123214285714286
"flapper",11,"inla_spde_group",1,"binary",0,0.00822702266290312,0.123214285714286
"flapper",11,"inla_spde_group",1,"binary",0,5.60296918355387e-05,0.123214285714286
"flapper",11,"inla_spde_group",1,"binary",0,0.000388531465349494,0.123214285714286
"flapper",11,"inla_spde_group",1,"binary",0,9.6803119291902e-05,0.123214285714286
"flapper",11,"inla_spde_group",1,"binary",0,0.000394086268303172,0.123214285714286
"flapper",11,"inla_spde_group",1,"binary",0,0.012930370059847,0.123214285714286
"flapper",11,"inla_spde_group",1,"binary",0,0.000888836829250786,0.123214285714286
"flapper",11,"inla_spde_group",1,"binary",0,0.000140910687462129,0.123214285714286
"flapper",11,"inla_spde_group",1,"binary",0,1.93393614240961e-05,0.123214285714286
"flapper",11,"inla_spde_group",1,"binary",0,0.000150232829086423,0.123214285714286
"flapper",11,"inla_spde_group",1,"binary",0,2.50208595600309e-05,0.123214285714286
"flapper",11,"inla_spde_group",1,"binary",0,0.00108370377250912,0.123214285714286
"flapper",11,"inla_spde_group",1,"binary",0,0.00944830916236885,0.123214285714286
"flapper",11,"inla_spde_group",1,"binary",0,0.000129240596275098,0.123214285714286
"flapper",11,"inla_spde_group",1,"binary",0,0.00961885315402554,0.123214285714286
"flapper",11,"inla_spde_group",1,"binary",0,3.44903123777834e-05,0.123214285714286
"flapper",11,"inla_spde_group",1,"binary",0,4.69241483405346e-05,0.123214285714286
"flapper",11,"inla_spde_group",1,"binary",0,0.00015154908791693,0.123214285714286
"flapper",11,"inla_spde_group",1,"binary",0,6.17017046205893e-05,0.123214285714286
"flapper",11,"inla_spde_group",1,"binary",0,0.000480661432205541,0.123214285714286
"flapper",11,"inla_spde_group",1,"binary",0,0.0275440544675285,0.123214285714286
"flapper",11,"inla_spde_group",1,"binary",0,0.00015499357109425,0.123214285714286
"flapper",11,"inla_spde_group",1,"binary",0,9.50236935381294e-05,0.123214285714286
"flapper",11,"inla_spde_group",1,"binary",0,0.0150419560761429,0.123214285714286
"flapper",11,"inla_spde_group",1,"binary",0,0.000122864572387621,0.123214285714286
"flapper",11,"inla_spde_group",1,"binary",0,7.99906656943392e-05,0.123214285714286
"flapper",11,"inla_spde_group",1,"binary",0,0.00081749444609064,0.123214285714286
"flapper",11,"inla_spde_group",1,"binary",0,0.019585393126959,0.123214285714286
"flapper",11,"inla_spde_group",1,"binary",0,3.1790193251686e-05,0.123214285714286
"flapper",11,"inla_spde_group",1,"binary",0,0.0170352439240438,0.123214285714286
"flapper",11,"inla_spde_group",1,"binary",0,8.83243984964429e-05,0.123214285714286
"flapper",11,"inla_spde_group",1,"binary",0,0.000341220014311406,0.123214285714286
"flapper",11,"inla_spde_group",1,"binary",0,6.74178783709747e-05,0.123214285714286
"flapper",11,"inla_spde_group",1,"binary",0,0.0219335630472059,0.123214285714286
"flapper",11,"inla_spde_group",1,"binary",0,0.000118217627534969,0.123214285714286
"flapper",11,"inla_spde_group",1,"binary",0,0.00950424295996557,0.123214285714286
"flapper",11,"inla_spde_group",1,"binary",0,0.000801715251155217,0.123214285714286
"flapper",11,"inla_spde_group",1,"binary",0,0.000675032892586905,0.123214285714286
"flapper",11,"inla_spde_group",1,"binary",0,0.00052699285386271,0.123214285714286
"flapper",11,"inla_spde_group",1,"binary",0,0.000318756788035867,0.123214285714286
"flapper",11,"inla_spde_group",1,"binary",0,8.57717920438865e-05,0.123214285714286
"flapper",11,"inla_spde_group",1,"binary",0,0.0471757926551758,0.123214285714286
"flapper",11,"inla_spde_group",1,"binary",0,0.00895946642107578,0.123214285714286
"flapper",11,"inla_spde_group",1,"binary",0,0.0353174251569046,0.123214285714286
"flapper",11,"inla_spde_group",1,"binary",0,0.0218745903590101,0.123214285714286
"flapper",11,"inla_spde_group",1,"binary",0,0.0163068508251219,0.123214285714286
"flapper",11,"inla_spde_group",1,"binary",0,0.0139675349392529,0.123214285714286
"flapper",11,"inla_spde_group",1,"binary",0,0.0408391262547198,0.123214285714286
"flapper",11,"inla_spde_group",1,"binary",0,0.000959194726018512,0.123214285714286
"flapper",11,"inla_spde_group",1,"binary",0,2.2627097763756e-05,0.123214285714286
"flapper",11,"inla_spde_group",1,"binary",0,0.0268995512030254,0.123214285714286
"flapper",11,"inla_spde_group",1,"binary",0,8.92529979122167e-05,0.123214285714286
"flapper",11,"inla_spde_group",1,"binary",0,0.0321981024402089,0.123214285714286
"flapper",11,"inla_spde_group",1,"binary",0,0.0197584811590591,0.123214285714286
"flapper",11,"inla_spde_group",1,"binary",0,0.0418427742205907,0.123214285714286
"flapper",11,"inla_spde_group",1,"binary",0,9.02428864388386e-05,0.123214285714286
"flapper",11,"inla_spde_group",1,"binary",0,0.00028286234383473,0.123214285714286
"flapper",11,"inla_spde_group",1,"binary",0,0.0467962362629586,0.123214285714286
"flapper",11,"inla_spde_group",1,"binary",0,0.025276510160084,0.123214285714286
"flapper",11,"inla_spde_group",1,"binary",0,0.000434278541836561,0.123214285714286
"flapper",11,"inla_spde_group",1,"binary",0,0.0263781180647976,0.123214285714286
"flapper",11,"inla_spde_group",1,"binary",0,0.000778135976199866,0.123214285714286
"flapper",11,"inla_spde_group",1,"binary",0,0.000216134544225164,0.123214285714286
"flapper",11,"inla_spde_group",1,"binary",0,0.0465446925156413,0.123214285714286
"flapper",11,"inla_spde_group",1,"binary",0,4.4452995409947e-05,0.123214285714286
"flapper",11,"inla_spde_group",1,"binary",0,0.00859746426855836,0.123214285714286
"flapper",11,"inla_spde_group",1,"binary",0,7.90728199203617e-05,0.123214285714286
"flapper",11,"inla_spde_group",1,"binary",0,0.000473076965996455,0.123214285714286
"flapper",11,"inla_spde_group",1,"binary",0,0.0172965357228515,0.123214285714286
"flapper",11,"inla_spde_group",1,"binary",0,5.43533132933709e-05,0.123214285714286
"flapper",11,"inla_spde_group",1,"binary",0,0.000200360203761242,0.123214285714286
"flapper",11,"inla_spde_group",1,"binary",0,0.00018038416314789,0.123214285714286
"flapper",11,"inla_spde_group",1,"binary",0,9.83095486630114e-05,0.123214285714286
"flapper",11,"inla_spde_group",1,"binary",0,0.000368247153703297,0.123214285714286
"flapper",11,"inla_spde_group",1,"binary",0,0.000124364401457616,0.123214285714286
"flapper",11,"inla_spde_group",1,"binary",0,0.00100858622055176,0.123214285714286
"flapper",11,"inla_spde_group",1,"binary",0,0.0164216846544158,0.123214285714286
"flapper",11,"inla_spde_group",1,"binary",0,0.000153824559893756,0.123214285714286
"flapper",11,"inla_spde_group",1,"binary",0,5.97098538664297e-05,0.123214285714286
"flapper",11,"inla_spde_group",1,"binary",0,0.00121216114562797,0.123214285714286
"flapper",11,"inla_spde_group",1,"binary",0,0.000194478634092373,0.123214285714286
"flapper",11,"inla_spde_group",2,"binary",0,0.180828194608302,0.0813148788927336
"flapper",11,"inla_spde_group",2,"binary",1,0.2324635219263,0.0813148788927336
"flapper",11,"inla_spde_group",2,"binary",0,0.227801410864359,0.0813148788927336
"flapper",11,"inla_spde_group",2,"binary",0,0.460623345681732,0.0813148788927336
"flapper",11,"inla_spde_group",2,"binary",1,0.403310746935164,0.0813148788927336
"flapper",11,"inla_spde_group",2,"binary",0,0.18162334275738,0.0813148788927336
"flapper",11,"inla_spde_group",2,"binary",0,0.399270007429603,0.0813148788927336
"flapper",11,"inla_spde_group",2,"binary",0,0.115772547909845,0.0813148788927336
"flapper",11,"inla_spde_group",2,"binary",0,0.410141420072983,0.0813148788927336
"flapper",11,"inla_spde_group",2,"binary",0,0.204346665110551,0.0813148788927336
"flapper",11,"inla_spde_group",2,"binary",0,0.207668766469058,0.0813148788927336
"flapper",11,"inla_spde_group",2,"binary",0,0.269875875785586,0.0813148788927336
"flapper",11,"inla_spde_group",2,"binary",0,0.202542394480854,0.0813148788927336
"flapper",11,"inla_spde_group",2,"binary",0,0.229251159738804,0.0813148788927336
"flapper",11,"inla_spde_group",2,"binary",0,0.238936553644215,0.0813148788927336
"flapper",11,"inla_spde_group",2,"binary",0,0.120439771590403,0.0813148788927336
"flapper",11,"inla_spde_group",2,"binary",1,0.220280626637535,0.0813148788927336
"flapper",11,"inla_spde_group",2,"binary",1,0.229089864978704,0.0813148788927336
"flapper",11,"inla_spde_group",2,"binary",0,0.174699582592698,0.0813148788927336
"flapper",11,"inla_spde_group",2,"binary",1,0.23730148612092,0.0813148788927336
"flapper",11,"inla_spde_group",2,"binary",0,0.423019234768309,0.0813148788927336
"flapper",11,"inla_spde_group",2,"binary",1,0.394160374925073,0.0813148788927336
"flapper",11,"inla_spde_group",2,"binary",1,0.374075877753067,0.0813148788927336
"flapper",11,"inla_spde_group",2,"binary",0,0.168566499428468,0.0813148788927336
"flapper",11,"inla_spde_group",2,"binary",0,0.0645822884068381,0.0813148788927336
"flapper",11,"inla_spde_group",2,"binary",0,0.0726982254994318,0.0813148788927336
"flapper",11,"inla_spde_group",2,"binary",0,0.0818057573654666,0.0813148788927336
"flapper",11,"inla_spde_group",2,"binary",0,0.0223047119057937,0.0813148788927336
"flapper",11,"inla_spde_group",2,"binary",0,0.0102180622861311,0.0813148788927336
"flapper",11,"inla_spde_group",2,"binary",0,0.0237714664675401,0.0813148788927336
"flapper",11,"inla_spde_group",2,"binary",0,0.0218438108265952,0.0813148788927336
"flapper",11,"inla_spde_group",2,"binary",0,0.0525969147093092,0.0813148788927336
"flapper",11,"inla_spde_group",2,"binary",0,0.0206292686317486,0.0813148788927336
"flapper",11,"inla_spde_group",2,"binary",0,0.0516405182284741,0.0813148788927336
"flapper",11,"inla_spde_group",2,"binary",0,0.0616825479464649,0.0813148788927336
"flapper",11,"inla_spde_group",2,"binary",0,0.013738528648456,0.0813148788927336
"flapper",11,"inla_spde_group",2,"binary",0,0.0729013101429807,0.0813148788927336
"flapper",11,"inla_spde_group",2,"binary",0,0.0351341761225778,0.0813148788927336
"flapper",11,"inla_spde_group",2,"binary",0,0.0119549479634147,0.0813148788927336
"flapper",11,"inla_spde_group",2,"binary",1,0.0590109185780675,0.0813148788927336
"flapper",11,"inla_spde_group",2,"binary",0,0.0978397753870098,0.0813148788927336
"flapper",11,"inla_spde_group",2,"binary",0,0.0529832926690636,0.0813148788927336
"flapper",11,"inla_spde_group",2,"binary",0,0.0288141313029533,0.0813148788927336
"flapper",11,"inla_spde_group",2,"binary",0,0.0819328849106129,0.0813148788927336
"flapper",11,"inla_spde_group",2,"binary",0,0.0411306289621356,0.0813148788927336
"flapper",11,"inla_spde_group",2,"binary",0,0.105556387384104,0.0813148788927336
"flapper",11,"inla_spde_group",2,"binary",0,0.0447129675918618,0.0813148788927336
"flapper",11,"inla_spde_group",2,"binary",0,0.0729867106768147,0.0813148788927336
"flapper",11,"inla_spde_group",2,"binary",0,0.131503127543942,0.0813148788927336
"flapper",11,"inla_spde_group",2,"binary",0,0.011769716723413,0.0813148788927336
"flapper",11,"inla_spde_group",2,"binary",0,0.0820508404143501,0.0813148788927336
"flapper",11,"inla_spde_group",2,"binary",0,0.072348039333449,0.0813148788927336
"flapper",11,"inla_spde_group",2,"binary",0,0.0220817579419719,0.0813148788927336
"flapper",11,"inla_spde_group",2,"binary",0,0.0875815154890823,0.0813148788927336
"flapper",11,"inla_spde_group",2,"binary",0,0.0776891410446678,0.0813148788927336
"flapper",11,"inla_spde_group",2,"binary",0,0.154984683623125,0.0813148788927336
"flapper",11,"inla_spde_group",2,"binary",0,0.0305238692578298,0.0813148788927336
"flapper",11,"inla_spde_group",2,"binary",0,0.0673037421021063,0.0813148788927336
"flapper",11,"inla_spde_group",2,"binary",0,0.0978758687600319,0.0813148788927336
"flapper",11,"inla_spde_group",2,"binary",0,0.0219317538472381,0.0813148788927336
"flapper",11,"inla_spde_group",2,"binary",0,0.0167528815572406,0.0813148788927336
"flapper",11,"inla_spde_group",2,"binary",0,0.0601165675255697,0.0813148788927336
"flapper",11,"inla_spde_group",2,"binary",0,0.0457250651339173,0.0813148788927336
"flapper",11,"inla_spde_group",2,"binary",0,0.0256999250721565,0.0813148788927336
"flapper",11,"inla_spde_group",2,"binary",0,0.0617157010829428,0.0813148788927336
"flapper",11,"inla_spde_group",2,"binary",0,0.225443988337853,0.0813148788927336
"flapper",11,"inla_spde_group",2,"binary",0,0.0120480163086951,0.0813148788927336
"flapper",11,"inla_spde_group",2,"binary",0,0.0314353600717012,0.0813148788927336
"flapper",11,"inla_spde_group",2,"binary",0,0.0309254235912951,0.0813148788927336
"flapper",11,"inla_spde_group",2,"binary",0,0.0184334044922408,0.0813148788927336
"flapper",11,"inla_spde_group",2,"binary",0,0.024910468633379,0.0813148788927336
"flapper",11,"inla_spde_group",2,"binary",1,0.0662422207827889,0.0813148788927336
"flapper",11,"inla_spde_group",2,"binary",0,0.00893641122527975,0.0813148788927336
"flapper",11,"inla_spde_group",2,"binary",0,0.0687530278057718,0.0813148788927336
"flapper",11,"inla_spde_group",2,"binary",0,0.0212177420533782,0.0813148788927336
"flapper",11,"inla_spde_group",2,"binary",1,0.0451668854158147,0.0813148788927336
"flapper",11,"inla_spde_group",2,"binary",0,0.036591821533805,0.0813148788927336
"flapper",11,"inla_spde_group",2,"binary",1,0.296115466551577,0.0813148788927336
"flapper",11,"inla_spde_group",2,"binary",0,0.0234828316786752,0.0813148788927336
"flapper",11,"inla_spde_group",2,"binary",0,0.0303249390792262,0.0813148788927336
"flapper",11,"inla_spde_group",2,"binary",0,0.0453174961657231,0.0813148788927336
"flapper",11,"inla_spde_group",2,"binary",0,0.012509751177201,0.0813148788927336
"flapper",11,"inla_spde_group",2,"binary",0,0.0375931323407336,0.0813148788927336
"flapper",11,"inla_spde_group",2,"binary",0,0.0568062482800102,0.0813148788927336
"flapper",11,"inla_spde_group",2,"binary",0,0.0298429900516646,0.0813148788927336
"flapper",11,"inla_spde_group",2,"binary",0,0.0337656425044231,0.0813148788927336
"flapper",11,"inla_spde_group",2,"binary",0,0.00882056200921972,0.0813148788927336
"flapper",11,"inla_spde_group",2,"binary",1,0.0835879556828724,0.0813148788927336
"flapper",11,"inla_spde_group",2,"binary",0,0.0207521825470474,0.0813148788927336
"flapper",11,"inla_spde_group",2,"binary",0,0.0841797447117184,0.0813148788927336
"flapper",11,"inla_spde_group",2,"binary",0,0.0275216215175138,0.0813148788927336
"flapper",11,"inla_spde_group",2,"binary",0,0.0456569172325508,0.0813148788927336
"flapper",11,"inla_spde_group",2,"binary",0,0.0214855346693855,0.0813148788927336
"flapper",11,"inla_spde_group",2,"binary",0,0.381055108549953,0.0813148788927336
"flapper",11,"inla_spde_group",2,"binary",0,0.201382334586686,0.0813148788927336
"flapper",11,"inla_spde_group",2,"binary",0,0.180272918453369,0.0813148788927336
"flapper",11,"inla_spde_group",2,"binary",0,0.26350150585338,0.0813148788927336
"flapper",11,"inla_spde_group",2,"binary",0,0.207354532180152,0.0813148788927336
"flapper",11,"inla_spde_group",2,"binary",1,0.221779134733145,0.0813148788927336
"flapper",11,"inla_spde_group",2,"binary",0,0.31300595462971,0.0813148788927336
"flapper",11,"inla_spde_group",2,"binary",0,0.263761464655731,0.0813148788927336
"flapper",11,"inla_spde_group",2,"binary",1,0.433687304790949,0.0813148788927336
"flapper",11,"inla_spde_group",2,"binary",0,0.325827989259468,0.0813148788927336
"flapper",11,"inla_spde_group",2,"binary",0,0.198809797847283,0.0813148788927336
"flapper",11,"inla_spde_group",2,"binary",1,0.537115451590012,0.0813148788927336
"flapper",11,"inla_spde_group",2,"binary",1,0.307013296829317,0.0813148788927336
"flapper",11,"inla_spde_group",2,"binary",0,0.212044654514062,0.0813148788927336
"flapper",11,"inla_spde_group",2,"binary",0,0.36085740607631,0.0813148788927336
"flapper",11,"inla_spde_group",2,"binary",0,0.544755130269574,0.0813148788927336
"flapper",11,"inla_spde_group",2,"binary",1,0.224359365538781,0.0813148788927336
"flapper",11,"inla_spde_group",2,"binary",1,0.170389357237359,0.0813148788927336
"flapper",11,"inla_spde_group",2,"binary",1,0.341042762175423,0.0813148788927336
"flapper",11,"inla_spde_group",2,"binary",0,0.550875514907326,0.0813148788927336
"flapper",11,"inla_spde_group",2,"binary",0,0.327440391467626,0.0813148788927336
"flapper",11,"inla_spde_group",2,"binary",0,0.397868076297863,0.0813148788927336
"flapper",11,"inla_spde_group",2,"binary",0,0.413186588215191,0.0813148788927336
"flapper",11,"inla_spde_group",2,"binary",1,0.22705807026637,0.0813148788927336
"flapper",11,"inla_spde_group",2,"binary",0,0.264502446653607,0.0813148788927336
"flapper",11,"inla_spde_group",2,"binary",0,0.11989775080077,0.0813148788927336
"flapper",11,"inla_spde_group",2,"binary",0,0.201180858431646,0.0813148788927336
"flapper",11,"inla_spde_group",2,"binary",1,0.221970288586512,0.0813148788927336
"flapper",11,"inla_spde_group",2,"binary",0,0.214161146114776,0.0813148788927336
"flapper",11,"inla_spde_group",2,"binary",1,0.394646733876747,0.0813148788927336
"flapper",11,"inla_spde_group",2,"binary",0,0.227600392828086,0.0813148788927336
"flapper",11,"inla_spde_group",2,"binary",0,0.135760251400916,0.0813148788927336
"flapper",11,"inla_spde_group",2,"binary",1,0.403776024795598,0.0813148788927336
"flapper",11,"inla_spde_group",2,"binary",1,0.603509513361303,0.0813148788927336
"flapper",11,"inla_spde_group",2,"binary",0,0.189018632513687,0.0813148788927336
"flapper",11,"inla_spde_group",2,"binary",1,0.275288084292343,0.0813148788927336
"flapper",11,"inla_spde_group",3,"binary",1,0.728504566595475,0.0715563506261181
"flapper",11,"inla_spde_group",3,"binary",1,0.766990047135253,0.0715563506261181
"flapper",11,"inla_spde_group",3,"binary",1,0.206954237827941,0.0715563506261181
"flapper",11,"inla_spde_group",3,"binary",0,0.797001845639423,0.0715563506261181
"flapper",11,"inla_spde_group",3,"binary",1,0.577903512582153,0.0715563506261181
"flapper",11,"inla_spde_group",3,"binary",1,0.637353185077273,0.0715563506261181
"flapper",11,"inla_spde_group",3,"binary",1,0.859108572962118,0.0715563506261181
"flapper",11,"inla_spde_group",3,"binary",0,0.590552297144427,0.0715563506261181
"flapper",11,"inla_spde_group",3,"binary",0,0.635436565190355,0.0715563506261181
"flapper",11,"inla_spde_group",3,"binary",0,0.620704734593911,0.0715563506261181
"flapper",11,"inla_spde_group",3,"binary",0,0.211859825298431,0.0715563506261181
"flapper",11,"inla_spde_group",3,"binary",0,0.528084214459957,0.0715563506261181
"flapper",11,"inla_spde_group",3,"binary",0,0.630183289492214,0.0715563506261181
"flapper",11,"inla_spde_group",3,"binary",1,0.781371384522516,0.0715563506261181
"flapper",11,"inla_spde_group",3,"binary",1,0.629380433415862,0.0715563506261181
"flapper",11,"inla_spde_group",3,"binary",0,0.515729936442919,0.0715563506261181
"flapper",11,"inla_spde_group",3,"binary",1,0.823289693121055,0.0715563506261181
"flapper",11,"inla_spde_group",3,"binary",1,0.721053229796373,0.0715563506261181
"flapper",11,"inla_spde_group",3,"binary",0,0.511470094688889,0.0715563506261181
"flapper",11,"inla_spde_group",3,"binary",0,0.852607305498783,0.0715563506261181
"flapper",11,"inla_spde_group",3,"binary",0,0.57431825989812,0.0715563506261181
"flapper",11,"inla_spde_group",3,"binary",0,0.707916274255857,0.0715563506261181
"flapper",11,"inla_spde_group",3,"binary",1,0.82531950999324,0.0715563506261181
"flapper",11,"inla_spde_group",3,"binary",1,0.703066066214529,0.0715563506261181
"flapper",11,"inla_spde_group",3,"binary",0,0.752467039584402,0.0715563506261181
"flapper",11,"inla_spde_group",3,"binary",0,0.175397429594371,0.0715563506261181
"flapper",11,"inla_spde_group",3,"binary",0,0.504808101293917,0.0715563506261181
"flapper",11,"inla_spde_group",3,"binary",0,0.580123301071198,0.0715563506261181
"flapper",11,"inla_spde_group",3,"binary",0,0.84158052781624,0.0715563506261181
"flapper",11,"inla_spde_group",3,"binary",0,0.224570271770531,0.0715563506261181
"flapper",11,"inla_spde_group",3,"binary",0,0.389222995028839,0.0715563506261181
"flapper",11,"inla_spde_group",3,"binary",0,0.197109715989104,0.0715563506261181
"flapper",11,"inla_spde_group",3,"binary",0,0.00593311961234628,0.0715563506261181
"flapper",11,"inla_spde_group",3,"binary",0,0.188418978786995,0.0715563506261181
"flapper",11,"inla_spde_group",3,"binary",0,0.315030355971626,0.0715563506261181
"flapper",11,"inla_spde_group",3,"binary",0,0.111952917037442,0.0715563506261181
"flapper",11,"inla_spde_group",3,"binary",0,0.238002457796815,0.0715563506261181
"flapper",11,"inla_spde_group",3,"binary",0,0.0275292779054606,0.0715563506261181
"flapper",11,"inla_spde_group",3,"binary",0,0.29127788893707,0.0715563506261181
"flapper",11,"inla_spde_group",3,"binary",0,0.0491361543481214,0.0715563506261181
"flapper",11,"inla_spde_group",3,"binary",0,0.440316713576496,0.0715563506261181
"flapper",11,"inla_spde_group",3,"binary",0,0.259286223294305,0.0715563506261181
"flapper",11,"inla_spde_group",3,"binary",0,0.216932799179834,0.0715563506261181
"flapper",11,"inla_spde_group",3,"binary",0,0.422080131369412,0.0715563506261181
"flapper",11,"inla_spde_group",3,"binary",0,0.0753363790501198,0.0715563506261181
"flapper",11,"inla_spde_group",3,"binary",0,0.242748764520485,0.0715563506261181
"flapper",11,"inla_spde_group",3,"binary",0,0.129311696691546,0.0715563506261181
"flapper",11,"inla_spde_group",3,"binary",0,0.326630628297096,0.0715563506261181
"flapper",11,"inla_spde_group",3,"binary",0,0.191811421528437,0.0715563506261181
"flapper",11,"inla_spde_group",3,"binary",0,0.233383823710257,0.0715563506261181
"flapper",11,"inla_spde_group",3,"binary",0,0.00986468224018791,0.0715563506261181
"flapper",11,"inla_spde_group",3,"binary",0,0.127074831496797,0.0715563506261181
"flapper",11,"inla_spde_group",3,"binary",0,0.00834142214141138,0.0715563506261181
"flapper",11,"inla_spde_group",3,"binary",0,0.130634970564803,0.0715563506261181
"flapper",11,"inla_spde_group",3,"binary",0,0.0759586924680169,0.0715563506261181
"flapper",11,"inla_spde_group",3,"binary",0,0.320815928753678,0.0715563506261181
"flapper",11,"inla_spde_group",3,"binary",0,0.144498572067279,0.0715563506261181
"flapper",11,"inla_spde_group",3,"binary",0,0.322643093832463,0.0715563506261181
"flapper",11,"inla_spde_group",3,"binary",0,0.243421289470866,0.0715563506261181
"flapper",11,"inla_spde_group",3,"binary",0,0.383085367767172,0.0715563506261181
"flapper",11,"inla_spde_group",3,"binary",0,0.361131451586483,0.0715563506261181
"flapper",11,"inla_spde_group",3,"binary",0,0.447196509079733,0.0715563506261181
"flapper",11,"inla_spde_group",3,"binary",0,0.050635282236997,0.0715563506261181
"flapper",11,"inla_spde_group",3,"binary",0,0.183604425797773,0.0715563506261181
"flapper",11,"inla_spde_group",3,"binary",0,0.0353360659249515,0.0715563506261181
"flapper",11,"inla_spde_group",3,"binary",0,0.340911428997289,0.0715563506261181
"flapper",11,"inla_spde_group",3,"binary",0,0.150508746120853,0.0715563506261181
"flapper",11,"inla_spde_group",3,"binary",0,0.0642148348160727,0.0715563506261181
"flapper",11,"inla_spde_group",3,"binary",0,0.013325379254417,0.0715563506261181
"flapper",11,"inla_spde_group",3,"binary",0,0.0715956321129583,0.0715563506261181
"flapper",11,"inla_spde_group",3,"binary",0,0.00796908915809344,0.0715563506261181
"flapper",11,"inla_spde_group",3,"binary",0,0.395943433672815,0.0715563506261181
"flapper",11,"inla_spde_group",3,"binary",0,0.259916341514708,0.0715563506261181
"flapper",11,"inla_spde_group",3,"binary",0,0.42512739553887,0.0715563506261181
"flapper",11,"inla_spde_group",3,"binary",1,0.0234485233058468,0.0715563506261181
"flapper",11,"inla_spde_group",3,"binary",0,0.309298862299956,0.0715563506261181
"flapper",11,"inla_spde_group",3,"binary",0,0.00994604051637948,0.0715563506261181
"flapper",11,"inla_spde_group",3,"binary",1,0.730110308338745,0.0715563506261181
"flapper",11,"inla_spde_group",3,"binary",0,0.222921246093033,0.0715563506261181
"flapper",11,"inla_spde_group",3,"binary",0,0.261206820102673,0.0715563506261181
"flapper",11,"inla_spde_group",3,"binary",0,0.111253452382012,0.0715563506261181
"flapper",11,"inla_spde_group",3,"binary",0,0.325187655898662,0.0715563506261181
"flapper",11,"inla_spde_group",3,"binary",0,0.208552666455341,0.0715563506261181
"flapper",11,"inla_spde_group",3,"binary",0,0.118941008545684,0.0715563506261181
"flapper",11,"inla_spde_group",3,"binary",0,0.0142874530799114,0.0715563506261181
"flapper",11,"inla_spde_group",3,"binary",0,0.667429005657484,0.0715563506261181
"flapper",11,"inla_spde_group",3,"binary",0,0.239106231310794,0.0715563506261181
"flapper",11,"inla_spde_group",3,"binary",0,0.49479508328442,0.0715563506261181
"flapper",11,"inla_spde_group",3,"binary",0,0.326630628297096,0.0715563506261181
"flapper",11,"inla_spde_group",3,"binary",0,0.0740634024415399,0.0715563506261181
"flapper",11,"inla_spde_group",3,"binary",0,0.144259259504217,0.0715563506261181
"flapper",11,"inla_spde_group",3,"binary",0,0.0409588446211539,0.0715563506261181
"flapper",11,"inla_spde_group",3,"binary",0,0.132526584987451,0.0715563506261181
"flapper",11,"inla_spde_group",3,"binary",0,0.232563252959508,0.0715563506261181
"flapper",11,"inla_spde_group",3,"binary",0,0.33307685700338,0.0715563506261181
"flapper",11,"inla_spde_group",3,"binary",0,0.0923173211186922,0.0715563506261181
"flapper",11,"inla_spde_group",3,"binary",0,0.133206418845462,0.0715563506261181
"flapper",11,"inla_spde_group",3,"binary",0,0.0100161712537417,0.0715563506261181
"flapper",11,"inla_spde_group",3,"binary",0,0.227608084530162,0.0715563506261181
"flapper",11,"inla_spde_group",3,"binary",0,0.210057633349918,0.0715563506261181
"flapper",11,"inla_spde_group",3,"binary",0,0.208260407639252,0.0715563506261181
"flapper",11,"inla_spde_group",3,"binary",0,0.310749645626178,0.0715563506261181
"flapper",11,"inla_spde_group",3,"binary",0,0.170347142239377,0.0715563506261181
"flapper",11,"inla_spde_group",3,"binary",0,0.00677873719324761,0.0715563506261181
"flapper",11,"inla_spde_group",3,"binary",0,0.0214055775658793,0.0715563506261181
"flapper",11,"inla_spde_group",3,"binary",0,0.259880252436691,0.0715563506261181
"flapper",11,"inla_spde_group",3,"binary",0,0.274261821966182,0.0715563506261181
"flapper",11,"inla_spde_group",3,"binary",1,0.807205215693068,0.0715563506261181
"flapper",11,"inla_spde_group",3,"binary",0,0.743917671521594,0.0715563506261181
"flapper",11,"inla_spde_group",3,"binary",1,0.748916304725641,0.0715563506261181
"flapper",11,"inla_spde_group",3,"binary",0,0.352748065024538,0.0715563506261181
"flapper",11,"inla_spde_group",3,"binary",0,0.183439735225064,0.0715563506261181
"flapper",11,"inla_spde_group",3,"binary",1,0.763476412873809,0.0715563506261181
"flapper",11,"inla_spde_group",3,"binary",1,0.820058061576726,0.0715563506261181
"flapper",11,"inla_spde_group",3,"binary",0,0.687567217110396,0.0715563506261181
"flapper",11,"inla_spde_group",3,"binary",0,0.623143031019225,0.0715563506261181
"flapper",11,"inla_spde_group",3,"binary",0,0.408544936783008,0.0715563506261181
"flapper",11,"inla_spde_group",3,"binary",1,0.780672889169971,0.0715563506261181
"flapper",11,"inla_spde_group",3,"binary",1,0.824654466338994,0.0715563506261181
"flapper",11,"inla_spde_group",3,"binary",0,0.849769601685326,0.0715563506261181
"flapper",11,"inla_spde_group",3,"binary",1,0.485865052855934,0.0715563506261181
"flapper",11,"inla_spde_group",3,"binary",0,0.375027814762168,0.0715563506261181
"flapper",11,"inla_spde_group",3,"binary",0,0.74640696991015,0.0715563506261181
"flapper",11,"inla_spde_group",3,"binary",1,0.830952404017907,0.0715563506261181
"flapper",11,"inla_spde_group",3,"binary",0,0.371392503878341,0.0715563506261181
"flapper",11,"inla_spde_group",3,"binary",0,0.482176899788596,0.0715563506261181
"flapper",11,"inla_spde_group",3,"binary",1,0.766102492139016,0.0715563506261181
"flapper",11,"inla_spde_group",3,"binary",1,0.8449270618466,0.0715563506261181
"flapper",11,"inla_spde_group",3,"binary",0,0.852917818308892,0.0715563506261181
"flapper",11,"inla_spde_group",3,"binary",1,0.751334703695764,0.0715563506261181
"flapper",11,"inla_spde_group",3,"binary",0,0.160078015835204,0.0715563506261181
"flapper",11,"inla_spde_group",3,"binary",1,0.840983578431373,0.0715563506261181
"flapper",11,"inla_spde_group",3,"binary",1,0.731946716189604,0.0715563506261181
"flapper",11,"inla_spde_group",3,"binary",0,0.838243903009451,0.0715563506261181
"flapper",11,"inla_spde_group",3,"binary",1,0.297182639914887,0.0715563506261181
"flapper",11,"inla_spde_group",3,"binary",0,0.697141904414009,0.0715563506261181
"flapper",11,"inla_spde_group",3,"binary",0,0.846635508848093,0.0715563506261181
"flapper",11,"inla_spde_group",3,"binary",0,0.704934771134852,0.0715563506261181
"flapper",11,"inla_spde_group",3,"binary",1,0.780715304868214,0.0715563506261181
"flapper",11,"inla_spde_group",3,"binary",0,0.552706588279959,0.0715563506261181
"flapper",11,"inla_spde_group",3,"binary",0,0.75293410818064,0.0715563506261181
"flapper",11,"inla_spde_group",3,"binary",0,0.403775971905405,0.0715563506261181
"flapper",11,"inla_spde_group",3,"binary",0,0.739172788305789,0.0715563506261181
"flapper",11,"inla_spde_group",3,"binary",1,0.834987873163206,0.0715563506261181
"flapper",11,"inla_spde_group",3,"binary",0,0.743879515202507,0.0715563506261181
"flapper",11,"inla_spde_group",3,"binary",1,0.857840135522015,0.0715563506261181
"flapper",11,"inla_spde_group",3,"binary",1,0.659859722626184,0.0715563506261181
"flapper",11,"inla_spde_group",3,"binary",0,0.699491923774167,0.0715563506261181
"flapper",11,"inla_spde_group",4,"binary",0,0.460347674928486,0.10873440285205
"flapper",11,"inla_spde_group",4,"binary",0,0.629547479095104,0.10873440285205
"flapper",11,"inla_spde_group",4,"binary",1,0.234909414690526,0.10873440285205
"flapper",11,"inla_spde_group",4,"binary",0,0.645841167499801,0.10873440285205
"flapper",11,"inla_spde_group",4,"binary",0,0.118432443695469,0.10873440285205
"flapper",11,"inla_spde_group",4,"binary",0,0.589740824949999,0.10873440285205
"flapper",11,"inla_spde_group",4,"binary",0,0.594447089619957,0.10873440285205
"flapper",11,"inla_spde_group",4,"binary",0,0.589234292700025,0.10873440285205
"flapper",11,"inla_spde_group",4,"binary",1,0.212015230812128,0.10873440285205
"flapper",11,"inla_spde_group",4,"binary",0,0.476886384317514,0.10873440285205
"flapper",11,"inla_spde_group",4,"binary",0,0.18917973093054,0.10873440285205
"flapper",11,"inla_spde_group",4,"binary",1,0.365325982820345,0.10873440285205
"flapper",11,"inla_spde_group",4,"binary",1,0.0843147026770057,0.10873440285205
"flapper",11,"inla_spde_group",4,"binary",0,0.18917973093054,0.10873440285205
"flapper",11,"inla_spde_group",4,"binary",0,0.0718307684998215,0.10873440285205
"flapper",11,"inla_spde_group",4,"binary",0,0.017441685989221,0.10873440285205
"flapper",11,"inla_spde_group",4,"binary",0,0.315526619451703,0.10873440285205
"flapper",11,"inla_spde_group",4,"binary",0,0.165267514135141,0.10873440285205
"flapper",11,"inla_spde_group",4,"binary",0,0.0767028497697689,0.10873440285205
"flapper",11,"inla_spde_group",4,"binary",0,0.0916485673814473,0.10873440285205
"flapper",11,"inla_spde_group",4,"binary",0,0.139946572650481,0.10873440285205
"flapper",11,"inla_spde_group",4,"binary",0,0.0640508956686912,0.10873440285205
"flapper",11,"inla_spde_group",4,"binary",0,0.180696759715638,0.10873440285205
"flapper",11,"inla_spde_group",4,"binary",0,0.0560833242545195,0.10873440285205
"flapper",11,"inla_spde_group",4,"binary",0,0.287354024956434,0.10873440285205
"flapper",11,"inla_spde_group",4,"binary",0,0.0630405171754934,0.10873440285205
"flapper",11,"inla_spde_group",4,"binary",0,0.0626863371425652,0.10873440285205
"flapper",11,"inla_spde_group",4,"binary",0,0.0736708478930667,0.10873440285205
"flapper",11,"inla_spde_group",4,"binary",0,0.032937246326636,0.10873440285205
"flapper",11,"inla_spde_group",4,"binary",0,0.086062413609408,0.10873440285205
"flapper",11,"inla_spde_group",4,"binary",0,0.618103691663963,0.10873440285205
"flapper",11,"inla_spde_group",4,"binary",0,0.0515250357741334,0.10873440285205
"flapper",11,"inla_spde_group",4,"binary",0,0.108154002296321,0.10873440285205
"flapper",11,"inla_spde_group",4,"binary",0,0.0944256265290302,0.10873440285205
"flapper",11,"inla_spde_group",4,"binary",0,0.341382105802415,0.10873440285205
"flapper",11,"inla_spde_group",4,"binary",1,0.0908567652295301,0.10873440285205
"flapper",11,"inla_spde_group",4,"binary",0,0.612148105418178,0.10873440285205
"flapper",11,"inla_spde_group",4,"binary",0,0.586331639782631,0.10873440285205
"flapper",11,"inla_spde_group",4,"binary",0,0.0855545747772701,0.10873440285205
"flapper",11,"inla_spde_group",4,"binary",1,0.0797706228570609,0.10873440285205
"flapper",11,"inla_spde_group",4,"binary",0,0.0847186447314903,0.10873440285205
"flapper",11,"inla_spde_group",4,"binary",0,0.216978111563056,0.10873440285205
"flapper",11,"inla_spde_group",4,"binary",0,0.266844082252884,0.10873440285205
"flapper",11,"inla_spde_group",4,"binary",1,0.521080869427725,0.10873440285205
"flapper",11,"inla_spde_group",4,"binary",1,0.06408001126794,0.10873440285205
"flapper",11,"inla_spde_group",4,"binary",0,0.0515250357741334,0.10873440285205
"flapper",11,"inla_spde_group",4,"binary",0,0.0930862309698873,0.10873440285205
"flapper",11,"inla_spde_group",4,"binary",0,0.0771048342422188,0.10873440285205
"flapper",11,"inla_spde_group",4,"binary",0,0.115494847734673,0.10873440285205
"flapper",11,"inla_spde_group",4,"binary",0,0.0760310575223589,0.10873440285205
"flapper",11,"inla_spde_group",4,"binary",0,0.0515250357741334,0.10873440285205
"flapper",11,"inla_spde_group",4,"binary",0,0.127114486403071,0.10873440285205
"flapper",11,"inla_spde_group",4,"binary",1,0.364315939541559,0.10873440285205
"flapper",11,"inla_spde_group",4,"binary",0,0.0429108688042805,0.10873440285205
"flapper",11,"inla_spde_group",4,"binary",0,0.147534499447543,0.10873440285205
"flapper",11,"inla_spde_group",4,"binary",1,0.54795866210375,0.10873440285205
"flapper",11,"inla_spde_group",4,"binary",1,0.323421819734195,0.10873440285205
"flapper",11,"inla_spde_group",4,"binary",0,0.419825778406591,0.10873440285205
"flapper",11,"inla_spde_group",4,"binary",0,0.430386357545285,0.10873440285205
"flapper",11,"inla_spde_group",4,"binary",0,0.389155597621193,0.10873440285205
"flapper",11,"inla_spde_group",4,"binary",0,0.0158866072825318,0.10873440285205
"flapper",11,"inla_spde_group",4,"binary",0,0.0439140181443978,0.10873440285205
"flapper",11,"inla_spde_group",4,"binary",0,0.00984360379175201,0.10873440285205
"flapper",11,"inla_spde_group",4,"binary",0,0.0118173663710916,0.10873440285205
"flapper",11,"inla_spde_group",4,"binary",0,0.0169496637089208,0.10873440285205
"flapper",11,"inla_spde_group",4,"binary",0,0.0613975445238582,0.10873440285205
"flapper",11,"inla_spde_group",4,"binary",0,0.00218444177570005,0.10873440285205
"flapper",11,"inla_spde_group",4,"binary",0,0.160373037937886,0.10873440285205
"flapper",11,"inla_spde_group",4,"binary",0,0.0444598645408253,0.10873440285205
"flapper",11,"inla_spde_group",4,"binary",0,0.00274175067345905,0.10873440285205
"flapper",11,"inla_spde_group",4,"binary",0,0.0209555105292431,0.10873440285205
"flapper",11,"inla_spde_group",4,"binary",0,0.135760270437068,0.10873440285205
"flapper",11,"inla_spde_group",4,"binary",0,0.00626868007726162,0.10873440285205
"flapper",11,"inla_spde_group",4,"binary",0,0.00262357112905107,0.10873440285205
"flapper",11,"inla_spde_group",4,"binary",0,0.00266631185767197,0.10873440285205
"flapper",11,"inla_spde_group",4,"binary",0,0.00169899925222853,0.10873440285205
"flapper",11,"inla_spde_group",4,"binary",0,0.0141793167361371,0.10873440285205
"flapper",11,"inla_spde_group",4,"binary",0,0.0164353523283483,0.10873440285205
"flapper",11,"inla_spde_group",4,"binary",0,0.00228264116941166,0.10873440285205
"flapper",11,"inla_spde_group",4,"binary",0,0.0321830326656774,0.10873440285205
"flapper",11,"inla_spde_group",4,"binary",0,0.00307864428940637,0.10873440285205
"flapper",11,"inla_spde_group",4,"binary",0,0.10752048620268,0.10873440285205
"flapper",11,"inla_spde_group",4,"binary",0,0.0021726812416726,0.10873440285205
"flapper",11,"inla_spde_group",4,"binary",0,0.00276832502187141,0.10873440285205
"flapper",11,"inla_spde_group",4,"binary",0,0.00289379469244142,0.10873440285205
"flapper",11,"inla_spde_group",4,"binary",0,0.0460829538295378,0.10873440285205
"flapper",11,"inla_spde_group",4,"binary",0,0.00272185146356435,0.10873440285205
"flapper",11,"inla_spde_group",4,"binary",0,0.0613533651337307,0.10873440285205
"flapper",11,"inla_spde_group",4,"binary",0,0.00310413494677879,0.10873440285205
"flapper",11,"inla_spde_group",4,"binary",0,0.0374072025119964,0.10873440285205
"flapper",11,"inla_spde_group",4,"binary",0,0.078430624833638,0.10873440285205
"flapper",11,"inla_spde_group",4,"binary",0,0.00203377522616105,0.10873440285205
"flapper",11,"inla_spde_group",4,"binary",0,0.0180381029528154,0.10873440285205
"flapper",11,"inla_spde_group",4,"binary",0,0.0161359856650172,0.10873440285205
"flapper",11,"inla_spde_group",4,"binary",0,0.0790400261143941,0.10873440285205
"flapper",11,"inla_spde_group",4,"binary",0,0.00259554091858013,0.10873440285205
"flapper",11,"inla_spde_group",4,"binary",0,0.00267643761972267,0.10873440285205
"flapper",11,"inla_spde_group",4,"binary",0,0.0461597554916807,0.10873440285205
"flapper",11,"inla_spde_group",4,"binary",0,0.0591672580967378,0.10873440285205
"flapper",11,"inla_spde_group",4,"binary",0,0.00200519439084112,0.10873440285205
"flapper",11,"inla_spde_group",4,"binary",0,0.00246225692713441,0.10873440285205
"flapper",11,"inla_spde_group",4,"binary",0,0.0031890384143402,0.10873440285205
"flapper",11,"inla_spde_group",4,"binary",0,0.0167067189407559,0.10873440285205
"flapper",11,"inla_spde_group",4,"binary",0,0.00243949600182981,0.10873440285205
"flapper",11,"inla_spde_group",4,"binary",0,0.00274535859507547,0.10873440285205
"flapper",11,"inla_spde_group",4,"binary",0,0.00238025893761808,0.10873440285205
"flapper",11,"inla_spde_group",4,"binary",0,0.0051131525474477,0.10873440285205
"flapper",11,"inla_spde_group",4,"binary",0,0.00186598455334514,0.10873440285205
"flapper",11,"inla_spde_group",4,"binary",0,0.0178894184468082,0.10873440285205
"flapper",11,"inla_spde_group",4,"binary",0,0.00670364835258006,0.10873440285205
"flapper",11,"inla_spde_group",4,"binary",0,0.00323621870412258,0.10873440285205
"flapper",11,"inla_spde_group",4,"binary",0,0.00369847738057173,0.10873440285205
"flapper",11,"inla_spde_group",4,"binary",0,0.00282902032273757,0.10873440285205
"flapper",11,"inla_spde_group",4,"binary",0,0.00296362136274793,0.10873440285205
"flapper",11,"inla_spde_group",4,"binary",0,0.00271895785823327,0.10873440285205
"flapper",11,"inla_spde_group",4,"binary",0,0.00789367425192758,0.10873440285205
"flapper",11,"inla_spde_group",4,"binary",0,0.00536635330076391,0.10873440285205
"flapper",11,"inla_spde_group",4,"binary",0,0.116769036044289,0.10873440285205
"flapper",11,"inla_spde_group",4,"binary",0,0.00637921418085673,0.10873440285205
"flapper",11,"inla_spde_group",4,"binary",0,0.00240677049167321,0.10873440285205
"flapper",11,"inla_spde_group",4,"binary",0,0.0102521711094809,0.10873440285205
"flapper",11,"inla_spde_group",4,"binary",0,0.00261537104947568,0.10873440285205
"flapper",11,"inla_spde_group",4,"binary",0,0.0085177315484192,0.10873440285205
"flapper",11,"inla_spde_group",4,"binary",0,0.00326973775532664,0.10873440285205
"flapper",11,"inla_spde_group",4,"binary",0,0.0462055947130499,0.10873440285205
"flapper",11,"inla_spde_group",4,"binary",0,0.00683566167365371,0.10873440285205
"flapper",11,"inla_spde_group",4,"binary",0,0.00814213707359536,0.10873440285205
"flapper",11,"inla_spde_group",4,"binary",0,0.00240583204932558,0.10873440285205
"flapper",11,"inla_spde_group",4,"binary",0,0.00373896257943125,0.10873440285205
"flapper",11,"inla_spde_group",4,"binary",0,0.0026965910692564,0.10873440285205
"flapper",11,"inla_spde_group",4,"binary",0,0.00278064002960231,0.10873440285205
"flapper",11,"inla_spde_group",4,"binary",0,0.00593323818582877,0.10873440285205
"flapper",11,"inla_spde_group",4,"binary",0,0.00339145944103112,0.10873440285205
"flapper",11,"inla_spde_group",4,"binary",0,0.00471588494363145,0.10873440285205
"flapper",11,"inla_spde_group",4,"binary",0,0.0263121545261672,0.10873440285205
"flapper",11,"inla_spde_group",4,"binary",0,0.00289550978316388,0.10873440285205
"flapper",11,"inla_spde_group",4,"binary",0,0.0284345102565347,0.10873440285205
"flapper",11,"inla_spde_group",4,"binary",0,0.00372944997657652,0.10873440285205
"flapper",11,"inla_spde_group",4,"binary",0,0.00360455863504171,0.10873440285205
"flapper",11,"inla_spde_group",4,"binary",0,0.00790350676073028,0.10873440285205
"flapper",11,"inla_spde_group",4,"binary",0,0.0375591795655563,0.10873440285205
"flapper",11,"inla_spde_group",4,"binary",0,0.00361562814290741,0.10873440285205
"flapper",11,"inla_spde_group",4,"binary",0,0.00330397332380543,0.10873440285205
"flapper",11,"inla_spde_group",4,"binary",0,0.00595611343500819,0.10873440285205
"flapper",11,"inla_spde_group",4,"binary",0,0.0234277572673184,0.10873440285205
"flapper",11,"inla_spde_group",4,"binary",0,0.00188664066365977,0.10873440285205
"flapper",11,"inla_spde_group",5,"binary",0,0.0178481504486932,0.124561403508772
"flapper",11,"inla_spde_group",5,"binary",0,0.00209624980658962,0.124561403508772
"flapper",11,"inla_spde_group",5,"binary",0,0.00194538904401291,0.124561403508772
"flapper",11,"inla_spde_group",5,"binary",0,0.0024787807863037,0.124561403508772
"flapper",11,"inla_spde_group",5,"binary",0,0.0116365858176032,0.124561403508772
"flapper",11,"inla_spde_group",5,"binary",0,0.013746062905042,0.124561403508772
"flapper",11,"inla_spde_group",5,"binary",0,0.00620743927211215,0.124561403508772
"flapper",11,"inla_spde_group",5,"binary",0,0.0172707636054351,0.124561403508772
"flapper",11,"inla_spde_group",5,"binary",0,0.00219258519265329,0.124561403508772
"flapper",11,"inla_spde_group",5,"binary",0,0.0074833971373051,0.124561403508772
"flapper",11,"inla_spde_group",5,"binary",0,0.0297734727953874,0.124561403508772
"flapper",11,"inla_spde_group",5,"binary",0,0.00150970308462245,0.124561403508772
"flapper",11,"inla_spde_group",5,"binary",0,0.00251261037663738,0.124561403508772
"flapper",11,"inla_spde_group",5,"binary",0,0.00210480113559459,0.124561403508772
"flapper",11,"inla_spde_group",5,"binary",0,0.0210635168546301,0.124561403508772
"flapper",11,"inla_spde_group",5,"binary",0,0.00168277791275437,0.124561403508772
"flapper",11,"inla_spde_group",5,"binary",0,0.0402817520684233,0.124561403508772
"flapper",11,"inla_spde_group",5,"binary",0,0.00544137613767352,0.124561403508772
"flapper",11,"inla_spde_group",5,"binary",0,0.00196923682345011,0.124561403508772
"flapper",11,"inla_spde_group",5,"binary",0,0.0208072886629803,0.124561403508772
"flapper",11,"inla_spde_group",5,"binary",0,0.00190702579006548,0.124561403508772
"flapper",11,"inla_spde_group",5,"binary",0,0.00321986220929602,0.124561403508772
"flapper",11,"inla_spde_group",5,"binary",0,0.00156337823718916,0.124561403508772
"flapper",11,"inla_spde_group",5,"binary",0,0.00259993815618793,0.124561403508772
"flapper",11,"inla_spde_group",5,"binary",0,0.00668928407120119,0.124561403508772
"flapper",11,"inla_spde_group",5,"binary",0,0.029866704788545,0.124561403508772
"flapper",11,"inla_spde_group",5,"binary",0,0.157069502662481,0.124561403508772
"flapper",11,"inla_spde_group",5,"binary",0,0.00233625932857975,0.124561403508772
"flapper",11,"inla_spde_group",5,"binary",0,0.0195385686816377,0.124561403508772
"flapper",11,"inla_spde_group",5,"binary",0,0.200488279561717,0.124561403508772
"flapper",11,"inla_spde_group",5,"binary",0,0.0121485434773921,0.124561403508772
"flapper",11,"inla_spde_group",5,"binary",0,0.0218955708836329,0.124561403508772
"flapper",11,"inla_spde_group",5,"binary",0,0.0428792278470018,0.124561403508772
"flapper",11,"inla_spde_group",5,"binary",0,0.0396763947971248,0.124561403508772
"flapper",11,"inla_spde_group",5,"binary",0,0.00216504710419266,0.124561403508772
"flapper",11,"inla_spde_group",5,"binary",0,0.00888841665935008,0.124561403508772
"flapper",11,"inla_spde_group",5,"binary",0,0.0121226986105555,0.124561403508772
"flapper",11,"inla_spde_group",5,"binary",0,0.00400117134268303,0.124561403508772
"flapper",11,"inla_spde_group",5,"binary",0,0.00720736847219659,0.124561403508772
"flapper",11,"inla_spde_group",5,"binary",0,0.00230280386625347,0.124561403508772
"flapper",11,"inla_spde_group",5,"binary",0,0.00868956975074796,0.124561403508772
"flapper",11,"inla_spde_group",5,"binary",0,0.0160540071339609,0.124561403508772
"flapper",11,"inla_spde_group",5,"binary",0,0.0169697507792535,0.124561403508772
"flapper",11,"inla_spde_group",5,"binary",0,0.00505858515465467,0.124561403508772
"flapper",11,"inla_spde_group",5,"binary",0,0.00266178883282149,0.124561403508772
"flapper",11,"inla_spde_group",5,"binary",0,0.00121910818194513,0.124561403508772
"flapper",11,"inla_spde_group",5,"binary",0,0.00209036933611027,0.124561403508772
"flapper",11,"inla_spde_group",5,"binary",0,0.0118009938823353,0.124561403508772
"flapper",11,"inla_spde_group",5,"binary",0,0.00235694076463498,0.124561403508772
"flapper",11,"inla_spde_group",5,"binary",0,0.00222701117198785,0.124561403508772
"flapper",11,"inla_spde_group",5,"binary",0,0.00185198781014005,0.124561403508772
"flapper",11,"inla_spde_group",5,"binary",0,0.0978769875470336,0.124561403508772
"flapper",11,"inla_spde_group",5,"binary",0,0.00211497951814218,0.124561403508772
"flapper",11,"inla_spde_group",5,"binary",0,0.00736693033826679,0.124561403508772
"flapper",11,"inla_spde_group",5,"binary",0,0.00164217420794375,0.124561403508772
"flapper",11,"inla_spde_group",5,"binary",0,0.00521629546246508,0.124561403508772
"flapper",11,"inla_spde_group",5,"binary",0,0.0603008198084491,0.124561403508772
"flapper",11,"inla_spde_group",5,"binary",0,0.0120714141022523,0.124561403508772
"flapper",11,"inla_spde_group",5,"binary",0,0.00960203414465035,0.124561403508772
"flapper",11,"inla_spde_group",5,"binary",0,0.0719579644154863,0.124561403508772
"flapper",11,"inla_spde_group",5,"binary",0,0.0136092002485731,0.124561403508772
"flapper",11,"inla_spde_group",5,"binary",0,0.0117849617724608,0.124561403508772
"flapper",11,"inla_spde_group",5,"binary",0,0.00261890223502094,0.124561403508772
"flapper",11,"inla_spde_group",5,"binary",0,0.00206295725636237,0.124561403508772
"flapper",11,"inla_spde_group",5,"binary",0,0.00320277806909039,0.124561403508772
"flapper",11,"inla_spde_group",5,"binary",0,0.0369036094337487,0.124561403508772
"flapper",11,"inla_spde_group",5,"binary",0,0.00151237754241691,0.124561403508772
"flapper",11,"inla_spde_group",5,"binary",0,0.00914541805185262,0.124561403508772
"flapper",11,"inla_spde_group",5,"binary",0,0.00194580141847506,0.124561403508772
"flapper",11,"inla_spde_group",5,"binary",0,0.00229640122775526,0.124561403508772
"flapper",11,"inla_spde_group",5,"binary",0,0.00913486355655138,0.124561403508772
"flapper",11,"inla_spde_group",5,"binary",0,0.127464146280111,0.124561403508772
"flapper",11,"inla_spde_group",5,"binary",0,0.0116637635003589,0.124561403508772
"flapper",11,"inla_spde_group",5,"binary",0,0.00658499949419679,0.124561403508772
"flapper",11,"inla_spde_group",5,"binary",1,0.0228017264660766,0.124561403508772
"flapper",11,"inla_spde_group",5,"binary",0,0.00383873479458033,0.124561403508772
"flapper",11,"inla_spde_group",5,"binary",0,0.0136566748173764,0.124561403508772
"flapper",11,"inla_spde_group",5,"binary",0,0.063755493564229,0.124561403508772
"flapper",11,"inla_spde_group",5,"binary",0,0.0152645689758596,0.124561403508772
"flapper",11,"inla_spde_group",5,"binary",0,0.00946249449416709,0.124561403508772
"flapper",11,"inla_spde_group",5,"binary",0,0.00142486283424649,0.124561403508772
"flapper",11,"inla_spde_group",5,"binary",0,0.00217341237190319,0.124561403508772
"flapper",11,"inla_spde_group",5,"binary",0,0.0100349635711486,0.124561403508772
"flapper",11,"inla_spde_group",5,"binary",0,0.00160906030228525,0.124561403508772
"flapper",11,"inla_spde_group",5,"binary",0,0.0105043445311696,0.124561403508772
"flapper",11,"inla_spde_group",5,"binary",0,0.0105759325956714,0.124561403508772
"flapper",11,"inla_spde_group",5,"binary",0,0.0401693075718751,0.124561403508772
"flapper",11,"inla_spde_group",5,"binary",0,0.0665540340813893,0.124561403508772
"flapper",11,"inla_spde_group",5,"binary",0,0.00230044348089026,0.124561403508772
"flapper",11,"inla_spde_group",5,"binary",0,0.00211452124448491,0.124561403508772
"flapper",11,"inla_spde_group",5,"binary",0,0.0160722967088595,0.124561403508772
"flapper",11,"inla_spde_group",5,"binary",0,0.00185007704407812,0.124561403508772
"flapper",11,"inla_spde_group",5,"binary",0,0.00339901735672409,0.124561403508772
"flapper",11,"inla_spde_group",5,"binary",0,0.00158627513132656,0.124561403508772
"flapper",11,"inla_spde_group",5,"binary",0,0.0111506419959443,0.124561403508772
"flapper",11,"inla_spde_group",5,"binary",0,0.0227203910802318,0.124561403508772
"flapper",11,"inla_spde_group",5,"binary",0,0.00230022448502525,0.124561403508772
"flapper",11,"inla_spde_group",5,"binary",0,0.0250513386706398,0.124561403508772
"flapper",11,"inla_spde_group",5,"binary",0,0.00156187500181626,0.124561403508772
"flapper",11,"inla_spde_group",5,"binary",0,0.18402294645461,0.124561403508772
"flapper",11,"inla_spde_group",5,"binary",0,0.0417029384849118,0.124561403508772
"flapper",11,"inla_spde_group",5,"binary",0,0.00263459606584574,0.124561403508772
"flapper",11,"inla_spde_group",5,"binary",0,0.0362684586234789,0.124561403508772
"flapper",11,"inla_spde_group",5,"binary",0,0.00258459610467366,0.124561403508772
"flapper",11,"inla_spde_group",5,"binary",0,0.00179561918128464,0.124561403508772
"flapper",11,"inla_spde_group",5,"binary",0,0.00220893860515767,0.124561403508772
"flapper",11,"inla_spde_group",5,"binary",0,0.066004979242943,0.124561403508772
"flapper",11,"inla_spde_group",5,"binary",0,0.00225199349317061,0.124561403508772
"flapper",11,"inla_spde_group",5,"binary",0,0.00180179964884291,0.124561403508772
"flapper",11,"inla_spde_group",5,"binary",0,0.146051638435678,0.124561403508772
"flapper",11,"inla_spde_group",5,"binary",0,0.0219597663707586,0.124561403508772
"flapper",11,"inla_spde_group",5,"binary",0,0.0710997335540141,0.124561403508772
"flapper",11,"inla_spde_group",5,"binary",0,0.0317100242707146,0.124561403508772
"flapper",11,"inla_spde_group",5,"binary",0,0.0160283202682577,0.124561403508772
"flapper",11,"inla_spde_group",5,"binary",0,0.0227540744316123,0.124561403508772
"flapper",11,"inla_spde_group",5,"binary",0,0.0164790104849572,0.124561403508772
"flapper",11,"inla_spde_group",5,"binary",0,0.00192783081911099,0.124561403508772
"flapper",11,"inla_spde_group",5,"binary",0,0.00297821920460011,0.124561403508772
"flapper",11,"inla_spde_group",5,"binary",0,0.0653582295644425,0.124561403508772
"flapper",11,"inla_spde_group",5,"binary",0,0.0296759899213492,0.124561403508772
"flapper",11,"inla_spde_group",5,"binary",0,0.0248352811381873,0.124561403508772
"flapper",11,"inla_spde_group",5,"binary",0,0.0140970583229395,0.124561403508772
"flapper",11,"inla_spde_group",5,"binary",0,0.00866640879151258,0.124561403508772
"flapper",11,"inla_spde_group",5,"binary",0,0.00247999777354737,0.124561403508772
"flapper",11,"inla_spde_group",5,"binary",0,0.0781542396198687,0.124561403508772
"flapper",11,"inla_spde_group",5,"binary",0,0.0158968689137098,0.124561403508772
"flapper",11,"inla_spde_group",5,"binary",0,0.00193615482344743,0.124561403508772
"flapper",11,"inla_spde_group",5,"binary",0,0.0070059583490412,0.124561403508772
"flapper",11,"inla_spde_group",5,"binary",0,0.0241388974347013,0.124561403508772
"flapper",11,"inla_spde_group",5,"binary",0,0.00151167866994831,0.124561403508772
"flapper",11,"inla_spde_group",5,"binary",0,0.0224231923426926,0.124561403508772
"flapper",11,"inla_spde_group",5,"binary",0,0.00247905860427092,0.124561403508772
"flapper",11,"inla_spde_group",5,"binary",0,0.0333042899755963,0.124561403508772
"flapper",11,"inla_spde_group",5,"binary",0,0.00219898101218363,0.124561403508772
"flapper",11,"inla_spde_group",5,"binary",0,0.0181322987720614,0.124561403508772
"flapper",11,"inla_spde_group",5,"binary",0,0.0160999950828948,0.124561403508772
"flapper",11,"inla_spde_group",5,"binary",0,0.00819437787206765,0.124561403508772
