"dataset","seed","estimator","fold","typ","truth","pred","ytrain_mean"
"goa",33,"baseline_mean",1,"continuous",0,59.5517916876574,59.5517916876574
"goa",33,"baseline_mean",1,"continuous",6.5059,59.5517916876574,59.5517916876574
"goa",33,"baseline_mean",1,"continuous",20.7484,59.5517916876574,59.5517916876574
"goa",33,"baseline_mean",1,"continuous",3.4258,59.5517916876574,59.5517916876574
"goa",33,"baseline_mean",1,"continuous",8.4797,59.5517916876574,59.5517916876574
"goa",33,"baseline_mean",1,"continuous",63.7188,59.5517916876574,59.5517916876574
"goa",33,"baseline_mean",1,"continuous",1.1565,59.5517916876574,59.5517916876574
"goa",33,"baseline_mean",1,"continuous",43.5046,59.5517916876574,59.5517916876574
"goa",33,"baseline_mean",1,"continuous",3.5064,59.5517916876574,59.5517916876574
"goa",33,"baseline_mean",1,"continuous",0,59.5517916876574,59.5517916876574
"goa",33,"baseline_mean",1,"continuous",32.9726,59.5517916876574,59.5517916876574
"goa",33,"baseline_mean",1,"continuous",1.8927,59.5517916876574,59.5517916876574
"goa",33,"baseline_mean",1,"continuous",10.1555,59.5517916876574,59.5517916876574
"goa",33,"baseline_mean",1,"continuous",1.3243,59.5517916876574,59.5517916876574
"goa",33,"baseline_mean",1,"continuous",29.1366,59.5517916876574,59.5517916876574
"goa",33,"baseline_mean",1,"continuous",0,59.5517916876574,59.5517916876574
"goa",33,"baseline_mean",1,"continuous",0,59.5517916876574,59.5517916876574
"goa",33,"baseline_mean",1,"continuous",24.0571,59.5517916876574,59.5517916876574
"goa",33,"baseline_mean",1,"continuous",56.9712,59.5517916876574,59.5517916876574
"goa",33,"baseline_mean",1,"continuous",107.5302,59.5517916876574,59.5517916876574
"goa",33,"baseline_mean",1,"continuous",21.9335,59.5517916876574,59.5517916876574
"goa",33,"baseline_mean",1,"continuous",8.6668,59.5517916876574,59.5517916876574
"goa",33,"baseline_mean",1,"continuous",42.2079,59.5517916876574,59.5517916876574
"goa",33,"baseline_mean",1,"continuous",21.638,59.5517916876574,59.5517916876574
"goa",33,"baseline_mean",1,"continuous",109.4013,59.5517916876574,59.5517916876574
"goa",33,"baseline_mean",1,"continuous",0.2749,59.5517916876574,59.5517916876574
"goa",33,"baseline_mean",1,"continuous",0.0314,59.5517916876574,59.5517916876574
"goa",33,"baseline_mean",1,"continuous",49.5557,59.5517916876574,59.5517916876574
"goa",33,"baseline_mean",1,"continuous",1.9508,59.5517916876574,59.5517916876574
"goa",33,"baseline_mean",1,"continuous",1.6681,59.5517916876574,59.5517916876574
"goa",33,"baseline_mean",1,"continuous",11.0499,59.5517916876574,59.5517916876574
"goa",33,"baseline_mean",1,"continuous",2.6545,59.5517916876574,59.5517916876574
"goa",33,"baseline_mean",1,"continuous",4.1351,59.5517916876574,59.5517916876574
"goa",33,"baseline_mean",1,"continuous",1.6447,59.5517916876574,59.5517916876574
"goa",33,"baseline_mean",1,"continuous",17.4874,59.5517916876574,59.5517916876574
"goa",33,"baseline_mean",1,"continuous",84.3691,59.5517916876574,59.5517916876574
"goa",33,"baseline_mean",1,"continuous",144.6887,59.5517916876574,59.5517916876574
"goa",33,"baseline_mean",1,"continuous",123.2541,59.5517916876574,59.5517916876574
"goa",33,"baseline_mean",1,"continuous",1.9678,59.5517916876574,59.5517916876574
"goa",33,"baseline_mean",1,"continuous",24.4489,59.5517916876574,59.5517916876574
"goa",33,"baseline_mean",1,"continuous",3.7365,59.5517916876574,59.5517916876574
"goa",33,"baseline_mean",1,"continuous",51.5987,59.5517916876574,59.5517916876574
"goa",33,"baseline_mean",1,"continuous",5.4433,59.5517916876574,59.5517916876574
"goa",33,"baseline_mean",1,"continuous",0.0722,59.5517916876574,59.5517916876574
"goa",33,"baseline_mean",1,"continuous",45.7868,59.5517916876574,59.5517916876574
"goa",33,"baseline_mean",1,"continuous",52.3303,59.5517916876574,59.5517916876574
"goa",33,"baseline_mean",1,"continuous",8.242,59.5517916876574,59.5517916876574
"goa",33,"baseline_mean",1,"continuous",6.7374,59.5517916876574,59.5517916876574
"goa",33,"baseline_mean",1,"continuous",1.1912,59.5517916876574,59.5517916876574
"goa",33,"baseline_mean",1,"continuous",9.0688,59.5517916876574,59.5517916876574
"goa",33,"baseline_mean",1,"continuous",6.7062,59.5517916876574,59.5517916876574
"goa",33,"baseline_mean",1,"continuous",31.8989,59.5517916876574,59.5517916876574
"goa",33,"baseline_mean",1,"continuous",21.9825,59.5517916876574,59.5517916876574
"goa",33,"baseline_mean",1,"continuous",8.7701,59.5517916876574,59.5517916876574
"goa",33,"baseline_mean",1,"continuous",2.2407,59.5517916876574,59.5517916876574
"goa",33,"baseline_mean",1,"continuous",129.4165,59.5517916876574,59.5517916876574
"goa",33,"baseline_mean",1,"continuous",0.8386,59.5517916876574,59.5517916876574
"goa",33,"baseline_mean",1,"continuous",18.0812,59.5517916876574,59.5517916876574
"goa",33,"baseline_mean",1,"continuous",0,59.5517916876574,59.5517916876574
"goa",33,"baseline_mean",1,"continuous",0,59.5517916876574,59.5517916876574
"goa",33,"baseline_mean",1,"continuous",174.0796,59.5517916876574,59.5517916876574
"goa",33,"baseline_mean",1,"continuous",0.6223,59.5517916876574,59.5517916876574
"goa",33,"baseline_mean",1,"continuous",180.0364,59.5517916876574,59.5517916876574
"goa",33,"baseline_mean",1,"continuous",30.6219,59.5517916876574,59.5517916876574
"goa",33,"baseline_mean",1,"continuous",36.441,59.5517916876574,59.5517916876574
"goa",33,"baseline_mean",1,"continuous",61.5538,59.5517916876574,59.5517916876574
"goa",33,"baseline_mean",1,"continuous",2.1238,59.5517916876574,59.5517916876574
"goa",33,"baseline_mean",1,"continuous",39.3556,59.5517916876574,59.5517916876574
"goa",33,"baseline_mean",1,"continuous",14.8056,59.5517916876574,59.5517916876574
"goa",33,"baseline_mean",1,"continuous",48.8392,59.5517916876574,59.5517916876574
"goa",33,"baseline_mean",1,"continuous",175.5409,59.5517916876574,59.5517916876574
"goa",33,"baseline_mean",1,"continuous",2.3076,59.5517916876574,59.5517916876574
"goa",33,"baseline_mean",1,"continuous",0,59.5517916876574,59.5517916876574
"goa",33,"baseline_mean",1,"continuous",112.0547,59.5517916876574,59.5517916876574
"goa",33,"baseline_mean",1,"continuous",69.3453,59.5517916876574,59.5517916876574
"goa",33,"baseline_mean",1,"continuous",494.7127,59.5517916876574,59.5517916876574
"goa",33,"baseline_mean",1,"continuous",3.6427,59.5517916876574,59.5517916876574
"goa",33,"baseline_mean",1,"continuous",45.7757,59.5517916876574,59.5517916876574
"goa",33,"baseline_mean",1,"continuous",22.6695,59.5517916876574,59.5517916876574
"goa",33,"baseline_mean",1,"continuous",35.6304,59.5517916876574,59.5517916876574
"goa",33,"baseline_mean",1,"continuous",16.1682,59.5517916876574,59.5517916876574
"goa",33,"baseline_mean",1,"continuous",19.1639,59.5517916876574,59.5517916876574
"goa",33,"baseline_mean",1,"continuous",0.6232,59.5517916876574,59.5517916876574
"goa",33,"baseline_mean",1,"continuous",45.2617,59.5517916876574,59.5517916876574
"goa",33,"baseline_mean",1,"continuous",83.1352,59.5517916876574,59.5517916876574
"goa",33,"baseline_mean",1,"continuous",54.3956,59.5517916876574,59.5517916876574
"goa",33,"baseline_mean",1,"continuous",5.209,59.5517916876574,59.5517916876574
"goa",33,"baseline_mean",1,"continuous",0.8887,59.5517916876574,59.5517916876574
"goa",33,"baseline_mean",1,"continuous",15.1962,59.5517916876574,59.5517916876574
"goa",33,"baseline_mean",1,"continuous",2.5034,59.5517916876574,59.5517916876574
"goa",33,"baseline_mean",1,"continuous",10.8098,59.5517916876574,59.5517916876574
"goa",33,"baseline_mean",1,"continuous",7.9787,59.5517916876574,59.5517916876574
"goa",33,"baseline_mean",1,"continuous",0.4758,59.5517916876574,59.5517916876574
"goa",33,"baseline_mean",1,"continuous",6.9596,59.5517916876574,59.5517916876574
"goa",33,"baseline_mean",1,"continuous",29.327,59.5517916876574,59.5517916876574
"goa",33,"baseline_mean",1,"continuous",14.6888,59.5517916876574,59.5517916876574
"goa",33,"baseline_mean",1,"continuous",0,59.5517916876574,59.5517916876574
"goa",33,"baseline_mean",1,"continuous",2.7397,59.5517916876574,59.5517916876574
"goa",33,"baseline_mean",1,"continuous",24.7697,59.5517916876574,59.5517916876574
"goa",33,"baseline_mean",1,"continuous",17.9743,59.5517916876574,59.5517916876574
"goa",33,"baseline_mean",1,"continuous",530.102,59.5517916876574,59.5517916876574
"goa",33,"baseline_mean",1,"continuous",4.6248,59.5517916876574,59.5517916876574
"goa",33,"baseline_mean",1,"continuous",9.0615,59.5517916876574,59.5517916876574
"goa",33,"baseline_mean",2,"continuous",9.1352,51.9104294554455,51.9104294554455
"goa",33,"baseline_mean",2,"continuous",3.6564,51.9104294554455,51.9104294554455
"goa",33,"baseline_mean",2,"continuous",0.1627,51.9104294554455,51.9104294554455
"goa",33,"baseline_mean",2,"continuous",60.5269,51.9104294554455,51.9104294554455
"goa",33,"baseline_mean",2,"continuous",0.8595,51.9104294554455,51.9104294554455
"goa",33,"baseline_mean",2,"continuous",4.8496,51.9104294554455,51.9104294554455
"goa",33,"baseline_mean",2,"continuous",62.8808,51.9104294554455,51.9104294554455
"goa",33,"baseline_mean",2,"continuous",0.0335,51.9104294554455,51.9104294554455
"goa",33,"baseline_mean",2,"continuous",0,51.9104294554455,51.9104294554455
"goa",33,"baseline_mean",2,"continuous",1.7306,51.9104294554455,51.9104294554455
"goa",33,"baseline_mean",2,"continuous",9.9817,51.9104294554455,51.9104294554455
"goa",33,"baseline_mean",2,"continuous",0.4989,51.9104294554455,51.9104294554455
"goa",33,"baseline_mean",2,"continuous",6.3187,51.9104294554455,51.9104294554455
"goa",33,"baseline_mean",2,"continuous",55.8054,51.9104294554455,51.9104294554455
"goa",33,"baseline_mean",2,"continuous",44.2584,51.9104294554455,51.9104294554455
"goa",33,"baseline_mean",2,"continuous",0,51.9104294554455,51.9104294554455
"goa",33,"baseline_mean",2,"continuous",0.4426,51.9104294554455,51.9104294554455
"goa",33,"baseline_mean",2,"continuous",2.6175,51.9104294554455,51.9104294554455
"goa",33,"baseline_mean",2,"continuous",0.2319,51.9104294554455,51.9104294554455
"goa",33,"baseline_mean",2,"continuous",16.9504,51.9104294554455,51.9104294554455
"goa",33,"baseline_mean",2,"continuous",922.0797,51.9104294554455,51.9104294554455
"goa",33,"baseline_mean",2,"continuous",45.4167,51.9104294554455,51.9104294554455
"goa",33,"baseline_mean",2,"continuous",67.7677,51.9104294554455,51.9104294554455
"goa",33,"baseline_mean",2,"continuous",16.4935,51.9104294554455,51.9104294554455
"goa",33,"baseline_mean",2,"continuous",2.2323,51.9104294554455,51.9104294554455
"goa",33,"baseline_mean",2,"continuous",0,51.9104294554455,51.9104294554455
"goa",33,"baseline_mean",2,"continuous",5.4657,51.9104294554455,51.9104294554455
"goa",33,"baseline_mean",2,"continuous",0,51.9104294554455,51.9104294554455
"goa",33,"baseline_mean",2,"continuous",0.977,51.9104294554455,51.9104294554455
"goa",33,"baseline_mean",2,"continuous",50.8456,51.9104294554455,51.9104294554455
"goa",33,"baseline_mean",2,"continuous",64.9775,51.9104294554455,51.9104294554455
"goa",33,"baseline_mean",2,"continuous",34.7283,51.9104294554455,51.9104294554455
"goa",33,"baseline_mean",2,"continuous",63.5263,51.9104294554455,51.9104294554455
"goa",33,"baseline_mean",2,"continuous",18.3791,51.9104294554455,51.9104294554455
"goa",33,"baseline_mean",2,"continuous",83.2018,51.9104294554455,51.9104294554455
"goa",33,"baseline_mean",2,"continuous",24.5887,51.9104294554455,51.9104294554455
"goa",33,"baseline_mean",2,"continuous",0.0227,51.9104294554455,51.9104294554455
"goa",33,"baseline_mean",2,"continuous",9.7929,51.9104294554455,51.9104294554455
"goa",33,"baseline_mean",2,"continuous",73.6718,51.9104294554455,51.9104294554455
"goa",33,"baseline_mean",2,"continuous",45.5932,51.9104294554455,51.9104294554455
"goa",33,"baseline_mean",2,"continuous",16.2659,51.9104294554455,51.9104294554455
"goa",33,"baseline_mean",2,"continuous",4.1609,51.9104294554455,51.9104294554455
"goa",33,"baseline_mean",2,"continuous",0,51.9104294554455,51.9104294554455
"goa",33,"baseline_mean",2,"continuous",4.572,51.9104294554455,51.9104294554455
"goa",33,"baseline_mean",2,"continuous",4.3322,51.9104294554455,51.9104294554455
"goa",33,"baseline_mean",2,"continuous",5.1641,51.9104294554455,51.9104294554455
"goa",33,"baseline_mean",2,"continuous",50.6502,51.9104294554455,51.9104294554455
"goa",33,"baseline_mean",2,"continuous",37.302,51.9104294554455,51.9104294554455
"goa",33,"baseline_mean",2,"continuous",2.8581,51.9104294554455,51.9104294554455
"goa",33,"baseline_mean",2,"continuous",17.0061,51.9104294554455,51.9104294554455
"goa",33,"baseline_mean",2,"continuous",20.6832,51.9104294554455,51.9104294554455
"goa",33,"baseline_mean",2,"continuous",3.3854,51.9104294554455,51.9104294554455
"goa",33,"baseline_mean",2,"continuous",0.556,51.9104294554455,51.9104294554455
"goa",33,"baseline_mean",2,"continuous",1.9319,51.9104294554455,51.9104294554455
"goa",33,"baseline_mean",2,"continuous",0.1045,51.9104294554455,51.9104294554455
"goa",33,"baseline_mean",2,"continuous",9.2768,51.9104294554455,51.9104294554455
"goa",33,"baseline_mean",2,"continuous",728.509,51.9104294554455,51.9104294554455
"goa",33,"baseline_mean",2,"continuous",102.6339,51.9104294554455,51.9104294554455
"goa",33,"baseline_mean",2,"continuous",193.4787,51.9104294554455,51.9104294554455
"goa",33,"baseline_mean",2,"continuous",50.2533,51.9104294554455,51.9104294554455
"goa",33,"baseline_mean",2,"continuous",16.9012,51.9104294554455,51.9104294554455
"goa",33,"baseline_mean",2,"continuous",13.7633,51.9104294554455,51.9104294554455
"goa",33,"baseline_mean",2,"continuous",56.313,51.9104294554455,51.9104294554455
"goa",33,"baseline_mean",2,"continuous",47.6208,51.9104294554455,51.9104294554455
"goa",33,"baseline_mean",2,"continuous",1137.0552,51.9104294554455,51.9104294554455
"goa",33,"baseline_mean",2,"continuous",107.649,51.9104294554455,51.9104294554455
"goa",33,"baseline_mean",2,"continuous",22.2549,51.9104294554455,51.9104294554455
"goa",33,"baseline_mean",2,"continuous",66.4922,51.9104294554455,51.9104294554455
"goa",33,"baseline_mean",2,"continuous",1.4417,51.9104294554455,51.9104294554455
"goa",33,"baseline_mean",2,"continuous",20.3936,51.9104294554455,51.9104294554455
"goa",33,"baseline_mean",2,"continuous",101.2841,51.9104294554455,51.9104294554455
"goa",33,"baseline_mean",2,"continuous",212.6102,51.9104294554455,51.9104294554455
"goa",33,"baseline_mean",2,"continuous",44.894,51.9104294554455,51.9104294554455
"goa",33,"baseline_mean",2,"continuous",314.83,51.9104294554455,51.9104294554455
"goa",33,"baseline_mean",2,"continuous",33.9485,51.9104294554455,51.9104294554455
"goa",33,"baseline_mean",2,"continuous",332.9622,51.9104294554455,51.9104294554455
"goa",33,"baseline_mean",2,"continuous",40.908,51.9104294554455,51.9104294554455
"goa",33,"baseline_mean",2,"continuous",0,51.9104294554455,51.9104294554455
"goa",33,"baseline_mean",2,"continuous",164.6786,51.9104294554455,51.9104294554455
"goa",33,"baseline_mean",2,"continuous",22.6242,51.9104294554455,51.9104294554455
"goa",33,"baseline_mean",2,"continuous",0,51.9104294554455,51.9104294554455
"goa",33,"baseline_mean",2,"continuous",22.9798,51.9104294554455,51.9104294554455
"goa",33,"baseline_mean",2,"continuous",64.1688,51.9104294554455,51.9104294554455
"goa",33,"baseline_mean",2,"continuous",189.1297,51.9104294554455,51.9104294554455
"goa",33,"baseline_mean",2,"continuous",13.9397,51.9104294554455,51.9104294554455
"goa",33,"baseline_mean",2,"continuous",175.1373,51.9104294554455,51.9104294554455
"goa",33,"baseline_mean",2,"continuous",7.0672,51.9104294554455,51.9104294554455
"goa",33,"baseline_mean",2,"continuous",5.4954,51.9104294554455,51.9104294554455
"goa",33,"baseline_mean",2,"continuous",46.9061,51.9104294554455,51.9104294554455
"goa",33,"baseline_mean",2,"continuous",0,51.9104294554455,51.9104294554455
"goa",33,"baseline_mean",2,"continuous",6.9348,51.9104294554455,51.9104294554455
"goa",33,"baseline_mean",2,"continuous",77.0548,51.9104294554455,51.9104294554455
"goa",33,"baseline_mean",2,"continuous",15.7402,51.9104294554455,51.9104294554455
"goa",33,"baseline_mean",2,"continuous",95.5371,51.9104294554455,51.9104294554455
"goa",33,"baseline_mean",2,"continuous",29.0522,51.9104294554455,51.9104294554455
"goa",33,"baseline_mean",2,"continuous",43.1269,51.9104294554455,51.9104294554455
"goa",33,"baseline_mean",3,"continuous",0,46.2002891472868,46.2002891472868
"goa",33,"baseline_mean",3,"continuous",279.3257,46.2002891472868,46.2002891472868
"goa",33,"baseline_mean",3,"continuous",29.6249,46.2002891472868,46.2002891472868
"goa",33,"baseline_mean",3,"continuous",0,46.2002891472868,46.2002891472868
"goa",33,"baseline_mean",3,"continuous",80.5198,46.2002891472868,46.2002891472868
"goa",33,"baseline_mean",3,"continuous",167.5239,46.2002891472868,46.2002891472868
"goa",33,"baseline_mean",3,"continuous",6.1045,46.2002891472868,46.2002891472868
"goa",33,"baseline_mean",3,"continuous",32.0052,46.2002891472868,46.2002891472868
"goa",33,"baseline_mean",3,"continuous",18.5036,46.2002891472868,46.2002891472868
"goa",33,"baseline_mean",3,"continuous",90.1864,46.2002891472868,46.2002891472868
"goa",33,"baseline_mean",3,"continuous",128.6797,46.2002891472868,46.2002891472868
"goa",33,"baseline_mean",3,"continuous",18.9675,46.2002891472868,46.2002891472868
"goa",33,"baseline_mean",3,"continuous",46.811,46.2002891472868,46.2002891472868
"goa",33,"baseline_mean",3,"continuous",19.0758,46.2002891472868,46.2002891472868
"goa",33,"baseline_mean",3,"continuous",117.0112,46.2002891472868,46.2002891472868
"goa",33,"baseline_mean",3,"continuous",10.1657,46.2002891472868,46.2002891472868
"goa",33,"baseline_mean",3,"continuous",10.2595,46.2002891472868,46.2002891472868
"goa",33,"baseline_mean",3,"continuous",9.3991,46.2002891472868,46.2002891472868
"goa",33,"baseline_mean",3,"continuous",11.4517,46.2002891472868,46.2002891472868
"goa",33,"baseline_mean",3,"continuous",311.7967,46.2002891472868,46.2002891472868
"goa",33,"baseline_mean",3,"continuous",2.3074,46.2002891472868,46.2002891472868
"goa",33,"baseline_mean",3,"continuous",37.4043,46.2002891472868,46.2002891472868
"goa",33,"baseline_mean",3,"continuous",57.9916,46.2002891472868,46.2002891472868
"goa",33,"baseline_mean",3,"continuous",302.9947,46.2002891472868,46.2002891472868
"goa",33,"baseline_mean",3,"continuous",1.9831,46.2002891472868,46.2002891472868
"goa",33,"baseline_mean",3,"continuous",43.7154,46.2002891472868,46.2002891472868
"goa",33,"baseline_mean",3,"continuous",4.0712,46.2002891472868,46.2002891472868
"goa",33,"baseline_mean",3,"continuous",5.9442,46.2002891472868,46.2002891472868
"goa",33,"baseline_mean",3,"continuous",106.4081,46.2002891472868,46.2002891472868
"goa",33,"baseline_mean",3,"continuous",98.8347,46.2002891472868,46.2002891472868
"goa",33,"baseline_mean",3,"continuous",0.8235,46.2002891472868,46.2002891472868
"goa",33,"baseline_mean",3,"continuous",135.9286,46.2002891472868,46.2002891472868
"goa",33,"baseline_mean",3,"continuous",72.4716,46.2002891472868,46.2002891472868
"goa",33,"baseline_mean",3,"continuous",153.1987,46.2002891472868,46.2002891472868
"goa",33,"baseline_mean",3,"continuous",6.8768,46.2002891472868,46.2002891472868
"goa",33,"baseline_mean",3,"continuous",26.761,46.2002891472868,46.2002891472868
"goa",33,"baseline_mean",3,"continuous",21.2925,46.2002891472868,46.2002891472868
"goa",33,"baseline_mean",3,"continuous",396.7223,46.2002891472868,46.2002891472868
"goa",33,"baseline_mean",3,"continuous",28.8673,46.2002891472868,46.2002891472868
"goa",33,"baseline_mean",3,"continuous",9.2421,46.2002891472868,46.2002891472868
"goa",33,"baseline_mean",3,"continuous",21.204,46.2002891472868,46.2002891472868
"goa",33,"baseline_mean",3,"continuous",936.2143,46.2002891472868,46.2002891472868
"goa",33,"baseline_mean",3,"continuous",38.7155,46.2002891472868,46.2002891472868
"goa",33,"baseline_mean",3,"continuous",42.8714,46.2002891472868,46.2002891472868
"goa",33,"baseline_mean",3,"continuous",22.5853,46.2002891472868,46.2002891472868
"goa",33,"baseline_mean",3,"continuous",41.9461,46.2002891472868,46.2002891472868
"goa",33,"baseline_mean",3,"continuous",13.4154,46.2002891472868,46.2002891472868
"goa",33,"baseline_mean",3,"continuous",0,46.2002891472868,46.2002891472868
"goa",33,"baseline_mean",3,"continuous",21.6062,46.2002891472868,46.2002891472868
"goa",33,"baseline_mean",3,"continuous",23.0324,46.2002891472868,46.2002891472868
"goa",33,"baseline_mean",3,"continuous",61.3756,46.2002891472868,46.2002891472868
"goa",33,"baseline_mean",3,"continuous",46.9531,46.2002891472868,46.2002891472868
"goa",33,"baseline_mean",3,"continuous",13.5986,46.2002891472868,46.2002891472868
"goa",33,"baseline_mean",3,"continuous",24.9107,46.2002891472868,46.2002891472868
"goa",33,"baseline_mean",3,"continuous",22.9359,46.2002891472868,46.2002891472868
"goa",33,"baseline_mean",3,"continuous",51.5867,46.2002891472868,46.2002891472868
"goa",33,"baseline_mean",3,"continuous",1153.4535,46.2002891472868,46.2002891472868
"goa",33,"baseline_mean",3,"continuous",141.2234,46.2002891472868,46.2002891472868
"goa",33,"baseline_mean",3,"continuous",2.147,46.2002891472868,46.2002891472868
"goa",33,"baseline_mean",3,"continuous",96.062,46.2002891472868,46.2002891472868
"goa",33,"baseline_mean",3,"continuous",31.434,46.2002891472868,46.2002891472868
"goa",33,"baseline_mean",3,"continuous",0,46.2002891472868,46.2002891472868
"goa",33,"baseline_mean",3,"continuous",594.0336,46.2002891472868,46.2002891472868
"goa",33,"baseline_mean",3,"continuous",301.8775,46.2002891472868,46.2002891472868
"goa",33,"baseline_mean",3,"continuous",0,46.2002891472868,46.2002891472868
"goa",33,"baseline_mean",3,"continuous",19.4767,46.2002891472868,46.2002891472868
"goa",33,"baseline_mean",3,"continuous",55.0582,46.2002891472868,46.2002891472868
"goa",33,"baseline_mean",3,"continuous",124.7311,46.2002891472868,46.2002891472868
"goa",33,"baseline_mean",3,"continuous",38.0306,46.2002891472868,46.2002891472868
"goa",33,"baseline_mean",3,"continuous",55.1524,46.2002891472868,46.2002891472868
"goa",33,"baseline_mean",3,"continuous",0,46.2002891472868,46.2002891472868
"goa",33,"baseline_mean",3,"continuous",6.4415,46.2002891472868,46.2002891472868
"goa",33,"baseline_mean",3,"continuous",1.3176,46.2002891472868,46.2002891472868
"goa",33,"baseline_mean",3,"continuous",0,46.2002891472868,46.2002891472868
"goa",33,"baseline_mean",3,"continuous",78.4874,46.2002891472868,46.2002891472868
"goa",33,"baseline_mean",3,"continuous",80.9645,46.2002891472868,46.2002891472868
"goa",33,"baseline_mean",3,"continuous",834.5721,46.2002891472868,46.2002891472868
"goa",33,"baseline_mean",3,"continuous",0,46.2002891472868,46.2002891472868
"goa",33,"baseline_mean",3,"continuous",12.6763,46.2002891472868,46.2002891472868
"goa",33,"baseline_mean",3,"continuous",3.0457,46.2002891472868,46.2002891472868
"goa",33,"baseline_mean",3,"continuous",58.5727,46.2002891472868,46.2002891472868
"goa",33,"baseline_mean",3,"continuous",19.7161,46.2002891472868,46.2002891472868
"goa",33,"baseline_mean",3,"continuous",46.6751,46.2002891472868,46.2002891472868
"goa",33,"baseline_mean",3,"continuous",99.1152,46.2002891472868,46.2002891472868
"goa",33,"baseline_mean",3,"continuous",0,46.2002891472868,46.2002891472868
"goa",33,"baseline_mean",3,"continuous",109.3259,46.2002891472868,46.2002891472868
"goa",33,"baseline_mean",3,"continuous",233.9074,46.2002891472868,46.2002891472868
"goa",33,"baseline_mean",3,"continuous",14.1264,46.2002891472868,46.2002891472868
"goa",33,"baseline_mean",3,"continuous",27.5185,46.2002891472868,46.2002891472868
"goa",33,"baseline_mean",3,"continuous",56.0532,46.2002891472868,46.2002891472868
"goa",33,"baseline_mean",3,"continuous",9.4043,46.2002891472868,46.2002891472868
"goa",33,"baseline_mean",3,"continuous",43.1042,46.2002891472868,46.2002891472868
"goa",33,"baseline_mean",3,"continuous",5.7601,46.2002891472868,46.2002891472868
"goa",33,"baseline_mean",3,"continuous",212.0524,46.2002891472868,46.2002891472868
"goa",33,"baseline_mean",3,"continuous",33.4545,46.2002891472868,46.2002891472868
"goa",33,"baseline_mean",3,"continuous",91.5687,46.2002891472868,46.2002891472868
"goa",33,"baseline_mean",3,"continuous",188.2875,46.2002891472868,46.2002891472868
"goa",33,"baseline_mean",3,"continuous",98.9499,46.2002891472868,46.2002891472868
"goa",33,"baseline_mean",3,"continuous",11.3642,46.2002891472868,46.2002891472868
"goa",33,"baseline_mean",3,"continuous",131.6808,46.2002891472868,46.2002891472868
"goa",33,"baseline_mean",3,"continuous",0,46.2002891472868,46.2002891472868
"goa",33,"baseline_mean",3,"continuous",0,46.2002891472868,46.2002891472868
"goa",33,"baseline_mean",3,"continuous",37.1567,46.2002891472868,46.2002891472868
"goa",33,"baseline_mean",3,"continuous",0,46.2002891472868,46.2002891472868
"goa",33,"baseline_mean",3,"continuous",1.1439,46.2002891472868,46.2002891472868
"goa",33,"baseline_mean",3,"continuous",97.3791,46.2002891472868,46.2002891472868
"goa",33,"baseline_mean",3,"continuous",66.2755,46.2002891472868,46.2002891472868
"goa",33,"baseline_mean",3,"continuous",50.6755,46.2002891472868,46.2002891472868
"goa",33,"baseline_mean",3,"continuous",7.2721,46.2002891472868,46.2002891472868
"goa",33,"baseline_mean",3,"continuous",18.8363,46.2002891472868,46.2002891472868
"goa",33,"baseline_mean",3,"continuous",15.631,46.2002891472868,46.2002891472868
"goa",33,"baseline_mean",3,"continuous",7.6272,46.2002891472868,46.2002891472868
"goa",33,"baseline_mean",3,"continuous",0,46.2002891472868,46.2002891472868
"goa",33,"baseline_mean",4,"continuous",0,57.4379110831234,57.4379110831234
"goa",33,"baseline_mean",4,"continuous",0,57.4379110831234,57.4379110831234
"goa",33,"baseline_mean",4,"continuous",0,57.4379110831234,57.4379110831234
"goa",33,"baseline_mean",4,"continuous",0,57.4379110831234,57.4379110831234
"goa",33,"baseline_mean",4,"continuous",25.3078,57.4379110831234,57.4379110831234
"goa",33,"baseline_mean",4,"continuous",9.7141,57.4379110831234,57.4379110831234
"goa",33,"baseline_mean",4,"continuous",1.3049,57.4379110831234,57.4379110831234
"goa",33,"baseline_mean",4,"continuous",28.6968,57.4379110831234,57.4379110831234
"goa",33,"baseline_mean",4,"continuous",10.0478,57.4379110831234,57.4379110831234
"goa",33,"baseline_mean",4,"continuous",0,57.4379110831234,57.4379110831234
"goa",33,"baseline_mean",4,"continuous",22.8159,57.4379110831234,57.4379110831234
"goa",33,"baseline_mean",4,"continuous",26.1647,57.4379110831234,57.4379110831234
"goa",33,"baseline_mean",4,"continuous",31.0748,57.4379110831234,57.4379110831234
"goa",33,"baseline_mean",4,"continuous",10.4632,57.4379110831234,57.4379110831234
"goa",33,"baseline_mean",4,"continuous",0,57.4379110831234,57.4379110831234
"goa",33,"baseline_mean",4,"continuous",0,57.4379110831234,57.4379110831234
"goa",33,"baseline_mean",4,"continuous",13.9273,57.4379110831234,57.4379110831234
"goa",33,"baseline_mean",4,"continuous",40.0496,57.4379110831234,57.4379110831234
"goa",33,"baseline_mean",4,"continuous",35.0147,57.4379110831234,57.4379110831234
"goa",33,"baseline_mean",4,"continuous",62.7416,57.4379110831234,57.4379110831234
"goa",33,"baseline_mean",4,"continuous",26.3363,57.4379110831234,57.4379110831234
"goa",33,"baseline_mean",4,"continuous",19.5108,57.4379110831234,57.4379110831234
"goa",33,"baseline_mean",4,"continuous",82.634,57.4379110831234,57.4379110831234
"goa",33,"baseline_mean",4,"continuous",84.5855,57.4379110831234,57.4379110831234
"goa",33,"baseline_mean",4,"continuous",0,57.4379110831234,57.4379110831234
"goa",33,"baseline_mean",4,"continuous",7.603,57.4379110831234,57.4379110831234
"goa",33,"baseline_mean",4,"continuous",19.5616,57.4379110831234,57.4379110831234
"goa",33,"baseline_mean",4,"continuous",307.4967,57.4379110831234,57.4379110831234
"goa",33,"baseline_mean",4,"continuous",101.1108,57.4379110831234,57.4379110831234
"goa",33,"baseline_mean",4,"continuous",385.051,57.4379110831234,57.4379110831234
"goa",33,"baseline_mean",4,"continuous",120.3135,57.4379110831234,57.4379110831234
"goa",33,"baseline_mean",4,"continuous",78.5435,57.4379110831234,57.4379110831234
"goa",33,"baseline_mean",4,"continuous",65.5064,57.4379110831234,57.4379110831234
"goa",33,"baseline_mean",4,"continuous",122.5467,57.4379110831234,57.4379110831234
"goa",33,"baseline_mean",4,"continuous",2.3389,57.4379110831234,57.4379110831234
"goa",33,"baseline_mean",4,"continuous",0,57.4379110831234,57.4379110831234
"goa",33,"baseline_mean",4,"continuous",22.3627,57.4379110831234,57.4379110831234
"goa",33,"baseline_mean",4,"continuous",39.3448,57.4379110831234,57.4379110831234
"goa",33,"baseline_mean",4,"continuous",0,57.4379110831234,57.4379110831234
"goa",33,"baseline_mean",4,"continuous",24.1193,57.4379110831234,57.4379110831234
"goa",33,"baseline_mean",4,"continuous",43.8157,57.4379110831234,57.4379110831234
"goa",33,"baseline_mean",4,"continuous",18.4473,57.4379110831234,57.4379110831234
"goa",33,"baseline_mean",4,"continuous",0,57.4379110831234,57.4379110831234
"goa",33,"baseline_mean",4,"continuous",0,57.4379110831234,57.4379110831234
"goa",33,"baseline_mean",4,"continuous",6.6492,57.4379110831234,57.4379110831234
"goa",33,"baseline_mean",4,"continuous",6.36,57.4379110831234,57.4379110831234
"goa",33,"baseline_mean",4,"continuous",19.1733,57.4379110831234,57.4379110831234
"goa",33,"baseline_mean",4,"continuous",3.1576,57.4379110831234,57.4379110831234
"goa",33,"baseline_mean",4,"continuous",0,57.4379110831234,57.4379110831234
"goa",33,"baseline_mean",4,"continuous",30.4508,57.4379110831234,57.4379110831234
"goa",33,"baseline_mean",4,"continuous",0,57.4379110831234,57.4379110831234
"goa",33,"baseline_mean",4,"continuous",0,57.4379110831234,57.4379110831234
"goa",33,"baseline_mean",4,"continuous",0.4807,57.4379110831234,57.4379110831234
"goa",33,"baseline_mean",4,"continuous",21.8932,57.4379110831234,57.4379110831234
"goa",33,"baseline_mean",4,"continuous",10.219,57.4379110831234,57.4379110831234
"goa",33,"baseline_mean",4,"continuous",154.547,57.4379110831234,57.4379110831234
"goa",33,"baseline_mean",4,"continuous",0,57.4379110831234,57.4379110831234
"goa",33,"baseline_mean",4,"continuous",0.0752,57.4379110831234,57.4379110831234
"goa",33,"baseline_mean",4,"continuous",70.2558,57.4379110831234,57.4379110831234
"goa",33,"baseline_mean",4,"continuous",0,57.4379110831234,57.4379110831234
"goa",33,"baseline_mean",4,"continuous",35.6525,57.4379110831234,57.4379110831234
"goa",33,"baseline_mean",4,"continuous",2.2514,57.4379110831234,57.4379110831234
"goa",33,"baseline_mean",4,"continuous",8.5411,57.4379110831234,57.4379110831234
"goa",33,"baseline_mean",4,"continuous",8.313,57.4379110831234,57.4379110831234
"goa",33,"baseline_mean",4,"continuous",43.0226,57.4379110831234,57.4379110831234
"goa",33,"baseline_mean",4,"continuous",0,57.4379110831234,57.4379110831234
"goa",33,"baseline_mean",4,"continuous",2.9227,57.4379110831234,57.4379110831234
"goa",33,"baseline_mean",4,"continuous",6.8407,57.4379110831234,57.4379110831234
"goa",33,"baseline_mean",4,"continuous",17.0813,57.4379110831234,57.4379110831234
"goa",33,"baseline_mean",4,"continuous",0,57.4379110831234,57.4379110831234
"goa",33,"baseline_mean",4,"continuous",39.5628,57.4379110831234,57.4379110831234
"goa",33,"baseline_mean",4,"continuous",391.9478,57.4379110831234,57.4379110831234
"goa",33,"baseline_mean",4,"continuous",13.6643,57.4379110831234,57.4379110831234
"goa",33,"baseline_mean",4,"continuous",7.3183,57.4379110831234,57.4379110831234
"goa",33,"baseline_mean",4,"continuous",0.7343,57.4379110831234,57.4379110831234
"goa",33,"baseline_mean",4,"continuous",130.7254,57.4379110831234,57.4379110831234
"goa",33,"baseline_mean",4,"continuous",1.8366,57.4379110831234,57.4379110831234
"goa",33,"baseline_mean",4,"continuous",176.2184,57.4379110831234,57.4379110831234
"goa",33,"baseline_mean",4,"continuous",5.9712,57.4379110831234,57.4379110831234
"goa",33,"baseline_mean",4,"continuous",0,57.4379110831234,57.4379110831234
"goa",33,"baseline_mean",4,"continuous",30.943,57.4379110831234,57.4379110831234
"goa",33,"baseline_mean",4,"continuous",0.6689,57.4379110831234,57.4379110831234
"goa",33,"baseline_mean",4,"continuous",12.2485,57.4379110831234,57.4379110831234
"goa",33,"baseline_mean",4,"continuous",345.5682,57.4379110831234,57.4379110831234
"goa",33,"baseline_mean",4,"continuous",2.9014,57.4379110831234,57.4379110831234
"goa",33,"baseline_mean",4,"continuous",0,57.4379110831234,57.4379110831234
"goa",33,"baseline_mean",4,"continuous",5.3307,57.4379110831234,57.4379110831234
"goa",33,"baseline_mean",4,"continuous",9.5243,57.4379110831234,57.4379110831234
"goa",33,"baseline_mean",4,"continuous",6.9338,57.4379110831234,57.4379110831234
"goa",33,"baseline_mean",4,"continuous",0.6647,57.4379110831234,57.4379110831234
"goa",33,"baseline_mean",4,"continuous",9.7221,57.4379110831234,57.4379110831234
"goa",33,"baseline_mean",4,"continuous",1.546,57.4379110831234,57.4379110831234
"goa",33,"baseline_mean",4,"continuous",64.2741,57.4379110831234,57.4379110831234
"goa",33,"baseline_mean",4,"continuous",23.5081,57.4379110831234,57.4379110831234
"goa",33,"baseline_mean",4,"continuous",3.3693,57.4379110831234,57.4379110831234
"goa",33,"baseline_mean",4,"continuous",3.7054,57.4379110831234,57.4379110831234
"goa",33,"baseline_mean",4,"continuous",18.7778,57.4379110831234,57.4379110831234
"goa",33,"baseline_mean",4,"continuous",14.7655,57.4379110831234,57.4379110831234
"goa",33,"baseline_mean",4,"continuous",287.6403,57.4379110831234,57.4379110831234
"goa",33,"baseline_mean",4,"continuous",13.7316,57.4379110831234,57.4379110831234
"goa",33,"baseline_mean",4,"continuous",0.976,57.4379110831234,57.4379110831234
"goa",33,"baseline_mean",4,"continuous",808.0714,57.4379110831234,57.4379110831234
"goa",33,"baseline_mean",4,"continuous",14.3939,57.4379110831234,57.4379110831234
"goa",33,"baseline_mean",5,"continuous",30.6639,60.3611975903614,60.3611975903614
"goa",33,"baseline_mean",5,"continuous",18.3207,60.3611975903614,60.3611975903614
"goa",33,"baseline_mean",5,"continuous",64.7213,60.3611975903614,60.3611975903614
"goa",33,"baseline_mean",5,"continuous",57.0843,60.3611975903614,60.3611975903614
"goa",33,"baseline_mean",5,"continuous",0,60.3611975903614,60.3611975903614
"goa",33,"baseline_mean",5,"continuous",25.8666,60.3611975903614,60.3611975903614
"goa",33,"baseline_mean",5,"continuous",85.4468,60.3611975903614,60.3611975903614
"goa",33,"baseline_mean",5,"continuous",31.6943,60.3611975903614,60.3611975903614
"goa",33,"baseline_mean",5,"continuous",14.1454,60.3611975903614,60.3611975903614
"goa",33,"baseline_mean",5,"continuous",17.4125,60.3611975903614,60.3611975903614
"goa",33,"baseline_mean",5,"continuous",71.4521,60.3611975903614,60.3611975903614
"goa",33,"baseline_mean",5,"continuous",19.8659,60.3611975903614,60.3611975903614
"goa",33,"baseline_mean",5,"continuous",114.4116,60.3611975903614,60.3611975903614
"goa",33,"baseline_mean",5,"continuous",0.1344,60.3611975903614,60.3611975903614
"goa",33,"baseline_mean",5,"continuous",5.718,60.3611975903614,60.3611975903614
"goa",33,"baseline_mean",5,"continuous",59.9492,60.3611975903614,60.3611975903614
"goa",33,"baseline_mean",5,"continuous",93.0971,60.3611975903614,60.3611975903614
"goa",33,"baseline_mean",5,"continuous",131.3938,60.3611975903614,60.3611975903614
"goa",33,"baseline_mean",5,"continuous",45.5903,60.3611975903614,60.3611975903614
"goa",33,"baseline_mean",5,"continuous",2.3232,60.3611975903614,60.3611975903614
"goa",33,"baseline_mean",5,"continuous",17.289,60.3611975903614,60.3611975903614
"goa",33,"baseline_mean",5,"continuous",104.1167,60.3611975903614,60.3611975903614
"goa",33,"baseline_mean",5,"continuous",30.2118,60.3611975903614,60.3611975903614
"goa",33,"baseline_mean",5,"continuous",58.7572,60.3611975903614,60.3611975903614
"goa",33,"baseline_mean",5,"continuous",3.0307,60.3611975903614,60.3611975903614
"goa",33,"baseline_mean",5,"continuous",12.848,60.3611975903614,60.3611975903614
"goa",33,"baseline_mean",5,"continuous",10.0411,60.3611975903614,60.3611975903614
"goa",33,"baseline_mean",5,"continuous",0,60.3611975903614,60.3611975903614
"goa",33,"baseline_mean",5,"continuous",1.5337,60.3611975903614,60.3611975903614
"goa",33,"baseline_mean",5,"continuous",12.1244,60.3611975903614,60.3611975903614
"goa",33,"baseline_mean",5,"continuous",5.8105,60.3611975903614,60.3611975903614
"goa",33,"baseline_mean",5,"continuous",44.8735,60.3611975903614,60.3611975903614
"goa",33,"baseline_mean",5,"continuous",38.5649,60.3611975903614,60.3611975903614
"goa",33,"baseline_mean",5,"continuous",7.5202,60.3611975903614,60.3611975903614
"goa",33,"baseline_mean",5,"continuous",22.2468,60.3611975903614,60.3611975903614
"goa",33,"baseline_mean",5,"continuous",1.488,60.3611975903614,60.3611975903614
"goa",33,"baseline_mean",5,"continuous",0,60.3611975903614,60.3611975903614
"goa",33,"baseline_mean",5,"continuous",24.2166,60.3611975903614,60.3611975903614
"goa",33,"baseline_mean",5,"continuous",0,60.3611975903614,60.3611975903614
"goa",33,"baseline_mean",5,"continuous",56.3578,60.3611975903614,60.3611975903614
"goa",33,"baseline_mean",5,"continuous",4.539,60.3611975903614,60.3611975903614
"goa",33,"baseline_mean",5,"continuous",61.3939,60.3611975903614,60.3611975903614
"goa",33,"baseline_mean",5,"continuous",22.3947,60.3611975903614,60.3611975903614
"goa",33,"baseline_mean",5,"continuous",0,60.3611975903614,60.3611975903614
"goa",33,"baseline_mean",5,"continuous",23.9065,60.3611975903614,60.3611975903614
"goa",33,"baseline_mean",5,"continuous",27.4279,60.3611975903614,60.3611975903614
"goa",33,"baseline_mean",5,"continuous",9.7452,60.3611975903614,60.3611975903614
"goa",33,"baseline_mean",5,"continuous",20.4155,60.3611975903614,60.3611975903614
"goa",33,"baseline_mean",5,"continuous",0.1332,60.3611975903614,60.3611975903614
"goa",33,"baseline_mean",5,"continuous",9.4111,60.3611975903614,60.3611975903614
"goa",33,"baseline_mean",5,"continuous",3.9324,60.3611975903614,60.3611975903614
"goa",33,"baseline_mean",5,"continuous",0,60.3611975903614,60.3611975903614
"goa",33,"baseline_mean",5,"continuous",6.2225,60.3611975903614,60.3611975903614
"goa",33,"baseline_mean",5,"continuous",7.0922,60.3611975903614,60.3611975903614
"goa",33,"baseline_mean",5,"continuous",4.3646,60.3611975903614,60.3611975903614
"goa",33,"baseline_mean",5,"continuous",131.9522,60.3611975903614,60.3611975903614
"goa",33,"baseline_mean",5,"continuous",4.612,60.3611975903614,60.3611975903614
"goa",33,"baseline_mean",5,"continuous",151.8197,60.3611975903614,60.3611975903614
"goa",33,"baseline_mean",5,"continuous",61.8847,60.3611975903614,60.3611975903614
"goa",33,"baseline_mean",5,"continuous",2.6861,60.3611975903614,60.3611975903614
"goa",33,"baseline_mean",5,"continuous",31.0716,60.3611975903614,60.3611975903614
"goa",33,"baseline_mean",5,"continuous",19.2936,60.3611975903614,60.3611975903614
"goa",33,"baseline_mean",5,"continuous",0,60.3611975903614,60.3611975903614
"goa",33,"baseline_mean",5,"continuous",80.3646,60.3611975903614,60.3611975903614
"goa",33,"baseline_mean",5,"continuous",18.043,60.3611975903614,60.3611975903614
"goa",33,"baseline_mean",5,"continuous",173.044,60.3611975903614,60.3611975903614
"goa",33,"baseline_mean",5,"continuous",0,60.3611975903614,60.3611975903614
"goa",33,"baseline_mean",5,"continuous",0.4466,60.3611975903614,60.3611975903614
"goa",33,"baseline_mean",5,"continuous",12.9297,60.3611975903614,60.3611975903614
"goa",33,"baseline_mean",5,"continuous",0.0231,60.3611975903614,60.3611975903614
"goa",33,"baseline_mean",5,"continuous",10.5208,60.3611975903614,60.3611975903614
"goa",33,"baseline_mean",5,"continuous",36.1595,60.3611975903614,60.3611975903614
"goa",33,"baseline_mean",5,"continuous",7.2206,60.3611975903614,60.3611975903614
"goa",33,"baseline_mean",5,"continuous",128.776,60.3611975903614,60.3611975903614
"goa",33,"baseline_mean",5,"continuous",16.0957,60.3611975903614,60.3611975903614
"goa",33,"baseline_mean",5,"continuous",16.2148,60.3611975903614,60.3611975903614
"goa",33,"baseline_mean",5,"continuous",1.6588,60.3611975903614,60.3611975903614
"goa",33,"baseline_mean",5,"continuous",5.0841,60.3611975903614,60.3611975903614
"goa",33,"baseline_mean",5,"continuous",19.0893,60.3611975903614,60.3611975903614
"goa",33,"baseline_mean",5,"continuous",24.8627,60.3611975903614,60.3611975903614
"goa",33,"baseline_mean",5,"continuous",7.2996,60.3611975903614,60.3611975903614
"goa",33,"baseline_mean",5,"continuous",9.5641,60.3611975903614,60.3611975903614
"goa",33,"baseline_mean",5,"continuous",0.3572,60.3611975903614,60.3611975903614
"goa",33,"baseline_mean",5,"continuous",24.2615,60.3611975903614,60.3611975903614
"goa",33,"baseline_mean",5,"continuous",0,60.3611975903614,60.3611975903614
"goa",33,"ols",1,"continuous",0,-19.0097438317166,59.5517916876574
"goa",33,"ols",1,"continuous",6.5059,69.5429456278222,59.5517916876574
"goa",33,"ols",1,"continuous",20.7484,76.6023630116727,59.5517916876574
"goa",33,"ols",1,"continuous",3.4258,66.4758439180133,59.5517916876574
"goa",33,"ols",1,"continuous",8.4797,77.5433449855291,59.5517916876574
"goa",33,"ols",1,"continuous",63.7188,53.4405776560961,59.5517916876574
"goa",33,"ols",1,"continuous",1.1565,51.7779889785171,59.5517916876574
"goa",33,"ols",1,"continuous",43.5046,47.3503486780003,59.5517916876574
"goa",33,"ols",1,"continuous",3.5064,57.8766292620564,59.5517916876574
"goa",33,"ols",1,"continuous",0,-18.766384155346,59.5517916876574
"goa",33,"ols",1,"continuous",32.9726,76.1521331660176,59.5517916876574
"goa",33,"ols",1,"continuous",1.8927,63.3270390072238,59.5517916876574
"goa",33,"ols",1,"continuous",10.1555,72.9666482707102,59.5517916876574
"goa",33,"ols",1,"continuous",1.3243,69.5429456278222,59.5517916876574
"goa",33,"ols",1,"continuous",29.1366,77.7117645992425,59.5517916876574
"goa",33,"ols",1,"continuous",0,68.598540408011,59.5517916876574
"goa",33,"ols",1,"continuous",0,22.4453775469412,59.5517916876574
"goa",33,"ols",1,"continuous",24.0571,74.6143642632941,59.5517916876574
"goa",33,"ols",1,"continuous",56.9712,69.6803249428772,59.5517916876574
"goa",33,"ols",1,"continuous",107.5302,77.5862552066146,59.5517916876574
"goa",33,"ols",1,"continuous",21.9335,76.9507285399452,59.5517916876574
"goa",33,"ols",1,"continuous",8.6668,69.5429456278222,59.5517916876574
"goa",33,"ols",1,"continuous",42.2079,60.5086968586036,59.5517916876574
"goa",33,"ols",1,"continuous",21.638,52.1857036084043,59.5517916876574
"goa",33,"ols",1,"continuous",109.4013,77.6875846866246,59.5517916876574
"goa",33,"ols",1,"continuous",0.2749,65.8925984099734,59.5517916876574
"goa",33,"ols",1,"continuous",0.0314,32.8318359046367,59.5517916876574
"goa",33,"ols",1,"continuous",49.5557,62.3754435080034,59.5517916876574
"goa",33,"ols",1,"continuous",1.9508,67.5778744980922,59.5517916876574
"goa",33,"ols",1,"continuous",1.6681,65.8925984099734,59.5517916876574
"goa",33,"ols",1,"continuous",11.0499,68.598540408011,59.5517916876574
"goa",33,"ols",1,"continuous",2.6545,57.8766292620564,59.5517916876574
"goa",33,"ols",1,"continuous",4.1351,61.4475529289771,59.5517916876574
"goa",33,"ols",1,"continuous",1.6447,65.8925984099734,59.5517916876574
"goa",33,"ols",1,"continuous",17.4874,77.7147452561428,59.5517916876574
"goa",33,"ols",1,"continuous",84.3691,76.3275589856805,59.5517916876574
"goa",33,"ols",1,"continuous",144.6887,75.4460890024845,59.5517916876574
"goa",33,"ols",1,"continuous",123.2541,30.402498762088,59.5517916876574
"goa",33,"ols",1,"continuous",1.9678,67.0302710226879,59.5517916876574
"goa",33,"ols",1,"continuous",24.4489,64.6414277673496,59.5517916876574
"goa",33,"ols",1,"continuous",3.7365,76.8428327979361,59.5517916876574
"goa",33,"ols",1,"continuous",51.5987,71.9637273976294,59.5517916876574
"goa",33,"ols",1,"continuous",5.4433,51.6814448239556,59.5517916876574
"goa",33,"ols",1,"continuous",0.0722,-32.9624829544341,59.5517916876574
"goa",33,"ols",1,"continuous",45.7868,65.0844513734057,59.5517916876574
"goa",33,"ols",1,"continuous",52.3303,59.0815833209003,59.5517916876574
"goa",33,"ols",1,"continuous",8.242,77.4938967294854,59.5517916876574
"goa",33,"ols",1,"continuous",6.7374,60.744394296232,59.5517916876574
"goa",33,"ols",1,"continuous",1.1912,77.6772767544667,59.5517916876574
"goa",33,"ols",1,"continuous",9.0688,74.8467809175725,59.5517916876574
"goa",33,"ols",1,"continuous",6.7062,42.6984066512277,59.5517916876574
"goa",33,"ols",1,"continuous",31.8989,71.6002232150573,59.5517916876574
"goa",33,"ols",1,"continuous",21.9825,67.5778744980922,59.5517916876574
"goa",33,"ols",1,"continuous",8.7701,55.9437553880941,59.5517916876574
"goa",33,"ols",1,"continuous",2.2407,70.4157842494906,59.5517916876574
"goa",33,"ols",1,"continuous",129.4165,72.2682306114446,59.5517916876574
"goa",33,"ols",1,"continuous",0.8386,20.0868858398023,59.5517916876574
"goa",33,"ols",1,"continuous",18.0812,64.8633928275044,59.5517916876574
"goa",33,"ols",1,"continuous",0,61.8929514022753,59.5517916876574
"goa",33,"ols",1,"continuous",0,26.865929708326,59.5517916876574
"goa",33,"ols",1,"continuous",174.0796,77.1428560423406,59.5517916876574
"goa",33,"ols",1,"continuous",0.6223,12.3462013390857,59.5517916876574
"goa",33,"ols",1,"continuous",180.0364,76.6560157917784,59.5517916876574
"goa",33,"ols",1,"continuous",30.6219,74.8467809175725,59.5517916876574
"goa",33,"ols",1,"continuous",36.441,69.0876821670513,59.5517916876574
"goa",33,"ols",1,"continuous",61.5538,77.2152758324162,59.5517916876574
"goa",33,"ols",1,"continuous",2.1238,70.4157842494906,59.5517916876574
"goa",33,"ols",1,"continuous",39.3556,73.5664200548009,59.5517916876574
"goa",33,"ols",1,"continuous",14.8056,77.2274748310106,59.5517916876574
"goa",33,"ols",1,"continuous",48.8392,77.4938967294854,59.5517916876574
"goa",33,"ols",1,"continuous",175.5409,74.9199041359868,59.5517916876574
"goa",33,"ols",1,"continuous",2.3076,68.598540408011,59.5517916876574
"goa",33,"ols",1,"continuous",0,-32.9624829544341,59.5517916876574
"goa",33,"ols",1,"continuous",112.0547,75.0553653279592,59.5517916876574
"goa",33,"ols",1,"continuous",69.3453,62.8350118289975,59.5517916876574
"goa",33,"ols",1,"continuous",494.7127,75.6929862289892,59.5517916876574
"goa",33,"ols",1,"continuous",3.6427,77.6227815092827,59.5517916876574
"goa",33,"ols",1,"continuous",45.7757,76.0166050457913,59.5517916876574
"goa",33,"ols",1,"continuous",22.6695,68.598540408011,59.5517916876574
"goa",33,"ols",1,"continuous",35.6304,77.5433449855291,59.5517916876574
"goa",33,"ols",1,"continuous",16.1682,73.846819381465,59.5517916876574
"goa",33,"ols",1,"continuous",19.1639,74.9199041359868,59.5517916876574
"goa",33,"ols",1,"continuous",0.6232,70.8267310164583,59.5517916876574
"goa",33,"ols",1,"continuous",45.2617,47.3503486780003,59.5517916876574
"goa",33,"ols",1,"continuous",83.1352,64.8633928275044,59.5517916876574
"goa",33,"ols",1,"continuous",54.3956,72.9666482707102,59.5517916876574
"goa",33,"ols",1,"continuous",5.209,42.7773721709984,59.5517916876574
"goa",33,"ols",1,"continuous",0.8887,34.6610270188586,59.5517916876574
"goa",33,"ols",1,"continuous",15.1962,71.6002232150573,59.5517916876574
"goa",33,"ols",1,"continuous",2.5034,58.1186897631965,59.5517916876574
"goa",33,"ols",1,"continuous",10.8098,-20.9517644628388,59.5517916876574
"goa",33,"ols",1,"continuous",7.9787,77.4491457712566,59.5517916876574
"goa",33,"ols",1,"continuous",0.4758,71.2213810440629,59.5517916876574
"goa",33,"ols",1,"continuous",6.9596,77.6530735732301,59.5517916876574
"goa",33,"ols",1,"continuous",29.327,58.6839390370009,59.5517916876574
"goa",33,"ols",1,"continuous",14.6888,65.3045862838576,59.5517916876574
"goa",33,"ols",1,"continuous",0,67.0373660543853,59.5517916876574
"goa",33,"ols",1,"continuous",2.7397,28.9385123377995,59.5517916876574
"goa",33,"ols",1,"continuous",24.7697,61.213834812067,59.5517916876574
"goa",33,"ols",1,"continuous",17.9743,60.3480483511571,59.5517916876574
"goa",33,"ols",1,"continuous",530.102,60.3480483511571,59.5517916876574
"goa",33,"ols",1,"continuous",4.6248,69.8751252220511,59.5517916876574
"goa",33,"ols",1,"continuous",9.0615,54.9601052289423,59.5517916876574
"goa",33,"ols",2,"continuous",9.1352,66.249591648874,51.9104294554455
"goa",33,"ols",2,"continuous",3.6564,43.4480296668034,51.9104294554455
"goa",33,"ols",2,"continuous",0.1627,34.8437604754727,51.9104294554455
"goa",33,"ols",2,"continuous",60.5269,71.5309168757396,51.9104294554455
"goa",33,"ols",2,"continuous",0.8595,68.7475947684695,51.9104294554455
"goa",33,"ols",2,"continuous",4.8496,63.653516981851,51.9104294554455
"goa",33,"ols",2,"continuous",62.8808,71.8497531137953,51.9104294554455
"goa",33,"ols",2,"continuous",0.0335,-61.5955218012526,51.9104294554455
"goa",33,"ols",2,"continuous",0,58.1890547076671,51.9104294554455
"goa",33,"ols",2,"continuous",1.7306,67.8762353276582,51.9104294554455
"goa",33,"ols",2,"continuous",9.9817,70.7322693990955,51.9104294554455
"goa",33,"ols",2,"continuous",0.4989,-9.39649892067314,51.9104294554455
"goa",33,"ols",2,"continuous",6.3187,27.261777771889,51.9104294554455
"goa",33,"ols",2,"continuous",55.8054,64.6019081617462,51.9104294554455
"goa",33,"ols",2,"continuous",44.2584,71.8133507363561,51.9104294554455
"goa",33,"ols",2,"continuous",0,66.8476337620241,51.9104294554455
"goa",33,"ols",2,"continuous",0.4426,62.642333754416,51.9104294554455
"goa",33,"ols",2,"continuous",2.6175,51.5377363148168,51.9104294554455
"goa",33,"ols",2,"continuous",0.2319,17.5372650827397,51.9104294554455
"goa",33,"ols",2,"continuous",16.9504,47.432368010514,51.9104294554455
"goa",33,"ols",2,"continuous",922.0797,54.4203042605761,51.9104294554455
"goa",33,"ols",2,"continuous",45.4167,53.0169914262826,51.9104294554455
"goa",33,"ols",2,"continuous",67.7677,71.5764487823326,51.9104294554455
"goa",33,"ols",2,"continuous",16.4935,70.8927405637189,51.9104294554455
"goa",33,"ols",2,"continuous",2.2323,59.8197122551164,51.9104294554455
"goa",33,"ols",2,"continuous",0,69.523781015346,51.9104294554455
"goa",33,"ols",2,"continuous",5.4657,71.8740127146264,51.9104294554455
"goa",33,"ols",2,"continuous",0,68.9916215365217,51.9104294554455
"goa",33,"ols",2,"continuous",0.977,70.3812077075852,51.9104294554455
"goa",33,"ols",2,"continuous",50.8456,70.2874214144395,51.9104294554455
"goa",33,"ols",2,"continuous",64.9775,61.3424977183793,51.9104294554455
"goa",33,"ols",2,"continuous",34.7283,69.9922741505534,51.9104294554455
"goa",33,"ols",2,"continuous",63.5263,61.1583608479555,51.9104294554455
"goa",33,"ols",2,"continuous",18.3791,52.8069232039129,51.9104294554455
"goa",33,"ols",2,"continuous",83.2018,70.092914745816,51.9104294554455
"goa",33,"ols",2,"continuous",24.5887,54.8870829142559,51.9104294554455
"goa",33,"ols",2,"continuous",0.0227,52.9960948354386,51.9104294554455
"goa",33,"ols",2,"continuous",9.7929,71.8330568997635,51.9104294554455
"goa",33,"ols",2,"continuous",73.6718,63.3086329026557,51.9104294554455
"goa",33,"ols",2,"continuous",45.5932,58.1065389305229,51.9104294554455
"goa",33,"ols",2,"continuous",16.2659,59.8197122551164,51.9104294554455
"goa",33,"ols",2,"continuous",4.1609,-148.951237088393,51.9104294554455
"goa",33,"ols",2,"continuous",0,-127.770306551842,51.9104294554455
"goa",33,"ols",2,"continuous",4.572,67.6303640092704,51.9104294554455
"goa",33,"ols",2,"continuous",4.3322,47.23607527206,51.9104294554455
"goa",33,"ols",2,"continuous",5.1641,29.4797773508901,51.9104294554455
"goa",33,"ols",2,"continuous",50.6502,71.8740127146264,51.9104294554455
"goa",33,"ols",2,"continuous",37.302,44.345641661886,51.9104294554455
"goa",33,"ols",2,"continuous",2.8581,70.2947108746266,51.9104294554455
"goa",33,"ols",2,"continuous",17.0061,60.822528131055,51.9104294554455
"goa",33,"ols",2,"continuous",20.6832,61.3000592335334,51.9104294554455
"goa",33,"ols",2,"continuous",3.3854,67.2810388332391,51.9104294554455
"goa",33,"ols",2,"continuous",0.556,40.5280318039165,51.9104294554455
"goa",33,"ols",2,"continuous",1.9319,61.5257821749615,51.9104294554455
"goa",33,"ols",2,"continuous",0.1045,59.8197122551164,51.9104294554455
"goa",33,"ols",2,"continuous",9.2768,57.7124110545412,51.9104294554455
"goa",33,"ols",2,"continuous",728.509,70.9690523576394,51.9104294554455
"goa",33,"ols",2,"continuous",102.6339,68.7475947684695,51.9104294554455
"goa",33,"ols",2,"continuous",193.4787,58.7501217941018,51.9104294554455
"goa",33,"ols",2,"continuous",50.2533,67.8762353276582,51.9104294554455
"goa",33,"ols",2,"continuous",16.9012,62.2501196667947,51.9104294554455
"goa",33,"ols",2,"continuous",13.7633,68.1060669815156,51.9104294554455
"goa",33,"ols",2,"continuous",56.313,68.9916215365217,51.9104294554455
"goa",33,"ols",2,"continuous",47.6208,60.4135532602013,51.9104294554455
"goa",33,"ols",2,"continuous",1137.0552,43.3184716698396,51.9104294554455
"goa",33,"ols",2,"continuous",107.649,69.1108147897041,51.9104294554455
"goa",33,"ols",2,"continuous",22.2549,70.5616405348842,51.9104294554455
"goa",33,"ols",2,"continuous",66.4922,71.4706271937096,51.9104294554455
"goa",33,"ols",2,"continuous",1.4417,3.17504655467042,51.9104294554455
"goa",33,"ols",2,"continuous",20.3936,70.9690523576394,51.9104294554455
"goa",33,"ols",2,"continuous",101.2841,68.496256421779,51.9104294554455
"goa",33,"ols",2,"continuous",212.6102,71.1747538715338,51.9104294554455
"goa",33,"ols",2,"continuous",44.894,65.4716701549996,51.9104294554455
"goa",33,"ols",2,"continuous",314.83,36.3998689092334,51.9104294554455
"goa",33,"ols",2,"continuous",33.9485,71.5764487823326,51.9104294554455
"goa",33,"ols",2,"continuous",332.9622,71.8118618862295,51.9104294554455
"goa",33,"ols",2,"continuous",40.908,71.8330568997635,51.9104294554455
"goa",33,"ols",2,"continuous",0,47.23607527206,51.9104294554455
"goa",33,"ols",2,"continuous",164.6786,56.3135941499042,51.9104294554455
"goa",33,"ols",2,"continuous",22.6242,49.8239153507379,51.9104294554455
"goa",33,"ols",2,"continuous",0,-21.8001035043076,51.9104294554455
"goa",33,"ols",2,"continuous",22.9798,54.8870829142559,51.9104294554455
"goa",33,"ols",2,"continuous",64.1688,70.092914745816,51.9104294554455
"goa",33,"ols",2,"continuous",189.1297,58.1890547076671,51.9104294554455
"goa",33,"ols",2,"continuous",13.9397,70.6482022225382,51.9104294554455
"goa",33,"ols",2,"continuous",175.1373,71.6807320869827,51.9104294554455
"goa",33,"ols",2,"continuous",7.0672,60.4135532602013,51.9104294554455
"goa",33,"ols",2,"continuous",5.4954,67.4224974531974,51.9104294554455
"goa",33,"ols",2,"continuous",46.9061,71.5309168757396,51.9104294554455
"goa",33,"ols",2,"continuous",0,64.6019081617462,51.9104294554455
"goa",33,"ols",2,"continuous",6.9348,59.4649084260463,51.9104294554455
"goa",33,"ols",2,"continuous",77.0548,67.1095852354499,51.9104294554455
"goa",33,"ols",2,"continuous",15.7402,49.1754513894919,51.9104294554455
"goa",33,"ols",2,"continuous",95.5371,71.5292454953042,51.9104294554455
"goa",33,"ols",2,"continuous",29.0522,68.8705375974043,51.9104294554455
"goa",33,"ols",2,"continuous",43.1269,69.67726539255,51.9104294554455
"goa",33,"ols",3,"continuous",0,52.6318062953968,46.2002891472868
"goa",33,"ols",3,"continuous",279.3257,59.2312367983958,46.2002891472868
"goa",33,"ols",3,"continuous",29.6249,48.0712422651836,46.2002891472868
"goa",33,"ols",3,"continuous",0,31.5913671952637,46.2002891472868
"goa",33,"ols",3,"continuous",80.5198,51.7641758996814,46.2002891472868
"goa",33,"ols",3,"continuous",167.5239,56.1598701722459,46.2002891472868
"goa",33,"ols",3,"continuous",6.1045,53.05722472818,46.2002891472868
"goa",33,"ols",3,"continuous",32.0052,54.8088234084388,46.2002891472868
"goa",33,"ols",3,"continuous",18.5036,54.8088234084388,46.2002891472868
"goa",33,"ols",3,"continuous",90.1864,59.4771519143453,46.2002891472868
"goa",33,"ols",3,"continuous",128.6797,58.5280687791343,46.2002891472868
"goa",33,"ols",3,"continuous",18.9675,59.7613099813274,46.2002891472868
"goa",33,"ols",3,"continuous",46.811,59.680887021138,46.2002891472868
"goa",33,"ols",3,"continuous",19.0758,59.6125157541885,46.2002891472868
"goa",33,"ols",3,"continuous",117.0112,58.2108977075181,46.2002891472868
"goa",33,"ols",3,"continuous",10.1657,42.9396345968769,46.2002891472868
"goa",33,"ols",3,"continuous",10.2595,50.8713299638762,46.2002891472868
"goa",33,"ols",3,"continuous",9.3991,49.4920605688083,46.2002891472868
"goa",33,"ols",3,"continuous",11.4517,47.6852823917042,46.2002891472868
"goa",33,"ols",3,"continuous",311.7967,59.1723441054908,46.2002891472868
"goa",33,"ols",3,"continuous",2.3074,52.0565450067594,46.2002891472868
"goa",33,"ols",3,"continuous",37.4043,39.8426404829568,46.2002891472868
"goa",33,"ols",3,"continuous",57.9916,54.9370380526539,46.2002891472868
"goa",33,"ols",3,"continuous",302.9947,54.2861355867226,46.2002891472868
"goa",33,"ols",3,"continuous",1.9831,52.0565450067594,46.2002891472868
"goa",33,"ols",3,"continuous",43.7154,59.2312367983958,46.2002891472868
"goa",33,"ols",3,"continuous",4.0712,19.9561558620028,46.2002891472868
"goa",33,"ols",3,"continuous",5.9442,59.7591073928119,46.2002891472868
"goa",33,"ols",3,"continuous",106.4081,59.8005467317668,46.2002891472868
"goa",33,"ols",3,"continuous",98.8347,58.621187127454,46.2002891472868
"goa",33,"ols",3,"continuous",0.8235,45.9567488699665,46.2002891472868
"goa",33,"ols",3,"continuous",135.9286,55.414793173941,46.2002891472868
"goa",33,"ols",3,"continuous",72.4716,59.8005467317668,46.2002891472868
"goa",33,"ols",3,"continuous",153.1987,59.826025791474,46.2002891472868
"goa",33,"ols",3,"continuous",6.8768,58.3806548953427,46.2002891472868
"goa",33,"ols",3,"continuous",26.761,58.4627499708887,46.2002891472868
"goa",33,"ols",3,"continuous",21.2925,45.1292749871378,46.2002891472868
"goa",33,"ols",3,"continuous",396.7223,59.5806533652288,46.2002891472868
"goa",33,"ols",3,"continuous",28.8673,56.2757667794066,46.2002891472868
"goa",33,"ols",3,"continuous",9.2421,45.3376129004751,46.2002891472868
"goa",33,"ols",3,"continuous",21.204,40.5362642362884,46.2002891472868
"goa",33,"ols",3,"continuous",936.2143,59.8244552788146,46.2002891472868
"goa",33,"ols",3,"continuous",38.7155,56.6158644317148,46.2002891472868
"goa",33,"ols",3,"continuous",42.8714,59.8152360692534,46.2002891472868
"goa",33,"ols",3,"continuous",22.5853,59.044469908577,46.2002891472868
"goa",33,"ols",3,"continuous",41.9461,57.2596691350143,46.2002891472868
"goa",33,"ols",3,"continuous",13.4154,43.6182146588546,46.2002891472868
"goa",33,"ols",3,"continuous",0,-35.8582499736353,46.2002891472868
"goa",33,"ols",3,"continuous",21.6062,59.8136006938549,46.2002891472868
"goa",33,"ols",3,"continuous",23.0324,59.2100659935078,46.2002891472868
"goa",33,"ols",3,"continuous",61.3756,59.7819567775157,46.2002891472868
"goa",33,"ols",3,"continuous",46.9531,59.0476201286319,46.2002891472868
"goa",33,"ols",3,"continuous",13.5986,58.141790362763,46.2002891472868
"goa",33,"ols",3,"continuous",24.9107,47.9110916048523,46.2002891472868
"goa",33,"ols",3,"continuous",22.9359,59.353947865064,46.2002891472868
"goa",33,"ols",3,"continuous",51.5867,56.3904138287314,46.2002891472868
"goa",33,"ols",3,"continuous",1153.4535,59.6253047698299,46.2002891472868
"goa",33,"ols",3,"continuous",141.2234,57.1559106794559,46.2002891472868
"goa",33,"ols",3,"continuous",2.147,53.05722472818,46.2002891472868
"goa",33,"ols",3,"continuous",96.062,59.8152360692534,46.2002891472868
"goa",33,"ols",3,"continuous",31.434,59.353947865064,46.2002891472868
"goa",33,"ols",3,"continuous",0,30.4230609876759,46.2002891472868
"goa",33,"ols",3,"continuous",594.0336,59.7107092339132,46.2002891472868
"goa",33,"ols",3,"continuous",301.8775,59.3418427884637,46.2002891472868
"goa",33,"ols",3,"continuous",0,49.7167580233761,46.2002891472868
"goa",33,"ols",3,"continuous",19.4767,24.5877438153309,46.2002891472868
"goa",33,"ols",3,"continuous",55.0582,57.0506994449316,46.2002891472868
"goa",33,"ols",3,"continuous",124.7311,59.1111228848971,46.2002891472868
"goa",33,"ols",3,"continuous",38.0306,56.6158644317148,46.2002891472868
"goa",33,"ols",3,"continuous",55.1524,59.8330032402874,46.2002891472868
"goa",33,"ols",3,"continuous",0,44.0299219025054,46.2002891472868
"goa",33,"ols",3,"continuous",6.4415,53.6676413635801,46.2002891472868
"goa",33,"ols",3,"continuous",1.3176,53.6676413635801,46.2002891472868
"goa",33,"ols",3,"continuous",0,-32.3859195088853,46.2002891472868
"goa",33,"ols",3,"continuous",78.4874,59.2846549393146,46.2002891472868
"goa",33,"ols",3,"continuous",80.9645,59.0476201286319,46.2002891472868
"goa",33,"ols",3,"continuous",834.5721,59.7009579866857,46.2002891472868
"goa",33,"ols",3,"continuous",0,54.5920468039672,46.2002891472868
"goa",33,"ols",3,"continuous",12.6763,59.3934562170695,46.2002891472868
"goa",33,"ols",3,"continuous",3.0457,53.3352610184694,46.2002891472868
"goa",33,"ols",3,"continuous",58.5727,55.4395115278622,46.2002891472868
"goa",33,"ols",3,"continuous",19.7161,59.489044889182,46.2002891472868
"goa",33,"ols",3,"continuous",46.6751,58.621187127454,46.2002891472868
"goa",33,"ols",3,"continuous",99.1152,56.3685269529267,46.2002891472868
"goa",33,"ols",3,"continuous",0,32.7148191116576,46.2002891472868
"goa",33,"ols",3,"continuous",109.3259,59.7321699881163,46.2002891472868
"goa",33,"ols",3,"continuous",233.9074,58.6436543136098,46.2002891472868
"goa",33,"ols",3,"continuous",14.1264,37.3957616758989,46.2002891472868
"goa",33,"ols",3,"continuous",27.5185,59.8152360692534,46.2002891472868
"goa",33,"ols",3,"continuous",56.0532,58.0339561339109,46.2002891472868
"goa",33,"ols",3,"continuous",9.4043,56.0427471209979,46.2002891472868
"goa",33,"ols",3,"continuous",43.1042,19.4232791965815,46.2002891472868
"goa",33,"ols",3,"continuous",5.7601,57.84956949183,46.2002891472868
"goa",33,"ols",3,"continuous",212.0524,56.1445662153841,46.2002891472868
"goa",33,"ols",3,"continuous",33.4545,59.8358588384991,46.2002891472868
"goa",33,"ols",3,"continuous",91.5687,58.981881722551,46.2002891472868
"goa",33,"ols",3,"continuous",188.2875,59.5313067767415,46.2002891472868
"goa",33,"ols",3,"continuous",98.9499,37.3957616758989,46.2002891472868
"goa",33,"ols",3,"continuous",11.3642,20.4894087645291,46.2002891472868
"goa",33,"ols",3,"continuous",131.6808,58.7529308669027,46.2002891472868
"goa",33,"ols",3,"continuous",0,27.9429286111413,46.2002891472868
"goa",33,"ols",3,"continuous",0,41.8808828481461,46.2002891472868
"goa",33,"ols",3,"continuous",37.1567,57.84956949183,46.2002891472868
"goa",33,"ols",3,"continuous",0,35.8360724055759,46.2002891472868
"goa",33,"ols",3,"continuous",1.1439,59.4425412841819,46.2002891472868
"goa",33,"ols",3,"continuous",97.3791,59.680887021138,46.2002891472868
"goa",33,"ols",3,"continuous",66.2755,59.2877528025829,46.2002891472868
"goa",33,"ols",3,"continuous",50.6755,53.6119581627092,46.2002891472868
"goa",33,"ols",3,"continuous",7.2721,57.2596691350143,46.2002891472868
"goa",33,"ols",3,"continuous",18.8363,48.3902327679316,46.2002891472868
"goa",33,"ols",3,"continuous",15.631,25.2549352381473,46.2002891472868
"goa",33,"ols",3,"continuous",7.6272,29.207698528643,46.2002891472868
"goa",33,"ols",3,"continuous",0,23.8261371082943,46.2002891472868
"goa",33,"ols",4,"continuous",0,65.1595633102579,57.4379110831234
"goa",33,"ols",4,"continuous",0,72.9519748133486,57.4379110831234
"goa",33,"ols",4,"continuous",0,66.5541251752804,57.4379110831234
"goa",33,"ols",4,"continuous",0,51.3078812824554,57.4379110831234
"goa",33,"ols",4,"continuous",25.3078,56.0187643943443,57.4379110831234
"goa",33,"ols",4,"continuous",9.7141,71.7964005403934,57.4379110831234
"goa",33,"ols",4,"continuous",1.3049,66.5541251752804,57.4379110831234
"goa",33,"ols",4,"continuous",28.6968,71.6455967525144,57.4379110831234
"goa",33,"ols",4,"continuous",10.0478,70.3905289095496,57.4379110831234
"goa",33,"ols",4,"continuous",0,55.0630524062894,57.4379110831234
"goa",33,"ols",4,"continuous",22.8159,74.1039447894022,57.4379110831234
"goa",33,"ols",4,"continuous",26.1647,53.4483503557219,57.4379110831234
"goa",33,"ols",4,"continuous",31.0748,47.9258426941203,57.4379110831234
"goa",33,"ols",4,"continuous",10.4632,69.5214679520286,57.4379110831234
"goa",33,"ols",4,"continuous",0,59.8205853946864,57.4379110831234
"goa",33,"ols",4,"continuous",0,60.511076490791,57.4379110831234
"goa",33,"ols",4,"continuous",13.9273,43.7559495293399,57.4379110831234
"goa",33,"ols",4,"continuous",40.0496,74.0411232219204,57.4379110831234
"goa",33,"ols",4,"continuous",35.0147,73.2551402092515,57.4379110831234
"goa",33,"ols",4,"continuous",62.7416,72.1391691226931,57.4379110831234
"goa",33,"ols",4,"continuous",26.3363,74.1039253484175,57.4379110831234
"goa",33,"ols",4,"continuous",19.5108,74.1039447894022,57.4379110831234
"goa",33,"ols",4,"continuous",82.634,74.1039253484175,57.4379110831234
"goa",33,"ols",4,"continuous",84.5855,74.0618274910629,57.4379110831234
"goa",33,"ols",4,"continuous",0,64.1315504652903,57.4379110831234
"goa",33,"ols",4,"continuous",7.603,65.8937839068192,57.4379110831234
"goa",33,"ols",4,"continuous",19.5616,67.025733784415,57.4379110831234
"goa",33,"ols",4,"continuous",307.4967,73.7491648570799,57.4379110831234
"goa",33,"ols",4,"continuous",101.1108,73.9209964279208,57.4379110831234
"goa",33,"ols",4,"continuous",385.051,73.9009376557377,57.4379110831234
"goa",33,"ols",4,"continuous",120.3135,74.0826562022826,57.4379110831234
"goa",33,"ols",4,"continuous",78.5435,74.095661728781,57.4379110831234
"goa",33,"ols",4,"continuous",65.5064,73.6741365412807,57.4379110831234
"goa",33,"ols",4,"continuous",122.5467,71.8977084556348,57.4379110831234
"goa",33,"ols",4,"continuous",2.3389,65.6434171387516,57.4379110831234
"goa",33,"ols",4,"continuous",0,68.8725730064104,57.4379110831234
"goa",33,"ols",4,"continuous",22.3627,72.1757714498101,57.4379110831234
"goa",33,"ols",4,"continuous",39.3448,51.3078812824554,57.4379110831234
"goa",33,"ols",4,"continuous",0,65.1595633102579,57.4379110831234
"goa",33,"ols",4,"continuous",24.1193,66.0857551163726,57.4379110831234
"goa",33,"ols",4,"continuous",43.8157,35.7992605020402,57.4379110831234
"goa",33,"ols",4,"continuous",18.4473,60.9573412411528,57.4379110831234
"goa",33,"ols",4,"continuous",0,73.33692085746,57.4379110831234
"goa",33,"ols",4,"continuous",0,51.2138586820704,57.4379110831234
"goa",33,"ols",4,"continuous",6.6492,61.1751645031342,57.4379110831234
"goa",33,"ols",4,"continuous",6.36,21.5615299498618,57.4379110831234
"goa",33,"ols",4,"continuous",19.1733,73.0810977626024,57.4379110831234
"goa",33,"ols",4,"continuous",3.1576,64.6558380697259,57.4379110831234
"goa",33,"ols",4,"continuous",0,-69.7782179820845,57.4379110831234
"goa",33,"ols",4,"continuous",30.4508,65.1595633102579,57.4379110831234
"goa",33,"ols",4,"continuous",0,63.5859778900732,57.4379110831234
"goa",33,"ols",4,"continuous",0,52.2334230040277,57.4379110831234
"goa",33,"ols",4,"continuous",0.4807,55.9350065873786,57.4379110831234
"goa",33,"ols",4,"continuous",21.8932,71.8977084556348,57.4379110831234
"goa",33,"ols",4,"continuous",10.219,52.2334230040277,57.4379110831234
"goa",33,"ols",4,"continuous",154.547,72.3695206379002,57.4379110831234
"goa",33,"ols",4,"continuous",0,18.9317916652747,57.4379110831234
"goa",33,"ols",4,"continuous",0.0752,66.5541251752804,57.4379110831234
"goa",33,"ols",4,"continuous",70.2558,73.5074551142216,57.4379110831234
"goa",33,"ols",4,"continuous",0,16.4525192460206,57.4379110831234
"goa",33,"ols",4,"continuous",35.6525,66.9822174137556,57.4379110831234
"goa",33,"ols",4,"continuous",2.2514,63.0183641240906,57.4379110831234
"goa",33,"ols",4,"continuous",8.5411,59.8205853946864,57.4379110831234
"goa",33,"ols",4,"continuous",8.313,61.1751645031342,57.4379110831234
"goa",33,"ols",4,"continuous",43.0226,70.1145768968818,57.4379110831234
"goa",33,"ols",4,"continuous",0,16.1075915228637,57.4379110831234
"goa",33,"ols",4,"continuous",2.9227,32.5487821891247,57.4379110831234
"goa",33,"ols",4,"continuous",6.8407,-4.79590990347407,57.4379110831234
"goa",33,"ols",4,"continuous",17.0813,61.1751645031342,57.4379110831234
"goa",33,"ols",4,"continuous",0,-14.5883097491665,57.4379110831234
"goa",33,"ols",4,"continuous",39.5628,69.5214679520286,57.4379110831234
"goa",33,"ols",4,"continuous",391.9478,73.980257204592,57.4379110831234
"goa",33,"ols",4,"continuous",13.6643,69.8247844914791,57.4379110831234
"goa",33,"ols",4,"continuous",7.3183,63.0183641240906,57.4379110831234
"goa",33,"ols",4,"continuous",0.7343,22.5569260478958,57.4379110831234
"goa",33,"ols",4,"continuous",130.7254,74.0618274910629,57.4379110831234
"goa",33,"ols",4,"continuous",1.8366,67.3929170341709,57.4379110831234
"goa",33,"ols",4,"continuous",176.2184,74.1039447894022,57.4379110831234
"goa",33,"ols",4,"continuous",5.9712,68.5261069096506,57.4379110831234
"goa",33,"ols",4,"continuous",0,-55.1635614069235,57.4379110831234
"goa",33,"ols",4,"continuous",30.943,70.9067560642736,57.4379110831234
"goa",33,"ols",4,"continuous",0.6689,68.8725730064104,57.4379110831234
"goa",33,"ols",4,"continuous",12.2485,59.8205853946864,57.4379110831234
"goa",33,"ols",4,"continuous",345.5682,73.9209964279208,57.4379110831234
"goa",33,"ols",4,"continuous",2.9014,74.0643632716246,57.4379110831234
"goa",33,"ols",4,"continuous",0,46.7074509730866,57.4379110831234
"goa",33,"ols",4,"continuous",5.3307,47.9021195984137,57.4379110831234
"goa",33,"ols",4,"continuous",9.5243,60.522009719821,57.4379110831234
"goa",33,"ols",4,"continuous",6.9338,59.102685265968,57.4379110831234
"goa",33,"ols",4,"continuous",0.6647,55.0630524062894,57.4379110831234
"goa",33,"ols",4,"continuous",9.7221,69.8247844914791,57.4379110831234
"goa",33,"ols",4,"continuous",1.546,69.5214679520286,57.4379110831234
"goa",33,"ols",4,"continuous",64.2741,73.6741365412807,57.4379110831234
"goa",33,"ols",4,"continuous",23.5081,74.1039447894022,57.4379110831234
"goa",33,"ols",4,"continuous",3.3693,71.1463251872052,57.4379110831234
"goa",33,"ols",4,"continuous",3.7054,55.0630524062894,57.4379110831234
"goa",33,"ols",4,"continuous",18.7778,71.7729562008828,57.4379110831234
"goa",33,"ols",4,"continuous",14.7655,20.318775423257,57.4379110831234
"goa",33,"ols",4,"continuous",287.6403,72.1757714498101,57.4379110831234
"goa",33,"ols",4,"continuous",13.7316,21.2973573861277,57.4379110831234
"goa",33,"ols",4,"continuous",0.976,25.7137563510457,57.4379110831234
"goa",33,"ols",4,"continuous",808.0714,70.6854513733999,57.4379110831234
"goa",33,"ols",4,"continuous",14.3939,53.2137477064629,57.4379110831234
"goa",33,"ols",5,"continuous",30.6639,55.8578982645427,60.3611975903614
"goa",33,"ols",5,"continuous",18.3207,76.9898241954245,60.3611975903614
"goa",33,"ols",5,"continuous",64.7213,75.7251792509985,60.3611975903614
"goa",33,"ols",5,"continuous",57.0843,75.3639464502942,60.3611975903614
"goa",33,"ols",5,"continuous",0,-8.07548917437452,60.3611975903614
"goa",33,"ols",5,"continuous",25.8666,71.1626274512034,60.3611975903614
"goa",33,"ols",5,"continuous",85.4468,69.9306281120778,60.3611975903614
"goa",33,"ols",5,"continuous",31.6943,73.0265651037929,60.3611975903614
"goa",33,"ols",5,"continuous",14.1454,75.9157772467929,60.3611975903614
"goa",33,"ols",5,"continuous",17.4125,77.0684963155247,60.3611975903614
"goa",33,"ols",5,"continuous",71.4521,76.8296750126626,60.3611975903614
"goa",33,"ols",5,"continuous",19.8659,59.329597073259,60.3611975903614
"goa",33,"ols",5,"continuous",114.4116,76.4822257725227,60.3611975903614
"goa",33,"ols",5,"continuous",0.1344,76.9500497065417,60.3611975903614
"goa",33,"ols",5,"continuous",5.718,74.2423698690066,60.3611975903614
"goa",33,"ols",5,"continuous",59.9492,67.4673657362844,60.3611975903614
"goa",33,"ols",5,"continuous",93.0971,74.7271284419373,60.3611975903614
"goa",33,"ols",5,"continuous",131.3938,76.7291163089328,60.3611975903614
"goa",33,"ols",5,"continuous",45.5903,76.2737773895149,60.3611975903614
"goa",33,"ols",5,"continuous",2.3232,67.0707031087754,60.3611975903614
"goa",33,"ols",5,"continuous",17.289,76.6972725403295,60.3611975903614
"goa",33,"ols",5,"continuous",104.1167,75.9157772467929,60.3611975903614
"goa",33,"ols",5,"continuous",30.2118,77.0089594106657,60.3611975903614
"goa",33,"ols",5,"continuous",58.7572,60.0099439717314,60.3611975903614
"goa",33,"ols",5,"continuous",3.0307,57.6110058977217,60.3611975903614
"goa",33,"ols",5,"continuous",12.848,-1.23608570910096,60.3611975903614
"goa",33,"ols",5,"continuous",10.0411,68.4393683991123,60.3611975903614
"goa",33,"ols",5,"continuous",0,42.1804035871193,60.3611975903614
"goa",33,"ols",5,"continuous",1.5337,12.7111304554635,60.3611975903614
"goa",33,"ols",5,"continuous",12.1244,18.2517230379747,60.3611975903614
"goa",33,"ols",5,"continuous",5.8105,48.6162022746437,60.3611975903614
"goa",33,"ols",5,"continuous",44.8735,74.6546432448871,60.3611975903614
"goa",33,"ols",5,"continuous",38.5649,76.8296750126626,60.3611975903614
"goa",33,"ols",5,"continuous",7.5202,76.9141021694797,60.3611975903614
"goa",33,"ols",5,"continuous",22.2468,68.8198728806365,60.3611975903614
"goa",33,"ols",5,"continuous",1.488,1.94451463007385,60.3611975903614
"goa",33,"ols",5,"continuous",0,22.8025644727976,60.3611975903614
"goa",33,"ols",5,"continuous",24.2166,74.8486419259159,60.3611975903614
"goa",33,"ols",5,"continuous",0,-8.07548917437452,60.3611975903614
"goa",33,"ols",5,"continuous",56.3578,74.3478618827153,60.3611975903614
"goa",33,"ols",5,"continuous",4.539,59.329597073259,60.3611975903614
"goa",33,"ols",5,"continuous",61.3939,67.422861218912,60.3611975903614
"goa",33,"ols",5,"continuous",22.3947,51.9453020859174,60.3611975903614
"goa",33,"ols",5,"continuous",0,-33.3441965619932,60.3611975903614
"goa",33,"ols",5,"continuous",23.9065,70.4496538227398,60.3611975903614
"goa",33,"ols",5,"continuous",27.4279,43.5653496822322,60.3611975903614
"goa",33,"ols",5,"continuous",9.7452,76.2594165606436,60.3611975903614
"goa",33,"ols",5,"continuous",20.4155,69.3811924471313,60.3611975903614
"goa",33,"ols",5,"continuous",0.1332,73.2920388364136,60.3611975903614
"goa",33,"ols",5,"continuous",9.4111,24.684496764457,60.3611975903614
"goa",33,"ols",5,"continuous",3.9324,73.2363847442962,60.3611975903614
"goa",33,"ols",5,"continuous",0,60.7644631538265,60.3611975903614
"goa",33,"ols",5,"continuous",6.2225,73.7889192907777,60.3611975903614
"goa",33,"ols",5,"continuous",7.0922,76.7813698529444,60.3611975903614
"goa",33,"ols",5,"continuous",4.3646,50.8758057946932,60.3611975903614
"goa",33,"ols",5,"continuous",131.9522,58.184684536601,60.3611975903614
"goa",33,"ols",5,"continuous",4.612,77.0634282258695,60.3611975903614
"goa",33,"ols",5,"continuous",151.8197,76.6729962575632,60.3611975903614
"goa",33,"ols",5,"continuous",61.8847,76.2737773895149,60.3611975903614
"goa",33,"ols",5,"continuous",2.6861,4.97910456476563,60.3611975903614
"goa",33,"ols",5,"continuous",31.0716,71.8323901228466,60.3611975903614
"goa",33,"ols",5,"continuous",19.2936,67.0707031087754,60.3611975903614
"goa",33,"ols",5,"continuous",0,20.5753243923651,60.3611975903614
"goa",33,"ols",5,"continuous",80.3646,60.4605858344189,60.3611975903614
"goa",33,"ols",5,"continuous",18.043,70.0652854289372,60.3611975903614
"goa",33,"ols",5,"continuous",173.044,76.9500497065417,60.3611975903614
"goa",33,"ols",5,"continuous",0,4.97910456476563,60.3611975903614
"goa",33,"ols",5,"continuous",0.4466,34.4048253967751,60.3611975903614
"goa",33,"ols",5,"continuous",12.9297,20.4275112892781,60.3611975903614
"goa",33,"ols",5,"continuous",0.0231,74.2423698690066,60.3611975903614
"goa",33,"ols",5,"continuous",10.5208,41.9856059059059,60.3611975903614
"goa",33,"ols",5,"continuous",36.1595,72.4599621966719,60.3611975903614
"goa",33,"ols",5,"continuous",7.2206,62.1796926885103,60.3611975903614
"goa",33,"ols",5,"continuous",128.776,77.0684963155247,60.3611975903614
"goa",33,"ols",5,"continuous",16.0957,40.7394455680101,60.3611975903614
"goa",33,"ols",5,"continuous",16.2148,15.1924814059887,60.3611975903614
"goa",33,"ols",5,"continuous",1.6588,-38.4224194292271,60.3611975903614
"goa",33,"ols",5,"continuous",5.0841,5.56550722903626,60.3611975903614
"goa",33,"ols",5,"continuous",19.0893,1.94451463007385,60.3611975903614
"goa",33,"ols",5,"continuous",24.8627,71.6674290297124,60.3611975903614
"goa",33,"ols",5,"continuous",7.2996,36.0823443307486,60.3611975903614
"goa",33,"ols",5,"continuous",9.5641,39.9905447208071,60.3611975903614
"goa",33,"ols",5,"continuous",0.3572,-37.3136583794321,60.3611975903614
"goa",33,"ols",5,"continuous",24.2615,68.8198728806365,60.3611975903614
"goa",33,"ols",5,"continuous",0,61.7975104835857,60.3611975903614
"goa",33,"gam_spatial",1,"continuous",0,-80.2239130288841,59.5517916876574
"goa",33,"gam_spatial",1,"continuous",6.5059,9.73516226274253,59.5517916876574
"goa",33,"gam_spatial",1,"continuous",20.7484,42.6372209212487,59.5517916876574
"goa",33,"gam_spatial",1,"continuous",3.4258,39.4853298675823,59.5517916876574
"goa",33,"gam_spatial",1,"continuous",8.4797,69.7620333159892,59.5517916876574
"goa",33,"gam_spatial",1,"continuous",63.7188,94.1041189379543,59.5517916876574
"goa",33,"gam_spatial",1,"continuous",1.1565,83.8559113358191,59.5517916876574
"goa",33,"gam_spatial",1,"continuous",43.5046,93.2687232180814,59.5517916876574
"goa",33,"gam_spatial",1,"continuous",3.5064,-10.6904455705899,59.5517916876574
"goa",33,"gam_spatial",1,"continuous",0,-76.7856002732378,59.5517916876574
"goa",33,"gam_spatial",1,"continuous",32.9726,19.1841347401334,59.5517916876574
"goa",33,"gam_spatial",1,"continuous",1.8927,5.55797693968201,59.5517916876574
"goa",33,"gam_spatial",1,"continuous",10.1555,19.22459954101,59.5517916876574
"goa",33,"gam_spatial",1,"continuous",1.3243,16.2708525347735,59.5517916876574
"goa",33,"gam_spatial",1,"continuous",29.1366,46.2564957588526,59.5517916876574
"goa",33,"gam_spatial",1,"continuous",0,39.9146761730232,59.5517916876574
"goa",33,"gam_spatial",1,"continuous",0,-19.9477278707179,59.5517916876574
"goa",33,"gam_spatial",1,"continuous",24.0571,47.6280119423863,59.5517916876574
"goa",33,"gam_spatial",1,"continuous",56.9712,67.2161484985083,59.5517916876574
"goa",33,"gam_spatial",1,"continuous",107.5302,68.5548585589588,59.5517916876574
"goa",33,"gam_spatial",1,"continuous",21.9335,69.1176770498825,59.5517916876574
"goa",33,"gam_spatial",1,"continuous",8.6668,104.356244055568,59.5517916876574
"goa",33,"gam_spatial",1,"continuous",42.2079,103.242033444076,59.5517916876574
"goa",33,"gam_spatial",1,"continuous",21.638,100.165114463153,59.5517916876574
"goa",33,"gam_spatial",1,"continuous",109.4013,20.0484443483352,59.5517916876574
"goa",33,"gam_spatial",1,"continuous",0.2749,9.56429445179795,59.5517916876574
"goa",33,"gam_spatial",1,"continuous",0.0314,4.84768175315987,59.5517916876574
"goa",33,"gam_spatial",1,"continuous",49.5557,116.339565116496,59.5517916876574
"goa",33,"gam_spatial",1,"continuous",1.9508,-7.76455827233841,59.5517916876574
"goa",33,"gam_spatial",1,"continuous",1.6681,-9.21297967884476,59.5517916876574
"goa",33,"gam_spatial",1,"continuous",11.0499,-5.22545043411363,59.5517916876574
"goa",33,"gam_spatial",1,"continuous",2.6545,9.17915725445727,59.5517916876574
"goa",33,"gam_spatial",1,"continuous",4.1351,14.4751975434975,59.5517916876574
"goa",33,"gam_spatial",1,"continuous",1.6447,6.92839258556121,59.5517916876574
"goa",33,"gam_spatial",1,"continuous",17.4874,49.1966309632051,59.5517916876574
"goa",33,"gam_spatial",1,"continuous",84.3691,49.8783590196733,59.5517916876574
"goa",33,"gam_spatial",1,"continuous",144.6887,70.5129347856366,59.5517916876574
"goa",33,"gam_spatial",1,"continuous",123.2541,44.008399367075,59.5517916876574
"goa",33,"gam_spatial",1,"continuous",1.9678,-0.840803101909266,59.5517916876574
"goa",33,"gam_spatial",1,"continuous",24.4489,18.6379596627563,59.5517916876574
"goa",33,"gam_spatial",1,"continuous",3.7365,44.5813870398965,59.5517916876574
"goa",33,"gam_spatial",1,"continuous",51.5987,39.7555425416886,59.5517916876574
"goa",33,"gam_spatial",1,"continuous",5.4433,92.6665675415752,59.5517916876574
"goa",33,"gam_spatial",1,"continuous",0.0722,-6.45317661417845,59.5517916876574
"goa",33,"gam_spatial",1,"continuous",45.7868,116.464540783009,59.5517916876574
"goa",33,"gam_spatial",1,"continuous",52.3303,113.942587939582,59.5517916876574
"goa",33,"gam_spatial",1,"continuous",8.242,4.07819890857875,59.5517916876574
"goa",33,"gam_spatial",1,"continuous",6.7374,-6.46309123725297,59.5517916876574
"goa",33,"gam_spatial",1,"continuous",1.1912,6.13940014540729,59.5517916876574
"goa",33,"gam_spatial",1,"continuous",9.0688,15.5741034736674,59.5517916876574
"goa",33,"gam_spatial",1,"continuous",6.7062,-2.13566576196038,59.5517916876574
"goa",33,"gam_spatial",1,"continuous",31.8989,39.1113182032605,59.5517916876574
"goa",33,"gam_spatial",1,"continuous",21.9825,47.4343246821127,59.5517916876574
"goa",33,"gam_spatial",1,"continuous",8.7701,29.620880710905,59.5517916876574
"goa",33,"gam_spatial",1,"continuous",2.2407,61.7710275442314,59.5517916876574
"goa",33,"gam_spatial",1,"continuous",129.4165,117.710269469603,59.5517916876574
"goa",33,"gam_spatial",1,"continuous",0.8386,56.9502139889127,59.5517916876574
"goa",33,"gam_spatial",1,"continuous",18.0812,15.5680686342262,59.5517916876574
"goa",33,"gam_spatial",1,"continuous",0,24.509977665136,59.5517916876574
"goa",33,"gam_spatial",1,"continuous",0,-14.5559130692051,59.5517916876574
"goa",33,"gam_spatial",1,"continuous",174.0796,66.0826537738159,59.5517916876574
"goa",33,"gam_spatial",1,"continuous",0.6223,-16.3668082865295,59.5517916876574
"goa",33,"gam_spatial",1,"continuous",180.0364,70.3547536222286,59.5517916876574
"goa",33,"gam_spatial",1,"continuous",30.6219,52.9342568129977,59.5517916876574
"goa",33,"gam_spatial",1,"continuous",36.441,123.367120208957,59.5517916876574
"goa",33,"gam_spatial",1,"continuous",61.5538,46.4244505364073,59.5517916876574
"goa",33,"gam_spatial",1,"continuous",2.1238,40.3900996474278,59.5517916876574
"goa",33,"gam_spatial",1,"continuous",39.3556,39.4218435970626,59.5517916876574
"goa",33,"gam_spatial",1,"continuous",14.8056,49.567669463165,59.5517916876574
"goa",33,"gam_spatial",1,"continuous",48.8392,67.6905606811995,59.5517916876574
"goa",33,"gam_spatial",1,"continuous",175.5409,69.5261757213644,59.5517916876574
"goa",33,"gam_spatial",1,"continuous",2.3076,55.1569693567998,59.5517916876574
"goa",33,"gam_spatial",1,"continuous",0,-71.243750865598,59.5517916876574
"goa",33,"gam_spatial",1,"continuous",112.0547,73.7863074063554,59.5517916876574
"goa",33,"gam_spatial",1,"continuous",69.3453,111.960546199781,59.5517916876574
"goa",33,"gam_spatial",1,"continuous",494.7127,129.49290889788,59.5517916876574
"goa",33,"gam_spatial",1,"continuous",3.6427,21.166840579296,59.5517916876574
"goa",33,"gam_spatial",1,"continuous",45.7757,52.7742326347715,59.5517916876574
"goa",33,"gam_spatial",1,"continuous",22.6695,46.7340826056664,59.5517916876574
"goa",33,"gam_spatial",1,"continuous",35.6304,61.6105858518115,59.5517916876574
"goa",33,"gam_spatial",1,"continuous",16.1682,64.0001674028354,59.5517916876574
"goa",33,"gam_spatial",1,"continuous",19.1639,73.2838250186363,59.5517916876574
"goa",33,"gam_spatial",1,"continuous",0.6232,64.527105413831,59.5517916876574
"goa",33,"gam_spatial",1,"continuous",45.2617,-2.74818360648823,59.5517916876574
"goa",33,"gam_spatial",1,"continuous",83.1352,38.7487200671063,59.5517916876574
"goa",33,"gam_spatial",1,"continuous",54.3956,45.2247128499552,59.5517916876574
"goa",33,"gam_spatial",1,"continuous",5.209,14.0664045619117,59.5517916876574
"goa",33,"gam_spatial",1,"continuous",0.8887,6.54164394947092,59.5517916876574
"goa",33,"gam_spatial",1,"continuous",15.1962,41.6218735127593,59.5517916876574
"goa",33,"gam_spatial",1,"continuous",2.5034,56.1982183857177,59.5517916876574
"goa",33,"gam_spatial",1,"continuous",10.8098,-14.1837391132422,59.5517916876574
"goa",33,"gam_spatial",1,"continuous",7.9787,73.0639267028995,59.5517916876574
"goa",33,"gam_spatial",1,"continuous",0.4758,60.6187587795507,59.5517916876574
"goa",33,"gam_spatial",1,"continuous",6.9596,6.19628935876421,59.5517916876574
"goa",33,"gam_spatial",1,"continuous",29.327,-4.72351800277292,59.5517916876574
"goa",33,"gam_spatial",1,"continuous",14.6888,15.9962713617422,59.5517916876574
"goa",33,"gam_spatial",1,"continuous",0,12.0839018945514,59.5517916876574
"goa",33,"gam_spatial",1,"continuous",2.7397,-11.8407088095424,59.5517916876574
"goa",33,"gam_spatial",1,"continuous",24.7697,103.497045093234,59.5517916876574
"goa",33,"gam_spatial",1,"continuous",17.9743,0.403322644947295,59.5517916876574
"goa",33,"gam_spatial",1,"continuous",530.102,34.5264300933083,59.5517916876574
"goa",33,"gam_spatial",1,"continuous",4.6248,73.1341359651622,59.5517916876574
"goa",33,"gam_spatial",1,"continuous",9.0615,84.855022910939,59.5517916876574
"goa",33,"gam_spatial",2,"continuous",9.1352,19.4771482338685,51.9104294554455
"goa",33,"gam_spatial",2,"continuous",3.6564,0.710606259230545,51.9104294554455
"goa",33,"gam_spatial",2,"continuous",0.1627,-8.08912779260997,51.9104294554455
"goa",33,"gam_spatial",2,"continuous",60.5269,31.8969524784864,51.9104294554455
"goa",33,"gam_spatial",2,"continuous",0.8595,33.3514741908293,51.9104294554455
"goa",33,"gam_spatial",2,"continuous",4.8496,29.7097170177223,51.9104294554455
"goa",33,"gam_spatial",2,"continuous",62.8808,124.887514023212,51.9104294554455
"goa",33,"gam_spatial",2,"continuous",0.0335,-2.66431489927952,51.9104294554455
"goa",33,"gam_spatial",2,"continuous",0,10.3903310881473,51.9104294554455
"goa",33,"gam_spatial",2,"continuous",1.7306,21.2014567412197,51.9104294554455
"goa",33,"gam_spatial",2,"continuous",9.9817,25.3979672566039,51.9104294554455
"goa",33,"gam_spatial",2,"continuous",0.4989,-36.0464066207061,51.9104294554455
"goa",33,"gam_spatial",2,"continuous",6.3187,-0.621333763021768,51.9104294554455
"goa",33,"gam_spatial",2,"continuous",55.8054,76.4157483162199,51.9104294554455
"goa",33,"gam_spatial",2,"continuous",44.2584,127.099328559725,51.9104294554455
"goa",33,"gam_spatial",2,"continuous",0,19.832818919389,51.9104294554455
"goa",33,"gam_spatial",2,"continuous",0.4426,16.0894870769078,51.9104294554455
"goa",33,"gam_spatial",2,"continuous",2.6175,17.738294501636,51.9104294554455
"goa",33,"gam_spatial",2,"continuous",0.2319,78.6574148346489,51.9104294554455
"goa",33,"gam_spatial",2,"continuous",16.9504,6.25850833338516,51.9104294554455
"goa",33,"gam_spatial",2,"continuous",922.0797,71.1647653459547,51.9104294554455
"goa",33,"gam_spatial",2,"continuous",45.4167,70.9034887687225,51.9104294554455
"goa",33,"gam_spatial",2,"continuous",67.7677,89.7945634015969,51.9104294554455
"goa",33,"gam_spatial",2,"continuous",16.4935,129.306863844937,51.9104294554455
"goa",33,"gam_spatial",2,"continuous",2.2323,13.8937051076233,51.9104294554455
"goa",33,"gam_spatial",2,"continuous",0,29.8570232691929,51.9104294554455
"goa",33,"gam_spatial",2,"continuous",5.4657,36.2465564362856,51.9104294554455
"goa",33,"gam_spatial",2,"continuous",0,34.9049571711884,51.9104294554455
"goa",33,"gam_spatial",2,"continuous",0.977,37.1313490889187,51.9104294554455
"goa",33,"gam_spatial",2,"continuous",50.8456,40.2404336643565,51.9104294554455
"goa",33,"gam_spatial",2,"continuous",64.9775,72.3034561991109,51.9104294554455
"goa",33,"gam_spatial",2,"continuous",34.7283,85.0403402407594,51.9104294554455
"goa",33,"gam_spatial",2,"continuous",63.5263,79.9027290007161,51.9104294554455
"goa",33,"gam_spatial",2,"continuous",18.3791,11.44164428291,51.9104294554455
"goa",33,"gam_spatial",2,"continuous",83.2018,36.3620924685065,51.9104294554455
"goa",33,"gam_spatial",2,"continuous",24.5887,23.3266092055039,51.9104294554455
"goa",33,"gam_spatial",2,"continuous",0.0227,19.9227654134978,51.9104294554455
"goa",33,"gam_spatial",2,"continuous",9.7929,83.3961362633979,51.9104294554455
"goa",33,"gam_spatial",2,"continuous",73.6718,80.7184866293532,51.9104294554455
"goa",33,"gam_spatial",2,"continuous",45.5932,75.9433178667477,51.9104294554455
"goa",33,"gam_spatial",2,"continuous",16.2659,107.941316346653,51.9104294554455
"goa",33,"gam_spatial",2,"continuous",4.1609,-91.4912803862489,51.9104294554455
"goa",33,"gam_spatial",2,"continuous",0,-67.1610865470601,51.9104294554455
"goa",33,"gam_spatial",2,"continuous",4.572,21.1988610144037,51.9104294554455
"goa",33,"gam_spatial",2,"continuous",4.3322,63.7157090948982,51.9104294554455
"goa",33,"gam_spatial",2,"continuous",5.1641,83.1979503853694,51.9104294554455
"goa",33,"gam_spatial",2,"continuous",50.6502,127.189604913633,51.9104294554455
"goa",33,"gam_spatial",2,"continuous",37.302,103.431510355777,51.9104294554455
"goa",33,"gam_spatial",2,"continuous",2.8581,22.3363665692654,51.9104294554455
"goa",33,"gam_spatial",2,"continuous",17.0061,15.0342284127429,51.9104294554455
"goa",33,"gam_spatial",2,"continuous",20.6832,15.1587849145165,51.9104294554455
"goa",33,"gam_spatial",2,"continuous",3.3854,22.1441418237122,51.9104294554455
"goa",33,"gam_spatial",2,"continuous",0.556,-0.689845021976559,51.9104294554455
"goa",33,"gam_spatial",2,"continuous",1.9319,19.1883870052172,51.9104294554455
"goa",33,"gam_spatial",2,"continuous",0.1045,22.6291088615731,51.9104294554455
"goa",33,"gam_spatial",2,"continuous",9.2768,23.2712709980838,51.9104294554455
"goa",33,"gam_spatial",2,"continuous",728.509,118.737730195566,51.9104294554455
"goa",33,"gam_spatial",2,"continuous",102.6339,116.015217334773,51.9104294554455
"goa",33,"gam_spatial",2,"continuous",193.4787,110.874662756644,51.9104294554455
"goa",33,"gam_spatial",2,"continuous",50.2533,124.358917230933,51.9104294554455
"goa",33,"gam_spatial",2,"continuous",16.9012,28.1288794134257,51.9104294554455
"goa",33,"gam_spatial",2,"continuous",13.7633,33.9294437134975,51.9104294554455
"goa",33,"gam_spatial",2,"continuous",56.313,80.6382289292114,51.9104294554455
"goa",33,"gam_spatial",2,"continuous",47.6208,79.210420145898,51.9104294554455
"goa",33,"gam_spatial",2,"continuous",1137.0552,92.0546965976162,51.9104294554455
"goa",33,"gam_spatial",2,"continuous",107.649,116.86033856146,51.9104294554455
"goa",33,"gam_spatial",2,"continuous",22.2549,124.216795117007,51.9104294554455
"goa",33,"gam_spatial",2,"continuous",66.4922,124.278888570001,51.9104294554455
"goa",33,"gam_spatial",2,"continuous",1.4417,-36.7584685899126,51.9104294554455
"goa",33,"gam_spatial",2,"continuous",20.3936,36.9397077090862,51.9104294554455
"goa",33,"gam_spatial",2,"continuous",101.2841,79.699547292836,51.9104294554455
"goa",33,"gam_spatial",2,"continuous",212.6102,81.7595245406607,51.9104294554455
"goa",33,"gam_spatial",2,"continuous",44.894,85.2474618489082,51.9104294554455
"goa",33,"gam_spatial",2,"continuous",314.83,80.8994439828507,51.9104294554455
"goa",33,"gam_spatial",2,"continuous",33.9485,123.768794341372,51.9104294554455
"goa",33,"gam_spatial",2,"continuous",332.9622,127.633713578769,51.9104294554455
"goa",33,"gam_spatial",2,"continuous",40.908,127.088113103618,51.9104294554455
"goa",33,"gam_spatial",2,"continuous",0,107.114012041384,51.9104294554455
"goa",33,"gam_spatial",2,"continuous",164.6786,27.354307508234,51.9104294554455
"goa",33,"gam_spatial",2,"continuous",22.6242,21.163909898223,51.9104294554455
"goa",33,"gam_spatial",2,"continuous",0,-1.17071902861707,51.9104294554455
"goa",33,"gam_spatial",2,"continuous",22.9798,71.8308255669123,51.9104294554455
"goa",33,"gam_spatial",2,"continuous",64.1688,85.1381310864594,51.9104294554455
"goa",33,"gam_spatial",2,"continuous",189.1297,110.321509479064,51.9104294554455
"goa",33,"gam_spatial",2,"continuous",13.9397,122.644291744582,51.9104294554455
"goa",33,"gam_spatial",2,"continuous",175.1373,129.690843793204,51.9104294554455
"goa",33,"gam_spatial",2,"continuous",7.0672,15.8434062616027,51.9104294554455
"goa",33,"gam_spatial",2,"continuous",5.4954,24.9419000887422,51.9104294554455
"goa",33,"gam_spatial",2,"continuous",46.9061,31.2556908744373,51.9104294554455
"goa",33,"gam_spatial",2,"continuous",0,27.4445146931883,51.9104294554455
"goa",33,"gam_spatial",2,"continuous",6.9348,25.4554374025842,51.9104294554455
"goa",33,"gam_spatial",2,"continuous",77.0548,34.3809976539857,51.9104294554455
"goa",33,"gam_spatial",2,"continuous",15.7402,20.6281029318527,51.9104294554455
"goa",33,"gam_spatial",2,"continuous",95.5371,88.9663950836982,51.9104294554455
"goa",33,"gam_spatial",2,"continuous",29.0522,113.529804923657,51.9104294554455
"goa",33,"gam_spatial",2,"continuous",43.1269,115.423757320219,51.9104294554455
"goa",33,"gam_spatial",3,"continuous",0,5.46057222536556,46.2002891472868
"goa",33,"gam_spatial",3,"continuous",279.3257,108.448440805927,46.2002891472868
"goa",33,"gam_spatial",3,"continuous",29.6249,-33.2905666847305,46.2002891472868
"goa",33,"gam_spatial",3,"continuous",0,60.4191785891773,46.2002891472868
"goa",33,"gam_spatial",3,"continuous",80.5198,-31.5545129587708,46.2002891472868
"goa",33,"gam_spatial",3,"continuous",167.5239,-20.9574381493825,46.2002891472868
"goa",33,"gam_spatial",3,"continuous",6.1045,31.1143277847772,46.2002891472868
"goa",33,"gam_spatial",3,"continuous",32.0052,-7.31848911769016,46.2002891472868
"goa",33,"gam_spatial",3,"continuous",18.5036,-3.75094185958126,46.2002891472868
"goa",33,"gam_spatial",3,"continuous",90.1864,61.8320998115849,46.2002891472868
"goa",33,"gam_spatial",3,"continuous",128.6797,39.75178389902,46.2002891472868
"goa",33,"gam_spatial",3,"continuous",18.9675,-14.6669194273916,46.2002891472868
"goa",33,"gam_spatial",3,"continuous",46.811,-30.7678046158184,46.2002891472868
"goa",33,"gam_spatial",3,"continuous",19.0758,50.2252642293918,46.2002891472868
"goa",33,"gam_spatial",3,"continuous",117.0112,-9.21423122626253,46.2002891472868
"goa",33,"gam_spatial",3,"continuous",10.1657,29.015285554367,46.2002891472868
"goa",33,"gam_spatial",3,"continuous",10.2595,29.3970672588996,46.2002891472868
"goa",33,"gam_spatial",3,"continuous",9.3991,26.4041393546848,46.2002891472868
"goa",33,"gam_spatial",3,"continuous",11.4517,43.0259821091587,46.2002891472868
"goa",33,"gam_spatial",3,"continuous",311.7967,-4.46129373612476,46.2002891472868
"goa",33,"gam_spatial",3,"continuous",2.3074,31.2543703932368,46.2002891472868
"goa",33,"gam_spatial",3,"continuous",37.4043,-31.6613021470415,46.2002891472868
"goa",33,"gam_spatial",3,"continuous",57.9916,27.7888975063578,46.2002891472868
"goa",33,"gam_spatial",3,"continuous",302.9947,-18.9490679601734,46.2002891472868
"goa",33,"gam_spatial",3,"continuous",1.9831,33.4633230158174,46.2002891472868
"goa",33,"gam_spatial",3,"continuous",43.7154,-18.4853909088361,46.2002891472868
"goa",33,"gam_spatial",3,"continuous",4.0712,7.40126538248272,46.2002891472868
"goa",33,"gam_spatial",3,"continuous",5.9442,48.0250974424176,46.2002891472868
"goa",33,"gam_spatial",3,"continuous",106.4081,-12.8770321415322,46.2002891472868
"goa",33,"gam_spatial",3,"continuous",98.8347,-3.16124963665716,46.2002891472868
"goa",33,"gam_spatial",3,"continuous",0.8235,74.6027640974244,46.2002891472868
"goa",33,"gam_spatial",3,"continuous",135.9286,185.140339505907,46.2002891472868
"goa",33,"gam_spatial",3,"continuous",72.4716,38.7092838377742,46.2002891472868
"goa",33,"gam_spatial",3,"continuous",153.1987,-29.8144920282116,46.2002891472868
"goa",33,"gam_spatial",3,"continuous",6.8768,41.4223297528135,46.2002891472868
"goa",33,"gam_spatial",3,"continuous",26.761,-1.97739115736935,46.2002891472868
"goa",33,"gam_spatial",3,"continuous",21.2925,49.0637072891532,46.2002891472868
"goa",33,"gam_spatial",3,"continuous",396.7223,-8.26680041134703,46.2002891472868
"goa",33,"gam_spatial",3,"continuous",28.8673,26.6851431687144,46.2002891472868
"goa",33,"gam_spatial",3,"continuous",9.2421,98.1966966331276,46.2002891472868
"goa",33,"gam_spatial",3,"continuous",21.204,-31.8614356398779,46.2002891472868
"goa",33,"gam_spatial",3,"continuous",936.2143,47.9403244578357,46.2002891472868
"goa",33,"gam_spatial",3,"continuous",38.7155,-18.1906369360971,46.2002891472868
"goa",33,"gam_spatial",3,"continuous",42.8714,8.23188035614512,46.2002891472868
"goa",33,"gam_spatial",3,"continuous",22.5853,4.97456866237012,46.2002891472868
"goa",33,"gam_spatial",3,"continuous",41.9461,45.5988059589476,46.2002891472868
"goa",33,"gam_spatial",3,"continuous",13.4154,-29.1920122820834,46.2002891472868
"goa",33,"gam_spatial",3,"continuous",0,-80.8771395315884,46.2002891472868
"goa",33,"gam_spatial",3,"continuous",21.6062,-19.5708157073615,46.2002891472868
"goa",33,"gam_spatial",3,"continuous",23.0324,45.3382277324341,46.2002891472868
"goa",33,"gam_spatial",3,"continuous",61.3756,-11.7400592368969,46.2002891472868
"goa",33,"gam_spatial",3,"continuous",46.9531,-16.0148856795179,46.2002891472868
"goa",33,"gam_spatial",3,"continuous",13.5986,-20.538427932784,46.2002891472868
"goa",33,"gam_spatial",3,"continuous",24.9107,51.2883584674133,46.2002891472868
"goa",33,"gam_spatial",3,"continuous",22.9359,5.89507136687984,46.2002891472868
"goa",33,"gam_spatial",3,"continuous",51.5867,191.717522199925,46.2002891472868
"goa",33,"gam_spatial",3,"continuous",1153.4535,51.3471271432674,46.2002891472868
"goa",33,"gam_spatial",3,"continuous",141.2234,4.51002225773101,46.2002891472868
"goa",33,"gam_spatial",3,"continuous",2.147,13.6950510552841,46.2002891472868
"goa",33,"gam_spatial",3,"continuous",96.062,59.91258368796,46.2002891472868
"goa",33,"gam_spatial",3,"continuous",31.434,-23.5921092986192,46.2002891472868
"goa",33,"gam_spatial",3,"continuous",0,53.9514375398813,46.2002891472868
"goa",33,"gam_spatial",3,"continuous",594.0336,-33.7784755322443,46.2002891472868
"goa",33,"gam_spatial",3,"continuous",301.8775,34.5524649762684,46.2002891472868
"goa",33,"gam_spatial",3,"continuous",0,-27.2423307528036,46.2002891472868
"goa",33,"gam_spatial",3,"continuous",19.4767,-35.5896011741486,46.2002891472868
"goa",33,"gam_spatial",3,"continuous",55.0582,4.76444564045477,46.2002891472868
"goa",33,"gam_spatial",3,"continuous",124.7311,-17.7652737904543,46.2002891472868
"goa",33,"gam_spatial",3,"continuous",38.0306,-6.23894565287233,46.2002891472868
"goa",33,"gam_spatial",3,"continuous",55.1524,-2.59507547161215,46.2002891472868
"goa",33,"gam_spatial",3,"continuous",0,31.8441960348197,46.2002891472868
"goa",33,"gam_spatial",3,"continuous",6.4415,13.4209703100677,46.2002891472868
"goa",33,"gam_spatial",3,"continuous",1.3176,-4.37805353740589,46.2002891472868
"goa",33,"gam_spatial",3,"continuous",0,-113.513137915602,46.2002891472868
"goa",33,"gam_spatial",3,"continuous",78.4874,-44.8037975716972,46.2002891472868
"goa",33,"gam_spatial",3,"continuous",80.9645,81.510082250749,46.2002891472868
"goa",33,"gam_spatial",3,"continuous",834.5721,-35.2127926894666,46.2002891472868
"goa",33,"gam_spatial",3,"continuous",0,-41.8209585474853,46.2002891472868
"goa",33,"gam_spatial",3,"continuous",12.6763,43.7639154568455,46.2002891472868
"goa",33,"gam_spatial",3,"continuous",3.0457,15.8001719918362,46.2002891472868
"goa",33,"gam_spatial",3,"continuous",58.5727,-4.66722543463055,46.2002891472868
"goa",33,"gam_spatial",3,"continuous",19.7161,12.5081866057305,46.2002891472868
"goa",33,"gam_spatial",3,"continuous",46.6751,-23.1249100598164,46.2002891472868
"goa",33,"gam_spatial",3,"continuous",99.1152,161.708839538687,46.2002891472868
"goa",33,"gam_spatial",3,"continuous",0,-45.4543622330283,46.2002891472868
"goa",33,"gam_spatial",3,"continuous",109.3259,-36.0062497918178,46.2002891472868
"goa",33,"gam_spatial",3,"continuous",233.9074,-9.60709265663484,46.2002891472868
"goa",33,"gam_spatial",3,"continuous",14.1264,23.733788258295,46.2002891472868
"goa",33,"gam_spatial",3,"continuous",27.5185,49.9265618476908,46.2002891472868
"goa",33,"gam_spatial",3,"continuous",56.0532,-3.58440601188056,46.2002891472868
"goa",33,"gam_spatial",3,"continuous",9.4043,-2.30098131404225,46.2002891472868
"goa",33,"gam_spatial",3,"continuous",43.1042,-38.7918303965607,46.2002891472868
"goa",33,"gam_spatial",3,"continuous",5.7601,-17.214691748059,46.2002891472868
"goa",33,"gam_spatial",3,"continuous",212.0524,196.855728044038,46.2002891472868
"goa",33,"gam_spatial",3,"continuous",33.4545,-40.2812071544551,46.2002891472868
"goa",33,"gam_spatial",3,"continuous",91.5687,-32.9774818722779,46.2002891472868
"goa",33,"gam_spatial",3,"continuous",188.2875,49.2452339051899,46.2002891472868
"goa",33,"gam_spatial",3,"continuous",98.9499,23.6317967270638,46.2002891472868
"goa",33,"gam_spatial",3,"continuous",11.3642,3.72941317585271,46.2002891472868
"goa",33,"gam_spatial",3,"continuous",131.6808,-14.772026523783,46.2002891472868
"goa",33,"gam_spatial",3,"continuous",0,37.1375025525748,46.2002891472868
"goa",33,"gam_spatial",3,"continuous",0,46.9295524927775,46.2002891472868
"goa",33,"gam_spatial",3,"continuous",37.1567,-16.2309897752222,46.2002891472868
"goa",33,"gam_spatial",3,"continuous",0,35.2983557454982,46.2002891472868
"goa",33,"gam_spatial",3,"continuous",1.1439,-41.6186621125244,46.2002891472868
"goa",33,"gam_spatial",3,"continuous",97.3791,63.4584774187527,46.2002891472868
"goa",33,"gam_spatial",3,"continuous",66.2755,-26.0405147242354,46.2002891472868
"goa",33,"gam_spatial",3,"continuous",50.6755,7.75377588459225,46.2002891472868
"goa",33,"gam_spatial",3,"continuous",7.2721,39.9864232875491,46.2002891472868
"goa",33,"gam_spatial",3,"continuous",18.8363,-23.5900222281339,46.2002891472868
"goa",33,"gam_spatial",3,"continuous",15.631,7.37738045619756,46.2002891472868
"goa",33,"gam_spatial",3,"continuous",7.6272,-26.0199105412982,46.2002891472868
"goa",33,"gam_spatial",3,"continuous",0,11.3730612529203,46.2002891472868
"goa",33,"gam_spatial",4,"continuous",0,25.4286699995361,57.4379110831234
"goa",33,"gam_spatial",4,"continuous",0,40.7827746542993,57.4379110831234
"goa",33,"gam_spatial",4,"continuous",0,29.0096101952965,57.4379110831234
"goa",33,"gam_spatial",4,"continuous",0,27.5040727837695,57.4379110831234
"goa",33,"gam_spatial",4,"continuous",25.3078,31.7523566809781,57.4379110831234
"goa",33,"gam_spatial",4,"continuous",9.7141,33.69454656205,57.4379110831234
"goa",33,"gam_spatial",4,"continuous",1.3049,31.8728863015652,57.4379110831234
"goa",33,"gam_spatial",4,"continuous",28.6968,58.5771853574882,57.4379110831234
"goa",33,"gam_spatial",4,"continuous",10.0478,58.9839114773324,57.4379110831234
"goa",33,"gam_spatial",4,"continuous",0,37.8555172942428,57.4379110831234
"goa",33,"gam_spatial",4,"continuous",22.8159,62.8162951664557,57.4379110831234
"goa",33,"gam_spatial",4,"continuous",26.1647,84.8595142211871,57.4379110831234
"goa",33,"gam_spatial",4,"continuous",31.0748,83.7668625266602,57.4379110831234
"goa",33,"gam_spatial",4,"continuous",10.4632,98.0718437876099,57.4379110831234
"goa",33,"gam_spatial",4,"continuous",0,88.049900730366,57.4379110831234
"goa",33,"gam_spatial",4,"continuous",0,27.1422201650076,57.4379110831234
"goa",33,"gam_spatial",4,"continuous",13.9273,35.0922649456787,57.4379110831234
"goa",33,"gam_spatial",4,"continuous",40.0496,61.022046762736,57.4379110831234
"goa",33,"gam_spatial",4,"continuous",35.0147,63.2216903429542,57.4379110831234
"goa",33,"gam_spatial",4,"continuous",62.7416,62.7085365269947,57.4379110831234
"goa",33,"gam_spatial",4,"continuous",26.3363,66.5516058241067,57.4379110831234
"goa",33,"gam_spatial",4,"continuous",19.5108,66.1679632231496,57.4379110831234
"goa",33,"gam_spatial",4,"continuous",82.634,68.3831483388884,57.4379110831234
"goa",33,"gam_spatial",4,"continuous",84.5855,68.5084614081563,57.4379110831234
"goa",33,"gam_spatial",4,"continuous",0,27.6608185156253,57.4379110831234
"goa",33,"gam_spatial",4,"continuous",7.603,53.3258708965778,57.4379110831234
"goa",33,"gam_spatial",4,"continuous",19.5616,55.6473408438504,57.4379110831234
"goa",33,"gam_spatial",4,"continuous",307.4967,63.2999294700949,57.4379110831234
"goa",33,"gam_spatial",4,"continuous",101.1108,64.5400813405683,57.4379110831234
"goa",33,"gam_spatial",4,"continuous",385.051,66.2841575255458,57.4379110831234
"goa",33,"gam_spatial",4,"continuous",120.3135,60.9677941862674,57.4379110831234
"goa",33,"gam_spatial",4,"continuous",78.5435,61.6228781158593,57.4379110831234
"goa",33,"gam_spatial",4,"continuous",65.5064,98.6922024029859,57.4379110831234
"goa",33,"gam_spatial",4,"continuous",122.5467,104.125003320716,57.4379110831234
"goa",33,"gam_spatial",4,"continuous",2.3389,27.0158016261949,57.4379110831234
"goa",33,"gam_spatial",4,"continuous",0,27.5549649052706,57.4379110831234
"goa",33,"gam_spatial",4,"continuous",22.3627,39.8325748746515,57.4379110831234
"goa",33,"gam_spatial",4,"continuous",39.3448,40.052212650702,57.4379110831234
"goa",33,"gam_spatial",4,"continuous",0,97.1910605645013,57.4379110831234
"goa",33,"gam_spatial",4,"continuous",24.1193,34.9323439815083,57.4379110831234
"goa",33,"gam_spatial",4,"continuous",43.8157,14.4691930347462,57.4379110831234
"goa",33,"gam_spatial",4,"continuous",18.4473,50.2851176970364,57.4379110831234
"goa",33,"gam_spatial",4,"continuous",0,106.770957635362,57.4379110831234
"goa",33,"gam_spatial",4,"continuous",0,7.30221808373473,57.4379110831234
"goa",33,"gam_spatial",4,"continuous",6.6492,28.4104822860426,57.4379110831234
"goa",33,"gam_spatial",4,"continuous",6.36,17.1506550300873,57.4379110831234
"goa",33,"gam_spatial",4,"continuous",19.1733,59.9657696958322,57.4379110831234
"goa",33,"gam_spatial",4,"continuous",3.1576,52.876263435982,57.4379110831234
"goa",33,"gam_spatial",4,"continuous",0,-19.496902543146,57.4379110831234
"goa",33,"gam_spatial",4,"continuous",30.4508,96.524488870753,57.4379110831234
"goa",33,"gam_spatial",4,"continuous",0,22.1184307099039,57.4379110831234
"goa",33,"gam_spatial",4,"continuous",0,9.72048245590052,57.4379110831234
"goa",33,"gam_spatial",4,"continuous",0.4807,14.5054822115253,57.4379110831234
"goa",33,"gam_spatial",4,"continuous",21.8932,42.2634506989832,57.4379110831234
"goa",33,"gam_spatial",4,"continuous",10.219,17.0003354827429,57.4379110831234
"goa",33,"gam_spatial",4,"continuous",154.547,61.1804473371039,57.4379110831234
"goa",33,"gam_spatial",4,"continuous",0,-3.92824073322911,57.4379110831234
"goa",33,"gam_spatial",4,"continuous",0.0752,52.3016693213474,57.4379110831234
"goa",33,"gam_spatial",4,"continuous",70.2558,64.6483851622305,57.4379110831234
"goa",33,"gam_spatial",4,"continuous",0,38.1141727752174,57.4379110831234
"goa",33,"gam_spatial",4,"continuous",35.6525,29.296981013229,57.4379110831234
"goa",33,"gam_spatial",4,"continuous",2.2514,26.4139841009463,57.4379110831234
"goa",33,"gam_spatial",4,"continuous",8.5411,19.3028336703379,57.4379110831234
"goa",33,"gam_spatial",4,"continuous",8.313,20.9906504114187,57.4379110831234
"goa",33,"gam_spatial",4,"continuous",43.0226,31.7545103199511,57.4379110831234
"goa",33,"gam_spatial",4,"continuous",0,11.302010944846,57.4379110831234
"goa",33,"gam_spatial",4,"continuous",2.9227,27.5872229970325,57.4379110831234
"goa",33,"gam_spatial",4,"continuous",6.8407,-29.8283647203666,57.4379110831234
"goa",33,"gam_spatial",4,"continuous",17.0813,84.5798615343373,57.4379110831234
"goa",33,"gam_spatial",4,"continuous",0,28.5068539649072,57.4379110831234
"goa",33,"gam_spatial",4,"continuous",39.5628,95.6990928113806,57.4379110831234
"goa",33,"gam_spatial",4,"continuous",391.9478,105.713970432985,57.4379110831234
"goa",33,"gam_spatial",4,"continuous",13.6643,28.455123139898,57.4379110831234
"goa",33,"gam_spatial",4,"continuous",7.3183,26.3512079862688,57.4379110831234
"goa",33,"gam_spatial",4,"continuous",0.7343,22.1122397766527,57.4379110831234
"goa",33,"gam_spatial",4,"continuous",130.7254,67.8693598676687,57.4379110831234
"goa",33,"gam_spatial",4,"continuous",1.8366,98.5760026536666,57.4379110831234
"goa",33,"gam_spatial",4,"continuous",176.2184,105.565622007597,57.4379110831234
"goa",33,"gam_spatial",4,"continuous",5.9712,27.9403495298237,57.4379110831234
"goa",33,"gam_spatial",4,"continuous",0,-64.8079609857911,57.4379110831234
"goa",33,"gam_spatial",4,"continuous",30.943,33.6951124211981,57.4379110831234
"goa",33,"gam_spatial",4,"continuous",0.6689,49.6849330624211,57.4379110831234
"goa",33,"gam_spatial",4,"continuous",12.2485,40.175387826251,57.4379110831234
"goa",33,"gam_spatial",4,"continuous",345.5682,60.9596393943011,57.4379110831234
"goa",33,"gam_spatial",4,"continuous",2.9014,104.740437002848,57.4379110831234
"goa",33,"gam_spatial",4,"continuous",0,73.6438271493115,57.4379110831234
"goa",33,"gam_spatial",4,"continuous",5.3307,69.9893353961861,57.4379110831234
"goa",33,"gam_spatial",4,"continuous",9.5243,34.8464931350252,57.4379110831234
"goa",33,"gam_spatial",4,"continuous",6.9338,21.6052049190754,57.4379110831234
"goa",33,"gam_spatial",4,"continuous",0.6647,17.386045278797,57.4379110831234
"goa",33,"gam_spatial",4,"continuous",9.7221,29.414215735988,57.4379110831234
"goa",33,"gam_spatial",4,"continuous",1.546,48.6946375994683,57.4379110831234
"goa",33,"gam_spatial",4,"continuous",64.2741,58.1859901127725,57.4379110831234
"goa",33,"gam_spatial",4,"continuous",23.5081,107.277837478316,57.4379110831234
"goa",33,"gam_spatial",4,"continuous",3.3693,31.151984668243,57.4379110831234
"goa",33,"gam_spatial",4,"continuous",3.7054,17.6353763911649,57.4379110831234
"goa",33,"gam_spatial",4,"continuous",18.7778,57.3196844704517,57.4379110831234
"goa",33,"gam_spatial",4,"continuous",14.7655,18.6900705908701,57.4379110831234
"goa",33,"gam_spatial",4,"continuous",287.6403,60.0596888055431,57.4379110831234
"goa",33,"gam_spatial",4,"continuous",13.7316,38.4528527190464,57.4379110831234
"goa",33,"gam_spatial",4,"continuous",0.976,46.2780450600122,57.4379110831234
"goa",33,"gam_spatial",4,"continuous",808.0714,102.909556914228,57.4379110831234
"goa",33,"gam_spatial",4,"continuous",14.3939,75.5270817855501,57.4379110831234
"goa",33,"gam_spatial",5,"continuous",30.6639,76.6057857802587,60.3611975903614
"goa",33,"gam_spatial",5,"continuous",18.3207,94.4456135503048,60.3611975903614
"goa",33,"gam_spatial",5,"continuous",64.7213,77.6614839763533,60.3611975903614
"goa",33,"gam_spatial",5,"continuous",57.0843,93.5289750620493,60.3611975903614
"goa",33,"gam_spatial",5,"continuous",0,1.15228257671912,60.3611975903614
"goa",33,"gam_spatial",5,"continuous",25.8666,86.6289287600205,60.3611975903614
"goa",33,"gam_spatial",5,"continuous",85.4468,92.1492117358959,60.3611975903614
"goa",33,"gam_spatial",5,"continuous",31.6943,91.0245439821709,60.3611975903614
"goa",33,"gam_spatial",5,"continuous",14.1454,88.9822471751657,60.3611975903614
"goa",33,"gam_spatial",5,"continuous",17.4125,40.9850334648308,60.3611975903614
"goa",33,"gam_spatial",5,"continuous",71.4521,87.8509840904752,60.3611975903614
"goa",33,"gam_spatial",5,"continuous",19.8659,64.3136565960384,60.3611975903614
"goa",33,"gam_spatial",5,"continuous",114.4116,91.0226229734913,60.3611975903614
"goa",33,"gam_spatial",5,"continuous",0.1344,97.3832671150398,60.3611975903614
"goa",33,"gam_spatial",5,"continuous",5.718,98.3550051554418,60.3611975903614
"goa",33,"gam_spatial",5,"continuous",59.9492,90.0637455964841,60.3611975903614
"goa",33,"gam_spatial",5,"continuous",93.0971,47.4660292371381,60.3611975903614
"goa",33,"gam_spatial",5,"continuous",131.3938,87.1757853668566,60.3611975903614
"goa",33,"gam_spatial",5,"continuous",45.5903,83.6258282891581,60.3611975903614
"goa",33,"gam_spatial",5,"continuous",2.3232,69.8131991208473,60.3611975903614
"goa",33,"gam_spatial",5,"continuous",17.289,93.3807444526293,60.3611975903614
"goa",33,"gam_spatial",5,"continuous",104.1167,95.493074957234,60.3611975903614
"goa",33,"gam_spatial",5,"continuous",30.2118,99.1731401181963,60.3611975903614
"goa",33,"gam_spatial",5,"continuous",58.7572,79.2075514892298,60.3611975903614
"goa",33,"gam_spatial",5,"continuous",3.0307,74.8497133883031,60.3611975903614
"goa",33,"gam_spatial",5,"continuous",12.848,2.22948244577105,60.3611975903614
"goa",33,"gam_spatial",5,"continuous",10.0411,35.5969923409024,60.3611975903614
"goa",33,"gam_spatial",5,"continuous",0,61.4768247593493,60.3611975903614
"goa",33,"gam_spatial",5,"continuous",1.5337,-5.23041426147292,60.3611975903614
"goa",33,"gam_spatial",5,"continuous",12.1244,5.77467208727638,60.3611975903614
"goa",33,"gam_spatial",5,"continuous",5.8105,40.4009512907663,60.3611975903614
"goa",33,"gam_spatial",5,"continuous",44.8735,87.1099589850862,60.3611975903614
"goa",33,"gam_spatial",5,"continuous",38.5649,84.9807251974895,60.3611975903614
"goa",33,"gam_spatial",5,"continuous",7.5202,78.9884010255563,60.3611975903614
"goa",33,"gam_spatial",5,"continuous",22.2468,94.5957347680638,60.3611975903614
"goa",33,"gam_spatial",5,"continuous",1.488,10.4370122090628,60.3611975903614
"goa",33,"gam_spatial",5,"continuous",0,33.5480838426721,60.3611975903614
"goa",33,"gam_spatial",5,"continuous",24.2166,86.0849078451926,60.3611975903614
"goa",33,"gam_spatial",5,"continuous",0,-2.7936374549212,60.3611975903614
"goa",33,"gam_spatial",5,"continuous",56.3578,42.4531401575004,60.3611975903614
"goa",33,"gam_spatial",5,"continuous",4.539,65.7083453751945,60.3611975903614
"goa",33,"gam_spatial",5,"continuous",61.3939,80.262924045473,60.3611975903614
"goa",33,"gam_spatial",5,"continuous",22.3947,44.8139564655913,60.3611975903614
"goa",33,"gam_spatial",5,"continuous",0,-47.0027566713674,60.3611975903614
"goa",33,"gam_spatial",5,"continuous",23.9065,82.3936241803898,60.3611975903614
"goa",33,"gam_spatial",5,"continuous",27.4279,55.9335967027081,60.3611975903614
"goa",33,"gam_spatial",5,"continuous",9.7452,89.1689657231377,60.3611975903614
"goa",33,"gam_spatial",5,"continuous",20.4155,38.4479248258759,60.3611975903614
"goa",33,"gam_spatial",5,"continuous",0.1332,43.3659367798382,60.3611975903614
"goa",33,"gam_spatial",5,"continuous",9.4111,32.2904496357397,60.3611975903614
"goa",33,"gam_spatial",5,"continuous",3.9324,73.6878526522546,60.3611975903614
"goa",33,"gam_spatial",5,"continuous",0,70.9081502478937,60.3611975903614
"goa",33,"gam_spatial",5,"continuous",6.2225,85.7682266322487,60.3611975903614
"goa",33,"gam_spatial",5,"continuous",7.0922,79.0111499196791,60.3611975903614
"goa",33,"gam_spatial",5,"continuous",4.3646,71.8475137278557,60.3611975903614
"goa",33,"gam_spatial",5,"continuous",131.9522,76.8517972431689,60.3611975903614
"goa",33,"gam_spatial",5,"continuous",4.612,97.2168175674218,60.3611975903614
"goa",33,"gam_spatial",5,"continuous",151.8197,98.9014310691035,60.3611975903614
"goa",33,"gam_spatial",5,"continuous",61.8847,89.3814073603879,60.3611975903614
"goa",33,"gam_spatial",5,"continuous",2.6861,22.7602097594637,60.3611975903614
"goa",33,"gam_spatial",5,"continuous",31.0716,96.6336445780445,60.3611975903614
"goa",33,"gam_spatial",5,"continuous",19.2936,92.6997000294788,60.3611975903614
"goa",33,"gam_spatial",5,"continuous",0,24.3144483435061,60.3611975903614
"goa",33,"gam_spatial",5,"continuous",80.3646,79.3536866357583,60.3611975903614
"goa",33,"gam_spatial",5,"continuous",18.043,68.7729541182231,60.3611975903614
"goa",33,"gam_spatial",5,"continuous",173.044,91.7104520060795,60.3611975903614
"goa",33,"gam_spatial",5,"continuous",0,10.7313905037357,60.3611975903614
"goa",33,"gam_spatial",5,"continuous",0.4466,-0.731690391445588,60.3611975903614
"goa",33,"gam_spatial",5,"continuous",12.9297,22.6039197300956,60.3611975903614
"goa",33,"gam_spatial",5,"continuous",0.0231,93.4707962046721,60.3611975903614
"goa",33,"gam_spatial",5,"continuous",10.5208,66.6883850205332,60.3611975903614
"goa",33,"gam_spatial",5,"continuous",36.1595,86.275118522161,60.3611975903614
"goa",33,"gam_spatial",5,"continuous",7.2206,74.7560939149323,60.3611975903614
"goa",33,"gam_spatial",5,"continuous",128.776,46.214941707313,60.3611975903614
"goa",33,"gam_spatial",5,"continuous",16.0957,16.4455059091554,60.3611975903614
"goa",33,"gam_spatial",5,"continuous",16.2148,-3.33717310501205,60.3611975903614
"goa",33,"gam_spatial",5,"continuous",1.6588,-38.8650893122893,60.3611975903614
"goa",33,"gam_spatial",5,"continuous",5.0841,29.5073195494915,60.3611975903614
"goa",33,"gam_spatial",5,"continuous",19.0893,6.04586847958343,60.3611975903614
"goa",33,"gam_spatial",5,"continuous",24.8627,92.3781520968335,60.3611975903614
"goa",33,"gam_spatial",5,"continuous",7.2996,54.6444060320891,60.3611975903614
"goa",33,"gam_spatial",5,"continuous",9.5641,15.8103390997727,60.3611975903614
"goa",33,"gam_spatial",5,"continuous",0.3572,-29.5135336396697,60.3611975903614
"goa",33,"gam_spatial",5,"continuous",24.2615,66.831518731266,60.3611975903614
"goa",33,"gam_spatial",5,"continuous",0,62.6288627211864,60.3611975903614
"goa",33,"random_forest",1,"continuous",0,0.682639033333333,59.5517916876574
"goa",33,"random_forest",1,"continuous",6.5059,24.14082015,59.5517916876574
"goa",33,"random_forest",1,"continuous",20.7484,86.4351848857143,59.5517916876574
"goa",33,"random_forest",1,"continuous",3.4258,3.70940576190476,59.5517916876574
"goa",33,"random_forest",1,"continuous",8.4797,163.312679061111,59.5517916876574
"goa",33,"random_forest",1,"continuous",63.7188,110.074291966667,59.5517916876574
"goa",33,"random_forest",1,"continuous",1.1565,8.50890608809524,59.5517916876574
"goa",33,"random_forest",1,"continuous",43.5046,19.3157503333333,59.5517916876574
"goa",33,"random_forest",1,"continuous",3.5064,20.2711691333333,59.5517916876574
"goa",33,"random_forest",1,"continuous",0,0.682639033333333,59.5517916876574
"goa",33,"random_forest",1,"continuous",32.9726,67.7162748980159,59.5517916876574
"goa",33,"random_forest",1,"continuous",1.8927,2.80894380595238,59.5517916876574
"goa",33,"random_forest",1,"continuous",10.1555,34.2675002357143,59.5517916876574
"goa",33,"random_forest",1,"continuous",1.3243,24.14082015,59.5517916876574
"goa",33,"random_forest",1,"continuous",29.1366,222.282337416667,59.5517916876574
"goa",33,"random_forest",1,"continuous",0,283.072660928571,59.5517916876574
"goa",33,"random_forest",1,"continuous",0,6.20573863333333,59.5517916876574
"goa",33,"random_forest",1,"continuous",24.0571,113.963622280952,59.5517916876574
"goa",33,"random_forest",1,"continuous",56.9712,49.1095403892857,59.5517916876574
"goa",33,"random_forest",1,"continuous",107.5302,254.563381680372,59.5517916876574
"goa",33,"random_forest",1,"continuous",21.9335,28.7262544785714,59.5517916876574
"goa",33,"random_forest",1,"continuous",8.6668,24.14082015,59.5517916876574
"goa",33,"random_forest",1,"continuous",42.2079,16.8711744333333,59.5517916876574
"goa",33,"random_forest",1,"continuous",21.638,26.63233465,59.5517916876574
"goa",33,"random_forest",1,"continuous",109.4013,165.297689764286,59.5517916876574
"goa",33,"random_forest",1,"continuous",0.2749,9.2047174952381,59.5517916876574
"goa",33,"random_forest",1,"continuous",0.0314,5.12850735,59.5517916876574
"goa",33,"random_forest",1,"continuous",49.5557,24.9593578166667,59.5517916876574
"goa",33,"random_forest",1,"continuous",1.9508,5.40606274761905,59.5517916876574
"goa",33,"random_forest",1,"continuous",1.6681,9.2047174952381,59.5517916876574
"goa",33,"random_forest",1,"continuous",11.0499,283.072660928571,59.5517916876574
"goa",33,"random_forest",1,"continuous",2.6545,20.2711691333333,59.5517916876574
"goa",33,"random_forest",1,"continuous",4.1351,27.0890962,59.5517916876574
"goa",33,"random_forest",1,"continuous",1.6447,9.2047174952381,59.5517916876574
"goa",33,"random_forest",1,"continuous",17.4874,58.5072005837662,59.5517916876574
"goa",33,"random_forest",1,"continuous",84.3691,138.654807483333,59.5517916876574
"goa",33,"random_forest",1,"continuous",144.6887,72.6287287,59.5517916876574
"goa",33,"random_forest",1,"continuous",123.2541,2.08000548333333,59.5517916876574
"goa",33,"random_forest",1,"continuous",1.9678,3.86180804325397,59.5517916876574
"goa",33,"random_forest",1,"continuous",24.4489,52.0959037833334,59.5517916876574
"goa",33,"random_forest",1,"continuous",3.7365,18.1690445285714,59.5517916876574
"goa",33,"random_forest",1,"continuous",51.5987,30.7959053577922,59.5517916876574
"goa",33,"random_forest",1,"continuous",5.4433,18.1924702333333,59.5517916876574
"goa",33,"random_forest",1,"continuous",0.0722,1.23198684047619,59.5517916876574
"goa",33,"random_forest",1,"continuous",45.7868,22.8518609,59.5517916876574
"goa",33,"random_forest",1,"continuous",52.3303,48.3898389452381,59.5517916876574
"goa",33,"random_forest",1,"continuous",8.242,172.153088383333,59.5517916876574
"goa",33,"random_forest",1,"continuous",6.7374,16.9419098333333,59.5517916876574
"goa",33,"random_forest",1,"continuous",1.1912,93.2511202333333,59.5517916876574
"goa",33,"random_forest",1,"continuous",9.0688,49.3246716833334,59.5517916876574
"goa",33,"random_forest",1,"continuous",6.7062,36.01390645,59.5517916876574
"goa",33,"random_forest",1,"continuous",31.8989,70.8226319833333,59.5517916876574
"goa",33,"random_forest",1,"continuous",21.9825,5.40606274761905,59.5517916876574
"goa",33,"random_forest",1,"continuous",8.7701,30.9258422880952,59.5517916876574
"goa",33,"random_forest",1,"continuous",2.2407,2.96843685238095,59.5517916876574
"goa",33,"random_forest",1,"continuous",129.4165,44.9091036642857,59.5517916876574
"goa",33,"random_forest",1,"continuous",0.8386,4.49307298333334,59.5517916876574
"goa",33,"random_forest",1,"continuous",18.0812,52.1319871833334,59.5517916876574
"goa",33,"random_forest",1,"continuous",0,13.924378427381,59.5517916876574
"goa",33,"random_forest",1,"continuous",0,1.3404083,59.5517916876574
"goa",33,"random_forest",1,"continuous",174.0796,156.042290780952,59.5517916876574
"goa",33,"random_forest",1,"continuous",0.6223,2.29449913333333,59.5517916876574
"goa",33,"random_forest",1,"continuous",180.0364,174.204749115476,59.5517916876574
"goa",33,"random_forest",1,"continuous",30.6219,49.3246716833334,59.5517916876574
"goa",33,"random_forest",1,"continuous",36.441,102.970775083333,59.5517916876574
"goa",33,"random_forest",1,"continuous",61.5538,35.5232256154762,59.5517916876574
"goa",33,"random_forest",1,"continuous",2.1238,2.96843685238095,59.5517916876574
"goa",33,"random_forest",1,"continuous",39.3556,94.3262149083334,59.5517916876574
"goa",33,"random_forest",1,"continuous",14.8056,60.6152942643939,59.5517916876574
"goa",33,"random_forest",1,"continuous",48.8392,172.153088383333,59.5517916876574
"goa",33,"random_forest",1,"continuous",175.5409,96.7457280119047,59.5517916876574
"goa",33,"random_forest",1,"continuous",2.3076,283.072660928571,59.5517916876574
"goa",33,"random_forest",1,"continuous",0,1.23198684047619,59.5517916876574
"goa",33,"random_forest",1,"continuous",112.0547,226.260206019048,59.5517916876574
"goa",33,"random_forest",1,"continuous",69.3453,20.5143612166667,59.5517916876574
"goa",33,"random_forest",1,"continuous",494.7127,65.49730625,59.5517916876574
"goa",33,"random_forest",1,"continuous",3.6427,336.776905359524,59.5517916876574
"goa",33,"random_forest",1,"continuous",45.7757,56.3226217714286,59.5517916876574
"goa",33,"random_forest",1,"continuous",22.6695,283.072660928571,59.5517916876574
"goa",33,"random_forest",1,"continuous",35.6304,163.312679061111,59.5517916876574
"goa",33,"random_forest",1,"continuous",16.1682,27.8780557071429,59.5517916876574
"goa",33,"random_forest",1,"continuous",19.1639,96.7457280119047,59.5517916876574
"goa",33,"random_forest",1,"continuous",0.6232,36.2365980933872,59.5517916876574
"goa",33,"random_forest",1,"continuous",45.2617,19.3157503333333,59.5517916876574
"goa",33,"random_forest",1,"continuous",83.1352,52.1319871833334,59.5517916876574
"goa",33,"random_forest",1,"continuous",54.3956,34.2675002357143,59.5517916876574
"goa",33,"random_forest",1,"continuous",5.209,0.929428966666666,59.5517916876574
"goa",33,"random_forest",1,"continuous",0.8887,4.23286841666667,59.5517916876574
"goa",33,"random_forest",1,"continuous",15.1962,70.8226319833333,59.5517916876574
"goa",33,"random_forest",1,"continuous",2.5034,31.2911927404762,59.5517916876574
"goa",33,"random_forest",1,"continuous",10.8098,0.4199671,59.5517916876574
"goa",33,"random_forest",1,"continuous",7.9787,39.4352246178571,59.5517916876574
"goa",33,"random_forest",1,"continuous",0.4758,36.2365980933872,59.5517916876574
"goa",33,"random_forest",1,"continuous",6.9596,328.8841069,59.5517916876574
"goa",33,"random_forest",1,"continuous",29.327,16.1997302880952,59.5517916876574
"goa",33,"random_forest",1,"continuous",14.6888,7.80325705,59.5517916876574
"goa",33,"random_forest",1,"continuous",0,0.825435747619048,59.5517916876574
"goa",33,"random_forest",1,"continuous",2.7397,2.7655384,59.5517916876574
"goa",33,"random_forest",1,"continuous",24.7697,16.7872814333333,59.5517916876574
"goa",33,"random_forest",1,"continuous",17.9743,365.025461838095,59.5517916876574
"goa",33,"random_forest",1,"continuous",530.102,365.025461838095,59.5517916876574
"goa",33,"random_forest",1,"continuous",4.6248,37.7285231404762,59.5517916876574
"goa",33,"random_forest",1,"continuous",9.0615,91.8119916686507,59.5517916876574
"goa",33,"random_forest",2,"continuous",9.1352,13.1763131103896,51.9104294554455
"goa",33,"random_forest",2,"continuous",3.6564,11.7893686,51.9104294554455
"goa",33,"random_forest",2,"continuous",0.1627,9.32487054999999,51.9104294554455
"goa",33,"random_forest",2,"continuous",60.5269,28.8381469277778,51.9104294554455
"goa",33,"random_forest",2,"continuous",0.8595,48.5967893,51.9104294554455
"goa",33,"random_forest",2,"continuous",4.8496,47.74626225,51.9104294554455
"goa",33,"random_forest",2,"continuous",62.8808,32.2716706666667,51.9104294554455
"goa",33,"random_forest",2,"continuous",0.0335,1.1031645,51.9104294554455
"goa",33,"random_forest",2,"continuous",0,10.6283848484127,51.9104294554455
"goa",33,"random_forest",2,"continuous",1.7306,27.1939432666667,51.9104294554455
"goa",33,"random_forest",2,"continuous",9.9817,86.2156943666666,51.9104294554455
"goa",33,"random_forest",2,"continuous",0.4989,4.65230538333333,51.9104294554455
"goa",33,"random_forest",2,"continuous",6.3187,7.05509275,51.9104294554455
"goa",33,"random_forest",2,"continuous",55.8054,11.1921432928571,51.9104294554455
"goa",33,"random_forest",2,"continuous",44.2584,52.8241529166666,51.9104294554455
"goa",33,"random_forest",2,"continuous",0,8.71954048333334,51.9104294554455
"goa",33,"random_forest",2,"continuous",0.4426,26.9532911666667,51.9104294554455
"goa",33,"random_forest",2,"continuous",2.6175,41.5652362166667,51.9104294554455
"goa",33,"random_forest",2,"continuous",0.2319,2.64072358333333,51.9104294554455
"goa",33,"random_forest",2,"continuous",16.9504,32.13515175,51.9104294554455
"goa",33,"random_forest",2,"continuous",922.0797,5.77944761158009,51.9104294554455
"goa",33,"random_forest",2,"continuous",45.4167,18.9709565833333,51.9104294554455
"goa",33,"random_forest",2,"continuous",67.7677,260.610683141667,51.9104294554455
"goa",33,"random_forest",2,"continuous",16.4935,38.1720802333333,51.9104294554455
"goa",33,"random_forest",2,"continuous",2.2323,62.9519391071429,51.9104294554455
"goa",33,"random_forest",2,"continuous",0,133.822153897222,51.9104294554455
"goa",33,"random_forest",2,"continuous",5.4657,129.532089969048,51.9104294554455
"goa",33,"random_forest",2,"continuous",0,24.4976894,51.9104294554455
"goa",33,"random_forest",2,"continuous",0.977,64.3719883428571,51.9104294554455
"goa",33,"random_forest",2,"continuous",50.8456,66.3420187428571,51.9104294554455
"goa",33,"random_forest",2,"continuous",64.9775,32.6467673166667,51.9104294554455
"goa",33,"random_forest",2,"continuous",34.7283,48.8838942333333,51.9104294554455
"goa",33,"random_forest",2,"continuous",63.5263,41.5330785166667,51.9104294554455
"goa",33,"random_forest",2,"continuous",18.3791,18.9709565833333,51.9104294554455
"goa",33,"random_forest",2,"continuous",83.2018,54.7498848404761,51.9104294554455
"goa",33,"random_forest",2,"continuous",24.5887,13.5943084,51.9104294554455
"goa",33,"random_forest",2,"continuous",0.0227,4.40551386489899,51.9104294554455
"goa",33,"random_forest",2,"continuous",9.7929,61.1992955833333,51.9104294554455
"goa",33,"random_forest",2,"continuous",73.6718,14.5154605333333,51.9104294554455
"goa",33,"random_forest",2,"continuous",45.5932,27.8111328166667,51.9104294554455
"goa",33,"random_forest",2,"continuous",16.2659,62.9519391071429,51.9104294554455
"goa",33,"random_forest",2,"continuous",4.1609,1.26003552857143,51.9104294554455
"goa",33,"random_forest",2,"continuous",0,1.26003552857143,51.9104294554455
"goa",33,"random_forest",2,"continuous",4.572,24.0654873333333,51.9104294554455
"goa",33,"random_forest",2,"continuous",4.3322,2.79969140396825,51.9104294554455
"goa",33,"random_forest",2,"continuous",5.1641,2.4397593,51.9104294554455
"goa",33,"random_forest",2,"continuous",50.6502,129.532089969048,51.9104294554455
"goa",33,"random_forest",2,"continuous",37.302,10.2632133642857,51.9104294554455
"goa",33,"random_forest",2,"continuous",2.8581,61.9153949916667,51.9104294554455
"goa",33,"random_forest",2,"continuous",17.0061,37.5599061273809,51.9104294554455
"goa",33,"random_forest",2,"continuous",20.6832,80.8321437952381,51.9104294554455
"goa",33,"random_forest",2,"continuous",3.3854,17.8587227833333,51.9104294554455
"goa",33,"random_forest",2,"continuous",0.556,17.7465849666667,51.9104294554455
"goa",33,"random_forest",2,"continuous",1.9319,26.8973413,51.9104294554455
"goa",33,"random_forest",2,"continuous",0.1045,62.9519391071429,51.9104294554455
"goa",33,"random_forest",2,"continuous",9.2768,29.7073499833333,51.9104294554455
"goa",33,"random_forest",2,"continuous",728.509,38.1720802333333,51.9104294554455
"goa",33,"random_forest",2,"continuous",102.6339,48.5967893,51.9104294554455
"goa",33,"random_forest",2,"continuous",193.4787,20.6468904654762,51.9104294554455
"goa",33,"random_forest",2,"continuous",50.2533,27.1939432666667,51.9104294554455
"goa",33,"random_forest",2,"continuous",16.9012,24.4870913,51.9104294554455
"goa",33,"random_forest",2,"continuous",13.7633,217.587398683333,51.9104294554455
"goa",33,"random_forest",2,"continuous",56.313,24.4976894,51.9104294554455
"goa",33,"random_forest",2,"continuous",47.6208,10.0936489333333,51.9104294554455
"goa",33,"random_forest",2,"continuous",1137.0552,135.666056872619,51.9104294554455
"goa",33,"random_forest",2,"continuous",107.649,27.3683121261905,51.9104294554455
"goa",33,"random_forest",2,"continuous",22.2549,36.7862978,51.9104294554455
"goa",33,"random_forest",2,"continuous",66.4922,36.5510108166666,51.9104294554455
"goa",33,"random_forest",2,"continuous",1.4417,1.94480091666667,51.9104294554455
"goa",33,"random_forest",2,"continuous",20.3936,38.1720802333333,51.9104294554455
"goa",33,"random_forest",2,"continuous",101.2841,62.2378048833334,51.9104294554455
"goa",33,"random_forest",2,"continuous",212.6102,525.6970232,51.9104294554455
"goa",33,"random_forest",2,"continuous",44.894,52.8312321738095,51.9104294554455
"goa",33,"random_forest",2,"continuous",314.83,9.01195962579365,51.9104294554455
"goa",33,"random_forest",2,"continuous",33.9485,260.610683141667,51.9104294554455
"goa",33,"random_forest",2,"continuous",332.9622,101.4011788,51.9104294554455
"goa",33,"random_forest",2,"continuous",40.908,61.1992955833333,51.9104294554455
"goa",33,"random_forest",2,"continuous",0,2.79969140396825,51.9104294554455
"goa",33,"random_forest",2,"continuous",164.6786,25.2428894166667,51.9104294554455
"goa",33,"random_forest",2,"continuous",22.6242,51.7103724761905,51.9104294554455
"goa",33,"random_forest",2,"continuous",0,6.92763383333333,51.9104294554455
"goa",33,"random_forest",2,"continuous",22.9798,13.5943084,51.9104294554455
"goa",33,"random_forest",2,"continuous",64.1688,54.7498848404761,51.9104294554455
"goa",33,"random_forest",2,"continuous",189.1297,10.6283848484127,51.9104294554455
"goa",33,"random_forest",2,"continuous",13.9397,47.87467245,51.9104294554455
"goa",33,"random_forest",2,"continuous",175.1373,50.1728705261905,51.9104294554455
"goa",33,"random_forest",2,"continuous",7.0672,10.0936489333333,51.9104294554455
"goa",33,"random_forest",2,"continuous",5.4954,36.8559468,51.9104294554455
"goa",33,"random_forest",2,"continuous",46.9061,28.8381469277778,51.9104294554455
"goa",33,"random_forest",2,"continuous",0,11.1921432928571,51.9104294554455
"goa",33,"random_forest",2,"continuous",6.9348,85.2376565166666,51.9104294554455
"goa",33,"random_forest",2,"continuous",77.0548,66.7480514984127,51.9104294554455
"goa",33,"random_forest",2,"continuous",15.7402,49.3078554428571,51.9104294554455
"goa",33,"random_forest",2,"continuous",95.5371,109.0897003,51.9104294554455
"goa",33,"random_forest",2,"continuous",29.0522,24.49930815,51.9104294554455
"goa",33,"random_forest",2,"continuous",43.1269,27.95592215,51.9104294554455
"goa",33,"random_forest",3,"continuous",0,145.694554882051,46.2002891472868
"goa",33,"random_forest",3,"continuous",279.3257,39.1468917833333,46.2002891472868
"goa",33,"random_forest",3,"continuous",29.6249,59.3901091666667,46.2002891472868
"goa",33,"random_forest",3,"continuous",0,3.0348624,46.2002891472868
"goa",33,"random_forest",3,"continuous",80.5198,45.3175710285714,46.2002891472868
"goa",33,"random_forest",3,"continuous",167.5239,30.5231461666667,46.2002891472868
"goa",33,"random_forest",3,"continuous",6.1045,6.413869,46.2002891472868
"goa",33,"random_forest",3,"continuous",32.0052,73.1142578095238,46.2002891472868
"goa",33,"random_forest",3,"continuous",18.5036,73.1142578095238,46.2002891472868
"goa",33,"random_forest",3,"continuous",90.1864,77.1521443833334,46.2002891472868
"goa",33,"random_forest",3,"continuous",128.6797,69.5928228666666,46.2002891472868
"goa",33,"random_forest",3,"continuous",18.9675,38.0071765928571,46.2002891472868
"goa",33,"random_forest",3,"continuous",46.811,65.6850587452381,46.2002891472868
"goa",33,"random_forest",3,"continuous",19.0758,45.6472441428572,46.2002891472868
"goa",33,"random_forest",3,"continuous",117.0112,46.6382921666667,46.2002891472868
"goa",33,"random_forest",3,"continuous",10.1657,17.6481468,46.2002891472868
"goa",33,"random_forest",3,"continuous",10.2595,51.1487829166666,46.2002891472868
"goa",33,"random_forest",3,"continuous",9.3991,18.29453185,46.2002891472868
"goa",33,"random_forest",3,"continuous",11.4517,3.51904798928571,46.2002891472868
"goa",33,"random_forest",3,"continuous",311.7967,38.2896898833333,46.2002891472868
"goa",33,"random_forest",3,"continuous",2.3074,20.75465325,46.2002891472868
"goa",33,"random_forest",3,"continuous",37.4043,18.3840716166667,46.2002891472868
"goa",33,"random_forest",3,"continuous",57.9916,51.3470926988095,46.2002891472868
"goa",33,"random_forest",3,"continuous",302.9947,26.0749261,46.2002891472868
"goa",33,"random_forest",3,"continuous",1.9831,20.75465325,46.2002891472868
"goa",33,"random_forest",3,"continuous",43.7154,39.1468917833333,46.2002891472868
"goa",33,"random_forest",3,"continuous",4.0712,10.7469491166667,46.2002891472868
"goa",33,"random_forest",3,"continuous",5.9442,52.7795735666667,46.2002891472868
"goa",33,"random_forest",3,"continuous",106.4081,25.5365190142857,46.2002891472868
"goa",33,"random_forest",3,"continuous",98.8347,209.281658119048,46.2002891472868
"goa",33,"random_forest",3,"continuous",0.8235,15.9303999833333,46.2002891472868
"goa",33,"random_forest",3,"continuous",135.9286,11.8677858428571,46.2002891472868
"goa",33,"random_forest",3,"continuous",72.4716,25.5365190142857,46.2002891472868
"goa",33,"random_forest",3,"continuous",153.1987,198.758363658333,46.2002891472868
"goa",33,"random_forest",3,"continuous",6.8768,235.091040423016,46.2002891472868
"goa",33,"random_forest",3,"continuous",26.761,235.986780923016,46.2002891472868
"goa",33,"random_forest",3,"continuous",21.2925,31.1586927166667,46.2002891472868
"goa",33,"random_forest",3,"continuous",396.7223,33.7870162938034,46.2002891472868
"goa",33,"random_forest",3,"continuous",28.8673,38.2933216,46.2002891472868
"goa",33,"random_forest",3,"continuous",9.2421,13.9441172333333,46.2002891472868
"goa",33,"random_forest",3,"continuous",21.204,22.7052152,46.2002891472868
"goa",33,"random_forest",3,"continuous",936.2143,206.018795133333,46.2002891472868
"goa",33,"random_forest",3,"continuous",38.7155,78.7834698333333,46.2002891472868
"goa",33,"random_forest",3,"continuous",42.8714,182.138612664286,46.2002891472868
"goa",33,"random_forest",3,"continuous",22.5853,23.1187505202381,46.2002891472868
"goa",33,"random_forest",3,"continuous",41.9461,24.4156320833333,46.2002891472868
"goa",33,"random_forest",3,"continuous",13.4154,96.6318795785714,46.2002891472868
"goa",33,"random_forest",3,"continuous",0,1.15557368333333,46.2002891472868
"goa",33,"random_forest",3,"continuous",21.6062,93.4388492333333,46.2002891472868
"goa",33,"random_forest",3,"continuous",23.0324,193.640523678571,46.2002891472868
"goa",33,"random_forest",3,"continuous",61.3756,53.4386849452381,46.2002891472868
"goa",33,"random_forest",3,"continuous",46.9531,52.1773994142857,46.2002891472868
"goa",33,"random_forest",3,"continuous",13.5986,43.2719535761905,46.2002891472868
"goa",33,"random_forest",3,"continuous",24.9107,60.3870065,46.2002891472868
"goa",33,"random_forest",3,"continuous",22.9359,62.2419145333333,46.2002891472868
"goa",33,"random_forest",3,"continuous",51.5867,74.3233731666667,46.2002891472868
"goa",33,"random_forest",3,"continuous",1153.4535,64.9181209842436,46.2002891472868
"goa",33,"random_forest",3,"continuous",141.2234,13.4306330333333,46.2002891472868
"goa",33,"random_forest",3,"continuous",2.147,6.413869,46.2002891472868
"goa",33,"random_forest",3,"continuous",96.062,182.138612664286,46.2002891472868
"goa",33,"random_forest",3,"continuous",31.434,62.2419145333333,46.2002891472868
"goa",33,"random_forest",3,"continuous",0,1.7977354,46.2002891472868
"goa",33,"random_forest",3,"continuous",594.0336,57.01208905,46.2002891472868
"goa",33,"random_forest",3,"continuous",301.8775,132.477598527778,46.2002891472868
"goa",33,"random_forest",3,"continuous",0,3.56123171666667,46.2002891472868
"goa",33,"random_forest",3,"continuous",19.4767,5.8465675,46.2002891472868
"goa",33,"random_forest",3,"continuous",55.0582,13.3684323666667,46.2002891472868
"goa",33,"random_forest",3,"continuous",124.7311,52.5630331642857,46.2002891472868
"goa",33,"random_forest",3,"continuous",38.0306,78.7834698333333,46.2002891472868
"goa",33,"random_forest",3,"continuous",55.1524,167.018837946429,46.2002891472868
"goa",33,"random_forest",3,"continuous",0,14.9864214690476,46.2002891472868
"goa",33,"random_forest",3,"continuous",6.4415,4.12475072857143,46.2002891472868
"goa",33,"random_forest",3,"continuous",1.3176,4.12475072857143,46.2002891472868
"goa",33,"random_forest",3,"continuous",0,1.15557368333333,46.2002891472868
"goa",33,"random_forest",3,"continuous",78.4874,47.7262736333333,46.2002891472868
"goa",33,"random_forest",3,"continuous",80.9645,52.1773994142857,46.2002891472868
"goa",33,"random_forest",3,"continuous",834.5721,38.4604197559524,46.2002891472868
"goa",33,"random_forest",3,"continuous",0,44.8118865396826,46.2002891472868
"goa",33,"random_forest",3,"continuous",12.6763,133.398194833333,46.2002891472868
"goa",33,"random_forest",3,"continuous",3.0457,18.3788889,46.2002891472868
"goa",33,"random_forest",3,"continuous",58.5727,21.5517419166667,46.2002891472868
"goa",33,"random_forest",3,"continuous",19.7161,139.471600083333,46.2002891472868
"goa",33,"random_forest",3,"continuous",46.6751,209.281658119048,46.2002891472868
"goa",33,"random_forest",3,"continuous",99.1152,26.4533226333334,46.2002891472868
"goa",33,"random_forest",3,"continuous",0,4.16361113333333,46.2002891472868
"goa",33,"random_forest",3,"continuous",109.3259,31.9394656083334,46.2002891472868
"goa",33,"random_forest",3,"continuous",233.9074,64.374325847619,46.2002891472868
"goa",33,"random_forest",3,"continuous",14.1264,14.003851,46.2002891472868
"goa",33,"random_forest",3,"continuous",27.5185,182.138612664286,46.2002891472868
"goa",33,"random_forest",3,"continuous",56.0532,60.6762337666667,46.2002891472868
"goa",33,"random_forest",3,"continuous",9.4043,31.3538051666667,46.2002891472868
"goa",33,"random_forest",3,"continuous",43.1042,10.7469491166667,46.2002891472868
"goa",33,"random_forest",3,"continuous",5.7601,3.33142912142857,46.2002891472868
"goa",33,"random_forest",3,"continuous",212.0524,16.7444672285714,46.2002891472868
"goa",33,"random_forest",3,"continuous",33.4545,202.003083148809,46.2002891472868
"goa",33,"random_forest",3,"continuous",91.5687,28.1801052833333,46.2002891472868
"goa",33,"random_forest",3,"continuous",188.2875,29.7469004666667,46.2002891472868
"goa",33,"random_forest",3,"continuous",98.9499,14.003851,46.2002891472868
"goa",33,"random_forest",3,"continuous",11.3642,5.93995628333334,46.2002891472868
"goa",33,"random_forest",3,"continuous",131.6808,54.8194487833333,46.2002891472868
"goa",33,"random_forest",3,"continuous",0,1.03330033333333,46.2002891472868
"goa",33,"random_forest",3,"continuous",0,4.08284515119048,46.2002891472868
"goa",33,"random_forest",3,"continuous",37.1567,3.33142912142857,46.2002891472868
"goa",33,"random_forest",3,"continuous",0,5.28301293333333,46.2002891472868
"goa",33,"random_forest",3,"continuous",1.1439,122.86426345,46.2002891472868
"goa",33,"random_forest",3,"continuous",97.3791,65.6850587452381,46.2002891472868
"goa",33,"random_forest",3,"continuous",66.2755,74.7060752075397,46.2002891472868
"goa",33,"random_forest",3,"continuous",50.6755,6.16778146666667,46.2002891472868
"goa",33,"random_forest",3,"continuous",7.2721,24.4156320833333,46.2002891472868
"goa",33,"random_forest",3,"continuous",18.8363,20.4109480976191,46.2002891472868
"goa",33,"random_forest",3,"continuous",15.631,0.7860853,46.2002891472868
"goa",33,"random_forest",3,"continuous",7.6272,1.1580181,46.2002891472868
"goa",33,"random_forest",3,"continuous",0,1.2866689,46.2002891472868
"goa",33,"random_forest",4,"continuous",0,1.59384987857143,57.4379110831234
"goa",33,"random_forest",4,"continuous",0,9.03550951666666,57.4379110831234
"goa",33,"random_forest",4,"continuous",0,8.2258970313492,57.4379110831234
"goa",33,"random_forest",4,"continuous",0,44.9188793833333,57.4379110831234
"goa",33,"random_forest",4,"continuous",25.3078,21.67420425,57.4379110831234
"goa",33,"random_forest",4,"continuous",9.7141,20.6224638380952,57.4379110831234
"goa",33,"random_forest",4,"continuous",1.3049,8.2258970313492,57.4379110831234
"goa",33,"random_forest",4,"continuous",28.6968,55.0623711595238,57.4379110831234
"goa",33,"random_forest",4,"continuous",10.0478,88.1265375809524,57.4379110831234
"goa",33,"random_forest",4,"continuous",0,11.5533644,57.4379110831234
"goa",33,"random_forest",4,"continuous",22.8159,369.987717438095,57.4379110831234
"goa",33,"random_forest",4,"continuous",26.1647,5.84587296666666,57.4379110831234
"goa",33,"random_forest",4,"continuous",31.0748,17.21057425,57.4379110831234
"goa",33,"random_forest",4,"continuous",10.4632,52.8120994476191,57.4379110831234
"goa",33,"random_forest",4,"continuous",0,145.112346863889,57.4379110831234
"goa",33,"random_forest",4,"continuous",0,371.810607991667,57.4379110831234
"goa",33,"random_forest",4,"continuous",13.9273,28.296676275,57.4379110831234
"goa",33,"random_forest",4,"continuous",40.0496,52.2335916619048,57.4379110831234
"goa",33,"random_forest",4,"continuous",35.0147,82.2209059373016,57.4379110831234
"goa",33,"random_forest",4,"continuous",62.7416,141.84518165,57.4379110831234
"goa",33,"random_forest",4,"continuous",26.3363,344.0604337,57.4379110831234
"goa",33,"random_forest",4,"continuous",19.5108,369.987717438095,57.4379110831234
"goa",33,"random_forest",4,"continuous",82.634,344.0604337,57.4379110831234
"goa",33,"random_forest",4,"continuous",84.5855,83.5095573119047,57.4379110831234
"goa",33,"random_forest",4,"continuous",0,3.15531265833333,57.4379110831234
"goa",33,"random_forest",4,"continuous",7.603,48.6998478,57.4379110831234
"goa",33,"random_forest",4,"continuous",19.5616,109.638636383333,57.4379110831234
"goa",33,"random_forest",4,"continuous",307.4967,515.92736815,57.4379110831234
"goa",33,"random_forest",4,"continuous",101.1108,89.5445516833332,57.4379110831234
"goa",33,"random_forest",4,"continuous",385.051,91.8376628333333,57.4379110831234
"goa",33,"random_forest",4,"continuous",120.3135,13.4639106333333,57.4379110831234
"goa",33,"random_forest",4,"continuous",78.5435,121.966624331349,57.4379110831234
"goa",33,"random_forest",4,"continuous",65.5064,19.1120058035714,57.4379110831234
"goa",33,"random_forest",4,"continuous",122.5467,53.9100179642857,57.4379110831234
"goa",33,"random_forest",4,"continuous",2.3389,2.11759236666667,57.4379110831234
"goa",33,"random_forest",4,"continuous",0,3.1749244,57.4379110831234
"goa",33,"random_forest",4,"continuous",22.3627,25.1965876563492,57.4379110831234
"goa",33,"random_forest",4,"continuous",39.3448,44.9188793833333,57.4379110831234
"goa",33,"random_forest",4,"continuous",0,1.59384987857143,57.4379110831234
"goa",33,"random_forest",4,"continuous",24.1193,48.7009474,57.4379110831234
"goa",33,"random_forest",4,"continuous",43.8157,12.6267124666667,57.4379110831234
"goa",33,"random_forest",4,"continuous",18.4473,8.99257047857143,57.4379110831234
"goa",33,"random_forest",4,"continuous",0,218.106343576984,57.4379110831234
"goa",33,"random_forest",4,"continuous",0,5.42273781666667,57.4379110831234
"goa",33,"random_forest",4,"continuous",6.6492,37.0535223,57.4379110831234
"goa",33,"random_forest",4,"continuous",6.36,15.17988495,57.4379110831234
"goa",33,"random_forest",4,"continuous",19.1733,41.738026184127,57.4379110831234
"goa",33,"random_forest",4,"continuous",3.1576,1.56318907857143,57.4379110831234
"goa",33,"random_forest",4,"continuous",0,0.91284185,57.4379110831234
"goa",33,"random_forest",4,"continuous",30.4508,1.59384987857143,57.4379110831234
"goa",33,"random_forest",4,"continuous",0,3.19232786071428,57.4379110831234
"goa",33,"random_forest",4,"continuous",0,4.86988015,57.4379110831234
"goa",33,"random_forest",4,"continuous",0.4807,103.394744210714,57.4379110831234
"goa",33,"random_forest",4,"continuous",21.8932,53.9100179642857,57.4379110831234
"goa",33,"random_forest",4,"continuous",10.219,4.86988015,57.4379110831234
"goa",33,"random_forest",4,"continuous",154.547,58.6114825857143,57.4379110831234
"goa",33,"random_forest",4,"continuous",0,1.63542508333333,57.4379110831234
"goa",33,"random_forest",4,"continuous",0.0752,8.2258970313492,57.4379110831234
"goa",33,"random_forest",4,"continuous",70.2558,144.5465743,57.4379110831234
"goa",33,"random_forest",4,"continuous",0,1.89393116190476,57.4379110831234
"goa",33,"random_forest",4,"continuous",35.6525,163.907335080411,57.4379110831234
"goa",33,"random_forest",4,"continuous",2.2514,1.855344575,57.4379110831234
"goa",33,"random_forest",4,"continuous",8.5411,145.112346863889,57.4379110831234
"goa",33,"random_forest",4,"continuous",8.313,37.0535223,57.4379110831234
"goa",33,"random_forest",4,"continuous",43.0226,35.9213237285714,57.4379110831234
"goa",33,"random_forest",4,"continuous",0,10.9607661833333,57.4379110831234
"goa",33,"random_forest",4,"continuous",2.9227,8.58380698333333,57.4379110831234
"goa",33,"random_forest",4,"continuous",6.8407,0.1145086,57.4379110831234
"goa",33,"random_forest",4,"continuous",17.0813,37.0535223,57.4379110831234
"goa",33,"random_forest",4,"continuous",0,1.29684283333333,57.4379110831234
"goa",33,"random_forest",4,"continuous",39.5628,52.8120994476191,57.4379110831234
"goa",33,"random_forest",4,"continuous",391.9478,87.9187610714286,57.4379110831234
"goa",33,"random_forest",4,"continuous",13.6643,77.3165953650794,57.4379110831234
"goa",33,"random_forest",4,"continuous",7.3183,1.855344575,57.4379110831234
"goa",33,"random_forest",4,"continuous",0.7343,17.4667617,57.4379110831234
"goa",33,"random_forest",4,"continuous",130.7254,83.5095573119047,57.4379110831234
"goa",33,"random_forest",4,"continuous",1.8366,163.907335080411,57.4379110831234
"goa",33,"random_forest",4,"continuous",176.2184,369.987717438095,57.4379110831234
"goa",33,"random_forest",4,"continuous",5.9712,3.78672073571428,57.4379110831234
"goa",33,"random_forest",4,"continuous",0,0.91284185,57.4379110831234
"goa",33,"random_forest",4,"continuous",30.943,37.4950613555556,57.4379110831234
"goa",33,"random_forest",4,"continuous",0.6689,3.1749244,57.4379110831234
"goa",33,"random_forest",4,"continuous",12.2485,145.112346863889,57.4379110831234
"goa",33,"random_forest",4,"continuous",345.5682,89.5445516833332,57.4379110831234
"goa",33,"random_forest",4,"continuous",2.9014,51.8049945952381,57.4379110831234
"goa",33,"random_forest",4,"continuous",0,2.53233661666667,57.4379110831234
"goa",33,"random_forest",4,"continuous",5.3307,2.62829761666667,57.4379110831234
"goa",33,"random_forest",4,"continuous",9.5243,48.9789883547619,57.4379110831234
"goa",33,"random_forest",4,"continuous",6.9338,31.7013137063492,57.4379110831234
"goa",33,"random_forest",4,"continuous",0.6647,11.5533644,57.4379110831234
"goa",33,"random_forest",4,"continuous",9.7221,77.3165953650794,57.4379110831234
"goa",33,"random_forest",4,"continuous",1.546,52.8120994476191,57.4379110831234
"goa",33,"random_forest",4,"continuous",64.2741,19.1120058035714,57.4379110831234
"goa",33,"random_forest",4,"continuous",23.5081,369.987717438095,57.4379110831234
"goa",33,"random_forest",4,"continuous",3.3693,100.69398805,57.4379110831234
"goa",33,"random_forest",4,"continuous",3.7054,11.5533644,57.4379110831234
"goa",33,"random_forest",4,"continuous",18.7778,48.787896175,57.4379110831234
"goa",33,"random_forest",4,"continuous",14.7655,15.8000298,57.4379110831234
"goa",33,"random_forest",4,"continuous",287.6403,25.1965876563492,57.4379110831234
"goa",33,"random_forest",4,"continuous",13.7316,1.2632263,57.4379110831234
"goa",33,"random_forest",4,"continuous",0.976,2.27428423333333,57.4379110831234
"goa",33,"random_forest",4,"continuous",808.0714,51.7396670206349,57.4379110831234
"goa",33,"random_forest",4,"continuous",14.3939,5.12583171666667,57.4379110831234
"goa",33,"random_forest",5,"continuous",30.6639,62.2591495999999,60.3611975903614
"goa",33,"random_forest",5,"continuous",18.3207,55.144488772619,60.3611975903614
"goa",33,"random_forest",5,"continuous",64.7213,357.404653559524,60.3611975903614
"goa",33,"random_forest",5,"continuous",57.0843,82.0866904666667,60.3611975903614
"goa",33,"random_forest",5,"continuous",0,1.65274108333333,60.3611975903614
"goa",33,"random_forest",5,"continuous",25.8666,38.7811719,60.3611975903614
"goa",33,"random_forest",5,"continuous",85.4468,72.6893299833333,60.3611975903614
"goa",33,"random_forest",5,"continuous",31.6943,103.640479114286,60.3611975903614
"goa",33,"random_forest",5,"continuous",14.1454,36.5196667357143,60.3611975903614
"goa",33,"random_forest",5,"continuous",17.4125,219.78201275,60.3611975903614
"goa",33,"random_forest",5,"continuous",71.4521,37.2905854988095,60.3611975903614
"goa",33,"random_forest",5,"continuous",19.8659,10.8347141166667,60.3611975903614
"goa",33,"random_forest",5,"continuous",114.4116,216.8639672,60.3611975903614
"goa",33,"random_forest",5,"continuous",0.1344,269.15391715,60.3611975903614
"goa",33,"random_forest",5,"continuous",5.718,12.9728453666667,60.3611975903614
"goa",33,"random_forest",5,"continuous",59.9492,7.85405163571429,60.3611975903614
"goa",33,"random_forest",5,"continuous",93.0971,68.56036615,60.3611975903614
"goa",33,"random_forest",5,"continuous",131.3938,204.929646216667,60.3611975903614
"goa",33,"random_forest",5,"continuous",45.5903,36.3484319,60.3611975903614
"goa",33,"random_forest",5,"continuous",2.3232,10.6912162666667,60.3611975903614
"goa",33,"random_forest",5,"continuous",17.289,295.723404967064,60.3611975903614
"goa",33,"random_forest",5,"continuous",104.1167,36.5196667357143,60.3611975903614
"goa",33,"random_forest",5,"continuous",30.2118,35.5144211608225,60.3611975903614
"goa",33,"random_forest",5,"continuous",58.7572,20.4243985944444,60.3611975903614
"goa",33,"random_forest",5,"continuous",3.0307,403.12113705,60.3611975903614
"goa",33,"random_forest",5,"continuous",12.848,1.07366058333333,60.3611975903614
"goa",33,"random_forest",5,"continuous",10.0411,15.0370915642857,60.3611975903614
"goa",33,"random_forest",5,"continuous",0,2.61107236666667,60.3611975903614
"goa",33,"random_forest",5,"continuous",1.5337,27.1251671166667,60.3611975903614
"goa",33,"random_forest",5,"continuous",12.1244,0.85471235,60.3611975903614
"goa",33,"random_forest",5,"continuous",5.8105,6.76641698333334,60.3611975903614
"goa",33,"random_forest",5,"continuous",44.8735,48.3900191666667,60.3611975903614
"goa",33,"random_forest",5,"continuous",38.5649,37.2905854988095,60.3611975903614
"goa",33,"random_forest",5,"continuous",7.5202,88.5903897857142,60.3611975903614
"goa",33,"random_forest",5,"continuous",22.2468,39.0403835357143,60.3611975903614
"goa",33,"random_forest",5,"continuous",1.488,1.07366058333333,60.3611975903614
"goa",33,"random_forest",5,"continuous",0,1.10332431666667,60.3611975903614
"goa",33,"random_forest",5,"continuous",24.2166,68.56036615,60.3611975903614
"goa",33,"random_forest",5,"continuous",0,1.65274108333333,60.3611975903614
"goa",33,"random_forest",5,"continuous",56.3578,306.051465083333,60.3611975903614
"goa",33,"random_forest",5,"continuous",4.539,10.8347141166667,60.3611975903614
"goa",33,"random_forest",5,"continuous",61.3939,4.84312774047619,60.3611975903614
"goa",33,"random_forest",5,"continuous",22.3947,96.6593994452381,60.3611975903614
"goa",33,"random_forest",5,"continuous",0,0.57656275,60.3611975903614
"goa",33,"random_forest",5,"continuous",23.9065,39.8344776297619,60.3611975903614
"goa",33,"random_forest",5,"continuous",27.4279,2.70011963333333,60.3611975903614
"goa",33,"random_forest",5,"continuous",9.7452,173.017388483333,60.3611975903614
"goa",33,"random_forest",5,"continuous",20.4155,127.28951757381,60.3611975903614
"goa",33,"random_forest",5,"continuous",0.1332,34.3560001738095,60.3611975903614
"goa",33,"random_forest",5,"continuous",9.4111,11.1796237166667,60.3611975903614
"goa",33,"random_forest",5,"continuous",3.9324,30.17173755,60.3611975903614
"goa",33,"random_forest",5,"continuous",0,3.25952399098124,60.3611975903614
"goa",33,"random_forest",5,"continuous",6.2225,26.7517049833333,60.3611975903614
"goa",33,"random_forest",5,"continuous",7.0922,204.924019033333,60.3611975903614
"goa",33,"random_forest",5,"continuous",4.3646,3.74082579642857,60.3611975903614
"goa",33,"random_forest",5,"continuous",131.9522,12.3190468,60.3611975903614
"goa",33,"random_forest",5,"continuous",4.612,194.377895580952,60.3611975903614
"goa",33,"random_forest",5,"continuous",151.8197,40.4366246,60.3611975903614
"goa",33,"random_forest",5,"continuous",61.8847,36.3484319,60.3611975903614
"goa",33,"random_forest",5,"continuous",2.6861,1.10905983333333,60.3611975903614
"goa",33,"random_forest",5,"continuous",31.0716,42.68242855,60.3611975903614
"goa",33,"random_forest",5,"continuous",19.2936,10.6912162666667,60.3611975903614
"goa",33,"random_forest",5,"continuous",0,0.79182335,60.3611975903614
"goa",33,"random_forest",5,"continuous",80.3646,46.7052917166667,60.3611975903614
"goa",33,"random_forest",5,"continuous",18.043,47.7321928011905,60.3611975903614
"goa",33,"random_forest",5,"continuous",173.044,269.15391715,60.3611975903614
"goa",33,"random_forest",5,"continuous",0,1.10905983333333,60.3611975903614
"goa",33,"random_forest",5,"continuous",0.4466,0.657934616666667,60.3611975903614
"goa",33,"random_forest",5,"continuous",12.9297,27.14906405,60.3611975903614
"goa",33,"random_forest",5,"continuous",0.0231,12.9728453666667,60.3611975903614
"goa",33,"random_forest",5,"continuous",10.5208,32.36863265,60.3611975903614
"goa",33,"random_forest",5,"continuous",36.1595,16.3505191666667,60.3611975903614
"goa",33,"random_forest",5,"continuous",7.2206,0.45267615,60.3611975903614
"goa",33,"random_forest",5,"continuous",128.776,219.78201275,60.3611975903614
"goa",33,"random_forest",5,"continuous",16.0957,14.17178285,60.3611975903614
"goa",33,"random_forest",5,"continuous",16.2148,27.14906405,60.3611975903614
"goa",33,"random_forest",5,"continuous",1.6588,0.576124166666667,60.3611975903614
"goa",33,"random_forest",5,"continuous",5.0841,5.14392663333334,60.3611975903614
"goa",33,"random_forest",5,"continuous",19.0893,1.07366058333333,60.3611975903614
"goa",33,"random_forest",5,"continuous",24.8627,37.0473407833333,60.3611975903614
"goa",33,"random_forest",5,"continuous",7.2996,0.353353466666666,60.3611975903614
"goa",33,"random_forest",5,"continuous",9.5641,8.08630656666666,60.3611975903614
"goa",33,"random_forest",5,"continuous",0.3572,0.7407143,60.3611975903614
"goa",33,"random_forest",5,"continuous",24.2615,39.0403835357143,60.3611975903614
"goa",33,"random_forest",5,"continuous",0,24.5416132511905,60.3611975903614
"goa",33,"xgboost",1,"continuous",0,0.492987066507339,59.5517916876574
"goa",33,"xgboost",1,"continuous",6.5059,32.607349395752,59.5517916876574
"goa",33,"xgboost",1,"continuous",20.7484,88.9011993408203,59.5517916876574
"goa",33,"xgboost",1,"continuous",3.4258,3.22637510299683,59.5517916876574
"goa",33,"xgboost",1,"continuous",8.4797,159.220520019531,59.5517916876574
"goa",33,"xgboost",1,"continuous",63.7188,31.1344947814941,59.5517916876574
"goa",33,"xgboost",1,"continuous",1.1565,9.06901741027832,59.5517916876574
"goa",33,"xgboost",1,"continuous",43.5046,17.4115924835205,59.5517916876574
"goa",33,"xgboost",1,"continuous",3.5064,22.8478717803955,59.5517916876574
"goa",33,"xgboost",1,"continuous",0,0.492987066507339,59.5517916876574
"goa",33,"xgboost",1,"continuous",32.9726,67.4472198486328,59.5517916876574
"goa",33,"xgboost",1,"continuous",1.8927,2.88084006309509,59.5517916876574
"goa",33,"xgboost",1,"continuous",10.1555,26.1800270080566,59.5517916876574
"goa",33,"xgboost",1,"continuous",1.3243,32.607349395752,59.5517916876574
"goa",33,"xgboost",1,"continuous",29.1366,271.133361816406,59.5517916876574
"goa",33,"xgboost",1,"continuous",0,306.697601318359,59.5517916876574
"goa",33,"xgboost",1,"continuous",0,8.85582256317139,59.5517916876574
"goa",33,"xgboost",1,"continuous",24.0571,112.708908081055,59.5517916876574
"goa",33,"xgboost",1,"continuous",56.9712,53.4950866699219,59.5517916876574
"goa",33,"xgboost",1,"continuous",107.5302,235.337799072266,59.5517916876574
"goa",33,"xgboost",1,"continuous",21.9335,24.1818237304688,59.5517916876574
"goa",33,"xgboost",1,"continuous",8.6668,32.607349395752,59.5517916876574
"goa",33,"xgboost",1,"continuous",42.2079,21.1145610809326,59.5517916876574
"goa",33,"xgboost",1,"continuous",21.638,29.6960487365723,59.5517916876574
"goa",33,"xgboost",1,"continuous",109.4013,175.731231689453,59.5517916876574
"goa",33,"xgboost",1,"continuous",0.2749,9.76803970336914,59.5517916876574
"goa",33,"xgboost",1,"continuous",0.0314,12.0520248413086,59.5517916876574
"goa",33,"xgboost",1,"continuous",49.5557,8.39506340026855,59.5517916876574
"goa",33,"xgboost",1,"continuous",1.9508,0.460552364587784,59.5517916876574
"goa",33,"xgboost",1,"continuous",1.6681,9.76803970336914,59.5517916876574
"goa",33,"xgboost",1,"continuous",11.0499,306.697601318359,59.5517916876574
"goa",33,"xgboost",1,"continuous",2.6545,22.8478717803955,59.5517916876574
"goa",33,"xgboost",1,"continuous",4.1351,11.7443494796753,59.5517916876574
"goa",33,"xgboost",1,"continuous",1.6447,9.76803970336914,59.5517916876574
"goa",33,"xgboost",1,"continuous",17.4874,58.8968772888184,59.5517916876574
"goa",33,"xgboost",1,"continuous",84.3691,128.490768432617,59.5517916876574
"goa",33,"xgboost",1,"continuous",144.6887,69.8778076171875,59.5517916876574
"goa",33,"xgboost",1,"continuous",123.2541,1.9455007314682,59.5517916876574
"goa",33,"xgboost",1,"continuous",1.9678,7.43440198898315,59.5517916876574
"goa",33,"xgboost",1,"continuous",24.4489,60.8466033935547,59.5517916876574
"goa",33,"xgboost",1,"continuous",3.7365,10.7928314208984,59.5517916876574
"goa",33,"xgboost",1,"continuous",51.5987,32.2225379943848,59.5517916876574
"goa",33,"xgboost",1,"continuous",5.4433,12.7192821502686,59.5517916876574
"goa",33,"xgboost",1,"continuous",0.0722,1.04334139823914,59.5517916876574
"goa",33,"xgboost",1,"continuous",45.7868,8.95205783843994,59.5517916876574
"goa",33,"xgboost",1,"continuous",52.3303,44.511833190918,59.5517916876574
"goa",33,"xgboost",1,"continuous",8.242,184.559860229492,59.5517916876574
"goa",33,"xgboost",1,"continuous",6.7374,11.7443494796753,59.5517916876574
"goa",33,"xgboost",1,"continuous",1.1912,109.541213989258,59.5517916876574
"goa",33,"xgboost",1,"continuous",9.0688,4.06753253936768,59.5517916876574
"goa",33,"xgboost",1,"continuous",6.7062,54.3645324707031,59.5517916876574
"goa",33,"xgboost",1,"continuous",31.8989,70.8272705078125,59.5517916876574
"goa",33,"xgboost",1,"continuous",21.9825,0.460552364587784,59.5517916876574
"goa",33,"xgboost",1,"continuous",8.7701,111.8955078125,59.5517916876574
"goa",33,"xgboost",1,"continuous",2.2407,1.65382289886475,59.5517916876574
"goa",33,"xgboost",1,"continuous",129.4165,42.1629867553711,59.5517916876574
"goa",33,"xgboost",1,"continuous",0.8386,3.06455254554749,59.5517916876574
"goa",33,"xgboost",1,"continuous",18.0812,60.8466033935547,59.5517916876574
"goa",33,"xgboost",1,"continuous",0,11.4492530822754,59.5517916876574
"goa",33,"xgboost",1,"continuous",0,0.631708443164825,59.5517916876574
"goa",33,"xgboost",1,"continuous",174.0796,155.637603759766,59.5517916876574
"goa",33,"xgboost",1,"continuous",0.6223,1.79978704452515,59.5517916876574
"goa",33,"xgboost",1,"continuous",180.0364,205.26708984375,59.5517916876574
"goa",33,"xgboost",1,"continuous",30.6219,4.06753253936768,59.5517916876574
"goa",33,"xgboost",1,"continuous",36.441,86.7480392456055,59.5517916876574
"goa",33,"xgboost",1,"continuous",61.5538,72.7318649291992,59.5517916876574
"goa",33,"xgboost",1,"continuous",2.1238,1.65382289886475,59.5517916876574
"goa",33,"xgboost",1,"continuous",39.3556,93.7070083618164,59.5517916876574
"goa",33,"xgboost",1,"continuous",14.8056,78.1876678466797,59.5517916876574
"goa",33,"xgboost",1,"continuous",48.8392,184.559860229492,59.5517916876574
"goa",33,"xgboost",1,"continuous",175.5409,95.4651412963867,59.5517916876574
"goa",33,"xgboost",1,"continuous",2.3076,306.697601318359,59.5517916876574
"goa",33,"xgboost",1,"continuous",0,1.04334139823914,59.5517916876574
"goa",33,"xgboost",1,"continuous",112.0547,227.559661865234,59.5517916876574
"goa",33,"xgboost",1,"continuous",69.3453,11.0538473129272,59.5517916876574
"goa",33,"xgboost",1,"continuous",494.7127,64.7696151733398,59.5517916876574
"goa",33,"xgboost",1,"continuous",3.6427,235.337799072266,59.5517916876574
"goa",33,"xgboost",1,"continuous",45.7757,44.7539672851562,59.5517916876574
"goa",33,"xgboost",1,"continuous",22.6695,306.697601318359,59.5517916876574
"goa",33,"xgboost",1,"continuous",35.6304,159.220520019531,59.5517916876574
"goa",33,"xgboost",1,"continuous",16.1682,93.7070083618164,59.5517916876574
"goa",33,"xgboost",1,"continuous",19.1639,95.4651412963867,59.5517916876574
"goa",33,"xgboost",1,"continuous",0.6232,1.65382289886475,59.5517916876574
"goa",33,"xgboost",1,"continuous",45.2617,17.4115924835205,59.5517916876574
"goa",33,"xgboost",1,"continuous",83.1352,60.8466033935547,59.5517916876574
"goa",33,"xgboost",1,"continuous",54.3956,26.1800270080566,59.5517916876574
"goa",33,"xgboost",1,"continuous",5.209,1.06297159194946,59.5517916876574
"goa",33,"xgboost",1,"continuous",0.8887,1.88002872467041,59.5517916876574
"goa",33,"xgboost",1,"continuous",15.1962,70.8272705078125,59.5517916876574
"goa",33,"xgboost",1,"continuous",2.5034,27.7841300964355,59.5517916876574
"goa",33,"xgboost",1,"continuous",10.8098,0.492987066507339,59.5517916876574
"goa",33,"xgboost",1,"continuous",7.9787,40.593204498291,59.5517916876574
"goa",33,"xgboost",1,"continuous",0.4758,40.2400894165039,59.5517916876574
"goa",33,"xgboost",1,"continuous",6.9596,312.873901367188,59.5517916876574
"goa",33,"xgboost",1,"continuous",29.327,8.03675270080566,59.5517916876574
"goa",33,"xgboost",1,"continuous",14.6888,4.6082181930542,59.5517916876574
"goa",33,"xgboost",1,"continuous",0,3.22637510299683,59.5517916876574
"goa",33,"xgboost",1,"continuous",2.7397,0.631708443164825,59.5517916876574
"goa",33,"xgboost",1,"continuous",24.7697,11.7443494796753,59.5517916876574
"goa",33,"xgboost",1,"continuous",17.9743,378.50830078125,59.5517916876574
"goa",33,"xgboost",1,"continuous",530.102,378.50830078125,59.5517916876574
"goa",33,"xgboost",1,"continuous",4.6248,29.3262557983398,59.5517916876574
"goa",33,"xgboost",1,"continuous",9.0615,111.8955078125,59.5517916876574
"goa",33,"xgboost",2,"continuous",9.1352,12.2705898284912,51.9104294554455
"goa",33,"xgboost",2,"continuous",3.6564,15.2149305343628,51.9104294554455
"goa",33,"xgboost",2,"continuous",0.1627,118.492286682129,51.9104294554455
"goa",33,"xgboost",2,"continuous",60.5269,20.8765678405762,51.9104294554455
"goa",33,"xgboost",2,"continuous",0.8595,56.2350082397461,51.9104294554455
"goa",33,"xgboost",2,"continuous",4.8496,48.789623260498,51.9104294554455
"goa",33,"xgboost",2,"continuous",62.8808,8.83900356292725,51.9104294554455
"goa",33,"xgboost",2,"continuous",0.0335,0.869885504245758,51.9104294554455
"goa",33,"xgboost",2,"continuous",0,10.532299041748,51.9104294554455
"goa",33,"xgboost",2,"continuous",1.7306,22.6352119445801,51.9104294554455
"goa",33,"xgboost",2,"continuous",9.9817,135.593002319336,51.9104294554455
"goa",33,"xgboost",2,"continuous",0.4989,8.70179843902588,51.9104294554455
"goa",33,"xgboost",2,"continuous",6.3187,2.71306943893433,51.9104294554455
"goa",33,"xgboost",2,"continuous",55.8054,8.35348796844482,51.9104294554455
"goa",33,"xgboost",2,"continuous",44.2584,50.8287811279297,51.9104294554455
"goa",33,"xgboost",2,"continuous",0,4.67253684997559,51.9104294554455
"goa",33,"xgboost",2,"continuous",0.4426,23.6926918029785,51.9104294554455
"goa",33,"xgboost",2,"continuous",2.6175,37.6250343322754,51.9104294554455
"goa",33,"xgboost",2,"continuous",0.2319,2.86179876327515,51.9104294554455
"goa",33,"xgboost",2,"continuous",16.9504,10.8454685211182,51.9104294554455
"goa",33,"xgboost",2,"continuous",922.0797,6.77339887619019,51.9104294554455
"goa",33,"xgboost",2,"continuous",45.4167,10.0834951400757,51.9104294554455
"goa",33,"xgboost",2,"continuous",67.7677,306.809753417969,51.9104294554455
"goa",33,"xgboost",2,"continuous",16.4935,55.7279624938965,51.9104294554455
"goa",33,"xgboost",2,"continuous",2.2323,76.6834182739258,51.9104294554455
"goa",33,"xgboost",2,"continuous",0,129.846984863281,51.9104294554455
"goa",33,"xgboost",2,"continuous",5.4657,113.467300415039,51.9104294554455
"goa",33,"xgboost",2,"continuous",0,29.9305725097656,51.9104294554455
"goa",33,"xgboost",2,"continuous",0.977,9.9674596786499,51.9104294554455
"goa",33,"xgboost",2,"continuous",50.8456,68.0093460083008,51.9104294554455
"goa",33,"xgboost",2,"continuous",64.9775,30.0381298065186,51.9104294554455
"goa",33,"xgboost",2,"continuous",34.7283,32.514575958252,51.9104294554455
"goa",33,"xgboost",2,"continuous",63.5263,38.9498176574707,51.9104294554455
"goa",33,"xgboost",2,"continuous",18.3791,10.0834951400757,51.9104294554455
"goa",33,"xgboost",2,"continuous",83.2018,52.0374412536621,51.9104294554455
"goa",33,"xgboost",2,"continuous",24.5887,10.0834951400757,51.9104294554455
"goa",33,"xgboost",2,"continuous",0.0227,5.18690490722656,51.9104294554455
"goa",33,"xgboost",2,"continuous",9.7929,56.0113296508789,51.9104294554455
"goa",33,"xgboost",2,"continuous",73.6718,48.789623260498,51.9104294554455
"goa",33,"xgboost",2,"continuous",45.5932,21.0553035736084,51.9104294554455
"goa",33,"xgboost",2,"continuous",16.2659,76.6834182739258,51.9104294554455
"goa",33,"xgboost",2,"continuous",4.1609,0.869885504245758,51.9104294554455
"goa",33,"xgboost",2,"continuous",0,0.869885504245758,51.9104294554455
"goa",33,"xgboost",2,"continuous",4.572,9.54250812530518,51.9104294554455
"goa",33,"xgboost",2,"continuous",4.3322,3.08278632164001,51.9104294554455
"goa",33,"xgboost",2,"continuous",5.1641,1.99538445472717,51.9104294554455
"goa",33,"xgboost",2,"continuous",50.6502,113.467300415039,51.9104294554455
"goa",33,"xgboost",2,"continuous",37.302,10.9162559509277,51.9104294554455
"goa",33,"xgboost",2,"continuous",2.8581,61.1807022094727,51.9104294554455
"goa",33,"xgboost",2,"continuous",17.0061,33.4667472839355,51.9104294554455
"goa",33,"xgboost",2,"continuous",20.6832,104.85555267334,51.9104294554455
"goa",33,"xgboost",2,"continuous",3.3854,10.266261100769,51.9104294554455
"goa",33,"xgboost",2,"continuous",0.556,5.87140130996704,51.9104294554455
"goa",33,"xgboost",2,"continuous",1.9319,18.5700397491455,51.9104294554455
"goa",33,"xgboost",2,"continuous",0.1045,76.6834182739258,51.9104294554455
"goa",33,"xgboost",2,"continuous",9.2768,21.7970409393311,51.9104294554455
"goa",33,"xgboost",2,"continuous",728.509,55.7279624938965,51.9104294554455
"goa",33,"xgboost",2,"continuous",102.6339,56.2350082397461,51.9104294554455
"goa",33,"xgboost",2,"continuous",193.4787,17.765380859375,51.9104294554455
"goa",33,"xgboost",2,"continuous",50.2533,22.6352119445801,51.9104294554455
"goa",33,"xgboost",2,"continuous",16.9012,32.3125190734863,51.9104294554455
"goa",33,"xgboost",2,"continuous",13.7633,297.212554931641,51.9104294554455
"goa",33,"xgboost",2,"continuous",56.313,29.9305725097656,51.9104294554455
"goa",33,"xgboost",2,"continuous",47.6208,5.12444877624512,51.9104294554455
"goa",33,"xgboost",2,"continuous",1137.0552,136.629409790039,51.9104294554455
"goa",33,"xgboost",2,"continuous",107.649,29.9305725097656,51.9104294554455
"goa",33,"xgboost",2,"continuous",22.2549,9.9674596786499,51.9104294554455
"goa",33,"xgboost",2,"continuous",66.4922,55.6233787536621,51.9104294554455
"goa",33,"xgboost",2,"continuous",1.4417,3.91490840911865,51.9104294554455
"goa",33,"xgboost",2,"continuous",20.3936,55.7279624938965,51.9104294554455
"goa",33,"xgboost",2,"continuous",101.2841,26.6599884033203,51.9104294554455
"goa",33,"xgboost",2,"continuous",212.6102,40.267993927002,51.9104294554455
"goa",33,"xgboost",2,"continuous",44.894,59.4946670532227,51.9104294554455
"goa",33,"xgboost",2,"continuous",314.83,9.9747200012207,51.9104294554455
"goa",33,"xgboost",2,"continuous",33.9485,306.809753417969,51.9104294554455
"goa",33,"xgboost",2,"continuous",332.9622,121.925491333008,51.9104294554455
"goa",33,"xgboost",2,"continuous",40.908,56.0113296508789,51.9104294554455
"goa",33,"xgboost",2,"continuous",0,3.08278632164001,51.9104294554455
"goa",33,"xgboost",2,"continuous",164.6786,58.2615356445312,51.9104294554455
"goa",33,"xgboost",2,"continuous",22.6242,37.6250343322754,51.9104294554455
"goa",33,"xgboost",2,"continuous",0,10.154185295105,51.9104294554455
"goa",33,"xgboost",2,"continuous",22.9798,10.0834951400757,51.9104294554455
"goa",33,"xgboost",2,"continuous",64.1688,52.0374412536621,51.9104294554455
"goa",33,"xgboost",2,"continuous",189.1297,10.532299041748,51.9104294554455
"goa",33,"xgboost",2,"continuous",13.9397,55.1099433898926,51.9104294554455
"goa",33,"xgboost",2,"continuous",175.1373,48.1546592712402,51.9104294554455
"goa",33,"xgboost",2,"continuous",7.0672,5.12444877624512,51.9104294554455
"goa",33,"xgboost",2,"continuous",5.4954,47.7477684020996,51.9104294554455
"goa",33,"xgboost",2,"continuous",46.9061,20.8765678405762,51.9104294554455
"goa",33,"xgboost",2,"continuous",0,8.35348796844482,51.9104294554455
"goa",33,"xgboost",2,"continuous",6.9348,12.3869981765747,51.9104294554455
"goa",33,"xgboost",2,"continuous",77.0548,69.5970993041992,51.9104294554455
"goa",33,"xgboost",2,"continuous",15.7402,37.6250343322754,51.9104294554455
"goa",33,"xgboost",2,"continuous",95.5371,98.1803817749023,51.9104294554455
"goa",33,"xgboost",2,"continuous",29.0522,7.96505403518677,51.9104294554455
"goa",33,"xgboost",2,"continuous",43.1269,28.4367771148682,51.9104294554455
"goa",33,"xgboost",3,"continuous",0,158.687088012695,46.2002891472868
"goa",33,"xgboost",3,"continuous",279.3257,69.910041809082,46.2002891472868
"goa",33,"xgboost",3,"continuous",29.6249,63.6365928649902,46.2002891472868
"goa",33,"xgboost",3,"continuous",0,3.55137276649475,46.2002891472868
"goa",33,"xgboost",3,"continuous",80.5198,47.9922370910645,46.2002891472868
"goa",33,"xgboost",3,"continuous",167.5239,21.9864902496338,46.2002891472868
"goa",33,"xgboost",3,"continuous",6.1045,2.06465816497803,46.2002891472868
"goa",33,"xgboost",3,"continuous",32.0052,53.9985427856445,46.2002891472868
"goa",33,"xgboost",3,"continuous",18.5036,53.9985427856445,46.2002891472868
"goa",33,"xgboost",3,"continuous",90.1864,104.864631652832,46.2002891472868
"goa",33,"xgboost",3,"continuous",128.6797,75.9154815673828,46.2002891472868
"goa",33,"xgboost",3,"continuous",18.9675,37.3767127990723,46.2002891472868
"goa",33,"xgboost",3,"continuous",46.811,70.2874374389648,46.2002891472868
"goa",33,"xgboost",3,"continuous",19.0758,43.7202415466309,46.2002891472868
"goa",33,"xgboost",3,"continuous",117.0112,13.3636646270752,46.2002891472868
"goa",33,"xgboost",3,"continuous",10.1657,8.80286693572998,46.2002891472868
"goa",33,"xgboost",3,"continuous",10.2595,27.904426574707,46.2002891472868
"goa",33,"xgboost",3,"continuous",9.3991,8.37943363189697,46.2002891472868
"goa",33,"xgboost",3,"continuous",11.4517,2.28989768028259,46.2002891472868
"goa",33,"xgboost",3,"continuous",311.7967,38.7924461364746,46.2002891472868
"goa",33,"xgboost",3,"continuous",2.3074,15.9683694839478,46.2002891472868
"goa",33,"xgboost",3,"continuous",37.4043,5.9488000869751,46.2002891472868
"goa",33,"xgboost",3,"continuous",57.9916,53.9985427856445,46.2002891472868
"goa",33,"xgboost",3,"continuous",302.9947,16.9876861572266,46.2002891472868
"goa",33,"xgboost",3,"continuous",1.9831,15.9683694839478,46.2002891472868
"goa",33,"xgboost",3,"continuous",43.7154,69.910041809082,46.2002891472868
"goa",33,"xgboost",3,"continuous",4.0712,4.2668719291687,46.2002891472868
"goa",33,"xgboost",3,"continuous",5.9442,60.3315582275391,46.2002891472868
"goa",33,"xgboost",3,"continuous",106.4081,24.9936485290527,46.2002891472868
"goa",33,"xgboost",3,"continuous",98.8347,151.298980712891,46.2002891472868
"goa",33,"xgboost",3,"continuous",0.8235,7.61307048797607,46.2002891472868
"goa",33,"xgboost",3,"continuous",135.9286,12.6639289855957,46.2002891472868
"goa",33,"xgboost",3,"continuous",72.4716,24.9936485290527,46.2002891472868
"goa",33,"xgboost",3,"continuous",153.1987,209.620040893555,46.2002891472868
"goa",33,"xgboost",3,"continuous",6.8768,254.620788574219,46.2002891472868
"goa",33,"xgboost",3,"continuous",26.761,151.298980712891,46.2002891472868
"goa",33,"xgboost",3,"continuous",21.2925,43.6708869934082,46.2002891472868
"goa",33,"xgboost",3,"continuous",396.7223,31.0747966766357,46.2002891472868
"goa",33,"xgboost",3,"continuous",28.8673,34.8014335632324,46.2002891472868
"goa",33,"xgboost",3,"continuous",9.2421,17.2269897460938,46.2002891472868
"goa",33,"xgboost",3,"continuous",21.204,18.8394374847412,46.2002891472868
"goa",33,"xgboost",3,"continuous",936.2143,301.087677001953,46.2002891472868
"goa",33,"xgboost",3,"continuous",38.7155,89.1205902099609,46.2002891472868
"goa",33,"xgboost",3,"continuous",42.8714,24.9936485290527,46.2002891472868
"goa",33,"xgboost",3,"continuous",22.5853,23.9326877593994,46.2002891472868
"goa",33,"xgboost",3,"continuous",41.9461,16.0600337982178,46.2002891472868
"goa",33,"xgboost",3,"continuous",13.4154,158.985565185547,46.2002891472868
"goa",33,"xgboost",3,"continuous",0,0.619791805744171,46.2002891472868
"goa",33,"xgboost",3,"continuous",21.6062,7.62895965576172,46.2002891472868
"goa",33,"xgboost",3,"continuous",23.0324,205.308303833008,46.2002891472868
"goa",33,"xgboost",3,"continuous",61.3756,64.1931533813477,46.2002891472868
"goa",33,"xgboost",3,"continuous",46.9531,57.5780220031738,46.2002891472868
"goa",33,"xgboost",3,"continuous",13.5986,4.22636413574219,46.2002891472868
"goa",33,"xgboost",3,"continuous",24.9107,58.0177154541016,46.2002891472868
"goa",33,"xgboost",3,"continuous",22.9359,54.8942832946777,46.2002891472868
"goa",33,"xgboost",3,"continuous",51.5867,73.4320831298828,46.2002891472868
"goa",33,"xgboost",3,"continuous",1153.4535,60.2106628417969,46.2002891472868
"goa",33,"xgboost",3,"continuous",141.2234,11.5543460845947,46.2002891472868
"goa",33,"xgboost",3,"continuous",2.147,2.06465816497803,46.2002891472868
"goa",33,"xgboost",3,"continuous",96.062,24.9936485290527,46.2002891472868
"goa",33,"xgboost",3,"continuous",31.434,54.8942832946777,46.2002891472868
"goa",33,"xgboost",3,"continuous",0,1.58873009681702,46.2002891472868
"goa",33,"xgboost",3,"continuous",594.0336,57.9822959899902,46.2002891472868
"goa",33,"xgboost",3,"continuous",301.8775,144.304321289062,46.2002891472868
"goa",33,"xgboost",3,"continuous",0,3.55268430709839,46.2002891472868
"goa",33,"xgboost",3,"continuous",19.4767,6.57709264755249,46.2002891472868
"goa",33,"xgboost",3,"continuous",55.0582,13.2258167266846,46.2002891472868
"goa",33,"xgboost",3,"continuous",124.7311,38.7924461364746,46.2002891472868
"goa",33,"xgboost",3,"continuous",38.0306,89.1205902099609,46.2002891472868
"goa",33,"xgboost",3,"continuous",55.1524,209.620040893555,46.2002891472868
"goa",33,"xgboost",3,"continuous",0,11.3090295791626,46.2002891472868
"goa",33,"xgboost",3,"continuous",6.4415,6.48040676116943,46.2002891472868
"goa",33,"xgboost",3,"continuous",1.3176,6.48040676116943,46.2002891472868
"goa",33,"xgboost",3,"continuous",0,0.619791805744171,46.2002891472868
"goa",33,"xgboost",3,"continuous",78.4874,21.3115558624268,46.2002891472868
"goa",33,"xgboost",3,"continuous",80.9645,57.5780220031738,46.2002891472868
"goa",33,"xgboost",3,"continuous",834.5721,37.5532455444336,46.2002891472868
"goa",33,"xgboost",3,"continuous",0,40.7190742492676,46.2002891472868
"goa",33,"xgboost",3,"continuous",12.6763,69.6911697387695,46.2002891472868
"goa",33,"xgboost",3,"continuous",3.0457,19.7009811401367,46.2002891472868
"goa",33,"xgboost",3,"continuous",58.5727,17.9869327545166,46.2002891472868
"goa",33,"xgboost",3,"continuous",19.7161,151.880218505859,46.2002891472868
"goa",33,"xgboost",3,"continuous",46.6751,151.298980712891,46.2002891472868
"goa",33,"xgboost",3,"continuous",99.1152,31.4032192230225,46.2002891472868
"goa",33,"xgboost",3,"continuous",0,3.55137276649475,46.2002891472868
"goa",33,"xgboost",3,"continuous",109.3259,5.21665048599243,46.2002891472868
"goa",33,"xgboost",3,"continuous",233.9074,69.0481185913086,46.2002891472868
"goa",33,"xgboost",3,"continuous",14.1264,15.7602033615112,46.2002891472868
"goa",33,"xgboost",3,"continuous",27.5185,24.9936485290527,46.2002891472868
"goa",33,"xgboost",3,"continuous",56.0532,90.9472045898438,46.2002891472868
"goa",33,"xgboost",3,"continuous",9.4043,21.9864902496338,46.2002891472868
"goa",33,"xgboost",3,"continuous",43.1042,4.2668719291687,46.2002891472868
"goa",33,"xgboost",3,"continuous",5.7601,20.9352645874023,46.2002891472868
"goa",33,"xgboost",3,"continuous",212.0524,15.2678279876709,46.2002891472868
"goa",33,"xgboost",3,"continuous",33.4545,160.834320068359,46.2002891472868
"goa",33,"xgboost",3,"continuous",91.5687,24.6320686340332,46.2002891472868
"goa",33,"xgboost",3,"continuous",188.2875,30.3756618499756,46.2002891472868
"goa",33,"xgboost",3,"continuous",98.9499,15.7602033615112,46.2002891472868
"goa",33,"xgboost",3,"continuous",11.3642,4.2668719291687,46.2002891472868
"goa",33,"xgboost",3,"continuous",131.6808,53.5193710327148,46.2002891472868
"goa",33,"xgboost",3,"continuous",0,1.58873009681702,46.2002891472868
"goa",33,"xgboost",3,"continuous",0,3.1371922492981,46.2002891472868
"goa",33,"xgboost",3,"continuous",37.1567,20.9352645874023,46.2002891472868
"goa",33,"xgboost",3,"continuous",0,2.59254574775696,46.2002891472868
"goa",33,"xgboost",3,"continuous",1.1439,69.6911697387695,46.2002891472868
"goa",33,"xgboost",3,"continuous",97.3791,70.2874374389648,46.2002891472868
"goa",33,"xgboost",3,"continuous",66.2755,69.910041809082,46.2002891472868
"goa",33,"xgboost",3,"continuous",50.6755,6.57998609542847,46.2002891472868
"goa",33,"xgboost",3,"continuous",7.2721,16.0600337982178,46.2002891472868
"goa",33,"xgboost",3,"continuous",18.8363,2.56591486930847,46.2002891472868
"goa",33,"xgboost",3,"continuous",15.631,1.58873009681702,46.2002891472868
"goa",33,"xgboost",3,"continuous",7.6272,1.58873009681702,46.2002891472868
"goa",33,"xgboost",3,"continuous",0,1.58873009681702,46.2002891472868
"goa",33,"xgboost",4,"continuous",0,1.91920053958893,57.4379110831234
"goa",33,"xgboost",4,"continuous",0,4.64048957824707,57.4379110831234
"goa",33,"xgboost",4,"continuous",0,8.20916843414307,57.4379110831234
"goa",33,"xgboost",4,"continuous",0,126.491035461426,57.4379110831234
"goa",33,"xgboost",4,"continuous",25.3078,27.9122524261475,57.4379110831234
"goa",33,"xgboost",4,"continuous",9.7141,18.6418552398682,57.4379110831234
"goa",33,"xgboost",4,"continuous",1.3049,8.20916843414307,57.4379110831234
"goa",33,"xgboost",4,"continuous",28.6968,54.1029968261719,57.4379110831234
"goa",33,"xgboost",4,"continuous",10.0478,111.241279602051,57.4379110831234
"goa",33,"xgboost",4,"continuous",0,3.03880167007446,57.4379110831234
"goa",33,"xgboost",4,"continuous",22.8159,423.709442138672,57.4379110831234
"goa",33,"xgboost",4,"continuous",26.1647,4.5720911026001,57.4379110831234
"goa",33,"xgboost",4,"continuous",31.0748,20.1925983428955,57.4379110831234
"goa",33,"xgboost",4,"continuous",10.4632,47.4817848205566,57.4379110831234
"goa",33,"xgboost",4,"continuous",0,3.07739877700806,57.4379110831234
"goa",33,"xgboost",4,"continuous",0,420.590118408203,57.4379110831234
"goa",33,"xgboost",4,"continuous",13.9273,21.800651550293,57.4379110831234
"goa",33,"xgboost",4,"continuous",40.0496,53.9162368774414,57.4379110831234
"goa",33,"xgboost",4,"continuous",35.0147,81.8391952514648,57.4379110831234
"goa",33,"xgboost",4,"continuous",62.7416,159.243759155273,57.4379110831234
"goa",33,"xgboost",4,"continuous",26.3363,416.839172363281,57.4379110831234
"goa",33,"xgboost",4,"continuous",19.5108,423.709442138672,57.4379110831234
"goa",33,"xgboost",4,"continuous",82.634,416.839172363281,57.4379110831234
"goa",33,"xgboost",4,"continuous",84.5855,86.8106307983398,57.4379110831234
"goa",33,"xgboost",4,"continuous",0,2.97441601753235,57.4379110831234
"goa",33,"xgboost",4,"continuous",7.603,42.0253791809082,57.4379110831234
"goa",33,"xgboost",4,"continuous",19.5616,161.989593505859,57.4379110831234
"goa",33,"xgboost",4,"continuous",307.4967,925.141845703125,57.4379110831234
"goa",33,"xgboost",4,"continuous",101.1108,96.8242492675781,57.4379110831234
"goa",33,"xgboost",4,"continuous",385.051,84.7242050170898,57.4379110831234
"goa",33,"xgboost",4,"continuous",120.3135,7.25146627426147,57.4379110831234
"goa",33,"xgboost",4,"continuous",78.5435,110.512847900391,57.4379110831234
"goa",33,"xgboost",4,"continuous",65.5064,71.5652160644531,57.4379110831234
"goa",33,"xgboost",4,"continuous",122.5467,53.9638786315918,57.4379110831234
"goa",33,"xgboost",4,"continuous",2.3389,2.2737729549408,57.4379110831234
"goa",33,"xgboost",4,"continuous",0,2.95302939414978,57.4379110831234
"goa",33,"xgboost",4,"continuous",22.3627,26.4514026641846,57.4379110831234
"goa",33,"xgboost",4,"continuous",39.3448,126.491035461426,57.4379110831234
"goa",33,"xgboost",4,"continuous",0,1.91920053958893,57.4379110831234
"goa",33,"xgboost",4,"continuous",24.1193,27.7079067230225,57.4379110831234
"goa",33,"xgboost",4,"continuous",43.8157,15.6362800598145,57.4379110831234
"goa",33,"xgboost",4,"continuous",18.4473,10.4638833999634,57.4379110831234
"goa",33,"xgboost",4,"continuous",0,253.255081176758,57.4379110831234
"goa",33,"xgboost",4,"continuous",0,5.39973783493042,57.4379110831234
"goa",33,"xgboost",4,"continuous",6.6492,36.7139015197754,57.4379110831234
"goa",33,"xgboost",4,"continuous",6.36,17.8423709869385,57.4379110831234
"goa",33,"xgboost",4,"continuous",19.1733,44.1554260253906,57.4379110831234
"goa",33,"xgboost",4,"continuous",3.1576,2.97441601753235,57.4379110831234
"goa",33,"xgboost",4,"continuous",0,0.484467387199402,57.4379110831234
"goa",33,"xgboost",4,"continuous",30.4508,1.91920053958893,57.4379110831234
"goa",33,"xgboost",4,"continuous",0,2.24882650375366,57.4379110831234
"goa",33,"xgboost",4,"continuous",0,5.39973783493042,57.4379110831234
"goa",33,"xgboost",4,"continuous",0.4807,114.880638122559,57.4379110831234
"goa",33,"xgboost",4,"continuous",21.8932,53.9638786315918,57.4379110831234
"goa",33,"xgboost",4,"continuous",10.219,5.39973783493042,57.4379110831234
"goa",33,"xgboost",4,"continuous",154.547,43.2306060791016,57.4379110831234
"goa",33,"xgboost",4,"continuous",0,1.89300036430359,57.4379110831234
"goa",33,"xgboost",4,"continuous",0.0752,8.20916843414307,57.4379110831234
"goa",33,"xgboost",4,"continuous",70.2558,222.905960083008,57.4379110831234
"goa",33,"xgboost",4,"continuous",0,1.89300036430359,57.4379110831234
"goa",33,"xgboost",4,"continuous",35.6525,8.20916843414307,57.4379110831234
"goa",33,"xgboost",4,"continuous",2.2514,2.24882650375366,57.4379110831234
"goa",33,"xgboost",4,"continuous",8.5411,3.07739877700806,57.4379110831234
"goa",33,"xgboost",4,"continuous",8.313,36.7139015197754,57.4379110831234
"goa",33,"xgboost",4,"continuous",43.0226,35.7588424682617,57.4379110831234
"goa",33,"xgboost",4,"continuous",0,8.43172645568848,57.4379110831234
"goa",33,"xgboost",4,"continuous",2.9227,8.2070255279541,57.4379110831234
"goa",33,"xgboost",4,"continuous",6.8407,0.398499757051468,57.4379110831234
"goa",33,"xgboost",4,"continuous",17.0813,36.7139015197754,57.4379110831234
"goa",33,"xgboost",4,"continuous",0,1.27528393268585,57.4379110831234
"goa",33,"xgboost",4,"continuous",39.5628,47.4817848205566,57.4379110831234
"goa",33,"xgboost",4,"continuous",391.9478,88.841552734375,57.4379110831234
"goa",33,"xgboost",4,"continuous",13.6643,78.6142578125,57.4379110831234
"goa",33,"xgboost",4,"continuous",7.3183,2.24882650375366,57.4379110831234
"goa",33,"xgboost",4,"continuous",0.7343,2.34582710266113,57.4379110831234
"goa",33,"xgboost",4,"continuous",130.7254,86.8106307983398,57.4379110831234
"goa",33,"xgboost",4,"continuous",1.8366,158.963775634766,57.4379110831234
"goa",33,"xgboost",4,"continuous",176.2184,423.709442138672,57.4379110831234
"goa",33,"xgboost",4,"continuous",5.9712,4.09191751480103,57.4379110831234
"goa",33,"xgboost",4,"continuous",0,0.484467387199402,57.4379110831234
"goa",33,"xgboost",4,"continuous",30.943,28.0991325378418,57.4379110831234
"goa",33,"xgboost",4,"continuous",0.6689,2.95302939414978,57.4379110831234
"goa",33,"xgboost",4,"continuous",12.2485,3.07739877700806,57.4379110831234
"goa",33,"xgboost",4,"continuous",345.5682,96.8242492675781,57.4379110831234
"goa",33,"xgboost",4,"continuous",2.9014,7.25146627426147,57.4379110831234
"goa",33,"xgboost",4,"continuous",0,2.29902744293213,57.4379110831234
"goa",33,"xgboost",4,"continuous",5.3307,1.05378901958466,57.4379110831234
"goa",33,"xgboost",4,"continuous",9.5243,46.3078880310059,57.4379110831234
"goa",33,"xgboost",4,"continuous",6.9338,18.7947540283203,57.4379110831234
"goa",33,"xgboost",4,"continuous",0.6647,3.03880167007446,57.4379110831234
"goa",33,"xgboost",4,"continuous",9.7221,78.6142578125,57.4379110831234
"goa",33,"xgboost",4,"continuous",1.546,47.4817848205566,57.4379110831234
"goa",33,"xgboost",4,"continuous",64.2741,71.5652160644531,57.4379110831234
"goa",33,"xgboost",4,"continuous",23.5081,423.709442138672,57.4379110831234
"goa",33,"xgboost",4,"continuous",3.3693,113.335662841797,57.4379110831234
"goa",33,"xgboost",4,"continuous",3.7054,3.03880167007446,57.4379110831234
"goa",33,"xgboost",4,"continuous",18.7778,49.254638671875,57.4379110831234
"goa",33,"xgboost",4,"continuous",14.7655,17.8423709869385,57.4379110831234
"goa",33,"xgboost",4,"continuous",287.6403,26.4514026641846,57.4379110831234
"goa",33,"xgboost",4,"continuous",13.7316,1.89300036430359,57.4379110831234
"goa",33,"xgboost",4,"continuous",0.976,1.89300036430359,57.4379110831234
"goa",33,"xgboost",4,"continuous",808.0714,55.5484733581543,57.4379110831234
"goa",33,"xgboost",4,"continuous",14.3939,3.79655480384827,57.4379110831234
"goa",33,"xgboost",5,"continuous",30.6639,11.2306661605835,60.3611975903614
"goa",33,"xgboost",5,"continuous",18.3207,58.0454902648926,60.3611975903614
"goa",33,"xgboost",5,"continuous",64.7213,483.495330810547,60.3611975903614
"goa",33,"xgboost",5,"continuous",57.0843,76.1583709716797,60.3611975903614
"goa",33,"xgboost",5,"continuous",0,4.11807775497437,60.3611975903614
"goa",33,"xgboost",5,"continuous",25.8666,33.6250801086426,60.3611975903614
"goa",33,"xgboost",5,"continuous",85.4468,41.0028800964355,60.3611975903614
"goa",33,"xgboost",5,"continuous",31.6943,108.518501281738,60.3611975903614
"goa",33,"xgboost",5,"continuous",14.1454,38.0567474365234,60.3611975903614
"goa",33,"xgboost",5,"continuous",17.4125,245.25407409668,60.3611975903614
"goa",33,"xgboost",5,"continuous",71.4521,20.3327217102051,60.3611975903614
"goa",33,"xgboost",5,"continuous",19.8659,10.9713945388794,60.3611975903614
"goa",33,"xgboost",5,"continuous",114.4116,238.864517211914,60.3611975903614
"goa",33,"xgboost",5,"continuous",0.1344,294.106994628906,60.3611975903614
"goa",33,"xgboost",5,"continuous",5.718,8.16112613677979,60.3611975903614
"goa",33,"xgboost",5,"continuous",59.9492,3.91237115859985,60.3611975903614
"goa",33,"xgboost",5,"continuous",93.0971,61.7193908691406,60.3611975903614
"goa",33,"xgboost",5,"continuous",131.3938,326.911224365234,60.3611975903614
"goa",33,"xgboost",5,"continuous",45.5903,31.3337726593018,60.3611975903614
"goa",33,"xgboost",5,"continuous",2.3232,9.37840366363525,60.3611975903614
"goa",33,"xgboost",5,"continuous",17.289,248.944961547852,60.3611975903614
"goa",33,"xgboost",5,"continuous",104.1167,38.0567474365234,60.3611975903614
"goa",33,"xgboost",5,"continuous",30.2118,34.4568290710449,60.3611975903614
"goa",33,"xgboost",5,"continuous",58.7572,46.2371406555176,60.3611975903614
"goa",33,"xgboost",5,"continuous",3.0307,419.391296386719,60.3611975903614
"goa",33,"xgboost",5,"continuous",12.848,4.11807775497437,60.3611975903614
"goa",33,"xgboost",5,"continuous",10.0411,3.91237115859985,60.3611975903614
"goa",33,"xgboost",5,"continuous",0,2.6201810836792,60.3611975903614
"goa",33,"xgboost",5,"continuous",1.5337,39.6416206359863,60.3611975903614
"goa",33,"xgboost",5,"continuous",12.1244,1.10068249702454,60.3611975903614
"goa",33,"xgboost",5,"continuous",5.8105,6.53293895721436,60.3611975903614
"goa",33,"xgboost",5,"continuous",44.8735,43.6075859069824,60.3611975903614
"goa",33,"xgboost",5,"continuous",38.5649,20.3327217102051,60.3611975903614
"goa",33,"xgboost",5,"continuous",7.5202,88.824951171875,60.3611975903614
"goa",33,"xgboost",5,"continuous",22.2468,155.911865234375,60.3611975903614
"goa",33,"xgboost",5,"continuous",1.488,0.645908772945404,60.3611975903614
"goa",33,"xgboost",5,"continuous",0,1.10068249702454,60.3611975903614
"goa",33,"xgboost",5,"continuous",24.2166,64.7166748046875,60.3611975903614
"goa",33,"xgboost",5,"continuous",0,4.11807775497437,60.3611975903614
"goa",33,"xgboost",5,"continuous",56.3578,61.7193908691406,60.3611975903614
"goa",33,"xgboost",5,"continuous",4.539,10.9713945388794,60.3611975903614
"goa",33,"xgboost",5,"continuous",61.3939,5.05687665939331,60.3611975903614
"goa",33,"xgboost",5,"continuous",22.3947,107.488510131836,60.3611975903614
"goa",33,"xgboost",5,"continuous",0,0.496351778507233,60.3611975903614
"goa",33,"xgboost",5,"continuous",23.9065,39.0526885986328,60.3611975903614
"goa",33,"xgboost",5,"continuous",27.4279,2.6201810836792,60.3611975903614
"goa",33,"xgboost",5,"continuous",9.7452,184.403793334961,60.3611975903614
"goa",33,"xgboost",5,"continuous",20.4155,155.911865234375,60.3611975903614
"goa",33,"xgboost",5,"continuous",0.1332,21.1464214324951,60.3611975903614
"goa",33,"xgboost",5,"continuous",9.4111,13.5727710723877,60.3611975903614
"goa",33,"xgboost",5,"continuous",3.9324,23.376012802124,60.3611975903614
"goa",33,"xgboost",5,"continuous",0,3.31185817718506,60.3611975903614
"goa",33,"xgboost",5,"continuous",6.2225,26.5635395050049,60.3611975903614
"goa",33,"xgboost",5,"continuous",7.0922,20.3327217102051,60.3611975903614
"goa",33,"xgboost",5,"continuous",4.3646,1.83943700790405,60.3611975903614
"goa",33,"xgboost",5,"continuous",131.9522,9.88372993469238,60.3611975903614
"goa",33,"xgboost",5,"continuous",4.612,25.0188064575195,60.3611975903614
"goa",33,"xgboost",5,"continuous",151.8197,23.2212390899658,60.3611975903614
"goa",33,"xgboost",5,"continuous",61.8847,31.3337726593018,60.3611975903614
"goa",33,"xgboost",5,"continuous",2.6861,0.645908772945404,60.3611975903614
"goa",33,"xgboost",5,"continuous",31.0716,41.0843391418457,60.3611975903614
"goa",33,"xgboost",5,"continuous",19.2936,9.37840366363525,60.3611975903614
"goa",33,"xgboost",5,"continuous",0,1.10068249702454,60.3611975903614
"goa",33,"xgboost",5,"continuous",80.3646,46.2371406555176,60.3611975903614
"goa",33,"xgboost",5,"continuous",18.043,47.2467498779297,60.3611975903614
"goa",33,"xgboost",5,"continuous",173.044,294.106994628906,60.3611975903614
"goa",33,"xgboost",5,"continuous",0,0.645908772945404,60.3611975903614
"goa",33,"xgboost",5,"continuous",0.4466,0.982478439807892,60.3611975903614
"goa",33,"xgboost",5,"continuous",12.9297,39.6416206359863,60.3611975903614
"goa",33,"xgboost",5,"continuous",0.0231,8.16112613677979,60.3611975903614
"goa",33,"xgboost",5,"continuous",10.5208,41.2570991516113,60.3611975903614
"goa",33,"xgboost",5,"continuous",36.1595,8.92568588256836,60.3611975903614
"goa",33,"xgboost",5,"continuous",7.2206,0.761228919029236,60.3611975903614
"goa",33,"xgboost",5,"continuous",128.776,245.25407409668,60.3611975903614
"goa",33,"xgboost",5,"continuous",16.0957,41.2570991516113,60.3611975903614
"goa",33,"xgboost",5,"continuous",16.2148,39.6416206359863,60.3611975903614
"goa",33,"xgboost",5,"continuous",1.6588,0.496351778507233,60.3611975903614
"goa",33,"xgboost",5,"continuous",5.0841,39.6416206359863,60.3611975903614
"goa",33,"xgboost",5,"continuous",19.0893,0.645908772945404,60.3611975903614
"goa",33,"xgboost",5,"continuous",24.8627,41.0843391418457,60.3611975903614
"goa",33,"xgboost",5,"continuous",7.2996,0.982478439807892,60.3611975903614
"goa",33,"xgboost",5,"continuous",9.5641,3.74633455276489,60.3611975903614
"goa",33,"xgboost",5,"continuous",0.3572,0.45393094420433,60.3611975903614
"goa",33,"xgboost",5,"continuous",24.2615,155.911865234375,60.3611975903614
"goa",33,"xgboost",5,"continuous",0,27.5822410583496,60.3611975903614
"goa",33,"sar_lag",1,"continuous",0,-15.4007774946231,59.5517916876574
"goa",33,"sar_lag",1,"continuous",6.5059,70.144693231841,59.5517916876574
"goa",33,"sar_lag",1,"continuous",20.7484,54.5220163418301,59.5517916876574
"goa",33,"sar_lag",1,"continuous",3.4258,62.9780589399061,59.5517916876574
"goa",33,"sar_lag",1,"continuous",8.4797,55.4068105604198,59.5517916876574
"goa",33,"sar_lag",1,"continuous",63.7188,52.676094701776,59.5517916876574
"goa",33,"sar_lag",1,"continuous",1.1565,50.8667797630871,59.5517916876574
"goa",33,"sar_lag",1,"continuous",43.5046,44.8082838101876,59.5517916876574
"goa",33,"sar_lag",1,"continuous",3.5064,37.8176789818065,59.5517916876574
"goa",33,"sar_lag",1,"continuous",0,-31.4028199145132,59.5517916876574
"goa",33,"sar_lag",1,"continuous",32.9726,64.6834707391994,59.5517916876574
"goa",33,"sar_lag",1,"continuous",1.8927,56.1312155309897,59.5517916876574
"goa",33,"sar_lag",1,"continuous",10.1555,51.1701281654617,59.5517916876574
"goa",33,"sar_lag",1,"continuous",1.3243,63.38422028669,59.5517916876574
"goa",33,"sar_lag",1,"continuous",29.1366,79.5334952741847,59.5517916876574
"goa",33,"sar_lag",1,"continuous",0,37.2450607556971,59.5517916876574
"goa",33,"sar_lag",1,"continuous",0,25.5218661181965,59.5517916876574
"goa",33,"sar_lag",1,"continuous",24.0571,67.7456981301375,59.5517916876574
"goa",33,"sar_lag",1,"continuous",56.9712,71.5541566344968,59.5517916876574
"goa",33,"sar_lag",1,"continuous",107.5302,62.9306425169929,59.5517916876574
"goa",33,"sar_lag",1,"continuous",21.9335,76.5128196846103,59.5517916876574
"goa",33,"sar_lag",1,"continuous",8.6668,70.6437018478865,59.5517916876574
"goa",33,"sar_lag",1,"continuous",42.2079,63.888041350175,59.5517916876574
"goa",33,"sar_lag",1,"continuous",21.638,47.4721005116266,59.5517916876574
"goa",33,"sar_lag",1,"continuous",109.4013,68.8376088390101,59.5517916876574
"goa",33,"sar_lag",1,"continuous",0.2749,50.5887289262777,59.5517916876574
"goa",33,"sar_lag",1,"continuous",0.0314,31.8060620467372,59.5517916876574
"goa",33,"sar_lag",1,"continuous",49.5557,66.3650890750719,59.5517916876574
"goa",33,"sar_lag",1,"continuous",1.9508,46.2347805227375,59.5517916876574
"goa",33,"sar_lag",1,"continuous",1.6681,68.9550445268923,59.5517916876574
"goa",33,"sar_lag",1,"continuous",11.0499,70.8509082089217,59.5517916876574
"goa",33,"sar_lag",1,"continuous",2.6545,37.8176789818065,59.5517916876574
"goa",33,"sar_lag",1,"continuous",4.1351,61.1224642996212,59.5517916876574
"goa",33,"sar_lag",1,"continuous",1.6447,64.5390826412384,59.5517916876574
"goa",33,"sar_lag",1,"continuous",17.4874,77.6230793404198,59.5517916876574
"goa",33,"sar_lag",1,"continuous",84.3691,54.266779953741,59.5517916876574
"goa",33,"sar_lag",1,"continuous",144.6887,62.2353927811292,59.5517916876574
"goa",33,"sar_lag",1,"continuous",123.2541,26.8081999991352,59.5517916876574
"goa",33,"sar_lag",1,"continuous",1.9678,68.6511734129805,59.5517916876574
"goa",33,"sar_lag",1,"continuous",24.4489,61.7878341521583,59.5517916876574
"goa",33,"sar_lag",1,"continuous",3.7365,65.2014580565682,59.5517916876574
"goa",33,"sar_lag",1,"continuous",51.5987,71.5793583422599,59.5517916876574
"goa",33,"sar_lag",1,"continuous",5.4433,52.6193378218211,59.5517916876574
"goa",33,"sar_lag",1,"continuous",0.0722,-30.8083476147607,59.5517916876574
"goa",33,"sar_lag",1,"continuous",45.7868,67.0732169779357,59.5517916876574
"goa",33,"sar_lag",1,"continuous",52.3303,59.6601143503249,59.5517916876574
"goa",33,"sar_lag",1,"continuous",8.242,78.1221197963237,59.5517916876574
"goa",33,"sar_lag",1,"continuous",6.7374,63.99499764092,59.5517916876574
"goa",33,"sar_lag",1,"continuous",1.1912,79.7993681028507,59.5517916876574
"goa",33,"sar_lag",1,"continuous",9.0688,78.9340716968894,59.5517916876574
"goa",33,"sar_lag",1,"continuous",6.7062,45.1743442783044,59.5517916876574
"goa",33,"sar_lag",1,"continuous",31.8989,74.9569247652263,59.5517916876574
"goa",33,"sar_lag",1,"continuous",21.9825,46.2347805227375,59.5517916876574
"goa",33,"sar_lag",1,"continuous",8.7701,56.5524311968881,59.5517916876574
"goa",33,"sar_lag",1,"continuous",2.2407,69.4440698457285,59.5517916876574
"goa",33,"sar_lag",1,"continuous",129.4165,75.6835958365734,59.5517916876574
"goa",33,"sar_lag",1,"continuous",0.8386,23.2297331717855,59.5517916876574
"goa",33,"sar_lag",1,"continuous",18.0812,58.4909393019949,59.5517916876574
"goa",33,"sar_lag",1,"continuous",0,41.0413843712953,59.5517916876574
"goa",33,"sar_lag",1,"continuous",0,15.4779163977639,59.5517916876574
"goa",33,"sar_lag",1,"continuous",174.0796,77.2369118243391,59.5517916876574
"goa",33,"sar_lag",1,"continuous",0.6223,9.11445691566051,59.5517916876574
"goa",33,"sar_lag",1,"continuous",180.0364,76.0498087434287,59.5517916876574
"goa",33,"sar_lag",1,"continuous",30.6219,75.8257421776928,59.5517916876574
"goa",33,"sar_lag",1,"continuous",36.441,71.8422698297549,59.5517916876574
"goa",33,"sar_lag",1,"continuous",61.5538,78.6890823674655,59.5517916876574
"goa",33,"sar_lag",1,"continuous",2.1238,72.5882731762433,59.5517916876574
"goa",33,"sar_lag",1,"continuous",39.3556,73.1858588866852,59.5517916876574
"goa",33,"sar_lag",1,"continuous",14.8056,77.2143807315963,59.5517916876574
"goa",33,"sar_lag",1,"continuous",48.8392,63.1478950882418,59.5517916876574
"goa",33,"sar_lag",1,"continuous",175.5409,61.1363823120058,59.5517916876574
"goa",33,"sar_lag",1,"continuous",2.3076,65.0145682446188,59.5517916876574
"goa",33,"sar_lag",1,"continuous",0,-24.9697282145634,59.5517916876574
"goa",33,"sar_lag",1,"continuous",112.0547,66.2205999445347,59.5517916876574
"goa",33,"sar_lag",1,"continuous",69.3453,61.920787912476,59.5517916876574
"goa",33,"sar_lag",1,"continuous",494.7127,75.4582575001548,59.5517916876574
"goa",33,"sar_lag",1,"continuous",3.6427,69.8024049684984,59.5517916876574
"goa",33,"sar_lag",1,"continuous",45.7757,76.1587088000882,59.5517916876574
"goa",33,"sar_lag",1,"continuous",22.6695,72.2856508151553,59.5517916876574
"goa",33,"sar_lag",1,"continuous",35.6304,80.8311134499462,59.5517916876574
"goa",33,"sar_lag",1,"continuous",16.1682,76.4287504073392,59.5517916876574
"goa",33,"sar_lag",1,"continuous",19.1639,76.4440953711197,59.5517916876574
"goa",33,"sar_lag",1,"continuous",0.6232,72.3771707836664,59.5517916876574
"goa",33,"sar_lag",1,"continuous",45.2617,48.344548960701,59.5517916876574
"goa",33,"sar_lag",1,"continuous",83.1352,67.4213582424385,59.5517916876574
"goa",33,"sar_lag",1,"continuous",54.3956,72.8862387920777,59.5517916876574
"goa",33,"sar_lag",1,"continuous",5.209,23.6150162506827,59.5517916876574
"goa",33,"sar_lag",1,"continuous",0.8887,33.3098288379856,59.5517916876574
"goa",33,"sar_lag",1,"continuous",15.1962,60.5566314642968,59.5517916876574
"goa",33,"sar_lag",1,"continuous",2.5034,40.9715117416562,59.5517916876574
"goa",33,"sar_lag",1,"continuous",10.8098,-21.1334691128102,59.5517916876574
"goa",33,"sar_lag",1,"continuous",7.9787,76.7434786322431,59.5517916876574
"goa",33,"sar_lag",1,"continuous",0.4758,73.4065072518837,59.5517916876574
"goa",33,"sar_lag",1,"continuous",6.9596,78.8829953553792,59.5517916876574
"goa",33,"sar_lag",1,"continuous",29.327,48.1883860376716,59.5517916876574
"goa",33,"sar_lag",1,"continuous",14.6888,68.8243407305973,59.5517916876574
"goa",33,"sar_lag",1,"continuous",0,69.8548961445221,59.5517916876574
"goa",33,"sar_lag",1,"continuous",2.7397,31.280862509845,59.5517916876574
"goa",33,"sar_lag",1,"continuous",24.7697,61.6116049343582,59.5517916876574
"goa",33,"sar_lag",1,"continuous",17.9743,51.8122469108037,59.5517916876574
"goa",33,"sar_lag",1,"continuous",530.102,62.7731995606863,59.5517916876574
"goa",33,"sar_lag",1,"continuous",4.6248,70.5097818773976,59.5517916876574
"goa",33,"sar_lag",1,"continuous",9.0615,59.6528734540274,59.5517916876574
"goa",33,"sar_lag",2,"continuous",9.1352,69.9726945091589,51.9104294554455
"goa",33,"sar_lag",2,"continuous",3.6564,47.1717724861406,51.9104294554455
"goa",33,"sar_lag",2,"continuous",0.1627,19.1114526030187,51.9104294554455
"goa",33,"sar_lag",2,"continuous",60.5269,50.4274652662732,51.9104294554455
"goa",33,"sar_lag",2,"continuous",0.8595,48.9939931889617,51.9104294554455
"goa",33,"sar_lag",2,"continuous",4.8496,48.9707534282293,51.9104294554455
"goa",33,"sar_lag",2,"continuous",62.8808,55.411209309087,51.9104294554455
"goa",33,"sar_lag",2,"continuous",0.0335,-69.3724958852982,51.9104294554455
"goa",33,"sar_lag",2,"continuous",0,56.8213535259726,51.9104294554455
"goa",33,"sar_lag",2,"continuous",1.7306,74.2544001044144,51.9104294554455
"goa",33,"sar_lag",2,"continuous",9.9817,50.6912416048899,51.9104294554455
"goa",33,"sar_lag",2,"continuous",0.4989,-5.38071762997514,51.9104294554455
"goa",33,"sar_lag",2,"continuous",6.3187,25.2960737840176,51.9104294554455
"goa",33,"sar_lag",2,"continuous",55.8054,66.8284251643465,51.9104294554455
"goa",33,"sar_lag",2,"continuous",44.2584,75.7608044080443,51.9104294554455
"goa",33,"sar_lag",2,"continuous",0,70.1045997470796,51.9104294554455
"goa",33,"sar_lag",2,"continuous",0.4426,62.4124116962807,51.9104294554455
"goa",33,"sar_lag",2,"continuous",2.6175,55.0901248345704,51.9104294554455
"goa",33,"sar_lag",2,"continuous",0.2319,2.03439631146273,51.9104294554455
"goa",33,"sar_lag",2,"continuous",16.9504,48.3555039238884,51.9104294554455
"goa",33,"sar_lag",2,"continuous",922.0797,52.7939397999232,51.9104294554455
"goa",33,"sar_lag",2,"continuous",45.4167,52.5671955202243,51.9104294554455
"goa",33,"sar_lag",2,"continuous",67.7677,77.3808414413903,51.9104294554455
"goa",33,"sar_lag",2,"continuous",16.4935,77.0950846009878,51.9104294554455
"goa",33,"sar_lag",2,"continuous",2.2323,66.896367811769,51.9104294554455
"goa",33,"sar_lag",2,"continuous",0,75.6776251143135,51.9104294554455
"goa",33,"sar_lag",2,"continuous",5.4657,78.0791602527501,51.9104294554455
"goa",33,"sar_lag",2,"continuous",0,66.6842321572332,51.9104294554455
"goa",33,"sar_lag",2,"continuous",0.977,77.0607462003584,51.9104294554455
"goa",33,"sar_lag",2,"continuous",50.8456,50.3148047800207,51.9104294554455
"goa",33,"sar_lag",2,"continuous",64.9775,67.2131703000721,51.9104294554455
"goa",33,"sar_lag",2,"continuous",34.7283,64.6742186367234,51.9104294554455
"goa",33,"sar_lag",2,"continuous",63.5263,65.8011111234179,51.9104294554455
"goa",33,"sar_lag",2,"continuous",18.3791,35.0102274195503,51.9104294554455
"goa",33,"sar_lag",2,"continuous",83.2018,68.1238239202831,51.9104294554455
"goa",33,"sar_lag",2,"continuous",24.5887,36.8459674909532,51.9104294554455
"goa",33,"sar_lag",2,"continuous",0.0227,59.1682790244374,51.9104294554455
"goa",33,"sar_lag",2,"continuous",9.7929,75.6113981968283,51.9104294554455
"goa",33,"sar_lag",2,"continuous",73.6718,62.1233636676407,51.9104294554455
"goa",33,"sar_lag",2,"continuous",45.5932,45.913571811399,51.9104294554455
"goa",33,"sar_lag",2,"continuous",16.2659,-11.8692858748233,51.9104294554455
"goa",33,"sar_lag",2,"continuous",4.1609,-152.124006539094,51.9104294554455
"goa",33,"sar_lag",2,"continuous",0,-111.254616824712,51.9104294554455
"goa",33,"sar_lag",2,"continuous",4.572,64.7825727137355,51.9104294554455
"goa",33,"sar_lag",2,"continuous",4.3322,49.666732306481,51.9104294554455
"goa",33,"sar_lag",2,"continuous",5.1641,27.6531693697,51.9104294554455
"goa",33,"sar_lag",2,"continuous",50.6502,77.0928298891521,51.9104294554455
"goa",33,"sar_lag",2,"continuous",37.302,46.2908311324361,51.9104294554455
"goa",33,"sar_lag",2,"continuous",2.8581,50.0283393116058,51.9104294554455
"goa",33,"sar_lag",2,"continuous",17.0061,64.2528655407256,51.9104294554455
"goa",33,"sar_lag",2,"continuous",20.6832,61.55984961384,51.9104294554455
"goa",33,"sar_lag",2,"continuous",3.3854,67.119638042739,51.9104294554455
"goa",33,"sar_lag",2,"continuous",0.556,46.947316800387,51.9104294554455
"goa",33,"sar_lag",2,"continuous",1.9319,66.2573832523166,51.9104294554455
"goa",33,"sar_lag",2,"continuous",0.1045,62.6206987266006,51.9104294554455
"goa",33,"sar_lag",2,"continuous",9.2768,61.9623110912032,51.9104294554455
"goa",33,"sar_lag",2,"continuous",728.509,72.8358912491531,51.9104294554455
"goa",33,"sar_lag",2,"continuous",102.6339,72.8147294462404,51.9104294554455
"goa",33,"sar_lag",2,"continuous",193.4787,64.6217201960159,51.9104294554455
"goa",33,"sar_lag",2,"continuous",50.2533,58.8425570608159,51.9104294554455
"goa",33,"sar_lag",2,"continuous",16.9012,43.3261684479148,51.9104294554455
"goa",33,"sar_lag",2,"continuous",13.7633,69.213158310081,51.9104294554455
"goa",33,"sar_lag",2,"continuous",56.313,74.2150507341233,51.9104294554455
"goa",33,"sar_lag",2,"continuous",47.6208,41.713167040004,51.9104294554455
"goa",33,"sar_lag",2,"continuous",1137.0552,49.6436445422343,51.9104294554455
"goa",33,"sar_lag",2,"continuous",107.649,75.6500101593546,51.9104294554455
"goa",33,"sar_lag",2,"continuous",22.2549,77.1911798659729,51.9104294554455
"goa",33,"sar_lag",2,"continuous",66.4922,77.3075999031274,51.9104294554455
"goa",33,"sar_lag",2,"continuous",1.4417,-9.0140360143655,51.9104294554455
"goa",33,"sar_lag",2,"continuous",20.3936,50.8898042419121,51.9104294554455
"goa",33,"sar_lag",2,"continuous",101.2841,71.8633726272181,51.9104294554455
"goa",33,"sar_lag",2,"continuous",212.6102,50.8659941308663,51.9104294554455
"goa",33,"sar_lag",2,"continuous",44.894,69.2333026491488,51.9104294554455
"goa",33,"sar_lag",2,"continuous",314.83,42.5375108070017,51.9104294554455
"goa",33,"sar_lag",2,"continuous",33.9485,71.7717480926607,51.9104294554455
"goa",33,"sar_lag",2,"continuous",332.9622,76.1575575625365,51.9104294554455
"goa",33,"sar_lag",2,"continuous",40.908,51.5770326163374,51.9104294554455
"goa",33,"sar_lag",2,"continuous",0,52.3305655336644,51.9104294554455
"goa",33,"sar_lag",2,"continuous",164.6786,56.8742991385132,51.9104294554455
"goa",33,"sar_lag",2,"continuous",22.6242,48.1456201320007,51.9104294554455
"goa",33,"sar_lag",2,"continuous",0,-16.6604322789848,51.9104294554455
"goa",33,"sar_lag",2,"continuous",22.9798,45.9264483029513,51.9104294554455
"goa",33,"sar_lag",2,"continuous",64.1688,58.1776748870134,51.9104294554455
"goa",33,"sar_lag",2,"continuous",189.1297,55.9543192463657,51.9104294554455
"goa",33,"sar_lag",2,"continuous",13.9397,69.859870316397,51.9104294554455
"goa",33,"sar_lag",2,"continuous",175.1373,73.193024968985,51.9104294554455
"goa",33,"sar_lag",2,"continuous",7.0672,63.8890473598602,51.9104294554455
"goa",33,"sar_lag",2,"continuous",5.4954,70.9359451522011,51.9104294554455
"goa",33,"sar_lag",2,"continuous",46.9061,73.4107449469308,51.9104294554455
"goa",33,"sar_lag",2,"continuous",0,69.9525694571515,51.9104294554455
"goa",33,"sar_lag",2,"continuous",6.9348,65.3759913788898,51.9104294554455
"goa",33,"sar_lag",2,"continuous",77.0548,71.3196679370785,51.9104294554455
"goa",33,"sar_lag",2,"continuous",15.7402,54.4074599721179,51.9104294554455
"goa",33,"sar_lag",2,"continuous",95.5371,75.8465060552291,51.9104294554455
"goa",33,"sar_lag",2,"continuous",29.0522,70.6518965540347,51.9104294554455
"goa",33,"sar_lag",2,"continuous",43.1269,49.793880413428,51.9104294554455
"goa",33,"sar_lag",3,"continuous",0,52.4645946025011,46.2002891472868
"goa",33,"sar_lag",3,"continuous",279.3257,64.3521239358566,46.2002891472868
"goa",33,"sar_lag",3,"continuous",29.6249,47.7434952420832,46.2002891472868
"goa",33,"sar_lag",3,"continuous",0,31.7227161141188,46.2002891472868
"goa",33,"sar_lag",3,"continuous",80.5198,55.288788557081,46.2002891472868
"goa",33,"sar_lag",3,"continuous",167.5239,60.6881794017025,46.2002891472868
"goa",33,"sar_lag",3,"continuous",6.1045,56.4601781346954,46.2002891472868
"goa",33,"sar_lag",3,"continuous",32.0052,59.757775670022,46.2002891472868
"goa",33,"sar_lag",3,"continuous",18.5036,59.757775670022,46.2002891472868
"goa",33,"sar_lag",3,"continuous",90.1864,52.7702965518002,46.2002891472868
"goa",33,"sar_lag",3,"continuous",128.6797,39.7195737653393,46.2002891472868
"goa",33,"sar_lag",3,"continuous",18.9675,62.7035804726288,46.2002891472868
"goa",33,"sar_lag",3,"continuous",46.811,56.9038223440511,46.2002891472868
"goa",33,"sar_lag",3,"continuous",19.0758,61.2938712275508,46.2002891472868
"goa",33,"sar_lag",3,"continuous",117.0112,54.8357050867807,46.2002891472868
"goa",33,"sar_lag",3,"continuous",10.1657,39.4433625966195,46.2002891472868
"goa",33,"sar_lag",3,"continuous",10.2595,41.9683720398288,46.2002891472868
"goa",33,"sar_lag",3,"continuous",9.3991,54.7885548711086,46.2002891472868
"goa",33,"sar_lag",3,"continuous",11.4517,46.919671667398,46.2002891472868
"goa",33,"sar_lag",3,"continuous",311.7967,59.6527344668316,46.2002891472868
"goa",33,"sar_lag",3,"continuous",2.3074,56.0254975576138,46.2002891472868
"goa",33,"sar_lag",3,"continuous",37.4043,40.7060415448208,46.2002891472868
"goa",33,"sar_lag",3,"continuous",57.9916,58.887766290097,46.2002891472868
"goa",33,"sar_lag",3,"continuous",302.9947,52.6754865423726,46.2002891472868
"goa",33,"sar_lag",3,"continuous",1.9831,56.5990532838025,46.2002891472868
"goa",33,"sar_lag",3,"continuous",43.7154,56.0187968584366,46.2002891472868
"goa",33,"sar_lag",3,"continuous",4.0712,25.6329657654165,46.2002891472868
"goa",33,"sar_lag",3,"continuous",5.9442,56.2162745116094,46.2002891472868
"goa",33,"sar_lag",3,"continuous",106.4081,58.3202223140306,46.2002891472868
"goa",33,"sar_lag",3,"continuous",98.8347,58.4810781597603,46.2002891472868
"goa",33,"sar_lag",3,"continuous",0.8235,46.345331984522,46.2002891472868
"goa",33,"sar_lag",3,"continuous",135.9286,57.1922308079786,46.2002891472868
"goa",33,"sar_lag",3,"continuous",72.4716,41.1747153337888,46.2002891472868
"goa",33,"sar_lag",3,"continuous",153.1987,57.3820640878755,46.2002891472868
"goa",33,"sar_lag",3,"continuous",6.8768,40.1774703097911,46.2002891472868
"goa",33,"sar_lag",3,"continuous",26.761,58.4477934525707,46.2002891472868
"goa",33,"sar_lag",3,"continuous",21.2925,46.3608044805598,46.2002891472868
"goa",33,"sar_lag",3,"continuous",396.7223,58.782775092669,46.2002891472868
"goa",33,"sar_lag",3,"continuous",28.8673,61.6381905747307,46.2002891472868
"goa",33,"sar_lag",3,"continuous",9.2421,42.9848483455529,46.2002891472868
"goa",33,"sar_lag",3,"continuous",21.204,41.5086370797437,46.2002891472868
"goa",33,"sar_lag",3,"continuous",936.2143,64.8436971965371,46.2002891472868
"goa",33,"sar_lag",3,"continuous",38.7155,62.3181721772649,46.2002891472868
"goa",33,"sar_lag",3,"continuous",42.8714,64.5917490563114,46.2002891472868
"goa",33,"sar_lag",3,"continuous",22.5853,62.4983537861518,46.2002891472868
"goa",33,"sar_lag",3,"continuous",41.9461,59.4764461842322,46.2002891472868
"goa",33,"sar_lag",3,"continuous",13.4154,48.6307379710248,46.2002891472868
"goa",33,"sar_lag",3,"continuous",0,-32.6150172034866,46.2002891472868
"goa",33,"sar_lag",3,"continuous",21.6062,56.9582959191121,46.2002891472868
"goa",33,"sar_lag",3,"continuous",23.0324,59.3927176188034,46.2002891472868
"goa",33,"sar_lag",3,"continuous",61.3756,61.3942756631349,46.2002891472868
"goa",33,"sar_lag",3,"continuous",46.9531,61.0009021525445,46.2002891472868
"goa",33,"sar_lag",3,"continuous",13.5986,57.9305314695462,46.2002891472868
"goa",33,"sar_lag",3,"continuous",24.9107,49.8673422814999,46.2002891472868
"goa",33,"sar_lag",3,"continuous",22.9359,60.4551518967522,46.2002891472868
"goa",33,"sar_lag",3,"continuous",51.5867,58.0344306131297,46.2002891472868
"goa",33,"sar_lag",3,"continuous",1153.4535,61.6779656922974,46.2002891472868
"goa",33,"sar_lag",3,"continuous",141.2234,60.2412122846647,46.2002891472868
"goa",33,"sar_lag",3,"continuous",2.147,56.1608006034307,46.2002891472868
"goa",33,"sar_lag",3,"continuous",96.062,61.5974276060012,46.2002891472868
"goa",33,"sar_lag",3,"continuous",31.434,64.5978388680014,46.2002891472868
"goa",33,"sar_lag",3,"continuous",0,31.3941985098505,46.2002891472868
"goa",33,"sar_lag",3,"continuous",594.0336,62.5899500137943,46.2002891472868
"goa",33,"sar_lag",3,"continuous",301.8775,64.8884314261618,46.2002891472868
"goa",33,"sar_lag",3,"continuous",0,30.80674439018,46.2002891472868
"goa",33,"sar_lag",3,"continuous",19.4767,27.0929709623905,46.2002891472868
"goa",33,"sar_lag",3,"continuous",55.0582,61.8162347400329,46.2002891472868
"goa",33,"sar_lag",3,"continuous",124.7311,64.7348162154788,46.2002891472868
"goa",33,"sar_lag",3,"continuous",38.0306,59.5847860836737,46.2002891472868
"goa",33,"sar_lag",3,"continuous",55.1524,63.9681599746002,46.2002891472868
"goa",33,"sar_lag",3,"continuous",0,44.6721867324684,46.2002891472868
"goa",33,"sar_lag",3,"continuous",6.4415,53.1838723369345,46.2002891472868
"goa",33,"sar_lag",3,"continuous",1.3176,55.9064776501757,46.2002891472868
"goa",33,"sar_lag",3,"continuous",0,-36.9716009807528,46.2002891472868
"goa",33,"sar_lag",3,"continuous",78.4874,56.8092560095415,46.2002891472868
"goa",33,"sar_lag",3,"continuous",80.9645,64.2213747927229,46.2002891472868
"goa",33,"sar_lag",3,"continuous",834.5721,64.4907412359971,46.2002891472868
"goa",33,"sar_lag",3,"continuous",0,51.9145685015073,46.2002891472868
"goa",33,"sar_lag",3,"continuous",12.6763,64.1776237786025,46.2002891472868
"goa",33,"sar_lag",3,"continuous",3.0457,55.3021975234052,46.2002891472868
"goa",33,"sar_lag",3,"continuous",58.5727,47.5687116157833,46.2002891472868
"goa",33,"sar_lag",3,"continuous",19.7161,51.1789970321312,46.2002891472868
"goa",33,"sar_lag",3,"continuous",46.6751,58.3710948159765,46.2002891472868
"goa",33,"sar_lag",3,"continuous",99.1152,56.1819667595502,46.2002891472868
"goa",33,"sar_lag",3,"continuous",0,35.3875746790691,46.2002891472868
"goa",33,"sar_lag",3,"continuous",109.3259,57.2842430300132,46.2002891472868
"goa",33,"sar_lag",3,"continuous",233.9074,60.6367764398169,46.2002891472868
"goa",33,"sar_lag",3,"continuous",14.1264,42.8963060808674,46.2002891472868
"goa",33,"sar_lag",3,"continuous",27.5185,52.8141697412708,46.2002891472868
"goa",33,"sar_lag",3,"continuous",56.0532,58.8508690733505,46.2002891472868
"goa",33,"sar_lag",3,"continuous",9.4043,45.9913201509376,46.2002891472868
"goa",33,"sar_lag",3,"continuous",43.1042,21.2255656129313,46.2002891472868
"goa",33,"sar_lag",3,"continuous",5.7601,54.9098859269367,46.2002891472868
"goa",33,"sar_lag",3,"continuous",212.0524,45.103380494502,46.2002891472868
"goa",33,"sar_lag",3,"continuous",33.4545,61.4387991269774,46.2002891472868
"goa",33,"sar_lag",3,"continuous",91.5687,40.6784206390124,46.2002891472868
"goa",33,"sar_lag",3,"continuous",188.2875,40.8258713698565,46.2002891472868
"goa",33,"sar_lag",3,"continuous",98.9499,36.3172740717647,46.2002891472868
"goa",33,"sar_lag",3,"continuous",11.3642,4.82220534509181,46.2002891472868
"goa",33,"sar_lag",3,"continuous",131.6808,34.013138552779,46.2002891472868
"goa",33,"sar_lag",3,"continuous",0,30.5583794233207,46.2002891472868
"goa",33,"sar_lag",3,"continuous",0,41.5660434103317,46.2002891472868
"goa",33,"sar_lag",3,"continuous",37.1567,56.401043333034,46.2002891472868
"goa",33,"sar_lag",3,"continuous",0,35.9310643167474,46.2002891472868
"goa",33,"sar_lag",3,"continuous",1.1439,64.637144369062,46.2002891472868
"goa",33,"sar_lag",3,"continuous",97.3791,64.6846664731017,46.2002891472868
"goa",33,"sar_lag",3,"continuous",66.2755,58.4331705926645,46.2002891472868
"goa",33,"sar_lag",3,"continuous",50.6755,56.7602146555479,46.2002891472868
"goa",33,"sar_lag",3,"continuous",7.2721,62.6862631535818,46.2002891472868
"goa",33,"sar_lag",3,"continuous",18.8363,54.4112902673073,46.2002891472868
"goa",33,"sar_lag",3,"continuous",15.631,27.8874501697963,46.2002891472868
"goa",33,"sar_lag",3,"continuous",7.6272,21.8575692899186,46.2002891472868
"goa",33,"sar_lag",3,"continuous",0,22.9482261623508,46.2002891472868
"goa",33,"sar_lag",4,"continuous",0,61.261289198323,57.4379110831234
"goa",33,"sar_lag",4,"continuous",0,63.5660365169795,57.4379110831234
"goa",33,"sar_lag",4,"continuous",0,66.5665413622413,57.4379110831234
"goa",33,"sar_lag",4,"continuous",0,52.0570774990004,57.4379110831234
"goa",33,"sar_lag",4,"continuous",25.3078,52.4355624731684,57.4379110831234
"goa",33,"sar_lag",4,"continuous",9.7141,49.1071883172267,57.4379110831234
"goa",33,"sar_lag",4,"continuous",1.3049,43.9268120375573,57.4379110831234
"goa",33,"sar_lag",4,"continuous",28.6968,49.7325346189302,57.4379110831234
"goa",33,"sar_lag",4,"continuous",10.0478,73.8998234688682,57.4379110831234
"goa",33,"sar_lag",4,"continuous",0,48.2464865335378,57.4379110831234
"goa",33,"sar_lag",4,"continuous",22.8159,67.6945969623061,57.4379110831234
"goa",33,"sar_lag",4,"continuous",26.1647,54.3714999404297,57.4379110831234
"goa",33,"sar_lag",4,"continuous",31.0748,50.8389551055786,57.4379110831234
"goa",33,"sar_lag",4,"continuous",10.4632,62.3019714086207,57.4379110831234
"goa",33,"sar_lag",4,"continuous",0,59.487294429796,57.4379110831234
"goa",33,"sar_lag",4,"continuous",0,52.4923676830293,57.4379110831234
"goa",33,"sar_lag",4,"continuous",13.9273,46.408371482413,57.4379110831234
"goa",33,"sar_lag",4,"continuous",40.0496,68.7343448541758,57.4379110831234
"goa",33,"sar_lag",4,"continuous",35.0147,65.3349624310415,57.4379110831234
"goa",33,"sar_lag",4,"continuous",62.7416,67.3979753923214,57.4379110831234
"goa",33,"sar_lag",4,"continuous",26.3363,72.1168669515311,57.4379110831234
"goa",33,"sar_lag",4,"continuous",19.5108,51.6173248201691,57.4379110831234
"goa",33,"sar_lag",4,"continuous",82.634,70.9563171106677,57.4379110831234
"goa",33,"sar_lag",4,"continuous",84.5855,72.4474827534619,57.4379110831234
"goa",33,"sar_lag",4,"continuous",0,41.5718680928595,57.4379110831234
"goa",33,"sar_lag",4,"continuous",7.603,65.0717405239774,57.4379110831234
"goa",33,"sar_lag",4,"continuous",19.5616,70.5586395082354,57.4379110831234
"goa",33,"sar_lag",4,"continuous",307.4967,74.0888133776511,57.4379110831234
"goa",33,"sar_lag",4,"continuous",101.1108,51.3532624171168,57.4379110831234
"goa",33,"sar_lag",4,"continuous",385.051,69.5547359667401,57.4379110831234
"goa",33,"sar_lag",4,"continuous",120.3135,67.3502711629677,57.4379110831234
"goa",33,"sar_lag",4,"continuous",78.5435,67.623486121787,57.4379110831234
"goa",33,"sar_lag",4,"continuous",65.5064,66.4185982068621,57.4379110831234
"goa",33,"sar_lag",4,"continuous",122.5467,71.4250573837749,57.4379110831234
"goa",33,"sar_lag",4,"continuous",2.3389,62.3435637703404,57.4379110831234
"goa",33,"sar_lag",4,"continuous",0,63.9736502867299,57.4379110831234
"goa",33,"sar_lag",4,"continuous",22.3627,70.272142582771,57.4379110831234
"goa",33,"sar_lag",4,"continuous",39.3448,54.9443870989523,57.4379110831234
"goa",33,"sar_lag",4,"continuous",0,60.7814748140982,57.4379110831234
"goa",33,"sar_lag",4,"continuous",24.1193,65.3784085286267,57.4379110831234
"goa",33,"sar_lag",4,"continuous",43.8157,17.5365419552134,57.4379110831234
"goa",33,"sar_lag",4,"continuous",18.4473,40.3011832245829,57.4379110831234
"goa",33,"sar_lag",4,"continuous",0,75.7600617107937,57.4379110831234
"goa",33,"sar_lag",4,"continuous",0,47.3075937906423,57.4379110831234
"goa",33,"sar_lag",4,"continuous",6.6492,54.477992021933,57.4379110831234
"goa",33,"sar_lag",4,"continuous",6.36,-4.87492985145993,57.4379110831234
"goa",33,"sar_lag",4,"continuous",19.1733,76.6113834499019,57.4379110831234
"goa",33,"sar_lag",4,"continuous",3.1576,59.6101122809088,57.4379110831234
"goa",33,"sar_lag",4,"continuous",0,-76.6896209494895,57.4379110831234
"goa",33,"sar_lag",4,"continuous",30.4508,42.5694773831412,57.4379110831234
"goa",33,"sar_lag",4,"continuous",0,62.8557127155576,57.4379110831234
"goa",33,"sar_lag",4,"continuous",0,30.1288095691397,57.4379110831234
"goa",33,"sar_lag",4,"continuous",0.4807,20.0843922496246,57.4379110831234
"goa",33,"sar_lag",4,"continuous",21.8932,66.8877382934532,57.4379110831234
"goa",33,"sar_lag",4,"continuous",10.219,30.1288095691397,57.4379110831234
"goa",33,"sar_lag",4,"continuous",154.547,69.1452746341091,57.4379110831234
"goa",33,"sar_lag",4,"continuous",0,20.8863847371709,57.4379110831234
"goa",33,"sar_lag",4,"continuous",0.0752,63.3698916576146,57.4379110831234
"goa",33,"sar_lag",4,"continuous",70.2558,50.8835509249005,57.4379110831234
"goa",33,"sar_lag",4,"continuous",0,15.0210322085177,57.4379110831234
"goa",33,"sar_lag",4,"continuous",35.6525,67.9894894011452,57.4379110831234
"goa",33,"sar_lag",4,"continuous",2.2514,64.8023828319057,57.4379110831234
"goa",33,"sar_lag",4,"continuous",8.5411,61.4397951623797,57.4379110831234
"goa",33,"sar_lag",4,"continuous",8.313,58.5210645316617,57.4379110831234
"goa",33,"sar_lag",4,"continuous",43.0226,63.2878466510416,57.4379110831234
"goa",33,"sar_lag",4,"continuous",0,15.4569313260705,57.4379110831234
"goa",33,"sar_lag",4,"continuous",2.9227,24.8437833227062,57.4379110831234
"goa",33,"sar_lag",4,"continuous",6.8407,-8.25536669087929,57.4379110831234
"goa",33,"sar_lag",4,"continuous",17.0813,63.1727465903318,57.4379110831234
"goa",33,"sar_lag",4,"continuous",0,-7.3758789903144,57.4379110831234
"goa",33,"sar_lag",4,"continuous",39.5628,60.456270714502,57.4379110831234
"goa",33,"sar_lag",4,"continuous",391.9478,70.0509173215437,57.4379110831234
"goa",33,"sar_lag",4,"continuous",13.6643,62.9606577413324,57.4379110831234
"goa",33,"sar_lag",4,"continuous",7.3183,62.2801232972097,57.4379110831234
"goa",33,"sar_lag",4,"continuous",0.7343,24.7827794813704,57.4379110831234
"goa",33,"sar_lag",4,"continuous",130.7254,77.0679373989941,57.4379110831234
"goa",33,"sar_lag",4,"continuous",1.8366,69.6844828861867,57.4379110831234
"goa",33,"sar_lag",4,"continuous",176.2184,74.8384228925997,57.4379110831234
"goa",33,"sar_lag",4,"continuous",5.9712,65.3885603507726,57.4379110831234
"goa",33,"sar_lag",4,"continuous",0,-65.7854605949722,57.4379110831234
"goa",33,"sar_lag",4,"continuous",30.943,65.6542860483159,57.4379110831234
"goa",33,"sar_lag",4,"continuous",0.6689,46.1973546384157,57.4379110831234
"goa",33,"sar_lag",4,"continuous",12.2485,50.7967424579108,57.4379110831234
"goa",33,"sar_lag",4,"continuous",345.5682,72.9474886313613,57.4379110831234
"goa",33,"sar_lag",4,"continuous",2.9014,62.6106828222598,57.4379110831234
"goa",33,"sar_lag",4,"continuous",0,48.8824546967275,57.4379110831234
"goa",33,"sar_lag",4,"continuous",5.3307,47.9246839333097,57.4379110831234
"goa",33,"sar_lag",4,"continuous",9.5243,56.3522714264778,57.4379110831234
"goa",33,"sar_lag",4,"continuous",6.9338,59.0713906760654,57.4379110831234
"goa",33,"sar_lag",4,"continuous",0.6647,46.1626270099428,57.4379110831234
"goa",33,"sar_lag",4,"continuous",9.7221,68.5972923157608,57.4379110831234
"goa",33,"sar_lag",4,"continuous",1.546,67.083071057035,57.4379110831234
"goa",33,"sar_lag",4,"continuous",64.2741,74.5798362044519,57.4379110831234
"goa",33,"sar_lag",4,"continuous",23.5081,65.4704006565397,57.4379110831234
"goa",33,"sar_lag",4,"continuous",3.3693,53.8134555182065,57.4379110831234
"goa",33,"sar_lag",4,"continuous",3.7054,40.4289830226953,57.4379110831234
"goa",33,"sar_lag",4,"continuous",18.7778,72.7107691044577,57.4379110831234
"goa",33,"sar_lag",4,"continuous",14.7655,22.1364068074548,57.4379110831234
"goa",33,"sar_lag",4,"continuous",287.6403,65.3285510806574,57.4379110831234
"goa",33,"sar_lag",4,"continuous",13.7316,19.2435467092232,57.4379110831234
"goa",33,"sar_lag",4,"continuous",0.976,26.8025217810294,57.4379110831234
"goa",33,"sar_lag",4,"continuous",808.0714,69.7721837198513,57.4379110831234
"goa",33,"sar_lag",4,"continuous",14.3939,51.678318169992,57.4379110831234
"goa",33,"sar_lag",5,"continuous",30.6639,54.984109396494,60.3611975903614
"goa",33,"sar_lag",5,"continuous",18.3207,43.0778965955792,60.3611975903614
"goa",33,"sar_lag",5,"continuous",64.7213,73.0466688205149,60.3611975903614
"goa",33,"sar_lag",5,"continuous",57.0843,70.707252528324,60.3611975903614
"goa",33,"sar_lag",5,"continuous",0,-28.6383575613851,60.3611975903614
"goa",33,"sar_lag",5,"continuous",25.8666,68.5824840227618,60.3611975903614
"goa",33,"sar_lag",5,"continuous",85.4468,47.2551762853961,60.3611975903614
"goa",33,"sar_lag",5,"continuous",31.6943,69.488796210338,60.3611975903614
"goa",33,"sar_lag",5,"continuous",14.1454,72.7253973195843,60.3611975903614
"goa",33,"sar_lag",5,"continuous",17.4125,71.2025989568368,60.3611975903614
"goa",33,"sar_lag",5,"continuous",71.4521,53.1025129314205,60.3611975903614
"goa",33,"sar_lag",5,"continuous",19.8659,62.7250752268785,60.3611975903614
"goa",33,"sar_lag",5,"continuous",114.4116,81.4875920287282,60.3611975903614
"goa",33,"sar_lag",5,"continuous",0.1344,53.1768496270804,60.3611975903614
"goa",33,"sar_lag",5,"continuous",5.718,74.9033414734195,60.3611975903614
"goa",33,"sar_lag",5,"continuous",59.9492,70.7017547658686,60.3611975903614
"goa",33,"sar_lag",5,"continuous",93.0971,51.4203406869847,60.3611975903614
"goa",33,"sar_lag",5,"continuous",131.3938,81.7535935728185,60.3611975903614
"goa",33,"sar_lag",5,"continuous",45.5903,80.4917361756083,60.3611975903614
"goa",33,"sar_lag",5,"continuous",2.3232,44.7208065578475,60.3611975903614
"goa",33,"sar_lag",5,"continuous",17.289,78.8039857291083,60.3611975903614
"goa",33,"sar_lag",5,"continuous",104.1167,80.6359094177512,60.3611975903614
"goa",33,"sar_lag",5,"continuous",30.2118,67.3524738450035,60.3611975903614
"goa",33,"sar_lag",5,"continuous",58.7572,44.1849405482181,60.3611975903614
"goa",33,"sar_lag",5,"continuous",3.0307,40.3358832246656,60.3611975903614
"goa",33,"sar_lag",5,"continuous",12.848,-7.34095107242202,60.3611975903614
"goa",33,"sar_lag",5,"continuous",10.0411,51.9820613009792,60.3611975903614
"goa",33,"sar_lag",5,"continuous",0,41.3579054067986,60.3611975903614
"goa",33,"sar_lag",5,"continuous",1.5337,10.0376177990668,60.3611975903614
"goa",33,"sar_lag",5,"continuous",12.1244,17.2380813927066,60.3611975903614
"goa",33,"sar_lag",5,"continuous",5.8105,44.5541472106661,60.3611975903614
"goa",33,"sar_lag",5,"continuous",44.8735,69.1725873716657,60.3611975903614
"goa",33,"sar_lag",5,"continuous",38.5649,68.2561574731721,60.3611975903614
"goa",33,"sar_lag",5,"continuous",7.5202,37.6847020569173,60.3611975903614
"goa",33,"sar_lag",5,"continuous",22.2468,46.2735251966319,60.3611975903614
"goa",33,"sar_lag",5,"continuous",1.488,-13.4585716511044,60.3611975903614
"goa",33,"sar_lag",5,"continuous",0,-3.03353761051293,60.3611975903614
"goa",33,"sar_lag",5,"continuous",24.2166,51.5228400654278,60.3611975903614
"goa",33,"sar_lag",5,"continuous",0,-33.7880029066054,60.3611975903614
"goa",33,"sar_lag",5,"continuous",56.3578,51.0987413246426,60.3611975903614
"goa",33,"sar_lag",5,"continuous",4.539,57.6474584901616,60.3611975903614
"goa",33,"sar_lag",5,"continuous",61.3939,58.2742863246764,60.3611975903614
"goa",33,"sar_lag",5,"continuous",22.3947,30.0111705313601,60.3611975903614
"goa",33,"sar_lag",5,"continuous",0,-49.2759980911437,60.3611975903614
"goa",33,"sar_lag",5,"continuous",23.9065,66.941004838031,60.3611975903614
"goa",33,"sar_lag",5,"continuous",27.4279,44.4700743563499,60.3611975903614
"goa",33,"sar_lag",5,"continuous",9.7452,77.2444851628474,60.3611975903614
"goa",33,"sar_lag",5,"continuous",20.4155,72.9854615650143,60.3611975903614
"goa",33,"sar_lag",5,"continuous",0.1332,74.7483660721615,60.3611975903614
"goa",33,"sar_lag",5,"continuous",9.4111,30.9490539225305,60.3611975903614
"goa",33,"sar_lag",5,"continuous",3.9324,70.2646611130365,60.3611975903614
"goa",33,"sar_lag",5,"continuous",0,61.5570297642062,60.3611975903614
"goa",33,"sar_lag",5,"continuous",6.2225,74.4459654306402,60.3611975903614
"goa",33,"sar_lag",5,"continuous",7.0922,81.6488600962823,60.3611975903614
"goa",33,"sar_lag",5,"continuous",4.3646,27.4081498136694,60.3611975903614
"goa",33,"sar_lag",5,"continuous",131.9522,36.7554502018736,60.3611975903614
"goa",33,"sar_lag",5,"continuous",4.612,81.8898389330812,60.3611975903614
"goa",33,"sar_lag",5,"continuous",151.8197,69.8731110822441,60.3611975903614
"goa",33,"sar_lag",5,"continuous",61.8847,66.9498199156966,60.3611975903614
"goa",33,"sar_lag",5,"continuous",2.6861,6.73524342782642,60.3611975903614
"goa",33,"sar_lag",5,"continuous",31.0716,74.4841241132087,60.3611975903614
"goa",33,"sar_lag",5,"continuous",19.2936,59.9919809624421,60.3611975903614
"goa",33,"sar_lag",5,"continuous",0,20.7843017229771,60.3611975903614
"goa",33,"sar_lag",5,"continuous",80.3646,54.3209705950533,60.3611975903614
"goa",33,"sar_lag",5,"continuous",18.043,66.0012290220972,60.3611975903614
"goa",33,"sar_lag",5,"continuous",173.044,54.1272263289269,60.3611975903614
"goa",33,"sar_lag",5,"continuous",0,2.70982599216399,60.3611975903614
"goa",33,"sar_lag",5,"continuous",0.4466,11.6776287174209,60.3611975903614
"goa",33,"sar_lag",5,"continuous",12.9297,2.4153338649835,60.3611975903614
"goa",33,"sar_lag",5,"continuous",0.0231,64.2857362020161,60.3611975903614
"goa",33,"sar_lag",5,"continuous",10.5208,41.8615651531012,60.3611975903614
"goa",33,"sar_lag",5,"continuous",36.1595,62.6867772808372,60.3611975903614
"goa",33,"sar_lag",5,"continuous",7.2206,38.2812210892287,60.3611975903614
"goa",33,"sar_lag",5,"continuous",128.776,53.1687126721574,60.3611975903614
"goa",33,"sar_lag",5,"continuous",16.0957,16.2257401613373,60.3611975903614
"goa",33,"sar_lag",5,"continuous",16.2148,-2.37292692441656,60.3611975903614
"goa",33,"sar_lag",5,"continuous",1.6588,-44.1137346879497,60.3611975903614
"goa",33,"sar_lag",5,"continuous",5.0841,-15.9079790621784,60.3611975903614
"goa",33,"sar_lag",5,"continuous",19.0893,-10.4746969861664,60.3611975903614
"goa",33,"sar_lag",5,"continuous",24.8627,52.5009677309351,60.3611975903614
"goa",33,"sar_lag",5,"continuous",7.2996,31.6887846183181,60.3611975903614
"goa",33,"sar_lag",5,"continuous",9.5641,13.7327630937575,60.3611975903614
"goa",33,"sar_lag",5,"continuous",0.3572,-49.6731947172423,60.3611975903614
"goa",33,"sar_lag",5,"continuous",24.2615,66.4707349764121,60.3611975903614
"goa",33,"sar_lag",5,"continuous",0,67.0963989610528,60.3611975903614
"goa",33,"sem_error",1,"continuous",0,-11.7714030093459,59.5517916876574
"goa",33,"sem_error",1,"continuous",6.5059,67.1911825590491,59.5517916876574
"goa",33,"sem_error",1,"continuous",20.7484,74.1885152570856,59.5517916876574
"goa",33,"sem_error",1,"continuous",3.4258,64.2233570667657,59.5517916876574
"goa",33,"sem_error",1,"continuous",8.4797,75.2208305911969,59.5517916876574
"goa",33,"sem_error",1,"continuous",63.7188,54.1993145365734,59.5517916876574
"goa",33,"sem_error",1,"continuous",1.1565,50.1574063556114,59.5517916876574
"goa",33,"sem_error",1,"continuous",43.5046,48.6964118021028,59.5517916876574
"goa",33,"sem_error",1,"continuous",3.5064,58.1956244157338,59.5517916876574
"goa",33,"sem_error",1,"continuous",0,-11.5487839211123,59.5517916876574
"goa",33,"sem_error",1,"continuous",32.9726,74.3462704747926,59.5517916876574
"goa",33,"sem_error",1,"continuous",1.8927,61.193010965078,59.5517916876574
"goa",33,"sem_error",1,"continuous",10.1555,70.5360917688994,59.5517916876574
"goa",33,"sem_error",1,"continuous",1.3243,67.1911825590491,59.5517916876574
"goa",33,"sem_error",1,"continuous",29.1366,75.4973260879685,59.5517916876574
"goa",33,"sem_error",1,"continuous",0,66.2751963493325,59.5517916876574
"goa",33,"sem_error",1,"continuous",0,22.3682263296384,59.5517916876574
"goa",33,"sem_error",1,"continuous",24.0571,72.1686164127103,59.5517916876574
"goa",33,"sem_error",1,"continuous",56.9712,68.739120599349,59.5517916876574
"goa",33,"sem_error",1,"continuous",107.5302,75.2744213868511,59.5517916876574
"goa",33,"sem_error",1,"continuous",21.9335,74.556639604523,59.5517916876574
"goa",33,"sem_error",1,"continuous",8.6668,67.1911825590491,59.5517916876574
"goa",33,"sem_error",1,"continuous",42.2079,60.5604399337508,59.5517916876574
"goa",33,"sem_error",1,"continuous",21.638,53.0668331990144,59.5517916876574
"goa",33,"sem_error",1,"continuous",109.4013,75.5005160047422,59.5517916876574
"goa",33,"sem_error",1,"continuous",0.2749,63.6609896581102,59.5517916876574
"goa",33,"sem_error",1,"continuous",0.0314,32.1846538672753,59.5517916876574
"goa",33,"sem_error",1,"continuous",49.5557,62.2340349587903,59.5517916876574
"goa",33,"sem_error",1,"continuous",1.9508,65.2875150092937,59.5517916876574
"goa",33,"sem_error",1,"continuous",1.6681,63.6609896581102,59.5517916876574
"goa",33,"sem_error",1,"continuous",11.0499,66.2751963493325,59.5517916876574
"goa",33,"sem_error",1,"continuous",2.6545,58.1956244157338,59.5517916876574
"goa",33,"sem_error",1,"continuous",4.1351,61.4025672165174,59.5517916876574
"goa",33,"sem_error",1,"continuous",1.6447,63.6609896581102,59.5517916876574
"goa",33,"sem_error",1,"continuous",17.4874,75.4740834831166,59.5517916876574
"goa",33,"sem_error",1,"continuous",84.3691,73.9029506331146,59.5517916876574
"goa",33,"sem_error",1,"continuous",144.6887,73.7553246567209,59.5517916876574
"goa",33,"sem_error",1,"continuous",123.2541,33.3191581149649,59.5517916876574
"goa",33,"sem_error",1,"continuous",1.9678,66.3896088194847,59.5517916876574
"goa",33,"sem_error",1,"continuous",24.4489,64.2606050827194,59.5517916876574
"goa",33,"sem_error",1,"continuous",3.7365,74.4416927720116,59.5517916876574
"goa",33,"sem_error",1,"continuous",51.5987,69.551256645285,59.5517916876574
"goa",33,"sem_error",1,"continuous",5.4433,52.6115389879669,59.5517916876574
"goa",33,"sem_error",1,"continuous",0.0722,-29.790601500422,59.5517916876574
"goa",33,"sem_error",1,"continuous",45.7868,64.6560786283339,59.5517916876574
"goa",33,"sem_error",1,"continuous",52.3303,59.2789028672812,59.5517916876574
"goa",33,"sem_error",1,"continuous",8.242,75.1610633958641,59.5517916876574
"goa",33,"sem_error",1,"continuous",6.7374,60.7719288280391,59.5517916876574
"goa",33,"sem_error",1,"continuous",1.1912,75.399562137645,59.5517916876574
"goa",33,"sem_error",1,"continuous",9.0688,72.400957632785,59.5517916876574
"goa",33,"sem_error",1,"continuous",6.7062,44.4834530244573,59.5517916876574
"goa",33,"sem_error",1,"continuous",31.8989,69.1955019998793,59.5517916876574
"goa",33,"sem_error",1,"continuous",21.9825,65.2875150092937,59.5517916876574
"goa",33,"sem_error",1,"continuous",8.7701,54.1275118034055,59.5517916876574
"goa",33,"sem_error",1,"continuous",2.2407,68.0398716674551,59.5517916876574
"goa",33,"sem_error",1,"continuous",129.4165,71.0144002992147,59.5517916876574
"goa",33,"sem_error",1,"continuous",0.8386,20.1416445951387,59.5517916876574
"goa",33,"sem_error",1,"continuous",18.0812,64.4587796757817,59.5517916876574
"goa",33,"sem_error",1,"continuous",0,59.8169021289119,59.5517916876574
"goa",33,"sem_error",1,"continuous",0,26.5438583064359,59.5517916876574
"goa",33,"sem_error",1,"continuous",174.0796,74.7642015191205,59.5517916876574
"goa",33,"sem_error",1,"continuous",0.6223,12.8392302741842,59.5517916876574
"goa",33,"sem_error",1,"continuous",180.0364,74.758472468016,59.5517916876574
"goa",33,"sem_error",1,"continuous",30.6219,72.400957632785,59.5517916876574
"goa",33,"sem_error",1,"continuous",36.441,68.2150805759154,59.5517916876574
"goa",33,"sem_error",1,"continuous",61.5538,75.196855893668,59.5517916876574
"goa",33,"sem_error",1,"continuous",2.1238,68.0398716674551,59.5517916876574
"goa",33,"sem_error",1,"continuous",39.3556,71.1278490632595,59.5517916876574
"goa",33,"sem_error",1,"continuous",14.8056,74.8571799209412,59.5517916876574
"goa",33,"sem_error",1,"continuous",48.8392,75.1610633958641,59.5517916876574
"goa",33,"sem_error",1,"continuous",175.5409,73.3086033982886,59.5517916876574
"goa",33,"sem_error",1,"continuous",2.3076,66.2751963493325,59.5517916876574
"goa",33,"sem_error",1,"continuous",0,-29.790601500422,59.5517916876574
"goa",33,"sem_error",1,"continuous",112.0547,73.4240082012402,59.5517916876574
"goa",33,"sem_error",1,"continuous",69.3453,62.6455205215443,59.5517916876574
"goa",33,"sem_error",1,"continuous",494.7127,73.9632831632487,59.5517916876574
"goa",33,"sem_error",1,"continuous",3.6427,75.3219805246009,59.5517916876574
"goa",33,"sem_error",1,"continuous",45.7757,73.583294983817,59.5517916876574
"goa",33,"sem_error",1,"continuous",22.6695,66.2751963493325,59.5517916876574
"goa",33,"sem_error",1,"continuous",35.6304,75.2208305911969,59.5517916876574
"goa",33,"sem_error",1,"continuous",16.1682,71.4053811103626,59.5517916876574
"goa",33,"sem_error",1,"continuous",19.1639,73.3086033982886,59.5517916876574
"goa",33,"sem_error",1,"continuous",0.6232,68.4402587904447,59.5517916876574
"goa",33,"sem_error",1,"continuous",45.2617,48.6964118021028,59.5517916876574
"goa",33,"sem_error",1,"continuous",83.1352,64.4587796757817,59.5517916876574
"goa",33,"sem_error",1,"continuous",54.3956,70.5360917688994,59.5517916876574
"goa",33,"sem_error",1,"continuous",5.209,41.6055679962841,59.5517916876574
"goa",33,"sem_error",1,"continuous",0.8887,33.9155801973201,59.5517916876574
"goa",33,"sem_error",1,"continuous",15.1962,69.1955019998793,59.5517916876574
"goa",33,"sem_error",1,"continuous",2.5034,58.413327158446,59.5517916876574
"goa",33,"sem_error",1,"continuous",10.8098,-13.5480507877444,59.5517916876574
"goa",33,"sem_error",1,"continuous",7.9787,75.3661108125402,59.5517916876574
"goa",33,"sem_error",1,"continuous",0.4758,68.8253161746604,59.5517916876574
"goa",33,"sem_error",1,"continuous",6.9596,75.3636485971289,59.5517916876574
"goa",33,"sem_error",1,"continuous",29.327,56.744659230494,59.5517916876574
"goa",33,"sem_error",1,"continuous",14.6888,64.8524857476204,59.5517916876574
"goa",33,"sem_error",1,"continuous",0,64.7653106052433,59.5517916876574
"goa",33,"sem_error",1,"continuous",2.7397,28.5027423939697,59.5517916876574
"goa",33,"sem_error",1,"continuous",24.7697,61.1930042969059,59.5517916876574
"goa",33,"sem_error",1,"continuous",17.9743,58.3367366516777,59.5517916876574
"goa",33,"sem_error",1,"continuous",530.102,58.3367366516777,59.5517916876574
"goa",33,"sem_error",1,"continuous",4.6248,68.9111662446021,59.5517916876574
"goa",33,"sem_error",1,"continuous",9.0615,53.1892027292143,59.5517916876574
"goa",33,"sem_error",2,"continuous",9.1352,67.3174004627801,51.9104294554455
"goa",33,"sem_error",2,"continuous",3.6564,49.5062378629611,51.9104294554455
"goa",33,"sem_error",2,"continuous",0.1627,42.4998148816535,51.9104294554455
"goa",33,"sem_error",2,"continuous",60.5269,69.6585818489864,51.9104294554455
"goa",33,"sem_error",2,"continuous",0.8595,69.0495043231128,51.9104294554455
"goa",33,"sem_error",2,"continuous",4.8496,65.4139999319634,51.9104294554455
"goa",33,"sem_error",2,"continuous",62.8808,70.2770863377434,51.9104294554455
"goa",33,"sem_error",2,"continuous",0.0335,-56.5144021202498,51.9104294554455
"goa",33,"sem_error",2,"continuous",0,55.4318867831238,51.9104294554455
"goa",33,"sem_error",2,"continuous",1.7306,65.32125397351,51.9104294554455
"goa",33,"sem_error",2,"continuous",9.9817,70.2527698747306,51.9104294554455
"goa",33,"sem_error",2,"continuous",0.4989,5.73288878574908,51.9104294554455
"goa",33,"sem_error",2,"continuous",6.3187,36.2707778103413,51.9104294554455
"goa",33,"sem_error",2,"continuous",55.8054,61.882263395092,51.9104294554455
"goa",33,"sem_error",2,"continuous",44.2584,70.5622480477687,51.9104294554455
"goa",33,"sem_error",2,"continuous",0,67.7437287068938,51.9104294554455
"goa",33,"sem_error",2,"continuous",0.4426,59.8834974836587,51.9104294554455
"goa",33,"sem_error",2,"continuous",2.6175,56.0045668606292,51.9104294554455
"goa",33,"sem_error",2,"continuous",0.2319,16.6496650046987,51.9104294554455
"goa",33,"sem_error",2,"continuous",16.9504,52.7202280472554,51.9104294554455
"goa",33,"sem_error",2,"continuous",922.0797,51.7280810147004,51.9104294554455
"goa",33,"sem_error",2,"continuous",45.4167,57.1796390971283,51.9104294554455
"goa",33,"sem_error",2,"continuous",67.7677,70.58766019364,51.9104294554455
"goa",33,"sem_error",2,"continuous",16.4935,70.3332914900725,51.9104294554455
"goa",33,"sem_error",2,"continuous",2.2323,57.0504437362584,51.9104294554455
"goa",33,"sem_error",2,"continuous",0,67.1423921515686,51.9104294554455
"goa",33,"sem_error",2,"continuous",5.4657,70.4063461873864,51.9104294554455
"goa",33,"sem_error",2,"continuous",0,69.2097134123328,51.9104294554455
"goa",33,"sem_error",2,"continuous",0.977,70.0631042444581,51.9104294554455
"goa",33,"sem_error",2,"continuous",50.8456,70.0099598984689,51.9104294554455
"goa",33,"sem_error",2,"continuous",64.9775,63.6700876242667,51.9104294554455
"goa",33,"sem_error",2,"continuous",34.7283,69.8373924626517,51.9104294554455
"goa",33,"sem_error",2,"continuous",63.5263,63.5296620524621,51.9104294554455
"goa",33,"sem_error",2,"continuous",18.3791,57.0130736740971,51.9104294554455
"goa",33,"sem_error",2,"continuous",83.2018,69.8970670606961,51.9104294554455
"goa",33,"sem_error",2,"continuous",24.5887,58.6575732345332,51.9104294554455
"goa",33,"sem_error",2,"continuous",0.0227,50.3391682433571,51.9104294554455
"goa",33,"sem_error",2,"continuous",9.7929,70.5452930554522,51.9104294554455
"goa",33,"sem_error",2,"continuous",73.6718,65.1561839024248,51.9104294554455
"goa",33,"sem_error",2,"continuous",45.5932,61.1778079300773,51.9104294554455
"goa",33,"sem_error",2,"continuous",16.2659,57.0504437362584,51.9104294554455
"goa",33,"sem_error",2,"continuous",4.1609,-136.253419680425,51.9104294554455
"goa",33,"sem_error",2,"continuous",0,-116.97526184228,51.9104294554455
"goa",33,"sem_error",2,"continuous",4.572,65.0565705475412,51.9104294554455
"goa",33,"sem_error",2,"continuous",4.3322,44.7667079551834,51.9104294554455
"goa",33,"sem_error",2,"continuous",5.1641,27.8713704440686,51.9104294554455
"goa",33,"sem_error",2,"continuous",50.6502,70.4063461873864,51.9104294554455
"goa",33,"sem_error",2,"continuous",37.302,41.9919309465351,51.9104294554455
"goa",33,"sem_error",2,"continuous",2.8581,68.0401671523225,51.9104294554455
"goa",33,"sem_error",2,"continuous",17.0061,58.0518758687779,51.9104294554455
"goa",33,"sem_error",2,"continuous",20.6832,58.530595239925,51.9104294554455
"goa",33,"sem_error",2,"continuous",3.3854,68.0488486004115,51.9104294554455
"goa",33,"sem_error",2,"continuous",0.556,47.1374341561004,51.9104294554455
"goa",33,"sem_error",2,"continuous",1.9319,63.8096697195892,51.9104294554455
"goa",33,"sem_error",2,"continuous",0.1045,57.0504437362584,51.9104294554455
"goa",33,"sem_error",2,"continuous",9.2768,60.8711737937429,51.9104294554455
"goa",33,"sem_error",2,"continuous",728.509,70.3698275252179,51.9104294554455
"goa",33,"sem_error",2,"continuous",102.6339,69.0495043231128,51.9104294554455
"goa",33,"sem_error",2,"continuous",193.4787,55.9875253984829,51.9104294554455
"goa",33,"sem_error",2,"continuous",50.2533,65.32125397351,51.9104294554455
"goa",33,"sem_error",2,"continuous",16.9012,64.3593044690019,51.9104294554455
"goa",33,"sem_error",2,"continuous",13.7633,68.6187923606626,51.9104294554455
"goa",33,"sem_error",2,"continuous",56.313,69.2097134123328,51.9104294554455
"goa",33,"sem_error",2,"continuous",47.6208,62.9597728210338,51.9104294554455
"goa",33,"sem_error",2,"continuous",1137.0552,41.0086967941277,51.9104294554455
"goa",33,"sem_error",2,"continuous",107.649,69.2871156528795,51.9104294554455
"goa",33,"sem_error",2,"continuous",22.2549,70.1625983512083,51.9104294554455
"goa",33,"sem_error",2,"continuous",66.4922,69.5665826542718,51.9104294554455
"goa",33,"sem_error",2,"continuous",1.4417,16.2640155541515,51.9104294554455
"goa",33,"sem_error",2,"continuous",20.3936,70.3698275252179,51.9104294554455
"goa",33,"sem_error",2,"continuous",101.2841,68.8822828963762,51.9104294554455
"goa",33,"sem_error",2,"continuous",212.6102,69.1474496269097,51.9104294554455
"goa",33,"sem_error",2,"continuous",44.894,66.7550534720126,51.9104294554455
"goa",33,"sem_error",2,"continuous",314.83,34.4182282499901,51.9104294554455
"goa",33,"sem_error",2,"continuous",33.9485,70.58766019364,51.9104294554455
"goa",33,"sem_error",2,"continuous",332.9622,70.1705293443165,51.9104294554455
"goa",33,"sem_error",2,"continuous",40.908,70.5452930554522,51.9104294554455
"goa",33,"sem_error",2,"continuous",0,44.7667079551834,51.9104294554455
"goa",33,"sem_error",2,"continuous",164.6786,59.7784188954431,51.9104294554455
"goa",33,"sem_error",2,"continuous",22.6242,54.6373284312958,51.9104294554455
"goa",33,"sem_error",2,"continuous",0,-19.9000658053477,51.9104294554455
"goa",33,"sem_error",2,"continuous",22.9798,58.6575732345332,51.9104294554455
"goa",33,"sem_error",2,"continuous",64.1688,69.8970670606961,51.9104294554455
"goa",33,"sem_error",2,"continuous",189.1297,55.4318867831238,51.9104294554455
"goa",33,"sem_error",2,"continuous",13.9397,70.2088695754949,51.9104294554455
"goa",33,"sem_error",2,"continuous",175.1373,69.9055283031587,51.9104294554455
"goa",33,"sem_error",2,"continuous",7.0672,62.9597728210338,51.9104294554455
"goa",33,"sem_error",2,"continuous",5.4954,68.1476496385717,51.9104294554455
"goa",33,"sem_error",2,"continuous",46.9061,69.6585818489864,51.9104294554455
"goa",33,"sem_error",2,"continuous",0,61.882263395092,51.9104294554455
"goa",33,"sem_error",2,"continuous",6.9348,62.2298823870681,51.9104294554455
"goa",33,"sem_error",2,"continuous",77.0548,64.5002979726959,51.9104294554455
"goa",33,"sem_error",2,"continuous",15.7402,54.1185125436127,51.9104294554455
"goa",33,"sem_error",2,"continuous",95.5371,70.5786822876944,51.9104294554455
"goa",33,"sem_error",2,"continuous",29.0522,69.1304998006819,51.9104294554455
"goa",33,"sem_error",2,"continuous",43.1269,69.6458840694343,51.9104294554455
"goa",33,"sem_error",3,"continuous",0,50.6632574867357,46.2002891472868
"goa",33,"sem_error",3,"continuous",279.3257,58.9918861592772,46.2002891472868
"goa",33,"sem_error",3,"continuous",29.6249,49.3793119416146,46.2002891472868
"goa",33,"sem_error",3,"continuous",0,28.5292658229045,46.2002891472868
"goa",33,"sem_error",3,"continuous",80.5198,52.711956317555,46.2002891472868
"goa",33,"sem_error",3,"continuous",167.5239,56.5616843985938,46.2002891472868
"goa",33,"sem_error",3,"continuous",6.1045,53.8624042877917,46.2002891472868
"goa",33,"sem_error",3,"continuous",32.0052,55.3999322591292,46.2002891472868
"goa",33,"sem_error",3,"continuous",18.5036,55.3999322591292,46.2002891472868
"goa",33,"sem_error",3,"continuous",90.1864,58.510345241335,46.2002891472868
"goa",33,"sem_error",3,"continuous",128.6797,57.2881410773842,46.2002891472868
"goa",33,"sem_error",3,"continuous",18.9675,59.2498807495913,46.2002891472868
"goa",33,"sem_error",3,"continuous",46.811,59.233774775204,46.2002891472868
"goa",33,"sem_error",3,"continuous",19.0758,59.207756836315,46.2002891472868
"goa",33,"sem_error",3,"continuous",117.0112,58.2468162717588,46.2002891472868
"goa",33,"sem_error",3,"continuous",10.1657,44.6759453144311,46.2002891472868
"goa",33,"sem_error",3,"continuous",10.2595,51.9118078889225,46.2002891472868
"goa",33,"sem_error",3,"continuous",9.3991,50.6682337297883,46.2002891472868
"goa",33,"sem_error",3,"continuous",11.4517,45.3632958064439,46.2002891472868
"goa",33,"sem_error",3,"continuous",311.7967,58.9532361922912,46.2002891472868
"goa",33,"sem_error",3,"continuous",2.3074,52.9730123546,46.2002891472868
"goa",33,"sem_error",3,"continuous",37.4043,41.8112031860828,46.2002891472868
"goa",33,"sem_error",3,"continuous",57.9916,55.511259191681,46.2002891472868
"goa",33,"sem_error",3,"continuous",302.9947,54.9441796849808,46.2002891472868
"goa",33,"sem_error",3,"continuous",1.9831,52.9730123546,46.2002891472868
"goa",33,"sem_error",3,"continuous",43.7154,58.9918861592772,46.2002891472868
"goa",33,"sem_error",3,"continuous",4.0712,23.1671200583025,46.2002891472868
"goa",33,"sem_error",3,"continuous",5.9442,58.9572827587729,46.2002891472868
"goa",33,"sem_error",3,"continuous",106.4081,59.0447031273591,46.2002891472868
"goa",33,"sem_error",3,"continuous",98.8347,58.5607519684376,46.2002891472868
"goa",33,"sem_error",3,"continuous",0.8235,43.5325214316779,46.2002891472868
"goa",33,"sem_error",3,"continuous",135.9286,53.7135962522568,46.2002891472868
"goa",33,"sem_error",3,"continuous",72.4716,59.0447031273591,46.2002891472868
"goa",33,"sem_error",3,"continuous",153.1987,59.1156718332879,46.2002891472868
"goa",33,"sem_error",3,"continuous",6.8768,58.3782826709564,46.2002891472868
"goa",33,"sem_error",3,"continuous",26.761,58.441107816625,46.2002891472868
"goa",33,"sem_error",3,"continuous",21.2925,46.6906358348377,46.2002891472868
"goa",33,"sem_error",3,"continuous",396.7223,58.661645876473,46.2002891472868
"goa",33,"sem_error",3,"continuous",28.8673,56.6599751959197,46.2002891472868
"goa",33,"sem_error",3,"continuous",9.2421,42.8786925395793,46.2002891472868
"goa",33,"sem_error",3,"continuous",21.204,42.4541647081185,46.2002891472868
"goa",33,"sem_error",3,"continuous",936.2143,59.2257509264505,46.2002891472868
"goa",33,"sem_error",3,"continuous",38.7155,56.9468408684835,46.2002891472868
"goa",33,"sem_error",3,"continuous",42.8714,59.0821979734382,46.2002891472868
"goa",33,"sem_error",3,"continuous",22.5853,57.9309096380168,46.2002891472868
"goa",33,"sem_error",3,"continuous",41.9461,57.4822602679582,46.2002891472868
"goa",33,"sem_error",3,"continuous",13.4154,45.3013678128267,46.2002891472868
"goa",33,"sem_error",3,"continuous",0,-30.0576738895306,46.2002891472868
"goa",33,"sem_error",3,"continuous",21.6062,59.2368815919209,46.2002891472868
"goa",33,"sem_error",3,"continuous",23.0324,58.1459976379899,46.2002891472868
"goa",33,"sem_error",3,"continuous",61.3756,59.2488739814733,46.2002891472868
"goa",33,"sem_error",3,"continuous",46.9531,58.8687196908718,46.2002891472868
"goa",33,"sem_error",3,"continuous",13.5986,56.8241488277553,46.2002891472868
"goa",33,"sem_error",3,"continuous",24.9107,49.2335921074842,46.2002891472868
"goa",33,"sem_error",3,"continuous",22.9359,58.338792371,46.2002891472868
"goa",33,"sem_error",3,"continuous",51.5867,56.7569477465255,46.2002891472868
"goa",33,"sem_error",3,"continuous",1153.4535,58.72999511148,46.2002891472868
"goa",33,"sem_error",3,"continuous",141.2234,57.396748201273,46.2002891472868
"goa",33,"sem_error",3,"continuous",2.147,53.8624042877917,46.2002891472868
"goa",33,"sem_error",3,"continuous",96.062,59.0821979734382,46.2002891472868
"goa",33,"sem_error",3,"continuous",31.434,58.338792371,46.2002891472868
"goa",33,"sem_error",3,"continuous",0,27.3198239161986,46.2002891472868
"goa",33,"sem_error",3,"continuous",594.0336,59.2422640852327,46.2002891472868
"goa",33,"sem_error",3,"continuous",301.8775,59.0617238967485,46.2002891472868
"goa",33,"sem_error",3,"continuous",0,47.5270223001777,46.2002891472868
"goa",33,"sem_error",3,"continuous",19.4767,27.5363504119784,46.2002891472868
"goa",33,"sem_error",3,"continuous",55.0582,57.309709611117,46.2002891472868
"goa",33,"sem_error",3,"continuous",124.7311,58.9121647206459,46.2002891472868
"goa",33,"sem_error",3,"continuous",38.0306,56.9468408684835,46.2002891472868
"goa",33,"sem_error",3,"continuous",55.1524,59.1452134846165,46.2002891472868
"goa",33,"sem_error",3,"continuous",0,41.5006588979035,46.2002891472868
"goa",33,"sem_error",3,"continuous",6.4415,51.790217394812,46.2002891472868
"goa",33,"sem_error",3,"continuous",1.3176,51.790217394812,46.2002891472868
"goa",33,"sem_error",3,"continuous",0,-26.727216131178,46.2002891472868
"goa",33,"sem_error",3,"continuous",78.4874,58.2451144419997,46.2002891472868
"goa",33,"sem_error",3,"continuous",80.9645,58.8687196908718,46.2002891472868
"goa",33,"sem_error",3,"continuous",834.5721,58.8526488513522,46.2002891472868
"goa",33,"sem_error",3,"continuous",0,52.8037067836601,46.2002891472868
"goa",33,"sem_error",3,"continuous",12.6763,59.0928098143895,46.2002891472868
"goa",33,"sem_error",3,"continuous",3.0457,51.427694036029,46.2002891472868
"goa",33,"sem_error",3,"continuous",58.5727,55.9455508192591,46.2002891472868
"goa",33,"sem_error",3,"continuous",19.7161,59.1470516202396,46.2002891472868
"goa",33,"sem_error",3,"continuous",46.6751,58.5607519684376,46.2002891472868
"goa",33,"sem_error",3,"continuous",99.1152,54.7806608361795,46.2002891472868
"goa",33,"sem_error",3,"continuous",0,29.6934007934744,46.2002891472868
"goa",33,"sem_error",3,"continuous",109.3259,58.9071668088726,46.2002891472868
"goa",33,"sem_error",3,"continuous",233.9074,57.429309829894,46.2002891472868
"goa",33,"sem_error",3,"continuous",14.1264,39.5376246814858,46.2002891472868
"goa",33,"sem_error",3,"continuous",27.5185,59.0821979734382,46.2002891472868
"goa",33,"sem_error",3,"continuous",56.0532,58.1078386726548,46.2002891472868
"goa",33,"sem_error",3,"continuous",9.4043,56.4620990603962,46.2002891472868
"goa",33,"sem_error",3,"continuous",43.1042,22.6636704914454,46.2002891472868
"goa",33,"sem_error",3,"continuous",5.7601,56.4792921771425,46.2002891472868
"goa",33,"sem_error",3,"continuous",212.0524,54.5286641600089,46.2002891472868
"goa",33,"sem_error",3,"continuous",33.4545,59.1928433274994,46.2002891472868
"goa",33,"sem_error",3,"continuous",91.5687,58.8229479255142,46.2002891472868
"goa",33,"sem_error",3,"continuous",188.2875,58.5884675226064,46.2002891472868
"goa",33,"sem_error",3,"continuous",98.9499,39.5376246814858,46.2002891472868
"goa",33,"sem_error",3,"continuous",11.3642,23.6707767521386,46.2002891472868
"goa",33,"sem_error",3,"continuous",131.6808,57.564012609069,46.2002891472868
"goa",33,"sem_error",3,"continuous",0,24.7560167484733,46.2002891472868
"goa",33,"sem_error",3,"continuous",0,39.2436123877984,46.2002891472868
"goa",33,"sem_error",3,"continuous",37.1567,56.4792921771425,46.2002891472868
"goa",33,"sem_error",3,"continuous",0,32.9340941023883,46.2002891472868
"goa",33,"sem_error",3,"continuous",1.1439,59.121270432325,46.2002891472868
"goa",33,"sem_error",3,"continuous",97.3791,59.233774775204,46.2002891472868
"goa",33,"sem_error",3,"continuous",66.2755,59.0280654981052,46.2002891472868
"goa",33,"sem_error",3,"continuous",50.6755,54.3523230511007,46.2002891472868
"goa",33,"sem_error",3,"continuous",7.2721,57.4822602679582,46.2002891472868
"goa",33,"sem_error",3,"continuous",18.8363,49.669308329263,46.2002891472868
"goa",33,"sem_error",3,"continuous",15.631,21.9823973661512,46.2002891472868
"goa",33,"sem_error",3,"continuous",7.6272,26.0628618528183,46.2002891472868
"goa",33,"sem_error",3,"continuous",0,20.5100228117618,46.2002891472868
"goa",33,"sem_error",4,"continuous",0,61.0308366542833,57.4379110831234
"goa",33,"sem_error",4,"continuous",0,69.1538735272067,57.4379110831234
"goa",33,"sem_error",4,"continuous",0,62.445477328669,57.4379110831234
"goa",33,"sem_error",4,"continuous",0,50.9581202629051,57.4379110831234
"goa",33,"sem_error",4,"continuous",25.3078,55.2120962052634,57.4379110831234
"goa",33,"sem_error",4,"continuous",9.7141,67.8862801380865,57.4379110831234
"goa",33,"sem_error",4,"continuous",1.3049,62.445477328669,57.4379110831234
"goa",33,"sem_error",4,"continuous",28.6968,68.9507340853622,57.4379110831234
"goa",33,"sem_error",4,"continuous",10.0478,67.9033483765859,57.4379110831234
"goa",33,"sem_error",4,"continuous",0,50.9399893218747,57.4379110831234
"goa",33,"sem_error",4,"continuous",22.8159,70.643605375112,57.4379110831234
"goa",33,"sem_error",4,"continuous",26.1647,52.8938906403303,57.4379110831234
"goa",33,"sem_error",4,"continuous",31.0748,47.8913196774779,57.4379110831234
"goa",33,"sem_error",4,"continuous",10.4632,65.4906653949919,57.4379110831234
"goa",33,"sem_error",4,"continuous",0,55.6703754505832,57.4379110831234
"goa",33,"sem_error",4,"continuous",0,56.359929646462,57.4379110831234
"goa",33,"sem_error",4,"continuous",13.9273,44.0987137779132,57.4379110831234
"goa",33,"sem_error",4,"continuous",40.0496,70.7045532999974,57.4379110831234
"goa",33,"sem_error",4,"continuous",35.0147,70.2213733937963,57.4379110831234
"goa",33,"sem_error",4,"continuous",62.7416,69.3528841342887,57.4379110831234
"goa",33,"sem_error",4,"continuous",26.3363,70.6843544058011,57.4379110831234
"goa",33,"sem_error",4,"continuous",19.5108,70.643605375112,57.4379110831234
"goa",33,"sem_error",4,"continuous",82.634,70.6843544058011,57.4379110831234
"goa",33,"sem_error",4,"continuous",84.5855,70.5413487833712,57.4379110831234
"goa",33,"sem_error",4,"continuous",0,59.9926915626967,57.4379110831234
"goa",33,"sem_error",4,"continuous",7.603,64.0146995294576,57.4379110831234
"goa",33,"sem_error",4,"continuous",19.5616,65.0058201907711,57.4379110831234
"goa",33,"sem_error",4,"continuous",307.4967,70.5619014470234,57.4379110831234
"goa",33,"sem_error",4,"continuous",101.1108,70.3224279863211,57.4379110831234
"goa",33,"sem_error",4,"continuous",385.051,70.6491107371606,57.4379110831234
"goa",33,"sem_error",4,"continuous",120.3135,70.7043527679863,57.4379110831234
"goa",33,"sem_error",4,"continuous",78.5435,70.6151361349418,57.4379110831234
"goa",33,"sem_error",4,"continuous",65.5064,70.0001921206832,57.4379110831234
"goa",33,"sem_error",4,"continuous",122.5467,69.1570554089844,57.4379110831234
"goa",33,"sem_error",4,"continuous",2.3389,61.5207580487476,57.4379110831234
"goa",33,"sem_error",4,"continuous",0,64.8193560739928,57.4379110831234
"goa",33,"sem_error",4,"continuous",22.3627,68.2962394415774,57.4379110831234
"goa",33,"sem_error",4,"continuous",39.3448,50.9581202629051,57.4379110831234
"goa",33,"sem_error",4,"continuous",0,61.0308366542833,57.4379110831234
"goa",33,"sem_error",4,"continuous",24.1193,64.1831947241935,57.4379110831234
"goa",33,"sem_error",4,"continuous",43.8157,36.8351050176216,57.4379110831234
"goa",33,"sem_error",4,"continuous",18.4473,59.6405148723356,57.4379110831234
"goa",33,"sem_error",4,"continuous",0,70.2810070315799,57.4379110831234
"goa",33,"sem_error",4,"continuous",0,47.133051719284,57.4379110831234
"goa",33,"sem_error",4,"continuous",6.6492,57.0239930670015,57.4379110831234
"goa",33,"sem_error",4,"continuous",6.36,23.775997401526,57.4379110831234
"goa",33,"sem_error",4,"continuous",19.1733,70.0918208411492,57.4379110831234
"goa",33,"sem_error",4,"continuous",3.1576,60.5217026230337,57.4379110831234
"goa",33,"sem_error",4,"continuous",0,-60.8039542870849,57.4379110831234
"goa",33,"sem_error",4,"continuous",30.4508,61.0308366542833,57.4379110831234
"goa",33,"sem_error",4,"continuous",0,59.443108720655,57.4379110831234
"goa",33,"sem_error",4,"continuous",0,48.1399825283175,57.4379110831234
"goa",33,"sem_error",4,"continuous",0.4807,51.8046244761671,57.4379110831234
"goa",33,"sem_error",4,"continuous",21.8932,69.1570554089844,57.4379110831234
"goa",33,"sem_error",4,"continuous",10.219,48.1399825283175,57.4379110831234
"goa",33,"sem_error",4,"continuous",154.547,69.5377760009063,57.4379110831234
"goa",33,"sem_error",4,"continuous",0,15.5513823828737,57.4379110831234
"goa",33,"sem_error",4,"continuous",0.0752,62.445477328669,57.4379110831234
"goa",33,"sem_error",4,"continuous",70.2558,69.7969615703811,57.4379110831234
"goa",33,"sem_error",4,"continuous",0,13.140734733012,57.4379110831234
"goa",33,"sem_error",4,"continuous",35.6525,62.881465955519,57.4379110831234
"goa",33,"sem_error",4,"continuous",2.2514,58.8722271030013,57.4379110831234
"goa",33,"sem_error",4,"continuous",8.5411,55.6703754505832,57.4379110831234
"goa",33,"sem_error",4,"continuous",8.313,57.0239930670015,57.4379110831234
"goa",33,"sem_error",4,"continuous",43.0226,66.1079257809355,57.4379110831234
"goa",33,"sem_error",4,"continuous",0,18.7583237066765,57.4379110831234
"goa",33,"sem_error",4,"continuous",2.9227,33.8597088365352,57.4379110831234
"goa",33,"sem_error",4,"continuous",6.8407,-7.4707359281573,57.4379110831234
"goa",33,"sem_error",4,"continuous",17.0813,57.0239930670015,57.4379110831234
"goa",33,"sem_error",4,"continuous",0,-9.58495963193377,57.4379110831234
"goa",33,"sem_error",4,"continuous",39.5628,65.4906653949919,57.4379110831234
"goa",33,"sem_error",4,"continuous",391.9478,70.685855819346,57.4379110831234
"goa",33,"sem_error",4,"continuous",13.6643,65.8058483964314,57.4379110831234
"goa",33,"sem_error",4,"continuous",7.3183,58.8722271030013,57.4379110831234
"goa",33,"sem_error",4,"continuous",0.7343,24.6909803389131,57.4379110831234
"goa",33,"sem_error",4,"continuous",130.7254,70.5413487833712,57.4379110831234
"goa",33,"sem_error",4,"continuous",1.8366,63.3006260350876,57.4379110831234
"goa",33,"sem_error",4,"continuous",176.2184,70.643605375112,57.4379110831234
"goa",33,"sem_error",4,"continuous",5.9712,64.462375269219,57.4379110831234
"goa",33,"sem_error",4,"continuous",0,-47.2185382851019,57.4379110831234
"goa",33,"sem_error",4,"continuous",30.943,66.9393245540829,57.4379110831234
"goa",33,"sem_error",4,"continuous",0.6689,64.8193560739928,57.4379110831234
"goa",33,"sem_error",4,"continuous",12.2485,55.6703754505832,57.4379110831234
"goa",33,"sem_error",4,"continuous",345.5682,70.3224279863211,57.4379110831234
"goa",33,"sem_error",4,"continuous",2.9014,70.7068703250728,57.4379110831234
"goa",33,"sem_error",4,"continuous",0,42.6928420036716,57.4379110831234
"goa",33,"sem_error",4,"continuous",5.3307,43.8684560997611,57.4379110831234
"goa",33,"sem_error",4,"continuous",9.5243,59.2518285786914,57.4379110831234
"goa",33,"sem_error",4,"continuous",6.9338,54.9543640020554,57.4379110831234
"goa",33,"sem_error",4,"continuous",0.6647,50.9399893218747,57.4379110831234
"goa",33,"sem_error",4,"continuous",9.7221,65.8058483964314,57.4379110831234
"goa",33,"sem_error",4,"continuous",1.546,65.4906653949919,57.4379110831234
"goa",33,"sem_error",4,"continuous",64.2741,70.0001921206832,57.4379110831234
"goa",33,"sem_error",4,"continuous",23.5081,70.643605375112,57.4379110831234
"goa",33,"sem_error",4,"continuous",3.3693,67.1927091926057,57.4379110831234
"goa",33,"sem_error",4,"continuous",3.7054,50.9399893218747,57.4379110831234
"goa",33,"sem_error",4,"continuous",18.7778,69.0551793766476,57.4379110831234
"goa",33,"sem_error",4,"continuous",14.7655,22.6332829395815,57.4379110831234
"goa",33,"sem_error",4,"continuous",287.6403,68.2962394415774,57.4379110831234
"goa",33,"sem_error",4,"continuous",13.7316,17.8528362295347,57.4379110831234
"goa",33,"sem_error",4,"continuous",0.976,22.1534348591309,57.4379110831234
"goa",33,"sem_error",4,"continuous",808.0714,68.1519198030826,57.4379110831234
"goa",33,"sem_error",4,"continuous",14.3939,49.1090959817836,57.4379110831234
"goa",33,"sem_error",5,"continuous",30.6639,57.3332449384329,60.3611975903614
"goa",33,"sem_error",5,"continuous",18.3207,74.5571003321784,60.3611975903614
"goa",33,"sem_error",5,"continuous",64.7213,74.1858012600326,60.3611975903614
"goa",33,"sem_error",5,"continuous",57.0843,72.4426639853234,60.3611975903614
"goa",33,"sem_error",5,"continuous",0,-11.0291566639546,60.3611975903614
"goa",33,"sem_error",5,"continuous",25.8666,70.5869650093773,60.3611975903614
"goa",33,"sem_error",5,"continuous",85.4468,69.5576609845798,60.3611975903614
"goa",33,"sem_error",5,"continuous",31.6943,69.8310298328411,60.3611975903614
"goa",33,"sem_error",5,"continuous",14.1454,74.3179504147374,60.3611975903614
"goa",33,"sem_error",5,"continuous",17.4125,74.7485799445728,60.3611975903614
"goa",33,"sem_error",5,"continuous",71.4521,74.8536727557321,60.3611975903614
"goa",33,"sem_error",5,"continuous",19.8659,60.3961855755508,60.3611975903614
"goa",33,"sem_error",5,"continuous",114.4116,74.6802904086301,60.3611975903614
"goa",33,"sem_error",5,"continuous",0.1344,74.8874514473957,60.3611975903614
"goa",33,"sem_error",5,"continuous",5.718,71.1684292766331,60.3611975903614
"goa",33,"sem_error",5,"continuous",59.9492,67.4680025830864,60.3611975903614
"goa",33,"sem_error",5,"continuous",93.0971,73.4511017238679,60.3611975903614
"goa",33,"sem_error",5,"continuous",131.3938,74.8110199742005,60.3611975903614
"goa",33,"sem_error",5,"continuous",45.5903,73.5379541116766,60.3611975903614
"goa",33,"sem_error",5,"continuous",2.3232,67.128453130691,60.3611975903614
"goa",33,"sem_error",5,"continuous",17.289,74.0977341734997,60.3611975903614
"goa",33,"sem_error",5,"continuous",104.1167,74.3179504147374,60.3611975903614
"goa",33,"sem_error",5,"continuous",30.2118,74.8888309700139,60.3611975903614
"goa",33,"sem_error",5,"continuous",58.7572,60.9939367178997,60.3611975903614
"goa",33,"sem_error",5,"continuous",3.0307,53.8784082185244,60.3611975903614
"goa",33,"sem_error",5,"continuous",12.848,-4.34066093716365,60.3611975903614
"goa",33,"sem_error",5,"continuous",10.0411,68.2967829963061,60.3611975903614
"goa",33,"sem_error",5,"continuous",0,38.4243452159612,60.3611975903614
"goa",33,"sem_error",5,"continuous",1.5337,18.4295243644806,60.3611975903614
"goa",33,"sem_error",5,"continuous",12.1244,14.7748217322293,60.3611975903614
"goa",33,"sem_error",5,"continuous",5.8105,44.8408950119061,60.3611975903614
"goa",33,"sem_error",5,"continuous",44.8735,71.6308444133009,60.3611975903614
"goa",33,"sem_error",5,"continuous",38.5649,74.8536727557321,60.3611975903614
"goa",33,"sem_error",5,"continuous",7.5202,74.8803313797764,60.3611975903614
"goa",33,"sem_error",5,"continuous",22.2468,68.6198289494885,60.3611975903614
"goa",33,"sem_error",5,"continuous",1.488,-1.22704953631614,60.3611975903614
"goa",33,"sem_error",5,"continuous",0,19.2541181969912,60.3611975903614
"goa",33,"sem_error",5,"continuous",24.2166,73.5433427675102,60.3611975903614
"goa",33,"sem_error",5,"continuous",0,-11.0291566639546,60.3611975903614
"goa",33,"sem_error",5,"continuous",56.3578,73.159643966274,60.3611975903614
"goa",33,"sem_error",5,"continuous",4.539,60.3961855755508,60.3611975903614
"goa",33,"sem_error",5,"continuous",61.3939,63.9060047557871,60.3611975903614
"goa",33,"sem_error",5,"continuous",22.3947,48.1745496662897,60.3611975903614
"goa",33,"sem_error",5,"continuous",0,-35.6737011245766,60.3611975903614
"goa",33,"sem_error",5,"continuous",23.9065,67.0731969831975,60.3611975903614
"goa",33,"sem_error",5,"continuous",27.4279,39.8024368463535,60.3611975903614
"goa",33,"sem_error",5,"continuous",9.7452,74.5448503818686,60.3611975903614
"goa",33,"sem_error",5,"continuous",20.4155,69.0947869570227,60.3611975903614
"goa",33,"sem_error",5,"continuous",0.1332,70.1203583299961,60.3611975903614
"goa",33,"sem_error",5,"continuous",9.4111,29.3181545161058,60.3611975903614
"goa",33,"sem_error",5,"continuous",3.9324,72.2821010456469,60.3611975903614
"goa",33,"sem_error",5,"continuous",0,57.0749776954568,60.3611975903614
"goa",33,"sem_error",5,"continuous",6.2225,70.6656624807872,60.3611975903614
"goa",33,"sem_error",5,"continuous",7.0922,74.8343044065725,60.3611975903614
"goa",33,"sem_error",5,"continuous",4.3646,47.1023396062593,60.3611975903614
"goa",33,"sem_error",5,"continuous",131.9522,59.3883107139945,60.3611975903614
"goa",33,"sem_error",5,"continuous",4.612,74.8573520348757,60.3611975903614
"goa",33,"sem_error",5,"continuous",151.8197,74.783899365865,60.3611975903614
"goa",33,"sem_error",5,"continuous",61.8847,73.5379541116766,60.3611975903614
"goa",33,"sem_error",5,"continuous",2.6861,1.74567880275333,60.3611975903614
"goa",33,"sem_error",5,"continuous",31.0716,71.1404964576143,60.3611975903614
"goa",33,"sem_error",5,"continuous",19.2936,67.128453130691,60.3611975903614
"goa",33,"sem_error",5,"continuous",0,17.0610296323009,60.3611975903614
"goa",33,"sem_error",5,"continuous",80.3646,61.3893603707081,60.3611975903614
"goa",33,"sem_error",5,"continuous",18.043,66.667625719646,60.3611975903614
"goa",33,"sem_error",5,"continuous",173.044,74.8874514473957,60.3611975903614
"goa",33,"sem_error",5,"continuous",0,1.74567880275333,60.3611975903614
"goa",33,"sem_error",5,"continuous",0.4466,30.7097831409328,60.3611975903614
"goa",33,"sem_error",5,"continuous",12.9297,25.4521507336713,60.3611975903614
"goa",33,"sem_error",5,"continuous",0.0231,71.1684292766331,60.3611975903614
"goa",33,"sem_error",5,"continuous",10.5208,44.9493254809879,60.3611975903614
"goa",33,"sem_error",5,"continuous",36.1595,69.2174794960422,60.3611975903614
"goa",33,"sem_error",5,"continuous",7.2206,58.5161968734386,60.3611975903614
"goa",33,"sem_error",5,"continuous",128.776,74.7485799445728,60.3611975903614
"goa",33,"sem_error",5,"continuous",16.0957,43.8288839107934,60.3611975903614
"goa",33,"sem_error",5,"continuous",16.2148,20.6897221643478,60.3611975903614
"goa",33,"sem_error",5,"continuous",1.6588,-40.6160566816941,60.3611975903614
"goa",33,"sem_error",5,"continuous",5.0841,11.9116353170477,60.3611975903614
"goa",33,"sem_error",5,"continuous",19.0893,-1.22704953631614,60.3611975903614
"goa",33,"sem_error",5,"continuous",24.8627,71.0046183371605,60.3611975903614
"goa",33,"sem_error",5,"continuous",7.2996,32.3712095091577,60.3611975903614
"goa",33,"sem_error",5,"continuous",9.5641,43.1550488680571,60.3611975903614
"goa",33,"sem_error",5,"continuous",0.3572,-27.4065632049178,60.3611975903614
"goa",33,"sem_error",5,"continuous",24.2615,68.6198289494885,60.3611975903614
"goa",33,"sem_error",5,"continuous",0,62.559896318098,60.3611975903614
"goa",33,"inla_spde",1,"continuous",0,35.3473154707897,59.5517916876574
"goa",33,"inla_spde",1,"continuous",6.5059,31.1187315746807,59.5517916876574
"goa",33,"inla_spde",1,"continuous",20.7484,35.8221941466005,59.5517916876574
"goa",33,"inla_spde",1,"continuous",3.4258,45.411267535486,59.5517916876574
"goa",33,"inla_spde",1,"continuous",8.4797,44.9345937875391,59.5517916876574
"goa",33,"inla_spde",1,"continuous",63.7188,30.2495302834219,59.5517916876574
"goa",33,"inla_spde",1,"continuous",1.1565,94.682794081541,59.5517916876574
"goa",33,"inla_spde",1,"continuous",43.5046,38.5177176302353,59.5517916876574
"goa",33,"inla_spde",1,"continuous",3.5064,42.3661022060231,59.5517916876574
"goa",33,"inla_spde",1,"continuous",0,29.90005895521,59.5517916876574
"goa",33,"inla_spde",1,"continuous",32.9726,28.4153246146237,59.5517916876574
"goa",33,"inla_spde",1,"continuous",1.8927,26.4036861065338,59.5517916876574
"goa",33,"inla_spde",1,"continuous",10.1555,28.4242016620444,59.5517916876574
"goa",33,"inla_spde",1,"continuous",1.3243,26.8799105275355,59.5517916876574
"goa",33,"inla_spde",1,"continuous",29.1366,43.6775659453246,59.5517916876574
"goa",33,"inla_spde",1,"continuous",0,49.4508088306181,59.5517916876574
"goa",33,"inla_spde",1,"continuous",0,31.26221715648,59.5517916876574
"goa",33,"inla_spde",1,"continuous",24.0571,40.126630038415,59.5517916876574
"goa",33,"inla_spde",1,"continuous",56.9712,44.8792672612715,59.5517916876574
"goa",33,"inla_spde",1,"continuous",107.5302,103.845371957731,59.5517916876574
"goa",33,"inla_spde",1,"continuous",21.9335,99.8014091138222,59.5517916876574
"goa",33,"inla_spde",1,"continuous",8.6668,193.480273163258,59.5517916876574
"goa",33,"inla_spde",1,"continuous",42.2079,85.432308735705,59.5517916876574
"goa",33,"inla_spde",1,"continuous",21.638,44.9161648872943,59.5517916876574
"goa",33,"inla_spde",1,"continuous",109.4013,28.2993128594842,59.5517916876574
"goa",33,"inla_spde",1,"continuous",0.2749,27.2089514602166,59.5517916876574
"goa",33,"inla_spde",1,"continuous",0.0314,49.9983697135544,59.5517916876574
"goa",33,"inla_spde",1,"continuous",49.5557,90.5847557517349,59.5517916876574
"goa",33,"inla_spde",1,"continuous",1.9508,39.5089210298248,59.5517916876574
"goa",33,"inla_spde",1,"continuous",1.6681,38.0153456380075,59.5517916876574
"goa",33,"inla_spde",1,"continuous",11.0499,37.4510007437872,59.5517916876574
"goa",33,"inla_spde",1,"continuous",2.6545,27.9008877394026,59.5517916876574
"goa",33,"inla_spde",1,"continuous",4.1351,28.8801210494206,59.5517916876574
"goa",33,"inla_spde",1,"continuous",1.6447,29.8446560061704,59.5517916876574
"goa",33,"inla_spde",1,"continuous",17.4874,39.7048698126247,59.5517916876574
"goa",33,"inla_spde",1,"continuous",84.3691,40.5894199746364,59.5517916876574
"goa",33,"inla_spde",1,"continuous",144.6887,44.5593159020732,59.5517916876574
"goa",33,"inla_spde",1,"continuous",123.2541,66.7547565945508,59.5517916876574
"goa",33,"inla_spde",1,"continuous",1.9678,44.5254522416251,59.5517916876574
"goa",33,"inla_spde",1,"continuous",24.4489,29.0177497333024,59.5517916876574
"goa",33,"inla_spde",1,"continuous",3.7365,42.6519822678689,59.5517916876574
"goa",33,"inla_spde",1,"continuous",51.5987,39.3600672219988,59.5517916876574
"goa",33,"inla_spde",1,"continuous",5.4433,30.7505063149188,59.5517916876574
"goa",33,"inla_spde",1,"continuous",0.0722,44.1274791953934,59.5517916876574
"goa",33,"inla_spde",1,"continuous",45.7868,58.2385591428973,59.5517916876574
"goa",33,"inla_spde",1,"continuous",52.3303,72.1784067722227,59.5517916876574
"goa",33,"inla_spde",1,"continuous",8.242,40.3271531495251,59.5517916876574
"goa",33,"inla_spde",1,"continuous",6.7374,44.4946919824573,59.5517916876574
"goa",33,"inla_spde",1,"continuous",1.1912,44.6228390967799,59.5517916876574
"goa",33,"inla_spde",1,"continuous",9.0688,30.9324611488037,59.5517916876574
"goa",33,"inla_spde",1,"continuous",6.7062,27.9254944356493,59.5517916876574
"goa",33,"inla_spde",1,"continuous",31.8989,38.1111934610269,59.5517916876574
"goa",33,"inla_spde",1,"continuous",21.9825,53.3533334729921,59.5517916876574
"goa",33,"inla_spde",1,"continuous",8.7701,41.8975663211466,59.5517916876574
"goa",33,"inla_spde",1,"continuous",2.2407,40.5728101118197,59.5517916876574
"goa",33,"inla_spde",1,"continuous",129.4165,67.1880478514217,59.5517916876574
"goa",33,"inla_spde",1,"continuous",0.8386,102.388804261187,59.5517916876574
"goa",33,"inla_spde",1,"continuous",18.0812,28.3252169358538,59.5517916876574
"goa",33,"inla_spde",1,"continuous",0,32.4960643952518,59.5517916876574
"goa",33,"inla_spde",1,"continuous",0,27.7947279657328,59.5517916876574
"goa",33,"inla_spde",1,"continuous",174.0796,40.2944532157022,59.5517916876574
"goa",33,"inla_spde",1,"continuous",0.6223,45.7988940151513,59.5517916876574
"goa",33,"inla_spde",1,"continuous",180.0364,43.8387866873291,59.5517916876574
"goa",33,"inla_spde",1,"continuous",30.6219,38.7728305506364,59.5517916876574
"goa",33,"inla_spde",1,"continuous",36.441,91.5924054521185,59.5517916876574
"goa",33,"inla_spde",1,"continuous",61.5538,27.6517596605115,59.5517916876574
"goa",33,"inla_spde",1,"continuous",2.1238,39.9733404588014,59.5517916876574
"goa",33,"inla_spde",1,"continuous",39.3556,34.1215149210153,59.5517916876574
"goa",33,"inla_spde",1,"continuous",14.8056,33.6640206699322,59.5517916876574
"goa",33,"inla_spde",1,"continuous",48.8392,40.8519982400186,59.5517916876574
"goa",33,"inla_spde",1,"continuous",175.5409,43.7958928029092,59.5517916876574
"goa",33,"inla_spde",1,"continuous",2.3076,77.9891484863369,59.5517916876574
"goa",33,"inla_spde",1,"continuous",0,39.3332644589406,59.5517916876574
"goa",33,"inla_spde",1,"continuous",112.0547,48.8800049091884,59.5517916876574
"goa",33,"inla_spde",1,"continuous",69.3453,89.222745746107,59.5517916876574
"goa",33,"inla_spde",1,"continuous",494.7127,202.551766994191,59.5517916876574
"goa",33,"inla_spde",1,"continuous",3.6427,30.3899126150946,59.5517916876574
"goa",33,"inla_spde",1,"continuous",45.7757,41.9841215200113,59.5517916876574
"goa",33,"inla_spde",1,"continuous",22.6695,50.0465019214297,59.5517916876574
"goa",33,"inla_spde",1,"continuous",35.6304,47.9556495085958,59.5517916876574
"goa",33,"inla_spde",1,"continuous",16.1682,41.737216461824,59.5517916876574
"goa",33,"inla_spde",1,"continuous",19.1639,52.8114183278722,59.5517916876574
"goa",33,"inla_spde",1,"continuous",0.6232,44.3432726676869,59.5517916876574
"goa",33,"inla_spde",1,"continuous",45.2617,27.4458673003743,59.5517916876574
"goa",33,"inla_spde",1,"continuous",83.1352,42.5215505431956,59.5517916876574
"goa",33,"inla_spde",1,"continuous",54.3956,41.6421910092257,59.5517916876574
"goa",33,"inla_spde",1,"continuous",5.209,50.4266932775086,59.5517916876574
"goa",33,"inla_spde",1,"continuous",0.8887,50.0185672803101,59.5517916876574
"goa",33,"inla_spde",1,"continuous",15.1962,32.9227804871722,59.5517916876574
"goa",33,"inla_spde",1,"continuous",2.5034,41.9863583844735,59.5517916876574
"goa",33,"inla_spde",1,"continuous",10.8098,36.7347197391926,59.5517916876574
"goa",33,"inla_spde",1,"continuous",7.9787,47.3456301704694,59.5517916876574
"goa",33,"inla_spde",1,"continuous",0.4758,52.7417910622485,59.5517916876574
"goa",33,"inla_spde",1,"continuous",6.9596,37.1654269721276,59.5517916876574
"goa",33,"inla_spde",1,"continuous",29.327,33.1052058314624,59.5517916876574
"goa",33,"inla_spde",1,"continuous",14.6888,28.3560859517291,59.5517916876574
"goa",33,"inla_spde",1,"continuous",0,29.5120892991937,59.5517916876574
"goa",33,"inla_spde",1,"continuous",2.7397,33.0368261420731,59.5517916876574
"goa",33,"inla_spde",1,"continuous",24.7697,110.257437658388,59.5517916876574
"goa",33,"inla_spde",1,"continuous",17.9743,29.9406521617587,59.5517916876574
"goa",33,"inla_spde",1,"continuous",530.102,49.4983489559357,59.5517916876574
"goa",33,"inla_spde",1,"continuous",4.6248,72.5594929907291,59.5517916876574
"goa",33,"inla_spde",1,"continuous",9.0615,69.7306878870907,59.5517916876574
"goa",33,"inla_spde",2,"continuous",9.1352,44.1803438996692,51.9104294554455
"goa",33,"inla_spde",2,"continuous",3.6564,47.7768462367088,51.9104294554455
"goa",33,"inla_spde",2,"continuous",0.1627,57.0534842782483,51.9104294554455
"goa",33,"inla_spde",2,"continuous",60.5269,46.9096190071971,51.9104294554455
"goa",33,"inla_spde",2,"continuous",0.8595,47.9439447144799,51.9104294554455
"goa",33,"inla_spde",2,"continuous",4.8496,49.7086732987786,51.9104294554455
"goa",33,"inla_spde",2,"continuous",62.8808,149.183111263551,51.9104294554455
"goa",33,"inla_spde",2,"continuous",0.0335,39.1057093488626,51.9104294554455
"goa",33,"inla_spde",2,"continuous",0,25.7964370086524,51.9104294554455
"goa",33,"inla_spde",2,"continuous",1.7306,33.2002546101906,51.9104294554455
"goa",33,"inla_spde",2,"continuous",9.9817,43.831339054935,51.9104294554455
"goa",33,"inla_spde",2,"continuous",0.4989,56.1115602087385,51.9104294554455
"goa",33,"inla_spde",2,"continuous",6.3187,52.5617285224272,51.9104294554455
"goa",33,"inla_spde",2,"continuous",55.8054,34.4302650848698,51.9104294554455
"goa",33,"inla_spde",2,"continuous",44.2584,131.472561932396,51.9104294554455
"goa",33,"inla_spde",2,"continuous",0,44.3342742304621,51.9104294554455
"goa",33,"inla_spde",2,"continuous",0.4426,38.9406064058887,51.9104294554455
"goa",33,"inla_spde",2,"continuous",2.6175,51.3870932631219,51.9104294554455
"goa",33,"inla_spde",2,"continuous",0.2319,40.6241687193361,51.9104294554455
"goa",33,"inla_spde",2,"continuous",16.9504,55.4075593756226,51.9104294554455
"goa",33,"inla_spde",2,"continuous",922.0797,26.5521639615617,51.9104294554455
"goa",33,"inla_spde",2,"continuous",45.4167,44.5560630729133,51.9104294554455
"goa",33,"inla_spde",2,"continuous",67.7677,33.829359746269,51.9104294554455
"goa",33,"inla_spde",2,"continuous",16.4935,87.2591960836154,51.9104294554455
"goa",33,"inla_spde",2,"continuous",2.2323,37.5525699994196,51.9104294554455
"goa",33,"inla_spde",2,"continuous",0,45.3690397034111,51.9104294554455
"goa",33,"inla_spde",2,"continuous",5.4657,45.8067958995602,51.9104294554455
"goa",33,"inla_spde",2,"continuous",0,49.8955717284986,51.9104294554455
"goa",33,"inla_spde",2,"continuous",0.977,45.5147601388573,51.9104294554455
"goa",33,"inla_spde",2,"continuous",50.8456,44.3383303135108,51.9104294554455
"goa",33,"inla_spde",2,"continuous",64.9775,52.9134398755106,51.9104294554455
"goa",33,"inla_spde",2,"continuous",34.7283,49.2218157532987,51.9104294554455
"goa",33,"inla_spde",2,"continuous",63.5263,38.4611613446355,51.9104294554455
"goa",33,"inla_spde",2,"continuous",18.3791,53.9954380902288,51.9104294554455
"goa",33,"inla_spde",2,"continuous",83.2018,48.0980181089995,51.9104294554455
"goa",33,"inla_spde",2,"continuous",24.5887,51.7838891564175,51.9104294554455
"goa",33,"inla_spde",2,"continuous",0.0227,37.9160216145797,51.9104294554455
"goa",33,"inla_spde",2,"continuous",9.7929,39.1767947261134,51.9104294554455
"goa",33,"inla_spde",2,"continuous",73.6718,37.4703122485378,51.9104294554455
"goa",33,"inla_spde",2,"continuous",45.5932,39.8407169364324,51.9104294554455
"goa",33,"inla_spde",2,"continuous",16.2659,91.2135595560759,51.9104294554455
"goa",33,"inla_spde",2,"continuous",4.1609,75.8970601573027,51.9104294554455
"goa",33,"inla_spde",2,"continuous",0,33.5990260247325,51.9104294554455
"goa",33,"inla_spde",2,"continuous",4.572,42.3808649208996,51.9104294554455
"goa",33,"inla_spde",2,"continuous",4.3322,38.2640714927557,51.9104294554455
"goa",33,"inla_spde",2,"continuous",5.1641,92.1471361212806,51.9104294554455
"goa",33,"inla_spde",2,"continuous",50.6502,111.20794251294,51.9104294554455
"goa",33,"inla_spde",2,"continuous",37.302,50.0739911589608,51.9104294554455
"goa",33,"inla_spde",2,"continuous",2.8581,31.7326838701309,51.9104294554455
"goa",33,"inla_spde",2,"continuous",17.0061,31.2582833510323,51.9104294554455
"goa",33,"inla_spde",2,"continuous",20.6832,36.9433086990832,51.9104294554455
"goa",33,"inla_spde",2,"continuous",3.3854,45.8668353754922,51.9104294554455
"goa",33,"inla_spde",2,"continuous",0.556,56.1101217877007,51.9104294554455
"goa",33,"inla_spde",2,"continuous",1.9319,53.1155902289372,51.9104294554455
"goa",33,"inla_spde",2,"continuous",0.1045,41.8314227208244,51.9104294554455
"goa",33,"inla_spde",2,"continuous",9.2768,50.4210549211223,51.9104294554455
"goa",33,"inla_spde",2,"continuous",728.509,123.987220844502,51.9104294554455
"goa",33,"inla_spde",2,"continuous",102.6339,111.952658652426,51.9104294554455
"goa",33,"inla_spde",2,"continuous",193.4787,126.246911282528,51.9104294554455
"goa",33,"inla_spde",2,"continuous",50.2533,98.1828588219395,51.9104294554455
"goa",33,"inla_spde",2,"continuous",16.9012,49.5622933416878,51.9104294554455
"goa",33,"inla_spde",2,"continuous",13.7633,47.3280940231593,51.9104294554455
"goa",33,"inla_spde",2,"continuous",56.313,46.4911037449535,51.9104294554455
"goa",33,"inla_spde",2,"continuous",47.6208,38.6190375347812,51.9104294554455
"goa",33,"inla_spde",2,"continuous",1137.0552,100.652065472808,51.9104294554455
"goa",33,"inla_spde",2,"continuous",107.649,109.072770898702,51.9104294554455
"goa",33,"inla_spde",2,"continuous",22.2549,136.583220014219,51.9104294554455
"goa",33,"inla_spde",2,"continuous",66.4922,115.098932621527,51.9104294554455
"goa",33,"inla_spde",2,"continuous",1.4417,50.0937723308907,51.9104294554455
"goa",33,"inla_spde",2,"continuous",20.3936,47.1954965067177,51.9104294554455
"goa",33,"inla_spde",2,"continuous",101.2841,50.4895978033529,51.9104294554455
"goa",33,"inla_spde",2,"continuous",212.6102,39.7891679741791,51.9104294554455
"goa",33,"inla_spde",2,"continuous",44.894,36.9692480761627,51.9104294554455
"goa",33,"inla_spde",2,"continuous",314.83,86.6516135023337,51.9104294554455
"goa",33,"inla_spde",2,"continuous",33.9485,90.8740779593225,51.9104294554455
"goa",33,"inla_spde",2,"continuous",332.9622,110.769578813856,51.9104294554455
"goa",33,"inla_spde",2,"continuous",40.908,73.6027527003453,51.9104294554455
"goa",33,"inla_spde",2,"continuous",0,47.1987700371736,51.9104294554455
"goa",33,"inla_spde",2,"continuous",164.6786,48.2703398026967,51.9104294554455
"goa",33,"inla_spde",2,"continuous",22.6242,49.3403634716734,51.9104294554455
"goa",33,"inla_spde",2,"continuous",0,19.6521630145631,51.9104294554455
"goa",33,"inla_spde",2,"continuous",22.9798,42.6873180338445,51.9104294554455
"goa",33,"inla_spde",2,"continuous",64.1688,49.2500185266558,51.9104294554455
"goa",33,"inla_spde",2,"continuous",189.1297,126.072784894071,51.9104294554455
"goa",33,"inla_spde",2,"continuous",13.9397,98.478155291284,51.9104294554455
"goa",33,"inla_spde",2,"continuous",175.1373,62.8610938679275,51.9104294554455
"goa",33,"inla_spde",2,"continuous",7.0672,47.3413710787092,51.9104294554455
"goa",33,"inla_spde",2,"continuous",5.4954,51.4586885507983,51.9104294554455
"goa",33,"inla_spde",2,"continuous",46.9061,46.8707744715038,51.9104294554455
"goa",33,"inla_spde",2,"continuous",0,42.7459877285626,51.9104294554455
"goa",33,"inla_spde",2,"continuous",6.9348,49.8150000448288,51.9104294554455
"goa",33,"inla_spde",2,"continuous",77.0548,42.8001169190983,51.9104294554455
"goa",33,"inla_spde",2,"continuous",15.7402,49.5490019583582,51.9104294554455
"goa",33,"inla_spde",2,"continuous",95.5371,33.7708802009303,51.9104294554455
"goa",33,"inla_spde",2,"continuous",29.0522,128.680268750994,51.9104294554455
"goa",33,"inla_spde",2,"continuous",43.1269,131.330676623427,51.9104294554455
"goa",33,"inla_spde",3,"continuous",0,38.5139664655078,46.2002891472868
"goa",33,"inla_spde",3,"continuous",279.3257,54.9550463031884,46.2002891472868
"goa",33,"inla_spde",3,"continuous",29.6249,41.9964469993643,46.2002891472868
"goa",33,"inla_spde",3,"continuous",0,60.038714481048,46.2002891472868
"goa",33,"inla_spde",3,"continuous",80.5198,37.2970127832216,46.2002891472868
"goa",33,"inla_spde",3,"continuous",167.5239,38.7876447801343,46.2002891472868
"goa",33,"inla_spde",3,"continuous",6.1045,35.2811493622061,46.2002891472868
"goa",33,"inla_spde",3,"continuous",32.0052,41.3961652996514,46.2002891472868
"goa",33,"inla_spde",3,"continuous",18.5036,35.4816011987741,46.2002891472868
"goa",33,"inla_spde",3,"continuous",90.1864,46.0397318871715,46.2002891472868
"goa",33,"inla_spde",3,"continuous",128.6797,54.0502066297666,46.2002891472868
"goa",33,"inla_spde",3,"continuous",18.9675,39.9829913036915,46.2002891472868
"goa",33,"inla_spde",3,"continuous",46.811,37.9195527119013,46.2002891472868
"goa",33,"inla_spde",3,"continuous",19.0758,33.2959315713621,46.2002891472868
"goa",33,"inla_spde",3,"continuous",117.0112,40.8107391596155,46.2002891472868
"goa",33,"inla_spde",3,"continuous",10.1657,33.5388226390489,46.2002891472868
"goa",33,"inla_spde",3,"continuous",10.2595,31.6726002790374,46.2002891472868
"goa",33,"inla_spde",3,"continuous",9.3991,28.0928517742012,46.2002891472868
"goa",33,"inla_spde",3,"continuous",11.4517,44.4691332302653,46.2002891472868
"goa",33,"inla_spde",3,"continuous",311.7967,41.4344471780777,46.2002891472868
"goa",33,"inla_spde",3,"continuous",2.3074,34.1528944864846,46.2002891472868
"goa",33,"inla_spde",3,"continuous",37.4043,40.6064174315604,46.2002891472868
"goa",33,"inla_spde",3,"continuous",57.9916,44.4121514974939,46.2002891472868
"goa",33,"inla_spde",3,"continuous",302.9947,39.518535030457,46.2002891472868
"goa",33,"inla_spde",3,"continuous",1.9831,33.8929881105119,46.2002891472868
"goa",33,"inla_spde",3,"continuous",43.7154,37.2144868244509,46.2002891472868
"goa",33,"inla_spde",3,"continuous",4.0712,32.1905756577641,46.2002891472868
"goa",33,"inla_spde",3,"continuous",5.9442,31.9540275286791,46.2002891472868
"goa",33,"inla_spde",3,"continuous",106.4081,39.2875600895901,46.2002891472868
"goa",33,"inla_spde",3,"continuous",98.8347,35.5989015900151,46.2002891472868
"goa",33,"inla_spde",3,"continuous",0.8235,43.1818169621344,46.2002891472868
"goa",33,"inla_spde",3,"continuous",135.9286,131.614329611083,46.2002891472868
"goa",33,"inla_spde",3,"continuous",72.4716,35.0264852798954,46.2002891472868
"goa",33,"inla_spde",3,"continuous",153.1987,36.6875672427523,46.2002891472868
"goa",33,"inla_spde",3,"continuous",6.8768,32.9461116293903,46.2002891472868
"goa",33,"inla_spde",3,"continuous",26.761,36.1039557042031,46.2002891472868
"goa",33,"inla_spde",3,"continuous",21.2925,31.4494564867102,46.2002891472868
"goa",33,"inla_spde",3,"continuous",396.7223,38.9564137760923,46.2002891472868
"goa",33,"inla_spde",3,"continuous",28.8673,36.4805394105804,46.2002891472868
"goa",33,"inla_spde",3,"continuous",9.2421,63.1754680107324,46.2002891472868
"goa",33,"inla_spde",3,"continuous",21.204,40.5079521477623,46.2002891472868
"goa",33,"inla_spde",3,"continuous",936.2143,58.0451190306496,46.2002891472868
"goa",33,"inla_spde",3,"continuous",38.7155,39.4555551025665,46.2002891472868
"goa",33,"inla_spde",3,"continuous",42.8714,35.3531104277072,46.2002891472868
"goa",33,"inla_spde",3,"continuous",22.5853,34.4414400093666,46.2002891472868
"goa",33,"inla_spde",3,"continuous",41.9461,33.5524446711713,46.2002891472868
"goa",33,"inla_spde",3,"continuous",13.4154,36.8006131095129,46.2002891472868
"goa",33,"inla_spde",3,"continuous",0,36.0553520830575,46.2002891472868
"goa",33,"inla_spde",3,"continuous",21.6062,36.3881186511622,46.2002891472868
"goa",33,"inla_spde",3,"continuous",23.0324,33.9274052669443,46.2002891472868
"goa",33,"inla_spde",3,"continuous",61.3756,39.9042874977672,46.2002891472868
"goa",33,"inla_spde",3,"continuous",46.9531,36.6471008572943,46.2002891472868
"goa",33,"inla_spde",3,"continuous",13.5986,35.3100998536401,46.2002891472868
"goa",33,"inla_spde",3,"continuous",24.9107,32.4320096438131,46.2002891472868
"goa",33,"inla_spde",3,"continuous",22.9359,41.3841603639048,46.2002891472868
"goa",33,"inla_spde",3,"continuous",51.5867,138.794606787288,46.2002891472868
"goa",33,"inla_spde",3,"continuous",1153.4535,57.3617276600032,46.2002891472868
"goa",33,"inla_spde",3,"continuous",141.2234,42.3897373216365,46.2002891472868
"goa",33,"inla_spde",3,"continuous",2.147,37.0521617313606,46.2002891472868
"goa",33,"inla_spde",3,"continuous",96.062,47.35802017909,46.2002891472868
"goa",33,"inla_spde",3,"continuous",31.434,40.987049669639,46.2002891472868
"goa",33,"inla_spde",3,"continuous",0,59.5985817055621,46.2002891472868
"goa",33,"inla_spde",3,"continuous",594.0336,39.0680935246053,46.2002891472868
"goa",33,"inla_spde",3,"continuous",301.8775,36.0271738841384,46.2002891472868
"goa",33,"inla_spde",3,"continuous",0,38.8866743094262,46.2002891472868
"goa",33,"inla_spde",3,"continuous",19.4767,37.0782375352532,46.2002891472868
"goa",33,"inla_spde",3,"continuous",55.0582,43.0278155294587,46.2002891472868
"goa",33,"inla_spde",3,"continuous",124.7311,37.1986523325312,46.2002891472868
"goa",33,"inla_spde",3,"continuous",38.0306,38.4980213384135,46.2002891472868
"goa",33,"inla_spde",3,"continuous",55.1524,37.1645742016092,46.2002891472868
"goa",33,"inla_spde",3,"continuous",0,36.3065058419828,46.2002891472868
"goa",33,"inla_spde",3,"continuous",6.4415,40.7618841352638,46.2002891472868
"goa",33,"inla_spde",3,"continuous",1.3176,36.8918038087319,46.2002891472868
"goa",33,"inla_spde",3,"continuous",0,38.4649951402182,46.2002891472868
"goa",33,"inla_spde",3,"continuous",78.4874,36.9543641907204,46.2002891472868
"goa",33,"inla_spde",3,"continuous",80.9645,66.7707150460746,46.2002891472868
"goa",33,"inla_spde",3,"continuous",834.5721,38.1511742776164,46.2002891472868
"goa",33,"inla_spde",3,"continuous",0,37.4886539973996,46.2002891472868
"goa",33,"inla_spde",3,"continuous",12.6763,36.0149466250905,46.2002891472868
"goa",33,"inla_spde",3,"continuous",3.0457,41.2280504047456,46.2002891472868
"goa",33,"inla_spde",3,"continuous",58.5727,41.7677303593945,46.2002891472868
"goa",33,"inla_spde",3,"continuous",19.7161,43.1510147656632,46.2002891472868
"goa",33,"inla_spde",3,"continuous",46.6751,41.2945522704215,46.2002891472868
"goa",33,"inla_spde",3,"continuous",99.1152,90.9074775561108,46.2002891472868
"goa",33,"inla_spde",3,"continuous",0,37.6409682093271,46.2002891472868
"goa",33,"inla_spde",3,"continuous",109.3259,37.1714497159255,46.2002891472868
"goa",33,"inla_spde",3,"continuous",233.9074,40.5145909922938,46.2002891472868
"goa",33,"inla_spde",3,"continuous",14.1264,34.0372203274974,46.2002891472868
"goa",33,"inla_spde",3,"continuous",27.5185,34.020294913289,46.2002891472868
"goa",33,"inla_spde",3,"continuous",56.0532,37.5899191841145,46.2002891472868
"goa",33,"inla_spde",3,"continuous",9.4043,39.7856623626193,46.2002891472868
"goa",33,"inla_spde",3,"continuous",43.1042,33.6327735282091,46.2002891472868
"goa",33,"inla_spde",3,"continuous",5.7601,37.2480267422729,46.2002891472868
"goa",33,"inla_spde",3,"continuous",212.0524,154.070001080668,46.2002891472868
"goa",33,"inla_spde",3,"continuous",33.4545,37.2141842572785,46.2002891472868
"goa",33,"inla_spde",3,"continuous",91.5687,38.3302795791871,46.2002891472868
"goa",33,"inla_spde",3,"continuous",188.2875,39.3507835488396,46.2002891472868
"goa",33,"inla_spde",3,"continuous",98.9499,34.02895683126,46.2002891472868
"goa",33,"inla_spde",3,"continuous",11.3642,45.6320388706132,46.2002891472868
"goa",33,"inla_spde",3,"continuous",131.6808,35.5436041995872,46.2002891472868
"goa",33,"inla_spde",3,"continuous",0,41.5606910321017,46.2002891472868
"goa",33,"inla_spde",3,"continuous",0,38.1792754937211,46.2002891472868
"goa",33,"inla_spde",3,"continuous",37.1567,38.0410971140411,46.2002891472868
"goa",33,"inla_spde",3,"continuous",0,54.9410417610417,46.2002891472868
"goa",33,"inla_spde",3,"continuous",1.1439,39.6603314998668,46.2002891472868
"goa",33,"inla_spde",3,"continuous",97.3791,60.9752994776814,46.2002891472868
"goa",33,"inla_spde",3,"continuous",66.2755,38.2149244048464,46.2002891472868
"goa",33,"inla_spde",3,"continuous",50.6755,43.1079238808642,46.2002891472868
"goa",33,"inla_spde",3,"continuous",7.2721,33.6635130413505,46.2002891472868
"goa",33,"inla_spde",3,"continuous",18.8363,36.1686739149853,46.2002891472868
"goa",33,"inla_spde",3,"continuous",15.631,34.4331905160272,46.2002891472868
"goa",33,"inla_spde",3,"continuous",7.6272,30.9431842137322,46.2002891472868
"goa",33,"inla_spde",3,"continuous",0,35.7067618508216,46.2002891472868
"goa",33,"inla_spde",4,"continuous",0,40.2897277894297,57.4379110831234
"goa",33,"inla_spde",4,"continuous",0,44.0335345862432,57.4379110831234
"goa",33,"inla_spde",4,"continuous",0,42.3853801245742,57.4379110831234
"goa",33,"inla_spde",4,"continuous",0,40.8939743072862,57.4379110831234
"goa",33,"inla_spde",4,"continuous",25.3078,40.4861737152547,57.4379110831234
"goa",33,"inla_spde",4,"continuous",9.7141,42.6208052946131,57.4379110831234
"goa",33,"inla_spde",4,"continuous",1.3049,38.8189742659301,57.4379110831234
"goa",33,"inla_spde",4,"continuous",28.6968,48.8131445882136,57.4379110831234
"goa",33,"inla_spde",4,"continuous",10.0478,47.5353483707046,57.4379110831234
"goa",33,"inla_spde",4,"continuous",0,50.7720860082464,57.4379110831234
"goa",33,"inla_spde",4,"continuous",22.8159,46.4981542371473,57.4379110831234
"goa",33,"inla_spde",4,"continuous",26.1647,43.8986259485669,57.4379110831234
"goa",33,"inla_spde",4,"continuous",31.0748,43.1766984781965,57.4379110831234
"goa",33,"inla_spde",4,"continuous",10.4632,47.2222769269769,57.4379110831234
"goa",33,"inla_spde",4,"continuous",0,45.47988388703,57.4379110831234
"goa",33,"inla_spde",4,"continuous",0,43.2681943566274,57.4379110831234
"goa",33,"inla_spde",4,"continuous",13.9273,47.3161655498857,57.4379110831234
"goa",33,"inla_spde",4,"continuous",40.0496,48.1557065260616,57.4379110831234
"goa",33,"inla_spde",4,"continuous",35.0147,45.3336634766229,57.4379110831234
"goa",33,"inla_spde",4,"continuous",62.7416,45.5104541039168,57.4379110831234
"goa",33,"inla_spde",4,"continuous",26.3363,38.5543520923546,57.4379110831234
"goa",33,"inla_spde",4,"continuous",19.5108,39.278180499013,57.4379110831234
"goa",33,"inla_spde",4,"continuous",82.634,35.642654530625,57.4379110831234
"goa",33,"inla_spde",4,"continuous",84.5855,34.7232567583531,57.4379110831234
"goa",33,"inla_spde",4,"continuous",0,41.3521838922487,57.4379110831234
"goa",33,"inla_spde",4,"continuous",7.603,49.4053190513043,57.4379110831234
"goa",33,"inla_spde",4,"continuous",19.5616,48.0650436831488,57.4379110831234
"goa",33,"inla_spde",4,"continuous",307.4967,45.5482008479184,57.4379110831234
"goa",33,"inla_spde",4,"continuous",101.1108,41.930921249396,57.4379110831234
"goa",33,"inla_spde",4,"continuous",385.051,39.7679808289809,57.4379110831234
"goa",33,"inla_spde",4,"continuous",120.3135,49.5448773415089,57.4379110831234
"goa",33,"inla_spde",4,"continuous",78.5435,48.5681123149558,57.4379110831234
"goa",33,"inla_spde",4,"continuous",65.5064,48.6624928986468,57.4379110831234
"goa",33,"inla_spde",4,"continuous",122.5467,56.384457702637,57.4379110831234
"goa",33,"inla_spde",4,"continuous",2.3389,41.9438685290024,57.4379110831234
"goa",33,"inla_spde",4,"continuous",0,33.7057075761446,57.4379110831234
"goa",33,"inla_spde",4,"continuous",22.3627,38.2323836196473,57.4379110831234
"goa",33,"inla_spde",4,"continuous",39.3448,48.0323365512701,57.4379110831234
"goa",33,"inla_spde",4,"continuous",0,61.229176570441,57.4379110831234
"goa",33,"inla_spde",4,"continuous",24.1193,41.1328088817031,57.4379110831234
"goa",33,"inla_spde",4,"continuous",43.8157,38.8437619806414,57.4379110831234
"goa",33,"inla_spde",4,"continuous",18.4473,48.073472973341,57.4379110831234
"goa",33,"inla_spde",4,"continuous",0,43.2943267092594,57.4379110831234
"goa",33,"inla_spde",4,"continuous",0,30.5054127860071,57.4379110831234
"goa",33,"inla_spde",4,"continuous",6.6492,43.2131321214214,57.4379110831234
"goa",33,"inla_spde",4,"continuous",6.36,44.3335785807893,57.4379110831234
"goa",33,"inla_spde",4,"continuous",19.1733,50.417770817067,57.4379110831234
"goa",33,"inla_spde",4,"continuous",3.1576,41.9506862639603,57.4379110831234
"goa",33,"inla_spde",4,"continuous",0,28.8598846204446,57.4379110831234
"goa",33,"inla_spde",4,"continuous",30.4508,57.9251008318733,57.4379110831234
"goa",33,"inla_spde",4,"continuous",0,39.3697848998142,57.4379110831234
"goa",33,"inla_spde",4,"continuous",0,35.8524252565725,57.4379110831234
"goa",33,"inla_spde",4,"continuous",0.4807,38.00368180371,57.4379110831234
"goa",33,"inla_spde",4,"continuous",21.8932,37.317220821068,57.4379110831234
"goa",33,"inla_spde",4,"continuous",10.219,38.4985366964267,57.4379110831234
"goa",33,"inla_spde",4,"continuous",154.547,46.8882053581975,57.4379110831234
"goa",33,"inla_spde",4,"continuous",0,47.3851243914575,57.4379110831234
"goa",33,"inla_spde",4,"continuous",0.0752,47.3351834306562,57.4379110831234
"goa",33,"inla_spde",4,"continuous",70.2558,39.8710572084582,57.4379110831234
"goa",33,"inla_spde",4,"continuous",0,49.3211945941461,57.4379110831234
"goa",33,"inla_spde",4,"continuous",35.6525,42.424813870136,57.4379110831234
"goa",33,"inla_spde",4,"continuous",2.2514,41.256643713886,57.4379110831234
"goa",33,"inla_spde",4,"continuous",8.5411,41.70327238483,57.4379110831234
"goa",33,"inla_spde",4,"continuous",8.313,41.5450964322771,57.4379110831234
"goa",33,"inla_spde",4,"continuous",43.0226,42.3796124045708,57.4379110831234
"goa",33,"inla_spde",4,"continuous",0,44.7337399044147,57.4379110831234
"goa",33,"inla_spde",4,"continuous",2.9227,44.4332862452792,57.4379110831234
"goa",33,"inla_spde",4,"continuous",6.8407,38.8634364913877,57.4379110831234
"goa",33,"inla_spde",4,"continuous",17.0813,45.8576552005834,57.4379110831234
"goa",33,"inla_spde",4,"continuous",0,37.6977869824866,57.4379110831234
"goa",33,"inla_spde",4,"continuous",39.5628,46.8743692433494,57.4379110831234
"goa",33,"inla_spde",4,"continuous",391.9478,59.1613751598823,57.4379110831234
"goa",33,"inla_spde",4,"continuous",13.6643,41.302553669508,57.4379110831234
"goa",33,"inla_spde",4,"continuous",7.3183,41.1580365348595,57.4379110831234
"goa",33,"inla_spde",4,"continuous",0.7343,45.1518210084569,57.4379110831234
"goa",33,"inla_spde",4,"continuous",130.7254,35.3674358238553,57.4379110831234
"goa",33,"inla_spde",4,"continuous",1.8366,45.8966533333229,57.4379110831234
"goa",33,"inla_spde",4,"continuous",176.2184,59.5639416986826,57.4379110831234
"goa",33,"inla_spde",4,"continuous",5.9712,42.3065978046482,57.4379110831234
"goa",33,"inla_spde",4,"continuous",0,28.8127897741636,57.4379110831234
"goa",33,"inla_spde",4,"continuous",30.943,40.8032585433173,57.4379110831234
"goa",33,"inla_spde",4,"continuous",0.6689,50.8319862032786,57.4379110831234
"goa",33,"inla_spde",4,"continuous",12.2485,53.058390051721,57.4379110831234
"goa",33,"inla_spde",4,"continuous",345.5682,47.8055425531584,57.4379110831234
"goa",33,"inla_spde",4,"continuous",2.9014,45.132460872868,57.4379110831234
"goa",33,"inla_spde",4,"continuous",0,45.8672466313945,57.4379110831234
"goa",33,"inla_spde",4,"continuous",5.3307,52.7524371568688,57.4379110831234
"goa",33,"inla_spde",4,"continuous",9.5243,42.3320970238398,57.4379110831234
"goa",33,"inla_spde",4,"continuous",6.9338,42.3637739907959,57.4379110831234
"goa",33,"inla_spde",4,"continuous",0.6647,41.1150198769636,57.4379110831234
"goa",33,"inla_spde",4,"continuous",9.7221,36.0464056068323,57.4379110831234
"goa",33,"inla_spde",4,"continuous",1.546,50.4293304326001,57.4379110831234
"goa",33,"inla_spde",4,"continuous",64.2741,49.4268649332629,57.4379110831234
"goa",33,"inla_spde",4,"continuous",23.5081,43.452219106181,57.4379110831234
"goa",33,"inla_spde",4,"continuous",3.3693,41.1801766758439,57.4379110831234
"goa",33,"inla_spde",4,"continuous",3.7054,41.646256971382,57.4379110831234
"goa",33,"inla_spde",4,"continuous",18.7778,50.2730083497743,57.4379110831234
"goa",33,"inla_spde",4,"continuous",14.7655,41.2649035264523,57.4379110831234
"goa",33,"inla_spde",4,"continuous",287.6403,46.1484599242042,57.4379110831234
"goa",33,"inla_spde",4,"continuous",13.7316,41.7038648967343,57.4379110831234
"goa",33,"inla_spde",4,"continuous",0.976,52.4754264030049,57.4379110831234
"goa",33,"inla_spde",4,"continuous",808.0714,54.6680633226129,57.4379110831234
"goa",33,"inla_spde",4,"continuous",14.3939,55.5196262684519,57.4379110831234
"goa",33,"inla_spde",5,"continuous",30.6639,72.6928080987002,60.3611975903614
"goa",33,"inla_spde",5,"continuous",18.3207,72.2518252759518,60.3611975903614
"goa",33,"inla_spde",5,"continuous",64.7213,42.8805403198985,60.3611975903614
"goa",33,"inla_spde",5,"continuous",57.0843,53.526169113775,60.3611975903614
"goa",33,"inla_spde",5,"continuous",0,77.3211578928198,60.3611975903614
"goa",33,"inla_spde",5,"continuous",25.8666,71.5410940225287,60.3611975903614
"goa",33,"inla_spde",5,"continuous",85.4468,84.6582427726772,60.3611975903614
"goa",33,"inla_spde",5,"continuous",31.6943,77.9245001743734,60.3611975903614
"goa",33,"inla_spde",5,"continuous",14.1454,68.2282592431532,60.3611975903614
"goa",33,"inla_spde",5,"continuous",17.4125,33.7166681177806,60.3611975903614
"goa",33,"inla_spde",5,"continuous",71.4521,51.7549164519478,60.3611975903614
"goa",33,"inla_spde",5,"continuous",19.8659,40.7714355485441,60.3611975903614
"goa",33,"inla_spde",5,"continuous",114.4116,77.4872698689821,60.3611975903614
"goa",33,"inla_spde",5,"continuous",0.1344,85.8166923485575,60.3611975903614
"goa",33,"inla_spde",5,"continuous",5.718,91.198172857866,60.3611975903614
"goa",33,"inla_spde",5,"continuous",59.9492,76.2565056414547,60.3611975903614
"goa",33,"inla_spde",5,"continuous",93.0971,38.530024182779,60.3611975903614
"goa",33,"inla_spde",5,"continuous",131.3938,50.5736141574526,60.3611975903614
"goa",33,"inla_spde",5,"continuous",45.5903,49.1617076159204,60.3611975903614
"goa",33,"inla_spde",5,"continuous",2.3232,41.80710716887,60.3611975903614
"goa",33,"inla_spde",5,"continuous",17.289,80.8685720617969,60.3611975903614
"goa",33,"inla_spde",5,"continuous",104.1167,82.1668846613512,60.3611975903614
"goa",33,"inla_spde",5,"continuous",30.2118,87.4527261426372,60.3611975903614
"goa",33,"inla_spde",5,"continuous",58.7572,71.981768432525,60.3611975903614
"goa",33,"inla_spde",5,"continuous",3.0307,79.5651634268401,60.3611975903614
"goa",33,"inla_spde",5,"continuous",12.848,64.6202143633882,60.3611975903614
"goa",33,"inla_spde",5,"continuous",10.0411,34.5339453731934,60.3611975903614
"goa",33,"inla_spde",5,"continuous",0,82.3749317105346,60.3611975903614
"goa",33,"inla_spde",5,"continuous",1.5337,38.0454951566752,60.3611975903614
"goa",33,"inla_spde",5,"continuous",12.1244,36.8800251621322,60.3611975903614
"goa",33,"inla_spde",5,"continuous",5.8105,38.3919902123908,60.3611975903614
"goa",33,"inla_spde",5,"continuous",44.8735,51.6677491714495,60.3611975903614
"goa",33,"inla_spde",5,"continuous",38.5649,46.5213837739275,60.3611975903614
"goa",33,"inla_spde",5,"continuous",7.5202,41.8529253819041,60.3611975903614
"goa",33,"inla_spde",5,"continuous",22.2468,57.4150925115889,60.3611975903614
"goa",33,"inla_spde",5,"continuous",1.488,48.5638406389089,60.3611975903614
"goa",33,"inla_spde",5,"continuous",0,78.2955899172321,60.3611975903614
"goa",33,"inla_spde",5,"continuous",24.2166,67.7142330124645,60.3611975903614
"goa",33,"inla_spde",5,"continuous",0,65.2151747681697,60.3611975903614
"goa",33,"inla_spde",5,"continuous",56.3578,35.8753771642077,60.3611975903614
"goa",33,"inla_spde",5,"continuous",4.539,43.5990996393238,60.3611975903614
"goa",33,"inla_spde",5,"continuous",61.3939,53.6422191451336,60.3611975903614
"goa",33,"inla_spde",5,"continuous",22.3947,38.800369244718,60.3611975903614
"goa",33,"inla_spde",5,"continuous",0,35.1795509224263,60.3611975903614
"goa",33,"inla_spde",5,"continuous",23.9065,49.711680074443,60.3611975903614
"goa",33,"inla_spde",5,"continuous",27.4279,79.5888357899693,60.3611975903614
"goa",33,"inla_spde",5,"continuous",9.7452,69.2534345413358,60.3611975903614
"goa",33,"inla_spde",5,"continuous",20.4155,35.828476337538,60.3611975903614
"goa",33,"inla_spde",5,"continuous",0.1332,38.7334677321922,60.3611975903614
"goa",33,"inla_spde",5,"continuous",9.4111,41.2430153554609,60.3611975903614
"goa",33,"inla_spde",5,"continuous",3.9324,41.0976414977169,60.3611975903614
"goa",33,"inla_spde",5,"continuous",0,52.2063397935084,60.3611975903614
"goa",33,"inla_spde",5,"continuous",6.2225,51.4894245172778,60.3611975903614
"goa",33,"inla_spde",5,"continuous",7.0922,42.1277622115498,60.3611975903614
"goa",33,"inla_spde",5,"continuous",4.3646,89.1506465440584,60.3611975903614
"goa",33,"inla_spde",5,"continuous",131.9522,78.4826830932417,60.3611975903614
"goa",33,"inla_spde",5,"continuous",4.612,85.8777432579509,60.3611975903614
"goa",33,"inla_spde",5,"continuous",151.8197,86.7914674964485,60.3611975903614
"goa",33,"inla_spde",5,"continuous",61.8847,70.515939852874,60.3611975903614
"goa",33,"inla_spde",5,"continuous",2.6861,87.2451731752999,60.3611975903614
"goa",33,"inla_spde",5,"continuous",31.0716,58.0202702180155,60.3611975903614
"goa",33,"inla_spde",5,"continuous",19.2936,57.1407729919995,60.3611975903614
"goa",33,"inla_spde",5,"continuous",0,66.5447306044507,60.3611975903614
"goa",33,"inla_spde",5,"continuous",80.3646,71.9321948412697,60.3611975903614
"goa",33,"inla_spde",5,"continuous",18.043,40.8592229735758,60.3611975903614
"goa",33,"inla_spde",5,"continuous",173.044,74.024608417783,60.3611975903614
"goa",33,"inla_spde",5,"continuous",0,67.2703855462291,60.3611975903614
"goa",33,"inla_spde",5,"continuous",0.4466,36.3839828592608,60.3611975903614
"goa",33,"inla_spde",5,"continuous",12.9297,36.8560366852544,60.3611975903614
"goa",33,"inla_spde",5,"continuous",0.0231,86.3731142396069,60.3611975903614
"goa",33,"inla_spde",5,"continuous",10.5208,83.7268970587541,60.3611975903614
"goa",33,"inla_spde",5,"continuous",36.1595,71.5770499774427,60.3611975903614
"goa",33,"inla_spde",5,"continuous",7.2206,69.8693237209889,60.3611975903614
"goa",33,"inla_spde",5,"continuous",128.776,37.164105036938,60.3611975903614
"goa",33,"inla_spde",5,"continuous",16.0957,36.4428596914538,60.3611975903614
"goa",33,"inla_spde",5,"continuous",16.2148,37.9726843192329,60.3611975903614
"goa",33,"inla_spde",5,"continuous",1.6588,43.109402355432,60.3611975903614
"goa",33,"inla_spde",5,"continuous",5.0841,79.8583829645494,60.3611975903614
"goa",33,"inla_spde",5,"continuous",19.0893,64.9332015068693,60.3611975903614
"goa",33,"inla_spde",5,"continuous",24.8627,73.2349558306748,60.3611975903614
"goa",33,"inla_spde",5,"continuous",7.2996,81.9034474451482,60.3611975903614
"goa",33,"inla_spde",5,"continuous",9.5641,36.4300038177814,60.3611975903614
"goa",33,"inla_spde",5,"continuous",0.3572,36.759850829708,60.3611975903614
"goa",33,"inla_spde",5,"continuous",24.2615,38.2257702641149,60.3611975903614
"goa",33,"inla_spde",5,"continuous",0,39.4473623641648,60.3611975903614
"goa",33,"inla_spde_group",1,"continuous",0,-165381.11600932,59.5517916876574
"goa",33,"inla_spde_group",1,"continuous",6.5059,11800.7288484328,59.5517916876574
"goa",33,"inla_spde_group",1,"continuous",20.7484,35886.0054574884,59.5517916876574
"goa",33,"inla_spde_group",1,"continuous",3.4258,2361.63378145987,59.5517916876574
"goa",33,"inla_spde_group",1,"continuous",8.4797,40508.8641238137,59.5517916876574
"goa",33,"inla_spde_group",1,"continuous",63.7188,-1039.37878833542,59.5517916876574
"goa",33,"inla_spde_group",1,"continuous",1.1565,-40657.1062404892,59.5517916876574
"goa",33,"inla_spde_group",1,"continuous",43.5046,-14249.3658462687,59.5517916876574
"goa",33,"inla_spde_group",1,"continuous",3.5064,8413.31382119212,59.5517916876574
"goa",33,"inla_spde_group",1,"continuous",0,-164814.569801489,59.5517916876574
"goa",33,"inla_spde_group",1,"continuous",32.9726,42914.800983522,59.5517916876574
"goa",33,"inla_spde_group",1,"continuous",1.8927,-7094.40159350138,59.5517916876574
"goa",33,"inla_spde_group",1,"continuous",10.1555,22791.3818313149,59.5517916876574
"goa",33,"inla_spde_group",1,"continuous",1.3243,11800.7288746217,59.5517916876574
"goa",33,"inla_spde_group",1,"continuous",29.1366,42636.9611221877,59.5517916876574
"goa",33,"inla_spde_group",1,"continuous",0,8863.81386193377,59.5517916876574
"goa",33,"inla_spde_group",1,"continuous",0,-122506.475074126,59.5517916876574
"goa",33,"inla_spde_group",1,"continuous",24.0571,28403.1181879995,59.5517916876574
"goa",33,"inla_spde_group",1,"continuous",56.9712,32287.8395892562,59.5517916876574
"goa",33,"inla_spde_group",1,"continuous",107.5302,40812.06298311,59.5517916876574
"goa",33,"inla_spde_group",1,"continuous",21.9335,37398.172924645,59.5517916876574
"goa",33,"inla_spde_group",1,"continuous",8.6668,11800.728866059,59.5517916876574
"goa",33,"inla_spde_group",1,"continuous",42.2079,13932.0678256689,59.5517916876574
"goa",33,"inla_spde_group",1,"continuous",21.638,-3741.74939229615,59.5517916876574
"goa",33,"inla_spde_group",1,"continuous",109.4013,42939.5442813708,59.5517916876574
"goa",33,"inla_spde_group",1,"continuous",0.2749,595.031749034824,59.5517916876574
"goa",33,"inla_spde_group",1,"continuous",0.0314,-93857.6367998582,59.5517916876574
"goa",33,"inla_spde_group",1,"continuous",49.5557,17794.986264398,59.5517916876574
"goa",33,"inla_spde_group",1,"continuous",1.9508,5721.9411855968,59.5517916876574
"goa",33,"inla_spde_group",1,"continuous",1.6681,595.03174778877,59.5517916876574
"goa",33,"inla_spde_group",1,"continuous",11.0499,8863.81383156974,59.5517916876574
"goa",33,"inla_spde_group",1,"continuous",2.6545,8413.31382291522,59.5517916876574
"goa",33,"inla_spde_group",1,"continuous",4.1351,15880.7476039905,59.5517916876574
"goa",33,"inla_spde_group",1,"continuous",1.6447,595.031748969385,59.5517916876574
"goa",33,"inla_spde_group",1,"continuous",17.4874,42275.6648896219,59.5517916876574
"goa",33,"inla_spde_group",1,"continuous",84.3691,34761.5796714259,59.5517916876574
"goa",33,"inla_spde_group",1,"continuous",144.6887,42049.9344876156,59.5517916876574
"goa",33,"inla_spde_group",1,"continuous",123.2541,-51914.858292448,59.5517916876574
"goa",33,"inla_spde_group",1,"continuous",1.9678,27177.5194683592,59.5517916876574
"goa",33,"inla_spde_group",1,"continuous",24.4489,22413.8202161318,59.5517916876574
"goa",33,"inla_spde_group",1,"continuous",3.7365,36916.6178516704,59.5517916876574
"goa",33,"inla_spde_group",1,"continuous",51.5987,19501.0040238056,59.5517916876574
"goa",33,"inla_spde_group",1,"continuous",5.4433,-4830.75785214095,59.5517916876574
"goa",33,"inla_spde_group",1,"continuous",0.0722,-272386.039880431,59.5517916876574
"goa",33,"inla_spde_group",1,"continuous",45.7868,23306.327910999,59.5517916876574
"goa",33,"inla_spde_group",1,"continuous",52.3303,10949.31083835,59.5517916876574
"goa",33,"inla_spde_group",1,"continuous",8.242,40187.6712599417,59.5517916876574
"goa",33,"inla_spde_group",1,"continuous",6.7374,14422.3420479559,59.5517916876574
"goa",33,"inla_spde_group",1,"continuous",1.1912,41617.7600847703,59.5517916876574
"goa",33,"inla_spde_group",1,"continuous",9.0688,29223.9895540673,59.5517916876574
"goa",33,"inla_spde_group",1,"continuous",6.7062,-24476.3094535157,59.5517916876574
"goa",33,"inla_spde_group",1,"continuous",31.8989,18325.3582154799,59.5517916876574
"goa",33,"inla_spde_group",1,"continuous",21.9825,5721.94121616409,59.5517916876574
"goa",33,"inla_spde_group",1,"continuous",8.7701,-28699.2900018688,59.5517916876574
"goa",33,"inla_spde_group",1,"continuous",2.2407,14545.0887992412,59.5517916876574
"goa",33,"inla_spde_group",1,"continuous",129.4165,37007.0277769201,59.5517916876574
"goa",33,"inla_spde_group",1,"continuous",0.8386,-128976.836117757,59.5517916876574
"goa",33,"inla_spde_group",1,"continuous",18.0812,22861.4580970837,59.5517916876574
"goa",33,"inla_spde_group",1,"continuous",0,-11343.9296225551,59.5517916876574
"goa",33,"inla_spde_group",1,"continuous",0,-110346.089397739,59.5517916876574
"goa",33,"inla_spde_group",1,"continuous",174.0796,38296.4866866377,59.5517916876574
"goa",33,"inla_spde_group",1,"continuous",0.6223,-150137.22336293,59.5517916876574
"goa",33,"inla_spde_group",1,"continuous",180.0364,43396.779084543,59.5517916876574
"goa",33,"inla_spde_group",1,"continuous",30.6219,29223.9898348988,59.5517916876574
"goa",33,"inla_spde_group",1,"continuous",36.441,31164.7245526489,59.5517916876574
"goa",33,"inla_spde_group",1,"continuous",61.5538,43660.6098779376,59.5517916876574
"goa",33,"inla_spde_group",1,"continuous",2.1238,14545.0888339097,59.5517916876574
"goa",33,"inla_spde_group",1,"continuous",39.3556,24798.8310239911,59.5517916876574
"goa",33,"inla_spde_group",1,"continuous",14.8056,38714.2778458928,59.5517916876574
"goa",33,"inla_spde_group",1,"continuous",48.8392,40187.6712098987,59.5517916876574
"goa",33,"inla_spde_group",1,"continuous",175.5409,41315.851020489,59.5517916876574
"goa",33,"inla_spde_group",1,"continuous",2.3076,8863.81382692431,59.5517916876574
"goa",33,"inla_spde_group",1,"continuous",0,-272386.040184329,59.5517916876574
"goa",33,"inla_spde_group",1,"continuous",112.0547,41510.5161464811,59.5517916876574
"goa",33,"inla_spde_group",1,"continuous",69.3453,18738.4507925586,59.5517916876574
"goa",33,"inla_spde_group",1,"continuous",494.7127,42370.9475174378,59.5517916876574
"goa",33,"inla_spde_group",1,"continuous",3.6427,41097.6804723147,59.5517916876574
"goa",33,"inla_spde_group",1,"continuous",45.7757,33538.5041691068,59.5517916876574
"goa",33,"inla_spde_group",1,"continuous",22.6695,8863.81386197397,59.5517916876574
"goa",33,"inla_spde_group",1,"continuous",35.6304,40508.8642902195,59.5517916876574
"goa",33,"inla_spde_group",1,"continuous",16.1682,25749.8054602941,59.5517916876574
"goa",33,"inla_spde_group",1,"continuous",19.1639,41315.8510205879,59.5517916876574
"goa",33,"inla_spde_group",1,"continuous",0.6232,15848.6689800539,59.5517916876574
"goa",33,"inla_spde_group",1,"continuous",45.2617,-14249.3658458661,59.5517916876574
"goa",33,"inla_spde_group",1,"continuous",83.1352,22861.4580983164,59.5517916876574
"goa",33,"inla_spde_group",1,"continuous",54.3956,22791.3818601749,59.5517916876574
"goa",33,"inla_spde_group",1,"continuous",5.209,-66124.2380612563,59.5517916876574
"goa",33,"inla_spde_group",1,"continuous",0.8887,-88782.0686032174,59.5517916876574
"goa",33,"inla_spde_group",1,"continuous",15.1962,18325.3582160156,59.5517916876574
"goa",33,"inla_spde_group",1,"continuous",2.5034,8923.97521803147,59.5517916876574
"goa",33,"inla_spde_group",1,"continuous",10.8098,-169904.134836629,59.5517916876574
"goa",33,"inla_spde_group",1,"continuous",7.9787,43571.4701576678,59.5517916876574
"goa",33,"inla_spde_group",1,"continuous",0.4758,17108.3275271952,59.5517916876574
"goa",33,"inla_spde_group",1,"continuous",6.9596,41366.1164470176,59.5517916876574
"goa",33,"inla_spde_group",1,"continuous",29.327,-20753.2493178447,59.5517916876574
"goa",33,"inla_spde_group",1,"continuous",14.6888,23748.3821560719,59.5517916876574
"goa",33,"inla_spde_group",1,"continuous",0,4069.97939906118,59.5517916876574
"goa",33,"inla_spde_group",1,"continuous",2.7397,-104628.613247253,59.5517916876574
"goa",33,"inla_spde_group",1,"continuous",24.7697,15396.7168144483,59.5517916876574
"goa",33,"inla_spde_group",1,"continuous",17.9743,-15889.5186618277,59.5517916876574
"goa",33,"inla_spde_group",1,"continuous",530.102,-15889.5186325951,59.5517916876574
"goa",33,"inla_spde_group",1,"continuous",4.6248,32654.097050499,59.5517916876574
"goa",33,"inla_spde_group",1,"continuous",9.0615,-31535.0446232088,59.5517916876574
"goa",33,"inla_spde_group",2,"continuous",9.1352,56.3505101913517,51.9104294554455
"goa",33,"inla_spde_group",2,"continuous",3.6564,58.9844388339233,51.9104294554455
"goa",33,"inla_spde_group",2,"continuous",0.1627,59.591265108945,51.9104294554455
"goa",33,"inla_spde_group",2,"continuous",60.5269,53.3201384989386,51.9104294554455
"goa",33,"inla_spde_group",2,"continuous",0.8595,55.7646460893514,51.9104294554455
"goa",33,"inla_spde_group",2,"continuous",4.8496,56.8192627315425,51.9104294554455
"goa",33,"inla_spde_group",2,"continuous",62.8808,53.7844588077136,51.9104294554455
"goa",33,"inla_spde_group",2,"continuous",0.0335,38.6073728609601,51.9104294554455
"goa",33,"inla_spde_group",2,"continuous",0,49.7000823753526,51.9104294554455
"goa",33,"inla_spde_group",2,"continuous",1.7306,51.7312903667758,51.9104294554455
"goa",33,"inla_spde_group",2,"continuous",9.9817,55.0646310167564,51.9104294554455
"goa",33,"inla_spde_group",2,"continuous",0.4989,61.7049038330174,51.9104294554455
"goa",33,"inla_spde_group",2,"continuous",6.3187,60.0513954519314,51.9104294554455
"goa",33,"inla_spde_group",2,"continuous",55.8054,50.9140536928751,51.9104294554455
"goa",33,"inla_spde_group",2,"continuous",44.2584,54.2140511809431,51.9104294554455
"goa",33,"inla_spde_group",2,"continuous",0,56.226050204493,51.9104294554455
"goa",33,"inla_spde_group",2,"continuous",0.4426,50.5054998496563,51.9104294554455
"goa",33,"inla_spde_group",2,"continuous",2.6175,58.2929407248965,51.9104294554455
"goa",33,"inla_spde_group",2,"continuous",0.2319,44.8631443455926,51.9104294554455
"goa",33,"inla_spde_group",2,"continuous",16.9504,58.6620639885607,51.9104294554455
"goa",33,"inla_spde_group",2,"continuous",922.0797,49.1045723488175,51.9104294554455
"goa",33,"inla_spde_group",2,"continuous",45.4167,58.1485591093556,51.9104294554455
"goa",33,"inla_spde_group",2,"continuous",67.7677,54.5268852928619,51.9104294554455
"goa",33,"inla_spde_group",2,"continuous",16.4935,54.9852942752028,51.9104294554455
"goa",33,"inla_spde_group",2,"continuous",2.2323,49.9794183852483,51.9104294554455
"goa",33,"inla_spde_group",2,"continuous",0,52.2655865724871,51.9104294554455
"goa",33,"inla_spde_group",2,"continuous",5.4657,53.9312892714737,51.9104294554455
"goa",33,"inla_spde_group",2,"continuous",0,55.6952405077408,51.9104294554455
"goa",33,"inla_spde_group",2,"continuous",0.977,55.2198982599218,51.9104294554455
"goa",33,"inla_spde_group",2,"continuous",50.8456,55.2580762388187,51.9104294554455
"goa",33,"inla_spde_group",2,"continuous",64.9775,57.1693295958662,51.9104294554455
"goa",33,"inla_spde_group",2,"continuous",34.7283,55.3707420385973,51.9104294554455
"goa",33,"inla_spde_group",2,"continuous",63.5263,57.1952263523052,51.9104294554455
"goa",33,"inla_spde_group",2,"continuous",18.3791,58.1695246716024,51.9104294554455
"goa",33,"inla_spde_group",2,"continuous",83.2018,55.3334482257046,51.9104294554455
"goa",33,"inla_spde_group",2,"continuous",24.5887,57.9558370563602,51.9104294554455
"goa",33,"inla_spde_group",2,"continuous",0.0227,48.8942535815681,51.9104294554455
"goa",33,"inla_spde_group",2,"continuous",9.7929,54.1678725975707,51.9104294554455
"goa",33,"inla_spde_group",2,"continuous",73.6718,56.8747626949004,51.9104294554455
"goa",33,"inla_spde_group",2,"continuous",45.5932,57.5912123968907,51.9104294554455
"goa",33,"inla_spde_group",2,"continuous",16.2659,49.9793626446223,51.9104294554455
"goa",33,"inla_spde_group",2,"continuous",4.1609,33.0957314936263,51.9104294554455
"goa",33,"inla_spde_group",2,"continuous",0,34.3561536094183,51.9104294554455
"goa",33,"inla_spde_group",2,"continuous",4.572,51.6611788004062,51.9104294554455
"goa",33,"inla_spde_group",2,"continuous",4.3322,48.1040115240696,51.9104294554455
"goa",33,"inla_spde_group",2,"continuous",5.1641,46.0513321092738,51.9104294554455
"goa",33,"inla_spde_group",2,"continuous",50.6502,53.9312892714737,51.9104294554455
"goa",33,"inla_spde_group",2,"continuous",37.302,47.7365972227002,51.9104294554455
"goa",33,"inla_spde_group",2,"continuous",2.8581,52.5774631257209,51.9104294554455
"goa",33,"inla_spde_group",2,"continuous",17.0061,50.1594207553778,51.9104294554455
"goa",33,"inla_spde_group",2,"continuous",20.6832,50.2476417995441,51.9104294554455
"goa",33,"inla_spde_group",2,"continuous",3.3854,56.1306402815777,51.9104294554455
"goa",33,"inla_spde_group",2,"continuous",0.556,59.2024768065582,51.9104294554455
"goa",33,"inla_spde_group",2,"continuous",1.9319,57.1433451270646,51.9104294554455
"goa",33,"inla_spde_group",2,"continuous",0.1045,49.9794546814964,51.9104294554455
"goa",33,"inla_spde_group",2,"continuous",9.2768,57.6384680480989,51.9104294554455
"goa",33,"inla_spde_group",2,"continuous",728.509,54.9451799007874,51.9104294554455
"goa",33,"inla_spde_group",2,"continuous",102.6339,55.7646460893515,51.9104294554455
"goa",33,"inla_spde_group",2,"continuous",193.4787,49.7944230275187,51.9104294554455
"goa",33,"inla_spde_group",2,"continuous",50.2533,51.7313470774734,51.9104294554455
"goa",33,"inla_spde_group",2,"continuous",16.9012,57.037736824703,51.9104294554455
"goa",33,"inla_spde_group",2,"continuous",13.7633,55.934260081177,51.9104294554455
"goa",33,"inla_spde_group",2,"continuous",56.313,55.6951854488392,51.9104294554455
"goa",33,"inla_spde_group",2,"continuous",47.6208,57.297414496,51.9104294554455
"goa",33,"inla_spde_group",2,"continuous",1137.0552,47.6098326700351,51.9104294554455
"goa",33,"inla_spde_group",2,"continuous",107.649,55.6601373916497,51.9104294554455
"goa",33,"inla_spde_group",2,"continuous",22.2549,55.1428315256225,51.9104294554455
"goa",33,"inla_spde_group",2,"continuous",66.4922,53.2662763754456,51.9104294554455
"goa",33,"inla_spde_group",2,"continuous",1.4417,61.2172394612814,51.9104294554455
"goa",33,"inla_spde_group",2,"continuous",20.3936,54.9451799007873,51.9104294554455
"goa",33,"inla_spde_group",2,"continuous",101.2841,55.8331413298395,51.9104294554455
"goa",33,"inla_spde_group",2,"continuous",212.6102,53.0453067336118,51.9104294554455
"goa",33,"inla_spde_group",2,"continuous",44.894,56.5017888229856,51.9104294554455
"goa",33,"inla_spde_group",2,"continuous",314.83,46.8002536254515,51.9104294554455
"goa",33,"inla_spde_group",2,"continuous",33.9485,54.5269079042114,51.9104294554455
"goa",33,"inla_spde_group",2,"continuous",332.9622,53.6844429222057,51.9104294554455
"goa",33,"inla_spde_group",2,"continuous",40.908,54.1678952089202,51.9104294554455
"goa",33,"inla_spde_group",2,"continuous",0,48.1039456990985,51.9104294554455
"goa",33,"inla_spde_group",2,"continuous",164.6786,57.7999226340338,51.9104294554455
"goa",33,"inla_spde_group",2,"continuous",22.6242,58.4522154212078,51.9104294554455
"goa",33,"inla_spde_group",2,"continuous",0,41.5098790497603,51.9104294554455
"goa",33,"inla_spde_group",2,"continuous",22.9798,57.9557822908861,51.9104294554455
"goa",33,"inla_spde_group",2,"continuous",64.1688,55.3334256143551,51.9104294554455
"goa",33,"inla_spde_group",2,"continuous",189.1297,49.7000266347266,51.9104294554455
"goa",33,"inla_spde_group",2,"continuous",13.9397,55.1038779753837,51.9104294554455
"goa",33,"inla_spde_group",2,"continuous",175.1373,53.4790666838205,51.9104294554455
"goa",33,"inla_spde_group",2,"continuous",7.0672,57.2974673531933,51.9104294554455
"goa",33,"inla_spde_group",2,"continuous",5.4954,56.0984342793714,51.9104294554455
"goa",33,"inla_spde_group",2,"continuous",46.9061,53.3201384989386,51.9104294554455
"goa",33,"inla_spde_group",2,"continuous",0,50.9140763042245,51.9104294554455
"goa",33,"inla_spde_group",2,"continuous",6.9348,57.4221503446847,51.9104294554455
"goa",33,"inla_spde_group",2,"continuous",77.0548,51.5186203534593,51.9104294554455
"goa",33,"inla_spde_group",2,"continuous",15.7402,58.5104925994672,51.9104294554455
"goa",33,"inla_spde_group",2,"continuous",95.5371,54.5701759853347,51.9104294554455
"goa",33,"inla_spde_group",2,"continuous",29.0522,55.7300434063488,51.9104294554455
"goa",33,"inla_spde_group",2,"continuous",43.1269,55.4811574617762,51.9104294554455
"goa",33,"inla_spde_group",3,"continuous",0,38.8709386038151,46.2002891472868
"goa",33,"inla_spde_group",3,"continuous",279.3257,52.7355620748006,46.2002891472868
"goa",33,"inla_spde_group",3,"continuous",29.6249,41.1679815135573,46.2002891472868
"goa",33,"inla_spde_group",3,"continuous",0,58.6976182465143,46.2002891472868
"goa",33,"inla_spde_group",3,"continuous",80.5198,40.1026278749814,46.2002891472868
"goa",33,"inla_spde_group",3,"continuous",167.5239,42.2319400826176,46.2002891472868
"goa",33,"inla_spde_group",3,"continuous",6.1045,37.8420937095141,46.2002891472868
"goa",33,"inla_spde_group",3,"continuous",32.0052,44.5977007536771,46.2002891472868
"goa",33,"inla_spde_group",3,"continuous",18.5036,36.1766123733309,46.2002891472868
"goa",33,"inla_spde_group",3,"continuous",90.1864,44.5534790889114,46.2002891472868
"goa",33,"inla_spde_group",3,"continuous",128.6797,52.41710689407,46.2002891472868
"goa",33,"inla_spde_group",3,"continuous",18.9675,41.1322779263788,46.2002891472868
"goa",33,"inla_spde_group",3,"continuous",46.811,40.4237387463733,46.2002891472868
"goa",33,"inla_spde_group",3,"continuous",19.0758,34.3947727735953,46.2002891472868
"goa",33,"inla_spde_group",3,"continuous",117.0112,44.2361975298301,46.2002891472868
"goa",33,"inla_spde_group",3,"continuous",10.1657,35.5168277729887,46.2002891472868
"goa",33,"inla_spde_group",3,"continuous",10.2595,34.10985843851,46.2002891472868
"goa",33,"inla_spde_group",3,"continuous",9.3991,29.9002894827044,46.2002891472868
"goa",33,"inla_spde_group",3,"continuous",11.4517,43.3988956941913,46.2002891472868
"goa",33,"inla_spde_group",3,"continuous",311.7967,41.4847682690117,46.2002891472868
"goa",33,"inla_spde_group",3,"continuous",2.3074,36.8122454717293,46.2002891472868
"goa",33,"inla_spde_group",3,"continuous",37.4043,40.8229291944908,46.2002891472868
"goa",33,"inla_spde_group",3,"continuous",57.9916,47.0529961679477,46.2002891472868
"goa",33,"inla_spde_group",3,"continuous",302.9947,42.8251109100468,46.2002891472868
"goa",33,"inla_spde_group",3,"continuous",1.9831,36.2155525077575,46.2002891472868
"goa",33,"inla_spde_group",3,"continuous",43.7154,40.9916998757785,46.2002891472868
"goa",33,"inla_spde_group",3,"continuous",4.0712,34.0715744523995,46.2002891472868
"goa",33,"inla_spde_group",3,"continuous",5.9442,33.7385025903077,46.2002891472868
"goa",33,"inla_spde_group",3,"continuous",106.4081,42.7974081273474,46.2002891472868
"goa",33,"inla_spde_group",3,"continuous",98.8347,36.390845876159,46.2002891472868
"goa",33,"inla_spde_group",3,"continuous",0.8235,41.7292316936797,46.2002891472868
"goa",33,"inla_spde_group",3,"continuous",135.9286,122.723422671877,46.2002891472868
"goa",33,"inla_spde_group",3,"continuous",72.4716,37.0075238503038,46.2002891472868
"goa",33,"inla_spde_group",3,"continuous",153.1987,40.1043482636361,46.2002891472868
"goa",33,"inla_spde_group",3,"continuous",6.8768,34.8444272526009,46.2002891472868
"goa",33,"inla_spde_group",3,"continuous",26.761,36.6476659419791,46.2002891472868
"goa",33,"inla_spde_group",3,"continuous",21.2925,32.2659160071335,46.2002891472868
"goa",33,"inla_spde_group",3,"continuous",396.7223,41.8327907594901,46.2002891472868
"goa",33,"inla_spde_group",3,"continuous",28.8673,34.5906103887917,46.2002891472868
"goa",33,"inla_spde_group",3,"continuous",9.2421,61.330881964974,46.2002891472868
"goa",33,"inla_spde_group",3,"continuous",21.204,40.8147441841864,46.2002891472868
"goa",33,"inla_spde_group",3,"continuous",936.2143,55.3988106646103,46.2002891472868
"goa",33,"inla_spde_group",3,"continuous",38.7155,42.7466842934939,46.2002891472868
"goa",33,"inla_spde_group",3,"continuous",42.8714,34.901726415173,46.2002891472868
"goa",33,"inla_spde_group",3,"continuous",22.5853,34.212177499177,46.2002891472868
"goa",33,"inla_spde_group",3,"continuous",41.9461,35.1783845211311,46.2002891472868
"goa",33,"inla_spde_group",3,"continuous",13.4154,40.236529019428,46.2002891472868
"goa",33,"inla_spde_group",3,"continuous",0,35.5862057757696,46.2002891472868
"goa",33,"inla_spde_group",3,"continuous",21.6062,40.2374744517113,46.2002891472868
"goa",33,"inla_spde_group",3,"continuous",23.0324,36.4146184269774,46.2002891472868
"goa",33,"inla_spde_group",3,"continuous",61.3756,43.5395085004375,46.2002891472868
"goa",33,"inla_spde_group",3,"continuous",46.9531,39.9379450497853,46.2002891472868
"goa",33,"inla_spde_group",3,"continuous",13.5986,38.3475519810113,46.2002891472868
"goa",33,"inla_spde_group",3,"continuous",24.9107,33.6356398182276,46.2002891472868
"goa",33,"inla_spde_group",3,"continuous",22.9359,41.6389157662394,46.2002891472868
"goa",33,"inla_spde_group",3,"continuous",51.5867,128.808841724019,46.2002891472868
"goa",33,"inla_spde_group",3,"continuous",1153.4535,55.1639806159625,46.2002891472868
"goa",33,"inla_spde_group",3,"continuous",141.2234,45.1632166036921,46.2002891472868
"goa",33,"inla_spde_group",3,"continuous",2.147,35.6207154260997,46.2002891472868
"goa",33,"inla_spde_group",3,"continuous",96.062,46.0685474403019,46.2002891472868
"goa",33,"inla_spde_group",3,"continuous",31.434,41.0269187199943,46.2002891472868
"goa",33,"inla_spde_group",3,"continuous",0,58.3186786284403,46.2002891472868
"goa",33,"inla_spde_group",3,"continuous",594.0336,40.602853477036,46.2002891472868
"goa",33,"inla_spde_group",3,"continuous",301.8775,38.4886765949665,46.2002891472868
"goa",33,"inla_spde_group",3,"continuous",0,41.5687229612486,46.2002891472868
"goa",33,"inla_spde_group",3,"continuous",19.4767,37.994862700683,46.2002891472868
"goa",33,"inla_spde_group",3,"continuous",55.0582,46.5467956082482,46.2002891472868
"goa",33,"inla_spde_group",3,"continuous",124.7311,40.9120673657791,46.2002891472868
"goa",33,"inla_spde_group",3,"continuous",38.0306,40.7890828182714,46.2002891472868
"goa",33,"inla_spde_group",3,"continuous",55.1524,38.5339198201153,46.2002891472868
"goa",33,"inla_spde_group",3,"continuous",0,34.8981101297864,46.2002891472868
"goa",33,"inla_spde_group",3,"continuous",6.4415,40.9113225804326,46.2002891472868
"goa",33,"inla_spde_group",3,"continuous",1.3176,37.4459557302652,46.2002891472868
"goa",33,"inla_spde_group",3,"continuous",0,37.5091360840502,46.2002891472868
"goa",33,"inla_spde_group",3,"continuous",78.4874,39.6086524266774,46.2002891472868
"goa",33,"inla_spde_group",3,"continuous",80.9645,63.0070644362989,46.2002891472868
"goa",33,"inla_spde_group",3,"continuous",834.5721,40.3200299448595,46.2002891472868
"goa",33,"inla_spde_group",3,"continuous",0,39.8155365505123,46.2002891472868
"goa",33,"inla_spde_group",3,"continuous",12.6763,38.5398049285689,46.2002891472868
"goa",33,"inla_spde_group",3,"continuous",3.0457,42.3939512931851,46.2002891472868
"goa",33,"inla_spde_group",3,"continuous",58.5727,44.5600517879759,46.2002891472868
"goa",33,"inla_spde_group",3,"continuous",19.7161,45.7050956034234,46.2002891472868
"goa",33,"inla_spde_group",3,"continuous",46.6751,41.3032706704432,46.2002891472868
"goa",33,"inla_spde_group",3,"continuous",99.1152,85.7723786180785,46.2002891472868
"goa",33,"inla_spde_group",3,"continuous",0,40.0092622790298,46.2002891472868
"goa",33,"inla_spde_group",3,"continuous",109.3259,40.0255499657623,46.2002891472868
"goa",33,"inla_spde_group",3,"continuous",233.9074,43.4097573642298,46.2002891472868
"goa",33,"inla_spde_group",3,"continuous",14.1264,36.0338988240698,46.2002891472868
"goa",33,"inla_spde_group",3,"continuous",27.5185,36.4411945921104,46.2002891472868
"goa",33,"inla_spde_group",3,"continuous",56.0532,39.1552465643415,46.2002891472868
"goa",33,"inla_spde_group",3,"continuous",9.4043,41.886760724781,46.2002891472868
"goa",33,"inla_spde_group",3,"continuous",43.1042,33.2123662952845,46.2002891472868
"goa",33,"inla_spde_group",3,"continuous",5.7601,38.0217244851121,46.2002891472868
"goa",33,"inla_spde_group",3,"continuous",212.0524,143.972141658215,46.2002891472868
"goa",33,"inla_spde_group",3,"continuous",33.4545,39.8618409051699,46.2002891472868
"goa",33,"inla_spde_group",3,"continuous",91.5687,40.4724110504581,46.2002891472868
"goa",33,"inla_spde_group",3,"continuous",188.2875,38.5685873718804,46.2002891472868
"goa",33,"inla_spde_group",3,"continuous",98.9499,36.0383014667281,46.2002891472868
"goa",33,"inla_spde_group",3,"continuous",11.3642,45.5119695609013,46.2002891472868
"goa",33,"inla_spde_group",3,"continuous",131.6808,37.9251953767505,46.2002891472868
"goa",33,"inla_spde_group",3,"continuous",0,39.1131388032935,46.2002891472868
"goa",33,"inla_spde_group",3,"continuous",0,36.1499171512978,46.2002891472868
"goa",33,"inla_spde_group",3,"continuous",37.1567,38.7625842688799,46.2002891472868
"goa",33,"inla_spde_group",3,"continuous",0,54.0795248041344,46.2002891472868
"goa",33,"inla_spde_group",3,"continuous",1.1439,40.563243377299,46.2002891472868
"goa",33,"inla_spde_group",3,"continuous",97.3791,58.1401604840772,46.2002891472868
"goa",33,"inla_spde_group",3,"continuous",66.2755,40.639021656866,46.2002891472868
"goa",33,"inla_spde_group",3,"continuous",50.6755,46.1266157120007,46.2002891472868
"goa",33,"inla_spde_group",3,"continuous",7.2721,35.5693796887036,46.2002891472868
"goa",33,"inla_spde_group",3,"continuous",18.8363,38.8434664408996,46.2002891472868
"goa",33,"inla_spde_group",3,"continuous",15.631,36.2377913887916,46.2002891472868
"goa",33,"inla_spde_group",3,"continuous",7.6272,30.3915036934645,46.2002891472868
"goa",33,"inla_spde_group",3,"continuous",0,34.0073113214195,46.2002891472868
"goa",33,"inla_spde_group",4,"continuous",0,25.1468278925413,57.4379110831234
"goa",33,"inla_spde_group",4,"continuous",0,33.9721869718025,57.4379110831234
"goa",33,"inla_spde_group",4,"continuous",0,27.3229838986258,57.4379110831234
"goa",33,"inla_spde_group",4,"continuous",0,35.1209461902739,57.4379110831234
"goa",33,"inla_spde_group",4,"continuous",25.3078,35.4950501690362,57.4379110831234
"goa",33,"inla_spde_group",4,"continuous",9.7141,24.9135887211718,57.4379110831234
"goa",33,"inla_spde_group",4,"continuous",1.3049,26.1758264442034,57.4379110831234
"goa",33,"inla_spde_group",4,"continuous",28.6968,46.3111924787949,57.4379110831234
"goa",33,"inla_spde_group",4,"continuous",10.0478,46.753809697783,57.4379110831234
"goa",33,"inla_spde_group",4,"continuous",0,42.2359970582844,57.4379110831234
"goa",33,"inla_spde_group",4,"continuous",22.8159,44.1349695916451,57.4379110831234
"goa",33,"inla_spde_group",4,"continuous",26.1647,78.2070013726558,57.4379110831234
"goa",33,"inla_spde_group",4,"continuous",31.0748,82.5811036642491,57.4379110831234
"goa",33,"inla_spde_group",4,"continuous",10.4632,84.0847301930651,57.4379110831234
"goa",33,"inla_spde_group",4,"continuous",0,84.1631353080002,57.4379110831234
"goa",33,"inla_spde_group",4,"continuous",0,32.6236523819439,57.4379110831234
"goa",33,"inla_spde_group",4,"continuous",13.9273,46.5871967576373,57.4379110831234
"goa",33,"inla_spde_group",4,"continuous",40.0496,47.6620924303588,57.4379110831234
"goa",33,"inla_spde_group",4,"continuous",35.0147,45.8501191098007,57.4379110831234
"goa",33,"inla_spde_group",4,"continuous",62.7416,44.2275702886317,57.4379110831234
"goa",33,"inla_spde_group",4,"continuous",26.3363,45.4176182015134,57.4379110831234
"goa",33,"inla_spde_group",4,"continuous",19.5108,43.1018473311374,57.4379110831234
"goa",33,"inla_spde_group",4,"continuous",82.634,45.7388168411383,57.4379110831234
"goa",33,"inla_spde_group",4,"continuous",84.5855,45.4544256183506,57.4379110831234
"goa",33,"inla_spde_group",4,"continuous",0,28.820975939969,57.4379110831234
"goa",33,"inla_spde_group",4,"continuous",7.603,46.9379392865206,57.4379110831234
"goa",33,"inla_spde_group",4,"continuous",19.5616,46.8837980905264,57.4379110831234
"goa",33,"inla_spde_group",4,"continuous",307.4967,45.8874932236121,57.4379110831234
"goa",33,"inla_spde_group",4,"continuous",101.1108,46.3292421772789,57.4379110831234
"goa",33,"inla_spde_group",4,"continuous",385.051,45.9701096458112,57.4379110831234
"goa",33,"inla_spde_group",4,"continuous",120.3135,43.7997441981406,57.4379110831234
"goa",33,"inla_spde_group",4,"continuous",78.5435,43.3527945785623,57.4379110831234
"goa",33,"inla_spde_group",4,"continuous",65.5064,80.2537948015895,57.4379110831234
"goa",33,"inla_spde_group",4,"continuous",122.5467,89.1064887771292,57.4379110831234
"goa",33,"inla_spde_group",4,"continuous",2.3389,26.6081523398691,57.4379110831234
"goa",33,"inla_spde_group",4,"continuous",0,22.7520860110636,57.4379110831234
"goa",33,"inla_spde_group",4,"continuous",22.3627,28.4945102420622,57.4379110831234
"goa",33,"inla_spde_group",4,"continuous",39.3448,46.3966809970348,57.4379110831234
"goa",33,"inla_spde_group",4,"continuous",0,91.8968831885504,57.4379110831234
"goa",33,"inla_spde_group",4,"continuous",24.1193,29.7339707019649,57.4379110831234
"goa",33,"inla_spde_group",4,"continuous",43.8157,34.9136287864931,57.4379110831234
"goa",33,"inla_spde_group",4,"continuous",18.4473,46.9499470269894,57.4379110831234
"goa",33,"inla_spde_group",4,"continuous",0,87.80327862142,57.4379110831234
"goa",33,"inla_spde_group",4,"continuous",0,21.1241624567448,57.4379110831234
"goa",33,"inla_spde_group",4,"continuous",6.6492,32.8462690116571,57.4379110831234
"goa",33,"inla_spde_group",4,"continuous",6.36,46.3970352257579,57.4379110831234
"goa",33,"inla_spde_group",4,"continuous",19.1733,44.2262483477194,57.4379110831234
"goa",33,"inla_spde_group",4,"continuous",3.1576,42.1790105503912,57.4379110831234
"goa",33,"inla_spde_group",4,"continuous",0,82.0479802310811,57.4379110831234
"goa",33,"inla_spde_group",4,"continuous",30.4508,90.3251384414417,57.4379110831234
"goa",33,"inla_spde_group",4,"continuous",0,23.526751254846,57.4379110831234
"goa",33,"inla_spde_group",4,"continuous",0,22.119850542258,57.4379110831234
"goa",33,"inla_spde_group",4,"continuous",0.4807,22.7046728649687,57.4379110831234
"goa",33,"inla_spde_group",4,"continuous",21.8932,29.4825492380058,57.4379110831234
"goa",33,"inla_spde_group",4,"continuous",10.219,25.8004359716017,57.4379110831234
"goa",33,"inla_spde_group",4,"continuous",154.547,46.7274773640165,57.4379110831234
"goa",33,"inla_spde_group",4,"continuous",0,38.6704513436916,57.4379110831234
"goa",33,"inla_spde_group",4,"continuous",0.0752,43.1166024339899,57.4379110831234
"goa",33,"inla_spde_group",4,"continuous",70.2558,42.7990198796422,57.4379110831234
"goa",33,"inla_spde_group",4,"continuous",0,78.6323742574116,57.4379110831234
"goa",33,"inla_spde_group",4,"continuous",35.6525,27.2904656866802,57.4379110831234
"goa",33,"inla_spde_group",4,"continuous",2.2514,28.7136042733404,57.4379110831234
"goa",33,"inla_spde_group",4,"continuous",8.5411,24.1239520560451,57.4379110831234
"goa",33,"inla_spde_group",4,"continuous",8.313,24.2887360094623,57.4379110831234
"goa",33,"inla_spde_group",4,"continuous",43.0226,24.8649214939521,57.4379110831234
"goa",33,"inla_spde_group",4,"continuous",0,45.7258747673809,57.4379110831234
"goa",33,"inla_spde_group",4,"continuous",2.9227,46.8555127705038,57.4379110831234
"goa",33,"inla_spde_group",4,"continuous",6.8407,31.6356661410926,57.4379110831234
"goa",33,"inla_spde_group",4,"continuous",17.0813,78.2434173833255,57.4379110831234
"goa",33,"inla_spde_group",4,"continuous",0,80.04025924523,57.4379110831234
"goa",33,"inla_spde_group",4,"continuous",39.5628,80.8147092200967,57.4379110831234
"goa",33,"inla_spde_group",4,"continuous",391.9478,90.8384174945794,57.4379110831234
"goa",33,"inla_spde_group",4,"continuous",13.6643,24.4527307392214,57.4379110831234
"goa",33,"inla_spde_group",4,"continuous",7.3183,28.4607790683873,57.4379110831234
"goa",33,"inla_spde_group",4,"continuous",0.7343,48.9470390007005,57.4379110831234
"goa",33,"inla_spde_group",4,"continuous",130.7254,41.9824264281421,57.4379110831234
"goa",33,"inla_spde_group",4,"continuous",1.8366,88.6239577349638,57.4379110831234
"goa",33,"inla_spde_group",4,"continuous",176.2184,91.0201802716966,57.4379110831234
"goa",33,"inla_spde_group",4,"continuous",5.9712,24.3171095363233,57.4379110831234
"goa",33,"inla_spde_group",4,"continuous",0,34.4323764562374,57.4379110831234
"goa",33,"inla_spde_group",4,"continuous",30.943,25.4400872983392,57.4379110831234
"goa",33,"inla_spde_group",4,"continuous",0.6689,45.4628665767143,57.4379110831234
"goa",33,"inla_spde_group",4,"continuous",12.2485,43.8992108185379,57.4379110831234
"goa",33,"inla_spde_group",4,"continuous",345.5682,43.8360433263977,57.4379110831234
"goa",33,"inla_spde_group",4,"continuous",2.9014,84.2705521436811,57.4379110831234
"goa",33,"inla_spde_group",4,"continuous",0,83.0815758629789,57.4379110831234
"goa",33,"inla_spde_group",4,"continuous",5.3307,78.8884740134617,57.4379110831234
"goa",33,"inla_spde_group",4,"continuous",9.5243,35.0617089902317,57.4379110831234
"goa",33,"inla_spde_group",4,"continuous",6.9338,27.2630354285397,57.4379110831234
"goa",33,"inla_spde_group",4,"continuous",0.6647,26.4006380575452,57.4379110831234
"goa",33,"inla_spde_group",4,"continuous",9.7221,23.2392816315877,57.4379110831234
"goa",33,"inla_spde_group",4,"continuous",1.546,45.1927326426334,57.4379110831234
"goa",33,"inla_spde_group",4,"continuous",64.2741,45.4544619062557,57.4379110831234
"goa",33,"inla_spde_group",4,"continuous",23.5081,89.4896418859135,57.4379110831234
"goa",33,"inla_spde_group",4,"continuous",3.3693,24.356759016252,57.4379110831234
"goa",33,"inla_spde_group",4,"continuous",3.7054,26.8165257602675,57.4379110831234
"goa",33,"inla_spde_group",4,"continuous",18.7778,46.7588917912092,57.4379110831234
"goa",33,"inla_spde_group",4,"continuous",14.7655,47.4524870729043,57.4379110831234
"goa",33,"inla_spde_group",4,"continuous",287.6403,42.5786224782119,57.4379110831234
"goa",33,"inla_spde_group",4,"continuous",13.7316,70.9194262025175,57.4379110831234
"goa",33,"inla_spde_group",4,"continuous",0.976,76.7985945588314,57.4379110831234
"goa",33,"inla_spde_group",4,"continuous",808.0714,87.8494423702295,57.4379110831234
"goa",33,"inla_spde_group",4,"continuous",14.3939,79.3151376156756,57.4379110831234
"goa",33,"inla_spde_group",5,"continuous",30.6639,57.9914061114033,60.3611975903614
"goa",33,"inla_spde_group",5,"continuous",18.3207,61.5485880920463,60.3611975903614
"goa",33,"inla_spde_group",5,"continuous",64.7213,60.8327682934026,60.3611975903614
"goa",33,"inla_spde_group",5,"continuous",57.0843,61.8758472360036,60.3611975903614
"goa",33,"inla_spde_group",5,"continuous",0,59.6322550018046,60.3611975903614
"goa",33,"inla_spde_group",5,"continuous",25.8666,59.9716687297505,60.3611975903614
"goa",33,"inla_spde_group",5,"continuous",85.4468,59.7838426187429,60.3611975903614
"goa",33,"inla_spde_group",5,"continuous",31.6943,62.0208342911459,60.3611975903614
"goa",33,"inla_spde_group",5,"continuous",14.1454,60.8825014237652,60.3611975903614
"goa",33,"inla_spde_group",5,"continuous",17.4125,61.4644428207682,60.3611975903614
"goa",33,"inla_spde_group",5,"continuous",71.4521,61.1946649282352,60.3611975903614
"goa",33,"inla_spde_group",5,"continuous",19.8659,58.398817102896,60.3611975903614
"goa",33,"inla_spde_group",5,"continuous",114.4116,61.0555344819575,60.3611975903614
"goa",33,"inla_spde_group",5,"continuous",0.1344,61.2647219849968,60.3611975903614
"goa",33,"inla_spde_group",5,"continuous",5.718,61.9629346725415,60.3611975903614
"goa",33,"inla_spde_group",5,"continuous",59.9492,59.4315204709893,60.3611975903614
"goa",33,"inla_spde_group",5,"continuous",93.0971,60.6044530451066,60.3611975903614
"goa",33,"inla_spde_group",5,"continuous",131.3938,61.1477579449924,60.3611975903614
"goa",33,"inla_spde_group",5,"continuous",45.5903,61.7591339393441,60.3611975903614
"goa",33,"inla_spde_group",5,"continuous",2.3232,59.3782044475865,60.3611975903614
"goa",33,"inla_spde_group",5,"continuous",17.289,61.6698004673586,60.3611975903614
"goa",33,"inla_spde_group",5,"continuous",104.1167,60.8844271076719,60.3611975903614
"goa",33,"inla_spde_group",5,"continuous",30.2118,61.3125853944872,60.3611975903614
"goa",33,"inla_spde_group",5,"continuous",58.7572,58.4791864064225,60.3611975903614
"goa",33,"inla_spde_group",5,"continuous",3.0307,62.0136985857962,60.3611975903614
"goa",33,"inla_spde_group",5,"continuous",12.848,59.9341006243574,60.3611975903614
"goa",33,"inla_spde_group",5,"continuous",10.0411,59.5691335110332,60.3611975903614
"goa",33,"inla_spde_group",5,"continuous",0,61.6117411963227,60.3611975903614
"goa",33,"inla_spde_group",5,"continuous",1.5337,53.5819533765173,60.3611975903614
"goa",33,"inla_spde_group",5,"continuous",12.1244,60.746379739586,60.3611975903614
"goa",33,"inla_spde_group",5,"continuous",5.8105,61.8001961239137,60.3611975903614
"goa",33,"inla_spde_group",5,"continuous",44.8735,61.9347476043173,60.3611975903614
"goa",33,"inla_spde_group",5,"continuous",38.5649,61.1946649284613,60.3611975903614
"goa",33,"inla_spde_group",5,"continuous",7.5202,61.2422426515605,60.3611975903614
"goa",33,"inla_spde_group",5,"continuous",22.2468,59.6220170739359,60.3611975903614
"goa",33,"inla_spde_group",5,"continuous",1.488,60.070814306996,60.3611975903614
"goa",33,"inla_spde_group",5,"continuous",0,60.9261196754571,60.3611975903614
"goa",33,"inla_spde_group",5,"continuous",24.2166,60.6303243223963,60.3611975903614
"goa",33,"inla_spde_group",5,"continuous",0,59.6328933666747,60.3611975903614
"goa",33,"inla_spde_group",5,"continuous",56.3578,60.5271526273462,60.3611975903614
"goa",33,"inla_spde_group",5,"continuous",4.539,58.400665313789,60.3611975903614
"goa",33,"inla_spde_group",5,"continuous",61.3939,62.1158136382838,60.3611975903614
"goa",33,"inla_spde_group",5,"continuous",22.3947,61.8873035884441,60.3611975903614
"goa",33,"inla_spde_group",5,"continuous",0,58.4672607315027,60.3611975903614
"goa",33,"inla_spde_group",5,"continuous",23.9065,62.0910726462985,60.3611975903614
"goa",33,"inla_spde_group",5,"continuous",27.4279,61.6546529907285,60.3611975903614
"goa",33,"inla_spde_group",5,"continuous",9.7452,60.9809007902352,60.3611975903614
"goa",33,"inla_spde_group",5,"continuous",20.4155,59.7044662618516,60.3611975903614
"goa",33,"inla_spde_group",5,"continuous",0.1332,62.0110731178939,60.3611975903614
"goa",33,"inla_spde_group",5,"continuous",9.4111,54.7347031573209,60.3611975903614
"goa",33,"inla_spde_group",5,"continuous",3.9324,60.3187380965712,60.3611975903614
"goa",33,"inla_spde_group",5,"continuous",0,62.0663264904182,60.3611975903614
"goa",33,"inla_spde_group",5,"continuous",6.2225,61.9870589490761,60.3611975903614
"goa",33,"inla_spde_group",5,"continuous",7.0922,61.1724919389579,60.3611975903614
"goa",33,"inla_spde_group",5,"continuous",4.3646,61.8616142974332,60.3611975903614
"goa",33,"inla_spde_group",5,"continuous",131.9522,58.261985424505,60.3611975903614
"goa",33,"inla_spde_group",5,"continuous",4.612,61.3772524543722,60.3611975903614
"goa",33,"inla_spde_group",5,"continuous",151.8197,61.1272123422918,60.3611975903614
"goa",33,"inla_spde_group",5,"continuous",61.8847,61.7603105212043,60.3611975903614
"goa",33,"inla_spde_group",5,"continuous",2.6861,60.200859894593,60.3611975903614
"goa",33,"inla_spde_group",5,"continuous",31.0716,60.0791699913071,60.3611975903614
"goa",33,"inla_spde_group",5,"continuous",19.2936,59.3777774274912,60.3611975903614
"goa",33,"inla_spde_group",5,"continuous",0,60.840105858126,60.3611975903614
"goa",33,"inla_spde_group",5,"continuous",80.3646,58.5335686510191,60.3611975903614
"goa",33,"inla_spde_group",5,"continuous",18.043,62.0957360050394,60.3611975903614
"goa",33,"inla_spde_group",5,"continuous",173.044,61.263380034713,60.3611975903614
"goa",33,"inla_spde_group",5,"continuous",0,60.2000174981398,60.3611975903614
"goa",33,"inla_spde_group",5,"continuous",0.4466,61.3522082131145,60.3611975903614
"goa",33,"inla_spde_group",5,"continuous",12.9297,54.3206318831967,60.3611975903614
"goa",33,"inla_spde_group",5,"continuous",0.0231,61.9625043286051,60.3611975903614
"goa",33,"inla_spde_group",5,"continuous",10.5208,56.4794771787363,60.3611975903614
"goa",33,"inla_spde_group",5,"continuous",36.1595,62.0423541110648,60.3611975903614
"goa",33,"inla_spde_group",5,"continuous",7.2206,62.0859357763926,60.3611975903614
"goa",33,"inla_spde_group",5,"continuous",128.776,61.4644428207459,60.3611975903614
"goa",33,"inla_spde_group",5,"continuous",16.0957,56.3488280332124,60.3611975903614
"goa",33,"inla_spde_group",5,"continuous",16.2148,53.8181652873832,60.3611975903614
"goa",33,"inla_spde_group",5,"continuous",1.6588,58.2264985126375,60.3611975903614
"goa",33,"inla_spde_group",5,"continuous",5.0841,52.908496264101,60.3611975903614
"goa",33,"inla_spde_group",5,"continuous",19.0893,60.0717414287332,60.3611975903614
"goa",33,"inla_spde_group",5,"continuous",24.8627,60.0518809756587,60.3611975903614
"goa",33,"inla_spde_group",5,"continuous",7.2996,61.4115504329372,60.3611975903614
"goa",33,"inla_spde_group",5,"continuous",9.5641,56.2711905962106,60.3611975903614
"goa",33,"inla_spde_group",5,"continuous",0.3572,49.0256642624403,60.3611975903614
"goa",33,"inla_spde_group",5,"continuous",24.2615,59.6224440940908,60.3611975903614
"goa",33,"inla_spde_group",5,"continuous",0,58.6998621035482,60.3611975903614
"goa",33,"inla_spde_st",1,"continuous",0,-265.04555238103,59.5517916876574
"goa",33,"inla_spde_st",1,"continuous",6.5059,66.2141544406873,59.5517916876574
"goa",33,"inla_spde_st",1,"continuous",20.7484,201.144299363772,59.5517916876574
"goa",33,"inla_spde_st",1,"continuous",3.4258,196.573625862218,59.5517916876574
"goa",33,"inla_spde_st",1,"continuous",8.4797,57.0633440734159,59.5517916876574
"goa",33,"inla_spde_st",1,"continuous",63.7188,-1013.23787330986,59.5517916876574
"goa",33,"inla_spde_st",1,"continuous",1.1565,-2831.63924144457,59.5517916876574
"goa",33,"inla_spde_st",1,"continuous",43.5046,-2459.08225040594,59.5517916876574
"goa",33,"inla_spde_st",1,"continuous",3.5064,-189.90172209772,59.5517916876574
"goa",33,"inla_spde_st",1,"continuous",0,-217.993127015626,59.5517916876574
"goa",33,"inla_spde_st",1,"continuous",32.9726,41.9534872489111,59.5517916876574
"goa",33,"inla_spde_st",1,"continuous",1.8927,48.8415728148095,59.5517916876574
"goa",33,"inla_spde_st",1,"continuous",10.1555,-10.5322248841804,59.5517916876574
"goa",33,"inla_spde_st",1,"continuous",1.3243,-13.7147478737475,59.5517916876574
"goa",33,"inla_spde_st",1,"continuous",29.1366,55.7580627595874,59.5517916876574
"goa",33,"inla_spde_st",1,"continuous",0,11.3190512369205,59.5517916876574
"goa",33,"inla_spde_st",1,"continuous",0,19.3601499402071,59.5517916876574
"goa",33,"inla_spde_st",1,"continuous",24.0571,218.457083447186,59.5517916876574
"goa",33,"inla_spde_st",1,"continuous",56.9712,35.4450499611865,59.5517916876574
"goa",33,"inla_spde_st",1,"continuous",107.5302,45.243309353028,59.5517916876574
"goa",33,"inla_spde_st",1,"continuous",21.9335,42.3261133879082,59.5517916876574
"goa",33,"inla_spde_st",1,"continuous",8.6668,27.8820306806628,59.5517916876574
"goa",33,"inla_spde_st",1,"continuous",42.2079,-2785.44781699388,59.5517916876574
"goa",33,"inla_spde_st",1,"continuous",21.638,-4147.34444907641,59.5517916876574
"goa",33,"inla_spde_st",1,"continuous",109.4013,4.10298145363533,59.5517916876574
"goa",33,"inla_spde_st",1,"continuous",0.2749,20.0366443866638,59.5517916876574
"goa",33,"inla_spde_st",1,"continuous",0.0314,216.840449532287,59.5517916876574
"goa",33,"inla_spde_st",1,"continuous",49.5557,-4778.49812974372,59.5517916876574
"goa",33,"inla_spde_st",1,"continuous",1.9508,-57.329637287698,59.5517916876574
"goa",33,"inla_spde_st",1,"continuous",1.6681,-39.690654529332,59.5517916876574
"goa",33,"inla_spde_st",1,"continuous",11.0499,-38.9997266036032,59.5517916876574
"goa",33,"inla_spde_st",1,"continuous",2.6545,-78.2747692797957,59.5517916876574
"goa",33,"inla_spde_st",1,"continuous",4.1351,-96.2605538647627,59.5517916876574
"goa",33,"inla_spde_st",1,"continuous",1.6447,29.297813333604,59.5517916876574
"goa",33,"inla_spde_st",1,"continuous",17.4874,222.858681809068,59.5517916876574
"goa",33,"inla_spde_st",1,"continuous",84.3691,218.981222589445,59.5517916876574
"goa",33,"inla_spde_st",1,"continuous",144.6887,-62.1754193198905,59.5517916876574
"goa",33,"inla_spde_st",1,"continuous",123.2541,-128.603887130794,59.5517916876574
"goa",33,"inla_spde_st",1,"continuous",1.9678,-212.34807895693,59.5517916876574
"goa",33,"inla_spde_st",1,"continuous",24.4489,-102.288247984388,59.5517916876574
"goa",33,"inla_spde_st",1,"continuous",3.7365,162.252781261962,59.5517916876574
"goa",33,"inla_spde_st",1,"continuous",51.5987,227.348249129881,59.5517916876574
"goa",33,"inla_spde_st",1,"continuous",5.4433,-1378.6357883812,59.5517916876574
"goa",33,"inla_spde_st",1,"continuous",0.0722,-3384.57182233669,59.5517916876574
"goa",33,"inla_spde_st",1,"continuous",45.7868,-7069.56323737625,59.5517916876574
"goa",33,"inla_spde_st",1,"continuous",52.3303,-7161.4372399761,59.5517916876574
"goa",33,"inla_spde_st",1,"continuous",8.242,-96.0794614869774,59.5517916876574
"goa",33,"inla_spde_st",1,"continuous",6.7374,-226.408183940385,59.5517916876574
"goa",33,"inla_spde_st",1,"continuous",1.1912,-144.331165227118,59.5517916876574
"goa",33,"inla_spde_st",1,"continuous",9.0688,30.5171134730556,59.5517916876574
"goa",33,"inla_spde_st",1,"continuous",6.7062,-152.837987981792,59.5517916876574
"goa",33,"inla_spde_st",1,"continuous",31.8989,-53.3059249365969,59.5517916876574
"goa",33,"inla_spde_st",1,"continuous",21.9825,30.65871875948,59.5517916876574
"goa",33,"inla_spde_st",1,"continuous",8.7701,81.7291020433261,59.5517916876574
"goa",33,"inla_spde_st",1,"continuous",2.2407,206.607680871881,59.5517916876574
"goa",33,"inla_spde_st",1,"continuous",129.4165,-4368.84080238374,59.5517916876574
"goa",33,"inla_spde_st",1,"continuous",0.8386,-2013.29337884772,59.5517916876574
"goa",33,"inla_spde_st",1,"continuous",18.0812,-96.3026209885406,59.5517916876574
"goa",33,"inla_spde_st",1,"continuous",0,71.7241993824181,59.5517916876574
"goa",33,"inla_spde_st",1,"continuous",0,99.4876596119711,59.5517916876574
"goa",33,"inla_spde_st",1,"continuous",174.0796,224.466754683302,59.5517916876574
"goa",33,"inla_spde_st",1,"continuous",0.6223,34.6609487509991,59.5517916876574
"goa",33,"inla_spde_st",1,"continuous",180.0364,171.68477419335,59.5517916876574
"goa",33,"inla_spde_st",1,"continuous",30.6219,-49.4433780908173,59.5517916876574
"goa",33,"inla_spde_st",1,"continuous",36.441,-2399.46317597021,59.5517916876574
"goa",33,"inla_spde_st",1,"continuous",61.5538,-47.9513255171837,59.5517916876574
"goa",33,"inla_spde_st",1,"continuous",2.1238,67.3421463123586,59.5517916876574
"goa",33,"inla_spde_st",1,"continuous",39.3556,-52.2904474278554,59.5517916876574
"goa",33,"inla_spde_st",1,"continuous",14.8056,-35.882917936305,59.5517916876574
"goa",33,"inla_spde_st",1,"continuous",48.8392,208.551504154707,59.5517916876574
"goa",33,"inla_spde_st",1,"continuous",175.5409,150.561239446786,59.5517916876574
"goa",33,"inla_spde_st",1,"continuous",2.3076,209.187189758196,59.5517916876574
"goa",33,"inla_spde_st",1,"continuous",0,12.726983810963,59.5517916876574
"goa",33,"inla_spde_st",1,"continuous",112.0547,112.15110631849,59.5517916876574
"goa",33,"inla_spde_st",1,"continuous",69.3453,-2758.85748344472,59.5517916876574
"goa",33,"inla_spde_st",1,"continuous",494.7127,301.697939117437,59.5517916876574
"goa",33,"inla_spde_st",1,"continuous",3.6427,39.0778378761312,59.5517916876574
"goa",33,"inla_spde_st",1,"continuous",45.7757,17.4526579676386,59.5517916876574
"goa",33,"inla_spde_st",1,"continuous",22.6695,23.361896837563,59.5517916876574
"goa",33,"inla_spde_st",1,"continuous",35.6304,-34.507544820735,59.5517916876574
"goa",33,"inla_spde_st",1,"continuous",16.1682,110.683241058419,59.5517916876574
"goa",33,"inla_spde_st",1,"continuous",19.1639,90.0404004910897,59.5517916876574
"goa",33,"inla_spde_st",1,"continuous",0.6232,135.190586560282,59.5517916876574
"goa",33,"inla_spde_st",1,"continuous",45.2617,7.78765737423822,59.5517916876574
"goa",33,"inla_spde_st",1,"continuous",83.1352,-14.1944025397702,59.5517916876574
"goa",33,"inla_spde_st",1,"continuous",54.3956,107.813043515049,59.5517916876574
"goa",33,"inla_spde_st",1,"continuous",5.209,65.5038667523011,59.5517916876574
"goa",33,"inla_spde_st",1,"continuous",0.8887,57.6511865236022,59.5517916876574
"goa",33,"inla_spde_st",1,"continuous",15.1962,8.78513049442875,59.5517916876574
"goa",33,"inla_spde_st",1,"continuous",2.5034,48.9044982296547,59.5517916876574
"goa",33,"inla_spde_st",1,"continuous",10.8098,-46.1682863774925,59.5517916876574
"goa",33,"inla_spde_st",1,"continuous",7.9787,91.2492740659526,59.5517916876574
"goa",33,"inla_spde_st",1,"continuous",0.4758,158.115621611105,59.5517916876574
"goa",33,"inla_spde_st",1,"continuous",6.9596,-66.083706528343,59.5517916876574
"goa",33,"inla_spde_st",1,"continuous",29.327,142.020629481679,59.5517916876574
"goa",33,"inla_spde_st",1,"continuous",14.6888,-38.6124057788428,59.5517916876574
"goa",33,"inla_spde_st",1,"continuous",0,54.9364248492206,59.5517916876574
"goa",33,"inla_spde_st",1,"continuous",2.7397,1.8304076203289,59.5517916876574
"goa",33,"inla_spde_st",1,"continuous",24.7697,-377.900146073119,59.5517916876574
"goa",33,"inla_spde_st",1,"continuous",17.9743,79.9614201422062,59.5517916876574
"goa",33,"inla_spde_st",1,"continuous",530.102,99.3581135123539,59.5517916876574
"goa",33,"inla_spde_st",1,"continuous",4.6248,-17.5280566460847,59.5517916876574
"goa",33,"inla_spde_st",1,"continuous",9.0615,104.565285880869,59.5517916876574
"goa",33,"inla_spde_st",2,"continuous",9.1352,46.6515394031108,51.9104294554455
"goa",33,"inla_spde_st",2,"continuous",3.6564,50.4546533949214,51.9104294554455
"goa",33,"inla_spde_st",2,"continuous",0.1627,60.0271731746533,51.9104294554455
"goa",33,"inla_spde_st",2,"continuous",60.5269,47.8287383628995,51.9104294554455
"goa",33,"inla_spde_st",2,"continuous",0.8595,47.9532325969447,51.9104294554455
"goa",33,"inla_spde_st",2,"continuous",4.8496,50.145544125272,51.9104294554455
"goa",33,"inla_spde_st",2,"continuous",62.8808,79.6025276740126,51.9104294554455
"goa",33,"inla_spde_st",2,"continuous",0.0335,31.4840287063647,51.9104294554455
"goa",33,"inla_spde_st",2,"continuous",0,20.2923929326154,51.9104294554455
"goa",33,"inla_spde_st",2,"continuous",1.7306,30.6467755696414,51.9104294554455
"goa",33,"inla_spde_st",2,"continuous",9.9817,48.1292570044535,51.9104294554455
"goa",33,"inla_spde_st",2,"continuous",0.4989,56.1318081597191,51.9104294554455
"goa",33,"inla_spde_st",2,"continuous",6.3187,52.1952223802753,51.9104294554455
"goa",33,"inla_spde_st",2,"continuous",55.8054,35.7574601099933,51.9104294554455
"goa",33,"inla_spde_st",2,"continuous",44.2584,92.043131435613,51.9104294554455
"goa",33,"inla_spde_st",2,"continuous",0,45.9155181455154,51.9104294554455
"goa",33,"inla_spde_st",2,"continuous",0.4426,40.8149504935089,51.9104294554455
"goa",33,"inla_spde_st",2,"continuous",2.6175,52.0479367960855,51.9104294554455
"goa",33,"inla_spde_st",2,"continuous",0.2319,38.8724307518271,51.9104294554455
"goa",33,"inla_spde_st",2,"continuous",16.9504,56.4733757127578,51.9104294554455
"goa",33,"inla_spde_st",2,"continuous",922.0797,25.6014378101005,51.9104294554455
"goa",33,"inla_spde_st",2,"continuous",45.4167,34.0600591324971,51.9104294554455
"goa",33,"inla_spde_st",2,"continuous",67.7677,33.5491869644318,51.9104294554455
"goa",33,"inla_spde_st",2,"continuous",16.4935,93.7721474528379,51.9104294554455
"goa",33,"inla_spde_st",2,"continuous",2.2323,38.8970505772164,51.9104294554455
"goa",33,"inla_spde_st",2,"continuous",0,44.7634822015316,51.9104294554455
"goa",33,"inla_spde_st",2,"continuous",5.4657,46.0926778366784,51.9104294554455
"goa",33,"inla_spde_st",2,"continuous",0,51.1161570486853,51.9104294554455
"goa",33,"inla_spde_st",2,"continuous",0.977,47.0995438076748,51.9104294554455
"goa",33,"inla_spde_st",2,"continuous",50.8456,45.6225665107633,51.9104294554455
"goa",33,"inla_spde_st",2,"continuous",64.9775,50.9143142638503,51.9104294554455
"goa",33,"inla_spde_st",2,"continuous",34.7283,45.0178806519643,51.9104294554455
"goa",33,"inla_spde_st",2,"continuous",63.5263,34.0164812415634,51.9104294554455
"goa",33,"inla_spde_st",2,"continuous",18.3791,56.2308887941002,51.9104294554455
"goa",33,"inla_spde_st",2,"continuous",83.2018,49.420242295849,51.9104294554455
"goa",33,"inla_spde_st",2,"continuous",24.5887,53.7613801515353,51.9104294554455
"goa",33,"inla_spde_st",2,"continuous",0.0227,37.8980671616791,51.9104294554455
"goa",33,"inla_spde_st",2,"continuous",9.7929,42.0977563779896,51.9104294554455
"goa",33,"inla_spde_st",2,"continuous",73.6718,38.6697299064064,51.9104294554455
"goa",33,"inla_spde_st",2,"continuous",45.5932,33.8407688113187,51.9104294554455
"goa",33,"inla_spde_st",2,"continuous",16.2659,74.30652895919,51.9104294554455
"goa",33,"inla_spde_st",2,"continuous",4.1609,87.5189913358668,51.9104294554455
"goa",33,"inla_spde_st",2,"continuous",0,26.7526220941802,51.9104294554455
"goa",33,"inla_spde_st",2,"continuous",4.572,43.5841253870379,51.9104294554455
"goa",33,"inla_spde_st",2,"continuous",4.3322,35.5714193743532,51.9104294554455
"goa",33,"inla_spde_st",2,"continuous",5.1641,97.8898603788916,51.9104294554455
"goa",33,"inla_spde_st",2,"continuous",50.6502,139.657836032422,51.9104294554455
"goa",33,"inla_spde_st",2,"continuous",37.302,43.5110078506378,51.9104294554455
"goa",33,"inla_spde_st",2,"continuous",2.8581,35.3569623919128,51.9104294554455
"goa",33,"inla_spde_st",2,"continuous",17.0061,34.4945661065585,51.9104294554455
"goa",33,"inla_spde_st",2,"continuous",20.6832,38.7757339585375,51.9104294554455
"goa",33,"inla_spde_st",2,"continuous",3.3854,46.1348334033971,51.9104294554455
"goa",33,"inla_spde_st",2,"continuous",0.556,58.436692094831,51.9104294554455
"goa",33,"inla_spde_st",2,"continuous",1.9319,54.8189788312467,51.9104294554455
"goa",33,"inla_spde_st",2,"continuous",0.1045,41.7654329389266,51.9104294554455
"goa",33,"inla_spde_st",2,"continuous",9.2768,53.0794593883315,51.9104294554455
"goa",33,"inla_spde_st",2,"continuous",728.509,195.519700757639,51.9104294554455
"goa",33,"inla_spde_st",2,"continuous",102.6339,186.484559801832,51.9104294554455
"goa",33,"inla_spde_st",2,"continuous",193.4787,126.268438587303,51.9104294554455
"goa",33,"inla_spde_st",2,"continuous",50.2533,92.652487220088,51.9104294554455
"goa",33,"inla_spde_st",2,"continuous",16.9012,52.5686154254651,51.9104294554455
"goa",33,"inla_spde_st",2,"continuous",13.7633,50.4182181226653,51.9104294554455
"goa",33,"inla_spde_st",2,"continuous",56.313,55.4436791074421,51.9104294554455
"goa",33,"inla_spde_st",2,"continuous",47.6208,40.9215787384584,51.9104294554455
"goa",33,"inla_spde_st",2,"continuous",1137.0552,126.582917797206,51.9104294554455
"goa",33,"inla_spde_st",2,"continuous",107.649,154.790075872436,51.9104294554455
"goa",33,"inla_spde_st",2,"continuous",22.2549,107.331109781667,51.9104294554455
"goa",33,"inla_spde_st",2,"continuous",66.4922,91.1351453884734,51.9104294554455
"goa",33,"inla_spde_st",2,"continuous",1.4417,54.8807251947725,51.9104294554455
"goa",33,"inla_spde_st",2,"continuous",20.3936,50.5099533491532,51.9104294554455
"goa",33,"inla_spde_st",2,"continuous",101.2841,58.4275635790813,51.9104294554455
"goa",33,"inla_spde_st",2,"continuous",212.6102,45.3107810053683,51.9104294554455
"goa",33,"inla_spde_st",2,"continuous",44.894,37.2154712636515,51.9104294554455
"goa",33,"inla_spde_st",2,"continuous",314.83,104.818563971404,51.9104294554455
"goa",33,"inla_spde_st",2,"continuous",33.9485,100.865600002476,51.9104294554455
"goa",33,"inla_spde_st",2,"continuous",332.9622,73.2536756667118,51.9104294554455
"goa",33,"inla_spde_st",2,"continuous",40.908,71.7337780438145,51.9104294554455
"goa",33,"inla_spde_st",2,"continuous",0,32.5515403680873,51.9104294554455
"goa",33,"inla_spde_st",2,"continuous",164.6786,55.1811799589309,51.9104294554455
"goa",33,"inla_spde_st",2,"continuous",22.6242,65.0698480147769,51.9104294554455
"goa",33,"inla_spde_st",2,"continuous",0,11.2300880482931,51.9104294554455
"goa",33,"inla_spde_st",2,"continuous",22.9798,44.5926782243894,51.9104294554455
"goa",33,"inla_spde_st",2,"continuous",64.1688,51.6829663502392,51.9104294554455
"goa",33,"inla_spde_st",2,"continuous",189.1297,75.7882110635366,51.9104294554455
"goa",33,"inla_spde_st",2,"continuous",13.9397,110.26994986984,51.9104294554455
"goa",33,"inla_spde_st",2,"continuous",175.1373,55.7470383088426,51.9104294554455
"goa",33,"inla_spde_st",2,"continuous",7.0672,48.7332110468437,51.9104294554455
"goa",33,"inla_spde_st",2,"continuous",5.4954,54.5620057367917,51.9104294554455
"goa",33,"inla_spde_st",2,"continuous",46.9061,49.453443461778,51.9104294554455
"goa",33,"inla_spde_st",2,"continuous",0,45.2782445807939,51.9104294554455
"goa",33,"inla_spde_st",2,"continuous",6.9348,55.3586866958642,51.9104294554455
"goa",33,"inla_spde_st",2,"continuous",77.0548,45.2231245450707,51.9104294554455
"goa",33,"inla_spde_st",2,"continuous",15.7402,56.5929490417446,51.9104294554455
"goa",33,"inla_spde_st",2,"continuous",95.5371,32.2833575570877,51.9104294554455
"goa",33,"inla_spde_st",2,"continuous",29.0522,132.373062857866,51.9104294554455
"goa",33,"inla_spde_st",2,"continuous",43.1269,135.356444554061,51.9104294554455
"goa",33,"inla_spde_st",3,"continuous",0,35.8972848005348,46.2002891472868
"goa",33,"inla_spde_st",3,"continuous",279.3257,32.1884019349382,46.2002891472868
"goa",33,"inla_spde_st",3,"continuous",29.6249,39.682714657831,46.2002891472868
"goa",33,"inla_spde_st",3,"continuous",0,34.0909007534281,46.2002891472868
"goa",33,"inla_spde_st",3,"continuous",80.5198,40.0858520863151,46.2002891472868
"goa",33,"inla_spde_st",3,"continuous",167.5239,40.3248012616709,46.2002891472868
"goa",33,"inla_spde_st",3,"continuous",6.1045,37.3029045081727,46.2002891472868
"goa",33,"inla_spde_st",3,"continuous",32.0052,41.3571079262508,46.2002891472868
"goa",33,"inla_spde_st",3,"continuous",18.5036,39.7911397646214,46.2002891472868
"goa",33,"inla_spde_st",3,"continuous",90.1864,31.8787130920431,46.2002891472868
"goa",33,"inla_spde_st",3,"continuous",128.6797,40.1541925934177,46.2002891472868
"goa",33,"inla_spde_st",3,"continuous",18.9675,38.3860069383333,46.2002891472868
"goa",33,"inla_spde_st",3,"continuous",46.811,38.5278890025631,46.2002891472868
"goa",33,"inla_spde_st",3,"continuous",19.0758,36.9079735811815,46.2002891472868
"goa",33,"inla_spde_st",3,"continuous",117.0112,39.6548240363238,46.2002891472868
"goa",33,"inla_spde_st",3,"continuous",10.1657,35.3602450381005,46.2002891472868
"goa",33,"inla_spde_st",3,"continuous",10.2595,34.1321717852683,46.2002891472868
"goa",33,"inla_spde_st",3,"continuous",9.3991,32.060954273832,46.2002891472868
"goa",33,"inla_spde_st",3,"continuous",11.4517,30.9283976798531,46.2002891472868
"goa",33,"inla_spde_st",3,"continuous",311.7967,39.2236792594635,46.2002891472868
"goa",33,"inla_spde_st",3,"continuous",2.3074,36.2245916563545,46.2002891472868
"goa",33,"inla_spde_st",3,"continuous",37.4043,38.6731826777419,46.2002891472868
"goa",33,"inla_spde_st",3,"continuous",57.9916,41.3584380603621,46.2002891472868
"goa",33,"inla_spde_st",3,"continuous",302.9947,39.8958411795505,46.2002891472868
"goa",33,"inla_spde_st",3,"continuous",1.9831,35.0072879661488,46.2002891472868
"goa",33,"inla_spde_st",3,"continuous",43.7154,40.0687618093931,46.2002891472868
"goa",33,"inla_spde_st",3,"continuous",4.0712,32.117341514993,46.2002891472868
"goa",33,"inla_spde_st",3,"continuous",5.9442,34.1040241025371,46.2002891472868
"goa",33,"inla_spde_st",3,"continuous",106.4081,41.3966194150128,46.2002891472868
"goa",33,"inla_spde_st",3,"continuous",98.8347,37.7088523892771,46.2002891472868
"goa",33,"inla_spde_st",3,"continuous",0.8235,22.473941835571,46.2002891472868
"goa",33,"inla_spde_st",3,"continuous",135.9286,46.5111621943993,46.2002891472868
"goa",33,"inla_spde_st",3,"continuous",72.4716,34.1646301417487,46.2002891472868
"goa",33,"inla_spde_st",3,"continuous",153.1987,39.2417966331378,46.2002891472868
"goa",33,"inla_spde_st",3,"continuous",6.8768,31.3887422223076,46.2002891472868
"goa",33,"inla_spde_st",3,"continuous",26.761,36.0246362199276,46.2002891472868
"goa",33,"inla_spde_st",3,"continuous",21.2925,28.5167198565121,46.2002891472868
"goa",33,"inla_spde_st",3,"continuous",396.7223,40.3368409356267,46.2002891472868
"goa",33,"inla_spde_st",3,"continuous",28.8673,34.8686630787607,46.2002891472868
"goa",33,"inla_spde_st",3,"continuous",9.2421,33.8543151411294,46.2002891472868
"goa",33,"inla_spde_st",3,"continuous",21.204,40.8121734616769,46.2002891472868
"goa",33,"inla_spde_st",3,"continuous",936.2143,42.9278315279463,46.2002891472868
"goa",33,"inla_spde_st",3,"continuous",38.7155,40.9756798379743,46.2002891472868
"goa",33,"inla_spde_st",3,"continuous",42.8714,35.4604270565929,46.2002891472868
"goa",33,"inla_spde_st",3,"continuous",22.5853,35.4269570504174,46.2002891472868
"goa",33,"inla_spde_st",3,"continuous",41.9461,32.4416692290909,46.2002891472868
"goa",33,"inla_spde_st",3,"continuous",13.4154,41.1344922499178,46.2002891472868
"goa",33,"inla_spde_st",3,"continuous",0,34.337033150903,46.2002891472868
"goa",33,"inla_spde_st",3,"continuous",21.6062,41.4171697574904,46.2002891472868
"goa",33,"inla_spde_st",3,"continuous",23.0324,35.9288646286302,46.2002891472868
"goa",33,"inla_spde_st",3,"continuous",61.3756,41.4585786364891,46.2002891472868
"goa",33,"inla_spde_st",3,"continuous",46.9531,40.9458889506157,46.2002891472868
"goa",33,"inla_spde_st",3,"continuous",13.5986,39.2348915552957,46.2002891472868
"goa",33,"inla_spde_st",3,"continuous",24.9107,33.8168399175301,46.2002891472868
"goa",33,"inla_spde_st",3,"continuous",22.9359,42.0661234590191,46.2002891472868
"goa",33,"inla_spde_st",3,"continuous",51.5867,132.965537625447,46.2002891472868
"goa",33,"inla_spde_st",3,"continuous",1153.4535,49.1403544584255,46.2002891472868
"goa",33,"inla_spde_st",3,"continuous",141.2234,41.2222691614988,46.2002891472868
"goa",33,"inla_spde_st",3,"continuous",2.147,33.9509169053133,46.2002891472868
"goa",33,"inla_spde_st",3,"continuous",96.062,54.7402491159812,46.2002891472868
"goa",33,"inla_spde_st",3,"continuous",31.434,42.8850744562739,46.2002891472868
"goa",33,"inla_spde_st",3,"continuous",0,72.7897228624525,46.2002891472868
"goa",33,"inla_spde_st",3,"continuous",594.0336,42.5053757832362,46.2002891472868
"goa",33,"inla_spde_st",3,"continuous",301.8775,36.8985826525462,46.2002891472868
"goa",33,"inla_spde_st",3,"continuous",0,42.4033322858543,46.2002891472868
"goa",33,"inla_spde_st",3,"continuous",19.4767,38.1072622365708,46.2002891472868
"goa",33,"inla_spde_st",3,"continuous",55.0582,43.7938188594992,46.2002891472868
"goa",33,"inla_spde_st",3,"continuous",124.7311,42.0325605160963,46.2002891472868
"goa",33,"inla_spde_st",3,"continuous",38.0306,40.6760879336171,46.2002891472868
"goa",33,"inla_spde_st",3,"continuous",55.1524,37.7614162436271,46.2002891472868
"goa",33,"inla_spde_st",3,"continuous",0,42.674268262992,46.2002891472868
"goa",33,"inla_spde_st",3,"continuous",6.4415,49.3703671016753,46.2002891472868
"goa",33,"inla_spde_st",3,"continuous",1.3176,40.5108386412877,46.2002891472868
"goa",33,"inla_spde_st",3,"continuous",0,38.3251537283308,46.2002891472868
"goa",33,"inla_spde_st",3,"continuous",78.4874,40.5870964026255,46.2002891472868
"goa",33,"inla_spde_st",3,"continuous",80.9645,80.8685648914762,46.2002891472868
"goa",33,"inla_spde_st",3,"continuous",834.5721,41.8081577837951,46.2002891472868
"goa",33,"inla_spde_st",3,"continuous",0,41.4497539866173,46.2002891472868
"goa",33,"inla_spde_st",3,"continuous",12.6763,37.8388178409629,46.2002891472868
"goa",33,"inla_spde_st",3,"continuous",3.0457,35.820170102185,46.2002891472868
"goa",33,"inla_spde_st",3,"continuous",58.5727,43.4692451733946,46.2002891472868
"goa",33,"inla_spde_st",3,"continuous",19.7161,45.6673225639469,46.2002891472868
"goa",33,"inla_spde_st",3,"continuous",46.6751,42.5099597572484,46.2002891472868
"goa",33,"inla_spde_st",3,"continuous",99.1152,146.503392531028,46.2002891472868
"goa",33,"inla_spde_st",3,"continuous",0,42.4984837919251,46.2002891472868
"goa",33,"inla_spde_st",3,"continuous",109.3259,41.1034982774101,46.2002891472868
"goa",33,"inla_spde_st",3,"continuous",233.9074,46.9130621832971,46.2002891472868
"goa",33,"inla_spde_st",3,"continuous",14.1264,37.0462621786126,46.2002891472868
"goa",33,"inla_spde_st",3,"continuous",27.5185,38.0453305861761,46.2002891472868
"goa",33,"inla_spde_st",3,"continuous",56.0532,39.6069103615034,46.2002891472868
"goa",33,"inla_spde_st",3,"continuous",9.4043,41.705792442385,46.2002891472868
"goa",33,"inla_spde_st",3,"continuous",43.1042,34.3830452462423,46.2002891472868
"goa",33,"inla_spde_st",3,"continuous",5.7601,39.2821082685718,46.2002891472868
"goa",33,"inla_spde_st",3,"continuous",212.0524,200.520596394641,46.2002891472868
"goa",33,"inla_spde_st",3,"continuous",33.4545,40.5619343742738,46.2002891472868
"goa",33,"inla_spde_st",3,"continuous",91.5687,41.1532007552637,46.2002891472868
"goa",33,"inla_spde_st",3,"continuous",188.2875,39.2264274756017,46.2002891472868
"goa",33,"inla_spde_st",3,"continuous",98.9499,36.7462797417324,46.2002891472868
"goa",33,"inla_spde_st",3,"continuous",11.3642,40.2421248512211,46.2002891472868
"goa",33,"inla_spde_st",3,"continuous",131.6808,39.0850606789096,46.2002891472868
"goa",33,"inla_spde_st",3,"continuous",0,71.592869617558,46.2002891472868
"goa",33,"inla_spde_st",3,"continuous",0,47.6529852603804,46.2002891472868
"goa",33,"inla_spde_st",3,"continuous",37.1567,41.6411615479542,46.2002891472868
"goa",33,"inla_spde_st",3,"continuous",0,59.8827608368807,46.2002891472868
"goa",33,"inla_spde_st",3,"continuous",1.1439,42.2409335806836,46.2002891472868
"goa",33,"inla_spde_st",3,"continuous",97.3791,65.2339153215577,46.2002891472868
"goa",33,"inla_spde_st",3,"continuous",66.2755,41.5691648930678,46.2002891472868
"goa",33,"inla_spde_st",3,"continuous",50.6755,46.4208544382838,46.2002891472868
"goa",33,"inla_spde_st",3,"continuous",7.2721,36.918755508383,46.2002891472868
"goa",33,"inla_spde_st",3,"continuous",18.8363,39.8214111727132,46.2002891472868
"goa",33,"inla_spde_st",3,"continuous",15.631,36.6807486492806,46.2002891472868
"goa",33,"inla_spde_st",3,"continuous",7.6272,37.1838685911423,46.2002891472868
"goa",33,"inla_spde_st",3,"continuous",0,52.328570192649,46.2002891472868
"goa",33,"inla_spde_st",4,"continuous",0,1.32838416254113,57.4379110831234
"goa",33,"inla_spde_st",4,"continuous",0,16.1973138545234,57.4379110831234
"goa",33,"inla_spde_st",4,"continuous",0,-16.5860736780919,57.4379110831234
"goa",33,"inla_spde_st",4,"continuous",0,88.0344633987929,57.4379110831234
"goa",33,"inla_spde_st",4,"continuous",25.3078,80.8720377535435,57.4379110831234
"goa",33,"inla_spde_st",4,"continuous",9.7141,13.2049583599543,57.4379110831234
"goa",33,"inla_spde_st",4,"continuous",1.3049,-1.39917141612299,57.4379110831234
"goa",33,"inla_spde_st",4,"continuous",28.6968,57.2782891743983,57.4379110831234
"goa",33,"inla_spde_st",4,"continuous",10.0478,49.6421286706785,57.4379110831234
"goa",33,"inla_spde_st",4,"continuous",0,10.063886571193,57.4379110831234
"goa",33,"inla_spde_st",4,"continuous",22.8159,44.0911470352965,57.4379110831234
"goa",33,"inla_spde_st",4,"continuous",26.1647,86.1621732942177,57.4379110831234
"goa",33,"inla_spde_st",4,"continuous",31.0748,106.856900895825,57.4379110831234
"goa",33,"inla_spde_st",4,"continuous",10.4632,24.5407941520763,57.4379110831234
"goa",33,"inla_spde_st",4,"continuous",0,4.24685983373203,57.4379110831234
"goa",33,"inla_spde_st",4,"continuous",0,0.201333903163582,57.4379110831234
"goa",33,"inla_spde_st",4,"continuous",13.9273,106.723472524354,57.4379110831234
"goa",33,"inla_spde_st",4,"continuous",40.0496,58.7953340193799,57.4379110831234
"goa",33,"inla_spde_st",4,"continuous",35.0147,106.631146093028,57.4379110831234
"goa",33,"inla_spde_st",4,"continuous",62.7416,64.4167894439677,57.4379110831234
"goa",33,"inla_spde_st",4,"continuous",26.3363,14.1512045123452,57.4379110831234
"goa",33,"inla_spde_st",4,"continuous",19.5108,79.1043253427081,57.4379110831234
"goa",33,"inla_spde_st",4,"continuous",82.634,-84.2474061402483,57.4379110831234
"goa",33,"inla_spde_st",4,"continuous",84.5855,-87.9930699968899,57.4379110831234
"goa",33,"inla_spde_st",4,"continuous",0,7.07846162575694,57.4379110831234
"goa",33,"inla_spde_st",4,"continuous",7.603,63.0175546858307,57.4379110831234
"goa",33,"inla_spde_st",4,"continuous",19.5616,65.3141744303733,57.4379110831234
"goa",33,"inla_spde_st",4,"continuous",307.4967,48.05056357259,57.4379110831234
"goa",33,"inla_spde_st",4,"continuous",101.1108,46.1471273783091,57.4379110831234
"goa",33,"inla_spde_st",4,"continuous",385.051,51.2835774863432,57.4379110831234
"goa",33,"inla_spde_st",4,"continuous",120.3135,62.4734014801315,57.4379110831234
"goa",33,"inla_spde_st",4,"continuous",78.5435,49.7069239116198,57.4379110831234
"goa",33,"inla_spde_st",4,"continuous",65.5064,14.9259215172271,57.4379110831234
"goa",33,"inla_spde_st",4,"continuous",122.5467,45.1854887964216,57.4379110831234
"goa",33,"inla_spde_st",4,"continuous",2.3389,-9.05319465398712,57.4379110831234
"goa",33,"inla_spde_st",4,"continuous",0,17.1941800487992,57.4379110831234
"goa",33,"inla_spde_st",4,"continuous",22.3627,-1.55322324624757,57.4379110831234
"goa",33,"inla_spde_st",4,"continuous",39.3448,84.360469313564,57.4379110831234
"goa",33,"inla_spde_st",4,"continuous",0,27.396846581521,57.4379110831234
"goa",33,"inla_spde_st",4,"continuous",24.1193,64.3221235805393,57.4379110831234
"goa",33,"inla_spde_st",4,"continuous",43.8157,138.99409318867,57.4379110831234
"goa",33,"inla_spde_st",4,"continuous",18.4473,92.1433798967049,57.4379110831234
"goa",33,"inla_spde_st",4,"continuous",0,47.9365731989563,57.4379110831234
"goa",33,"inla_spde_st",4,"continuous",0,-129.431768970885,57.4379110831234
"goa",33,"inla_spde_st",4,"continuous",6.6492,-29.6726097561137,57.4379110831234
"goa",33,"inla_spde_st",4,"continuous",6.36,141.568713339232,57.4379110831234
"goa",33,"inla_spde_st",4,"continuous",19.1733,45.5883415213851,57.4379110831234
"goa",33,"inla_spde_st",4,"continuous",3.1576,-7.0547336887398,57.4379110831234
"goa",33,"inla_spde_st",4,"continuous",0,210.130994373788,57.4379110831234
"goa",33,"inla_spde_st",4,"continuous",30.4508,-7.10884872050982,57.4379110831234
"goa",33,"inla_spde_st",4,"continuous",0,16.790911101793,57.4379110831234
"goa",33,"inla_spde_st",4,"continuous",0,-8.7845441520386,57.4379110831234
"goa",33,"inla_spde_st",4,"continuous",0.4807,-2.7563272511623,57.4379110831234
"goa",33,"inla_spde_st",4,"continuous",21.8932,74.6866532863284,57.4379110831234
"goa",33,"inla_spde_st",4,"continuous",10.219,-9.04324677527146,57.4379110831234
"goa",33,"inla_spde_st",4,"continuous",154.547,72.9806914622302,57.4379110831234
"goa",33,"inla_spde_st",4,"continuous",0,-6.12612490840993,57.4379110831234
"goa",33,"inla_spde_st",4,"continuous",0.0752,-5.54553316145548,57.4379110831234
"goa",33,"inla_spde_st",4,"continuous",70.2558,31.0410212322017,57.4379110831234
"goa",33,"inla_spde_st",4,"continuous",0,-16.3070105751141,57.4379110831234
"goa",33,"inla_spde_st",4,"continuous",35.6525,12.2522140043083,57.4379110831234
"goa",33,"inla_spde_st",4,"continuous",2.2514,-1.16661995767485,57.4379110831234
"goa",33,"inla_spde_st",4,"continuous",8.5411,3.03874746462609,57.4379110831234
"goa",33,"inla_spde_st",4,"continuous",8.313,5.48050088608251,57.4379110831234
"goa",33,"inla_spde_st",4,"continuous",43.0226,17.6014585304713,57.4379110831234
"goa",33,"inla_spde_st",4,"continuous",0,133.466135776042,57.4379110831234
"goa",33,"inla_spde_st",4,"continuous",2.9227,118.30715640417,57.4379110831234
"goa",33,"inla_spde_st",4,"continuous",6.8407,-15.6307969724647,57.4379110831234
"goa",33,"inla_spde_st",4,"continuous",17.0813,-45.2688487125136,57.4379110831234
"goa",33,"inla_spde_st",4,"continuous",0,171.796745663185,57.4379110831234
"goa",33,"inla_spde_st",4,"continuous",39.5628,-18.1293666051407,57.4379110831234
"goa",33,"inla_spde_st",4,"continuous",391.9478,37.5419789070086,57.4379110831234
"goa",33,"inla_spde_st",4,"continuous",13.6643,-2.08507738582865,57.4379110831234
"goa",33,"inla_spde_st",4,"continuous",7.3183,-14.7514497739795,57.4379110831234
"goa",33,"inla_spde_st",4,"continuous",0.7343,129.410802020418,57.4379110831234
"goa",33,"inla_spde_st",4,"continuous",130.7254,50.0837669022957,57.4379110831234
"goa",33,"inla_spde_st",4,"continuous",1.8366,11.4486990315834,57.4379110831234
"goa",33,"inla_spde_st",4,"continuous",176.2184,23.2936729008621,57.4379110831234
"goa",33,"inla_spde_st",4,"continuous",5.9712,27.7480175978548,57.4379110831234
"goa",33,"inla_spde_st",4,"continuous",0,211.140186926808,57.4379110831234
"goa",33,"inla_spde_st",4,"continuous",30.943,27.718098071802,57.4379110831234
"goa",33,"inla_spde_st",4,"continuous",0.6689,55.492082328234,57.4379110831234
"goa",33,"inla_spde_st",4,"continuous",12.2485,44.3816156769695,57.4379110831234
"goa",33,"inla_spde_st",4,"continuous",345.5682,54.399271524407,57.4379110831234
"goa",33,"inla_spde_st",4,"continuous",2.9014,37.5042705206336,57.4379110831234
"goa",33,"inla_spde_st",4,"continuous",0,-7.45296940210469,57.4379110831234
"goa",33,"inla_spde_st",4,"continuous",5.3307,3.23509991465409,57.4379110831234
"goa",33,"inla_spde_st",4,"continuous",9.5243,86.8211727869902,57.4379110831234
"goa",33,"inla_spde_st",4,"continuous",6.9338,21.5530924024717,57.4379110831234
"goa",33,"inla_spde_st",4,"continuous",0.6647,15.9496573770566,57.4379110831234
"goa",33,"inla_spde_st",4,"continuous",9.7221,-11.0352605396234,57.4379110831234
"goa",33,"inla_spde_st",4,"continuous",1.546,29.8446102430413,57.4379110831234
"goa",33,"inla_spde_st",4,"continuous",64.2741,36.4120170986007,57.4379110831234
"goa",33,"inla_spde_st",4,"continuous",23.5081,41.0941075381289,57.4379110831234
"goa",33,"inla_spde_st",4,"continuous",3.3693,30.2811331389796,57.4379110831234
"goa",33,"inla_spde_st",4,"continuous",3.7054,28.9793799832141,57.4379110831234
"goa",33,"inla_spde_st",4,"continuous",18.7778,47.838353564437,57.4379110831234
"goa",33,"inla_spde_st",4,"continuous",14.7655,129.510621865266,57.4379110831234
"goa",33,"inla_spde_st",4,"continuous",287.6403,18.9536996459942,57.4379110831234
"goa",33,"inla_spde_st",4,"continuous",13.7316,-69.0458249600001,57.4379110831234
"goa",33,"inla_spde_st",4,"continuous",0.976,-64.4963815074355,57.4379110831234
"goa",33,"inla_spde_st",4,"continuous",808.0714,27.9935265568552,57.4379110831234
"goa",33,"inla_spde_st",4,"continuous",14.3939,-45.6253227542797,57.4379110831234
"goa",33,"inla_spde_st",5,"continuous",30.6639,53.4118354160645,60.3611975903614
"goa",33,"inla_spde_st",5,"continuous",18.3207,50.8203964614198,60.3611975903614
"goa",33,"inla_spde_st",5,"continuous",64.7213,49.4118306766041,60.3611975903614
"goa",33,"inla_spde_st",5,"continuous",57.0843,49.486781874736,60.3611975903614
"goa",33,"inla_spde_st",5,"continuous",0,68.8873504456605,60.3611975903614
"goa",33,"inla_spde_st",5,"continuous",25.8666,50.9935319134242,60.3611975903614
"goa",33,"inla_spde_st",5,"continuous",85.4468,55.5437949038622,60.3611975903614
"goa",33,"inla_spde_st",5,"continuous",31.6943,64.2820997948924,60.3611975903614
"goa",33,"inla_spde_st",5,"continuous",14.1454,72.3256372815812,60.3611975903614
"goa",33,"inla_spde_st",5,"continuous",17.4125,34.8266239558604,60.3611975903614
"goa",33,"inla_spde_st",5,"continuous",71.4521,46.8458216592276,60.3611975903614
"goa",33,"inla_spde_st",5,"continuous",19.8659,48.0144971968081,60.3611975903614
"goa",33,"inla_spde_st",5,"continuous",114.4116,75.6384593730117,60.3611975903614
"goa",33,"inla_spde_st",5,"continuous",0.1344,47.1079111096538,60.3611975903614
"goa",33,"inla_spde_st",5,"continuous",5.718,52.8755174784749,60.3611975903614
"goa",33,"inla_spde_st",5,"continuous",59.9492,63.7888987271083,60.3611975903614
"goa",33,"inla_spde_st",5,"continuous",93.0971,48.0617812570076,60.3611975903614
"goa",33,"inla_spde_st",5,"continuous",131.3938,47.7629708158014,60.3611975903614
"goa",33,"inla_spde_st",5,"continuous",45.5903,49.3311651987835,60.3611975903614
"goa",33,"inla_spde_st",5,"continuous",2.3232,49.3457527652259,60.3611975903614
"goa",33,"inla_spde_st",5,"continuous",17.289,77.2901014626287,60.3611975903614
"goa",33,"inla_spde_st",5,"continuous",104.1167,71.5234770040148,60.3611975903614
"goa",33,"inla_spde_st",5,"continuous",30.2118,49.2831669906623,60.3611975903614
"goa",33,"inla_spde_st",5,"continuous",58.7572,54.0331143050456,60.3611975903614
"goa",33,"inla_spde_st",5,"continuous",3.0307,78.7106359165474,60.3611975903614
"goa",33,"inla_spde_st",5,"continuous",12.848,54.6510606710211,60.3611975903614
"goa",33,"inla_spde_st",5,"continuous",10.0411,41.4254452692193,60.3611975903614
"goa",33,"inla_spde_st",5,"continuous",0,90.0040203836884,60.3611975903614
"goa",33,"inla_spde_st",5,"continuous",1.5337,43.4084429672162,60.3611975903614
"goa",33,"inla_spde_st",5,"continuous",12.1244,34.4543275685523,60.3611975903614
"goa",33,"inla_spde_st",5,"continuous",5.8105,44.8756855845485,60.3611975903614
"goa",33,"inla_spde_st",5,"continuous",44.8735,47.6183166828321,60.3611975903614
"goa",33,"inla_spde_st",5,"continuous",38.5649,50.725000947703,60.3611975903614
"goa",33,"inla_spde_st",5,"continuous",7.5202,48.8930800826806,60.3611975903614
"goa",33,"inla_spde_st",5,"continuous",22.2468,41.9793141823814,60.3611975903614
"goa",33,"inla_spde_st",5,"continuous",1.488,47.797119341981,60.3611975903614
"goa",33,"inla_spde_st",5,"continuous",0,78.7707206549928,60.3611975903614
"goa",33,"inla_spde_st",5,"continuous",24.2166,86.1093280326749,60.3611975903614
"goa",33,"inla_spde_st",5,"continuous",0,55.5283349822973,60.3611975903614
"goa",33,"inla_spde_st",5,"continuous",56.3578,46.3651027582104,60.3611975903614
"goa",33,"inla_spde_st",5,"continuous",4.539,48.3219433419763,60.3611975903614
"goa",33,"inla_spde_st",5,"continuous",61.3939,43.5429179516916,60.3611975903614
"goa",33,"inla_spde_st",5,"continuous",22.3947,46.58752794146,60.3611975903614
"goa",33,"inla_spde_st",5,"continuous",0,40.5380570074277,60.3611975903614
"goa",33,"inla_spde_st",5,"continuous",23.9065,49.299495295012,60.3611975903614
"goa",33,"inla_spde_st",5,"continuous",27.4279,67.7074002444232,60.3611975903614
"goa",33,"inla_spde_st",5,"continuous",9.7452,62.2724468073243,60.3611975903614
"goa",33,"inla_spde_st",5,"continuous",20.4155,47.950892492601,60.3611975903614
"goa",33,"inla_spde_st",5,"continuous",0.1332,53.7084680564243,60.3611975903614
"goa",33,"inla_spde_st",5,"continuous",9.4111,44.9124818033285,60.3611975903614
"goa",33,"inla_spde_st",5,"continuous",3.9324,49.5486885574363,60.3611975903614
"goa",33,"inla_spde_st",5,"continuous",0,44.1861791962434,60.3611975903614
"goa",33,"inla_spde_st",5,"continuous",6.2225,45.7933480451762,60.3611975903614
"goa",33,"inla_spde_st",5,"continuous",7.0922,50.8916255559735,60.3611975903614
"goa",33,"inla_spde_st",5,"continuous",4.3646,44.9148727905601,60.3611975903614
"goa",33,"inla_spde_st",5,"continuous",131.9522,55.0077653159533,60.3611975903614
"goa",33,"inla_spde_st",5,"continuous",4.612,40.5256882796686,60.3611975903614
"goa",33,"inla_spde_st",5,"continuous",151.8197,48.713548088167,60.3611975903614
"goa",33,"inla_spde_st",5,"continuous",61.8847,52.3406066570964,60.3611975903614
"goa",33,"inla_spde_st",5,"continuous",2.6861,50.094305831436,60.3611975903614
"goa",33,"inla_spde_st",5,"continuous",31.0716,41.7522368470599,60.3611975903614
"goa",33,"inla_spde_st",5,"continuous",19.2936,42.3808086629568,60.3611975903614
"goa",33,"inla_spde_st",5,"continuous",0,73.7215964524742,60.3611975903614
"goa",33,"inla_spde_st",5,"continuous",80.3646,52.8579256232036,60.3611975903614
"goa",33,"inla_spde_st",5,"continuous",18.043,47.711251490689,60.3611975903614
"goa",33,"inla_spde_st",5,"continuous",173.044,61.6669702482953,60.3611975903614
"goa",33,"inla_spde_st",5,"continuous",0,60.6473102959722,60.3611975903614
"goa",33,"inla_spde_st",5,"continuous",0.4466,49.3580740398074,60.3611975903614
"goa",33,"inla_spde_st",5,"continuous",12.9297,43.8289806684434,60.3611975903614
"goa",33,"inla_spde_st",5,"continuous",0.0231,51.3198085567612,60.3611975903614
"goa",33,"inla_spde_st",5,"continuous",10.5208,49.5044159081268,60.3611975903614
"goa",33,"inla_spde_st",5,"continuous",36.1595,57.3359004192645,60.3611975903614
"goa",33,"inla_spde_st",5,"continuous",7.2206,57.7746439225805,60.3611975903614
"goa",33,"inla_spde_st",5,"continuous",128.776,51.4542831615815,60.3611975903614
"goa",33,"inla_spde_st",5,"continuous",16.0957,48.2292370502325,60.3611975903614
"goa",33,"inla_spde_st",5,"continuous",16.2148,45.3298315839584,60.3611975903614
"goa",33,"inla_spde_st",5,"continuous",1.6588,49.3778986408833,60.3611975903614
"goa",33,"inla_spde_st",5,"continuous",5.0841,43.1496430418177,60.3611975903614
"goa",33,"inla_spde_st",5,"continuous",19.0893,67.0918427163506,60.3611975903614
"goa",33,"inla_spde_st",5,"continuous",24.8627,69.2456131304353,60.3611975903614
"goa",33,"inla_spde_st",5,"continuous",7.2996,50.2357735467114,60.3611975903614
"goa",33,"inla_spde_st",5,"continuous",9.5641,48.217977358901,60.3611975903614
"goa",33,"inla_spde_st",5,"continuous",0.3572,41.9009119204643,60.3611975903614
"goa",33,"inla_spde_st",5,"continuous",24.2615,44.9017935086399,60.3611975903614
"goa",33,"inla_spde_st",5,"continuous",0,47.7372053617575,60.3611975903614
