"dataset","seed","estimator","fold","typ","truth","pred","ytrain_mean"
"mistletoe",11,"baseline_mean",1,"count",21,12.471218206158,12.471218206158
"mistletoe",11,"baseline_mean",1,"count",24,12.471218206158,12.471218206158
"mistletoe",11,"baseline_mean",1,"count",31,12.471218206158,12.471218206158
"mistletoe",11,"baseline_mean",1,"count",8,12.471218206158,12.471218206158
"mistletoe",11,"baseline_mean",1,"count",16,12.471218206158,12.471218206158
"mistletoe",11,"baseline_mean",1,"count",0,12.471218206158,12.471218206158
"mistletoe",11,"baseline_mean",1,"count",21,12.471218206158,12.471218206158
"mistletoe",11,"baseline_mean",1,"count",3,12.471218206158,12.471218206158
"mistletoe",11,"baseline_mean",1,"count",40,12.471218206158,12.471218206158
"mistletoe",11,"baseline_mean",1,"count",18,12.471218206158,12.471218206158
"mistletoe",11,"baseline_mean",1,"count",11,12.471218206158,12.471218206158
"mistletoe",11,"baseline_mean",1,"count",16,12.471218206158,12.471218206158
"mistletoe",11,"baseline_mean",1,"count",19,12.471218206158,12.471218206158
"mistletoe",11,"baseline_mean",1,"count",28,12.471218206158,12.471218206158
"mistletoe",11,"baseline_mean",1,"count",12,12.471218206158,12.471218206158
"mistletoe",11,"baseline_mean",1,"count",15,12.471218206158,12.471218206158
"mistletoe",11,"baseline_mean",1,"count",27,12.471218206158,12.471218206158
"mistletoe",11,"baseline_mean",1,"count",14,12.471218206158,12.471218206158
"mistletoe",11,"baseline_mean",1,"count",13,12.471218206158,12.471218206158
"mistletoe",11,"baseline_mean",1,"count",4,12.471218206158,12.471218206158
"mistletoe",11,"baseline_mean",1,"count",9,12.471218206158,12.471218206158
"mistletoe",11,"baseline_mean",1,"count",17,12.471218206158,12.471218206158
"mistletoe",11,"baseline_mean",1,"count",18,12.471218206158,12.471218206158
"mistletoe",11,"baseline_mean",1,"count",7,12.471218206158,12.471218206158
"mistletoe",11,"baseline_mean",1,"count",15,12.471218206158,12.471218206158
"mistletoe",11,"baseline_mean",1,"count",46,12.471218206158,12.471218206158
"mistletoe",11,"baseline_mean",1,"count",14,12.471218206158,12.471218206158
"mistletoe",11,"baseline_mean",1,"count",5,12.471218206158,12.471218206158
"mistletoe",11,"baseline_mean",1,"count",11,12.471218206158,12.471218206158
"mistletoe",11,"baseline_mean",1,"count",18,12.471218206158,12.471218206158
"mistletoe",11,"baseline_mean",1,"count",9,12.471218206158,12.471218206158
"mistletoe",11,"baseline_mean",1,"count",9,12.471218206158,12.471218206158
"mistletoe",11,"baseline_mean",1,"count",7,12.471218206158,12.471218206158
"mistletoe",11,"baseline_mean",1,"count",12,12.471218206158,12.471218206158
"mistletoe",11,"baseline_mean",1,"count",8,12.471218206158,12.471218206158
"mistletoe",11,"baseline_mean",1,"count",4,12.471218206158,12.471218206158
"mistletoe",11,"baseline_mean",1,"count",10,12.471218206158,12.471218206158
"mistletoe",11,"baseline_mean",1,"count",33,12.471218206158,12.471218206158
"mistletoe",11,"baseline_mean",1,"count",23,12.471218206158,12.471218206158
"mistletoe",11,"baseline_mean",1,"count",18,12.471218206158,12.471218206158
"mistletoe",11,"baseline_mean",1,"count",15,12.471218206158,12.471218206158
"mistletoe",11,"baseline_mean",1,"count",6,12.471218206158,12.471218206158
"mistletoe",11,"baseline_mean",1,"count",8,12.471218206158,12.471218206158
"mistletoe",11,"baseline_mean",1,"count",9,12.471218206158,12.471218206158
"mistletoe",11,"baseline_mean",1,"count",12,12.471218206158,12.471218206158
"mistletoe",11,"baseline_mean",1,"count",8,12.471218206158,12.471218206158
"mistletoe",11,"baseline_mean",1,"count",10,12.471218206158,12.471218206158
"mistletoe",11,"baseline_mean",1,"count",4,12.471218206158,12.471218206158
"mistletoe",11,"baseline_mean",1,"count",6,12.471218206158,12.471218206158
"mistletoe",11,"baseline_mean",1,"count",3,12.471218206158,12.471218206158
"mistletoe",11,"baseline_mean",1,"count",6,12.471218206158,12.471218206158
"mistletoe",11,"baseline_mean",1,"count",2,12.471218206158,12.471218206158
"mistletoe",11,"baseline_mean",1,"count",2,12.471218206158,12.471218206158
"mistletoe",11,"baseline_mean",1,"count",2,12.471218206158,12.471218206158
"mistletoe",11,"baseline_mean",1,"count",13,12.471218206158,12.471218206158
"mistletoe",11,"baseline_mean",1,"count",13,12.471218206158,12.471218206158
"mistletoe",11,"baseline_mean",1,"count",9,12.471218206158,12.471218206158
"mistletoe",11,"baseline_mean",1,"count",5,12.471218206158,12.471218206158
"mistletoe",11,"baseline_mean",1,"count",6,12.471218206158,12.471218206158
"mistletoe",11,"baseline_mean",1,"count",6,12.471218206158,12.471218206158
"mistletoe",11,"baseline_mean",1,"count",4,12.471218206158,12.471218206158
"mistletoe",11,"baseline_mean",1,"count",11,12.471218206158,12.471218206158
"mistletoe",11,"baseline_mean",1,"count",2,12.471218206158,12.471218206158
"mistletoe",11,"baseline_mean",1,"count",6,12.471218206158,12.471218206158
"mistletoe",11,"baseline_mean",1,"count",7,12.471218206158,12.471218206158
"mistletoe",11,"baseline_mean",1,"count",5,12.471218206158,12.471218206158
"mistletoe",11,"baseline_mean",1,"count",14,12.471218206158,12.471218206158
"mistletoe",11,"baseline_mean",1,"count",14,12.471218206158,12.471218206158
"mistletoe",11,"baseline_mean",1,"count",9,12.471218206158,12.471218206158
"mistletoe",11,"baseline_mean",1,"count",8,12.471218206158,12.471218206158
"mistletoe",11,"baseline_mean",1,"count",17,12.471218206158,12.471218206158
"mistletoe",11,"baseline_mean",1,"count",14,12.471218206158,12.471218206158
"mistletoe",11,"baseline_mean",1,"count",8,12.471218206158,12.471218206158
"mistletoe",11,"baseline_mean",1,"count",10,12.471218206158,12.471218206158
"mistletoe",11,"baseline_mean",1,"count",9,12.471218206158,12.471218206158
"mistletoe",11,"baseline_mean",1,"count",16,12.471218206158,12.471218206158
"mistletoe",11,"baseline_mean",1,"count",4,12.471218206158,12.471218206158
"mistletoe",11,"baseline_mean",1,"count",4,12.471218206158,12.471218206158
"mistletoe",11,"baseline_mean",1,"count",4,12.471218206158,12.471218206158
"mistletoe",11,"baseline_mean",1,"count",7,12.471218206158,12.471218206158
"mistletoe",11,"baseline_mean",1,"count",2,12.471218206158,12.471218206158
"mistletoe",11,"baseline_mean",1,"count",17,12.471218206158,12.471218206158
"mistletoe",11,"baseline_mean",1,"count",10,12.471218206158,12.471218206158
"mistletoe",11,"baseline_mean",1,"count",10,12.471218206158,12.471218206158
"mistletoe",11,"baseline_mean",1,"count",3,12.471218206158,12.471218206158
"mistletoe",11,"baseline_mean",1,"count",8,12.471218206158,12.471218206158
"mistletoe",11,"baseline_mean",1,"count",5,12.471218206158,12.471218206158
"mistletoe",11,"baseline_mean",1,"count",3,12.471218206158,12.471218206158
"mistletoe",11,"baseline_mean",1,"count",8,12.471218206158,12.471218206158
"mistletoe",11,"baseline_mean",1,"count",6,12.471218206158,12.471218206158
"mistletoe",11,"baseline_mean",1,"count",8,12.471218206158,12.471218206158
"mistletoe",11,"baseline_mean",1,"count",15,12.471218206158,12.471218206158
"mistletoe",11,"baseline_mean",1,"count",5,12.471218206158,12.471218206158
"mistletoe",11,"baseline_mean",1,"count",13,12.471218206158,12.471218206158
"mistletoe",11,"baseline_mean",1,"count",12,12.471218206158,12.471218206158
"mistletoe",11,"baseline_mean",1,"count",12,12.471218206158,12.471218206158
"mistletoe",11,"baseline_mean",1,"count",4,12.471218206158,12.471218206158
"mistletoe",11,"baseline_mean",1,"count",4,12.471218206158,12.471218206158
"mistletoe",11,"baseline_mean",1,"count",21,12.471218206158,12.471218206158
"mistletoe",11,"baseline_mean",1,"count",17,12.471218206158,12.471218206158
"mistletoe",11,"baseline_mean",1,"count",8,12.471218206158,12.471218206158
"mistletoe",11,"baseline_mean",1,"count",8,12.471218206158,12.471218206158
"mistletoe",11,"baseline_mean",1,"count",1,12.471218206158,12.471218206158
"mistletoe",11,"baseline_mean",1,"count",6,12.471218206158,12.471218206158
"mistletoe",11,"baseline_mean",1,"count",1,12.471218206158,12.471218206158
"mistletoe",11,"baseline_mean",1,"count",29,12.471218206158,12.471218206158
"mistletoe",11,"baseline_mean",1,"count",29,12.471218206158,12.471218206158
"mistletoe",11,"baseline_mean",1,"count",19,12.471218206158,12.471218206158
"mistletoe",11,"baseline_mean",1,"count",16,12.471218206158,12.471218206158
"mistletoe",11,"baseline_mean",1,"count",24,12.471218206158,12.471218206158
"mistletoe",11,"baseline_mean",1,"count",3,12.471218206158,12.471218206158
"mistletoe",11,"baseline_mean",1,"count",4,12.471218206158,12.471218206158
"mistletoe",11,"baseline_mean",1,"count",12,12.471218206158,12.471218206158
"mistletoe",11,"baseline_mean",1,"count",9,12.471218206158,12.471218206158
"mistletoe",11,"baseline_mean",1,"count",7,12.471218206158,12.471218206158
"mistletoe",11,"baseline_mean",1,"count",7,12.471218206158,12.471218206158
"mistletoe",11,"baseline_mean",1,"count",15,12.471218206158,12.471218206158
"mistletoe",11,"baseline_mean",1,"count",18,12.471218206158,12.471218206158
"mistletoe",11,"baseline_mean",1,"count",17,12.471218206158,12.471218206158
"mistletoe",11,"baseline_mean",1,"count",6,12.471218206158,12.471218206158
"mistletoe",11,"baseline_mean",1,"count",8,12.471218206158,12.471218206158
"mistletoe",11,"baseline_mean",1,"count",18,12.471218206158,12.471218206158
"mistletoe",11,"baseline_mean",1,"count",11,12.471218206158,12.471218206158
"mistletoe",11,"baseline_mean",1,"count",13,12.471218206158,12.471218206158
"mistletoe",11,"baseline_mean",1,"count",15,12.471218206158,12.471218206158
"mistletoe",11,"baseline_mean",1,"count",13,12.471218206158,12.471218206158
"mistletoe",11,"baseline_mean",1,"count",12,12.471218206158,12.471218206158
"mistletoe",11,"baseline_mean",1,"count",13,12.471218206158,12.471218206158
"mistletoe",11,"baseline_mean",1,"count",14,12.471218206158,12.471218206158
"mistletoe",11,"baseline_mean",1,"count",8,12.471218206158,12.471218206158
"mistletoe",11,"baseline_mean",1,"count",12,12.471218206158,12.471218206158
"mistletoe",11,"baseline_mean",1,"count",6,12.471218206158,12.471218206158
"mistletoe",11,"baseline_mean",1,"count",12,12.471218206158,12.471218206158
"mistletoe",11,"baseline_mean",1,"count",4,12.471218206158,12.471218206158
"mistletoe",11,"baseline_mean",1,"count",9,12.471218206158,12.471218206158
"mistletoe",11,"baseline_mean",1,"count",13,12.471218206158,12.471218206158
"mistletoe",11,"baseline_mean",1,"count",15,12.471218206158,12.471218206158
"mistletoe",11,"baseline_mean",1,"count",7,12.471218206158,12.471218206158
"mistletoe",11,"baseline_mean",1,"count",5,12.471218206158,12.471218206158
"mistletoe",11,"baseline_mean",1,"count",10,12.471218206158,12.471218206158
"mistletoe",11,"baseline_mean",1,"count",8,12.471218206158,12.471218206158
"mistletoe",11,"baseline_mean",1,"count",20,12.471218206158,12.471218206158
"mistletoe",11,"baseline_mean",1,"count",5,12.471218206158,12.471218206158
"mistletoe",11,"baseline_mean",1,"count",4,12.471218206158,12.471218206158
"mistletoe",11,"baseline_mean",1,"count",10,12.471218206158,12.471218206158
"mistletoe",11,"baseline_mean",1,"count",3,12.471218206158,12.471218206158
"mistletoe",11,"baseline_mean",1,"count",6,12.471218206158,12.471218206158
"mistletoe",11,"baseline_mean",1,"count",12,12.471218206158,12.471218206158
"mistletoe",11,"baseline_mean",1,"count",2,12.471218206158,12.471218206158
"mistletoe",11,"baseline_mean",1,"count",9,12.471218206158,12.471218206158
"mistletoe",11,"baseline_mean",1,"count",13,12.471218206158,12.471218206158
"mistletoe",11,"baseline_mean",1,"count",5,12.471218206158,12.471218206158
"mistletoe",11,"baseline_mean",1,"count",14,12.471218206158,12.471218206158
"mistletoe",11,"baseline_mean",1,"count",2,12.471218206158,12.471218206158
"mistletoe",11,"baseline_mean",1,"count",5,12.471218206158,12.471218206158
"mistletoe",11,"baseline_mean",1,"count",6,12.471218206158,12.471218206158
"mistletoe",11,"baseline_mean",1,"count",8,12.471218206158,12.471218206158
"mistletoe",11,"baseline_mean",1,"count",4,12.471218206158,12.471218206158
"mistletoe",11,"baseline_mean",1,"count",9,12.471218206158,12.471218206158
"mistletoe",11,"baseline_mean",1,"count",10,12.471218206158,12.471218206158
"mistletoe",11,"baseline_mean",1,"count",18,12.471218206158,12.471218206158
"mistletoe",11,"baseline_mean",1,"count",8,12.471218206158,12.471218206158
"mistletoe",11,"baseline_mean",1,"count",28,12.471218206158,12.471218206158
"mistletoe",11,"baseline_mean",1,"count",14,12.471218206158,12.471218206158
"mistletoe",11,"baseline_mean",1,"count",9,12.471218206158,12.471218206158
"mistletoe",11,"baseline_mean",1,"count",13,12.471218206158,12.471218206158
"mistletoe",11,"baseline_mean",1,"count",3,12.471218206158,12.471218206158
"mistletoe",11,"baseline_mean",1,"count",28,12.471218206158,12.471218206158
"mistletoe",11,"baseline_mean",1,"count",19,12.471218206158,12.471218206158
"mistletoe",11,"baseline_mean",1,"count",16,12.471218206158,12.471218206158
"mistletoe",11,"baseline_mean",1,"count",13,12.471218206158,12.471218206158
"mistletoe",11,"baseline_mean",1,"count",16,12.471218206158,12.471218206158
"mistletoe",11,"baseline_mean",1,"count",10,12.471218206158,12.471218206158
"mistletoe",11,"baseline_mean",1,"count",10,12.471218206158,12.471218206158
"mistletoe",11,"baseline_mean",1,"count",9,12.471218206158,12.471218206158
"mistletoe",11,"baseline_mean",1,"count",8,12.471218206158,12.471218206158
"mistletoe",11,"baseline_mean",1,"count",4,12.471218206158,12.471218206158
"mistletoe",11,"baseline_mean",1,"count",1,12.471218206158,12.471218206158
"mistletoe",11,"baseline_mean",1,"count",1,12.471218206158,12.471218206158
"mistletoe",11,"baseline_mean",1,"count",5,12.471218206158,12.471218206158
"mistletoe",11,"baseline_mean",1,"count",6,12.471218206158,12.471218206158
"mistletoe",11,"baseline_mean",1,"count",7,12.471218206158,12.471218206158
"mistletoe",11,"baseline_mean",1,"count",11,12.471218206158,12.471218206158
"mistletoe",11,"baseline_mean",1,"count",15,12.471218206158,12.471218206158
"mistletoe",11,"baseline_mean",1,"count",6,12.471218206158,12.471218206158
"mistletoe",11,"baseline_mean",1,"count",5,12.471218206158,12.471218206158
"mistletoe",11,"baseline_mean",1,"count",18,12.471218206158,12.471218206158
"mistletoe",11,"baseline_mean",1,"count",15,12.471218206158,12.471218206158
"mistletoe",11,"baseline_mean",1,"count",17,12.471218206158,12.471218206158
"mistletoe",11,"baseline_mean",1,"count",12,12.471218206158,12.471218206158
"mistletoe",11,"baseline_mean",1,"count",6,12.471218206158,12.471218206158
"mistletoe",11,"baseline_mean",1,"count",3,12.471218206158,12.471218206158
"mistletoe",11,"baseline_mean",1,"count",45,12.471218206158,12.471218206158
"mistletoe",11,"baseline_mean",1,"count",7,12.471218206158,12.471218206158
"mistletoe",11,"baseline_mean",1,"count",7,12.471218206158,12.471218206158
"mistletoe",11,"baseline_mean",1,"count",5,12.471218206158,12.471218206158
"mistletoe",11,"baseline_mean",1,"count",6,12.471218206158,12.471218206158
"mistletoe",11,"baseline_mean",1,"count",21,12.471218206158,12.471218206158
"mistletoe",11,"baseline_mean",1,"count",21,12.471218206158,12.471218206158
"mistletoe",11,"baseline_mean",1,"count",30,12.471218206158,12.471218206158
"mistletoe",11,"baseline_mean",1,"count",18,12.471218206158,12.471218206158
"mistletoe",11,"baseline_mean",1,"count",19,12.471218206158,12.471218206158
"mistletoe",11,"baseline_mean",1,"count",19,12.471218206158,12.471218206158
"mistletoe",11,"baseline_mean",1,"count",4,12.471218206158,12.471218206158
"mistletoe",11,"baseline_mean",1,"count",6,12.471218206158,12.471218206158
"mistletoe",11,"baseline_mean",1,"count",20,12.471218206158,12.471218206158
"mistletoe",11,"baseline_mean",1,"count",10,12.471218206158,12.471218206158
"mistletoe",11,"baseline_mean",1,"count",8,12.471218206158,12.471218206158
"mistletoe",11,"baseline_mean",1,"count",18,12.471218206158,12.471218206158
"mistletoe",11,"baseline_mean",1,"count",8,12.471218206158,12.471218206158
"mistletoe",11,"baseline_mean",1,"count",17,12.471218206158,12.471218206158
"mistletoe",11,"baseline_mean",1,"count",5,12.471218206158,12.471218206158
"mistletoe",11,"baseline_mean",1,"count",17,12.471218206158,12.471218206158
"mistletoe",11,"baseline_mean",1,"count",3,12.471218206158,12.471218206158
"mistletoe",11,"baseline_mean",1,"count",12,12.471218206158,12.471218206158
"mistletoe",11,"baseline_mean",1,"count",11,12.471218206158,12.471218206158
"mistletoe",11,"baseline_mean",1,"count",5,12.471218206158,12.471218206158
"mistletoe",11,"baseline_mean",1,"count",6,12.471218206158,12.471218206158
"mistletoe",11,"baseline_mean",1,"count",10,12.471218206158,12.471218206158
"mistletoe",11,"baseline_mean",1,"count",12,12.471218206158,12.471218206158
"mistletoe",11,"baseline_mean",1,"count",30,12.471218206158,12.471218206158
"mistletoe",11,"baseline_mean",1,"count",3,12.471218206158,12.471218206158
"mistletoe",11,"baseline_mean",1,"count",10,12.471218206158,12.471218206158
"mistletoe",11,"baseline_mean",1,"count",0,12.471218206158,12.471218206158
"mistletoe",11,"baseline_mean",1,"count",6,12.471218206158,12.471218206158
"mistletoe",11,"baseline_mean",1,"count",7,12.471218206158,12.471218206158
"mistletoe",11,"baseline_mean",1,"count",5,12.471218206158,12.471218206158
"mistletoe",11,"baseline_mean",1,"count",6,12.471218206158,12.471218206158
"mistletoe",11,"baseline_mean",1,"count",9,12.471218206158,12.471218206158
"mistletoe",11,"baseline_mean",1,"count",13,12.471218206158,12.471218206158
"mistletoe",11,"baseline_mean",1,"count",4,12.471218206158,12.471218206158
"mistletoe",11,"baseline_mean",2,"count",23,12.4169696969697,12.4169696969697
"mistletoe",11,"baseline_mean",2,"count",8,12.4169696969697,12.4169696969697
"mistletoe",11,"baseline_mean",2,"count",5,12.4169696969697,12.4169696969697
"mistletoe",11,"baseline_mean",2,"count",8,12.4169696969697,12.4169696969697
"mistletoe",11,"baseline_mean",2,"count",16,12.4169696969697,12.4169696969697
"mistletoe",11,"baseline_mean",2,"count",8,12.4169696969697,12.4169696969697
"mistletoe",11,"baseline_mean",2,"count",5,12.4169696969697,12.4169696969697
"mistletoe",11,"baseline_mean",2,"count",13,12.4169696969697,12.4169696969697
"mistletoe",11,"baseline_mean",2,"count",41,12.4169696969697,12.4169696969697
"mistletoe",11,"baseline_mean",2,"count",3,12.4169696969697,12.4169696969697
"mistletoe",11,"baseline_mean",2,"count",29,12.4169696969697,12.4169696969697
"mistletoe",11,"baseline_mean",2,"count",10,12.4169696969697,12.4169696969697
"mistletoe",11,"baseline_mean",2,"count",12,12.4169696969697,12.4169696969697
"mistletoe",11,"baseline_mean",2,"count",14,12.4169696969697,12.4169696969697
"mistletoe",11,"baseline_mean",2,"count",7,12.4169696969697,12.4169696969697
"mistletoe",11,"baseline_mean",2,"count",5,12.4169696969697,12.4169696969697
"mistletoe",11,"baseline_mean",2,"count",12,12.4169696969697,12.4169696969697
"mistletoe",11,"baseline_mean",2,"count",24,12.4169696969697,12.4169696969697
"mistletoe",11,"baseline_mean",2,"count",9,12.4169696969697,12.4169696969697
"mistletoe",11,"baseline_mean",2,"count",14,12.4169696969697,12.4169696969697
"mistletoe",11,"baseline_mean",2,"count",13,12.4169696969697,12.4169696969697
"mistletoe",11,"baseline_mean",2,"count",17,12.4169696969697,12.4169696969697
"mistletoe",11,"baseline_mean",2,"count",17,12.4169696969697,12.4169696969697
"mistletoe",11,"baseline_mean",2,"count",13,12.4169696969697,12.4169696969697
"mistletoe",11,"baseline_mean",2,"count",5,12.4169696969697,12.4169696969697
"mistletoe",11,"baseline_mean",2,"count",12,12.4169696969697,12.4169696969697
"mistletoe",11,"baseline_mean",2,"count",16,12.4169696969697,12.4169696969697
"mistletoe",11,"baseline_mean",2,"count",9,12.4169696969697,12.4169696969697
"mistletoe",11,"baseline_mean",2,"count",10,12.4169696969697,12.4169696969697
"mistletoe",11,"baseline_mean",2,"count",4,12.4169696969697,12.4169696969697
"mistletoe",11,"baseline_mean",2,"count",8,12.4169696969697,12.4169696969697
"mistletoe",11,"baseline_mean",2,"count",21,12.4169696969697,12.4169696969697
"mistletoe",11,"baseline_mean",2,"count",7,12.4169696969697,12.4169696969697
"mistletoe",11,"baseline_mean",2,"count",4,12.4169696969697,12.4169696969697
"mistletoe",11,"baseline_mean",2,"count",5,12.4169696969697,12.4169696969697
"mistletoe",11,"baseline_mean",2,"count",5,12.4169696969697,12.4169696969697
"mistletoe",11,"baseline_mean",2,"count",15,12.4169696969697,12.4169696969697
"mistletoe",11,"baseline_mean",2,"count",18,12.4169696969697,12.4169696969697
"mistletoe",11,"baseline_mean",2,"count",13,12.4169696969697,12.4169696969697
"mistletoe",11,"baseline_mean",2,"count",9,12.4169696969697,12.4169696969697
"mistletoe",11,"baseline_mean",2,"count",5,12.4169696969697,12.4169696969697
"mistletoe",11,"baseline_mean",2,"count",9,12.4169696969697,12.4169696969697
"mistletoe",11,"baseline_mean",2,"count",10,12.4169696969697,12.4169696969697
"mistletoe",11,"baseline_mean",2,"count",3,12.4169696969697,12.4169696969697
"mistletoe",11,"baseline_mean",2,"count",5,12.4169696969697,12.4169696969697
"mistletoe",11,"baseline_mean",2,"count",10,12.4169696969697,12.4169696969697
"mistletoe",11,"baseline_mean",2,"count",8,12.4169696969697,12.4169696969697
"mistletoe",11,"baseline_mean",2,"count",12,12.4169696969697,12.4169696969697
"mistletoe",11,"baseline_mean",2,"count",19,12.4169696969697,12.4169696969697
"mistletoe",11,"baseline_mean",2,"count",26,12.4169696969697,12.4169696969697
"mistletoe",11,"baseline_mean",2,"count",13,12.4169696969697,12.4169696969697
"mistletoe",11,"baseline_mean",2,"count",13,12.4169696969697,12.4169696969697
"mistletoe",11,"baseline_mean",2,"count",24,12.4169696969697,12.4169696969697
"mistletoe",11,"baseline_mean",2,"count",18,12.4169696969697,12.4169696969697
"mistletoe",11,"baseline_mean",2,"count",11,12.4169696969697,12.4169696969697
"mistletoe",11,"baseline_mean",2,"count",16,12.4169696969697,12.4169696969697
"mistletoe",11,"baseline_mean",2,"count",15,12.4169696969697,12.4169696969697
"mistletoe",11,"baseline_mean",2,"count",13,12.4169696969697,12.4169696969697
"mistletoe",11,"baseline_mean",2,"count",7,12.4169696969697,12.4169696969697
"mistletoe",11,"baseline_mean",2,"count",13,12.4169696969697,12.4169696969697
"mistletoe",11,"baseline_mean",2,"count",8,12.4169696969697,12.4169696969697
"mistletoe",11,"baseline_mean",2,"count",12,12.4169696969697,12.4169696969697
"mistletoe",11,"baseline_mean",2,"count",3,12.4169696969697,12.4169696969697
"mistletoe",11,"baseline_mean",2,"count",23,12.4169696969697,12.4169696969697
"mistletoe",11,"baseline_mean",2,"count",8,12.4169696969697,12.4169696969697
"mistletoe",11,"baseline_mean",2,"count",11,12.4169696969697,12.4169696969697
"mistletoe",11,"baseline_mean",2,"count",7,12.4169696969697,12.4169696969697
"mistletoe",11,"baseline_mean",2,"count",8,12.4169696969697,12.4169696969697
"mistletoe",11,"baseline_mean",2,"count",10,12.4169696969697,12.4169696969697
"mistletoe",11,"baseline_mean",2,"count",18,12.4169696969697,12.4169696969697
"mistletoe",11,"baseline_mean",2,"count",10,12.4169696969697,12.4169696969697
"mistletoe",11,"baseline_mean",2,"count",18,12.4169696969697,12.4169696969697
"mistletoe",11,"baseline_mean",2,"count",13,12.4169696969697,12.4169696969697
"mistletoe",11,"baseline_mean",2,"count",16,12.4169696969697,12.4169696969697
"mistletoe",11,"baseline_mean",2,"count",10,12.4169696969697,12.4169696969697
"mistletoe",11,"baseline_mean",2,"count",10,12.4169696969697,12.4169696969697
"mistletoe",11,"baseline_mean",2,"count",13,12.4169696969697,12.4169696969697
"mistletoe",11,"baseline_mean",2,"count",7,12.4169696969697,12.4169696969697
"mistletoe",11,"baseline_mean",2,"count",4,12.4169696969697,12.4169696969697
"mistletoe",11,"baseline_mean",2,"count",5,12.4169696969697,12.4169696969697
"mistletoe",11,"baseline_mean",2,"count",34,12.4169696969697,12.4169696969697
"mistletoe",11,"baseline_mean",2,"count",22,12.4169696969697,12.4169696969697
"mistletoe",11,"baseline_mean",2,"count",34,12.4169696969697,12.4169696969697
"mistletoe",11,"baseline_mean",2,"count",18,12.4169696969697,12.4169696969697
"mistletoe",11,"baseline_mean",2,"count",8,12.4169696969697,12.4169696969697
"mistletoe",11,"baseline_mean",2,"count",7,12.4169696969697,12.4169696969697
"mistletoe",11,"baseline_mean",2,"count",10,12.4169696969697,12.4169696969697
"mistletoe",11,"baseline_mean",2,"count",7,12.4169696969697,12.4169696969697
"mistletoe",11,"baseline_mean",2,"count",3,12.4169696969697,12.4169696969697
"mistletoe",11,"baseline_mean",2,"count",7,12.4169696969697,12.4169696969697
"mistletoe",11,"baseline_mean",2,"count",6,12.4169696969697,12.4169696969697
"mistletoe",11,"baseline_mean",2,"count",3,12.4169696969697,12.4169696969697
"mistletoe",11,"baseline_mean",2,"count",0,12.4169696969697,12.4169696969697
"mistletoe",11,"baseline_mean",2,"count",10,12.4169696969697,12.4169696969697
"mistletoe",11,"baseline_mean",2,"count",12,12.4169696969697,12.4169696969697
"mistletoe",11,"baseline_mean",2,"count",12,12.4169696969697,12.4169696969697
"mistletoe",11,"baseline_mean",2,"count",3,12.4169696969697,12.4169696969697
"mistletoe",11,"baseline_mean",2,"count",2,12.4169696969697,12.4169696969697
"mistletoe",11,"baseline_mean",2,"count",11,12.4169696969697,12.4169696969697
"mistletoe",11,"baseline_mean",2,"count",16,12.4169696969697,12.4169696969697
"mistletoe",11,"baseline_mean",2,"count",12,12.4169696969697,12.4169696969697
"mistletoe",11,"baseline_mean",2,"count",8,12.4169696969697,12.4169696969697
"mistletoe",11,"baseline_mean",2,"count",7,12.4169696969697,12.4169696969697
"mistletoe",11,"baseline_mean",2,"count",11,12.4169696969697,12.4169696969697
"mistletoe",11,"baseline_mean",2,"count",18,12.4169696969697,12.4169696969697
"mistletoe",11,"baseline_mean",2,"count",6,12.4169696969697,12.4169696969697
"mistletoe",11,"baseline_mean",2,"count",9,12.4169696969697,12.4169696969697
"mistletoe",11,"baseline_mean",2,"count",11,12.4169696969697,12.4169696969697
"mistletoe",11,"baseline_mean",2,"count",13,12.4169696969697,12.4169696969697
"mistletoe",11,"baseline_mean",2,"count",15,12.4169696969697,12.4169696969697
"mistletoe",11,"baseline_mean",2,"count",9,12.4169696969697,12.4169696969697
"mistletoe",11,"baseline_mean",2,"count",13,12.4169696969697,12.4169696969697
"mistletoe",11,"baseline_mean",2,"count",6,12.4169696969697,12.4169696969697
"mistletoe",11,"baseline_mean",2,"count",0,12.4169696969697,12.4169696969697
"mistletoe",11,"baseline_mean",2,"count",12,12.4169696969697,12.4169696969697
"mistletoe",11,"baseline_mean",2,"count",2,12.4169696969697,12.4169696969697
"mistletoe",11,"baseline_mean",2,"count",7,12.4169696969697,12.4169696969697
"mistletoe",11,"baseline_mean",2,"count",8,12.4169696969697,12.4169696969697
"mistletoe",11,"baseline_mean",2,"count",8,12.4169696969697,12.4169696969697
"mistletoe",11,"baseline_mean",2,"count",10,12.4169696969697,12.4169696969697
"mistletoe",11,"baseline_mean",2,"count",4,12.4169696969697,12.4169696969697
"mistletoe",11,"baseline_mean",2,"count",6,12.4169696969697,12.4169696969697
"mistletoe",11,"baseline_mean",2,"count",11,12.4169696969697,12.4169696969697
"mistletoe",11,"baseline_mean",2,"count",4,12.4169696969697,12.4169696969697
"mistletoe",11,"baseline_mean",2,"count",6,12.4169696969697,12.4169696969697
"mistletoe",11,"baseline_mean",2,"count",4,12.4169696969697,12.4169696969697
"mistletoe",11,"baseline_mean",2,"count",3,12.4169696969697,12.4169696969697
"mistletoe",11,"baseline_mean",2,"count",8,12.4169696969697,12.4169696969697
"mistletoe",11,"baseline_mean",2,"count",5,12.4169696969697,12.4169696969697
"mistletoe",11,"baseline_mean",2,"count",0,12.4169696969697,12.4169696969697
"mistletoe",11,"baseline_mean",2,"count",3,12.4169696969697,12.4169696969697
"mistletoe",11,"baseline_mean",2,"count",5,12.4169696969697,12.4169696969697
"mistletoe",11,"baseline_mean",2,"count",7,12.4169696969697,12.4169696969697
"mistletoe",11,"baseline_mean",2,"count",6,12.4169696969697,12.4169696969697
"mistletoe",11,"baseline_mean",2,"count",0,12.4169696969697,12.4169696969697
"mistletoe",11,"baseline_mean",2,"count",4,12.4169696969697,12.4169696969697
"mistletoe",11,"baseline_mean",2,"count",7,12.4169696969697,12.4169696969697
"mistletoe",11,"baseline_mean",2,"count",0,12.4169696969697,12.4169696969697
"mistletoe",11,"baseline_mean",2,"count",14,12.4169696969697,12.4169696969697
"mistletoe",11,"baseline_mean",2,"count",0,12.4169696969697,12.4169696969697
"mistletoe",11,"baseline_mean",2,"count",5,12.4169696969697,12.4169696969697
"mistletoe",11,"baseline_mean",2,"count",21,12.4169696969697,12.4169696969697
"mistletoe",11,"baseline_mean",2,"count",20,12.4169696969697,12.4169696969697
"mistletoe",11,"baseline_mean",2,"count",16,12.4169696969697,12.4169696969697
"mistletoe",11,"baseline_mean",2,"count",31,12.4169696969697,12.4169696969697
"mistletoe",11,"baseline_mean",2,"count",8,12.4169696969697,12.4169696969697
"mistletoe",11,"baseline_mean",2,"count",11,12.4169696969697,12.4169696969697
"mistletoe",11,"baseline_mean",2,"count",13,12.4169696969697,12.4169696969697
"mistletoe",11,"baseline_mean",2,"count",7,12.4169696969697,12.4169696969697
"mistletoe",11,"baseline_mean",2,"count",16,12.4169696969697,12.4169696969697
"mistletoe",11,"baseline_mean",2,"count",0,12.4169696969697,12.4169696969697
"mistletoe",11,"baseline_mean",2,"count",11,12.4169696969697,12.4169696969697
"mistletoe",11,"baseline_mean",2,"count",19,12.4169696969697,12.4169696969697
"mistletoe",11,"baseline_mean",3,"count",20,11.745247148289,11.745247148289
"mistletoe",11,"baseline_mean",3,"count",80,11.745247148289,11.745247148289
"mistletoe",11,"baseline_mean",3,"count",13,11.745247148289,11.745247148289
"mistletoe",11,"baseline_mean",3,"count",13,11.745247148289,11.745247148289
"mistletoe",11,"baseline_mean",3,"count",35,11.745247148289,11.745247148289
"mistletoe",11,"baseline_mean",3,"count",4,11.745247148289,11.745247148289
"mistletoe",11,"baseline_mean",3,"count",17,11.745247148289,11.745247148289
"mistletoe",11,"baseline_mean",3,"count",20,11.745247148289,11.745247148289
"mistletoe",11,"baseline_mean",3,"count",13,11.745247148289,11.745247148289
"mistletoe",11,"baseline_mean",3,"count",45,11.745247148289,11.745247148289
"mistletoe",11,"baseline_mean",3,"count",3,11.745247148289,11.745247148289
"mistletoe",11,"baseline_mean",3,"count",8,11.745247148289,11.745247148289
"mistletoe",11,"baseline_mean",3,"count",21,11.745247148289,11.745247148289
"mistletoe",11,"baseline_mean",3,"count",12,11.745247148289,11.745247148289
"mistletoe",11,"baseline_mean",3,"count",13,11.745247148289,11.745247148289
"mistletoe",11,"baseline_mean",3,"count",23,11.745247148289,11.745247148289
"mistletoe",11,"baseline_mean",3,"count",32,11.745247148289,11.745247148289
"mistletoe",11,"baseline_mean",3,"count",16,11.745247148289,11.745247148289
"mistletoe",11,"baseline_mean",3,"count",12,11.745247148289,11.745247148289
"mistletoe",11,"baseline_mean",3,"count",14,11.745247148289,11.745247148289
"mistletoe",11,"baseline_mean",3,"count",11,11.745247148289,11.745247148289
"mistletoe",11,"baseline_mean",3,"count",47,11.745247148289,11.745247148289
"mistletoe",11,"baseline_mean",3,"count",30,11.745247148289,11.745247148289
"mistletoe",11,"baseline_mean",3,"count",10,11.745247148289,11.745247148289
"mistletoe",11,"baseline_mean",3,"count",14,11.745247148289,11.745247148289
"mistletoe",11,"baseline_mean",3,"count",8,11.745247148289,11.745247148289
"mistletoe",11,"baseline_mean",3,"count",15,11.745247148289,11.745247148289
"mistletoe",11,"baseline_mean",3,"count",9,11.745247148289,11.745247148289
"mistletoe",11,"baseline_mean",3,"count",2,11.745247148289,11.745247148289
"mistletoe",11,"baseline_mean",3,"count",24,11.745247148289,11.745247148289
"mistletoe",11,"baseline_mean",3,"count",9,11.745247148289,11.745247148289
"mistletoe",11,"baseline_mean",3,"count",9,11.745247148289,11.745247148289
"mistletoe",11,"baseline_mean",3,"count",53,11.745247148289,11.745247148289
"mistletoe",11,"baseline_mean",3,"count",4,11.745247148289,11.745247148289
"mistletoe",11,"baseline_mean",3,"count",15,11.745247148289,11.745247148289
"mistletoe",11,"baseline_mean",3,"count",8,11.745247148289,11.745247148289
"mistletoe",11,"baseline_mean",3,"count",2,11.745247148289,11.745247148289
"mistletoe",11,"baseline_mean",3,"count",7,11.745247148289,11.745247148289
"mistletoe",11,"baseline_mean",3,"count",10,11.745247148289,11.745247148289
"mistletoe",11,"baseline_mean",3,"count",11,11.745247148289,11.745247148289
"mistletoe",11,"baseline_mean",3,"count",28,11.745247148289,11.745247148289
"mistletoe",11,"baseline_mean",3,"count",28,11.745247148289,11.745247148289
"mistletoe",11,"baseline_mean",3,"count",15,11.745247148289,11.745247148289
"mistletoe",11,"baseline_mean",3,"count",28,11.745247148289,11.745247148289
"mistletoe",11,"baseline_mean",3,"count",17,11.745247148289,11.745247148289
"mistletoe",11,"baseline_mean",3,"count",21,11.745247148289,11.745247148289
"mistletoe",11,"baseline_mean",3,"count",12,11.745247148289,11.745247148289
"mistletoe",11,"baseline_mean",3,"count",5,11.745247148289,11.745247148289
"mistletoe",11,"baseline_mean",3,"count",14,11.745247148289,11.745247148289
"mistletoe",11,"baseline_mean",3,"count",13,11.745247148289,11.745247148289
"mistletoe",11,"baseline_mean",3,"count",16,11.745247148289,11.745247148289
"mistletoe",11,"baseline_mean",3,"count",9,11.745247148289,11.745247148289
"mistletoe",11,"baseline_mean",3,"count",5,11.745247148289,11.745247148289
"mistletoe",11,"baseline_mean",3,"count",18,11.745247148289,11.745247148289
"mistletoe",11,"baseline_mean",3,"count",24,11.745247148289,11.745247148289
"mistletoe",11,"baseline_mean",3,"count",4,11.745247148289,11.745247148289
"mistletoe",11,"baseline_mean",3,"count",56,11.745247148289,11.745247148289
"mistletoe",11,"baseline_mean",3,"count",3,11.745247148289,11.745247148289
"mistletoe",11,"baseline_mean",3,"count",10,11.745247148289,11.745247148289
"mistletoe",11,"baseline_mean",3,"count",3,11.745247148289,11.745247148289
"mistletoe",11,"baseline_mean",3,"count",12,11.745247148289,11.745247148289
"mistletoe",11,"baseline_mean",3,"count",7,11.745247148289,11.745247148289
"mistletoe",11,"baseline_mean",3,"count",1,11.745247148289,11.745247148289
"mistletoe",11,"baseline_mean",3,"count",6,11.745247148289,11.745247148289
"mistletoe",11,"baseline_mean",3,"count",10,11.745247148289,11.745247148289
"mistletoe",11,"baseline_mean",3,"count",12,11.745247148289,11.745247148289
"mistletoe",11,"baseline_mean",3,"count",2,11.745247148289,11.745247148289
"mistletoe",11,"baseline_mean",3,"count",9,11.745247148289,11.745247148289
"mistletoe",11,"baseline_mean",3,"count",20,11.745247148289,11.745247148289
"mistletoe",11,"baseline_mean",3,"count",15,11.745247148289,11.745247148289
"mistletoe",11,"baseline_mean",3,"count",7,11.745247148289,11.745247148289
"mistletoe",11,"baseline_mean",3,"count",1,11.745247148289,11.745247148289
"mistletoe",11,"baseline_mean",3,"count",8,11.745247148289,11.745247148289
"mistletoe",11,"baseline_mean",3,"count",14,11.745247148289,11.745247148289
"mistletoe",11,"baseline_mean",3,"count",4,11.745247148289,11.745247148289
"mistletoe",11,"baseline_mean",3,"count",9,11.745247148289,11.745247148289
"mistletoe",11,"baseline_mean",3,"count",8,11.745247148289,11.745247148289
"mistletoe",11,"baseline_mean",3,"count",6,11.745247148289,11.745247148289
"mistletoe",11,"baseline_mean",3,"count",11,11.745247148289,11.745247148289
"mistletoe",11,"baseline_mean",3,"count",26,11.745247148289,11.745247148289
"mistletoe",11,"baseline_mean",3,"count",9,11.745247148289,11.745247148289
"mistletoe",11,"baseline_mean",3,"count",7,11.745247148289,11.745247148289
"mistletoe",11,"baseline_mean",3,"count",10,11.745247148289,11.745247148289
"mistletoe",11,"baseline_mean",3,"count",11,11.745247148289,11.745247148289
"mistletoe",11,"baseline_mean",3,"count",4,11.745247148289,11.745247148289
"mistletoe",11,"baseline_mean",3,"count",5,11.745247148289,11.745247148289
"mistletoe",11,"baseline_mean",3,"count",11,11.745247148289,11.745247148289
"mistletoe",11,"baseline_mean",3,"count",8,11.745247148289,11.745247148289
"mistletoe",11,"baseline_mean",3,"count",17,11.745247148289,11.745247148289
"mistletoe",11,"baseline_mean",3,"count",5,11.745247148289,11.745247148289
"mistletoe",11,"baseline_mean",3,"count",11,11.745247148289,11.745247148289
"mistletoe",11,"baseline_mean",3,"count",6,11.745247148289,11.745247148289
"mistletoe",11,"baseline_mean",3,"count",14,11.745247148289,11.745247148289
"mistletoe",11,"baseline_mean",3,"count",9,11.745247148289,11.745247148289
"mistletoe",11,"baseline_mean",3,"count",8,11.745247148289,11.745247148289
"mistletoe",11,"baseline_mean",3,"count",12,11.745247148289,11.745247148289
"mistletoe",11,"baseline_mean",3,"count",12,11.745247148289,11.745247148289
"mistletoe",11,"baseline_mean",3,"count",10,11.745247148289,11.745247148289
"mistletoe",11,"baseline_mean",3,"count",9,11.745247148289,11.745247148289
"mistletoe",11,"baseline_mean",3,"count",6,11.745247148289,11.745247148289
"mistletoe",11,"baseline_mean",3,"count",4,11.745247148289,11.745247148289
"mistletoe",11,"baseline_mean",3,"count",3,11.745247148289,11.745247148289
"mistletoe",11,"baseline_mean",3,"count",14,11.745247148289,11.745247148289
"mistletoe",11,"baseline_mean",3,"count",7,11.745247148289,11.745247148289
"mistletoe",11,"baseline_mean",3,"count",6,11.745247148289,11.745247148289
"mistletoe",11,"baseline_mean",3,"count",7,11.745247148289,11.745247148289
"mistletoe",11,"baseline_mean",3,"count",7,11.745247148289,11.745247148289
"mistletoe",11,"baseline_mean",3,"count",5,11.745247148289,11.745247148289
"mistletoe",11,"baseline_mean",3,"count",4,11.745247148289,11.745247148289
"mistletoe",11,"baseline_mean",3,"count",13,11.745247148289,11.745247148289
"mistletoe",11,"baseline_mean",3,"count",6,11.745247148289,11.745247148289
"mistletoe",11,"baseline_mean",3,"count",7,11.745247148289,11.745247148289
"mistletoe",11,"baseline_mean",3,"count",14,11.745247148289,11.745247148289
"mistletoe",11,"baseline_mean",3,"count",12,11.745247148289,11.745247148289
"mistletoe",11,"baseline_mean",3,"count",7,11.745247148289,11.745247148289
"mistletoe",11,"baseline_mean",3,"count",12,11.745247148289,11.745247148289
"mistletoe",11,"baseline_mean",3,"count",5,11.745247148289,11.745247148289
"mistletoe",11,"baseline_mean",3,"count",8,11.745247148289,11.745247148289
"mistletoe",11,"baseline_mean",3,"count",6,11.745247148289,11.745247148289
"mistletoe",11,"baseline_mean",3,"count",5,11.745247148289,11.745247148289
"mistletoe",11,"baseline_mean",3,"count",5,11.745247148289,11.745247148289
"mistletoe",11,"baseline_mean",3,"count",3,11.745247148289,11.745247148289
"mistletoe",11,"baseline_mean",3,"count",13,11.745247148289,11.745247148289
"mistletoe",11,"baseline_mean",3,"count",4,11.745247148289,11.745247148289
"mistletoe",11,"baseline_mean",3,"count",11,11.745247148289,11.745247148289
"mistletoe",11,"baseline_mean",3,"count",11,11.745247148289,11.745247148289
"mistletoe",11,"baseline_mean",3,"count",10,11.745247148289,11.745247148289
"mistletoe",11,"baseline_mean",3,"count",2,11.745247148289,11.745247148289
"mistletoe",11,"baseline_mean",3,"count",8,11.745247148289,11.745247148289
"mistletoe",11,"baseline_mean",3,"count",10,11.745247148289,11.745247148289
"mistletoe",11,"baseline_mean",3,"count",2,11.745247148289,11.745247148289
"mistletoe",11,"baseline_mean",3,"count",5,11.745247148289,11.745247148289
"mistletoe",11,"baseline_mean",3,"count",9,11.745247148289,11.745247148289
"mistletoe",11,"baseline_mean",3,"count",15,11.745247148289,11.745247148289
"mistletoe",11,"baseline_mean",3,"count",8,11.745247148289,11.745247148289
"mistletoe",11,"baseline_mean",3,"count",9,11.745247148289,11.745247148289
"mistletoe",11,"baseline_mean",3,"count",12,11.745247148289,11.745247148289
"mistletoe",11,"baseline_mean",3,"count",10,11.745247148289,11.745247148289
"mistletoe",11,"baseline_mean",3,"count",13,11.745247148289,11.745247148289
"mistletoe",11,"baseline_mean",3,"count",22,11.745247148289,11.745247148289
"mistletoe",11,"baseline_mean",3,"count",10,11.745247148289,11.745247148289
"mistletoe",11,"baseline_mean",3,"count",17,11.745247148289,11.745247148289
"mistletoe",11,"baseline_mean",3,"count",15,11.745247148289,11.745247148289
"mistletoe",11,"baseline_mean",3,"count",9,11.745247148289,11.745247148289
"mistletoe",11,"baseline_mean",3,"count",9,11.745247148289,11.745247148289
"mistletoe",11,"baseline_mean",3,"count",8,11.745247148289,11.745247148289
"mistletoe",11,"baseline_mean",3,"count",10,11.745247148289,11.745247148289
"mistletoe",11,"baseline_mean",3,"count",12,11.745247148289,11.745247148289
"mistletoe",11,"baseline_mean",3,"count",26,11.745247148289,11.745247148289
"mistletoe",11,"baseline_mean",3,"count",26,11.745247148289,11.745247148289
"mistletoe",11,"baseline_mean",3,"count",12,11.745247148289,11.745247148289
"mistletoe",11,"baseline_mean",3,"count",4,11.745247148289,11.745247148289
"mistletoe",11,"baseline_mean",3,"count",4,11.745247148289,11.745247148289
"mistletoe",11,"baseline_mean",3,"count",14,11.745247148289,11.745247148289
"mistletoe",11,"baseline_mean",3,"count",4,11.745247148289,11.745247148289
"mistletoe",11,"baseline_mean",3,"count",9,11.745247148289,11.745247148289
"mistletoe",11,"baseline_mean",3,"count",5,11.745247148289,11.745247148289
"mistletoe",11,"baseline_mean",3,"count",6,11.745247148289,11.745247148289
"mistletoe",11,"baseline_mean",3,"count",15,11.745247148289,11.745247148289
"mistletoe",11,"baseline_mean",3,"count",21,11.745247148289,11.745247148289
"mistletoe",11,"baseline_mean",3,"count",39,11.745247148289,11.745247148289
"mistletoe",11,"baseline_mean",3,"count",58,11.745247148289,11.745247148289
"mistletoe",11,"baseline_mean",3,"count",18,11.745247148289,11.745247148289
"mistletoe",11,"baseline_mean",3,"count",21,11.745247148289,11.745247148289
"mistletoe",11,"baseline_mean",3,"count",49,11.745247148289,11.745247148289
"mistletoe",11,"baseline_mean",3,"count",16,11.745247148289,11.745247148289
"mistletoe",11,"baseline_mean",3,"count",18,11.745247148289,11.745247148289
"mistletoe",11,"baseline_mean",3,"count",17,11.745247148289,11.745247148289
"mistletoe",11,"baseline_mean",3,"count",27,11.745247148289,11.745247148289
"mistletoe",11,"baseline_mean",3,"count",14,11.745247148289,11.745247148289
"mistletoe",11,"baseline_mean",3,"count",11,11.745247148289,11.745247148289
"mistletoe",11,"baseline_mean",3,"count",31,11.745247148289,11.745247148289
"mistletoe",11,"baseline_mean",3,"count",24,11.745247148289,11.745247148289
"mistletoe",11,"baseline_mean",3,"count",20,11.745247148289,11.745247148289
"mistletoe",11,"baseline_mean",3,"count",20,11.745247148289,11.745247148289
"mistletoe",11,"baseline_mean",3,"count",18,11.745247148289,11.745247148289
"mistletoe",11,"baseline_mean",3,"count",8,11.745247148289,11.745247148289
"mistletoe",11,"baseline_mean",3,"count",21,11.745247148289,11.745247148289
"mistletoe",11,"baseline_mean",3,"count",12,11.745247148289,11.745247148289
"mistletoe",11,"baseline_mean",3,"count",13,11.745247148289,11.745247148289
"mistletoe",11,"baseline_mean",3,"count",19,11.745247148289,11.745247148289
"mistletoe",11,"baseline_mean",3,"count",13,11.745247148289,11.745247148289
"mistletoe",11,"baseline_mean",3,"count",16,11.745247148289,11.745247148289
"mistletoe",11,"baseline_mean",3,"count",23,11.745247148289,11.745247148289
"mistletoe",11,"baseline_mean",3,"count",15,11.745247148289,11.745247148289
"mistletoe",11,"baseline_mean",3,"count",18,11.745247148289,11.745247148289
"mistletoe",11,"baseline_mean",3,"count",29,11.745247148289,11.745247148289
"mistletoe",11,"baseline_mean",3,"count",32,11.745247148289,11.745247148289
"mistletoe",11,"baseline_mean",3,"count",10,11.745247148289,11.745247148289
"mistletoe",11,"baseline_mean",4,"count",17,11.931884057971,11.931884057971
"mistletoe",11,"baseline_mean",4,"count",76,11.931884057971,11.931884057971
"mistletoe",11,"baseline_mean",4,"count",42,11.931884057971,11.931884057971
"mistletoe",11,"baseline_mean",4,"count",48,11.931884057971,11.931884057971
"mistletoe",11,"baseline_mean",4,"count",29,11.931884057971,11.931884057971
"mistletoe",11,"baseline_mean",4,"count",29,11.931884057971,11.931884057971
"mistletoe",11,"baseline_mean",4,"count",6,11.931884057971,11.931884057971
"mistletoe",11,"baseline_mean",4,"count",14,11.931884057971,11.931884057971
"mistletoe",11,"baseline_mean",4,"count",17,11.931884057971,11.931884057971
"mistletoe",11,"baseline_mean",4,"count",14,11.931884057971,11.931884057971
"mistletoe",11,"baseline_mean",4,"count",15,11.931884057971,11.931884057971
"mistletoe",11,"baseline_mean",4,"count",12,11.931884057971,11.931884057971
"mistletoe",11,"baseline_mean",4,"count",17,11.931884057971,11.931884057971
"mistletoe",11,"baseline_mean",4,"count",11,11.931884057971,11.931884057971
"mistletoe",11,"baseline_mean",4,"count",31,11.931884057971,11.931884057971
"mistletoe",11,"baseline_mean",4,"count",14,11.931884057971,11.931884057971
"mistletoe",11,"baseline_mean",4,"count",14,11.931884057971,11.931884057971
"mistletoe",11,"baseline_mean",4,"count",6,11.931884057971,11.931884057971
"mistletoe",11,"baseline_mean",4,"count",10,11.931884057971,11.931884057971
"mistletoe",11,"baseline_mean",4,"count",12,11.931884057971,11.931884057971
"mistletoe",11,"baseline_mean",4,"count",27,11.931884057971,11.931884057971
"mistletoe",11,"baseline_mean",4,"count",0,11.931884057971,11.931884057971
"mistletoe",11,"baseline_mean",4,"count",27,11.931884057971,11.931884057971
"mistletoe",11,"baseline_mean",4,"count",23,11.931884057971,11.931884057971
"mistletoe",11,"baseline_mean",4,"count",24,11.931884057971,11.931884057971
"mistletoe",11,"baseline_mean",4,"count",4,11.931884057971,11.931884057971
"mistletoe",11,"baseline_mean",4,"count",11,11.931884057971,11.931884057971
"mistletoe",11,"baseline_mean",4,"count",5,11.931884057971,11.931884057971
"mistletoe",11,"baseline_mean",4,"count",13,11.931884057971,11.931884057971
"mistletoe",11,"baseline_mean",4,"count",11,11.931884057971,11.931884057971
"mistletoe",11,"baseline_mean",4,"count",12,11.931884057971,11.931884057971
"mistletoe",11,"baseline_mean",4,"count",18,11.931884057971,11.931884057971
"mistletoe",11,"baseline_mean",4,"count",18,11.931884057971,11.931884057971
"mistletoe",11,"baseline_mean",4,"count",33,11.931884057971,11.931884057971
"mistletoe",11,"baseline_mean",4,"count",12,11.931884057971,11.931884057971
"mistletoe",11,"baseline_mean",4,"count",2,11.931884057971,11.931884057971
"mistletoe",11,"baseline_mean",4,"count",6,11.931884057971,11.931884057971
"mistletoe",11,"baseline_mean",4,"count",54,11.931884057971,11.931884057971
"mistletoe",11,"baseline_mean",4,"count",1,11.931884057971,11.931884057971
"mistletoe",11,"baseline_mean",4,"count",19,11.931884057971,11.931884057971
"mistletoe",11,"baseline_mean",4,"count",49,11.931884057971,11.931884057971
"mistletoe",11,"baseline_mean",4,"count",12,11.931884057971,11.931884057971
"mistletoe",11,"baseline_mean",4,"count",10,11.931884057971,11.931884057971
"mistletoe",11,"baseline_mean",4,"count",9,11.931884057971,11.931884057971
"mistletoe",11,"baseline_mean",4,"count",19,11.931884057971,11.931884057971
"mistletoe",11,"baseline_mean",4,"count",5,11.931884057971,11.931884057971
"mistletoe",11,"baseline_mean",4,"count",14,11.931884057971,11.931884057971
"mistletoe",11,"baseline_mean",4,"count",6,11.931884057971,11.931884057971
"mistletoe",11,"baseline_mean",4,"count",6,11.931884057971,11.931884057971
"mistletoe",11,"baseline_mean",4,"count",8,11.931884057971,11.931884057971
"mistletoe",11,"baseline_mean",4,"count",12,11.931884057971,11.931884057971
"mistletoe",11,"baseline_mean",4,"count",20,11.931884057971,11.931884057971
"mistletoe",11,"baseline_mean",4,"count",12,11.931884057971,11.931884057971
"mistletoe",11,"baseline_mean",4,"count",7,11.931884057971,11.931884057971
"mistletoe",11,"baseline_mean",4,"count",16,11.931884057971,11.931884057971
"mistletoe",11,"baseline_mean",4,"count",14,11.931884057971,11.931884057971
"mistletoe",11,"baseline_mean",4,"count",14,11.931884057971,11.931884057971
"mistletoe",11,"baseline_mean",4,"count",7,11.931884057971,11.931884057971
"mistletoe",11,"baseline_mean",4,"count",9,11.931884057971,11.931884057971
"mistletoe",11,"baseline_mean",4,"count",12,11.931884057971,11.931884057971
"mistletoe",11,"baseline_mean",4,"count",8,11.931884057971,11.931884057971
"mistletoe",11,"baseline_mean",4,"count",7,11.931884057971,11.931884057971
"mistletoe",11,"baseline_mean",4,"count",12,11.931884057971,11.931884057971
"mistletoe",11,"baseline_mean",4,"count",5,11.931884057971,11.931884057971
"mistletoe",11,"baseline_mean",4,"count",9,11.931884057971,11.931884057971
"mistletoe",11,"baseline_mean",4,"count",3,11.931884057971,11.931884057971
"mistletoe",11,"baseline_mean",4,"count",18,11.931884057971,11.931884057971
"mistletoe",11,"baseline_mean",4,"count",7,11.931884057971,11.931884057971
"mistletoe",11,"baseline_mean",4,"count",7,11.931884057971,11.931884057971
"mistletoe",11,"baseline_mean",4,"count",14,11.931884057971,11.931884057971
"mistletoe",11,"baseline_mean",4,"count",5,11.931884057971,11.931884057971
"mistletoe",11,"baseline_mean",4,"count",19,11.931884057971,11.931884057971
"mistletoe",11,"baseline_mean",4,"count",6,11.931884057971,11.931884057971
"mistletoe",11,"baseline_mean",4,"count",7,11.931884057971,11.931884057971
"mistletoe",11,"baseline_mean",4,"count",8,11.931884057971,11.931884057971
"mistletoe",11,"baseline_mean",4,"count",11,11.931884057971,11.931884057971
"mistletoe",11,"baseline_mean",4,"count",12,11.931884057971,11.931884057971
"mistletoe",11,"baseline_mean",4,"count",6,11.931884057971,11.931884057971
"mistletoe",11,"baseline_mean",4,"count",15,11.931884057971,11.931884057971
"mistletoe",11,"baseline_mean",4,"count",2,11.931884057971,11.931884057971
"mistletoe",11,"baseline_mean",4,"count",3,11.931884057971,11.931884057971
"mistletoe",11,"baseline_mean",4,"count",11,11.931884057971,11.931884057971
"mistletoe",11,"baseline_mean",4,"count",13,11.931884057971,11.931884057971
"mistletoe",11,"baseline_mean",4,"count",3,11.931884057971,11.931884057971
"mistletoe",11,"baseline_mean",4,"count",0,11.931884057971,11.931884057971
"mistletoe",11,"baseline_mean",4,"count",2,11.931884057971,11.931884057971
"mistletoe",11,"baseline_mean",4,"count",16,11.931884057971,11.931884057971
"mistletoe",11,"baseline_mean",4,"count",14,11.931884057971,11.931884057971
"mistletoe",11,"baseline_mean",4,"count",5,11.931884057971,11.931884057971
"mistletoe",11,"baseline_mean",4,"count",13,11.931884057971,11.931884057971
"mistletoe",11,"baseline_mean",4,"count",15,11.931884057971,11.931884057971
"mistletoe",11,"baseline_mean",4,"count",2,11.931884057971,11.931884057971
"mistletoe",11,"baseline_mean",4,"count",9,11.931884057971,11.931884057971
"mistletoe",11,"baseline_mean",4,"count",0,11.931884057971,11.931884057971
"mistletoe",11,"baseline_mean",4,"count",2,11.931884057971,11.931884057971
"mistletoe",11,"baseline_mean",4,"count",8,11.931884057971,11.931884057971
"mistletoe",11,"baseline_mean",4,"count",11,11.931884057971,11.931884057971
"mistletoe",11,"baseline_mean",4,"count",10,11.931884057971,11.931884057971
"mistletoe",11,"baseline_mean",4,"count",3,11.931884057971,11.931884057971
"mistletoe",11,"baseline_mean",4,"count",19,11.931884057971,11.931884057971
"mistletoe",11,"baseline_mean",4,"count",22,11.931884057971,11.931884057971
"mistletoe",11,"baseline_mean",4,"count",22,11.931884057971,11.931884057971
"mistletoe",11,"baseline_mean",4,"count",12,11.931884057971,11.931884057971
"mistletoe",11,"baseline_mean",4,"count",8,11.931884057971,11.931884057971
"mistletoe",11,"baseline_mean",4,"count",8,11.931884057971,11.931884057971
"mistletoe",11,"baseline_mean",4,"count",7,11.931884057971,11.931884057971
"mistletoe",11,"baseline_mean",4,"count",13,11.931884057971,11.931884057971
"mistletoe",11,"baseline_mean",4,"count",7,11.931884057971,11.931884057971
"mistletoe",11,"baseline_mean",4,"count",18,11.931884057971,11.931884057971
"mistletoe",11,"baseline_mean",4,"count",7,11.931884057971,11.931884057971
"mistletoe",11,"baseline_mean",4,"count",7,11.931884057971,11.931884057971
"mistletoe",11,"baseline_mean",4,"count",5,11.931884057971,11.931884057971
"mistletoe",11,"baseline_mean",4,"count",2,11.931884057971,11.931884057971
"mistletoe",11,"baseline_mean",4,"count",22,11.931884057971,11.931884057971
"mistletoe",11,"baseline_mean",4,"count",17,11.931884057971,11.931884057971
"mistletoe",11,"baseline_mean",4,"count",15,11.931884057971,11.931884057971
"mistletoe",11,"baseline_mean",4,"count",22,11.931884057971,11.931884057971
"mistletoe",11,"baseline_mean",4,"count",14,11.931884057971,11.931884057971
"mistletoe",11,"baseline_mean",4,"count",13,11.931884057971,11.931884057971
"mistletoe",11,"baseline_mean",4,"count",13,11.931884057971,11.931884057971
"mistletoe",11,"baseline_mean",4,"count",6,11.931884057971,11.931884057971
"mistletoe",11,"baseline_mean",4,"count",8,11.931884057971,11.931884057971
"mistletoe",11,"baseline_mean",4,"count",9,11.931884057971,11.931884057971
"mistletoe",11,"baseline_mean",4,"count",21,11.931884057971,11.931884057971
"mistletoe",11,"baseline_mean",4,"count",10,11.931884057971,11.931884057971
"mistletoe",11,"baseline_mean",4,"count",8,11.931884057971,11.931884057971
"mistletoe",11,"baseline_mean",4,"count",19,11.931884057971,11.931884057971
"mistletoe",11,"baseline_mean",4,"count",13,11.931884057971,11.931884057971
"mistletoe",11,"baseline_mean",4,"count",24,11.931884057971,11.931884057971
"mistletoe",11,"baseline_mean",4,"count",11,11.931884057971,11.931884057971
"mistletoe",11,"baseline_mean",4,"count",24,11.931884057971,11.931884057971
"mistletoe",11,"baseline_mean",4,"count",14,11.931884057971,11.931884057971
"mistletoe",11,"baseline_mean",4,"count",25,11.931884057971,11.931884057971
"mistletoe",11,"baseline_mean",4,"count",8,11.931884057971,11.931884057971
"mistletoe",11,"baseline_mean",4,"count",23,11.931884057971,11.931884057971
"mistletoe",11,"baseline_mean",4,"count",19,11.931884057971,11.931884057971
"mistletoe",11,"baseline_mean",4,"count",9,11.931884057971,11.931884057971
"mistletoe",11,"baseline_mean",4,"count",15,11.931884057971,11.931884057971
"mistletoe",11,"baseline_mean",4,"count",11,11.931884057971,11.931884057971
"mistletoe",11,"baseline_mean",4,"count",5,11.931884057971,11.931884057971
"mistletoe",11,"baseline_mean",4,"count",8,11.931884057971,11.931884057971
"mistletoe",11,"baseline_mean",4,"count",3,11.931884057971,11.931884057971
"mistletoe",11,"baseline_mean",4,"count",6,11.931884057971,11.931884057971
"mistletoe",11,"baseline_mean",4,"count",14,11.931884057971,11.931884057971
"mistletoe",11,"baseline_mean",4,"count",6,11.931884057971,11.931884057971
"mistletoe",11,"baseline_mean",4,"count",15,11.931884057971,11.931884057971
"mistletoe",11,"baseline_mean",4,"count",18,11.931884057971,11.931884057971
"mistletoe",11,"baseline_mean",4,"count",33,11.931884057971,11.931884057971
"mistletoe",11,"baseline_mean",4,"count",6,11.931884057971,11.931884057971
"mistletoe",11,"baseline_mean",4,"count",6,11.931884057971,11.931884057971
"mistletoe",11,"baseline_mean",4,"count",13,11.931884057971,11.931884057971
"mistletoe",11,"baseline_mean",4,"count",9,11.931884057971,11.931884057971
"mistletoe",11,"baseline_mean",4,"count",25,11.931884057971,11.931884057971
"mistletoe",11,"baseline_mean",4,"count",3,11.931884057971,11.931884057971
"mistletoe",11,"baseline_mean",4,"count",13,11.931884057971,11.931884057971
"mistletoe",11,"baseline_mean",4,"count",20,11.931884057971,11.931884057971
"mistletoe",11,"baseline_mean",4,"count",11,11.931884057971,11.931884057971
"mistletoe",11,"baseline_mean",4,"count",16,11.931884057971,11.931884057971
"mistletoe",11,"baseline_mean",4,"count",15,11.931884057971,11.931884057971
"mistletoe",11,"baseline_mean",4,"count",6,11.931884057971,11.931884057971
"mistletoe",11,"baseline_mean",4,"count",5,11.931884057971,11.931884057971
"mistletoe",11,"baseline_mean",4,"count",12,11.931884057971,11.931884057971
"mistletoe",11,"baseline_mean",4,"count",5,11.931884057971,11.931884057971
"mistletoe",11,"baseline_mean",4,"count",7,11.931884057971,11.931884057971
"mistletoe",11,"baseline_mean",4,"count",10,11.931884057971,11.931884057971
"mistletoe",11,"baseline_mean",4,"count",11,11.931884057971,11.931884057971
"mistletoe",11,"baseline_mean",4,"count",14,11.931884057971,11.931884057971
"mistletoe",11,"baseline_mean",4,"count",17,11.931884057971,11.931884057971
"mistletoe",11,"baseline_mean",4,"count",8,11.931884057971,11.931884057971
"mistletoe",11,"baseline_mean",4,"count",7,11.931884057971,11.931884057971
"mistletoe",11,"baseline_mean",4,"count",7,11.931884057971,11.931884057971
"mistletoe",11,"baseline_mean",4,"count",3,11.931884057971,11.931884057971
"mistletoe",11,"baseline_mean",4,"count",12,11.931884057971,11.931884057971
"mistletoe",11,"baseline_mean",4,"count",11,11.931884057971,11.931884057971
"mistletoe",11,"baseline_mean",4,"count",11,11.931884057971,11.931884057971
"mistletoe",11,"baseline_mean",4,"count",11,11.931884057971,11.931884057971
"mistletoe",11,"baseline_mean",4,"count",7,11.931884057971,11.931884057971
"mistletoe",11,"baseline_mean",4,"count",4,11.931884057971,11.931884057971
"mistletoe",11,"baseline_mean",4,"count",7,11.931884057971,11.931884057971
"mistletoe",11,"baseline_mean",4,"count",2,11.931884057971,11.931884057971
"mistletoe",11,"baseline_mean",4,"count",10,11.931884057971,11.931884057971
"mistletoe",11,"baseline_mean",4,"count",10,11.931884057971,11.931884057971
"mistletoe",11,"baseline_mean",4,"count",14,11.931884057971,11.931884057971
"mistletoe",11,"baseline_mean",4,"count",21,11.931884057971,11.931884057971
"mistletoe",11,"baseline_mean",4,"count",10,11.931884057971,11.931884057971
"mistletoe",11,"baseline_mean",4,"count",4,11.931884057971,11.931884057971
"mistletoe",11,"baseline_mean",4,"count",12,11.931884057971,11.931884057971
"mistletoe",11,"baseline_mean",4,"count",6,11.931884057971,11.931884057971
"mistletoe",11,"baseline_mean",4,"count",12,11.931884057971,11.931884057971
"mistletoe",11,"baseline_mean",4,"count",30,11.931884057971,11.931884057971
"mistletoe",11,"baseline_mean",4,"count",12,11.931884057971,11.931884057971
"mistletoe",11,"baseline_mean",4,"count",9,11.931884057971,11.931884057971
"mistletoe",11,"baseline_mean",4,"count",28,11.931884057971,11.931884057971
"mistletoe",11,"baseline_mean",4,"count",7,11.931884057971,11.931884057971
"mistletoe",11,"baseline_mean",4,"count",3,11.931884057971,11.931884057971
"mistletoe",11,"baseline_mean",4,"count",8,11.931884057971,11.931884057971
"mistletoe",11,"baseline_mean",4,"count",7,11.931884057971,11.931884057971
"mistletoe",11,"baseline_mean",4,"count",17,11.931884057971,11.931884057971
"mistletoe",11,"baseline_mean",4,"count",15,11.931884057971,11.931884057971
"mistletoe",11,"baseline_mean",4,"count",13,11.931884057971,11.931884057971
"mistletoe",11,"baseline_mean",4,"count",13,11.931884057971,11.931884057971
"mistletoe",11,"baseline_mean",4,"count",23,11.931884057971,11.931884057971
"mistletoe",11,"baseline_mean",4,"count",13,11.931884057971,11.931884057971
"mistletoe",11,"baseline_mean",4,"count",12,11.931884057971,11.931884057971
"mistletoe",11,"baseline_mean",4,"count",10,11.931884057971,11.931884057971
"mistletoe",11,"baseline_mean",4,"count",9,11.931884057971,11.931884057971
"mistletoe",11,"baseline_mean",4,"count",7,11.931884057971,11.931884057971
"mistletoe",11,"baseline_mean",4,"count",18,11.931884057971,11.931884057971
"mistletoe",11,"baseline_mean",4,"count",6,11.931884057971,11.931884057971
"mistletoe",11,"baseline_mean",4,"count",11,11.931884057971,11.931884057971
"mistletoe",11,"baseline_mean",4,"count",5,11.931884057971,11.931884057971
"mistletoe",11,"baseline_mean",4,"count",3,11.931884057971,11.931884057971
"mistletoe",11,"baseline_mean",4,"count",6,11.931884057971,11.931884057971
"mistletoe",11,"baseline_mean",4,"count",6,11.931884057971,11.931884057971
"mistletoe",11,"baseline_mean",4,"count",4,11.931884057971,11.931884057971
"mistletoe",11,"baseline_mean",4,"count",11,11.931884057971,11.931884057971
"mistletoe",11,"baseline_mean",4,"count",6,11.931884057971,11.931884057971
"mistletoe",11,"baseline_mean",4,"count",9,11.931884057971,11.931884057971
"mistletoe",11,"baseline_mean",4,"count",13,11.931884057971,11.931884057971
"mistletoe",11,"baseline_mean",4,"count",13,11.931884057971,11.931884057971
"mistletoe",11,"baseline_mean",4,"count",13,11.931884057971,11.931884057971
"mistletoe",11,"baseline_mean",4,"count",12,11.931884057971,11.931884057971
"mistletoe",11,"baseline_mean",4,"count",4,11.931884057971,11.931884057971
"mistletoe",11,"baseline_mean",4,"count",3,11.931884057971,11.931884057971
"mistletoe",11,"baseline_mean",4,"count",12,11.931884057971,11.931884057971
"mistletoe",11,"baseline_mean",4,"count",10,11.931884057971,11.931884057971
"mistletoe",11,"baseline_mean",4,"count",16,11.931884057971,11.931884057971
"mistletoe",11,"baseline_mean",4,"count",16,11.931884057971,11.931884057971
"mistletoe",11,"baseline_mean",4,"count",8,11.931884057971,11.931884057971
"mistletoe",11,"baseline_mean",4,"count",13,11.931884057971,11.931884057971
"mistletoe",11,"baseline_mean",4,"count",9,11.931884057971,11.931884057971
"mistletoe",11,"baseline_mean",4,"count",19,11.931884057971,11.931884057971
"mistletoe",11,"baseline_mean",4,"count",10,11.931884057971,11.931884057971
"mistletoe",11,"baseline_mean",4,"count",17,11.931884057971,11.931884057971
"mistletoe",11,"baseline_mean",4,"count",10,11.931884057971,11.931884057971
"mistletoe",11,"baseline_mean",4,"count",8,11.931884057971,11.931884057971
"mistletoe",11,"baseline_mean",4,"count",10,11.931884057971,11.931884057971
"mistletoe",11,"baseline_mean",4,"count",12,11.931884057971,11.931884057971
"mistletoe",11,"baseline_mean",4,"count",20,11.931884057971,11.931884057971
"mistletoe",11,"baseline_mean",4,"count",7,11.931884057971,11.931884057971
"mistletoe",11,"baseline_mean",4,"count",11,11.931884057971,11.931884057971
"mistletoe",11,"baseline_mean",4,"count",6,11.931884057971,11.931884057971
"mistletoe",11,"baseline_mean",4,"count",8,11.931884057971,11.931884057971
"mistletoe",11,"baseline_mean",4,"count",8,11.931884057971,11.931884057971
"mistletoe",11,"baseline_mean",4,"count",7,11.931884057971,11.931884057971
"mistletoe",11,"baseline_mean",4,"count",24,11.931884057971,11.931884057971
"mistletoe",11,"baseline_mean",4,"count",37,11.931884057971,11.931884057971
"mistletoe",11,"baseline_mean",4,"count",24,11.931884057971,11.931884057971
"mistletoe",11,"baseline_mean",4,"count",15,11.931884057971,11.931884057971
"mistletoe",11,"baseline_mean",4,"count",8,11.931884057971,11.931884057971
"mistletoe",11,"baseline_mean",4,"count",20,11.931884057971,11.931884057971
"mistletoe",11,"baseline_mean",4,"count",18,11.931884057971,11.931884057971
"mistletoe",11,"baseline_mean",4,"count",25,11.931884057971,11.931884057971
"mistletoe",11,"baseline_mean",4,"count",20,11.931884057971,11.931884057971
"mistletoe",11,"baseline_mean",4,"count",25,11.931884057971,11.931884057971
"mistletoe",11,"baseline_mean",4,"count",18,11.931884057971,11.931884057971
"mistletoe",11,"baseline_mean",4,"count",15,11.931884057971,11.931884057971
"mistletoe",11,"baseline_mean",4,"count",9,11.931884057971,11.931884057971
"mistletoe",11,"baseline_mean",4,"count",19,11.931884057971,11.931884057971
"mistletoe",11,"baseline_mean",4,"count",7,11.931884057971,11.931884057971
"mistletoe",11,"baseline_mean",4,"count",11,11.931884057971,11.931884057971
"mistletoe",11,"baseline_mean",4,"count",18,11.931884057971,11.931884057971
"mistletoe",11,"baseline_mean",4,"count",15,11.931884057971,11.931884057971
"mistletoe",11,"baseline_mean",4,"count",9,11.931884057971,11.931884057971
"mistletoe",11,"baseline_mean",4,"count",6,11.931884057971,11.931884057971
"mistletoe",11,"baseline_mean",4,"count",7,11.931884057971,11.931884057971
"mistletoe",11,"baseline_mean",4,"count",11,11.931884057971,11.931884057971
"mistletoe",11,"baseline_mean",4,"count",5,11.931884057971,11.931884057971
"mistletoe",11,"baseline_mean",4,"count",10,11.931884057971,11.931884057971
"mistletoe",11,"baseline_mean",4,"count",9,11.931884057971,11.931884057971
"mistletoe",11,"baseline_mean",4,"count",11,11.931884057971,11.931884057971
"mistletoe",11,"baseline_mean",4,"count",8,11.931884057971,11.931884057971
"mistletoe",11,"baseline_mean",4,"count",8,11.931884057971,11.931884057971
"mistletoe",11,"baseline_mean",4,"count",8,11.931884057971,11.931884057971
"mistletoe",11,"baseline_mean",4,"count",9,11.931884057971,11.931884057971
"mistletoe",11,"baseline_mean",4,"count",9,11.931884057971,11.931884057971
"mistletoe",11,"baseline_mean",4,"count",6,11.931884057971,11.931884057971
"mistletoe",11,"baseline_mean",4,"count",47,11.931884057971,11.931884057971
"mistletoe",11,"baseline_mean",4,"count",12,11.931884057971,11.931884057971
"mistletoe",11,"baseline_mean",4,"count",17,11.931884057971,11.931884057971
"mistletoe",11,"baseline_mean",4,"count",13,11.931884057971,11.931884057971
"mistletoe",11,"baseline_mean",4,"count",8,11.931884057971,11.931884057971
"mistletoe",11,"baseline_mean",4,"count",6,11.931884057971,11.931884057971
"mistletoe",11,"baseline_mean",4,"count",21,11.931884057971,11.931884057971
"mistletoe",11,"baseline_mean",4,"count",14,11.931884057971,11.931884057971
"mistletoe",11,"baseline_mean",4,"count",12,11.931884057971,11.931884057971
"mistletoe",11,"baseline_mean",4,"count",7,11.931884057971,11.931884057971
"mistletoe",11,"baseline_mean",4,"count",23,11.931884057971,11.931884057971
"mistletoe",11,"baseline_mean",5,"count",11,12.1486643437863,12.1486643437863
"mistletoe",11,"baseline_mean",5,"count",21,12.1486643437863,12.1486643437863
"mistletoe",11,"baseline_mean",5,"count",12,12.1486643437863,12.1486643437863
"mistletoe",11,"baseline_mean",5,"count",10,12.1486643437863,12.1486643437863
"mistletoe",11,"baseline_mean",5,"count",37,12.1486643437863,12.1486643437863
"mistletoe",11,"baseline_mean",5,"count",10,12.1486643437863,12.1486643437863
"mistletoe",11,"baseline_mean",5,"count",56,12.1486643437863,12.1486643437863
"mistletoe",11,"baseline_mean",5,"count",11,12.1486643437863,12.1486643437863
"mistletoe",11,"baseline_mean",5,"count",20,12.1486643437863,12.1486643437863
"mistletoe",11,"baseline_mean",5,"count",15,12.1486643437863,12.1486643437863
"mistletoe",11,"baseline_mean",5,"count",19,12.1486643437863,12.1486643437863
"mistletoe",11,"baseline_mean",5,"count",18,12.1486643437863,12.1486643437863
"mistletoe",11,"baseline_mean",5,"count",7,12.1486643437863,12.1486643437863
"mistletoe",11,"baseline_mean",5,"count",8,12.1486643437863,12.1486643437863
"mistletoe",11,"baseline_mean",5,"count",20,12.1486643437863,12.1486643437863
"mistletoe",11,"baseline_mean",5,"count",8,12.1486643437863,12.1486643437863
"mistletoe",11,"baseline_mean",5,"count",2,12.1486643437863,12.1486643437863
"mistletoe",11,"baseline_mean",5,"count",23,12.1486643437863,12.1486643437863
"mistletoe",11,"baseline_mean",5,"count",11,12.1486643437863,12.1486643437863
"mistletoe",11,"baseline_mean",5,"count",2,12.1486643437863,12.1486643437863
"mistletoe",11,"baseline_mean",5,"count",15,12.1486643437863,12.1486643437863
"mistletoe",11,"baseline_mean",5,"count",13,12.1486643437863,12.1486643437863
"mistletoe",11,"baseline_mean",5,"count",14,12.1486643437863,12.1486643437863
"mistletoe",11,"baseline_mean",5,"count",9,12.1486643437863,12.1486643437863
"mistletoe",11,"baseline_mean",5,"count",7,12.1486643437863,12.1486643437863
"mistletoe",11,"baseline_mean",5,"count",21,12.1486643437863,12.1486643437863
"mistletoe",11,"baseline_mean",5,"count",7,12.1486643437863,12.1486643437863
"mistletoe",11,"baseline_mean",5,"count",9,12.1486643437863,12.1486643437863
"mistletoe",11,"baseline_mean",5,"count",23,12.1486643437863,12.1486643437863
"mistletoe",11,"baseline_mean",5,"count",11,12.1486643437863,12.1486643437863
"mistletoe",11,"baseline_mean",5,"count",3,12.1486643437863,12.1486643437863
"mistletoe",11,"baseline_mean",5,"count",19,12.1486643437863,12.1486643437863
"mistletoe",11,"baseline_mean",5,"count",9,12.1486643437863,12.1486643437863
"mistletoe",11,"baseline_mean",5,"count",11,12.1486643437863,12.1486643437863
"mistletoe",11,"baseline_mean",5,"count",7,12.1486643437863,12.1486643437863
"mistletoe",11,"baseline_mean",5,"count",10,12.1486643437863,12.1486643437863
"mistletoe",11,"baseline_mean",5,"count",9,12.1486643437863,12.1486643437863
"mistletoe",11,"baseline_mean",5,"count",14,12.1486643437863,12.1486643437863
"mistletoe",11,"baseline_mean",5,"count",10,12.1486643437863,12.1486643437863
"mistletoe",11,"baseline_mean",5,"count",14,12.1486643437863,12.1486643437863
"mistletoe",11,"baseline_mean",5,"count",10,12.1486643437863,12.1486643437863
"mistletoe",11,"baseline_mean",5,"count",9,12.1486643437863,12.1486643437863
"mistletoe",11,"baseline_mean",5,"count",12,12.1486643437863,12.1486643437863
"mistletoe",11,"baseline_mean",5,"count",8,12.1486643437863,12.1486643437863
"mistletoe",11,"baseline_mean",5,"count",8,12.1486643437863,12.1486643437863
"mistletoe",11,"baseline_mean",5,"count",0,12.1486643437863,12.1486643437863
"mistletoe",11,"baseline_mean",5,"count",9,12.1486643437863,12.1486643437863
"mistletoe",11,"baseline_mean",5,"count",11,12.1486643437863,12.1486643437863
"mistletoe",11,"baseline_mean",5,"count",11,12.1486643437863,12.1486643437863
"mistletoe",11,"baseline_mean",5,"count",23,12.1486643437863,12.1486643437863
"mistletoe",11,"baseline_mean",5,"count",4,12.1486643437863,12.1486643437863
"mistletoe",11,"baseline_mean",5,"count",12,12.1486643437863,12.1486643437863
"mistletoe",11,"baseline_mean",5,"count",10,12.1486643437863,12.1486643437863
"mistletoe",11,"baseline_mean",5,"count",13,12.1486643437863,12.1486643437863
"mistletoe",11,"baseline_mean",5,"count",13,12.1486643437863,12.1486643437863
"mistletoe",11,"baseline_mean",5,"count",10,12.1486643437863,12.1486643437863
"mistletoe",11,"baseline_mean",5,"count",10,12.1486643437863,12.1486643437863
"mistletoe",11,"baseline_mean",5,"count",12,12.1486643437863,12.1486643437863
"mistletoe",11,"baseline_mean",5,"count",13,12.1486643437863,12.1486643437863
"mistletoe",11,"baseline_mean",5,"count",15,12.1486643437863,12.1486643437863
"mistletoe",11,"baseline_mean",5,"count",17,12.1486643437863,12.1486643437863
"mistletoe",11,"baseline_mean",5,"count",0,12.1486643437863,12.1486643437863
"mistletoe",11,"baseline_mean",5,"count",8,12.1486643437863,12.1486643437863
"mistletoe",11,"baseline_mean",5,"count",10,12.1486643437863,12.1486643437863
"mistletoe",11,"baseline_mean",5,"count",10,12.1486643437863,12.1486643437863
"mistletoe",11,"baseline_mean",5,"count",16,12.1486643437863,12.1486643437863
"mistletoe",11,"baseline_mean",5,"count",8,12.1486643437863,12.1486643437863
"mistletoe",11,"baseline_mean",5,"count",23,12.1486643437863,12.1486643437863
"mistletoe",11,"baseline_mean",5,"count",23,12.1486643437863,12.1486643437863
"mistletoe",11,"baseline_mean",5,"count",8,12.1486643437863,12.1486643437863
"mistletoe",11,"baseline_mean",5,"count",5,12.1486643437863,12.1486643437863
"mistletoe",11,"baseline_mean",5,"count",19,12.1486643437863,12.1486643437863
"mistletoe",11,"baseline_mean",5,"count",12,12.1486643437863,12.1486643437863
"mistletoe",11,"baseline_mean",5,"count",10,12.1486643437863,12.1486643437863
"mistletoe",11,"baseline_mean",5,"count",9,12.1486643437863,12.1486643437863
"mistletoe",11,"baseline_mean",5,"count",17,12.1486643437863,12.1486643437863
"mistletoe",11,"baseline_mean",5,"count",10,12.1486643437863,12.1486643437863
"mistletoe",11,"baseline_mean",5,"count",7,12.1486643437863,12.1486643437863
"mistletoe",11,"baseline_mean",5,"count",8,12.1486643437863,12.1486643437863
"mistletoe",11,"baseline_mean",5,"count",12,12.1486643437863,12.1486643437863
"mistletoe",11,"baseline_mean",5,"count",5,12.1486643437863,12.1486643437863
"mistletoe",11,"baseline_mean",5,"count",11,12.1486643437863,12.1486643437863
"mistletoe",11,"baseline_mean",5,"count",17,12.1486643437863,12.1486643437863
"mistletoe",11,"baseline_mean",5,"count",15,12.1486643437863,12.1486643437863
"mistletoe",11,"baseline_mean",5,"count",2,12.1486643437863,12.1486643437863
"mistletoe",11,"baseline_mean",5,"count",5,12.1486643437863,12.1486643437863
"mistletoe",11,"baseline_mean",5,"count",7,12.1486643437863,12.1486643437863
"mistletoe",11,"baseline_mean",5,"count",16,12.1486643437863,12.1486643437863
"mistletoe",11,"baseline_mean",5,"count",8,12.1486643437863,12.1486643437863
"mistletoe",11,"baseline_mean",5,"count",4,12.1486643437863,12.1486643437863
"mistletoe",11,"baseline_mean",5,"count",11,12.1486643437863,12.1486643437863
"mistletoe",11,"baseline_mean",5,"count",15,12.1486643437863,12.1486643437863
"mistletoe",11,"baseline_mean",5,"count",6,12.1486643437863,12.1486643437863
"mistletoe",11,"baseline_mean",5,"count",10,12.1486643437863,12.1486643437863
"mistletoe",11,"baseline_mean",5,"count",6,12.1486643437863,12.1486643437863
"mistletoe",11,"baseline_mean",5,"count",5,12.1486643437863,12.1486643437863
"mistletoe",11,"baseline_mean",5,"count",11,12.1486643437863,12.1486643437863
"mistletoe",11,"baseline_mean",5,"count",13,12.1486643437863,12.1486643437863
"mistletoe",11,"baseline_mean",5,"count",7,12.1486643437863,12.1486643437863
"mistletoe",11,"baseline_mean",5,"count",17,12.1486643437863,12.1486643437863
"mistletoe",11,"baseline_mean",5,"count",3,12.1486643437863,12.1486643437863
"mistletoe",11,"baseline_mean",5,"count",9,12.1486643437863,12.1486643437863
"mistletoe",11,"baseline_mean",5,"count",6,12.1486643437863,12.1486643437863
"mistletoe",11,"baseline_mean",5,"count",27,12.1486643437863,12.1486643437863
"mistletoe",11,"baseline_mean",5,"count",19,12.1486643437863,12.1486643437863
"mistletoe",11,"baseline_mean",5,"count",10,12.1486643437863,12.1486643437863
"mistletoe",11,"baseline_mean",5,"count",20,12.1486643437863,12.1486643437863
"mistletoe",11,"baseline_mean",5,"count",6,12.1486643437863,12.1486643437863
"mistletoe",11,"baseline_mean",5,"count",15,12.1486643437863,12.1486643437863
"mistletoe",11,"baseline_mean",5,"count",18,12.1486643437863,12.1486643437863
"mistletoe",11,"baseline_mean",5,"count",18,12.1486643437863,12.1486643437863
"mistletoe",11,"baseline_mean",5,"count",8,12.1486643437863,12.1486643437863
"mistletoe",11,"baseline_mean",5,"count",11,12.1486643437863,12.1486643437863
"mistletoe",11,"baseline_mean",5,"count",18,12.1486643437863,12.1486643437863
"mistletoe",11,"baseline_mean",5,"count",10,12.1486643437863,12.1486643437863
"mistletoe",11,"baseline_mean",5,"count",19,12.1486643437863,12.1486643437863
"mistletoe",11,"baseline_mean",5,"count",11,12.1486643437863,12.1486643437863
"mistletoe",11,"ols",1,"count",21,12.1763442714996,12.471218206158
"mistletoe",11,"ols",1,"count",24,11.6281112865403,12.471218206158
"mistletoe",11,"ols",1,"count",31,11.8973605247531,12.471218206158
"mistletoe",11,"ols",1,"count",8,18.5656126932298,12.471218206158
"mistletoe",11,"ols",1,"count",16,13.7207964446215,12.471218206158
"mistletoe",11,"ols",1,"count",0,13.9894235510465,12.471218206158
"mistletoe",11,"ols",1,"count",21,10.9969122569668,12.471218206158
"mistletoe",11,"ols",1,"count",3,10.9969122569668,12.471218206158
"mistletoe",11,"ols",1,"count",40,12.1160037405992,12.471218206158
"mistletoe",11,"ols",1,"count",18,12.2081787208054,12.471218206158
"mistletoe",11,"ols",1,"count",11,13.5831995601984,12.471218206158
"mistletoe",11,"ols",1,"count",16,13.5756021695876,12.471218206158
"mistletoe",11,"ols",1,"count",19,12.0531420074846,12.471218206158
"mistletoe",11,"ols",1,"count",28,12.130288222847,12.471218206158
"mistletoe",11,"ols",1,"count",12,11.9902207364785,12.471218206158
"mistletoe",11,"ols",1,"count",15,11.582454468513,12.471218206158
"mistletoe",11,"ols",1,"count",27,13.5884234594233,12.471218206158
"mistletoe",11,"ols",1,"count",14,11.4048264687854,12.471218206158
"mistletoe",11,"ols",1,"count",13,10.6094319093921,12.471218206158
"mistletoe",11,"ols",1,"count",4,12.1485405207874,12.471218206158
"mistletoe",11,"ols",1,"count",9,12.3271059139365,12.471218206158
"mistletoe",11,"ols",1,"count",17,10.8374854765815,12.471218206158
"mistletoe",11,"ols",1,"count",18,10.8374854765815,12.471218206158
"mistletoe",11,"ols",1,"count",7,12.0903988916512,12.471218206158
"mistletoe",11,"ols",1,"count",15,13.5884234594233,12.471218206158
"mistletoe",11,"ols",1,"count",46,12.6212934288272,12.471218206158
"mistletoe",11,"ols",1,"count",14,12.7442450201745,12.471218206158
"mistletoe",11,"ols",1,"count",5,10.7857478220335,12.471218206158
"mistletoe",11,"ols",1,"count",11,11.8833503353752,12.471218206158
"mistletoe",11,"ols",1,"count",18,11.9991131803253,12.471218206158
"mistletoe",11,"ols",1,"count",9,11.0953101104738,12.471218206158
"mistletoe",11,"ols",1,"count",9,11.2947970742503,12.471218206158
"mistletoe",11,"ols",1,"count",7,11.6281112865403,12.471218206158
"mistletoe",11,"ols",1,"count",12,11.7825793504243,12.471218206158
"mistletoe",11,"ols",1,"count",8,12.5551727446696,12.471218206158
"mistletoe",11,"ols",1,"count",4,11.9152623392041,12.471218206158
"mistletoe",11,"ols",1,"count",10,11.9902207364785,12.471218206158
"mistletoe",11,"ols",1,"count",33,18.5656126932298,12.471218206158
"mistletoe",11,"ols",1,"count",23,18.3864987777836,12.471218206158
"mistletoe",11,"ols",1,"count",18,18.7464714647846,12.471218206158
"mistletoe",11,"ols",1,"count",15,11.4707113871177,12.471218206158
"mistletoe",11,"ols",1,"count",6,11.4707113871177,12.471218206158
"mistletoe",11,"ols",1,"count",8,11.582454468513,12.471218206158
"mistletoe",11,"ols",1,"count",9,11.6952861063037,12.471218206158
"mistletoe",11,"ols",1,"count",12,11.6952861063037,12.471218206158
"mistletoe",11,"ols",1,"count",8,12.0588715689109,12.471218206158
"mistletoe",11,"ols",1,"count",10,12.0588715689109,12.471218206158
"mistletoe",11,"ols",1,"count",4,12.1763442714996,12.471218206158
"mistletoe",11,"ols",1,"count",6,12.2949613461613,12.471218206158
"mistletoe",11,"ols",1,"count",3,12.2949613461613,12.471218206158
"mistletoe",11,"ols",1,"count",6,10.3053176510588,12.471218206158
"mistletoe",11,"ols",1,"count",2,10.3053176510588,12.471218206158
"mistletoe",11,"ols",1,"count",2,10.3053176510588,12.471218206158
"mistletoe",11,"ols",1,"count",2,10.4057079329013,12.471218206158
"mistletoe",11,"ols",1,"count",13,10.5070761767077,12.471218206158
"mistletoe",11,"ols",1,"count",13,10.6094319093921,12.471218206158
"mistletoe",11,"ols",1,"count",9,10.7127847506763,12.471218206158
"mistletoe",11,"ols",1,"count",5,10.7127847506763,12.471218206158
"mistletoe",11,"ols",1,"count",6,10.7127847506763,12.471218206158
"mistletoe",11,"ols",1,"count",6,10.9882668111324,12.471218206158
"mistletoe",11,"ols",1,"count",4,10.9882668111324,12.471218206158
"mistletoe",11,"ols",1,"count",11,10.9882668111324,12.471218206158
"mistletoe",11,"ols",1,"count",2,11.2033961828139,12.471218206158
"mistletoe",11,"ols",1,"count",6,11.4227373785579,12.471218206158
"mistletoe",11,"ols",1,"count",7,11.2947970742503,12.471218206158
"mistletoe",11,"ols",1,"count",5,11.2947970742503,12.471218206158
"mistletoe",11,"ols",1,"count",14,11.515927725664,12.471218206158
"mistletoe",11,"ols",1,"count",14,11.515927725664,12.471218206158
"mistletoe",11,"ols",1,"count",9,11.7413876947869,12.471218206158
"mistletoe",11,"ols",1,"count",8,11.7825793504243,12.471218206158
"mistletoe",11,"ols",1,"count",17,11.7825793504243,12.471218206158
"mistletoe",11,"ols",1,"count",14,12.0132598513633,12.471218206158
"mistletoe",11,"ols",1,"count",8,12.130288222847,12.471218206158
"mistletoe",11,"ols",1,"count",10,12.2484566379077,12.471218206158
"mistletoe",11,"ols",1,"count",9,12.2484566379077,12.471218206158
"mistletoe",11,"ols",1,"count",16,11.8745436824184,12.471218206158
"mistletoe",11,"ols",1,"count",4,12.107024670122,12.471218206158
"mistletoe",11,"ols",1,"count",4,12.107024670122,12.471218206158
"mistletoe",11,"ols",1,"count",4,8.2069622420812,12.471218206158
"mistletoe",11,"ols",1,"count",7,8.2069622420812,12.471218206158
"mistletoe",11,"ols",1,"count",2,8.36763895851875,12.471218206158
"mistletoe",11,"ols",1,"count",17,8.36763895851875,12.471218206158
"mistletoe",11,"ols",1,"count",10,8.44915314972038,12.471218206158
"mistletoe",11,"ols",1,"count",10,8.5314614195624,12.471218206158
"mistletoe",11,"ols",1,"count",3,11.7687043259836,12.471218206158
"mistletoe",11,"ols",1,"count",8,11.7687043259836,12.471218206158
"mistletoe",11,"ols",1,"count",5,11.9991131803253,12.471218206158
"mistletoe",11,"ols",1,"count",3,11.9991131803253,12.471218206158
"mistletoe",11,"ols",1,"count",8,12.1160037405992,12.471218206158
"mistletoe",11,"ols",1,"count",6,12.2340330019485,12.471218206158
"mistletoe",11,"ols",1,"count",8,12.2340330019485,12.471218206158
"mistletoe",11,"ols",1,"count",15,12.195284761967,12.471218206158
"mistletoe",11,"ols",1,"count",5,12.195284761967,12.471218206158
"mistletoe",11,"ols",1,"count",13,12.195284761967,12.471218206158
"mistletoe",11,"ols",1,"count",12,12.3140863473095,12.471218206158
"mistletoe",11,"ols",1,"count",12,12.3140863473095,12.471218206158
"mistletoe",11,"ols",1,"count",4,12.3140863473095,12.471218206158
"mistletoe",11,"ols",1,"count",4,12.4340452501689,12.471218206158
"mistletoe",11,"ols",1,"count",21,12.4340452501689,12.471218206158
"mistletoe",11,"ols",1,"count",17,12.5551727446696,12.471218206158
"mistletoe",11,"ols",1,"count",8,12.6774802147639,12.471218206158
"mistletoe",11,"ols",1,"count",8,12.6774802147639,12.471218206158
"mistletoe",11,"ols",1,"count",1,11.8003084550308,12.471218206158
"mistletoe",11,"ols",1,"count",6,11.8003084550308,12.471218206158
"mistletoe",11,"ols",1,"count",1,11.8003084550308,12.471218206158
"mistletoe",11,"ols",1,"count",29,11.9152623392041,12.471218206158
"mistletoe",11,"ols",1,"count",29,11.9152623392041,12.471218206158
"mistletoe",11,"ols",1,"count",19,12.0313360581289,12.471218206158
"mistletoe",11,"ols",1,"count",16,12.0313360581289,12.471218206158
"mistletoe",11,"ols",1,"count",24,12.1485405207874,12.471218206158
"mistletoe",11,"ols",1,"count",3,12.2668867424327,12.471218206158
"mistletoe",11,"ols",1,"count",4,12.2668867424327,12.471218206158
"mistletoe",11,"ols",1,"count",12,9.31663435010218,12.471218206158
"mistletoe",11,"ols",1,"count",9,9.31663435010218,12.471218206158
"mistletoe",11,"ols",1,"count",7,9.40739327475639,12.471218206158
"mistletoe",11,"ols",1,"count",7,9.40739327475639,12.471218206158
"mistletoe",11,"ols",1,"count",15,9.49903633654584,12.471218206158
"mistletoe",11,"ols",1,"count",18,11.8992404064379,12.471218206158
"mistletoe",11,"ols",1,"count",17,11.8992404064379,12.471218206158
"mistletoe",11,"ols",1,"count",6,11.8992404064379,12.471218206158
"mistletoe",11,"ols",1,"count",8,12.0151580461034,12.471218206158
"mistletoe",11,"ols",1,"count",18,12.0151580461034,12.471218206158
"mistletoe",11,"ols",1,"count",11,12.1322049090408,12.471218206158
"mistletoe",11,"ols",1,"count",13,12.1322049090408,12.471218206158
"mistletoe",11,"ols",1,"count",15,12.2503919956916,12.471218206158
"mistletoe",11,"ols",1,"count",13,12.2503919956916,12.471218206158
"mistletoe",11,"ols",1,"count",12,12.369730413659,12.471218206158
"mistletoe",11,"ols",1,"count",13,12.369730413659,12.471218206158
"mistletoe",11,"ols",1,"count",14,10.8374854765815,12.471218206158
"mistletoe",11,"ols",1,"count",8,11.0496628364198,12.471218206158
"mistletoe",11,"ols",1,"count",12,11.0496628364198,12.471218206158
"mistletoe",11,"ols",1,"count",6,11.1573042312776,12.471218206158
"mistletoe",11,"ols",1,"count",12,11.1573042312776,12.471218206158
"mistletoe",11,"ols",1,"count",4,11.2659942255414,12.471218206158
"mistletoe",11,"ols",1,"count",9,11.2659942255414,12.471218206158
"mistletoe",11,"ols",1,"count",13,12.0903988916512,12.471218206158
"mistletoe",11,"ols",1,"count",15,12.0903988916512,12.471218206158
"mistletoe",11,"ols",1,"count",7,12.2081787208054,12.471218206158
"mistletoe",11,"ols",1,"count",5,12.3271059139365,12.471218206158
"mistletoe",11,"ols",1,"count",10,12.4471916482055,12.471218206158
"mistletoe",11,"ols",1,"count",8,12.4471916482055,12.471218206158
"mistletoe",11,"ols",1,"count",20,12.5684472096566,12.471218206158
"mistletoe",11,"ols",1,"count",5,12.5684472096566,12.471218206158
"mistletoe",11,"ols",1,"count",4,13.5884234594233,12.471218206158
"mistletoe",11,"ols",1,"count",10,13.7207964446215,12.471218206158
"mistletoe",11,"ols",1,"count",3,13.8544589544848,12.471218206158
"mistletoe",11,"ols",1,"count",6,13.8544589544848,12.471218206158
"mistletoe",11,"ols",1,"count",12,13.9894235510465,12.471218206158
"mistletoe",11,"ols",1,"count",2,14.1257029187145,12.471218206158
"mistletoe",11,"ols",1,"count",9,14.1257029187145,12.471218206158
"mistletoe",11,"ols",1,"count",13,14.1571991861177,12.471218206158
"mistletoe",11,"ols",1,"count",5,14.1571991861177,12.471218206158
"mistletoe",11,"ols",1,"count",14,14.2951129569027,12.471218206158
"mistletoe",11,"ols",1,"count",2,14.2951129569027,12.471218206158
"mistletoe",11,"ols",1,"count",5,14.4343702284694,12.471218206158
"mistletoe",11,"ols",1,"count",6,14.4343702284694,12.471218206158
"mistletoe",11,"ols",1,"count",8,13.1938436837177,12.471218206158
"mistletoe",11,"ols",1,"count",4,13.1938436837177,12.471218206158
"mistletoe",11,"ols",1,"count",9,13.1938436837177,12.471218206158
"mistletoe",11,"ols",1,"count",10,13.452154057003,12.471218206158
"mistletoe",11,"ols",1,"count",18,13.452154057003,12.471218206158
"mistletoe",11,"ols",1,"count",8,13.5831995601984,12.471218206158
"mistletoe",11,"ols",1,"count",28,13.7155216562603,12.471218206158
"mistletoe",11,"ols",1,"count",14,13.7155216562603,12.471218206158
"mistletoe",11,"ols",1,"count",9,13.3149213262714,12.471218206158
"mistletoe",11,"ols",1,"count",13,13.4446299631049,12.471218206158
"mistletoe",11,"ols",1,"count",3,13.4446299631049,12.471218206158
"mistletoe",11,"ols",1,"count",28,13.5756021695876,12.471218206158
"mistletoe",11,"ols",1,"count",19,12.3789373717134,12.471218206158
"mistletoe",11,"ols",1,"count",16,12.4995280273084,12.471218206158
"mistletoe",11,"ols",1,"count",13,12.4995280273084,12.471218206158
"mistletoe",11,"ols",1,"count",16,12.6212934288272,12.471218206158
"mistletoe",11,"ols",1,"count",10,12.7442450201745,12.471218206158
"mistletoe",11,"ols",1,"count",10,11.9959730198764,12.471218206158
"mistletoe",11,"ols",1,"count",9,10.6816910610021,12.471218206158
"mistletoe",11,"ols",1,"count",8,10.8908182624022,12.471218206158
"mistletoe",11,"ols",1,"count",4,10.8908182624022,12.471218206158
"mistletoe",11,"ols",1,"count",1,11.1040397767828,12.471218206158
"mistletoe",11,"ols",1,"count",1,11.1040397767828,12.471218206158
"mistletoe",11,"ols",1,"count",5,12.391942777273,12.471218206158
"mistletoe",11,"ols",1,"count",6,12.8819139895202,12.471218206158
"mistletoe",11,"ols",1,"count",7,11.9368579131182,12.471218206158
"mistletoe",11,"ols",1,"count",11,11.9368579131182,12.471218206158
"mistletoe",11,"ols",1,"count",15,12.0531420074846,12.471218206158
"mistletoe",11,"ols",1,"count",6,12.1705588949781,12.471218206158
"mistletoe",11,"ols",1,"count",5,12.1705588949781,12.471218206158
"mistletoe",11,"ols",1,"count",18,18.3864987777836,12.471218206158
"mistletoe",11,"ols",1,"count",15,18.7464714647846,12.471218206158
"mistletoe",11,"ols",1,"count",17,12.5176189421379,12.471218206158
"mistletoe",11,"ols",1,"count",12,12.5176189421379,12.471218206158
"mistletoe",11,"ols",1,"count",6,12.5176189421379,12.471218206158
"mistletoe",11,"ols",1,"count",3,12.6395605781115,12.471218206158
"mistletoe",11,"ols",1,"count",45,12.7626901207192,12.471218206158
"mistletoe",11,"ols",1,"count",7,12.8870191420722,12.471218206158
"mistletoe",11,"ols",1,"count",7,12.8870191420722,12.471218206158
"mistletoe",11,"ols",1,"count",5,13.0125593270125,12.471218206158
"mistletoe",11,"ols",1,"count",6,13.0125593270125,12.471218206158
"mistletoe",11,"ols",1,"count",21,12.7576342207223,12.471218206158
"mistletoe",11,"ols",1,"count",21,14.1203552691088,12.471218206158
"mistletoe",11,"ols",1,"count",30,14.257910121194,12.471218206158
"mistletoe",11,"ols",1,"count",18,14.257910121194,12.471218206158
"mistletoe",11,"ols",1,"count",19,14.3968049776184,12.471218206158
"mistletoe",11,"ols",1,"count",19,14.3968049776184,12.471218206158
"mistletoe",11,"ols",1,"count",4,8.5314614195624,12.471218206158
"mistletoe",11,"ols",1,"count",6,9.68500940707509,12.471218206158
"mistletoe",11,"ols",1,"count",20,9.68500940707509,12.471218206158
"mistletoe",11,"ols",1,"count",10,11.8802404699907,12.471218206158
"mistletoe",11,"ols",1,"count",8,12.6345534555,12.471218206158
"mistletoe",11,"ols",1,"count",18,14.1203552691088,12.471218206158
"mistletoe",11,"ols",1,"count",8,10.5070761767077,12.471218206158
"mistletoe",11,"ols",1,"count",17,11.2033961828139,12.471218206158
"mistletoe",11,"ols",1,"count",5,11.3125351864302,12.471218206158
"mistletoe",11,"ols",1,"count",17,11.4227373785579,12.471218206158
"mistletoe",11,"ols",1,"count",3,11.4227373785579,12.471218206158
"mistletoe",11,"ols",1,"count",12,11.7413876947869,12.471218206158
"mistletoe",11,"ols",1,"count",11,12.0132598513633,12.471218206158
"mistletoe",11,"ols",1,"count",5,8.2069622420812,12.471218206158
"mistletoe",11,"ols",1,"count",6,8.44915314972038,12.471218206158
"mistletoe",11,"ols",1,"count",10,9.49903633654584,12.471218206158
"mistletoe",11,"ols",1,"count",12,9.5915721483808,12.471218206158
"mistletoe",11,"ols",1,"count",30,9.5915721483808,12.471218206158
"mistletoe",11,"ols",1,"count",3,11.7656244633884,12.471218206158
"mistletoe",11,"ols",1,"count",10,11.7656244633884,12.471218206158
"mistletoe",11,"ols",1,"count",0,11.8802404699907,12.471218206158
"mistletoe",11,"ols",1,"count",6,11.9959730198764,12.471218206158
"mistletoe",11,"ols",1,"count",7,12.6345534555,12.471218206158
"mistletoe",11,"ols",1,"count",5,12.7576342207223,12.471218206158
"mistletoe",11,"ols",1,"count",6,12.8819139895202,12.471218206158
"mistletoe",11,"ols",1,"count",9,12.6395605781115,12.471218206158
"mistletoe",11,"ols",1,"count",13,12.7626901207192,12.471218206158
"mistletoe",11,"ols",1,"count",4,11.3125351864302,12.471218206158
"mistletoe",11,"ols",2,"count",23,11.7127012888958,12.4169696969697
"mistletoe",11,"ols",2,"count",8,11.1011431586126,12.4169696969697
"mistletoe",11,"ols",2,"count",5,11.209588934439,12.4169696969697
"mistletoe",11,"ols",2,"count",8,10.7450293657496,12.4169696969697
"mistletoe",11,"ols",2,"count",16,13.7224533216607,12.4169696969697
"mistletoe",11,"ols",2,"count",8,12.1581980999838,12.4169696969697
"mistletoe",11,"ols",2,"count",5,10.9850066393812,12.4169696969697
"mistletoe",11,"ols",2,"count",13,12.9270985980381,12.4169696969697
"mistletoe",11,"ols",2,"count",41,10.8164253495787,12.4169696969697
"mistletoe",11,"ols",2,"count",3,12.815115357725,12.4169696969697
"mistletoe",11,"ols",2,"count",29,14.2100167956169,12.4169696969697
"mistletoe",11,"ols",2,"count",10,14.9928416974,12.4169696969697
"mistletoe",11,"ols",2,"count",12,14.8718778100874,12.4169696969697
"mistletoe",11,"ols",2,"count",14,17.1468651297901,12.4169696969697
"mistletoe",11,"ols",2,"count",7,10.6309891777267,12.4169696969697
"mistletoe",11,"ols",2,"count",5,12.2010925087015,12.4169696969697
"mistletoe",11,"ols",2,"count",12,15.3543127707978,12.4169696969697
"mistletoe",11,"ols",2,"count",24,11.8365335430919,12.4169696969697
"mistletoe",11,"ols",2,"count",9,11.9615190218558,12.4169696969697
"mistletoe",11,"ols",2,"count",14,12.4760710051686,12.4169696969697
"mistletoe",11,"ols",2,"count",13,13.5210956226002,12.4169696969697
"mistletoe",11,"ols",2,"count",17,13.8340680967719,12.4169696969697
"mistletoe",11,"ols",2,"count",17,15.4002807304232,12.4169696969697
"mistletoe",11,"ols",2,"count",13,11.8365335430919,12.4169696969697
"mistletoe",11,"ols",2,"count",5,12.3756352223263,12.4169696969697
"mistletoe",11,"ols",2,"count",12,13.3833970451207,12.4169696969697
"mistletoe",11,"ols",2,"count",16,10.9850066393812,12.4169696969697
"mistletoe",11,"ols",2,"count",9,11.209588934439,12.4169696969697
"mistletoe",11,"ols",2,"count",10,10.5388891381504,12.4169696969697
"mistletoe",11,"ols",2,"count",4,11.8365335430919,12.4169696969697
"mistletoe",11,"ols",2,"count",8,12.488604074858,12.4169696969697
"mistletoe",11,"ols",2,"count",21,12.488604074858,12.4169696969697
"mistletoe",11,"ols",2,"count",7,12.8279890207388,12.4169696969697
"mistletoe",11,"ols",2,"count",4,12.8279890207388,12.4169696969697
"mistletoe",11,"ols",2,"count",5,13.1765969462896,12.4169696969697
"mistletoe",11,"ols",2,"count",5,13.1765969462896,12.4169696969697
"mistletoe",11,"ols",2,"count",15,10.8164253495787,12.4169696969697
"mistletoe",11,"ols",2,"count",18,10.8164253495787,12.4169696969697
"mistletoe",11,"ols",2,"count",13,10.8164253495787,12.4169696969697
"mistletoe",11,"ols",2,"count",9,11.1103678838992,12.4169696969697
"mistletoe",11,"ols",2,"count",5,11.1103678838992,12.4169696969697
"mistletoe",11,"ols",2,"count",9,11.4122984744113,12.4169696969697
"mistletoe",11,"ols",2,"count",10,11.4122984744113,12.4169696969697
"mistletoe",11,"ols",2,"count",3,11.7224342011024,12.4169696969697
"mistletoe",11,"ols",2,"count",5,11.7224342011024,12.4169696969697
"mistletoe",11,"ols",2,"count",10,12.0409980432327,12.4169696969697
"mistletoe",11,"ols",2,"count",8,12.0409980432327,12.4169696969697
"mistletoe",11,"ols",2,"count",12,12.0482180189456,12.4169696969697
"mistletoe",11,"ols",2,"count",19,12.0482180189456,12.4169696969697
"mistletoe",11,"ols",2,"count",26,12.3756352223263,12.4169696969697
"mistletoe",11,"ols",2,"count",13,12.3756352223263,12.4169696969697
"mistletoe",11,"ols",2,"count",13,12.711950175142,12.4169696969697
"mistletoe",11,"ols",2,"count",24,12.711950175142,12.4169696969697
"mistletoe",11,"ols",2,"count",18,13.0574046788135,12.4169696969697
"mistletoe",11,"ols",2,"count",11,13.0574046788135,12.4169696969697
"mistletoe",11,"ols",2,"count",16,13.4122471058533,12.4169696969697
"mistletoe",11,"ols",2,"count",15,13.4122471058533,12.4169696969697
"mistletoe",11,"ols",2,"count",13,11.0370316734473,12.4169696969697
"mistletoe",11,"ols",2,"count",7,11.3369693105703,12.4169696969697
"mistletoe",11,"ols",2,"count",13,11.3369693105703,12.4169696969697
"mistletoe",11,"ols",2,"count",8,11.6450579242262,12.4169696969697
"mistletoe",11,"ols",2,"count",12,11.6450579242262,12.4169696969697
"mistletoe",11,"ols",2,"count",3,11.9615190218558,12.4169696969697
"mistletoe",11,"ols",2,"count",23,13.1633734341335,12.4169696969697
"mistletoe",11,"ols",2,"count",8,13.1633734341335,12.4169696969697
"mistletoe",11,"ols",2,"count",11,13.5210956226002,12.4169696969697
"mistletoe",11,"ols",2,"count",7,13.8885391157735,12.4169696969697
"mistletoe",11,"ols",2,"count",8,13.8885391157735,12.4169696969697
"mistletoe",11,"ols",2,"count",10,14.2100167956169,12.4169696969697
"mistletoe",11,"ols",2,"count",18,14.5961821149943,12.4169696969697
"mistletoe",11,"ols",2,"count",10,14.5961821149943,12.4169696969697
"mistletoe",11,"ols",2,"count",18,14.9928416974,12.4169696969697
"mistletoe",11,"ols",2,"count",13,15.4002807304232,12.4169696969697
"mistletoe",11,"ols",2,"count",16,13.7224533216607,12.4169696969697
"mistletoe",11,"ols",2,"count",10,14.0953688252676,12.4169696969697
"mistletoe",11,"ols",2,"count",10,14.4784185205945,12.4169696969697
"mistletoe",11,"ols",2,"count",13,14.4784185205945,12.4169696969697
"mistletoe",11,"ols",2,"count",7,14.8718778100874,12.4169696969697
"mistletoe",11,"ols",2,"count",4,15.2760295804107,12.4169696969697
"mistletoe",11,"ols",2,"count",5,15.2760295804107,12.4169696969697
"mistletoe",11,"ols",2,"count",34,16.2515716769523,12.4169696969697
"mistletoe",11,"ols",2,"count",22,16.6932174158194,12.4169696969697
"mistletoe",11,"ols",2,"count",34,16.6932174158194,12.4169696969697
"mistletoe",11,"ols",2,"count",18,17.1468651297901,12.4169696969697
"mistletoe",11,"ols",2,"count",8,17.6128409793899,12.4169696969697
"mistletoe",11,"ols",2,"count",7,17.6128409793899,12.4169696969697
"mistletoe",11,"ols",2,"count",10,10.6309891777267,12.4169696969697
"mistletoe",11,"ols",2,"count",7,10.9198923782056,12.4169696969697
"mistletoe",11,"ols",2,"count",3,10.9198923782056,12.4169696969697
"mistletoe",11,"ols",2,"count",7,11.8165479377979,12.4169696969697
"mistletoe",11,"ols",2,"count",6,11.8165479377979,12.4169696969697
"mistletoe",11,"ols",2,"count",3,12.070370657622,12.4169696969697
"mistletoe",11,"ols",2,"count",0,12.070370657622,12.4169696969697
"mistletoe",11,"ols",2,"count",10,11.4082772074837,12.4169696969697
"mistletoe",11,"ols",2,"count",12,11.4082772074837,12.4169696969697
"mistletoe",11,"ols",2,"count",12,11.7183036539501,12.4169696969697
"mistletoe",11,"ols",2,"count",3,11.7183036539501,12.4169696969697
"mistletoe",11,"ols",2,"count",2,12.2010925087015,12.4169696969697
"mistletoe",11,"ols",2,"count",11,12.5326641636223,12.4169696969697
"mistletoe",11,"ols",2,"count",16,12.5326641636223,12.4169696969697
"mistletoe",11,"ols",2,"count",12,14.9480898935932,12.4169696969697
"mistletoe",11,"ols",2,"count",8,14.9480898935932,12.4169696969697
"mistletoe",11,"ols",2,"count",7,15.3543127707978,12.4169696969697
"mistletoe",11,"ols",2,"count",11,15.7715749866161,12.4169696969697
"mistletoe",11,"ols",2,"count",18,15.7715749866161,12.4169696969697
"mistletoe",11,"ols",2,"count",6,13.3833970451207,12.4169696969697
"mistletoe",11,"ols",2,"count",9,13.7470985008344,12.4169696969697
"mistletoe",11,"ols",2,"count",11,13.7470985008344,12.4169696969697
"mistletoe",11,"ols",2,"count",13,12.5850915499344,12.4169696969697
"mistletoe",11,"ols",2,"count",15,12.5850915499344,12.4169696969697
"mistletoe",11,"ols",2,"count",9,12.9270985980381,12.4169696969697
"mistletoe",11,"ols",2,"count",13,11.2835304665007,12.4169696969697
"mistletoe",11,"ols",2,"count",6,11.2835304665007,12.4169696969697
"mistletoe",11,"ols",2,"count",0,11.590166849059,12.4169696969697
"mistletoe",11,"ols",2,"count",12,11.590166849059,12.4169696969697
"mistletoe",11,"ols",2,"count",2,11.9051362503819,12.4169696969697
"mistletoe",11,"ols",2,"count",7,11.9051362503819,12.4169696969697
"mistletoe",11,"ols",2,"count",8,10.5215164622054,12.4169696969697
"mistletoe",11,"ols",2,"count",8,10.8074446791386,12.4169696969697
"mistletoe",11,"ols",2,"count",10,10.8074446791386,12.4169696969697
"mistletoe",11,"ols",2,"count",4,11.1011431586126,12.4169696969697
"mistletoe",11,"ols",2,"count",6,11.4028230619483,12.4169696969697
"mistletoe",11,"ols",2,"count",11,11.7127012888958,12.4169696969697
"mistletoe",11,"ols",2,"count",4,10.0695707675965,12.4169696969697
"mistletoe",11,"ols",2,"count",6,10.3432171022483,12.4169696969697
"mistletoe",11,"ols",2,"count",4,10.3432171022483,12.4169696969697
"mistletoe",11,"ols",2,"count",3,10.6242999322779,12.4169696969697
"mistletoe",11,"ols",2,"count",8,10.6242999322779,12.4169696969697
"mistletoe",11,"ols",2,"count",5,10.9130213486927,12.4169696969697
"mistletoe",11,"ols",2,"count",0,10.8252894674711,12.4169696969697
"mistletoe",11,"ols",2,"count",3,12.8176912108416,12.4169696969697
"mistletoe",11,"ols",2,"count",5,13.1660192875291,12.4169696969697
"mistletoe",11,"ols",2,"count",7,13.5238133785724,12.4169696969697
"mistletoe",11,"ols",2,"count",6,13.5238133785724,12.4169696969697
"mistletoe",11,"ols",2,"count",0,13.891330728316,12.4169696969697
"mistletoe",11,"ols",2,"count",4,13.891330728316,12.4169696969697
"mistletoe",11,"ols",2,"count",7,14.2688355718663,12.4169696969697
"mistletoe",11,"ols",2,"count",0,14.2688355718663,12.4169696969697
"mistletoe",11,"ols",2,"count",14,9.60829262475012,12.4169696969697
"mistletoe",11,"ols",2,"count",0,9.86940346251153,12.4169696969697
"mistletoe",11,"ols",2,"count",5,10.6960875662984,12.4169696969697
"mistletoe",11,"ols",2,"count",21,10.5388891381504,12.4169696969697
"mistletoe",11,"ols",2,"count",20,10.5388891381504,12.4169696969697
"mistletoe",11,"ols",2,"count",16,10.8252894674711,12.4169696969697
"mistletoe",11,"ols",2,"count",31,10.1376101363658,12.4169696969697
"mistletoe",11,"ols",2,"count",8,9.98861954810297,12.4169696969697
"mistletoe",11,"ols",2,"count",11,10.2600659871474,12.4169696969697
"mistletoe",11,"ols",2,"count",13,11.1194728892562,12.4169696969697
"mistletoe",11,"ols",2,"count",7,11.1194728892562,12.4169696969697
"mistletoe",11,"ols",2,"count",16,10.1376101363658,12.4169696969697
"mistletoe",11,"ols",2,"count",0,10.4131054797098,12.4169696969697
"mistletoe",11,"ols",2,"count",11,10.4131054797098,12.4169696969697
"mistletoe",11,"ols",2,"count",19,10.6960875662984,12.4169696969697
"mistletoe",11,"ols",3,"count",20,11.5611914367746,11.745247148289
"mistletoe",11,"ols",3,"count",80,10.8315015856343,11.745247148289
"mistletoe",11,"ols",3,"count",13,13.2677721246971,11.745247148289
"mistletoe",11,"ols",3,"count",13,13.2677721246971,11.745247148289
"mistletoe",11,"ols",3,"count",35,11.3764791284112,11.745247148289
"mistletoe",11,"ols",3,"count",4,12.0903294038784,11.745247148289
"mistletoe",11,"ols",3,"count",17,12.0689358564603,11.745247148289
"mistletoe",11,"ols",3,"count",20,12.2137979478741,11.745247148289
"mistletoe",11,"ols",3,"count",13,10.9632369241737,11.745247148289
"mistletoe",11,"ols",3,"count",45,11.3159262024409,11.745247148289
"mistletoe",11,"ols",3,"count",3,11.8971630969906,11.745247148289
"mistletoe",11,"ols",3,"count",8,11.1947179550625,11.745247148289
"mistletoe",11,"ols",3,"count",21,11.6084338535339,11.745247148289
"mistletoe",11,"ols",3,"count",12,10.0786292393981,11.745247148289
"mistletoe",11,"ols",3,"count",13,10.8315015856343,11.745247148289
"mistletoe",11,"ols",3,"count",23,11.3677057137684,11.745247148289
"mistletoe",11,"ols",3,"count",32,13.0557939017436,11.745247148289
"mistletoe",11,"ols",3,"count",16,11.7489027957648,11.745247148289
"mistletoe",11,"ols",3,"count",12,11.7489027957648,11.745247148289
"mistletoe",11,"ols",3,"count",14,12.72130838224,11.745247148289
"mistletoe",11,"ols",3,"count",11,12.1830993423606,11.745247148289
"mistletoe",11,"ols",3,"count",47,11.4996553533081,11.745247148289
"mistletoe",11,"ols",3,"count",30,12.34632804744,11.745247148289
"mistletoe",11,"ols",3,"count",10,12.34632804744,11.745247148289
"mistletoe",11,"ols",3,"count",14,11.8971630969906,11.745247148289
"mistletoe",11,"ols",3,"count",8,11.567511812284,11.745247148289
"mistletoe",11,"ols",3,"count",15,11.3221325767989,11.745247148289
"mistletoe",11,"ols",3,"count",9,10.0786292393981,11.745247148289
"mistletoe",11,"ols",3,"count",2,11.0073654569025,11.745247148289
"mistletoe",11,"ols",3,"count",24,11.4996553533081,11.745247148289
"mistletoe",11,"ols",3,"count",9,9.91760371861776,11.745247148289
"mistletoe",11,"ols",3,"count",9,10.4085661224062,11.745247148289
"mistletoe",11,"ols",3,"count",53,10.8646707103798,11.745247148289
"mistletoe",11,"ols",3,"count",4,11.402516847378,11.745247148289
"mistletoe",11,"ols",3,"count",15,12.5180609704541,11.745247148289
"mistletoe",11,"ols",3,"count",8,14.5350320782551,11.745247148289
"mistletoe",11,"ols",3,"count",2,14.7710277054615,11.745247148289
"mistletoe",11,"ols",3,"count",7,10.2422692242242,11.745247148289
"mistletoe",11,"ols",3,"count",10,11.402516847378,11.745247148289
"mistletoe",11,"ols",3,"count",11,11.0073654569025,11.745247148289
"mistletoe",11,"ols",3,"count",28,11.5484128211406,11.745247148289
"mistletoe",11,"ols",3,"count",28,11.5484128211406,11.745247148289
"mistletoe",11,"ols",3,"count",15,11.3826985237443,11.745247148289
"mistletoe",11,"ols",3,"count",28,10.7880780912391,11.745247148289
"mistletoe",11,"ols",3,"count",17,11.1412396943227,11.745247148289
"mistletoe",11,"ols",3,"count",21,11.5059624964296,11.745247148289
"mistletoe",11,"ols",3,"count",12,10.6287336412303,11.745247148289
"mistletoe",11,"ols",3,"count",5,10.8013053045447,11.745247148289
"mistletoe",11,"ols",3,"count",14,10.9766788989248,11.745247148289
"mistletoe",11,"ols",3,"count",13,11.5611914367746,11.745247148289
"mistletoe",11,"ols",3,"count",16,11.42296675654,11.745247148289
"mistletoe",11,"ols",3,"count",9,11.6084338535339,11.745247148289
"mistletoe",11,"ols",3,"count",5,11.9884508569641,11.745247148289
"mistletoe",11,"ols",3,"count",18,12.5677082343174,11.745247148289
"mistletoe",11,"ols",3,"count",24,11.6863675919294,11.745247148289
"mistletoe",11,"ols",3,"count",4,10.7880780912391,11.745247148289
"mistletoe",11,"ols",3,"count",56,12.2137979478741,11.745247148289
"mistletoe",11,"ols",3,"count",3,12.5180609704541,11.745247148289
"mistletoe",11,"ols",3,"count",10,10.2422692242242,11.745247148289
"mistletoe",11,"ols",3,"count",3,11.3826985237443,11.745247148289
"mistletoe",11,"ols",3,"count",12,11.567511812284,11.745247148289
"mistletoe",11,"ols",3,"count",7,11.7553257909984,11.745247148289
"mistletoe",11,"ols",3,"count",1,11.9461891800936,11.745247148289
"mistletoe",11,"ols",3,"count",6,11.9461891800936,11.745247148289
"mistletoe",11,"ols",3,"count",10,12.1401514908132,11.745247148289
"mistletoe",11,"ols",3,"count",12,12.1401514908132,11.745247148289
"mistletoe",11,"ols",3,"count",2,10.7880780912391,11.745247148289
"mistletoe",11,"ols",3,"count",9,10.9632369241737,11.745247148289
"mistletoe",11,"ols",3,"count",20,11.1412396943227,11.745247148289
"mistletoe",11,"ols",3,"count",15,11.3221325767989,11.745247148289
"mistletoe",11,"ols",3,"count",7,11.5059624964296,11.745247148289
"mistletoe",11,"ols",3,"count",1,10.6287336412303,11.745247148289
"mistletoe",11,"ols",3,"count",8,10.8013053045447,11.745247148289
"mistletoe",11,"ols",3,"count",14,10.9766788989248,11.745247148289
"mistletoe",11,"ols",3,"count",4,11.1548999174578,11.745247148289
"mistletoe",11,"ols",3,"count",9,11.3360145918715,11.745247148289
"mistletoe",11,"ols",3,"count",8,11.3360145918715,11.745247148289
"mistletoe",11,"ols",3,"count",6,14.7710277054615,11.745247148289
"mistletoe",11,"ols",3,"count",11,15.0108550363588,11.745247148289
"mistletoe",11,"ols",3,"count",26,15.2545762837657,11.745247148289
"mistletoe",11,"ols",3,"count",9,15.2545762837657,11.745247148289
"mistletoe",11,"ols",3,"count",7,15.5022546706088,11.745247148289
"mistletoe",11,"ols",3,"count",10,15.5022546706088,11.745247148289
"mistletoe",11,"ols",3,"count",11,11.3764791284112,11.745247148289
"mistletoe",11,"ols",3,"count",4,9.91760371861776,11.745247148289
"mistletoe",11,"ols",3,"count",5,10.4085661224062,11.745247148289
"mistletoe",11,"ols",3,"count",11,10.5775630724749,11.745247148289
"mistletoe",11,"ols",3,"count",8,10.5775630724749,11.745247148289
"mistletoe",11,"ols",3,"count",17,10.8646707103798,11.745247148289
"mistletoe",11,"ols",3,"count",5,11.0410731266168,11.745247148289
"mistletoe",11,"ols",3,"count",11,11.0410731266168,11.745247148289
"mistletoe",11,"ols",3,"count",6,11.2203396713014,11.745247148289
"mistletoe",11,"ols",3,"count",14,11.2203396713014,11.745247148289
"mistletoe",11,"ols",3,"count",9,11.5876519128282,11.745247148289
"mistletoe",11,"ols",3,"count",8,11.5876519128282,11.745247148289
"mistletoe",11,"ols",3,"count",12,11.5760112339294,11.745247148289
"mistletoe",11,"ols",3,"count",12,11.9549668412314,11.745247148289
"mistletoe",11,"ols",3,"count",10,11.1860847126225,11.745247148289
"mistletoe",11,"ols",3,"count",9,11.1860847126225,11.745247148289
"mistletoe",11,"ols",3,"count",6,11.3677057137684,11.745247148289
"mistletoe",11,"ols",3,"count",4,11.5522755740463,11.745247148289
"mistletoe",11,"ols",3,"count",3,11.5522755740463,11.745247148289
"mistletoe",11,"ols",3,"count",14,12.5180609704541,11.745247148289
"mistletoe",11,"ols",3,"count",7,12.72130838224,11.745247148289
"mistletoe",11,"ols",3,"count",6,12.9278557867721,11.745247148289
"mistletoe",11,"ols",3,"count",7,12.9278557867721,11.745247148289
"mistletoe",11,"ols",3,"count",7,13.1377567638328,11.745247148289
"mistletoe",11,"ols",3,"count",5,13.1377567638328,11.745247148289
"mistletoe",11,"ols",3,"count",4,13.3510657631438,11.745247148289
"mistletoe",11,"ols",3,"count",13,13.3510657631438,11.745247148289
"mistletoe",11,"ols",3,"count",6,12.2866320233318,11.745247148289
"mistletoe",11,"ols",3,"count",7,12.2866320233318,11.745247148289
"mistletoe",11,"ols",3,"count",14,12.4861218775675,11.745247148289
"mistletoe",11,"ols",3,"count",12,12.4861218775675,11.745247148289
"mistletoe",11,"ols",3,"count",7,12.6888507155919,11.745247148289
"mistletoe",11,"ols",3,"count",12,12.6888507155919,11.745247148289
"mistletoe",11,"ols",3,"count",5,10.9346061664995,11.745247148289
"mistletoe",11,"ols",3,"count",8,10.9346061664995,11.745247148289
"mistletoe",11,"ols",3,"count",6,11.1121440781206,11.745247148289
"mistletoe",11,"ols",3,"count",5,11.1121440781206,11.745247148289
"mistletoe",11,"ols",3,"count",5,11.2925645544708,11.745247148289
"mistletoe",11,"ols",3,"count",3,11.2925645544708,11.745247148289
"mistletoe",11,"ols",3,"count",13,12.6419436274139,11.745247148289
"mistletoe",11,"ols",3,"count",4,12.6419436274139,11.745247148289
"mistletoe",11,"ols",3,"count",11,13.0557939017436,11.745247148289
"mistletoe",11,"ols",3,"count",11,13.4831920967578,11.745247148289
"mistletoe",11,"ols",3,"count",10,11.0036849064663,11.745247148289
"mistletoe",11,"ols",3,"count",2,11.1823444035422,11.745247148289
"mistletoe",11,"ols",3,"count",8,11.3639046757828,11.745247148289
"mistletoe",11,"ols",3,"count",10,11.3639046757828,11.745247148289
"mistletoe",11,"ols",3,"count",2,11.7359167022666,11.745247148289
"mistletoe",11,"ols",3,"count",5,11.42296675654,11.745247148289
"mistletoe",11,"ols",3,"count",9,11.7969122561545,11.745247148289
"mistletoe",11,"ols",3,"count",15,11.7969122561545,11.745247148289
"mistletoe",11,"ols",3,"count",8,11.9884508569641,11.745247148289
"mistletoe",11,"ols",3,"count",9,12.1830993423606,11.745247148289
"mistletoe",11,"ols",3,"count",12,11.9749011010131,11.745247148289
"mistletoe",11,"ols",3,"count",10,12.1693295880542,11.745247148289
"mistletoe",11,"ols",3,"count",13,12.3669148808388,11.745247148289
"mistletoe",11,"ols",3,"count",22,12.3669148808388,11.745247148289
"mistletoe",11,"ols",3,"count",10,12.5677082343174,11.745247148289
"mistletoe",11,"ols",3,"count",17,12.7717617356332,11.745247148289
"mistletoe",11,"ols",3,"count",15,12.7717617356332,11.745247148289
"mistletoe",11,"ols",3,"count",9,11.3159262024409,11.745247148289
"mistletoe",11,"ols",3,"count",9,11.6863675919294,11.745247148289
"mistletoe",11,"ols",3,"count",8,11.8761113527119,11.745247148289
"mistletoe",11,"ols",3,"count",10,11.8761113527119,11.745247148289
"mistletoe",11,"ols",3,"count",12,12.0689358564603,11.745247148289
"mistletoe",11,"ols",3,"count",26,12.4121052437757,11.745247148289
"mistletoe",11,"ols",3,"count",26,12.4121052437757,11.745247148289
"mistletoe",11,"ols",3,"count",12,10.4621675734091,11.745247148289
"mistletoe",11,"ols",3,"count",4,10.6320348145085,11.745247148289
"mistletoe",11,"ols",3,"count",4,10.804660076773,11.745247148289
"mistletoe",11,"ols",3,"count",14,10.804660076773,11.745247148289
"mistletoe",11,"ols",3,"count",4,10.9800881403537,11.745247148289
"mistletoe",11,"ols",3,"count",9,10.9800881403537,11.745247148289
"mistletoe",11,"ols",3,"count",5,11.1583645124671,11.745247148289
"mistletoe",11,"ols",3,"count",6,11.1583645124671,11.745247148289
"mistletoe",11,"ols",3,"count",15,17.0478389775719,11.745247148289
"mistletoe",11,"ols",3,"count",21,17.0478389775719,11.745247148289
"mistletoe",11,"ols",3,"count",39,20.9905516365951,11.745247148289
"mistletoe",11,"ols",3,"count",58,21.6777043252291,11.745247148289
"mistletoe",11,"ols",3,"count",18,19.9672413620291,11.745247148289
"mistletoe",11,"ols",3,"count",21,20.2914361504166,11.745247148289
"mistletoe",11,"ols",3,"count",49,20.620894673484,11.745247148289
"mistletoe",11,"ols",3,"count",16,21.3313612318005,11.745247148289
"mistletoe",11,"ols",3,"count",18,17.3246333754354,11.745247148289
"mistletoe",11,"ols",3,"count",17,17.3246333754354,11.745247148289
"mistletoe",11,"ols",3,"count",27,17.6059218994336,11.745247148289
"mistletoe",11,"ols",3,"count",14,17.8917775176967,11.745247148289
"mistletoe",11,"ols",3,"count",11,20.620894673484,11.745247148289
"mistletoe",11,"ols",3,"count",31,20.9557023949823,11.745247148289
"mistletoe",11,"ols",3,"count",24,22.0296707606029,11.745247148289
"mistletoe",11,"ols",3,"count",20,17.028529872949,11.745247148289
"mistletoe",11,"ols",3,"count",20,17.028529872949,11.745247148289
"mistletoe",11,"ols",3,"count",18,11.1548999174578,11.745247148289
"mistletoe",11,"ols",3,"count",8,16.7754669035192,11.745247148289
"mistletoe",11,"ols",3,"count",21,16.7754669035192,11.745247148289
"mistletoe",11,"ols",3,"count",12,17.6059218994336,11.745247148289
"mistletoe",11,"ols",3,"count",13,17.8917775176967,11.745247148289
"mistletoe",11,"ols",3,"count",19,11.5760112339294,11.745247148289
"mistletoe",11,"ols",3,"count",13,12.1490716689841,11.745247148289
"mistletoe",11,"ols",3,"count",16,19.6482262100183,11.745247148289
"mistletoe",11,"ols",3,"count",23,20.9557023949823,11.745247148289
"mistletoe",11,"ols",3,"count",15,20.6551871313173,11.745247148289
"mistletoe",11,"ols",3,"count",18,21.6777043252291,11.745247148289
"mistletoe",11,"ols",3,"count",29,22.0296707606029,11.745247148289
"mistletoe",11,"ols",3,"count",32,16.7564662990458,11.745247148289
"mistletoe",11,"ols",3,"count",10,12.1490716689841,11.745247148289
"mistletoe",11,"ols",4,"count",17,10.8692319607612,11.931884057971
"mistletoe",11,"ols",4,"count",76,12.199682934699,11.931884057971
"mistletoe",11,"ols",4,"count",42,11.6920069279293,11.931884057971
"mistletoe",11,"ols",4,"count",48,13.3064748037027,11.931884057971
"mistletoe",11,"ols",4,"count",29,14.1205364822291,11.931884057971
"mistletoe",11,"ols",4,"count",29,11.9405913471972,11.931884057971
"mistletoe",11,"ols",4,"count",6,15.0859425456195,11.931884057971
"mistletoe",11,"ols",4,"count",14,12.199682934699,11.931884057971
"mistletoe",11,"ols",4,"count",17,11.1842770946772,11.931884057971
"mistletoe",11,"ols",4,"count",14,10.1215926507364,11.931884057971
"mistletoe",11,"ols",4,"count",15,7.56997881792276,11.931884057971
"mistletoe",11,"ols",4,"count",12,10.7491279430308,11.931884057971
"mistletoe",11,"ols",4,"count",17,10.2908236524204,11.931884057971
"mistletoe",11,"ols",4,"count",11,11.0087703087819,11.931884057971
"mistletoe",11,"ols",4,"count",31,10.5506527839478,11.931884057971
"mistletoe",11,"ols",4,"count",14,10.5506527839478,11.931884057971
"mistletoe",11,"ols",4,"count",14,12.3497122811148,11.931884057971
"mistletoe",11,"ols",4,"count",6,10.9674806306484,11.931884057971
"mistletoe",11,"ols",4,"count",10,10.9592334480212,11.931884057971
"mistletoe",11,"ols",4,"count",12,10.7376591948928,11.931884057971
"mistletoe",11,"ols",4,"count",27,11.0196503367879,11.931884057971
"mistletoe",11,"ols",4,"count",0,15.74098586856,11.931884057971
"mistletoe",11,"ols",4,"count",27,13.8564982129625,11.931884057971
"mistletoe",11,"ols",4,"count",23,10.5803807461474,11.931884057971
"mistletoe",11,"ols",4,"count",24,11.2265922969652,11.931884057971
"mistletoe",11,"ols",4,"count",4,11.2054572839701,11.931884057971
"mistletoe",11,"ols",4,"count",11,11.2054572839701,11.931884057971
"mistletoe",11,"ols",4,"count",5,12.176623492561,11.931884057971
"mistletoe",11,"ols",4,"count",13,11.0196503367879,11.931884057971
"mistletoe",11,"ols",4,"count",11,13.2794438154579,11.931884057971
"mistletoe",11,"ols",4,"count",12,12.0499170970055,11.931884057971
"mistletoe",11,"ols",4,"count",18,14.1205364822291,11.931884057971
"mistletoe",11,"ols",4,"count",18,14.1205364822291,11.931884057971
"mistletoe",11,"ols",4,"count",33,9.42551111463001,11.931884057971
"mistletoe",11,"ols",4,"count",12,9.03327913040137,11.931884057971
"mistletoe",11,"ols",4,"count",2,11.4867796517679,11.931884057971
"mistletoe",11,"ols",4,"count",6,13.4454641471784,11.931884057971
"mistletoe",11,"ols",4,"count",54,12.3497122811148,11.931884057971
"mistletoe",11,"ols",4,"count",1,14.778329544686,11.931884057971
"mistletoe",11,"ols",4,"count",19,13.8842522574935,11.931884057971
"mistletoe",11,"ols",4,"count",49,13.3064748037027,11.931884057971
"mistletoe",11,"ols",4,"count",12,11.9405913471972,11.931884057971
"mistletoe",11,"ols",4,"count",10,10.9878312773837,11.931884057971
"mistletoe",11,"ols",4,"count",9,10.5803807461474,11.931884057971
"mistletoe",11,"ols",4,"count",19,11.9585851159441,11.931884057971
"mistletoe",11,"ols",4,"count",5,9.8731167564179,11.931884057971
"mistletoe",11,"ols",4,"count",14,8.15756617815357,11.931884057971
"mistletoe",11,"ols",4,"count",6,10.8680874521264,11.931884057971
"mistletoe",11,"ols",4,"count",6,9.98238153852959,11.931884057971
"mistletoe",11,"ols",4,"count",8,9.01875083224258,11.931884057971
"mistletoe",11,"ols",4,"count",12,7.25496271150558,11.931884057971
"mistletoe",11,"ols",4,"count",20,7.05852909826224,11.931884057971
"mistletoe",11,"ols",4,"count",12,9.66937768949187,11.931884057971
"mistletoe",11,"ols",4,"count",7,8.88136185523315,11.931884057971
"mistletoe",11,"ols",4,"count",16,10.5626442866386,11.931884057971
"mistletoe",11,"ols",4,"count",14,8.91117014471262,11.931884057971
"mistletoe",11,"ols",4,"count",14,9.7003940206918,11.931884057971
"mistletoe",11,"ols",4,"count",7,9.29672309523611,11.931884057971
"mistletoe",11,"ols",4,"count",9,10.4158242852514,11.931884057971
"mistletoe",11,"ols",4,"count",12,9.56697602146352,11.931884057971
"mistletoe",11,"ols",4,"count",8,9.41035198650009,11.931884057971
"mistletoe",11,"ols",4,"count",7,8.64344571709572,11.931884057971
"mistletoe",11,"ols",4,"count",12,8.28375849982356,11.931884057971
"mistletoe",11,"ols",4,"count",5,7.56997881792276,11.931884057971
"mistletoe",11,"ols",4,"count",9,6.95305564405513,11.931884057971
"mistletoe",11,"ols",4,"count",3,6.6637120977421,11.931884057971
"mistletoe",11,"ols",4,"count",18,6.38640925584434,11.931884057971
"mistletoe",11,"ols",4,"count",7,11.2158634131697,11.931884057971
"mistletoe",11,"ols",4,"count",7,10.7491279430308,11.931884057971
"mistletoe",11,"ols",4,"count",14,10.3018151415766,11.931884057971
"mistletoe",11,"ols",4,"count",5,10.3018151415766,11.931884057971
"mistletoe",11,"ols",4,"count",19,9.8731167564179,11.931884057971
"mistletoe",11,"ols",4,"count",6,11.3411824404784,11.931884057971
"mistletoe",11,"ols",4,"count",7,9.98343277426161,11.931884057971
"mistletoe",11,"ols",4,"count",8,12.1972219462985,11.931884057971
"mistletoe",11,"ols",4,"count",11,11.6896483507778,11.931884057971
"mistletoe",11,"ols",4,"count",12,11.6896483507778,11.931884057971
"mistletoe",11,"ols",4,"count",6,10.7376591948928,11.931884057971
"mistletoe",11,"ols",4,"count",15,10.2908236524204,11.931884057971
"mistletoe",11,"ols",4,"count",2,9.86258266565092,11.931884057971
"mistletoe",11,"ols",4,"count",3,9.86258266565092,11.931884057971
"mistletoe",11,"ols",4,"count",11,9.45216244318014,11.931884057971
"mistletoe",11,"ols",4,"count",13,9.45216244318014,11.931884057971
"mistletoe",11,"ols",4,"count",3,12.7053419263375,11.931884057971
"mistletoe",11,"ols",4,"count",0,12.7053419263375,11.931884057971
"mistletoe",11,"ols",4,"count",2,12.7053419263375,11.931884057971
"mistletoe",11,"ols",4,"count",16,11.6699070783943,11.931884057971
"mistletoe",11,"ols",4,"count",14,11.6699070783943,11.931884057971
"mistletoe",11,"ols",4,"count",5,11.1842770946772,11.931884057971
"mistletoe",11,"ols",4,"count",13,10.7188560534566,11.931884057971
"mistletoe",11,"ols",4,"count",15,10.7188560534566,11.931884057971
"mistletoe",11,"ols",4,"count",2,11.9855445310737,11.931884057971
"mistletoe",11,"ols",4,"count",9,11.9855445310737,11.931884057971
"mistletoe",11,"ols",4,"count",0,11.9855445310737,11.931884057971
"mistletoe",11,"ols",4,"count",2,10.1115993017518,11.931884057971
"mistletoe",11,"ols",4,"count",8,10.1115993017518,11.931884057971
"mistletoe",11,"ols",4,"count",11,14.029276626035,11.931884057971
"mistletoe",11,"ols",4,"count",10,14.029276626035,11.931884057971
"mistletoe",11,"ols",4,"count",3,14.029276626035,11.931884057971
"mistletoe",11,"ols",4,"count",19,12.8859463643031,11.931884057971
"mistletoe",11,"ols",4,"count",22,12.8859463643031,11.931884057971
"mistletoe",11,"ols",4,"count",22,11.8357929727862,11.931884057971
"mistletoe",11,"ols",4,"count",12,11.8357929727862,11.931884057971
"mistletoe",11,"ols",4,"count",8,15.74098586856,11.931884057971
"mistletoe",11,"ols",4,"count",8,15.74098586856,11.931884057971
"mistletoe",11,"ols",4,"count",7,14.4581581096704,11.931884057971
"mistletoe",11,"ols",4,"count",13,14.4581581096704,11.931884057971
"mistletoe",11,"ols",4,"count",7,13.8564982129625,11.931884057971
"mistletoe",11,"ols",4,"count",18,13.2798757123434,11.931884057971
"mistletoe",11,"ols",4,"count",7,13.2798757123434,11.931884057971
"mistletoe",11,"ols",4,"count",7,15.4200160726036,11.931884057971
"mistletoe",11,"ols",4,"count",5,15.4200160726036,11.931884057971
"mistletoe",11,"ols",4,"count",2,15.4200160726036,11.931884057971
"mistletoe",11,"ols",4,"count",22,14.1633460758425,11.931884057971
"mistletoe",11,"ols",4,"count",17,14.1633460758425,11.931884057971
"mistletoe",11,"ols",4,"count",15,13.5739544484726,11.931884057971
"mistletoe",11,"ols",4,"count",22,13.5739544484726,11.931884057971
"mistletoe",11,"ols",4,"count",14,13.0090896870392,11.931884057971
"mistletoe",11,"ols",4,"count",13,13.0090896870392,11.931884057971
"mistletoe",11,"ols",4,"count",13,11.0397890821513,11.931884057971
"mistletoe",11,"ols",4,"count",6,11.0397890821513,11.931884057971
"mistletoe",11,"ols",4,"count",8,10.1400901684286,11.931884057971
"mistletoe",11,"ols",4,"count",9,10.1400901684286,11.931884057971
"mistletoe",11,"ols",4,"count",21,11.7140596395767,11.931884057971
"mistletoe",11,"ols",4,"count",10,11.7140596395767,11.931884057971
"mistletoe",11,"ols",4,"count",8,11.2265922969652,11.931884057971
"mistletoe",11,"ols",4,"count",19,10.7594103564623,11.931884057971
"mistletoe",11,"ols",4,"count",13,10.7594103564623,11.931884057971
"mistletoe",11,"ols",4,"count",24,10.7594103564623,11.931884057971
"mistletoe",11,"ols",4,"count",11,12.0499170970055,11.931884057971
"mistletoe",11,"ols",4,"count",24,11.5484734261776,11.931884057971
"mistletoe",11,"ols",4,"count",14,11.5484734261776,11.931884057971
"mistletoe",11,"ols",4,"count",25,11.067896766549,11.931884057971
"mistletoe",11,"ols",4,"count",8,11.067896766549,11.931884057971
"mistletoe",11,"ols",4,"count",23,11.067896766549,11.931884057971
"mistletoe",11,"ols",4,"count",19,12.8505557562166,11.931884057971
"mistletoe",11,"ols",4,"count",9,15.1161591208875,11.931884057971
"mistletoe",11,"ols",4,"count",15,12.7527409051512,11.931884057971
"mistletoe",11,"ols",4,"count",11,12.7527409051512,11.931884057971
"mistletoe",11,"ols",4,"count",5,12.199682934699,11.931884057971
"mistletoe",11,"ols",4,"count",8,11.6920069279293,11.931884057971
"mistletoe",11,"ols",4,"count",3,10.739154853128,11.931884057971
"mistletoe",11,"ols",4,"count",6,10.739154853128,11.931884057971
"mistletoe",11,"ols",4,"count",14,7.68481060628662,11.931884057971
"mistletoe",11,"ols",4,"count",6,7.68481060628662,11.931884057971
"mistletoe",11,"ols",4,"count",15,7.36501590487817,11.931884057971
"mistletoe",11,"ols",4,"count",18,7.36501590487817,11.931884057971
"mistletoe",11,"ols",4,"count",33,7.05852909826224,11.931884057971
"mistletoe",11,"ols",4,"count",6,14.1748253820691,11.931884057971
"mistletoe",11,"ols",4,"count",6,14.1748253820691,11.931884057971
"mistletoe",11,"ols",4,"count",13,14.1748253820691,11.931884057971
"mistletoe",11,"ols",4,"count",9,13.0196334754522,11.931884057971
"mistletoe",11,"ols",4,"count",25,12.4778361543414,11.931884057971
"mistletoe",11,"ols",4,"count",3,15.7883002565116,11.931884057971
"mistletoe",11,"ols",4,"count",13,15.7883002565116,11.931884057971
"mistletoe",11,"ols",4,"count",20,13.8981481920409,11.931884057971
"mistletoe",11,"ols",4,"count",11,16.075983267952,11.931884057971
"mistletoe",11,"ols",4,"count",16,16.075983267952,11.931884057971
"mistletoe",11,"ols",4,"count",15,15.4069994071375,11.931884057971
"mistletoe",11,"ols",4,"count",6,14.7658545530305,11.931884057971
"mistletoe",11,"ols",4,"count",5,14.1600719412458,11.931884057971
"mistletoe",11,"ols",4,"count",12,14.1600719412458,11.931884057971
"mistletoe",11,"ols",4,"count",5,11.3849263130481,11.931884057971
"mistletoe",11,"ols",4,"count",7,11.3849263130481,11.931884057971
"mistletoe",11,"ols",4,"count",10,10.4571000873438,11.931884057971
"mistletoe",11,"ols",4,"count",11,10.4571000873438,11.931884057971
"mistletoe",11,"ols",4,"count",14,10.0219396948034,11.931884057971
"mistletoe",11,"ols",4,"count",17,10.0219396948034,11.931884057971
"mistletoe",11,"ols",4,"count",8,9.60488800980659,11.931884057971
"mistletoe",11,"ols",4,"count",7,9.60488800980659,11.931884057971
"mistletoe",11,"ols",4,"count",7,15.600043302858,11.931884057971
"mistletoe",11,"ols",4,"count",3,15.600043302858,11.931884057971
"mistletoe",11,"ols",4,"count",12,14.9508651453749,11.931884057971
"mistletoe",11,"ols",4,"count",11,14.3287018026565,11.931884057971
"mistletoe",11,"ols",4,"count",11,13.7324290837423,11.931884057971
"mistletoe",11,"ols",4,"count",11,13.1609695796062,11.931884057971
"mistletoe",11,"ols",4,"count",7,9.66937768949187,11.931884057971
"mistletoe",11,"ols",4,"count",4,9.66937768949187,11.931884057971
"mistletoe",11,"ols",4,"count",7,9.26699747357777,11.931884057971
"mistletoe",11,"ols",4,"count",2,9.26699747357777,11.931884057971
"mistletoe",11,"ols",4,"count",10,8.88136185523315,11.931884057971
"mistletoe",11,"ols",4,"count",10,8.51177402696954,11.931884057971
"mistletoe",11,"ols",4,"count",14,8.51177402696954,11.931884057971
"mistletoe",11,"ols",4,"count",21,8.15756617815357,11.931884057971
"mistletoe",11,"ols",4,"count",10,10.5626442866386,11.931884057971
"mistletoe",11,"ols",4,"count",4,10.5626442866386,11.931884057971
"mistletoe",11,"ols",4,"count",12,10.1230917916213,11.931884057971
"mistletoe",11,"ols",4,"count",6,10.1230917916213,11.931884057971
"mistletoe",11,"ols",4,"count",12,9.7018307765242,11.931884057971
"mistletoe",11,"ols",4,"count",30,9.7018307765242,11.931884057971
"mistletoe",11,"ols",4,"count",12,9.2981000620996,11.931884057971
"mistletoe",11,"ols",4,"count",9,9.2981000620996,11.931884057971
"mistletoe",11,"ols",4,"count",28,8.91117014471262,11.931884057971
"mistletoe",11,"ols",4,"count",7,11.0196503367879,11.931884057971
"mistletoe",11,"ols",4,"count",3,10.5610800518943,11.931884057971
"mistletoe",11,"ols",4,"count",8,10.5610800518943,11.931884057971
"mistletoe",11,"ols",4,"count",7,10.1215926507364,11.931884057971
"mistletoe",11,"ols",4,"count",17,9.7003940206918,11.931884057971
"mistletoe",11,"ols",4,"count",15,9.29672309523611,11.931884057971
"mistletoe",11,"ols",4,"count",13,14.7336611253233,11.931884057971
"mistletoe",11,"ols",4,"count",13,14.7336611253233,11.931884057971
"mistletoe",11,"ols",4,"count",23,14.7336611253233,11.931884057971
"mistletoe",11,"ols",4,"count",13,14.7336611253233,11.931884057971
"mistletoe",11,"ols",4,"count",12,13.5329263276771,11.931884057971
"mistletoe",11,"ols",4,"count",10,13.5329263276771,11.931884057971
"mistletoe",11,"ols",4,"count",9,12.9697689050854,11.931884057971
"mistletoe",11,"ols",4,"count",7,12.9697689050854,11.931884057971
"mistletoe",11,"ols",4,"count",18,12.4300466416707,11.931884057971
"mistletoe",11,"ols",4,"count",6,12.4300466416707,11.931884057971
"mistletoe",11,"ols",4,"count",11,12.4590610822034,11.931884057971
"mistletoe",11,"ols",4,"count",5,11.4436971437938,11.931884057971
"mistletoe",11,"ols",4,"count",3,11.4436971437938,11.931884057971
"mistletoe",11,"ols",4,"count",6,10.9674806306484,11.931884057971
"mistletoe",11,"ols",4,"count",6,11.4350918621022,11.931884057971
"mistletoe",11,"ols",4,"count",4,10.9592334480212,11.931884057971
"mistletoe",11,"ols",4,"count",11,10.5031773436185,11.931884057971
"mistletoe",11,"ols",4,"count",6,10.5031773436185,11.931884057971
"mistletoe",11,"ols",4,"count",9,10.0660994981743,11.931884057971
"mistletoe",11,"ols",4,"count",13,10.0660994981743,11.931884057971
"mistletoe",11,"ols",4,"count",13,9.83477411574976,11.931884057971
"mistletoe",11,"ols",4,"count",13,9.83477411574976,11.931884057971
"mistletoe",11,"ols",4,"count",12,9.03327913040137,11.931884057971
"mistletoe",11,"ols",4,"count",4,10.8680874521264,11.931884057971
"mistletoe",11,"ols",4,"count",3,10.4158242852514,11.931884057971
"mistletoe",11,"ols",4,"count",12,9.98238153852959,11.931884057971
"mistletoe",11,"ols",4,"count",10,9.56697602146352,11.931884057971
"mistletoe",11,"ols",4,"count",16,9.16885713514212,11.931884057971
"mistletoe",11,"ols",4,"count",16,9.16885713514212,11.931884057971
"mistletoe",11,"ols",4,"count",8,9.81895676652207,11.931884057971
"mistletoe",11,"ols",4,"count",13,9.81895676652207,11.931884057971
"mistletoe",11,"ols",4,"count",9,9.81895676652207,11.931884057971
"mistletoe",11,"ols",4,"count",19,9.01875083224258,11.931884057971
"mistletoe",11,"ols",4,"count",10,8.64344571709572,11.931884057971
"mistletoe",11,"ols",4,"count",17,8.28375849982356,11.931884057971
"mistletoe",11,"ols",4,"count",10,7.56997881792276,11.931884057971
"mistletoe",11,"ols",4,"count",8,7.25496271150558,11.931884057971
"mistletoe",11,"ols",4,"count",10,6.95305564405513,11.931884057971
"mistletoe",11,"ols",4,"count",12,6.6637120977421,11.931884057971
"mistletoe",11,"ols",4,"count",20,6.38640925584434,11.931884057971
"mistletoe",11,"ols",4,"count",7,11.4649314313901,11.931884057971
"mistletoe",11,"ols",4,"count",11,11.4649314313901,11.931884057971
"mistletoe",11,"ols",4,"count",6,10.9878312773837,11.931884057971
"mistletoe",11,"ols",4,"count",8,10.5305851066579,11.931884057971
"mistletoe",11,"ols",4,"count",8,10.5305851066579,11.931884057971
"mistletoe",11,"ols",4,"count",7,9.76124331979495,11.931884057971
"mistletoe",11,"ols",4,"count",24,9.76124331979495,11.931884057971
"mistletoe",11,"ols",4,"count",37,9.35504021958121,11.931884057971
"mistletoe",11,"ols",4,"count",24,9.35504021958121,11.931884057971
"mistletoe",11,"ols",4,"count",15,8.9657408019433,11.931884057971
"mistletoe",11,"ols",4,"count",8,8.9657408019433,11.931884057971
"mistletoe",11,"ols",4,"count",20,12.1972219462985,11.931884057971
"mistletoe",11,"ols",4,"count",18,12.8505557562166,11.931884057971
"mistletoe",11,"ols",4,"count",25,13.9907459184894,11.931884057971
"mistletoe",11,"ols",4,"count",20,13.4085368514468,11.931884057971
"mistletoe",11,"ols",4,"count",25,13.5708165632839,11.931884057971
"mistletoe",11,"ols",4,"count",18,13.0060823813933,11.931884057971
"mistletoe",11,"ols",4,"count",15,13.0060823813933,11.931884057971
"mistletoe",11,"ols",4,"count",9,12.4648489737347,11.931884057971
"mistletoe",11,"ols",4,"count",19,12.4648489737347,11.931884057971
"mistletoe",11,"ols",4,"count",7,10.4169211664539,11.931884057971
"mistletoe",11,"ols",4,"count",11,9.98343277426161,11.931884057971
"mistletoe",11,"ols",4,"count",18,13.9907459184894,11.931884057971
"mistletoe",11,"ols",4,"count",15,12.8505557562166,11.931884057971
"mistletoe",11,"ols",4,"count",9,13.5849560563543,11.931884057971
"mistletoe",11,"ols",4,"count",6,13.5849560563543,11.931884057971
"mistletoe",11,"ols",4,"count",7,13.0196334754522,11.931884057971
"mistletoe",11,"ols",4,"count",11,12.4778361543414,11.931884057971
"mistletoe",11,"ols",4,"count",5,15.1312879988318,11.931884057971
"mistletoe",11,"ols",4,"count",10,15.1312879988318,11.931884057971
"mistletoe",11,"ols",4,"count",9,14.5016165631357,11.931884057971
"mistletoe",11,"ols",4,"count",11,14.5016165631357,11.931884057971
"mistletoe",11,"ols",4,"count",8,13.8981481920409,11.931884057971
"mistletoe",11,"ols",4,"count",8,13.319792474651,11.931884057971
"mistletoe",11,"ols",4,"count",8,13.319792474651,11.931884057971
"mistletoe",11,"ols",4,"count",9,15.4069994071375,11.931884057971
"mistletoe",11,"ols",4,"count",9,14.7658545530305,11.931884057971
"mistletoe",11,"ols",4,"count",6,14.1513902168549,11.931884057971
"mistletoe",11,"ols",4,"count",47,14.1513902168549,11.931884057971
"mistletoe",11,"ols",4,"count",12,13.562496119034,11.931884057971
"mistletoe",11,"ols",4,"count",17,13.562496119034,11.931884057971
"mistletoe",11,"ols",4,"count",13,11.9461383821691,11.931884057971
"mistletoe",11,"ols",4,"count",8,11.9461383821691,11.931884057971
"mistletoe",11,"ols",4,"count",6,10.911155481551,11.931884057971
"mistletoe",11,"ols",4,"count",21,14.9508651453749,11.931884057971
"mistletoe",11,"ols",4,"count",14,14.3287018026565,11.931884057971
"mistletoe",11,"ols",4,"count",12,13.7324290837423,11.931884057971
"mistletoe",11,"ols",4,"count",7,13.1609695796062,11.931884057971
"mistletoe",11,"ols",4,"count",23,13.4085368514468,11.931884057971
"mistletoe",11,"ols",5,"count",11,9.94285466741183,12.1486643437863
"mistletoe",11,"ols",5,"count",21,10.3799548425663,12.1486643437863
"mistletoe",11,"ols",5,"count",12,10.3722434077727,12.1486643437863
"mistletoe",11,"ols",5,"count",10,10.5639990783026,12.1486643437863
"mistletoe",11,"ols",5,"count",37,11.7129200436164,12.1486643437863
"mistletoe",11,"ols",5,"count",10,10.3785721752892,12.1486643437863
"mistletoe",11,"ols",5,"count",56,8.81333372645559,12.1486643437863
"mistletoe",11,"ols",5,"count",11,10.856303788318,12.1486643437863
"mistletoe",11,"ols",5,"count",20,12.9727289836393,12.1486643437863
"mistletoe",11,"ols",5,"count",15,10.0407445114284,12.1486643437863
"mistletoe",11,"ols",5,"count",19,11.5987277230427,12.1486643437863
"mistletoe",11,"ols",5,"count",18,10.4465773333969,12.1486643437863
"mistletoe",11,"ols",5,"count",7,8.81333372645559,12.1486643437863
"mistletoe",11,"ols",5,"count",8,9.86059515204715,12.1486643437863
"mistletoe",11,"ols",5,"count",20,9.86059515204715,12.1486643437863
"mistletoe",11,"ols",5,"count",8,9.95767513094978,12.1486643437863
"mistletoe",11,"ols",5,"count",2,11.9446885075459,12.1486643437863
"mistletoe",11,"ols",5,"count",23,11.3075644599608,12.1486643437863
"mistletoe",11,"ols",5,"count",11,9.86059515204715,12.1486643437863
"mistletoe",11,"ols",5,"count",2,9.95767513094978,12.1486643437863
"mistletoe",11,"ols",5,"count",15,11.4315352432424,12.1486643437863
"mistletoe",11,"ols",5,"count",13,10.2711216943247,12.1486643437863
"mistletoe",11,"ols",5,"count",14,10.3722434077727,12.1486643437863
"mistletoe",11,"ols",5,"count",9,10.3263472356741,12.1486643437863
"mistletoe",11,"ols",5,"count",7,10.2331413203395,12.1486643437863
"mistletoe",11,"ols",5,"count",21,9.94285466741183,12.1486643437863
"mistletoe",11,"ols",5,"count",7,10.0407445114284,12.1486643437863
"mistletoe",11,"ols",5,"count",9,8.90010315964224,12.1486643437863
"mistletoe",11,"ols",5,"count",23,12.0622868969362,12.1486643437863
"mistletoe",11,"ols",5,"count",11,10.6680042414632,12.1486643437863
"mistletoe",11,"ols",5,"count",3,10.6680042414632,12.1486643437863
"mistletoe",11,"ols",5,"count",19,12.3993186543646,12.1486643437863
"mistletoe",11,"ols",5,"count",9,10.8896931665832,12.1486643437863
"mistletoe",11,"ols",5,"count",11,10.9969048679629,12.1486643437863
"mistletoe",11,"ols",5,"count",7,10.9969048679629,12.1486643437863
"mistletoe",11,"ols",5,"count",10,11.1051720948508,12.1486643437863
"mistletoe",11,"ols",5,"count",9,11.2145052391544,12.1486643437863
"mistletoe",11,"ols",5,"count",14,11.6530907765506,12.1486643437863
"mistletoe",11,"ols",5,"count",10,11.6530907765506,12.1486643437863
"mistletoe",11,"ols",5,"count",14,11.7137609687593,12.1486643437863
"mistletoe",11,"ols",5,"count",10,11.8290858198644,12.1486643437863
"mistletoe",11,"ols",5,"count",9,11.9455460724275,12.1486643437863
"mistletoe",11,"ols",5,"count",12,13.9596510018751,12.1486643437863
"mistletoe",11,"ols",5,"count",8,10.4280126581281,12.1486643437863
"mistletoe",11,"ols",5,"count",8,10.4280126581281,12.1486643437863
"mistletoe",11,"ols",5,"count",0,10.5306790016131,12.1486643437863
"mistletoe",11,"ols",5,"count",9,10.6343561204425,12.1486643437863
"mistletoe",11,"ols",5,"count",11,10.4390893760037,12.1486643437863
"mistletoe",11,"ols",5,"count",11,10.5418647724943,12.1486643437863
"mistletoe",11,"ols",5,"count",23,10.5418647724943,12.1486643437863
"mistletoe",11,"ols",5,"count",4,10.6456520179828,12.1486643437863
"mistletoe",11,"ols",5,"count",12,10.7504610743708,12.1486643437863
"mistletoe",11,"ols",5,"count",10,13.1004486837813,12.1486643437863
"mistletoe",11,"ols",5,"count",13,13.1004486837813,12.1486643437863
"mistletoe",11,"ols",5,"count",13,13.2294258157115,12.1486643437863
"mistletoe",11,"ols",5,"count",10,13.3596727591546,12.1486643437863
"mistletoe",11,"ols",5,"count",10,11.5440815128262,12.1486643437863
"mistletoe",11,"ols",5,"count",12,11.657735828051,12.1486643437863
"mistletoe",11,"ols",5,"count",13,11.7725090978982,12.1486643437863
"mistletoe",11,"ols",5,"count",15,11.4188902067627,12.1486643437863
"mistletoe",11,"ols",5,"count",17,11.4188902067627,12.1486643437863
"mistletoe",11,"ols",5,"count",0,11.5313119828594,12.1486643437863
"mistletoe",11,"ols",5,"count",8,10.3338891076857,12.1486643437863
"mistletoe",11,"ols",5,"count",10,10.4356287817203,12.1486643437863
"mistletoe",11,"ols",5,"count",10,11.9555936097757,12.1486643437863
"mistletoe",11,"ols",5,"count",16,12.0732993625734,12.1486643437863
"mistletoe",11,"ols",5,"count",8,12.1921639573905,12.1486643437863
"mistletoe",11,"ols",5,"count",23,12.3121988033111,12.1486643437863
"mistletoe",11,"ols",5,"count",23,10.6113875196203,12.1486643437863
"mistletoe",11,"ols",5,"count",8,10.715859233614,12.1486643437863
"mistletoe",11,"ols",5,"count",5,10.8213594972676,12.1486643437863
"mistletoe",11,"ols",5,"count",19,10.927898436905,12.1486643437863
"mistletoe",11,"ols",5,"count",12,13.8613716393263,12.1486643437863
"mistletoe",11,"ols",5,"count",10,13.9978402444721,12.1486643437863
"mistletoe",11,"ols",5,"count",9,13.9978402444721,12.1486643437863
"mistletoe",11,"ols",5,"count",17,14.1356524165227,12.1486643437863
"mistletoe",11,"ols",5,"count",10,14.2748213832241,12.1486643437863
"mistletoe",11,"ols",5,"count",7,9.94285466741183,12.1486643437863
"mistletoe",11,"ols",5,"count",8,10.1395981049798,12.1486643437863
"mistletoe",11,"ols",5,"count",12,10.1395981049798,12.1486643437863
"mistletoe",11,"ols",5,"count",5,10.2394249364169,12.1486643437863
"mistletoe",11,"ols",5,"count",11,10.2394249364169,12.1486643437863
"mistletoe",11,"ols",5,"count",17,10.3402345875054,12.1486643437863
"mistletoe",11,"ols",5,"count",15,10.3402345875054,12.1486643437863
"mistletoe",11,"ols",5,"count",2,8.81333372645559,12.1486643437863
"mistletoe",11,"ols",5,"count",5,8.90010315964224,12.1486643437863
"mistletoe",11,"ols",5,"count",7,8.9877268591904,12.1486643437863
"mistletoe",11,"ols",5,"count",16,8.9877268591904,12.1486643437863
"mistletoe",11,"ols",5,"count",8,9.07621323556208,12.1486643437863
"mistletoe",11,"ols",5,"count",4,9.07621323556208,12.1486643437863
"mistletoe",11,"ols",5,"count",11,9.16557078202227,12.1486643437863
"mistletoe",11,"ols",5,"count",15,9.16557078202227,12.1486643437863
"mistletoe",11,"ols",5,"count",6,10.0557108860665,12.1486643437863
"mistletoe",11,"ols",5,"count",10,10.0557108860665,12.1486643437863
"mistletoe",11,"ols",5,"count",6,10.1547118272488,12.1486643437863
"mistletoe",11,"ols",5,"count",5,10.1547118272488,12.1486643437863
"mistletoe",11,"ols",5,"count",11,10.2546874569903,12.1486643437863
"mistletoe",11,"ols",5,"count",13,10.2546874569903,12.1486643437863
"mistletoe",11,"ols",5,"count",7,11.5987277230427,12.1486643437863
"mistletoe",11,"ols",5,"count",17,11.7129200436164,12.1486643437863
"mistletoe",11,"ols",5,"count",3,11.8282366156071,12.1486643437863
"mistletoe",11,"ols",5,"count",9,11.8282366156071,12.1486643437863
"mistletoe",11,"ols",5,"count",6,11.9446885075459,12.1486643437863
"mistletoe",11,"ols",5,"count",27,12.0622868969362,12.1486643437863
"mistletoe",11,"ols",5,"count",19,11.8836753736669,12.1486643437863
"mistletoe",11,"ols",5,"count",10,13.8235547136423,12.1486643437863
"mistletoe",11,"ols",5,"count",20,14.2358764740587,12.1486643437863
"mistletoe",11,"ols",5,"count",6,11.5394817471476,12.1486643437863
"mistletoe",11,"ols",5,"count",15,11.6530907765506,12.1486643437863
"mistletoe",11,"ols",5,"count",18,13.9596510018751,12.1486643437863
"mistletoe",11,"ols",5,"count",18,14.0970871914613,12.1486643437863
"mistletoe",11,"ols",5,"count",8,12.2784344542333,12.1486643437863
"mistletoe",11,"ols",5,"count",11,12.3993186543646,12.1486643437863
"mistletoe",11,"ols",5,"count",18,12.5213929891092,12.1486643437863
"mistletoe",11,"ols",5,"count",10,12.6446691756345,12.1486643437863
"mistletoe",11,"ols",5,"count",19,11.7678183147259,12.1486643437863
"mistletoe",11,"ols",5,"count",11,11.5995604497864,12.1486643437863
"mistletoe",11,"gam_spatial",1,"count",21,19.5348292331675,12.471218206158
"mistletoe",11,"gam_spatial",1,"count",24,16.3557356732875,12.471218206158
"mistletoe",11,"gam_spatial",1,"count",31,17.1507793657816,12.471218206158
"mistletoe",11,"gam_spatial",1,"count",8,19.4515872825623,12.471218206158
"mistletoe",11,"gam_spatial",1,"count",16,12.2521715885951,12.471218206158
"mistletoe",11,"gam_spatial",1,"count",0,12.5024200557119,12.471218206158
"mistletoe",11,"gam_spatial",1,"count",21,7.67795287746165,12.471218206158
"mistletoe",11,"gam_spatial",1,"count",3,7.67795287746165,12.471218206158
"mistletoe",11,"gam_spatial",1,"count",40,14.3318655663763,12.471218206158
"mistletoe",11,"gam_spatial",1,"count",18,11.0330075426846,12.471218206158
"mistletoe",11,"gam_spatial",1,"count",11,20.4629046148129,12.471218206158
"mistletoe",11,"gam_spatial",1,"count",16,13.5534327758773,12.471218206158
"mistletoe",11,"gam_spatial",1,"count",19,17.4625862594514,12.471218206158
"mistletoe",11,"gam_spatial",1,"count",28,17.5010810421098,12.471218206158
"mistletoe",11,"gam_spatial",1,"count",12,17.2814783035183,12.471218206158
"mistletoe",11,"gam_spatial",1,"count",15,18.8231423271643,12.471218206158
"mistletoe",11,"gam_spatial",1,"count",27,12.1289320339732,12.471218206158
"mistletoe",11,"gam_spatial",1,"count",14,16.0283592323609,12.471218206158
"mistletoe",11,"gam_spatial",1,"count",13,11.7852241210493,12.471218206158
"mistletoe",11,"gam_spatial",1,"count",4,15.3472600551651,12.471218206158
"mistletoe",11,"gam_spatial",1,"count",9,11.1451116365893,12.471218206158
"mistletoe",11,"gam_spatial",1,"count",17,10.4585265536074,12.471218206158
"mistletoe",11,"gam_spatial",1,"count",18,10.4585265536074,12.471218206158
"mistletoe",11,"gam_spatial",1,"count",7,10.9220310577514,12.471218206158
"mistletoe",11,"gam_spatial",1,"count",15,12.1289320339732,12.471218206158
"mistletoe",11,"gam_spatial",1,"count",46,12.7456948517154,12.471218206158
"mistletoe",11,"gam_spatial",1,"count",14,12.8752012049931,12.471218206158
"mistletoe",11,"gam_spatial",1,"count",5,7.52427095591222,12.471218206158
"mistletoe",11,"gam_spatial",1,"count",11,14.044998913926,12.471218206158
"mistletoe",11,"gam_spatial",1,"count",18,14.1877072254219,12.471218206158
"mistletoe",11,"gam_spatial",1,"count",9,13.6528328371797,12.471218206158
"mistletoe",11,"gam_spatial",1,"count",9,15.8671365593978,12.471218206158
"mistletoe",11,"gam_spatial",1,"count",7,16.3557356732875,12.471218206158
"mistletoe",11,"gam_spatial",1,"count",12,16.9782667303542,12.471218206158
"mistletoe",11,"gam_spatial",1,"count",8,15.2243059047378,12.471218206158
"mistletoe",11,"gam_spatial",1,"count",4,15.0400692644115,12.471218206158
"mistletoe",11,"gam_spatial",1,"count",10,17.2814783035183,12.471218206158
"mistletoe",11,"gam_spatial",1,"count",33,19.4515872825623,12.471218206158
"mistletoe",11,"gam_spatial",1,"count",23,19.2559317666353,12.471218206158
"mistletoe",11,"gam_spatial",1,"count",18,19.6492308134747,12.471218206158
"mistletoe",11,"gam_spatial",1,"count",15,18.6338080805607,12.471218206158
"mistletoe",11,"gam_spatial",1,"count",6,18.6338080805607,12.471218206158
"mistletoe",11,"gam_spatial",1,"count",8,18.8231423271643,12.471218206158
"mistletoe",11,"gam_spatial",1,"count",9,19.0144003596511,12.471218206158
"mistletoe",11,"gam_spatial",1,"count",12,19.0144003596511,12.471218206158
"mistletoe",11,"gam_spatial",1,"count",8,19.3383364206973,12.471218206158
"mistletoe",11,"gam_spatial",1,"count",10,19.3383364206973,12.471218206158
"mistletoe",11,"gam_spatial",1,"count",4,19.5348292331675,12.471218206158
"mistletoe",11,"gam_spatial",1,"count",6,19.7333185682192,12.471218206158
"mistletoe",11,"gam_spatial",1,"count",3,19.7333185682192,12.471218206158
"mistletoe",11,"gam_spatial",1,"count",6,11.433161078606,12.471218206158
"mistletoe",11,"gam_spatial",1,"count",2,11.433161078606,12.471218206158
"mistletoe",11,"gam_spatial",1,"count",2,11.433161078606,12.471218206158
"mistletoe",11,"gam_spatial",1,"count",2,11.5493310493257,12.471218206158
"mistletoe",11,"gam_spatial",1,"count",13,11.6666813989453,12.471218206158
"mistletoe",11,"gam_spatial",1,"count",13,11.7852241210493,12.471218206158
"mistletoe",11,"gam_spatial",1,"count",9,11.9049713310863,12.471218206158
"mistletoe",11,"gam_spatial",1,"count",5,11.9049713310863,12.471218206158
"mistletoe",11,"gam_spatial",1,"count",6,11.9049713310863,12.471218206158
"mistletoe",11,"gam_spatial",1,"count",6,13.5155046071582,12.471218206158
"mistletoe",11,"gam_spatial",1,"count",4,13.5155046071582,12.471218206158
"mistletoe",11,"gam_spatial",1,"count",11,13.5155046071582,12.471218206158
"mistletoe",11,"gam_spatial",1,"count",2,13.7915564307712,12.471218206158
"mistletoe",11,"gam_spatial",1,"count",6,14.0732465647201,12.471218206158
"mistletoe",11,"gam_spatial",1,"count",7,15.8671365593978,12.471218206158
"mistletoe",11,"gam_spatial",1,"count",5,15.8671365593978,12.471218206158
"mistletoe",11,"gam_spatial",1,"count",14,16.1912200553569,12.471218206158
"mistletoe",11,"gam_spatial",1,"count",14,16.1912200553569,12.471218206158
"mistletoe",11,"gam_spatial",1,"count",9,16.5219229001796,12.471218206158
"mistletoe",11,"gam_spatial",1,"count",8,16.9782667303542,12.471218206158
"mistletoe",11,"gam_spatial",1,"count",17,16.9782667303542,12.471218206158
"mistletoe",11,"gam_spatial",1,"count",14,17.3250448662013,12.471218206158
"mistletoe",11,"gam_spatial",1,"count",8,17.5010810421098,12.471218206158
"mistletoe",11,"gam_spatial",1,"count",10,17.6789058849724,12.471218206158
"mistletoe",11,"gam_spatial",1,"count",9,17.6789058849724,12.471218206158
"mistletoe",11,"gam_spatial",1,"count",16,17.1076510212334,12.471218206158
"mistletoe",11,"gam_spatial",1,"count",4,17.4570718086487,12.471218206158
"mistletoe",11,"gam_spatial",1,"count",4,17.4570718086487,12.471218206158
"mistletoe",11,"gam_spatial",1,"count",4,16.4601298388564,12.471218206158
"mistletoe",11,"gam_spatial",1,"count",7,16.4601298388564,12.471218206158
"mistletoe",11,"gam_spatial",1,"count",2,16.7963251190916,12.471218206158
"mistletoe",11,"gam_spatial",1,"count",17,16.7963251190916,12.471218206158
"mistletoe",11,"gam_spatial",1,"count",10,16.9669890836652,12.471218206158
"mistletoe",11,"gam_spatial",1,"count",10,17.1393871292713,12.471218206158
"mistletoe",11,"gam_spatial",1,"count",3,13.9037260466386,12.471218206158
"mistletoe",11,"gam_spatial",1,"count",8,13.9037260466386,12.471218206158
"mistletoe",11,"gam_spatial",1,"count",5,14.1877072254219,12.471218206158
"mistletoe",11,"gam_spatial",1,"count",3,14.1877072254219,12.471218206158
"mistletoe",11,"gam_spatial",1,"count",8,14.3318655663763,12.471218206158
"mistletoe",11,"gam_spatial",1,"count",6,14.4774886702369,12.471218206158
"mistletoe",11,"gam_spatial",1,"count",8,14.4774886702369,12.471218206158
"mistletoe",11,"gam_spatial",1,"count",15,14.7695062843948,12.471218206158
"mistletoe",11,"gam_spatial",1,"count",5,14.7695062843948,12.471218206158
"mistletoe",11,"gam_spatial",1,"count",13,14.7695062843948,12.471218206158
"mistletoe",11,"gam_spatial",1,"count",12,14.9195761645274,12.471218206158
"mistletoe",11,"gam_spatial",1,"count",12,14.9195761645274,12.471218206158
"mistletoe",11,"gam_spatial",1,"count",4,14.9195761645274,12.471218206158
"mistletoe",11,"gam_spatial",1,"count",4,15.0711708734855,12.471218206158
"mistletoe",11,"gam_spatial",1,"count",21,15.0711708734855,12.471218206158
"mistletoe",11,"gam_spatial",1,"count",17,15.2243059047378,12.471218206158
"mistletoe",11,"gam_spatial",1,"count",8,15.3789969091784,12.471218206158
"mistletoe",11,"gam_spatial",1,"count",8,15.3789969091784,12.471218206158
"mistletoe",11,"gam_spatial",1,"count",1,14.8887873937467,12.471218206158
"mistletoe",11,"gam_spatial",1,"count",6,14.8887873937467,12.471218206158
"mistletoe",11,"gam_spatial",1,"count",1,14.8887873937467,12.471218206158
"mistletoe",11,"gam_spatial",1,"count",29,15.0400692644115,12.471218206158
"mistletoe",11,"gam_spatial",1,"count",29,15.0400692644115,12.471218206158
"mistletoe",11,"gam_spatial",1,"count",19,15.1928882786854,12.471218206158
"mistletoe",11,"gam_spatial",1,"count",16,15.1928882786854,12.471218206158
"mistletoe",11,"gam_spatial",1,"count",24,15.3472600551651,12.471218206158
"mistletoe",11,"gam_spatial",1,"count",3,15.5032003711441,12.471218206158
"mistletoe",11,"gam_spatial",1,"count",4,15.5032003711441,12.471218206158
"mistletoe",11,"gam_spatial",1,"count",12,23.3107457062643,12.471218206158
"mistletoe",11,"gam_spatial",1,"count",9,23.3107457062643,12.471218206158
"mistletoe",11,"gam_spatial",1,"count",7,23.5476013429105,12.471218206158
"mistletoe",11,"gam_spatial",1,"count",7,23.5476013429105,12.471218206158
"mistletoe",11,"gam_spatial",1,"count",15,23.7868636203958,12.471218206158
"mistletoe",11,"gam_spatial",1,"count",18,10.8220700854196,12.471218206158
"mistletoe",11,"gam_spatial",1,"count",17,10.8220700854196,12.471218206158
"mistletoe",11,"gam_spatial",1,"count",6,10.8220700854196,12.471218206158
"mistletoe",11,"gam_spatial",1,"count",8,10.9320308877127,12.471218206158
"mistletoe",11,"gam_spatial",1,"count",18,10.9320308877127,12.471218206158
"mistletoe",11,"gam_spatial",1,"count",11,11.0431089788373,12.471218206158
"mistletoe",11,"gam_spatial",1,"count",13,11.0431089788373,12.471218206158
"mistletoe",11,"gam_spatial",1,"count",15,11.1553157113329,12.471218206158
"mistletoe",11,"gam_spatial",1,"count",13,11.1553157113329,12.471218206158
"mistletoe",11,"gam_spatial",1,"count",12,11.2686625530895,12.471218206158
"mistletoe",11,"gam_spatial",1,"count",13,11.2686625530895,12.471218206158
"mistletoe",11,"gam_spatial",1,"count",14,10.4585265536074,12.471218206158
"mistletoe",11,"gam_spatial",1,"count",8,10.6721401338136,12.471218206158
"mistletoe",11,"gam_spatial",1,"count",12,10.6721401338136,12.471218206158
"mistletoe",11,"gam_spatial",1,"count",6,10.7805775290657,12.471218206158
"mistletoe",11,"gam_spatial",1,"count",12,10.7805775290657,12.471218206158
"mistletoe",11,"gam_spatial",1,"count",4,10.8901167341274,12.471218206158
"mistletoe",11,"gam_spatial",1,"count",9,10.8901167341274,12.471218206158
"mistletoe",11,"gam_spatial",1,"count",13,10.9220310577514,12.471218206158
"mistletoe",11,"gam_spatial",1,"count",15,10.9220310577514,12.471218206158
"mistletoe",11,"gam_spatial",1,"count",7,11.0330075426846,12.471218206158
"mistletoe",11,"gam_spatial",1,"count",5,11.1451116365893,12.471218206158
"mistletoe",11,"gam_spatial",1,"count",10,11.2583547968657,12.471218206158
"mistletoe",11,"gam_spatial",1,"count",8,11.2583547968657,12.471218206158
"mistletoe",11,"gam_spatial",1,"count",20,11.3727485973301,12.471218206158
"mistletoe",11,"gam_spatial",1,"count",5,11.3727485973301,12.471218206158
"mistletoe",11,"gam_spatial",1,"count",4,12.1289320339732,12.471218206158
"mistletoe",11,"gam_spatial",1,"count",10,12.2521715885951,12.471218206158
"mistletoe",11,"gam_spatial",1,"count",3,12.3766633546879,12.471218206158
"mistletoe",11,"gam_spatial",1,"count",6,12.3766633546879,12.471218206158
"mistletoe",11,"gam_spatial",1,"count",12,12.5024200557119,12.471218206158
"mistletoe",11,"gam_spatial",1,"count",2,12.6294545444077,12.471218206158
"mistletoe",11,"gam_spatial",1,"count",9,12.6294545444077,12.471218206158
"mistletoe",11,"gam_spatial",1,"count",13,11.1380622837246,12.471218206158
"mistletoe",11,"gam_spatial",1,"count",5,11.1380622837246,12.471218206158
"mistletoe",11,"gam_spatial",1,"count",14,11.2512338169933,12.471218206158
"mistletoe",11,"gam_spatial",1,"count",2,11.2512338169933,12.471218206158
"mistletoe",11,"gam_spatial",1,"count",5,11.365555262663,12.471218206158
"mistletoe",11,"gam_spatial",1,"count",6,11.365555262663,12.471218206158
"mistletoe",11,"gam_spatial",1,"count",8,19.8516109828954,12.471218206158
"mistletoe",11,"gam_spatial",1,"count",4,19.8516109828954,12.471218206158
"mistletoe",11,"gam_spatial",1,"count",9,19.8516109828954,12.471218206158
"mistletoe",11,"gam_spatial",1,"count",10,20.2570766738014,12.471218206158
"mistletoe",11,"gam_spatial",1,"count",18,20.2570766738014,12.471218206158
"mistletoe",11,"gam_spatial",1,"count",8,20.4629046148129,12.471218206158
"mistletoe",11,"gam_spatial",1,"count",28,20.6708239307046,12.471218206158
"mistletoe",11,"gam_spatial",1,"count",14,20.6708239307046,12.471218206158
"mistletoe",11,"gam_spatial",1,"count",9,13.2821472358602,12.471218206158
"mistletoe",11,"gam_spatial",1,"count",13,13.4171043701887,12.471218206158
"mistletoe",11,"gam_spatial",1,"count",3,13.4171043701887,12.471218206158
"mistletoe",11,"gam_spatial",1,"count",28,13.5534327758773,12.471218206158
"mistletoe",11,"gam_spatial",1,"count",19,12.4905769957509,12.471218206158
"mistletoe",11,"gam_spatial",1,"count",16,12.6174911495787,12.471218206158
"mistletoe",11,"gam_spatial",1,"count",13,12.6174911495787,12.471218206158
"mistletoe",11,"gam_spatial",1,"count",16,12.7456948517154,12.471218206158
"mistletoe",11,"gam_spatial",1,"count",10,12.8752012049931,12.471218206158
"mistletoe",11,"gam_spatial",1,"count",10,7.49179628404404,12.471218206158
"mistletoe",11,"gam_spatial",1,"count",9,7.44858740914209,12.471218206158
"mistletoe",11,"gam_spatial",1,"count",8,7.6007235074529,12.471218206158
"mistletoe",11,"gam_spatial",1,"count",4,7.6007235074529,12.471218206158
"mistletoe",11,"gam_spatial",1,"count",1,7.75596695902926,12.471218206158
"mistletoe",11,"gam_spatial",1,"count",1,7.75596695902926,12.471218206158
"mistletoe",11,"gam_spatial",1,"count",5,8.35724763793822,12.471218206158
"mistletoe",11,"gam_spatial",1,"count",6,8.70212471007839,12.471218206158
"mistletoe",11,"gam_spatial",1,"count",7,17.2869372867285,12.471218206158
"mistletoe",11,"gam_spatial",1,"count",11,17.2869372867285,12.471218206158
"mistletoe",11,"gam_spatial",1,"count",15,17.4625862594514,12.471218206158
"mistletoe",11,"gam_spatial",1,"count",6,17.6400199648373,12.471218206158
"mistletoe",11,"gam_spatial",1,"count",5,17.6400199648373,12.471218206158
"mistletoe",11,"gam_spatial",1,"count",18,19.2559317666353,12.471218206158
"mistletoe",11,"gam_spatial",1,"count",15,19.6492308134747,12.471218206158
"mistletoe",11,"gam_spatial",1,"count",17,11.4380628443341,12.471218206158
"mistletoe",11,"gam_spatial",1,"count",12,11.4380628443341,12.471218206158
"mistletoe",11,"gam_spatial",1,"count",6,11.4380628443341,12.471218206158
"mistletoe",11,"gam_spatial",1,"count",3,11.5542826208754,12.471218206158
"mistletoe",11,"gam_spatial",1,"count",45,11.6716832823832,12.471218206158
"mistletoe",11,"gam_spatial",1,"count",7,11.790276827584,12.471218206158
"mistletoe",11,"gam_spatial",1,"count",7,11.790276827584,12.471218206158
"mistletoe",11,"gam_spatial",1,"count",5,11.9100753771208,12.471218206158
"mistletoe",11,"gam_spatial",1,"count",6,11.9100753771208,12.471218206158
"mistletoe",11,"gam_spatial",1,"count",21,8.61459361685304,12.471218206158
"mistletoe",11,"gam_spatial",1,"count",21,11.416988358892,12.471218206158
"mistletoe",11,"gam_spatial",1,"count",30,11.5329940019718,12.471218206158
"mistletoe",11,"gam_spatial",1,"count",18,11.5329940019718,12.471218206158
"mistletoe",11,"gam_spatial",1,"count",19,11.6501783542527,12.471218206158
"mistletoe",11,"gam_spatial",1,"count",19,11.6501783542527,12.471218206158
"mistletoe",11,"gam_spatial",1,"count",4,17.1393871292713,12.471218206158
"mistletoe",11,"gam_spatial",1,"count",6,24.2727061598574,12.471218206158
"mistletoe",11,"gam_spatial",1,"count",20,24.2727061598574,12.471218206158
"mistletoe",11,"gam_spatial",1,"count",10,7.41643938664121,12.471218206158
"mistletoe",11,"gam_spatial",1,"count",8,8.52794296289241,12.471218206158
"mistletoe",11,"gam_spatial",1,"count",18,11.416988358892,12.471218206158
"mistletoe",11,"gam_spatial",1,"count",8,11.6666813989453,12.471218206158
"mistletoe",11,"gam_spatial",1,"count",17,13.7915564307712,12.471218206158
"mistletoe",11,"gam_spatial",1,"count",5,13.9316895659319,12.471218206158
"mistletoe",11,"gam_spatial",1,"count",17,14.0732465647201,12.471218206158
"mistletoe",11,"gam_spatial",1,"count",3,14.0732465647201,12.471218206158
"mistletoe",11,"gam_spatial",1,"count",12,16.5219229001796,12.471218206158
"mistletoe",11,"gam_spatial",1,"count",11,17.3250448662013,12.471218206158
"mistletoe",11,"gam_spatial",1,"count",5,16.4601298388564,12.471218206158
"mistletoe",11,"gam_spatial",1,"count",6,16.9669890836652,12.471218206158
"mistletoe",11,"gam_spatial",1,"count",10,23.7868636203958,12.471218206158
"mistletoe",11,"gam_spatial",1,"count",12,24.0285569920973,12.471218206158
"mistletoe",11,"gam_spatial",1,"count",30,24.0285569920973,12.471218206158
"mistletoe",11,"gam_spatial",1,"count",3,7.34184047327463,12.471218206158
"mistletoe",11,"gam_spatial",1,"count",10,7.34184047327463,12.471218206158
"mistletoe",11,"gam_spatial",1,"count",0,7.41643938664121,12.471218206158
"mistletoe",11,"gam_spatial",1,"count",6,7.49179628404404,12.471218206158
"mistletoe",11,"gam_spatial",1,"count",7,8.52794296289241,12.471218206158
"mistletoe",11,"gam_spatial",1,"count",5,8.61459361685304,12.471218206158
"mistletoe",11,"gam_spatial",1,"count",6,8.70212471007839,12.471218206158
"mistletoe",11,"gam_spatial",1,"count",9,11.5542826208754,12.471218206158
"mistletoe",11,"gam_spatial",1,"count",13,11.6716832823832,12.471218206158
"mistletoe",11,"gam_spatial",1,"count",4,13.9316895659319,12.471218206158
"mistletoe",11,"gam_spatial",2,"count",23,10.9185252081375,12.4169696969697
"mistletoe",11,"gam_spatial",2,"count",8,10.4179470986311,12.4169696969697
"mistletoe",11,"gam_spatial",2,"count",5,10.5963316355105,12.4169696969697
"mistletoe",11,"gam_spatial",2,"count",8,6.17317733728968,12.4169696969697
"mistletoe",11,"gam_spatial",2,"count",16,7.93287644149006,12.4169696969697
"mistletoe",11,"gam_spatial",2,"count",8,11.6015995110274,12.4169696969697
"mistletoe",11,"gam_spatial",2,"count",5,11.3818864696497,12.4169696969697
"mistletoe",11,"gam_spatial",2,"count",13,12.9245065923051,12.4169696969697
"mistletoe",11,"gam_spatial",2,"count",41,10.1504993135198,12.4169696969697
"mistletoe",11,"gam_spatial",2,"count",3,7.15975098296339,12.4169696969697
"mistletoe",11,"gam_spatial",2,"count",29,8.04819576133236,12.4169696969697
"mistletoe",11,"gam_spatial",2,"count",10,8.43490828549895,12.4169696969697
"mistletoe",11,"gam_spatial",2,"count",12,8.51144779930905,12.4169696969697
"mistletoe",11,"gam_spatial",2,"count",14,9.28845724603469,12.4169696969697
"mistletoe",11,"gam_spatial",2,"count",7,7.3030746822739,12.4169696969697
"mistletoe",11,"gam_spatial",2,"count",5,9.07320550749434,12.4169696969697
"mistletoe",11,"gam_spatial",2,"count",12,13.7759779604461,12.4169696969697
"mistletoe",11,"gam_spatial",2,"count",24,11.3325319675717,12.4169696969697
"mistletoe",11,"gam_spatial",2,"count",9,6.78066704972711,12.4169696969697
"mistletoe",11,"gam_spatial",2,"count",14,6.99370003396193,12.4169696969697
"mistletoe",11,"gam_spatial",2,"count",13,7.5037740978494,12.4169696969697
"mistletoe",11,"gam_spatial",2,"count",17,7.86153975233166,12.4169696969697
"mistletoe",11,"gam_spatial",2,"count",17,8.63517774497618,12.4169696969697
"mistletoe",11,"gam_spatial",2,"count",13,11.3325319675717,12.4169696969697
"mistletoe",11,"gam_spatial",2,"count",5,10.4358175574769,12.4169696969697
"mistletoe",11,"gam_spatial",2,"count",12,10.7823769279078,12.4169696969697
"mistletoe",11,"gam_spatial",2,"count",16,11.3818864696497,12.4169696969697
"mistletoe",11,"gam_spatial",2,"count",9,10.5963316355105,12.4169696969697
"mistletoe",11,"gam_spatial",2,"count",10,11.9933360816706,12.4169696969697
"mistletoe",11,"gam_spatial",2,"count",4,11.3325319675717,12.4169696969697
"mistletoe",11,"gam_spatial",2,"count",8,11.8770555070504,12.4169696969697
"mistletoe",11,"gam_spatial",2,"count",21,11.8770555070504,12.4169696969697
"mistletoe",11,"gam_spatial",2,"count",7,12.1590516362397,12.4169696969697
"mistletoe",11,"gam_spatial",2,"count",4,12.1590516362397,12.4169696969697
"mistletoe",11,"gam_spatial",2,"count",5,12.4477431805369,12.4169696969697
"mistletoe",11,"gam_spatial",2,"count",5,12.4477431805369,12.4169696969697
"mistletoe",11,"gam_spatial",2,"count",15,10.1504993135198,12.4169696969697
"mistletoe",11,"gam_spatial",2,"count",18,10.1504993135198,12.4169696969697
"mistletoe",11,"gam_spatial",2,"count",13,10.1504993135198,12.4169696969697
"mistletoe",11,"gam_spatial",2,"count",9,10.39150193526,12.4169696969697
"mistletoe",11,"gam_spatial",2,"count",5,10.39150193526,12.4169696969697
"mistletoe",11,"gam_spatial",2,"count",9,10.6382266660207,12.4169696969697
"mistletoe",11,"gam_spatial",2,"count",10,10.6382266660207,12.4169696969697
"mistletoe",11,"gam_spatial",2,"count",3,10.8908093654511,12.4169696969697
"mistletoe",11,"gam_spatial",2,"count",5,10.8908093654511,12.4169696969697
"mistletoe",11,"gam_spatial",2,"count",10,11.1493891189071,12.4169696969697
"mistletoe",11,"gam_spatial",2,"count",8,11.1493891189071,12.4169696969697
"mistletoe",11,"gam_spatial",2,"count",12,10.1937871554212,12.4169696969697
"mistletoe",11,"gam_spatial",2,"count",19,10.1937871554212,12.4169696969697
"mistletoe",11,"gam_spatial",2,"count",26,10.4358175574769,12.4169696969697
"mistletoe",11,"gam_spatial",2,"count",13,10.4358175574769,12.4169696969697
"mistletoe",11,"gam_spatial",2,"count",13,10.6835944710721,12.4169696969697
"mistletoe",11,"gam_spatial",2,"count",24,10.6835944710721,12.4169696969697
"mistletoe",11,"gam_spatial",2,"count",18,10.9372543352431,12.4169696969697
"mistletoe",11,"gam_spatial",2,"count",11,10.9372543352431,12.4169696969697
"mistletoe",11,"gam_spatial",2,"count",16,11.1969368284896,12.4169696969697
"mistletoe",11,"gam_spatial",2,"count",15,11.1969368284896,12.4169696969697
"mistletoe",11,"gam_spatial",2,"count",13,6.31974667115209,12.4169696969697
"mistletoe",11,"gam_spatial",2,"count",7,6.46979599083948,12.4169696969697
"mistletoe",11,"gam_spatial",2,"count",13,6.46979599083948,12.4169696969697
"mistletoe",11,"gam_spatial",2,"count",8,6.62340792142093,12.4169696969697
"mistletoe",11,"gam_spatial",2,"count",12,6.62340792142093,12.4169696969697
"mistletoe",11,"gam_spatial",2,"count",3,6.78066704972711,12.4169696969697
"mistletoe",11,"gam_spatial",2,"count",23,7.32974446846634,12.4169696969697
"mistletoe",11,"gam_spatial",2,"count",8,7.32974446846634,12.4169696969697
"mistletoe",11,"gam_spatial",2,"count",11,7.5037740978494,12.4169696969697
"mistletoe",11,"gam_spatial",2,"count",7,7.68193570100507,12.4169696969697
"mistletoe",11,"gam_spatial",2,"count",8,7.68193570100507,12.4169696969697
"mistletoe",11,"gam_spatial",2,"count",10,8.04819576133236,12.4169696969697
"mistletoe",11,"gam_spatial",2,"count",18,8.23928353138672,12.4169696969697
"mistletoe",11,"gam_spatial",2,"count",10,8.23928353138672,12.4169696969697
"mistletoe",11,"gam_spatial",2,"count",18,8.43490828549895,12.4169696969697
"mistletoe",11,"gam_spatial",2,"count",13,8.63517774497618,12.4169696969697
"mistletoe",11,"gam_spatial",2,"count",16,7.93287644149006,12.4169696969697
"mistletoe",11,"gam_spatial",2,"count",10,8.12122619269816,12.4169696969697
"mistletoe",11,"gam_spatial",2,"count",10,8.31404791936709,12.4169696969697
"mistletoe",11,"gam_spatial",2,"count",13,8.31404791936709,12.4169696969697
"mistletoe",11,"gam_spatial",2,"count",7,8.51144779930905,12.4169696969697
"mistletoe",11,"gam_spatial",2,"count",4,8.71353453130906,12.4169696969697
"mistletoe",11,"gam_spatial",2,"count",5,8.71353453130906,12.4169696969697
"mistletoe",11,"gam_spatial",2,"count",34,8.86261233751296,12.4169696969697
"mistletoe",11,"gam_spatial",2,"count",22,9.07303674549868,12.4169696969697
"mistletoe",11,"gam_spatial",2,"count",34,9.07303674549868,12.4169696969697
"mistletoe",11,"gam_spatial",2,"count",18,9.28845724603469,12.4169696969697
"mistletoe",11,"gam_spatial",2,"count",8,9.50899246101014,12.4169696969697
"mistletoe",11,"gam_spatial",2,"count",7,9.50899246101014,12.4169696969697
"mistletoe",11,"gam_spatial",2,"count",10,7.3030746822739,12.4169696969697
"mistletoe",11,"gam_spatial",2,"count",7,7.47647109271921,12.4169696969697
"mistletoe",11,"gam_spatial",2,"count",3,7.47647109271921,12.4169696969697
"mistletoe",11,"gam_spatial",2,"count",7,8.0555376580615,12.4169696969697
"mistletoe",11,"gam_spatial",2,"count",6,8.0555376580615,12.4169696969697
"mistletoe",11,"gam_spatial",2,"count",3,8.39070464247324,12.4169696969697
"mistletoe",11,"gam_spatial",2,"count",0,8.39070464247324,12.4169696969697
"mistletoe",11,"gam_spatial",2,"count",10,8.47590229686031,12.4169696969697
"mistletoe",11,"gam_spatial",2,"count",12,8.47590229686031,12.4169696969697
"mistletoe",11,"gam_spatial",2,"count",12,8.67714507438906,12.4169696969697
"mistletoe",11,"gam_spatial",2,"count",3,8.67714507438906,12.4169696969697
"mistletoe",11,"gam_spatial",2,"count",2,9.07320550749434,12.4169696969697
"mistletoe",11,"gam_spatial",2,"count",11,9.28863001493511,12.4169696969697
"mistletoe",11,"gam_spatial",2,"count",16,9.28863001493511,12.4169696969697
"mistletoe",11,"gam_spatial",2,"count",12,13.4564816233252,12.4169696969697
"mistletoe",11,"gam_spatial",2,"count",8,13.4564816233252,12.4169696969697
"mistletoe",11,"gam_spatial",2,"count",7,13.7759779604461,12.4169696969697
"mistletoe",11,"gam_spatial",2,"count",11,14.1030600775869,12.4169696969697
"mistletoe",11,"gam_spatial",2,"count",18,14.1030600775869,12.4169696969697
"mistletoe",11,"gam_spatial",2,"count",6,10.7823769279078,12.4169696969697
"mistletoe",11,"gam_spatial",2,"count",9,11.0383821773002,12.4169696969697
"mistletoe",11,"gam_spatial",2,"count",11,11.0383821773002,12.4169696969697
"mistletoe",11,"gam_spatial",2,"count",13,12.6247578175035,12.4169696969697
"mistletoe",11,"gam_spatial",2,"count",15,12.6247578175035,12.4169696969697
"mistletoe",11,"gam_spatial",2,"count",9,12.9245065923051,12.4169696969697
"mistletoe",11,"gam_spatial",2,"count",13,11.6521258337251,12.4169696969697
"mistletoe",11,"gam_spatial",2,"count",6,11.6521258337251,12.4169696969697
"mistletoe",11,"gam_spatial",2,"count",0,11.9287814728258,12.4169696969697
"mistletoe",11,"gam_spatial",2,"count",12,11.9287814728258,12.4169696969697
"mistletoe",11,"gam_spatial",2,"count",2,12.2120057281377,12.4169696969697
"mistletoe",11,"gam_spatial",2,"count",7,12.2120057281377,12.4169696969697
"mistletoe",11,"gam_spatial",2,"count",8,9.94031883252743,12.4169696969697
"mistletoe",11,"gam_spatial",2,"count",8,10.1763311532594,12.4169696969697
"mistletoe",11,"gam_spatial",2,"count",10,10.1763311532594,12.4169696969697
"mistletoe",11,"gam_spatial",2,"count",4,10.4179470986311,12.4169696969697
"mistletoe",11,"gam_spatial",2,"count",6,10.665299715125,12.4169696969697
"mistletoe",11,"gam_spatial",2,"count",11,10.9185252081375,12.4169696969697
"mistletoe",11,"gam_spatial",2,"count",4,9.64699104542695,12.4169696969697
"mistletoe",11,"gam_spatial",2,"count",6,9.87603890426031,12.4169696969697
"mistletoe",11,"gam_spatial",2,"count",4,9.87603890426031,12.4169696969697
"mistletoe",11,"gam_spatial",2,"count",3,10.1105250309835,12.4169696969697
"mistletoe",11,"gam_spatial",2,"count",8,10.1105250309835,12.4169696969697
"mistletoe",11,"gam_spatial",2,"count",5,10.3505785460249,12.4169696969697
"mistletoe",11,"gam_spatial",2,"count",0,12.2780930527136,12.4169696969697
"mistletoe",11,"gam_spatial",2,"count",3,12.555604957021,12.4169696969697
"mistletoe",11,"gam_spatial",2,"count",5,12.8537118401125,12.4169696969697
"mistletoe",11,"gam_spatial",2,"count",7,13.1588966548568,12.4169696969697
"mistletoe",11,"gam_spatial",2,"count",6,13.1588966548568,12.4169696969697
"mistletoe",11,"gam_spatial",2,"count",0,13.4713274521086,12.4169696969697
"mistletoe",11,"gam_spatial",2,"count",4,13.4713274521086,12.4169696969697
"mistletoe",11,"gam_spatial",2,"count",7,13.7911762727428,12.4169696969697
"mistletoe",11,"gam_spatial",2,"count",0,13.7911762727428,12.4169696969697
"mistletoe",11,"gam_spatial",2,"count",14,10.5378464445141,12.4169696969697
"mistletoe",11,"gam_spatial",2,"count",0,10.7880458231043,12.4169696969697
"mistletoe",11,"gam_spatial",2,"count",5,11.574854286103,12.4169696969697
"mistletoe",11,"gam_spatial",2,"count",21,11.9933360816706,12.4169696969697
"mistletoe",11,"gam_spatial",2,"count",20,11.9933360816706,12.4169696969697
"mistletoe",11,"gam_spatial",2,"count",16,12.2780930527136,12.4169696969697
"mistletoe",11,"gam_spatial",2,"count",31,11.0441856686937,12.4169696969697
"mistletoe",11,"gam_spatial",2,"count",8,11.443481464129,12.4169696969697
"mistletoe",11,"gam_spatial",2,"count",11,11.715183274011,12.4169696969697
"mistletoe",11,"gam_spatial",2,"count",13,12.5696109893467,12.4169696969697
"mistletoe",11,"gam_spatial",2,"count",7,12.5696109893467,12.4169696969697
"mistletoe",11,"gam_spatial",2,"count",16,11.0441856686937,12.4169696969697
"mistletoe",11,"gam_spatial",2,"count",0,11.3064070253903,12.4169696969697
"mistletoe",11,"gam_spatial",2,"count",11,11.3064070253903,12.4169696969697
"mistletoe",11,"gam_spatial",2,"count",19,11.574854286103,12.4169696969697
"mistletoe",11,"gam_spatial",3,"count",20,13.0707771297727,11.745247148289
"mistletoe",11,"gam_spatial",3,"count",80,10.3175293717314,11.745247148289
"mistletoe",11,"gam_spatial",3,"count",13,13.4516460666367,11.745247148289
"mistletoe",11,"gam_spatial",3,"count",13,13.4516460666367,11.745247148289
"mistletoe",11,"gam_spatial",3,"count",35,12.8124409481982,11.745247148289
"mistletoe",11,"gam_spatial",3,"count",4,11.7901967816236,11.745247148289
"mistletoe",11,"gam_spatial",3,"count",17,12.9048545010687,11.745247148289
"mistletoe",11,"gam_spatial",3,"count",20,18.948733431881,11.745247148289
"mistletoe",11,"gam_spatial",3,"count",13,12.5127942362063,11.745247148289
"mistletoe",11,"gam_spatial",3,"count",45,11.9144769446044,11.745247148289
"mistletoe",11,"gam_spatial",3,"count",3,11.557170513458,11.745247148289
"mistletoe",11,"gam_spatial",3,"count",8,12.5592106285054,11.745247148289
"mistletoe",11,"gam_spatial",3,"count",21,12.4922831810156,11.745247148289
"mistletoe",11,"gam_spatial",3,"count",12,10.5937997309226,11.745247148289
"mistletoe",11,"gam_spatial",3,"count",13,10.3175293717314,11.745247148289
"mistletoe",11,"gam_spatial",3,"count",23,10.9542919709201,11.745247148289
"mistletoe",11,"gam_spatial",3,"count",32,13.1857822357226,11.745247148289
"mistletoe",11,"gam_spatial",3,"count",16,13.3343221222974,11.745247148289
"mistletoe",11,"gam_spatial",3,"count",12,13.3343221222974,11.745247148289
"mistletoe",11,"gam_spatial",3,"count",14,12.6108937043362,11.745247148289
"mistletoe",11,"gam_spatial",3,"count",11,13.2632641418198,11.745247148289
"mistletoe",11,"gam_spatial",3,"count",47,12.1547075526337,11.745247148289
"mistletoe",11,"gam_spatial",3,"count",30,14.5808635865614,11.745247148289
"mistletoe",11,"gam_spatial",3,"count",10,14.5808635865614,11.745247148289
"mistletoe",11,"gam_spatial",3,"count",14,11.557170513458,11.745247148289
"mistletoe",11,"gam_spatial",3,"count",8,12.4052776840867,11.745247148289
"mistletoe",11,"gam_spatial",3,"count",15,13.0224700874866,11.745247148289
"mistletoe",11,"gam_spatial",3,"count",9,10.5937997309226,11.745247148289
"mistletoe",11,"gam_spatial",3,"count",2,10.5255608586239,11.745247148289
"mistletoe",11,"gam_spatial",3,"count",24,12.1547075526337,11.745247148289
"mistletoe",11,"gam_spatial",3,"count",9,10.384419543067,11.745247148289
"mistletoe",11,"gam_spatial",3,"count",9,11.0253103746866,11.745247148289
"mistletoe",11,"gam_spatial",3,"count",53,10.9257822949664,11.745247148289
"mistletoe",11,"gam_spatial",3,"count",4,11.6000841827201,11.745247148289
"mistletoe",11,"gam_spatial",3,"count",15,12.3616468467489,11.745247148289
"mistletoe",11,"gam_spatial",3,"count",8,20.1261998694335,11.745247148289
"mistletoe",11,"gam_spatial",3,"count",2,20.5320027640494,11.745247148289
"mistletoe",11,"gam_spatial",3,"count",7,10.8074016340975,11.745247148289
"mistletoe",11,"gam_spatial",3,"count",10,11.6000841827201,11.745247148289
"mistletoe",11,"gam_spatial",3,"count",11,10.5255608586239,11.745247148289
"mistletoe",11,"gam_spatial",3,"count",28,12.144263905962,11.745247148289
"mistletoe",11,"gam_spatial",3,"count",28,12.144263905962,11.745247148289
"mistletoe",11,"gam_spatial",3,"count",15,12.1600947055645,11.745247148289
"mistletoe",11,"gam_spatial",3,"count",28,12.2654862566031,11.745247148289
"mistletoe",11,"gam_spatial",3,"count",17,12.7650886660403,11.745247148289
"mistletoe",11,"gam_spatial",3,"count",21,13.2850410691341,11.745247148289
"mistletoe",11,"gam_spatial",3,"count",12,11.9892687905013,11.745247148289
"mistletoe",11,"gam_spatial",3,"count",5,12.231007420301,11.745247148289
"mistletoe",11,"gam_spatial",3,"count",14,12.4776202059946,11.745247148289
"mistletoe",11,"gam_spatial",3,"count",13,13.0707771297727,11.745247148289
"mistletoe",11,"gam_spatial",3,"count",16,12.2453805902905,11.745247148289
"mistletoe",11,"gam_spatial",3,"count",9,12.4922831810156,11.745247148289
"mistletoe",11,"gam_spatial",3,"count",5,13.0011235682646,11.745247148289
"mistletoe",11,"gam_spatial",3,"count",18,13.4727049820907,11.745247148289
"mistletoe",11,"gam_spatial",3,"count",24,12.3997819104393,11.745247148289
"mistletoe",11,"gam_spatial",3,"count",4,12.2654862566031,11.745247148289
"mistletoe",11,"gam_spatial",3,"count",56,18.948733431881,11.745247148289
"mistletoe",11,"gam_spatial",3,"count",3,12.3616468467489,11.745247148289
"mistletoe",11,"gam_spatial",3,"count",10,10.8074016340975,11.745247148289
"mistletoe",11,"gam_spatial",3,"count",3,12.1600947055645,11.745247148289
"mistletoe",11,"gam_spatial",3,"count",12,12.4052776840867,11.745247148289
"mistletoe",11,"gam_spatial",3,"count",7,12.6554042666196,11.745247148289
"mistletoe",11,"gam_spatial",3,"count",1,12.9105741306398,11.745247148289
"mistletoe",11,"gam_spatial",3,"count",6,12.9105741306398,11.745247148289
"mistletoe",11,"gam_spatial",3,"count",10,13.1708889634127,11.745247148289
"mistletoe",11,"gam_spatial",3,"count",12,13.1708889634127,11.745247148289
"mistletoe",11,"gam_spatial",3,"count",2,12.2654862566031,11.745247148289
"mistletoe",11,"gam_spatial",3,"count",9,12.5127942362063,11.745247148289
"mistletoe",11,"gam_spatial",3,"count",20,12.7650886660403,11.745247148289
"mistletoe",11,"gam_spatial",3,"count",15,13.0224700874866,11.745247148289
"mistletoe",11,"gam_spatial",3,"count",7,13.2850410691341,11.745247148289
"mistletoe",11,"gam_spatial",3,"count",1,11.9892687905013,11.745247148289
"mistletoe",11,"gam_spatial",3,"count",8,12.231007420301,11.745247148289
"mistletoe",11,"gam_spatial",3,"count",14,12.4776202059946,11.745247148289
"mistletoe",11,"gam_spatial",3,"count",4,12.729205424782,11.745247148289
"mistletoe",11,"gam_spatial",3,"count",9,12.9858633354182,11.745247148289
"mistletoe",11,"gam_spatial",3,"count",8,12.9858633354182,11.745247148289
"mistletoe",11,"gam_spatial",3,"count",6,20.5320027640494,11.745247148289
"mistletoe",11,"gam_spatial",3,"count",11,20.9459878286897,11.745247148289
"mistletoe",11,"gam_spatial",3,"count",26,21.3683200397684,11.745247148289
"mistletoe",11,"gam_spatial",3,"count",9,21.3683200397684,11.745247148289
"mistletoe",11,"gam_spatial",3,"count",7,21.7991677001052,11.745247148289
"mistletoe",11,"gam_spatial",3,"count",10,21.7991677001052,11.745247148289
"mistletoe",11,"gam_spatial",3,"count",11,12.8124409481982,11.745247148289
"mistletoe",11,"gam_spatial",3,"count",4,10.384419543067,11.745247148289
"mistletoe",11,"gam_spatial",3,"count",5,11.0253103746866,11.745247148289
"mistletoe",11,"gam_spatial",3,"count",11,11.2476127910946,11.745247148289
"mistletoe",11,"gam_spatial",3,"count",8,11.2476127910946,11.745247148289
"mistletoe",11,"gam_spatial",3,"count",17,10.9257822949664,11.745247148289
"mistletoe",11,"gam_spatial",3,"count",5,11.1460779349781,11.745247148289
"mistletoe",11,"gam_spatial",3,"count",11,11.1460779349781,11.745247148289
"mistletoe",11,"gam_spatial",3,"count",6,11.3708153776633,11.745247148289
"mistletoe",11,"gam_spatial",3,"count",14,11.3708153776633,11.745247148289
"mistletoe",11,"gam_spatial",3,"count",9,11.8339757156311,11.745247148289
"mistletoe",11,"gam_spatial",3,"count",8,11.8339757156311,11.745247148289
"mistletoe",11,"gam_spatial",3,"count",12,13.461861427428,11.745247148289
"mistletoe",11,"gam_spatial",3,"count",12,14.0101950412734,11.745247148289
"mistletoe",11,"gam_spatial",3,"count",10,10.7377868670902,11.745247148289
"mistletoe",11,"gam_spatial",3,"count",9,10.7377868670902,11.745247148289
"mistletoe",11,"gam_spatial",3,"count",6,10.9542919709201,11.745247148289
"mistletoe",11,"gam_spatial",3,"count",4,11.1751624491576,11.745247148289
"mistletoe",11,"gam_spatial",3,"count",3,11.1751624491576,11.745247148289
"mistletoe",11,"gam_spatial",3,"count",14,12.3616468467489,11.745247148289
"mistletoe",11,"gam_spatial",3,"count",7,12.6108937043362,11.745247148289
"mistletoe",11,"gam_spatial",3,"count",6,12.8651661055899,11.745247148289
"mistletoe",11,"gam_spatial",3,"count",7,12.8651661055899,11.745247148289
"mistletoe",11,"gam_spatial",3,"count",7,13.1245653801291,11.745247148289
"mistletoe",11,"gam_spatial",3,"count",5,13.1245653801291,11.745247148289
"mistletoe",11,"gam_spatial",3,"count",4,13.3891949006736,11.745247148289
"mistletoe",11,"gam_spatial",3,"count",13,13.3891949006736,11.745247148289
"mistletoe",11,"gam_spatial",3,"count",6,12.0279215390598,11.745247148289
"mistletoe",11,"gam_spatial",3,"count",7,12.0279215390598,11.745247148289
"mistletoe",11,"gam_spatial",3,"count",14,12.2704395210151,11.745247148289
"mistletoe",11,"gam_spatial",3,"count",12,12.2704395210151,11.745247148289
"mistletoe",11,"gam_spatial",3,"count",7,12.5178473728768,11.745247148289
"mistletoe",11,"gam_spatial",3,"count",12,12.5178473728768,11.745247148289
"mistletoe",11,"gam_spatial",3,"count",5,11.9291341771362,11.745247148289
"mistletoe",11,"gam_spatial",3,"count",8,11.9291341771362,11.745247148289
"mistletoe",11,"gam_spatial",3,"count",6,12.1696603177265,11.745247148289
"mistletoe",11,"gam_spatial",3,"count",5,12.1696603177265,11.745247148289
"mistletoe",11,"gam_spatial",3,"count",5,12.4150361668914,11.745247148289
"mistletoe",11,"gam_spatial",3,"count",3,12.4150361668914,11.745247148289
"mistletoe",11,"gam_spatial",3,"count",13,12.6697146432735,11.745247148289
"mistletoe",11,"gam_spatial",3,"count",4,12.6697146432735,11.745247148289
"mistletoe",11,"gam_spatial",3,"count",11,13.1857822357226,11.745247148289
"mistletoe",11,"gam_spatial",3,"count",11,13.7228704878688,11.745247148289
"mistletoe",11,"gam_spatial",3,"count",10,11.4383293671966,11.745247148289
"mistletoe",11,"gam_spatial",3,"count",2,11.668959451211,11.745247148289
"mistletoe",11,"gam_spatial",3,"count",8,11.9042397104341,11.745247148289
"mistletoe",11,"gam_spatial",3,"count",10,11.9042397104341,11.745247148289
"mistletoe",11,"gam_spatial",3,"count",2,12.389127689388,11.745247148289
"mistletoe",11,"gam_spatial",3,"count",5,12.2453805902905,11.745247148289
"mistletoe",11,"gam_spatial",3,"count",9,12.7441640481492,11.745247148289
"mistletoe",11,"gam_spatial",3,"count",15,12.7441640481492,11.745247148289
"mistletoe",11,"gam_spatial",3,"count",8,13.0011235682646,11.745247148289
"mistletoe",11,"gam_spatial",3,"count",9,13.2632641418198,11.745247148289
"mistletoe",11,"gam_spatial",3,"count",12,12.6895494239522,11.745247148289
"mistletoe",11,"gam_spatial",3,"count",10,12.9454077539408,11.745247148289
"mistletoe",11,"gam_spatial",3,"count",13,13.2064249341642,11.745247148289
"mistletoe",11,"gam_spatial",3,"count",22,13.2064249341642,11.745247148289
"mistletoe",11,"gam_spatial",3,"count",10,13.4727049820907,11.745247148289
"mistletoe",11,"gam_spatial",3,"count",17,13.7443540124842,11.745247148289
"mistletoe",11,"gam_spatial",3,"count",15,13.7443540124842,11.745247148289
"mistletoe",11,"gam_spatial",3,"count",9,11.9144769446044,11.745247148289
"mistletoe",11,"gam_spatial",3,"count",9,12.3997819104393,11.745247148289
"mistletoe",11,"gam_spatial",3,"count",8,12.6497976821451,11.745247148289
"mistletoe",11,"gam_spatial",3,"count",10,12.6497976821451,11.745247148289
"mistletoe",11,"gam_spatial",3,"count",12,12.9048545010687,11.745247148289
"mistletoe",11,"gam_spatial",3,"count",26,19.3307951686145,11.745247148289
"mistletoe",11,"gam_spatial",3,"count",26,19.3307951686145,11.745247148289
"mistletoe",11,"gam_spatial",3,"count",12,11.5779873795386,11.745247148289
"mistletoe",11,"gam_spatial",3,"count",4,11.8114333764443,11.745247148289
"mistletoe",11,"gam_spatial",3,"count",4,12.0495863255762,11.745247148289
"mistletoe",11,"gam_spatial",3,"count",14,12.0495863255762,11.745247148289
"mistletoe",11,"gam_spatial",3,"count",4,12.2925411328206,11.745247148289
"mistletoe",11,"gam_spatial",3,"count",9,12.2925411328206,11.745247148289
"mistletoe",11,"gam_spatial",3,"count",5,12.5403946176436,11.745247148289
"mistletoe",11,"gam_spatial",3,"count",6,12.5403946176436,11.745247148289
"mistletoe",11,"gam_spatial",3,"count",15,21.7332147901575,11.745247148289
"mistletoe",11,"gam_spatial",3,"count",21,21.7332147901575,11.745247148289
"mistletoe",11,"gam_spatial",3,"count",39,26.0095892524741,11.745247148289
"mistletoe",11,"gam_spatial",3,"count",58,27.069021645708,11.745247148289
"mistletoe",11,"gam_spatial",3,"count",18,25.3925175213304,11.745247148289
"mistletoe",11,"gam_spatial",3,"count",21,25.9045047409043,11.745247148289
"mistletoe",11,"gam_spatial",3,"count",49,26.4268151162183,11.745247148289
"mistletoe",11,"gam_spatial",3,"count",16,26.5340184380579,11.745247148289
"mistletoe",11,"gam_spatial",3,"count",18,22.1714197930079,11.745247148289
"mistletoe",11,"gam_spatial",3,"count",17,22.1714197930079,11.745247148289
"mistletoe",11,"gam_spatial",3,"count",27,22.6184602868972,11.745247148289
"mistletoe",11,"gam_spatial",3,"count",14,23.0745144210965,11.745247148289
"mistletoe",11,"gam_spatial",3,"count",11,26.4268151162183,11.745247148289
"mistletoe",11,"gam_spatial",3,"count",31,26.9596567922033,11.745247148289
"mistletoe",11,"gam_spatial",3,"count",24,27.6148120785522,11.745247148289
"mistletoe",11,"gam_spatial",3,"count",20,20.8516586612669,11.745247148289
"mistletoe",11,"gam_spatial",3,"count",20,20.8516586612669,11.745247148289
"mistletoe",11,"gam_spatial",3,"count",18,12.729205424782,11.745247148289
"mistletoe",11,"gam_spatial",3,"count",8,21.3036706500897,11.745247148289
"mistletoe",11,"gam_spatial",3,"count",21,21.3036706500897,11.745247148289
"mistletoe",11,"gam_spatial",3,"count",12,22.6184602868972,11.745247148289
"mistletoe",11,"gam_spatial",3,"count",13,23.0745144210965,11.745247148289
"mistletoe",11,"gam_spatial",3,"count",19,13.461861427428,11.745247148289
"mistletoe",11,"gam_spatial",3,"count",13,14.2926814390417,11.745247148289
"mistletoe",11,"gam_spatial",3,"count",16,24.8906494264273,11.745247148289
"mistletoe",11,"gam_spatial",3,"count",23,26.9596567922033,11.745247148289
"mistletoe",11,"gam_spatial",3,"count",15,25.4955250996627,11.745247148289
"mistletoe",11,"gam_spatial",3,"count",18,27.069021645708,11.745247148289
"mistletoe",11,"gam_spatial",3,"count",29,27.6148120785522,11.745247148289
"mistletoe",11,"gam_spatial",3,"count",32,20.4395379568465,11.745247148289
"mistletoe",11,"gam_spatial",3,"count",10,14.2926814390417,11.745247148289
"mistletoe",11,"gam_spatial",4,"count",17,13.1765568293139,11.931884057971
"mistletoe",11,"gam_spatial",4,"count",76,16.3542051987667,11.931884057971
"mistletoe",11,"gam_spatial",4,"count",42,15.7226578906481,11.931884057971
"mistletoe",11,"gam_spatial",4,"count",48,11.4161197127926,11.931884057971
"mistletoe",11,"gam_spatial",4,"count",29,13.4793320461339,11.931884057971
"mistletoe",11,"gam_spatial",4,"count",29,13.454847199655,11.931884057971
"mistletoe",11,"gam_spatial",4,"count",6,12.7414928916143,11.931884057971
"mistletoe",11,"gam_spatial",4,"count",14,16.3542051987667,11.931884057971
"mistletoe",11,"gam_spatial",4,"count",17,9.86637757575945,11.931884057971
"mistletoe",11,"gam_spatial",4,"count",14,6.40713991879741,11.931884057971
"mistletoe",11,"gam_spatial",4,"count",15,4.95238018871415,11.931884057971
"mistletoe",11,"gam_spatial",4,"count",12,13.1257212452588,11.931884057971
"mistletoe",11,"gam_spatial",4,"count",17,14.0258947995919,11.931884057971
"mistletoe",11,"gam_spatial",4,"count",11,9.25791537859999,11.931884057971
"mistletoe",11,"gam_spatial",4,"count",31,8.90040417795887,11.931884057971
"mistletoe",11,"gam_spatial",4,"count",14,8.90040417795887,11.931884057971
"mistletoe",11,"gam_spatial",4,"count",14,10.528716786849,11.931884057971
"mistletoe",11,"gam_spatial",4,"count",6,12.4357451767163,11.931884057971
"mistletoe",11,"gam_spatial",4,"count",10,11.8077279367405,11.931884057971
"mistletoe",11,"gam_spatial",4,"count",12,14.5892865725506,11.931884057971
"mistletoe",11,"gam_spatial",4,"count",27,6.93220127698,11.931884057971
"mistletoe",11,"gam_spatial",4,"count",0,13.2532928425562,11.931884057971
"mistletoe",11,"gam_spatial",4,"count",27,11.776422015043,11.931884057971
"mistletoe",11,"gam_spatial",4,"count",23,9.05077259999021,11.931884057971
"mistletoe",11,"gam_spatial",4,"count",24,9.21679450352345,11.931884057971
"mistletoe",11,"gam_spatial",4,"count",4,15.1154989277623,11.931884057971
"mistletoe",11,"gam_spatial",4,"count",11,15.1154989277623,11.931884057971
"mistletoe",11,"gam_spatial",4,"count",5,10.6749214308844,11.931884057971
"mistletoe",11,"gam_spatial",4,"count",13,6.93220127698,11.931884057971
"mistletoe",11,"gam_spatial",4,"count",11,12.5627149226864,11.931884057971
"mistletoe",11,"gam_spatial",4,"count",12,10.2837752338706,11.931884057971
"mistletoe",11,"gam_spatial",4,"count",18,13.4793320461339,11.931884057971
"mistletoe",11,"gam_spatial",4,"count",18,13.4793320461339,11.931884057971
"mistletoe",11,"gam_spatial",4,"count",33,9.44030745486768,11.931884057971
"mistletoe",11,"gam_spatial",4,"count",12,9.07575285325469,11.931884057971
"mistletoe",11,"gam_spatial",4,"count",2,9.62978707973407,11.931884057971
"mistletoe",11,"gam_spatial",4,"count",6,11.391538951822,11.931884057971
"mistletoe",11,"gam_spatial",4,"count",54,10.528716786849,11.931884057971
"mistletoe",11,"gam_spatial",4,"count",1,13.0736153786253,11.931884057971
"mistletoe",11,"gam_spatial",4,"count",19,11.8746821087893,11.931884057971
"mistletoe",11,"gam_spatial",4,"count",49,11.4161197127926,11.931884057971
"mistletoe",11,"gam_spatial",4,"count",12,13.454847199655,11.931884057971
"mistletoe",11,"gam_spatial",4,"count",10,11.068708793578,11.931884057971
"mistletoe",11,"gam_spatial",4,"count",9,9.05077259999021,11.931884057971
"mistletoe",11,"gam_spatial",4,"count",19,9.76785855907869,11.931884057971
"mistletoe",11,"gam_spatial",4,"count",5,12.1315480023315,11.931884057971
"mistletoe",11,"gam_spatial",4,"count",14,5.45841197966869,11.931884057971
"mistletoe",11,"gam_spatial",4,"count",6,6.54964077424155,11.931884057971
"mistletoe",11,"gam_spatial",4,"count",6,6.05355545543362,11.931884057971
"mistletoe",11,"gam_spatial",4,"count",8,5.62810591775136,11.931884057971
"mistletoe",11,"gam_spatial",4,"count",12,4.76113504173519,11.931884057971
"mistletoe",11,"gam_spatial",4,"count",20,5.18696274476267,11.931884057971
"mistletoe",11,"gam_spatial",4,"count",12,6.38969639184548,11.931884057971
"mistletoe",11,"gam_spatial",4,"count",7,5.9057256397241,11.931884057971
"mistletoe",11,"gam_spatial",4,"count",16,6.61785778508874,11.931884057971
"mistletoe",11,"gam_spatial",4,"count",14,5.65331934393193,11.931884057971
"mistletoe",11,"gam_spatial",4,"count",14,6.15971658520983,11.931884057971
"mistletoe",11,"gam_spatial",4,"count",7,5.92184795259319,11.931884057971
"mistletoe",11,"gam_spatial",4,"count",9,6.29671451155604,11.931884057971
"mistletoe",11,"gam_spatial",4,"count",12,5.81978642747055,11.931884057971
"mistletoe",11,"gam_spatial",4,"count",8,5.85417552804774,11.931884057971
"mistletoe",11,"gam_spatial",4,"count",7,5.4107663956553,11.931884057971
"mistletoe",11,"gam_spatial",4,"count",12,5.20181983356299,11.931884057971
"mistletoe",11,"gam_spatial",4,"count",5,4.95238018871415,11.931884057971
"mistletoe",11,"gam_spatial",4,"count",9,4.5772751731172,11.931884057971
"mistletoe",11,"gam_spatial",4,"count",3,4.4005153869359,11.931884057971
"mistletoe",11,"gam_spatial",4,"count",18,4.23058150062491,11.931884057971
"mistletoe",11,"gam_spatial",4,"count",7,13.6529548705919,11.931884057971
"mistletoe",11,"gam_spatial",4,"count",7,13.1257212452588,11.931884057971
"mistletoe",11,"gam_spatial",4,"count",14,12.6188477030227,11.931884057971
"mistletoe",11,"gam_spatial",4,"count",5,12.6188477030227,11.931884057971
"mistletoe",11,"gam_spatial",4,"count",19,12.1315480023315,11.931884057971
"mistletoe",11,"gam_spatial",4,"count",6,13.7058324170487,11.931884057971
"mistletoe",11,"gam_spatial",4,"count",7,12.1785331787395,11.931884057971
"mistletoe",11,"gam_spatial",4,"count",8,11.6111851132924,11.931884057971
"mistletoe",11,"gam_spatial",4,"count",11,11.1627981318866,11.931884057971
"mistletoe",11,"gam_spatial",4,"count",12,11.1627981318866,11.931884057971
"mistletoe",11,"gam_spatial",4,"count",6,14.5892865725506,11.931884057971
"mistletoe",11,"gam_spatial",4,"count",15,14.0258947995919,11.931884057971
"mistletoe",11,"gam_spatial",4,"count",2,13.4842594222088,11.931884057971
"mistletoe",11,"gam_spatial",4,"count",3,13.4842594222088,11.931884057971
"mistletoe",11,"gam_spatial",4,"count",11,12.9635402777095,11.931884057971
"mistletoe",11,"gam_spatial",4,"count",13,12.9635402777095,11.931884057971
"mistletoe",11,"gam_spatial",4,"count",3,11.1037113938119,11.931884057971
"mistletoe",11,"gam_spatial",4,"count",0,11.1037113938119,11.931884057971
"mistletoe",11,"gam_spatial",4,"count",2,11.1037113938119,11.931884057971
"mistletoe",11,"gam_spatial",4,"count",16,10.2626899704059,11.931884057971
"mistletoe",11,"gam_spatial",4,"count",14,10.2626899704059,11.931884057971
"mistletoe",11,"gam_spatial",4,"count",5,9.86637757575945,11.931884057971
"mistletoe",11,"gam_spatial",4,"count",13,9.48536950333279,11.931884057971
"mistletoe",11,"gam_spatial",4,"count",15,9.48536950333279,11.931884057971
"mistletoe",11,"gam_spatial",4,"count",2,10.0165961135666,11.931884057971
"mistletoe",11,"gam_spatial",4,"count",9,10.0165961135666,11.931884057971
"mistletoe",11,"gam_spatial",4,"count",0,10.0165961135666,11.931884057971
"mistletoe",11,"gam_spatial",4,"count",2,8.55669892102708,11.931884057971
"mistletoe",11,"gam_spatial",4,"count",8,8.55669892102708,11.931884057971
"mistletoe",11,"gam_spatial",4,"count",11,11.8491139884595,11.931884057971
"mistletoe",11,"gam_spatial",4,"count",10,11.8491139884595,11.931884057971
"mistletoe",11,"gam_spatial",4,"count",3,11.8491139884595,11.931884057971
"mistletoe",11,"gam_spatial",4,"count",19,10.9516340054848,11.931884057971
"mistletoe",11,"gam_spatial",4,"count",22,10.9516340054848,11.931884057971
"mistletoe",11,"gam_spatial",4,"count",22,10.1221312839853,11.931884057971
"mistletoe",11,"gam_spatial",4,"count",12,10.1221312839853,11.931884057971
"mistletoe",11,"gam_spatial",4,"count",8,13.2532928425562,11.931884057971
"mistletoe",11,"gam_spatial",4,"count",8,13.2532928425562,11.931884057971
"mistletoe",11,"gam_spatial",4,"count",7,12.2494570244284,11.931884057971
"mistletoe",11,"gam_spatial",4,"count",13,12.2494570244284,11.931884057971
"mistletoe",11,"gam_spatial",4,"count",7,11.776422015043,11.931884057971
"mistletoe",11,"gam_spatial",4,"count",18,11.3216541108571,11.931884057971
"mistletoe",11,"gam_spatial",4,"count",7,11.3216541108571,11.931884057971
"mistletoe",11,"gam_spatial",4,"count",7,13.5987560168796,11.931884057971
"mistletoe",11,"gam_spatial",4,"count",5,13.5987560168796,11.931884057971
"mistletoe",11,"gam_spatial",4,"count",2,13.5987560168796,11.931884057971
"mistletoe",11,"gam_spatial",4,"count",22,12.5687539989741,11.931884057971
"mistletoe",11,"gam_spatial",4,"count",17,12.5687539989741,11.931884057971
"mistletoe",11,"gam_spatial",4,"count",15,12.0833887575588,11.931884057971
"mistletoe",11,"gam_spatial",4,"count",22,12.0833887575588,11.931884057971
"mistletoe",11,"gam_spatial",4,"count",14,11.6167667756259,11.931884057971
"mistletoe",11,"gam_spatial",4,"count",13,11.6167667756259,11.931884057971
"mistletoe",11,"gam_spatial",4,"count",13,9.41432379544776,11.931884057971
"mistletoe",11,"gam_spatial",4,"count",6,9.41432379544776,11.931884057971
"mistletoe",11,"gam_spatial",4,"count",8,8.70126059360128,11.931884057971
"mistletoe",11,"gam_spatial",4,"count",9,8.70126059360128,11.931884057971
"mistletoe",11,"gam_spatial",4,"count",21,9.58701446243017,11.931884057971
"mistletoe",11,"gam_spatial",4,"count",10,9.58701446243017,11.931884057971
"mistletoe",11,"gam_spatial",4,"count",8,9.21679450352345,11.931884057971
"mistletoe",11,"gam_spatial",4,"count",19,8.86087126008626,11.931884057971
"mistletoe",11,"gam_spatial",4,"count",13,8.86087126008626,11.931884057971
"mistletoe",11,"gam_spatial",4,"count",24,8.86087126008626,11.931884057971
"mistletoe",11,"gam_spatial",4,"count",11,10.2837752338706,11.931884057971
"mistletoe",11,"gam_spatial",4,"count",24,9.88664859351667,11.931884057971
"mistletoe",11,"gam_spatial",4,"count",14,9.88664859351667,11.931884057971
"mistletoe",11,"gam_spatial",4,"count",25,9.50485771895796,11.931884057971
"mistletoe",11,"gam_spatial",4,"count",8,9.50485771895796,11.931884057971
"mistletoe",11,"gam_spatial",4,"count",23,9.50485771895796,11.931884057971
"mistletoe",11,"gam_spatial",4,"count",19,10.4791191280743,11.931884057971
"mistletoe",11,"gam_spatial",4,"count",9,12.8478053424079,11.931884057971
"mistletoe",11,"gam_spatial",4,"count",15,10.9752655357693,11.931884057971
"mistletoe",11,"gam_spatial",4,"count",11,10.9752655357693,11.931884057971
"mistletoe",11,"gam_spatial",4,"count",5,16.3542051987667,11.931884057971
"mistletoe",11,"gam_spatial",4,"count",8,15.7226578906481,11.931884057971
"mistletoe",11,"gam_spatial",4,"count",3,14.5317865099056,11.931884057971
"mistletoe",11,"gam_spatial",4,"count",6,14.5317865099056,11.931884057971
"mistletoe",11,"gam_spatial",4,"count",14,5.61203129923841,11.931884057971
"mistletoe",11,"gam_spatial",4,"count",6,5.61203129923841,11.931884057971
"mistletoe",11,"gam_spatial",4,"count",15,5.39531252770329,11.931884057971
"mistletoe",11,"gam_spatial",4,"count",18,5.39531252770329,11.931884057971
"mistletoe",11,"gam_spatial",4,"count",33,5.18696274476267,11.931884057971
"mistletoe",11,"gam_spatial",4,"count",6,11.4343971879511,11.931884057971
"mistletoe",11,"gam_spatial",4,"count",6,11.4343971879511,11.931884057971
"mistletoe",11,"gam_spatial",4,"count",13,11.4343971879511,11.931884057971
"mistletoe",11,"gam_spatial",4,"count",9,10.5683288385738,11.931884057971
"mistletoe",11,"gam_spatial",4,"count",25,10.1602136444576,11.931884057971
"mistletoe",11,"gam_spatial",4,"count",3,11.7399889438721,11.931884057971
"mistletoe",11,"gam_spatial",4,"count",13,11.7399889438721,11.931884057971
"mistletoe",11,"gam_spatial",4,"count",20,10.4317520104167,11.931884057971
"mistletoe",11,"gam_spatial",4,"count",11,12.1726894888153,11.931884057971
"mistletoe",11,"gam_spatial",4,"count",16,12.1726894888153,11.931884057971
"mistletoe",11,"gam_spatial",4,"count",15,11.7026189971105,11.931884057971
"mistletoe",11,"gam_spatial",4,"count",6,11.2507011303762,11.931884057971
"mistletoe",11,"gam_spatial",4,"count",5,11.1497334373072,11.931884057971
"mistletoe",11,"gam_spatial",4,"count",12,11.1497334373072,11.931884057971
"mistletoe",11,"gam_spatial",4,"count",5,9.40874199292202,11.931884057971
"mistletoe",11,"gam_spatial",4,"count",7,9.40874199292202,11.931884057971
"mistletoe",11,"gam_spatial",4,"count",10,8.69610157003093,11.931884057971
"mistletoe",11,"gam_spatial",4,"count",11,8.69610157003093,11.931884057971
"mistletoe",11,"gam_spatial",4,"count",14,8.36028582900727,11.931884057971
"mistletoe",11,"gam_spatial",4,"count",17,8.36028582900727,11.931884057971
"mistletoe",11,"gam_spatial",4,"count",8,8.03743822215386,11.931884057971
"mistletoe",11,"gam_spatial",4,"count",7,8.03743822215386,11.931884057971
"mistletoe",11,"gam_spatial",4,"count",7,11.9750745259829,11.931884057971
"mistletoe",11,"gam_spatial",4,"count",3,11.9750745259829,11.931884057971
"mistletoe",11,"gam_spatial",4,"count",12,11.5126352946362,11.931884057971
"mistletoe",11,"gam_spatial",4,"count",11,11.0680539932944,11.931884057971
"mistletoe",11,"gam_spatial",4,"count",11,10.6406410055877,11.931884057971
"mistletoe",11,"gam_spatial",4,"count",11,10.2297333459331,11.931884057971
"mistletoe",11,"gam_spatial",4,"count",7,6.38969639184548,11.931884057971
"mistletoe",11,"gam_spatial",4,"count",4,6.38969639184548,11.931884057971
"mistletoe",11,"gam_spatial",4,"count",7,6.14294667170198,11.931884057971
"mistletoe",11,"gam_spatial",4,"count",2,6.14294667170198,11.931884057971
"mistletoe",11,"gam_spatial",4,"count",10,5.9057256397241,11.931884057971
"mistletoe",11,"gam_spatial",4,"count",10,5.67766532832881,11.931884057971
"mistletoe",11,"gam_spatial",4,"count",14,5.67766532832881,11.931884057971
"mistletoe",11,"gam_spatial",4,"count",21,5.45841197966869,11.931884057971
"mistletoe",11,"gam_spatial",4,"count",10,6.61785778508874,11.931884057971
"mistletoe",11,"gam_spatial",4,"count",4,6.61785778508874,11.931884057971
"mistletoe",11,"gam_spatial",4,"count",12,6.36229719875101,11.931884057971
"mistletoe",11,"gam_spatial",4,"count",6,6.36229719875101,11.931884057971
"mistletoe",11,"gam_spatial",4,"count",12,6.11660554816412,11.931884057971
"mistletoe",11,"gam_spatial",4,"count",30,6.11660554816412,11.931884057971
"mistletoe",11,"gam_spatial",4,"count",12,5.88040172646717,11.931884057971
"mistletoe",11,"gam_spatial",4,"count",9,5.88040172646717,11.931884057971
"mistletoe",11,"gam_spatial",4,"count",28,5.65331934393193,11.931884057971
"mistletoe",11,"gam_spatial",4,"count",7,6.93220127698,11.931884057971
"mistletoe",11,"gam_spatial",4,"count",3,6.6645017463331,11.931884057971
"mistletoe",11,"gam_spatial",4,"count",8,6.6645017463331,11.931884057971
"mistletoe",11,"gam_spatial",4,"count",7,6.40713991879741,11.931884057971
"mistletoe",11,"gam_spatial",4,"count",17,6.15971658520983,11.931884057971
"mistletoe",11,"gam_spatial",4,"count",15,5.92184795259319,11.931884057971
"mistletoe",11,"gam_spatial",4,"count",13,14.0207695008047,11.931884057971
"mistletoe",11,"gam_spatial",4,"count",13,14.0207695008047,11.931884057971
"mistletoe",11,"gam_spatial",4,"count",23,14.0207695008047,11.931884057971
"mistletoe",11,"gam_spatial",4,"count",13,14.0207695008047,11.931884057971
"mistletoe",11,"gam_spatial",4,"count",12,12.9588031812023,11.931884057971
"mistletoe",11,"gam_spatial",4,"count",10,12.9588031812023,11.931884057971
"mistletoe",11,"gam_spatial",4,"count",9,12.4583754828791,11.931884057971
"mistletoe",11,"gam_spatial",4,"count",7,12.4583754828791,11.931884057971
"mistletoe",11,"gam_spatial",4,"count",18,11.9772727081422,11.931884057971
"mistletoe",11,"gam_spatial",4,"count",6,11.9772727081422,11.931884057971
"mistletoe",11,"gam_spatial",4,"count",11,13.9953011476572,11.931884057971
"mistletoe",11,"gam_spatial",4,"count",5,12.9352638614976,11.931884057971
"mistletoe",11,"gam_spatial",4,"count",3,12.9352638614976,11.931884057971
"mistletoe",11,"gam_spatial",4,"count",6,12.4357451767163,11.931884057971
"mistletoe",11,"gam_spatial",4,"count",6,12.2820204415644,11.931884057971
"mistletoe",11,"gam_spatial",4,"count",4,11.8077279367405,11.931884057971
"mistletoe",11,"gam_spatial",4,"count",11,11.3517510975845,11.931884057971
"mistletoe",11,"gam_spatial",4,"count",6,11.3517510975845,11.931884057971
"mistletoe",11,"gam_spatial",4,"count",9,10.9133826314329,11.931884057971
"mistletoe",11,"gam_spatial",4,"count",13,10.9133826314329,11.931884057971
"mistletoe",11,"gam_spatial",4,"count",13,9.81950547611811,11.931884057971
"mistletoe",11,"gam_spatial",4,"count",13,9.81950547611811,11.931884057971
"mistletoe",11,"gam_spatial",4,"count",12,9.07575285325469,11.931884057971
"mistletoe",11,"gam_spatial",4,"count",4,6.54964077424155,11.931884057971
"mistletoe",11,"gam_spatial",4,"count",3,6.29671451155604,11.931884057971
"mistletoe",11,"gam_spatial",4,"count",12,6.05355545543362,11.931884057971
"mistletoe",11,"gam_spatial",4,"count",10,5.81978642747055,11.931884057971
"mistletoe",11,"gam_spatial",4,"count",16,5.59504481469128,11.931884057971
"mistletoe",11,"gam_spatial",4,"count",16,5.59504481469128,11.931884057971
"mistletoe",11,"gam_spatial",4,"count",8,6.0893258964973,11.931884057971
"mistletoe",11,"gam_spatial",4,"count",13,6.0893258964973,11.931884057971
"mistletoe",11,"gam_spatial",4,"count",9,6.0893258964973,11.931884057971
"mistletoe",11,"gam_spatial",4,"count",19,5.62810591775136,11.931884057971
"mistletoe",11,"gam_spatial",4,"count",10,5.4107663956553,11.931884057971
"mistletoe",11,"gam_spatial",4,"count",17,5.20181983356299,11.931884057971
"mistletoe",11,"gam_spatial",4,"count",10,4.95238018871415,11.931884057971
"mistletoe",11,"gam_spatial",4,"count",8,4.76113504173519,11.931884057971
"mistletoe",11,"gam_spatial",4,"count",10,4.5772751731172,11.931884057971
"mistletoe",11,"gam_spatial",4,"count",12,4.4005153869359,11.931884057971
"mistletoe",11,"gam_spatial",4,"count",20,4.23058150062491,11.931884057971
"mistletoe",11,"gam_spatial",4,"count",7,11.5133163969201,11.931884057971
"mistletoe",11,"gam_spatial",4,"count",11,11.5133163969201,11.931884057971
"mistletoe",11,"gam_spatial",4,"count",6,11.068708793578,11.931884057971
"mistletoe",11,"gam_spatial",4,"count",8,10.64127051957,11.931884057971
"mistletoe",11,"gam_spatial",4,"count",8,10.64127051957,11.931884057971
"mistletoe",11,"gam_spatial",4,"count",7,9.91243266702047,11.931884057971
"mistletoe",11,"gam_spatial",4,"count",24,9.91243266702047,11.931884057971
"mistletoe",11,"gam_spatial",4,"count",37,9.52964609367887,11.931884057971
"mistletoe",11,"gam_spatial",4,"count",24,9.52964609367887,11.931884057971
"mistletoe",11,"gam_spatial",4,"count",15,9.16164151842507,11.931884057971
"mistletoe",11,"gam_spatial",4,"count",8,9.16164151842507,11.931884057971
"mistletoe",11,"gam_spatial",4,"count",20,11.6111851132924,11.931884057971
"mistletoe",11,"gam_spatial",4,"count",18,10.4791191280743,11.931884057971
"mistletoe",11,"gam_spatial",4,"count",25,11.3378767940027,11.931884057971
"mistletoe",11,"gam_spatial",4,"count",20,10.9000441092587,11.931884057971
"mistletoe",11,"gam_spatial",4,"count",25,10.7191662496641,11.931884057971
"mistletoe",11,"gam_spatial",4,"count",18,10.3052261952271,11.931884057971
"mistletoe",11,"gam_spatial",4,"count",15,10.3052261952271,11.931884057971
"mistletoe",11,"gam_spatial",4,"count",9,9.9072711870781,11.931884057971
"mistletoe",11,"gam_spatial",4,"count",19,9.9072711870781,11.931884057971
"mistletoe",11,"gam_spatial",4,"count",7,12.6677201787594,11.931884057971
"mistletoe",11,"gam_spatial",4,"count",11,12.1785331787395,11.931884057971
"mistletoe",11,"gam_spatial",4,"count",18,11.3378767940027,11.931884057971
"mistletoe",11,"gam_spatial",4,"count",15,10.4791191280743,11.931884057971
"mistletoe",11,"gam_spatial",4,"count",9,10.9928371930603,11.931884057971
"mistletoe",11,"gam_spatial",4,"count",6,10.9928371930603,11.931884057971
"mistletoe",11,"gam_spatial",4,"count",7,10.5683288385738,11.931884057971
"mistletoe",11,"gam_spatial",4,"count",11,10.1602136444576,11.931884057971
"mistletoe",11,"gam_spatial",4,"count",5,11.2866279688366,11.931884057971
"mistletoe",11,"gam_spatial",4,"count",10,11.2866279688366,11.931884057971
"mistletoe",11,"gam_spatial",4,"count",9,10.8507743504662,11.931884057971
"mistletoe",11,"gam_spatial",4,"count",11,10.8507743504662,11.931884057971
"mistletoe",11,"gam_spatial",4,"count",8,10.4317520104167,11.931884057971
"mistletoe",11,"gam_spatial",4,"count",8,10.0289109783355,11.931884057971
"mistletoe",11,"gam_spatial",4,"count",8,10.0289109783355,11.931884057971
"mistletoe",11,"gam_spatial",4,"count",9,11.7026189971105,11.931884057971
"mistletoe",11,"gam_spatial",4,"count",9,11.2507011303762,11.931884057971
"mistletoe",11,"gam_spatial",4,"count",6,10.8162348920616,11.931884057971
"mistletoe",11,"gam_spatial",4,"count",47,10.8162348920616,11.931884057971
"mistletoe",11,"gam_spatial",4,"count",12,10.3985463558694,11.931884057971
"mistletoe",11,"gam_spatial",4,"count",17,10.3985463558694,11.931884057971
"mistletoe",11,"gam_spatial",4,"count",13,9.52468393364974,11.931884057971
"mistletoe",11,"gam_spatial",4,"count",8,9.52468393364974,11.931884057971
"mistletoe",11,"gam_spatial",4,"count",6,9.04540634889694,11.931884057971
"mistletoe",11,"gam_spatial",4,"count",21,11.5126352946362,11.931884057971
"mistletoe",11,"gam_spatial",4,"count",14,11.0680539932944,11.931884057971
"mistletoe",11,"gam_spatial",4,"count",12,10.6406410055877,11.931884057971
"mistletoe",11,"gam_spatial",4,"count",7,10.2297333459331,11.931884057971
"mistletoe",11,"gam_spatial",4,"count",23,10.9000441092587,11.931884057971
"mistletoe",11,"gam_spatial",5,"count",11,9.72381078718712,12.1486643437863
"mistletoe",11,"gam_spatial",5,"count",21,15.3672950181317,12.1486643437863
"mistletoe",11,"gam_spatial",5,"count",12,15.0314052278496,12.1486643437863
"mistletoe",11,"gam_spatial",5,"count",10,15.1402222919174,12.1486643437863
"mistletoe",11,"gam_spatial",5,"count",37,11.9435638330163,12.1486643437863
"mistletoe",11,"gam_spatial",5,"count",10,15.0810306094185,12.1486643437863
"mistletoe",11,"gam_spatial",5,"count",56,8.44705066131625,12.1486643437863
"mistletoe",11,"gam_spatial",5,"count",11,15.9943588524289,12.1486643437863
"mistletoe",11,"gam_spatial",5,"count",20,33.6491142760908,12.1486643437863
"mistletoe",11,"gam_spatial",5,"count",15,9.83750337552978,12.1486643437863
"mistletoe",11,"gam_spatial",5,"count",19,11.8055313836868,12.1486643437863
"mistletoe",11,"gam_spatial",5,"count",18,15.3490541487135,12.1486643437863
"mistletoe",11,"gam_spatial",5,"count",7,8.44705066131625,12.1486643437863
"mistletoe",11,"gam_spatial",5,"count",8,9.96349060714943,12.1486643437863
"mistletoe",11,"gam_spatial",5,"count",20,9.96349060714943,12.1486643437863
"mistletoe",11,"gam_spatial",5,"count",8,10.0799855761329,12.1486643437863
"mistletoe",11,"gam_spatial",5,"count",2,12.2244893042345,12.1486643437863
"mistletoe",11,"gam_spatial",5,"count",23,29.9751413807596,12.1486643437863
"mistletoe",11,"gam_spatial",5,"count",11,9.96349060714943,12.1486643437863
"mistletoe",11,"gam_spatial",5,"count",2,10.0799855761329,12.1486643437863
"mistletoe",11,"gam_spatial",5,"count",15,29.5259165546289,12.1486643437863
"mistletoe",11,"gam_spatial",5,"count",13,14.8576864191696,12.1486643437863
"mistletoe",11,"gam_spatial",5,"count",14,15.0314052278496,12.1486643437863
"mistletoe",11,"gam_spatial",5,"count",9,27.6168987679106,12.1486643437863
"mistletoe",11,"gam_spatial",5,"count",7,24.6776633657985,12.1486643437863
"mistletoe",11,"gam_spatial",5,"count",21,9.72381078718712,12.1486643437863
"mistletoe",11,"gam_spatial",5,"count",7,9.83750337552978,12.1486643437863
"mistletoe",11,"gam_spatial",5,"count",9,8.54581513489198,12.1486643437863
"mistletoe",11,"gam_spatial",5,"count",23,12.3674202868074,12.1486643437863
"mistletoe",11,"gam_spatial",5,"count",11,15.317244562108,12.1486643437863
"mistletoe",11,"gam_spatial",5,"count",3,15.317244562108,12.1486643437863
"mistletoe",11,"gam_spatial",5,"count",19,31.4404293479144,12.1486643437863
"mistletoe",11,"gam_spatial",5,"count",9,29.4375433967919,12.1486643437863
"mistletoe",11,"gam_spatial",5,"count",11,29.7817325811024,12.1486643437863
"mistletoe",11,"gam_spatial",5,"count",7,29.7817325811024,12.1486643437863
"mistletoe",11,"gam_spatial",5,"count",10,30.1299460888082,12.1486643437863
"mistletoe",11,"gam_spatial",5,"count",9,30.4822309730407,12.1486643437863
"mistletoe",11,"gam_spatial",5,"count",14,30.3153723397076,12.1486643437863
"mistletoe",11,"gam_spatial",5,"count",10,30.3153723397076,12.1486643437863
"mistletoe",11,"gam_spatial",5,"count",14,31.213187652086,12.1486643437863
"mistletoe",11,"gam_spatial",5,"count",10,31.5781379963755,12.1486643437863
"mistletoe",11,"gam_spatial",5,"count",9,31.9473554073706,12.1486643437863
"mistletoe",11,"gam_spatial",5,"count",12,35.9178064268636,12.1486643437863
"mistletoe",11,"gam_spatial",5,"count",8,27.9398006395779,12.1486643437863
"mistletoe",11,"gam_spatial",5,"count",8,27.9398006395779,12.1486643437863
"mistletoe",11,"gam_spatial",5,"count",0,28.2664779394568,12.1486643437863
"mistletoe",11,"gam_spatial",5,"count",9,28.5969748105501,12.1486643437863
"mistletoe",11,"gam_spatial",5,"count",11,26.2811417325469,12.1486643437863
"mistletoe",11,"gam_spatial",5,"count",11,26.5884256867053,12.1486643437863
"mistletoe",11,"gam_spatial",5,"count",23,26.5884256867053,12.1486643437863
"mistletoe",11,"gam_spatial",5,"count",4,26.8993024615044,12.1486643437863
"mistletoe",11,"gam_spatial",5,"count",12,27.2138140648659,12.1486643437863
"mistletoe",11,"gam_spatial",5,"count",10,34.0425459235401,12.1486643437863
"mistletoe",11,"gam_spatial",5,"count",13,34.0425459235401,12.1486643437863
"mistletoe",11,"gam_spatial",5,"count",13,34.4405776463417,12.1486643437863
"mistletoe",11,"gam_spatial",5,"count",10,34.843263229425,12.1486643437863
"mistletoe",11,"gam_spatial",5,"count",10,29.8711390141928,12.1486643437863
"mistletoe",11,"gam_spatial",5,"count",12,30.2203978783967,12.1486643437863
"mistletoe",11,"gam_spatial",5,"count",13,30.5737403416281,12.1486643437863
"mistletoe",11,"gam_spatial",5,"count",15,30.3256162598068,12.1486643437863
"mistletoe",11,"gam_spatial",5,"count",17,30.3256162598068,12.1486643437863
"mistletoe",11,"gam_spatial",5,"count",0,30.6801889557509,12.1486643437863
"mistletoe",11,"gam_spatial",5,"count",8,24.9661991552859,12.1486643437863
"mistletoe",11,"gam_spatial",5,"count",10,25.2581085584165,12.1486643437863
"mistletoe",11,"gam_spatial",5,"count",10,30.6503996367115,12.1486643437863
"mistletoe",11,"gam_spatial",5,"count",16,31.0087697597735,12.1486643437863
"mistletoe",11,"gam_spatial",5,"count",8,31.371330012381,12.1486643437863
"mistletoe",11,"gam_spatial",5,"count",23,31.7381293863013,12.1486643437863
"mistletoe",11,"gam_spatial",5,"count",23,27.2123332992782,12.1486643437863
"mistletoe",11,"gam_spatial",5,"count",8,27.5305049169032,12.1486643437863
"mistletoe",11,"gam_spatial",5,"count",5,27.8523966557375,12.1486643437863
"mistletoe",11,"gam_spatial",5,"count",19,28.1780520121242,12.1486643437863
"mistletoe",11,"gam_spatial",5,"count",12,33.7306120323568,12.1486643437863
"mistletoe",11,"gam_spatial",5,"count",10,34.1249965665967,12.1486643437863
"mistletoe",11,"gam_spatial",5,"count",9,34.1249965665967,12.1486643437863
"mistletoe",11,"gam_spatial",5,"count",17,34.523992317517,12.1486643437863
"mistletoe",11,"gam_spatial",5,"count",10,34.9276532003135,12.1486643437863
"mistletoe",11,"gam_spatial",5,"count",7,9.72381078718712,12.1486643437863
"mistletoe",11,"gam_spatial",5,"count",8,9.952525278575,12.1486643437863
"mistletoe",11,"gam_spatial",5,"count",12,9.952525278575,12.1486643437863
"mistletoe",11,"gam_spatial",5,"count",5,10.0688920389153,12.1486643437863
"mistletoe",11,"gam_spatial",5,"count",11,10.0688920389153,12.1486643437863
"mistletoe",11,"gam_spatial",5,"count",17,10.1866193808701,12.1486643437863
"mistletoe",11,"gam_spatial",5,"count",15,10.1866193808701,12.1486643437863
"mistletoe",11,"gam_spatial",5,"count",2,8.44705066131625,12.1486643437863
"mistletoe",11,"gam_spatial",5,"count",5,8.54581513489198,12.1486643437863
"mistletoe",11,"gam_spatial",5,"count",7,8.64573438090038,12.1486643437863
"mistletoe",11,"gam_spatial",5,"count",16,8.64573438090038,12.1486643437863
"mistletoe",11,"gam_spatial",5,"count",8,8.74682190115354,12.1486643437863
"mistletoe",11,"gam_spatial",5,"count",4,8.74682190115354,12.1486643437863
"mistletoe",11,"gam_spatial",5,"count",11,8.84909135532937,12.1486643437863
"mistletoe",11,"gam_spatial",5,"count",15,8.84909135532937,12.1486643437863
"mistletoe",11,"gam_spatial",5,"count",6,10.19784262577,12.1486643437863
"mistletoe",11,"gam_spatial",5,"count",10,10.19784262577,12.1486643437863
"mistletoe",11,"gam_spatial",5,"count",6,10.3170776817589,12.1486643437863
"mistletoe",11,"gam_spatial",5,"count",5,10.3170776817589,12.1486643437863
"mistletoe",11,"gam_spatial",5,"count",11,10.4377068560037,12.1486643437863
"mistletoe",11,"gam_spatial",5,"count",13,10.4377068560037,12.1486643437863
"mistletoe",11,"gam_spatial",5,"count",7,11.8055313836868,12.1486643437863
"mistletoe",11,"gam_spatial",5,"count",17,11.9435638330163,12.1486643437863
"mistletoe",11,"gam_spatial",5,"count",3,12.0832101831901,12.1486643437863
"mistletoe",11,"gam_spatial",5,"count",9,12.0832101831901,12.1486643437863
"mistletoe",11,"gam_spatial",5,"count",6,12.2244893042345,12.1486643437863
"mistletoe",11,"gam_spatial",5,"count",27,12.3674202868074,12.1486643437863
"mistletoe",11,"gam_spatial",5,"count",19,31.0284225129017,12.1486643437863
"mistletoe",11,"gam_spatial",5,"count",10,35.5027022866791,12.1486643437863
"mistletoe",11,"gam_spatial",5,"count",20,36.7626318773458,12.1486643437863
"mistletoe",11,"gam_spatial",5,"count",6,29.9650158502301,12.1486643437863
"mistletoe",11,"gam_spatial",5,"count",15,30.3153723397076,12.1486643437863
"mistletoe",11,"gam_spatial",5,"count",18,35.9178064268636,12.1486643437863
"mistletoe",11,"gam_spatial",5,"count",18,36.337764041181,12.1486643437863
"mistletoe",11,"gam_spatial",5,"count",8,31.0770705103397,12.1486643437863
"mistletoe",11,"gam_spatial",5,"count",11,31.4404293479144,12.1486643437863
"mistletoe",11,"gam_spatial",5,"count",18,31.8080366440044,12.1486643437863
"mistletoe",11,"gam_spatial",5,"count",10,32.1799420723702,12.1486643437863
"mistletoe",11,"gam_spatial",5,"count",19,30.6698252618494,12.1486643437863
"mistletoe",11,"gam_spatial",5,"count",11,30.852455059768,12.1486643437863
"mistletoe",11,"xgboost",1,"count",21,6.65120887756348,12.471218206158
"mistletoe",11,"xgboost",1,"count",24,15.9224224090576,12.471218206158
"mistletoe",11,"xgboost",1,"count",31,11.4819650650024,12.471218206158
"mistletoe",11,"xgboost",1,"count",8,22.6922855377197,12.471218206158
"mistletoe",11,"xgboost",1,"count",16,10.2026243209839,12.471218206158
"mistletoe",11,"xgboost",1,"count",0,13.6769237518311,12.471218206158
"mistletoe",11,"xgboost",1,"count",21,9.50346374511719,12.471218206158
"mistletoe",11,"xgboost",1,"count",3,9.50346374511719,12.471218206158
"mistletoe",11,"xgboost",1,"count",40,9.23093605041504,12.471218206158
"mistletoe",11,"xgboost",1,"count",18,6.11271524429321,12.471218206158
"mistletoe",11,"xgboost",1,"count",11,13.0888929367065,12.471218206158
"mistletoe",11,"xgboost",1,"count",16,8.22546005249023,12.471218206158
"mistletoe",11,"xgboost",1,"count",19,19.5336093902588,12.471218206158
"mistletoe",11,"xgboost",1,"count",28,5.65058565139771,12.471218206158
"mistletoe",11,"xgboost",1,"count",12,7.54646730422974,12.471218206158
"mistletoe",11,"xgboost",1,"count",15,3.32699298858643,12.471218206158
"mistletoe",11,"xgboost",1,"count",27,10.674859046936,12.471218206158
"mistletoe",11,"xgboost",1,"count",14,4.96654748916626,12.471218206158
"mistletoe",11,"xgboost",1,"count",13,11.6116952896118,12.471218206158
"mistletoe",11,"xgboost",1,"count",4,16.3008441925049,12.471218206158
"mistletoe",11,"xgboost",1,"count",9,12.2994947433472,12.471218206158
"mistletoe",11,"xgboost",1,"count",17,10.3510122299194,12.471218206158
"mistletoe",11,"xgboost",1,"count",18,10.3510122299194,12.471218206158
"mistletoe",11,"xgboost",1,"count",7,14.0131988525391,12.471218206158
"mistletoe",11,"xgboost",1,"count",15,10.674859046936,12.471218206158
"mistletoe",11,"xgboost",1,"count",46,6.2527494430542,12.471218206158
"mistletoe",11,"xgboost",1,"count",14,4.38510704040527,12.471218206158
"mistletoe",11,"xgboost",1,"count",5,8.13548469543457,12.471218206158
"mistletoe",11,"xgboost",1,"count",11,19.0213966369629,12.471218206158
"mistletoe",11,"xgboost",1,"count",18,14.1138887405396,12.471218206158
"mistletoe",11,"xgboost",1,"count",9,6.65503358840942,12.471218206158
"mistletoe",11,"xgboost",1,"count",9,9.69298458099365,12.471218206158
"mistletoe",11,"xgboost",1,"count",7,15.9224224090576,12.471218206158
"mistletoe",11,"xgboost",1,"count",12,17.0970973968506,12.471218206158
"mistletoe",11,"xgboost",1,"count",8,11.5819063186646,12.471218206158
"mistletoe",11,"xgboost",1,"count",4,10.3228597640991,12.471218206158
"mistletoe",11,"xgboost",1,"count",10,7.54646730422974,12.471218206158
"mistletoe",11,"xgboost",1,"count",33,22.6922855377197,12.471218206158
"mistletoe",11,"xgboost",1,"count",23,18.1511573791504,12.471218206158
"mistletoe",11,"xgboost",1,"count",18,13.3118457794189,12.471218206158
"mistletoe",11,"xgboost",1,"count",15,8.36278247833252,12.471218206158
"mistletoe",11,"xgboost",1,"count",6,8.36278247833252,12.471218206158
"mistletoe",11,"xgboost",1,"count",8,3.32699298858643,12.471218206158
"mistletoe",11,"xgboost",1,"count",9,6.36217212677002,12.471218206158
"mistletoe",11,"xgboost",1,"count",12,6.36217212677002,12.471218206158
"mistletoe",11,"xgboost",1,"count",8,8.08329200744629,12.471218206158
"mistletoe",11,"xgboost",1,"count",10,8.08329200744629,12.471218206158
"mistletoe",11,"xgboost",1,"count",4,6.65120887756348,12.471218206158
"mistletoe",11,"xgboost",1,"count",6,8.5616979598999,12.471218206158
"mistletoe",11,"xgboost",1,"count",3,8.5616979598999,12.471218206158
"mistletoe",11,"xgboost",1,"count",6,15.1653823852539,12.471218206158
"mistletoe",11,"xgboost",1,"count",2,15.1653823852539,12.471218206158
"mistletoe",11,"xgboost",1,"count",2,15.1653823852539,12.471218206158
"mistletoe",11,"xgboost",1,"count",2,7.46141719818115,12.471218206158
"mistletoe",11,"xgboost",1,"count",13,7.3923511505127,12.471218206158
"mistletoe",11,"xgboost",1,"count",13,11.6116952896118,12.471218206158
"mistletoe",11,"xgboost",1,"count",9,10.0069522857666,12.471218206158
"mistletoe",11,"xgboost",1,"count",5,10.0069522857666,12.471218206158
"mistletoe",11,"xgboost",1,"count",6,10.0069522857666,12.471218206158
"mistletoe",11,"xgboost",1,"count",6,12.1107892990112,12.471218206158
"mistletoe",11,"xgboost",1,"count",4,12.1107892990112,12.471218206158
"mistletoe",11,"xgboost",1,"count",11,12.1107892990112,12.471218206158
"mistletoe",11,"xgboost",1,"count",2,18.5491333007812,12.471218206158
"mistletoe",11,"xgboost",1,"count",6,15.8253955841064,12.471218206158
"mistletoe",11,"xgboost",1,"count",7,9.69298458099365,12.471218206158
"mistletoe",11,"xgboost",1,"count",5,9.69298458099365,12.471218206158
"mistletoe",11,"xgboost",1,"count",14,12.7055406570435,12.471218206158
"mistletoe",11,"xgboost",1,"count",14,12.7055406570435,12.471218206158
"mistletoe",11,"xgboost",1,"count",9,7.5648832321167,12.471218206158
"mistletoe",11,"xgboost",1,"count",8,17.0970973968506,12.471218206158
"mistletoe",11,"xgboost",1,"count",17,17.0970973968506,12.471218206158
"mistletoe",11,"xgboost",1,"count",14,10.8318862915039,12.471218206158
"mistletoe",11,"xgboost",1,"count",8,5.65058565139771,12.471218206158
"mistletoe",11,"xgboost",1,"count",10,13.0044565200806,12.471218206158
"mistletoe",11,"xgboost",1,"count",9,13.0044565200806,12.471218206158
"mistletoe",11,"xgboost",1,"count",16,7.57820558547974,12.471218206158
"mistletoe",11,"xgboost",1,"count",4,9.94243621826172,12.471218206158
"mistletoe",11,"xgboost",1,"count",4,9.94243621826172,12.471218206158
"mistletoe",11,"xgboost",1,"count",4,9.62816619873047,12.471218206158
"mistletoe",11,"xgboost",1,"count",7,9.62816619873047,12.471218206158
"mistletoe",11,"xgboost",1,"count",2,12.9053688049316,12.471218206158
"mistletoe",11,"xgboost",1,"count",17,12.9053688049316,12.471218206158
"mistletoe",11,"xgboost",1,"count",10,13.5836248397827,12.471218206158
"mistletoe",11,"xgboost",1,"count",10,6.97127532958984,12.471218206158
"mistletoe",11,"xgboost",1,"count",3,18.4354457855225,12.471218206158
"mistletoe",11,"xgboost",1,"count",8,18.4354457855225,12.471218206158
"mistletoe",11,"xgboost",1,"count",5,14.1138887405396,12.471218206158
"mistletoe",11,"xgboost",1,"count",3,14.1138887405396,12.471218206158
"mistletoe",11,"xgboost",1,"count",8,9.23093605041504,12.471218206158
"mistletoe",11,"xgboost",1,"count",6,10.9698505401611,12.471218206158
"mistletoe",11,"xgboost",1,"count",8,10.9698505401611,12.471218206158
"mistletoe",11,"xgboost",1,"count",15,8.32423686981201,12.471218206158
"mistletoe",11,"xgboost",1,"count",5,8.32423686981201,12.471218206158
"mistletoe",11,"xgboost",1,"count",13,8.32423686981201,12.471218206158
"mistletoe",11,"xgboost",1,"count",12,7.96586656570435,12.471218206158
"mistletoe",11,"xgboost",1,"count",12,7.96586656570435,12.471218206158
"mistletoe",11,"xgboost",1,"count",4,7.96586656570435,12.471218206158
"mistletoe",11,"xgboost",1,"count",4,12.2093381881714,12.471218206158
"mistletoe",11,"xgboost",1,"count",21,12.2093381881714,12.471218206158
"mistletoe",11,"xgboost",1,"count",17,11.5819063186646,12.471218206158
"mistletoe",11,"xgboost",1,"count",8,13.4481773376465,12.471218206158
"mistletoe",11,"xgboost",1,"count",8,13.4481773376465,12.471218206158
"mistletoe",11,"xgboost",1,"count",1,15.671573638916,12.471218206158
"mistletoe",11,"xgboost",1,"count",6,15.671573638916,12.471218206158
"mistletoe",11,"xgboost",1,"count",1,15.671573638916,12.471218206158
"mistletoe",11,"xgboost",1,"count",29,10.3228597640991,12.471218206158
"mistletoe",11,"xgboost",1,"count",29,10.3228597640991,12.471218206158
"mistletoe",11,"xgboost",1,"count",19,12.6251974105835,12.471218206158
"mistletoe",11,"xgboost",1,"count",16,12.6251974105835,12.471218206158
"mistletoe",11,"xgboost",1,"count",24,16.3008441925049,12.471218206158
"mistletoe",11,"xgboost",1,"count",3,9.61667919158936,12.471218206158
"mistletoe",11,"xgboost",1,"count",4,9.61667919158936,12.471218206158
"mistletoe",11,"xgboost",1,"count",12,6.31699323654175,12.471218206158
"mistletoe",11,"xgboost",1,"count",9,6.31699323654175,12.471218206158
"mistletoe",11,"xgboost",1,"count",7,14.0625352859497,12.471218206158
"mistletoe",11,"xgboost",1,"count",7,14.0625352859497,12.471218206158
"mistletoe",11,"xgboost",1,"count",15,15.86305809021,12.471218206158
"mistletoe",11,"xgboost",1,"count",18,11.7694091796875,12.471218206158
"mistletoe",11,"xgboost",1,"count",17,11.7694091796875,12.471218206158
"mistletoe",11,"xgboost",1,"count",6,11.7694091796875,12.471218206158
"mistletoe",11,"xgboost",1,"count",8,7.89905500411987,12.471218206158
"mistletoe",11,"xgboost",1,"count",18,7.89905500411987,12.471218206158
"mistletoe",11,"xgboost",1,"count",11,13.6635904312134,12.471218206158
"mistletoe",11,"xgboost",1,"count",13,13.6635904312134,12.471218206158
"mistletoe",11,"xgboost",1,"count",15,13.851713180542,12.471218206158
"mistletoe",11,"xgboost",1,"count",13,13.851713180542,12.471218206158
"mistletoe",11,"xgboost",1,"count",12,11.2356119155884,12.471218206158
"mistletoe",11,"xgboost",1,"count",13,11.2356119155884,12.471218206158
"mistletoe",11,"xgboost",1,"count",14,10.3510122299194,12.471218206158
"mistletoe",11,"xgboost",1,"count",8,11.8879203796387,12.471218206158
"mistletoe",11,"xgboost",1,"count",12,11.8879203796387,12.471218206158
"mistletoe",11,"xgboost",1,"count",6,9.01569271087646,12.471218206158
"mistletoe",11,"xgboost",1,"count",12,9.01569271087646,12.471218206158
"mistletoe",11,"xgboost",1,"count",4,9.67893218994141,12.471218206158
"mistletoe",11,"xgboost",1,"count",9,9.67893218994141,12.471218206158
"mistletoe",11,"xgboost",1,"count",13,14.0131988525391,12.471218206158
"mistletoe",11,"xgboost",1,"count",15,14.0131988525391,12.471218206158
"mistletoe",11,"xgboost",1,"count",7,6.11271524429321,12.471218206158
"mistletoe",11,"xgboost",1,"count",5,12.2994947433472,12.471218206158
"mistletoe",11,"xgboost",1,"count",10,12.3152084350586,12.471218206158
"mistletoe",11,"xgboost",1,"count",8,12.3152084350586,12.471218206158
"mistletoe",11,"xgboost",1,"count",20,12.7962131500244,12.471218206158
"mistletoe",11,"xgboost",1,"count",5,12.7962131500244,12.471218206158
"mistletoe",11,"xgboost",1,"count",4,10.674859046936,12.471218206158
"mistletoe",11,"xgboost",1,"count",10,10.2026243209839,12.471218206158
"mistletoe",11,"xgboost",1,"count",3,11.7962369918823,12.471218206158
"mistletoe",11,"xgboost",1,"count",6,11.7962369918823,12.471218206158
"mistletoe",11,"xgboost",1,"count",12,13.6769237518311,12.471218206158
"mistletoe",11,"xgboost",1,"count",2,13.8931846618652,12.471218206158
"mistletoe",11,"xgboost",1,"count",9,13.8931846618652,12.471218206158
"mistletoe",11,"xgboost",1,"count",13,9.91416549682617,12.471218206158
"mistletoe",11,"xgboost",1,"count",5,9.91416549682617,12.471218206158
"mistletoe",11,"xgboost",1,"count",14,10.7718696594238,12.471218206158
"mistletoe",11,"xgboost",1,"count",2,10.7718696594238,12.471218206158
"mistletoe",11,"xgboost",1,"count",5,9.57876014709473,12.471218206158
"mistletoe",11,"xgboost",1,"count",6,9.57876014709473,12.471218206158
"mistletoe",11,"xgboost",1,"count",8,7.84449005126953,12.471218206158
"mistletoe",11,"xgboost",1,"count",4,7.84449005126953,12.471218206158
"mistletoe",11,"xgboost",1,"count",9,7.84449005126953,12.471218206158
"mistletoe",11,"xgboost",1,"count",10,11.9752006530762,12.471218206158
"mistletoe",11,"xgboost",1,"count",18,11.9752006530762,12.471218206158
"mistletoe",11,"xgboost",1,"count",8,13.0888929367065,12.471218206158
"mistletoe",11,"xgboost",1,"count",28,11.9475183486938,12.471218206158
"mistletoe",11,"xgboost",1,"count",14,11.9475183486938,12.471218206158
"mistletoe",11,"xgboost",1,"count",9,11.690131187439,12.471218206158
"mistletoe",11,"xgboost",1,"count",13,10.44615650177,12.471218206158
"mistletoe",11,"xgboost",1,"count",3,10.44615650177,12.471218206158
"mistletoe",11,"xgboost",1,"count",28,8.22546005249023,12.471218206158
"mistletoe",11,"xgboost",1,"count",19,5.70009231567383,12.471218206158
"mistletoe",11,"xgboost",1,"count",16,9.64706516265869,12.471218206158
"mistletoe",11,"xgboost",1,"count",13,9.64706516265869,12.471218206158
"mistletoe",11,"xgboost",1,"count",16,6.2527494430542,12.471218206158
"mistletoe",11,"xgboost",1,"count",10,4.38510704040527,12.471218206158
"mistletoe",11,"xgboost",1,"count",10,11.4035472869873,12.471218206158
"mistletoe",11,"xgboost",1,"count",9,15.1356220245361,12.471218206158
"mistletoe",11,"xgboost",1,"count",8,10.0620565414429,12.471218206158
"mistletoe",11,"xgboost",1,"count",4,10.0620565414429,12.471218206158
"mistletoe",11,"xgboost",1,"count",1,12.8657102584839,12.471218206158
"mistletoe",11,"xgboost",1,"count",1,12.8657102584839,12.471218206158
"mistletoe",11,"xgboost",1,"count",5,3.96305227279663,12.471218206158
"mistletoe",11,"xgboost",1,"count",6,10.3607149124146,12.471218206158
"mistletoe",11,"xgboost",1,"count",7,15.0646409988403,12.471218206158
"mistletoe",11,"xgboost",1,"count",11,15.0646409988403,12.471218206158
"mistletoe",11,"xgboost",1,"count",15,19.5336093902588,12.471218206158
"mistletoe",11,"xgboost",1,"count",6,14.1788816452026,12.471218206158
"mistletoe",11,"xgboost",1,"count",5,14.1788816452026,12.471218206158
"mistletoe",11,"xgboost",1,"count",18,18.1511573791504,12.471218206158
"mistletoe",11,"xgboost",1,"count",15,13.3118457794189,12.471218206158
"mistletoe",11,"xgboost",1,"count",17,12.0299348831177,12.471218206158
"mistletoe",11,"xgboost",1,"count",12,12.0299348831177,12.471218206158
"mistletoe",11,"xgboost",1,"count",6,12.0299348831177,12.471218206158
"mistletoe",11,"xgboost",1,"count",3,19.5636615753174,12.471218206158
"mistletoe",11,"xgboost",1,"count",45,12.6525163650513,12.471218206158
"mistletoe",11,"xgboost",1,"count",7,6.92397689819336,12.471218206158
"mistletoe",11,"xgboost",1,"count",7,6.92397689819336,12.471218206158
"mistletoe",11,"xgboost",1,"count",5,11.8132648468018,12.471218206158
"mistletoe",11,"xgboost",1,"count",6,11.8132648468018,12.471218206158
"mistletoe",11,"xgboost",1,"count",21,9.2306432723999,12.471218206158
"mistletoe",11,"xgboost",1,"count",21,11.6619453430176,12.471218206158
"mistletoe",11,"xgboost",1,"count",30,18.4244995117188,12.471218206158
"mistletoe",11,"xgboost",1,"count",18,18.4244995117188,12.471218206158
"mistletoe",11,"xgboost",1,"count",19,18.8151092529297,12.471218206158
"mistletoe",11,"xgboost",1,"count",19,18.8151092529297,12.471218206158
"mistletoe",11,"xgboost",1,"count",4,6.97127532958984,12.471218206158
"mistletoe",11,"xgboost",1,"count",6,12.2393312454224,12.471218206158
"mistletoe",11,"xgboost",1,"count",20,12.2393312454224,12.471218206158
"mistletoe",11,"xgboost",1,"count",10,6.76041841506958,12.471218206158
"mistletoe",11,"xgboost",1,"count",8,16.9141139984131,12.471218206158
"mistletoe",11,"xgboost",1,"count",18,11.6619453430176,12.471218206158
"mistletoe",11,"xgboost",1,"count",8,7.3923511505127,12.471218206158
"mistletoe",11,"xgboost",1,"count",17,18.5491333007812,12.471218206158
"mistletoe",11,"xgboost",1,"count",5,14.8516616821289,12.471218206158
"mistletoe",11,"xgboost",1,"count",17,15.8253955841064,12.471218206158
"mistletoe",11,"xgboost",1,"count",3,15.8253955841064,12.471218206158
"mistletoe",11,"xgboost",1,"count",12,7.5648832321167,12.471218206158
"mistletoe",11,"xgboost",1,"count",11,10.8318862915039,12.471218206158
"mistletoe",11,"xgboost",1,"count",5,9.62816619873047,12.471218206158
"mistletoe",11,"xgboost",1,"count",6,13.5836248397827,12.471218206158
"mistletoe",11,"xgboost",1,"count",10,15.86305809021,12.471218206158
"mistletoe",11,"xgboost",1,"count",12,15.1666193008423,12.471218206158
"mistletoe",11,"xgboost",1,"count",30,15.1666193008423,12.471218206158
"mistletoe",11,"xgboost",1,"count",3,10.6222190856934,12.471218206158
"mistletoe",11,"xgboost",1,"count",10,10.6222190856934,12.471218206158
"mistletoe",11,"xgboost",1,"count",0,6.76041841506958,12.471218206158
"mistletoe",11,"xgboost",1,"count",6,11.4035472869873,12.471218206158
"mistletoe",11,"xgboost",1,"count",7,16.9141139984131,12.471218206158
"mistletoe",11,"xgboost",1,"count",5,9.2306432723999,12.471218206158
"mistletoe",11,"xgboost",1,"count",6,10.3607149124146,12.471218206158
"mistletoe",11,"xgboost",1,"count",9,19.5636615753174,12.471218206158
"mistletoe",11,"xgboost",1,"count",13,12.6525163650513,12.471218206158
"mistletoe",11,"xgboost",1,"count",4,14.8516616821289,12.471218206158
"mistletoe",11,"xgboost",2,"count",23,9.33724403381348,12.4169696969697
"mistletoe",11,"xgboost",2,"count",8,12.2945985794067,12.4169696969697
"mistletoe",11,"xgboost",2,"count",5,8.19100952148438,12.4169696969697
"mistletoe",11,"xgboost",2,"count",8,6.12403106689453,12.4169696969697
"mistletoe",11,"xgboost",2,"count",16,9.11291122436523,12.4169696969697
"mistletoe",11,"xgboost",2,"count",8,14.5061712265015,12.4169696969697
"mistletoe",11,"xgboost",2,"count",5,5.99075841903687,12.4169696969697
"mistletoe",11,"xgboost",2,"count",13,7.67927837371826,12.4169696969697
"mistletoe",11,"xgboost",2,"count",41,7.50302839279175,12.4169696969697
"mistletoe",11,"xgboost",2,"count",3,13.7358560562134,12.4169696969697
"mistletoe",11,"xgboost",2,"count",29,33.977237701416,12.4169696969697
"mistletoe",11,"xgboost",2,"count",10,5.62238645553589,12.4169696969697
"mistletoe",11,"xgboost",2,"count",12,11.5875844955444,12.4169696969697
"mistletoe",11,"xgboost",2,"count",14,26.1281967163086,12.4169696969697
"mistletoe",11,"xgboost",2,"count",7,7.06966543197632,12.4169696969697
"mistletoe",11,"xgboost",2,"count",5,13.0603666305542,12.4169696969697
"mistletoe",11,"xgboost",2,"count",12,12.0115413665771,12.4169696969697
"mistletoe",11,"xgboost",2,"count",24,14.0930080413818,12.4169696969697
"mistletoe",11,"xgboost",2,"count",9,10.4826993942261,12.4169696969697
"mistletoe",11,"xgboost",2,"count",14,9.25156497955322,12.4169696969697
"mistletoe",11,"xgboost",2,"count",13,8.6276741027832,12.4169696969697
"mistletoe",11,"xgboost",2,"count",17,13.4970560073853,12.4169696969697
"mistletoe",11,"xgboost",2,"count",17,15.1805286407471,12.4169696969697
"mistletoe",11,"xgboost",2,"count",13,14.0930080413818,12.4169696969697
"mistletoe",11,"xgboost",2,"count",5,17.4380531311035,12.4169696969697
"mistletoe",11,"xgboost",2,"count",12,15.5739994049072,12.4169696969697
"mistletoe",11,"xgboost",2,"count",16,5.99075841903687,12.4169696969697
"mistletoe",11,"xgboost",2,"count",9,8.19100952148438,12.4169696969697
"mistletoe",11,"xgboost",2,"count",10,18.1491317749023,12.4169696969697
"mistletoe",11,"xgboost",2,"count",4,14.0930080413818,12.4169696969697
"mistletoe",11,"xgboost",2,"count",8,14.2047290802002,12.4169696969697
"mistletoe",11,"xgboost",2,"count",21,14.2047290802002,12.4169696969697
"mistletoe",11,"xgboost",2,"count",7,8.76695919036865,12.4169696969697
"mistletoe",11,"xgboost",2,"count",4,8.76695919036865,12.4169696969697
"mistletoe",11,"xgboost",2,"count",5,13.4464492797852,12.4169696969697
"mistletoe",11,"xgboost",2,"count",5,13.4464492797852,12.4169696969697
"mistletoe",11,"xgboost",2,"count",15,7.50302839279175,12.4169696969697
"mistletoe",11,"xgboost",2,"count",18,7.50302839279175,12.4169696969697
"mistletoe",11,"xgboost",2,"count",13,7.50302839279175,12.4169696969697
"mistletoe",11,"xgboost",2,"count",9,10.1844863891602,12.4169696969697
"mistletoe",11,"xgboost",2,"count",5,10.1844863891602,12.4169696969697
"mistletoe",11,"xgboost",2,"count",9,10.798300743103,12.4169696969697
"mistletoe",11,"xgboost",2,"count",10,10.798300743103,12.4169696969697
"mistletoe",11,"xgboost",2,"count",3,12.3414030075073,12.4169696969697
"mistletoe",11,"xgboost",2,"count",5,12.3414030075073,12.4169696969697
"mistletoe",11,"xgboost",2,"count",10,8.60581684112549,12.4169696969697
"mistletoe",11,"xgboost",2,"count",8,8.60581684112549,12.4169696969697
"mistletoe",11,"xgboost",2,"count",12,13.6896963119507,12.4169696969697
"mistletoe",11,"xgboost",2,"count",19,13.6896963119507,12.4169696969697
"mistletoe",11,"xgboost",2,"count",26,17.4380531311035,12.4169696969697
"mistletoe",11,"xgboost",2,"count",13,17.4380531311035,12.4169696969697
"mistletoe",11,"xgboost",2,"count",13,18.4466133117676,12.4169696969697
"mistletoe",11,"xgboost",2,"count",24,18.4466133117676,12.4169696969697
"mistletoe",11,"xgboost",2,"count",18,10.0555820465088,12.4169696969697
"mistletoe",11,"xgboost",2,"count",11,10.0555820465088,12.4169696969697
"mistletoe",11,"xgboost",2,"count",16,13.1936197280884,12.4169696969697
"mistletoe",11,"xgboost",2,"count",15,13.1936197280884,12.4169696969697
"mistletoe",11,"xgboost",2,"count",13,8.96560287475586,12.4169696969697
"mistletoe",11,"xgboost",2,"count",7,12.7305660247803,12.4169696969697
"mistletoe",11,"xgboost",2,"count",13,12.7305660247803,12.4169696969697
"mistletoe",11,"xgboost",2,"count",8,11.7170581817627,12.4169696969697
"mistletoe",11,"xgboost",2,"count",12,11.7170581817627,12.4169696969697
"mistletoe",11,"xgboost",2,"count",3,10.4826993942261,12.4169696969697
"mistletoe",11,"xgboost",2,"count",23,9.88448429107666,12.4169696969697
"mistletoe",11,"xgboost",2,"count",8,9.88448429107666,12.4169696969697
"mistletoe",11,"xgboost",2,"count",11,8.6276741027832,12.4169696969697
"mistletoe",11,"xgboost",2,"count",7,9.87361907958984,12.4169696969697
"mistletoe",11,"xgboost",2,"count",8,9.87361907958984,12.4169696969697
"mistletoe",11,"xgboost",2,"count",10,33.977237701416,12.4169696969697
"mistletoe",11,"xgboost",2,"count",18,14.8218488693237,12.4169696969697
"mistletoe",11,"xgboost",2,"count",10,14.8218488693237,12.4169696969697
"mistletoe",11,"xgboost",2,"count",18,5.62238645553589,12.4169696969697
"mistletoe",11,"xgboost",2,"count",13,15.1805286407471,12.4169696969697
"mistletoe",11,"xgboost",2,"count",16,9.11291122436523,12.4169696969697
"mistletoe",11,"xgboost",2,"count",10,13.362961769104,12.4169696969697
"mistletoe",11,"xgboost",2,"count",10,12.9267463684082,12.4169696969697
"mistletoe",11,"xgboost",2,"count",13,12.9267463684082,12.4169696969697
"mistletoe",11,"xgboost",2,"count",7,11.5875844955444,12.4169696969697
"mistletoe",11,"xgboost",2,"count",4,23.1369152069092,12.4169696969697
"mistletoe",11,"xgboost",2,"count",5,23.1369152069092,12.4169696969697
"mistletoe",11,"xgboost",2,"count",34,15.9087810516357,12.4169696969697
"mistletoe",11,"xgboost",2,"count",22,20.0263919830322,12.4169696969697
"mistletoe",11,"xgboost",2,"count",34,20.0263919830322,12.4169696969697
"mistletoe",11,"xgboost",2,"count",18,26.1281967163086,12.4169696969697
"mistletoe",11,"xgboost",2,"count",8,26.9924716949463,12.4169696969697
"mistletoe",11,"xgboost",2,"count",7,26.9924716949463,12.4169696969697
"mistletoe",11,"xgboost",2,"count",10,7.06966543197632,12.4169696969697
"mistletoe",11,"xgboost",2,"count",7,5.38509893417358,12.4169696969697
"mistletoe",11,"xgboost",2,"count",3,5.38509893417358,12.4169696969697
"mistletoe",11,"xgboost",2,"count",7,11.9872150421143,12.4169696969697
"mistletoe",11,"xgboost",2,"count",6,11.9872150421143,12.4169696969697
"mistletoe",11,"xgboost",2,"count",3,9.13069725036621,12.4169696969697
"mistletoe",11,"xgboost",2,"count",0,9.13069725036621,12.4169696969697
"mistletoe",11,"xgboost",2,"count",10,6.6890869140625,12.4169696969697
"mistletoe",11,"xgboost",2,"count",12,6.6890869140625,12.4169696969697
"mistletoe",11,"xgboost",2,"count",12,6.56035184860229,12.4169696969697
"mistletoe",11,"xgboost",2,"count",3,6.56035184860229,12.4169696969697
"mistletoe",11,"xgboost",2,"count",2,13.0603666305542,12.4169696969697
"mistletoe",11,"xgboost",2,"count",11,10.5584573745728,12.4169696969697
"mistletoe",11,"xgboost",2,"count",16,10.5584573745728,12.4169696969697
"mistletoe",11,"xgboost",2,"count",12,12.3679342269897,12.4169696969697
"mistletoe",11,"xgboost",2,"count",8,12.3679342269897,12.4169696969697
"mistletoe",11,"xgboost",2,"count",7,12.0115413665771,12.4169696969697
"mistletoe",11,"xgboost",2,"count",11,8.87650585174561,12.4169696969697
"mistletoe",11,"xgboost",2,"count",18,8.87650585174561,12.4169696969697
"mistletoe",11,"xgboost",2,"count",6,15.5739994049072,12.4169696969697
"mistletoe",11,"xgboost",2,"count",9,10.4198513031006,12.4169696969697
"mistletoe",11,"xgboost",2,"count",11,10.4198513031006,12.4169696969697
"mistletoe",11,"xgboost",2,"count",13,6.24165439605713,12.4169696969697
"mistletoe",11,"xgboost",2,"count",15,6.24165439605713,12.4169696969697
"mistletoe",11,"xgboost",2,"count",9,7.67927837371826,12.4169696969697
"mistletoe",11,"xgboost",2,"count",13,12.9148120880127,12.4169696969697
"mistletoe",11,"xgboost",2,"count",6,12.9148120880127,12.4169696969697
"mistletoe",11,"xgboost",2,"count",0,7.54001617431641,12.4169696969697
"mistletoe",11,"xgboost",2,"count",12,7.54001617431641,12.4169696969697
"mistletoe",11,"xgboost",2,"count",2,5.55674266815186,12.4169696969697
"mistletoe",11,"xgboost",2,"count",7,5.55674266815186,12.4169696969697
"mistletoe",11,"xgboost",2,"count",8,6.36969470977783,12.4169696969697
"mistletoe",11,"xgboost",2,"count",8,8.50702667236328,12.4169696969697
"mistletoe",11,"xgboost",2,"count",10,8.50702667236328,12.4169696969697
"mistletoe",11,"xgboost",2,"count",4,12.2945985794067,12.4169696969697
"mistletoe",11,"xgboost",2,"count",6,10.7913494110107,12.4169696969697
"mistletoe",11,"xgboost",2,"count",11,9.33724403381348,12.4169696969697
"mistletoe",11,"xgboost",2,"count",4,6.35482311248779,12.4169696969697
"mistletoe",11,"xgboost",2,"count",6,6.633948802948,12.4169696969697
"mistletoe",11,"xgboost",2,"count",4,6.633948802948,12.4169696969697
"mistletoe",11,"xgboost",2,"count",3,10.8158502578735,12.4169696969697
"mistletoe",11,"xgboost",2,"count",8,10.8158502578735,12.4169696969697
"mistletoe",11,"xgboost",2,"count",5,9.74151134490967,12.4169696969697
"mistletoe",11,"xgboost",2,"count",0,29.6651916503906,12.4169696969697
"mistletoe",11,"xgboost",2,"count",3,9.15971374511719,12.4169696969697
"mistletoe",11,"xgboost",2,"count",5,23.1128387451172,12.4169696969697
"mistletoe",11,"xgboost",2,"count",7,13.3599166870117,12.4169696969697
"mistletoe",11,"xgboost",2,"count",6,13.3599166870117,12.4169696969697
"mistletoe",11,"xgboost",2,"count",0,10.0147933959961,12.4169696969697
"mistletoe",11,"xgboost",2,"count",4,10.0147933959961,12.4169696969697
"mistletoe",11,"xgboost",2,"count",7,12.9755210876465,12.4169696969697
"mistletoe",11,"xgboost",2,"count",0,12.9755210876465,12.4169696969697
"mistletoe",11,"xgboost",2,"count",14,7.79911804199219,12.4169696969697
"mistletoe",11,"xgboost",2,"count",0,8.06073093414307,12.4169696969697
"mistletoe",11,"xgboost",2,"count",5,6.59532165527344,12.4169696969697
"mistletoe",11,"xgboost",2,"count",21,18.1491317749023,12.4169696969697
"mistletoe",11,"xgboost",2,"count",20,18.1491317749023,12.4169696969697
"mistletoe",11,"xgboost",2,"count",16,29.6651916503906,12.4169696969697
"mistletoe",11,"xgboost",2,"count",31,10.4814748764038,12.4169696969697
"mistletoe",11,"xgboost",2,"count",8,18.5282669067383,12.4169696969697
"mistletoe",11,"xgboost",2,"count",11,16.0761394500732,12.4169696969697
"mistletoe",11,"xgboost",2,"count",13,12.4433917999268,12.4169696969697
"mistletoe",11,"xgboost",2,"count",7,12.4433917999268,12.4169696969697
"mistletoe",11,"xgboost",2,"count",16,10.4814748764038,12.4169696969697
"mistletoe",11,"xgboost",2,"count",0,5.52148866653442,12.4169696969697
"mistletoe",11,"xgboost",2,"count",11,5.52148866653442,12.4169696969697
"mistletoe",11,"xgboost",2,"count",19,6.59532165527344,12.4169696969697
"mistletoe",11,"xgboost",3,"count",20,9.15310955047607,11.745247148289
"mistletoe",11,"xgboost",3,"count",80,10.2796068191528,11.745247148289
"mistletoe",11,"xgboost",3,"count",13,20.9785327911377,11.745247148289
"mistletoe",11,"xgboost",3,"count",13,20.9785327911377,11.745247148289
"mistletoe",11,"xgboost",3,"count",35,9.04458332061768,11.745247148289
"mistletoe",11,"xgboost",3,"count",4,3.17516875267029,11.745247148289
"mistletoe",11,"xgboost",3,"count",17,10.6265602111816,11.745247148289
"mistletoe",11,"xgboost",3,"count",20,12.6731758117676,11.745247148289
"mistletoe",11,"xgboost",3,"count",13,26.1542415618896,11.745247148289
"mistletoe",11,"xgboost",3,"count",45,14.5711355209351,11.745247148289
"mistletoe",11,"xgboost",3,"count",3,6.49462509155273,11.745247148289
"mistletoe",11,"xgboost",3,"count",8,9.08937454223633,11.745247148289
"mistletoe",11,"xgboost",3,"count",21,22.7252044677734,11.745247148289
"mistletoe",11,"xgboost",3,"count",12,10.493558883667,11.745247148289
"mistletoe",11,"xgboost",3,"count",13,10.2796068191528,11.745247148289
"mistletoe",11,"xgboost",3,"count",23,9.67455768585205,11.745247148289
"mistletoe",11,"xgboost",3,"count",32,15.2459325790405,11.745247148289
"mistletoe",11,"xgboost",3,"count",16,9.20881748199463,11.745247148289
"mistletoe",11,"xgboost",3,"count",12,9.20881748199463,11.745247148289
"mistletoe",11,"xgboost",3,"count",14,10.1541652679443,11.745247148289
"mistletoe",11,"xgboost",3,"count",11,5.46907138824463,11.745247148289
"mistletoe",11,"xgboost",3,"count",47,15.7078542709351,11.745247148289
"mistletoe",11,"xgboost",3,"count",30,5.39059114456177,11.745247148289
"mistletoe",11,"xgboost",3,"count",10,5.39059114456177,11.745247148289
"mistletoe",11,"xgboost",3,"count",14,6.49462509155273,11.745247148289
"mistletoe",11,"xgboost",3,"count",8,8.42131805419922,11.745247148289
"mistletoe",11,"xgboost",3,"count",15,9.90658092498779,11.745247148289
"mistletoe",11,"xgboost",3,"count",9,10.493558883667,11.745247148289
"mistletoe",11,"xgboost",3,"count",2,8.61829948425293,11.745247148289
"mistletoe",11,"xgboost",3,"count",24,15.7078542709351,11.745247148289
"mistletoe",11,"xgboost",3,"count",9,12.8579120635986,11.745247148289
"mistletoe",11,"xgboost",3,"count",9,7.94320154190063,11.745247148289
"mistletoe",11,"xgboost",3,"count",53,6.61314725875854,11.745247148289
"mistletoe",11,"xgboost",3,"count",4,12.0629930496216,11.745247148289
"mistletoe",11,"xgboost",3,"count",15,5.59903764724731,11.745247148289
"mistletoe",11,"xgboost",3,"count",8,8.00148963928223,11.745247148289
"mistletoe",11,"xgboost",3,"count",2,12.30908203125,11.745247148289
"mistletoe",11,"xgboost",3,"count",7,8.32173633575439,11.745247148289
"mistletoe",11,"xgboost",3,"count",10,12.0629930496216,11.745247148289
"mistletoe",11,"xgboost",3,"count",11,8.61829948425293,11.745247148289
"mistletoe",11,"xgboost",3,"count",28,13.3155212402344,11.745247148289
"mistletoe",11,"xgboost",3,"count",28,13.3155212402344,11.745247148289
"mistletoe",11,"xgboost",3,"count",15,10.3498201370239,11.745247148289
"mistletoe",11,"xgboost",3,"count",28,18.33567237854,11.745247148289
"mistletoe",11,"xgboost",3,"count",17,16.0790023803711,11.745247148289
"mistletoe",11,"xgboost",3,"count",21,11.6746644973755,11.745247148289
"mistletoe",11,"xgboost",3,"count",12,13.0770120620728,11.745247148289
"mistletoe",11,"xgboost",3,"count",5,10.2223978042603,11.745247148289
"mistletoe",11,"xgboost",3,"count",14,8.8464879989624,11.745247148289
"mistletoe",11,"xgboost",3,"count",13,9.15310955047607,11.745247148289
"mistletoe",11,"xgboost",3,"count",16,16.1524505615234,11.745247148289
"mistletoe",11,"xgboost",3,"count",9,22.7252044677734,11.745247148289
"mistletoe",11,"xgboost",3,"count",5,5.46101713180542,11.745247148289
"mistletoe",11,"xgboost",3,"count",18,8.74343776702881,11.745247148289
"mistletoe",11,"xgboost",3,"count",24,14.5098447799683,11.745247148289
"mistletoe",11,"xgboost",3,"count",4,18.33567237854,11.745247148289
"mistletoe",11,"xgboost",3,"count",56,12.6731758117676,11.745247148289
"mistletoe",11,"xgboost",3,"count",3,5.59903764724731,11.745247148289
"mistletoe",11,"xgboost",3,"count",10,8.32173633575439,11.745247148289
"mistletoe",11,"xgboost",3,"count",3,10.3498201370239,11.745247148289
"mistletoe",11,"xgboost",3,"count",12,8.42131805419922,11.745247148289
"mistletoe",11,"xgboost",3,"count",7,12.0610752105713,11.745247148289
"mistletoe",11,"xgboost",3,"count",1,13.4759883880615,11.745247148289
"mistletoe",11,"xgboost",3,"count",6,13.4759883880615,11.745247148289
"mistletoe",11,"xgboost",3,"count",10,9.39016342163086,11.745247148289
"mistletoe",11,"xgboost",3,"count",12,9.39016342163086,11.745247148289
"mistletoe",11,"xgboost",3,"count",2,18.33567237854,11.745247148289
"mistletoe",11,"xgboost",3,"count",9,26.1542415618896,11.745247148289
"mistletoe",11,"xgboost",3,"count",20,16.0790023803711,11.745247148289
"mistletoe",11,"xgboost",3,"count",15,9.90658092498779,11.745247148289
"mistletoe",11,"xgboost",3,"count",7,11.6746644973755,11.745247148289
"mistletoe",11,"xgboost",3,"count",1,13.0770120620728,11.745247148289
"mistletoe",11,"xgboost",3,"count",8,10.2223978042603,11.745247148289
"mistletoe",11,"xgboost",3,"count",14,8.8464879989624,11.745247148289
"mistletoe",11,"xgboost",3,"count",4,7.04456520080566,11.745247148289
"mistletoe",11,"xgboost",3,"count",9,12.380576133728,11.745247148289
"mistletoe",11,"xgboost",3,"count",8,12.380576133728,11.745247148289
"mistletoe",11,"xgboost",3,"count",6,12.30908203125,11.745247148289
"mistletoe",11,"xgboost",3,"count",11,10.4826745986938,11.745247148289
"mistletoe",11,"xgboost",3,"count",26,14.694938659668,11.745247148289
"mistletoe",11,"xgboost",3,"count",9,14.694938659668,11.745247148289
"mistletoe",11,"xgboost",3,"count",7,11.4964332580566,11.745247148289
"mistletoe",11,"xgboost",3,"count",10,11.4964332580566,11.745247148289
"mistletoe",11,"xgboost",3,"count",11,9.04458332061768,11.745247148289
"mistletoe",11,"xgboost",3,"count",4,12.8579120635986,11.745247148289
"mistletoe",11,"xgboost",3,"count",5,7.94320154190063,11.745247148289
"mistletoe",11,"xgboost",3,"count",11,6.46146631240845,11.745247148289
"mistletoe",11,"xgboost",3,"count",8,6.46146631240845,11.745247148289
"mistletoe",11,"xgboost",3,"count",17,6.61314725875854,11.745247148289
"mistletoe",11,"xgboost",3,"count",5,8.75197696685791,11.745247148289
"mistletoe",11,"xgboost",3,"count",11,8.75197696685791,11.745247148289
"mistletoe",11,"xgboost",3,"count",6,12.9993200302124,11.745247148289
"mistletoe",11,"xgboost",3,"count",14,12.9993200302124,11.745247148289
"mistletoe",11,"xgboost",3,"count",9,11.407057762146,11.745247148289
"mistletoe",11,"xgboost",3,"count",8,11.407057762146,11.745247148289
"mistletoe",11,"xgboost",3,"count",12,9.97454071044922,11.745247148289
"mistletoe",11,"xgboost",3,"count",12,8.72530174255371,11.745247148289
"mistletoe",11,"xgboost",3,"count",10,12.9275197982788,11.745247148289
"mistletoe",11,"xgboost",3,"count",9,12.9275197982788,11.745247148289
"mistletoe",11,"xgboost",3,"count",6,9.67455768585205,11.745247148289
"mistletoe",11,"xgboost",3,"count",4,9.28097438812256,11.745247148289
"mistletoe",11,"xgboost",3,"count",3,9.28097438812256,11.745247148289
"mistletoe",11,"xgboost",3,"count",14,5.59903764724731,11.745247148289
"mistletoe",11,"xgboost",3,"count",7,10.1541652679443,11.745247148289
"mistletoe",11,"xgboost",3,"count",6,8.53172397613525,11.745247148289
"mistletoe",11,"xgboost",3,"count",7,8.53172397613525,11.745247148289
"mistletoe",11,"xgboost",3,"count",7,11.7607889175415,11.745247148289
"mistletoe",11,"xgboost",3,"count",5,11.7607889175415,11.745247148289
"mistletoe",11,"xgboost",3,"count",4,10.4394264221191,11.745247148289
"mistletoe",11,"xgboost",3,"count",13,10.4394264221191,11.745247148289
"mistletoe",11,"xgboost",3,"count",6,10.5144882202148,11.745247148289
"mistletoe",11,"xgboost",3,"count",7,10.5144882202148,11.745247148289
"mistletoe",11,"xgboost",3,"count",14,8.70830249786377,11.745247148289
"mistletoe",11,"xgboost",3,"count",12,8.70830249786377,11.745247148289
"mistletoe",11,"xgboost",3,"count",7,10.4634923934937,11.745247148289
"mistletoe",11,"xgboost",3,"count",12,10.4634923934937,11.745247148289
"mistletoe",11,"xgboost",3,"count",5,7.68491220474243,11.745247148289
"mistletoe",11,"xgboost",3,"count",8,7.68491220474243,11.745247148289
"mistletoe",11,"xgboost",3,"count",6,8.17354011535645,11.745247148289
"mistletoe",11,"xgboost",3,"count",5,8.17354011535645,11.745247148289
"mistletoe",11,"xgboost",3,"count",5,11.3143043518066,11.745247148289
"mistletoe",11,"xgboost",3,"count",3,11.3143043518066,11.745247148289
"mistletoe",11,"xgboost",3,"count",13,4.61641359329224,11.745247148289
"mistletoe",11,"xgboost",3,"count",4,4.61641359329224,11.745247148289
"mistletoe",11,"xgboost",3,"count",11,15.2459325790405,11.745247148289
"mistletoe",11,"xgboost",3,"count",11,13.202953338623,11.745247148289
"mistletoe",11,"xgboost",3,"count",10,10.1979284286499,11.745247148289
"mistletoe",11,"xgboost",3,"count",2,7.70269060134888,11.745247148289
"mistletoe",11,"xgboost",3,"count",8,10.3867864608765,11.745247148289
"mistletoe",11,"xgboost",3,"count",10,10.3867864608765,11.745247148289
"mistletoe",11,"xgboost",3,"count",2,8.28304862976074,11.745247148289
"mistletoe",11,"xgboost",3,"count",5,16.1524505615234,11.745247148289
"mistletoe",11,"xgboost",3,"count",9,17.8418273925781,11.745247148289
"mistletoe",11,"xgboost",3,"count",15,17.8418273925781,11.745247148289
"mistletoe",11,"xgboost",3,"count",8,5.46101713180542,11.745247148289
"mistletoe",11,"xgboost",3,"count",9,5.46907138824463,11.745247148289
"mistletoe",11,"xgboost",3,"count",12,12.3249893188477,11.745247148289
"mistletoe",11,"xgboost",3,"count",10,10.9245014190674,11.745247148289
"mistletoe",11,"xgboost",3,"count",13,14.1696796417236,11.745247148289
"mistletoe",11,"xgboost",3,"count",22,14.1696796417236,11.745247148289
"mistletoe",11,"xgboost",3,"count",10,8.74343776702881,11.745247148289
"mistletoe",11,"xgboost",3,"count",17,7.30425596237183,11.745247148289
"mistletoe",11,"xgboost",3,"count",15,7.30425596237183,11.745247148289
"mistletoe",11,"xgboost",3,"count",9,14.5711355209351,11.745247148289
"mistletoe",11,"xgboost",3,"count",9,14.5098447799683,11.745247148289
"mistletoe",11,"xgboost",3,"count",8,10.0237817764282,11.745247148289
"mistletoe",11,"xgboost",3,"count",10,10.0237817764282,11.745247148289
"mistletoe",11,"xgboost",3,"count",12,10.6265602111816,11.745247148289
"mistletoe",11,"xgboost",3,"count",26,9.73388481140137,11.745247148289
"mistletoe",11,"xgboost",3,"count",26,9.73388481140137,11.745247148289
"mistletoe",11,"xgboost",3,"count",12,8.81467437744141,11.745247148289
"mistletoe",11,"xgboost",3,"count",4,4.13339471817017,11.745247148289
"mistletoe",11,"xgboost",3,"count",4,6.76953935623169,11.745247148289
"mistletoe",11,"xgboost",3,"count",14,6.76953935623169,11.745247148289
"mistletoe",11,"xgboost",3,"count",4,3.77489471435547,11.745247148289
"mistletoe",11,"xgboost",3,"count",9,3.77489471435547,11.745247148289
"mistletoe",11,"xgboost",3,"count",5,6.57664060592651,11.745247148289
"mistletoe",11,"xgboost",3,"count",6,6.57664060592651,11.745247148289
"mistletoe",11,"xgboost",3,"count",15,11.2651786804199,11.745247148289
"mistletoe",11,"xgboost",3,"count",21,11.2651786804199,11.745247148289
"mistletoe",11,"xgboost",3,"count",39,11.5266790390015,11.745247148289
"mistletoe",11,"xgboost",3,"count",58,16.5612983703613,11.745247148289
"mistletoe",11,"xgboost",3,"count",18,10.1285448074341,11.745247148289
"mistletoe",11,"xgboost",3,"count",21,11.196382522583,11.745247148289
"mistletoe",11,"xgboost",3,"count",49,14.7129964828491,11.745247148289
"mistletoe",11,"xgboost",3,"count",16,14.5483465194702,11.745247148289
"mistletoe",11,"xgboost",3,"count",18,14.729320526123,11.745247148289
"mistletoe",11,"xgboost",3,"count",17,14.729320526123,11.745247148289
"mistletoe",11,"xgboost",3,"count",27,16.8622798919678,11.745247148289
"mistletoe",11,"xgboost",3,"count",14,15.8435850143433,11.745247148289
"mistletoe",11,"xgboost",3,"count",11,14.7129964828491,11.745247148289
"mistletoe",11,"xgboost",3,"count",31,12.2671346664429,11.745247148289
"mistletoe",11,"xgboost",3,"count",24,10.3085880279541,11.745247148289
"mistletoe",11,"xgboost",3,"count",20,10.6413059234619,11.745247148289
"mistletoe",11,"xgboost",3,"count",20,10.6413059234619,11.745247148289
"mistletoe",11,"xgboost",3,"count",18,7.04456520080566,11.745247148289
"mistletoe",11,"xgboost",3,"count",8,11.5259199142456,11.745247148289
"mistletoe",11,"xgboost",3,"count",21,11.5259199142456,11.745247148289
"mistletoe",11,"xgboost",3,"count",12,16.8622798919678,11.745247148289
"mistletoe",11,"xgboost",3,"count",13,15.8435850143433,11.745247148289
"mistletoe",11,"xgboost",3,"count",19,9.97454071044922,11.745247148289
"mistletoe",11,"xgboost",3,"count",13,4.51800441741943,11.745247148289
"mistletoe",11,"xgboost",3,"count",16,10.6086025238037,11.745247148289
"mistletoe",11,"xgboost",3,"count",23,12.2671346664429,11.745247148289
"mistletoe",11,"xgboost",3,"count",15,13.9958162307739,11.745247148289
"mistletoe",11,"xgboost",3,"count",18,16.5612983703613,11.745247148289
"mistletoe",11,"xgboost",3,"count",29,10.3085880279541,11.745247148289
"mistletoe",11,"xgboost",3,"count",32,14.8007354736328,11.745247148289
"mistletoe",11,"xgboost",3,"count",10,4.51800441741943,11.745247148289
"mistletoe",11,"xgboost",4,"count",17,10.6384696960449,11.931884057971
"mistletoe",11,"xgboost",4,"count",76,13.2372961044312,11.931884057971
"mistletoe",11,"xgboost",4,"count",42,12.8103494644165,11.931884057971
"mistletoe",11,"xgboost",4,"count",48,15.0155372619629,11.931884057971
"mistletoe",11,"xgboost",4,"count",29,9.74093055725098,11.931884057971
"mistletoe",11,"xgboost",4,"count",29,13.9655866622925,11.931884057971
"mistletoe",11,"xgboost",4,"count",6,6.78161191940308,11.931884057971
"mistletoe",11,"xgboost",4,"count",14,13.2372961044312,11.931884057971
"mistletoe",11,"xgboost",4,"count",17,7.39417886734009,11.931884057971
"mistletoe",11,"xgboost",4,"count",14,10.0784358978271,11.931884057971
"mistletoe",11,"xgboost",4,"count",15,12.3579626083374,11.931884057971
"mistletoe",11,"xgboost",4,"count",12,7.90671443939209,11.931884057971
"mistletoe",11,"xgboost",4,"count",17,9.70129108428955,11.931884057971
"mistletoe",11,"xgboost",4,"count",11,12.5299673080444,11.931884057971
"mistletoe",11,"xgboost",4,"count",31,13.9620904922485,11.931884057971
"mistletoe",11,"xgboost",4,"count",14,13.9620904922485,11.931884057971
"mistletoe",11,"xgboost",4,"count",14,13.9799280166626,11.931884057971
"mistletoe",11,"xgboost",4,"count",6,7.85025262832642,11.931884057971
"mistletoe",11,"xgboost",4,"count",10,12.2006607055664,11.931884057971
"mistletoe",11,"xgboost",4,"count",12,6.3939414024353,11.931884057971
"mistletoe",11,"xgboost",4,"count",27,10.9350709915161,11.931884057971
"mistletoe",11,"xgboost",4,"count",0,5.58843374252319,11.931884057971
"mistletoe",11,"xgboost",4,"count",27,12.5602207183838,11.931884057971
"mistletoe",11,"xgboost",4,"count",23,8.87566375732422,11.931884057971
"mistletoe",11,"xgboost",4,"count",24,11.4423694610596,11.931884057971
"mistletoe",11,"xgboost",4,"count",4,6.80248212814331,11.931884057971
"mistletoe",11,"xgboost",4,"count",11,6.80248212814331,11.931884057971
"mistletoe",11,"xgboost",4,"count",5,8.65073299407959,11.931884057971
"mistletoe",11,"xgboost",4,"count",13,10.9350709915161,11.931884057971
"mistletoe",11,"xgboost",4,"count",11,5.9723949432373,11.931884057971
"mistletoe",11,"xgboost",4,"count",12,11.2956285476685,11.931884057971
"mistletoe",11,"xgboost",4,"count",18,9.74093055725098,11.931884057971
"mistletoe",11,"xgboost",4,"count",18,9.74093055725098,11.931884057971
"mistletoe",11,"xgboost",4,"count",33,5.95015048980713,11.931884057971
"mistletoe",11,"xgboost",4,"count",12,6.82890129089355,11.931884057971
"mistletoe",11,"xgboost",4,"count",2,11.6198482513428,11.931884057971
"mistletoe",11,"xgboost",4,"count",6,6.56674766540527,11.931884057971
"mistletoe",11,"xgboost",4,"count",54,13.9799280166626,11.931884057971
"mistletoe",11,"xgboost",4,"count",1,6.97545671463013,11.931884057971
"mistletoe",11,"xgboost",4,"count",19,14.2486410140991,11.931884057971
"mistletoe",11,"xgboost",4,"count",49,15.0155372619629,11.931884057971
"mistletoe",11,"xgboost",4,"count",12,13.9655866622925,11.931884057971
"mistletoe",11,"xgboost",4,"count",10,5.20303726196289,11.931884057971
"mistletoe",11,"xgboost",4,"count",9,8.87566375732422,11.931884057971
"mistletoe",11,"xgboost",4,"count",19,9.78143215179443,11.931884057971
"mistletoe",11,"xgboost",4,"count",5,10.2021617889404,11.931884057971
"mistletoe",11,"xgboost",4,"count",14,7.315110206604,11.931884057971
"mistletoe",11,"xgboost",4,"count",6,6.82547664642334,11.931884057971
"mistletoe",11,"xgboost",4,"count",6,8.214280128479,11.931884057971
"mistletoe",11,"xgboost",4,"count",8,5.28273868560791,11.931884057971
"mistletoe",11,"xgboost",4,"count",12,3.75843048095703,11.931884057971
"mistletoe",11,"xgboost",4,"count",20,3.30196499824524,11.931884057971
"mistletoe",11,"xgboost",4,"count",12,7.12336397171021,11.931884057971
"mistletoe",11,"xgboost",4,"count",7,10.115327835083,11.931884057971
"mistletoe",11,"xgboost",4,"count",16,8.4456615447998,11.931884057971
"mistletoe",11,"xgboost",4,"count",14,6.47382164001465,11.931884057971
"mistletoe",11,"xgboost",4,"count",14,6.98745822906494,11.931884057971
"mistletoe",11,"xgboost",4,"count",7,6.86977291107178,11.931884057971
"mistletoe",11,"xgboost",4,"count",9,4.12639474868774,11.931884057971
"mistletoe",11,"xgboost",4,"count",12,13.426664352417,11.931884057971
"mistletoe",11,"xgboost",4,"count",8,4.04670000076294,11.931884057971
"mistletoe",11,"xgboost",4,"count",7,9.73934936523438,11.931884057971
"mistletoe",11,"xgboost",4,"count",12,2.02572512626648,11.931884057971
"mistletoe",11,"xgboost",4,"count",5,12.3579626083374,11.931884057971
"mistletoe",11,"xgboost",4,"count",9,5.55088329315186,11.931884057971
"mistletoe",11,"xgboost",4,"count",3,6.37272071838379,11.931884057971
"mistletoe",11,"xgboost",4,"count",18,2.9714183807373,11.931884057971
"mistletoe",11,"xgboost",4,"count",7,5.39329624176025,11.931884057971
"mistletoe",11,"xgboost",4,"count",7,7.90671443939209,11.931884057971
"mistletoe",11,"xgboost",4,"count",14,14.5261888504028,11.931884057971
"mistletoe",11,"xgboost",4,"count",5,14.5261888504028,11.931884057971
"mistletoe",11,"xgboost",4,"count",19,10.2021617889404,11.931884057971
"mistletoe",11,"xgboost",4,"count",6,1.74106693267822,11.931884057971
"mistletoe",11,"xgboost",4,"count",7,5.81261348724365,11.931884057971
"mistletoe",11,"xgboost",4,"count",8,18.9458484649658,11.931884057971
"mistletoe",11,"xgboost",4,"count",11,12.7967071533203,11.931884057971
"mistletoe",11,"xgboost",4,"count",12,12.7967071533203,11.931884057971
"mistletoe",11,"xgboost",4,"count",6,6.3939414024353,11.931884057971
"mistletoe",11,"xgboost",4,"count",15,9.70129108428955,11.931884057971
"mistletoe",11,"xgboost",4,"count",2,7.25367164611816,11.931884057971
"mistletoe",11,"xgboost",4,"count",3,7.25367164611816,11.931884057971
"mistletoe",11,"xgboost",4,"count",11,6.20223617553711,11.931884057971
"mistletoe",11,"xgboost",4,"count",13,6.20223617553711,11.931884057971
"mistletoe",11,"xgboost",4,"count",3,10.7682237625122,11.931884057971
"mistletoe",11,"xgboost",4,"count",0,10.7682237625122,11.931884057971
"mistletoe",11,"xgboost",4,"count",2,10.7682237625122,11.931884057971
"mistletoe",11,"xgboost",4,"count",16,11.4303503036499,11.931884057971
"mistletoe",11,"xgboost",4,"count",14,11.4303503036499,11.931884057971
"mistletoe",11,"xgboost",4,"count",5,7.39417886734009,11.931884057971
"mistletoe",11,"xgboost",4,"count",13,7.9856390953064,11.931884057971
"mistletoe",11,"xgboost",4,"count",15,7.9856390953064,11.931884057971
"mistletoe",11,"xgboost",4,"count",2,9.14961051940918,11.931884057971
"mistletoe",11,"xgboost",4,"count",9,9.14961051940918,11.931884057971
"mistletoe",11,"xgboost",4,"count",0,9.14961051940918,11.931884057971
"mistletoe",11,"xgboost",4,"count",2,9.75451946258545,11.931884057971
"mistletoe",11,"xgboost",4,"count",8,9.75451946258545,11.931884057971
"mistletoe",11,"xgboost",4,"count",11,11.8452806472778,11.931884057971
"mistletoe",11,"xgboost",4,"count",10,11.8452806472778,11.931884057971
"mistletoe",11,"xgboost",4,"count",3,11.8452806472778,11.931884057971
"mistletoe",11,"xgboost",4,"count",19,9.47956657409668,11.931884057971
"mistletoe",11,"xgboost",4,"count",22,9.47956657409668,11.931884057971
"mistletoe",11,"xgboost",4,"count",22,9.2730712890625,11.931884057971
"mistletoe",11,"xgboost",4,"count",12,9.2730712890625,11.931884057971
"mistletoe",11,"xgboost",4,"count",8,5.58843374252319,11.931884057971
"mistletoe",11,"xgboost",4,"count",8,5.58843374252319,11.931884057971
"mistletoe",11,"xgboost",4,"count",7,9.92081928253174,11.931884057971
"mistletoe",11,"xgboost",4,"count",13,9.92081928253174,11.931884057971
"mistletoe",11,"xgboost",4,"count",7,12.5602207183838,11.931884057971
"mistletoe",11,"xgboost",4,"count",18,7.46792888641357,11.931884057971
"mistletoe",11,"xgboost",4,"count",7,7.46792888641357,11.931884057971
"mistletoe",11,"xgboost",4,"count",7,6.95258569717407,11.931884057971
"mistletoe",11,"xgboost",4,"count",5,6.95258569717407,11.931884057971
"mistletoe",11,"xgboost",4,"count",2,6.95258569717407,11.931884057971
"mistletoe",11,"xgboost",4,"count",22,12.332179069519,11.931884057971
"mistletoe",11,"xgboost",4,"count",17,12.332179069519,11.931884057971
"mistletoe",11,"xgboost",4,"count",15,13.4167728424072,11.931884057971
"mistletoe",11,"xgboost",4,"count",22,13.4167728424072,11.931884057971
"mistletoe",11,"xgboost",4,"count",14,9.34730339050293,11.931884057971
"mistletoe",11,"xgboost",4,"count",13,9.34730339050293,11.931884057971
"mistletoe",11,"xgboost",4,"count",13,9.54355716705322,11.931884057971
"mistletoe",11,"xgboost",4,"count",6,9.54355716705322,11.931884057971
"mistletoe",11,"xgboost",4,"count",8,9.16374111175537,11.931884057971
"mistletoe",11,"xgboost",4,"count",9,9.16374111175537,11.931884057971
"mistletoe",11,"xgboost",4,"count",21,12.6966991424561,11.931884057971
"mistletoe",11,"xgboost",4,"count",10,12.6966991424561,11.931884057971
"mistletoe",11,"xgboost",4,"count",8,11.4423694610596,11.931884057971
"mistletoe",11,"xgboost",4,"count",19,10.3718023300171,11.931884057971
"mistletoe",11,"xgboost",4,"count",13,10.3718023300171,11.931884057971
"mistletoe",11,"xgboost",4,"count",24,10.3718023300171,11.931884057971
"mistletoe",11,"xgboost",4,"count",11,11.2956285476685,11.931884057971
"mistletoe",11,"xgboost",4,"count",24,10.824667930603,11.931884057971
"mistletoe",11,"xgboost",4,"count",14,10.824667930603,11.931884057971
"mistletoe",11,"xgboost",4,"count",25,10.3373908996582,11.931884057971
"mistletoe",11,"xgboost",4,"count",8,10.3373908996582,11.931884057971
"mistletoe",11,"xgboost",4,"count",23,10.3373908996582,11.931884057971
"mistletoe",11,"xgboost",4,"count",19,8.89025592803955,11.931884057971
"mistletoe",11,"xgboost",4,"count",9,12.4483919143677,11.931884057971
"mistletoe",11,"xgboost",4,"count",15,12.2623357772827,11.931884057971
"mistletoe",11,"xgboost",4,"count",11,12.2623357772827,11.931884057971
"mistletoe",11,"xgboost",4,"count",5,13.2372961044312,11.931884057971
"mistletoe",11,"xgboost",4,"count",8,12.8103494644165,11.931884057971
"mistletoe",11,"xgboost",4,"count",3,16.7951030731201,11.931884057971
"mistletoe",11,"xgboost",4,"count",6,16.7951030731201,11.931884057971
"mistletoe",11,"xgboost",4,"count",14,7.42435121536255,11.931884057971
"mistletoe",11,"xgboost",4,"count",6,7.42435121536255,11.931884057971
"mistletoe",11,"xgboost",4,"count",15,5.50533580780029,11.931884057971
"mistletoe",11,"xgboost",4,"count",18,5.50533580780029,11.931884057971
"mistletoe",11,"xgboost",4,"count",33,3.30196499824524,11.931884057971
"mistletoe",11,"xgboost",4,"count",6,9.78724479675293,11.931884057971
"mistletoe",11,"xgboost",4,"count",6,9.78724479675293,11.931884057971
"mistletoe",11,"xgboost",4,"count",13,9.78724479675293,11.931884057971
"mistletoe",11,"xgboost",4,"count",9,12.1554946899414,11.931884057971
"mistletoe",11,"xgboost",4,"count",25,10.3084497451782,11.931884057971
"mistletoe",11,"xgboost",4,"count",3,9.73310947418213,11.931884057971
"mistletoe",11,"xgboost",4,"count",13,9.73310947418213,11.931884057971
"mistletoe",11,"xgboost",4,"count",20,13.8498277664185,11.931884057971
"mistletoe",11,"xgboost",4,"count",11,8.02676677703857,11.931884057971
"mistletoe",11,"xgboost",4,"count",16,8.02676677703857,11.931884057971
"mistletoe",11,"xgboost",4,"count",15,5.57217979431152,11.931884057971
"mistletoe",11,"xgboost",4,"count",6,10.8917150497437,11.931884057971
"mistletoe",11,"xgboost",4,"count",5,7.34127044677734,11.931884057971
"mistletoe",11,"xgboost",4,"count",12,7.34127044677734,11.931884057971
"mistletoe",11,"xgboost",4,"count",5,11.3572931289673,11.931884057971
"mistletoe",11,"xgboost",4,"count",7,11.3572931289673,11.931884057971
"mistletoe",11,"xgboost",4,"count",10,9.60087394714355,11.931884057971
"mistletoe",11,"xgboost",4,"count",11,9.60087394714355,11.931884057971
"mistletoe",11,"xgboost",4,"count",14,7.44573783874512,11.931884057971
"mistletoe",11,"xgboost",4,"count",17,7.44573783874512,11.931884057971
"mistletoe",11,"xgboost",4,"count",8,6.55674314498901,11.931884057971
"mistletoe",11,"xgboost",4,"count",7,6.55674314498901,11.931884057971
"mistletoe",11,"xgboost",4,"count",7,8.11909103393555,11.931884057971
"mistletoe",11,"xgboost",4,"count",3,8.11909103393555,11.931884057971
"mistletoe",11,"xgboost",4,"count",12,5.95121955871582,11.931884057971
"mistletoe",11,"xgboost",4,"count",11,15.3040752410889,11.931884057971
"mistletoe",11,"xgboost",4,"count",11,11.0701131820679,11.931884057971
"mistletoe",11,"xgboost",4,"count",11,8.24309539794922,11.931884057971
"mistletoe",11,"xgboost",4,"count",7,7.12336397171021,11.931884057971
"mistletoe",11,"xgboost",4,"count",4,7.12336397171021,11.931884057971
"mistletoe",11,"xgboost",4,"count",7,1.82560396194458,11.931884057971
"mistletoe",11,"xgboost",4,"count",2,1.82560396194458,11.931884057971
"mistletoe",11,"xgboost",4,"count",10,10.115327835083,11.931884057971
"mistletoe",11,"xgboost",4,"count",10,9.56356906890869,11.931884057971
"mistletoe",11,"xgboost",4,"count",14,9.56356906890869,11.931884057971
"mistletoe",11,"xgboost",4,"count",21,7.315110206604,11.931884057971
"mistletoe",11,"xgboost",4,"count",10,8.4456615447998,11.931884057971
"mistletoe",11,"xgboost",4,"count",4,8.4456615447998,11.931884057971
"mistletoe",11,"xgboost",4,"count",12,5.04757499694824,11.931884057971
"mistletoe",11,"xgboost",4,"count",6,5.04757499694824,11.931884057971
"mistletoe",11,"xgboost",4,"count",12,9.66050720214844,11.931884057971
"mistletoe",11,"xgboost",4,"count",30,9.66050720214844,11.931884057971
"mistletoe",11,"xgboost",4,"count",12,9.41285610198975,11.931884057971
"mistletoe",11,"xgboost",4,"count",9,9.41285610198975,11.931884057971
"mistletoe",11,"xgboost",4,"count",28,6.47382164001465,11.931884057971
"mistletoe",11,"xgboost",4,"count",7,10.9350709915161,11.931884057971
"mistletoe",11,"xgboost",4,"count",3,5.95919132232666,11.931884057971
"mistletoe",11,"xgboost",4,"count",8,5.95919132232666,11.931884057971
"mistletoe",11,"xgboost",4,"count",7,10.0784358978271,11.931884057971
"mistletoe",11,"xgboost",4,"count",17,6.98745822906494,11.931884057971
"mistletoe",11,"xgboost",4,"count",15,6.86977291107178,11.931884057971
"mistletoe",11,"xgboost",4,"count",13,13.6868925094604,11.931884057971
"mistletoe",11,"xgboost",4,"count",13,13.6868925094604,11.931884057971
"mistletoe",11,"xgboost",4,"count",23,13.6868925094604,11.931884057971
"mistletoe",11,"xgboost",4,"count",13,13.6868925094604,11.931884057971
"mistletoe",11,"xgboost",4,"count",12,9.85390949249268,11.931884057971
"mistletoe",11,"xgboost",4,"count",10,9.85390949249268,11.931884057971
"mistletoe",11,"xgboost",4,"count",9,12.298638343811,11.931884057971
"mistletoe",11,"xgboost",4,"count",7,12.298638343811,11.931884057971
"mistletoe",11,"xgboost",4,"count",18,10.1001234054565,11.931884057971
"mistletoe",11,"xgboost",4,"count",6,10.1001234054565,11.931884057971
"mistletoe",11,"xgboost",4,"count",11,7.48415470123291,11.931884057971
"mistletoe",11,"xgboost",4,"count",5,10.276026725769,11.931884057971
"mistletoe",11,"xgboost",4,"count",3,10.276026725769,11.931884057971
"mistletoe",11,"xgboost",4,"count",6,7.85025262832642,11.931884057971
"mistletoe",11,"xgboost",4,"count",6,8.21826648712158,11.931884057971
"mistletoe",11,"xgboost",4,"count",4,12.2006607055664,11.931884057971
"mistletoe",11,"xgboost",4,"count",11,8.2905445098877,11.931884057971
"mistletoe",11,"xgboost",4,"count",6,8.2905445098877,11.931884057971
"mistletoe",11,"xgboost",4,"count",9,8.94783782958984,11.931884057971
"mistletoe",11,"xgboost",4,"count",13,8.94783782958984,11.931884057971
"mistletoe",11,"xgboost",4,"count",13,12.5039587020874,11.931884057971
"mistletoe",11,"xgboost",4,"count",13,12.5039587020874,11.931884057971
"mistletoe",11,"xgboost",4,"count",12,6.82890129089355,11.931884057971
"mistletoe",11,"xgboost",4,"count",4,6.82547664642334,11.931884057971
"mistletoe",11,"xgboost",4,"count",3,4.12639474868774,11.931884057971
"mistletoe",11,"xgboost",4,"count",12,8.214280128479,11.931884057971
"mistletoe",11,"xgboost",4,"count",10,13.426664352417,11.931884057971
"mistletoe",11,"xgboost",4,"count",16,12.2507667541504,11.931884057971
"mistletoe",11,"xgboost",4,"count",16,12.2507667541504,11.931884057971
"mistletoe",11,"xgboost",4,"count",8,13.1370134353638,11.931884057971
"mistletoe",11,"xgboost",4,"count",13,13.1370134353638,11.931884057971
"mistletoe",11,"xgboost",4,"count",9,13.1370134353638,11.931884057971
"mistletoe",11,"xgboost",4,"count",19,5.28273868560791,11.931884057971
"mistletoe",11,"xgboost",4,"count",10,9.73934936523438,11.931884057971
"mistletoe",11,"xgboost",4,"count",17,2.02572512626648,11.931884057971
"mistletoe",11,"xgboost",4,"count",10,12.3579626083374,11.931884057971
"mistletoe",11,"xgboost",4,"count",8,3.75843048095703,11.931884057971
"mistletoe",11,"xgboost",4,"count",10,5.55088329315186,11.931884057971
"mistletoe",11,"xgboost",4,"count",12,6.37272071838379,11.931884057971
"mistletoe",11,"xgboost",4,"count",20,2.9714183807373,11.931884057971
"mistletoe",11,"xgboost",4,"count",7,6.48144865036011,11.931884057971
"mistletoe",11,"xgboost",4,"count",11,6.48144865036011,11.931884057971
"mistletoe",11,"xgboost",4,"count",6,5.20303726196289,11.931884057971
"mistletoe",11,"xgboost",4,"count",8,6.59734296798706,11.931884057971
"mistletoe",11,"xgboost",4,"count",8,6.59734296798706,11.931884057971
"mistletoe",11,"xgboost",4,"count",7,7.08836507797241,11.931884057971
"mistletoe",11,"xgboost",4,"count",24,7.08836507797241,11.931884057971
"mistletoe",11,"xgboost",4,"count",37,5.82796001434326,11.931884057971
"mistletoe",11,"xgboost",4,"count",24,5.82796001434326,11.931884057971
"mistletoe",11,"xgboost",4,"count",15,8.8361930847168,11.931884057971
"mistletoe",11,"xgboost",4,"count",8,8.8361930847168,11.931884057971
"mistletoe",11,"xgboost",4,"count",20,18.9458484649658,11.931884057971
"mistletoe",11,"xgboost",4,"count",18,8.89025592803955,11.931884057971
"mistletoe",11,"xgboost",4,"count",25,13.039306640625,11.931884057971
"mistletoe",11,"xgboost",4,"count",20,9.93302536010742,11.931884057971
"mistletoe",11,"xgboost",4,"count",25,1.40089213848114,11.931884057971
"mistletoe",11,"xgboost",4,"count",18,12.5395660400391,11.931884057971
"mistletoe",11,"xgboost",4,"count",15,12.5395660400391,11.931884057971
"mistletoe",11,"xgboost",4,"count",9,14.9979372024536,11.931884057971
"mistletoe",11,"xgboost",4,"count",19,14.9979372024536,11.931884057971
"mistletoe",11,"xgboost",4,"count",7,6.02379512786865,11.931884057971
"mistletoe",11,"xgboost",4,"count",11,5.81261348724365,11.931884057971
"mistletoe",11,"xgboost",4,"count",18,13.039306640625,11.931884057971
"mistletoe",11,"xgboost",4,"count",15,8.89025592803955,11.931884057971
"mistletoe",11,"xgboost",4,"count",9,8.7486572265625,11.931884057971
"mistletoe",11,"xgboost",4,"count",6,8.7486572265625,11.931884057971
"mistletoe",11,"xgboost",4,"count",7,12.1554946899414,11.931884057971
"mistletoe",11,"xgboost",4,"count",11,10.3084497451782,11.931884057971
"mistletoe",11,"xgboost",4,"count",5,11.9402084350586,11.931884057971
"mistletoe",11,"xgboost",4,"count",10,11.9402084350586,11.931884057971
"mistletoe",11,"xgboost",4,"count",9,12.6066808700562,11.931884057971
"mistletoe",11,"xgboost",4,"count",11,12.6066808700562,11.931884057971
"mistletoe",11,"xgboost",4,"count",8,13.8498277664185,11.931884057971
"mistletoe",11,"xgboost",4,"count",8,10.3605470657349,11.931884057971
"mistletoe",11,"xgboost",4,"count",8,10.3605470657349,11.931884057971
"mistletoe",11,"xgboost",4,"count",9,5.57217979431152,11.931884057971
"mistletoe",11,"xgboost",4,"count",9,10.8917150497437,11.931884057971
"mistletoe",11,"xgboost",4,"count",6,20.3308372497559,11.931884057971
"mistletoe",11,"xgboost",4,"count",47,20.3308372497559,11.931884057971
"mistletoe",11,"xgboost",4,"count",12,15.8738069534302,11.931884057971
"mistletoe",11,"xgboost",4,"count",17,15.8738069534302,11.931884057971
"mistletoe",11,"xgboost",4,"count",13,15.5483074188232,11.931884057971
"mistletoe",11,"xgboost",4,"count",8,15.5483074188232,11.931884057971
"mistletoe",11,"xgboost",4,"count",6,4.59197378158569,11.931884057971
"mistletoe",11,"xgboost",4,"count",21,5.95121955871582,11.931884057971
"mistletoe",11,"xgboost",4,"count",14,15.3040752410889,11.931884057971
"mistletoe",11,"xgboost",4,"count",12,11.0701131820679,11.931884057971
"mistletoe",11,"xgboost",4,"count",7,8.24309539794922,11.931884057971
"mistletoe",11,"xgboost",4,"count",23,9.93302536010742,11.931884057971
"mistletoe",11,"xgboost",5,"count",11,20.539665222168,12.1486643437863
"mistletoe",11,"xgboost",5,"count",21,16.1371078491211,12.1486643437863
"mistletoe",11,"xgboost",5,"count",12,8.96243381500244,12.1486643437863
"mistletoe",11,"xgboost",5,"count",10,11.7608280181885,12.1486643437863
"mistletoe",11,"xgboost",5,"count",37,20.1593818664551,12.1486643437863
"mistletoe",11,"xgboost",5,"count",10,9.08371353149414,12.1486643437863
"mistletoe",11,"xgboost",5,"count",56,11.0303258895874,12.1486643437863
"mistletoe",11,"xgboost",5,"count",11,9.03003978729248,12.1486643437863
"mistletoe",11,"xgboost",5,"count",20,4.47659730911255,12.1486643437863
"mistletoe",11,"xgboost",5,"count",15,10.8116607666016,12.1486643437863
"mistletoe",11,"xgboost",5,"count",19,20.8572692871094,12.1486643437863
"mistletoe",11,"xgboost",5,"count",18,12.1687231063843,12.1486643437863
"mistletoe",11,"xgboost",5,"count",7,11.0303258895874,12.1486643437863
"mistletoe",11,"xgboost",5,"count",8,16.4756565093994,12.1486643437863
"mistletoe",11,"xgboost",5,"count",20,16.4756565093994,12.1486643437863
"mistletoe",11,"xgboost",5,"count",8,9.62406921386719,12.1486643437863
"mistletoe",11,"xgboost",5,"count",2,6.98492813110352,12.1486643437863
"mistletoe",11,"xgboost",5,"count",23,9.77608776092529,12.1486643437863
"mistletoe",11,"xgboost",5,"count",11,16.4756565093994,12.1486643437863
"mistletoe",11,"xgboost",5,"count",2,9.62406921386719,12.1486643437863
"mistletoe",11,"xgboost",5,"count",15,8.71212959289551,12.1486643437863
"mistletoe",11,"xgboost",5,"count",13,8.58766746520996,12.1486643437863
"mistletoe",11,"xgboost",5,"count",14,8.96243381500244,12.1486643437863
"mistletoe",11,"xgboost",5,"count",9,5.85811471939087,12.1486643437863
"mistletoe",11,"xgboost",5,"count",7,11.6556272506714,12.1486643437863
"mistletoe",11,"xgboost",5,"count",21,20.539665222168,12.1486643437863
"mistletoe",11,"xgboost",5,"count",7,10.8116607666016,12.1486643437863
"mistletoe",11,"xgboost",5,"count",9,7.90168476104736,12.1486643437863
"mistletoe",11,"xgboost",5,"count",23,4.44777679443359,12.1486643437863
"mistletoe",11,"xgboost",5,"count",11,6.97820997238159,12.1486643437863
"mistletoe",11,"xgboost",5,"count",3,6.97820997238159,12.1486643437863
"mistletoe",11,"xgboost",5,"count",19,13.7103223800659,12.1486643437863
"mistletoe",11,"xgboost",5,"count",9,10.7381734848022,12.1486643437863
"mistletoe",11,"xgboost",5,"count",11,10.8444910049438,12.1486643437863
"mistletoe",11,"xgboost",5,"count",7,10.8444910049438,12.1486643437863
"mistletoe",11,"xgboost",5,"count",10,11.7678318023682,12.1486643437863
"mistletoe",11,"xgboost",5,"count",9,8.59163093566895,12.1486643437863
"mistletoe",11,"xgboost",5,"count",14,10.9889440536499,12.1486643437863
"mistletoe",11,"xgboost",5,"count",10,10.9889440536499,12.1486643437863
"mistletoe",11,"xgboost",5,"count",14,11.5946340560913,12.1486643437863
"mistletoe",11,"xgboost",5,"count",10,9.04637813568115,12.1486643437863
"mistletoe",11,"xgboost",5,"count",9,12.3114681243896,12.1486643437863
"mistletoe",11,"xgboost",5,"count",12,13.1308889389038,12.1486643437863
"mistletoe",11,"xgboost",5,"count",8,9.08732891082764,12.1486643437863
"mistletoe",11,"xgboost",5,"count",8,9.08732891082764,12.1486643437863
"mistletoe",11,"xgboost",5,"count",0,11.2313537597656,12.1486643437863
"mistletoe",11,"xgboost",5,"count",9,10.9042615890503,12.1486643437863
"mistletoe",11,"xgboost",5,"count",11,7.88089466094971,12.1486643437863
"mistletoe",11,"xgboost",5,"count",11,11.110767364502,12.1486643437863
"mistletoe",11,"xgboost",5,"count",23,11.110767364502,12.1486643437863
"mistletoe",11,"xgboost",5,"count",4,13.1601896286011,12.1486643437863
"mistletoe",11,"xgboost",5,"count",12,4.02416133880615,12.1486643437863
"mistletoe",11,"xgboost",5,"count",10,10.8242654800415,12.1486643437863
"mistletoe",11,"xgboost",5,"count",13,10.8242654800415,12.1486643437863
"mistletoe",11,"xgboost",5,"count",13,9.21464824676514,12.1486643437863
"mistletoe",11,"xgboost",5,"count",10,6.50974369049072,12.1486643437863
"mistletoe",11,"xgboost",5,"count",10,9.80712509155273,12.1486643437863
"mistletoe",11,"xgboost",5,"count",12,13.8910980224609,12.1486643437863
"mistletoe",11,"xgboost",5,"count",13,6.59732675552368,12.1486643437863
"mistletoe",11,"xgboost",5,"count",15,10.1300735473633,12.1486643437863
"mistletoe",11,"xgboost",5,"count",17,10.1300735473633,12.1486643437863
"mistletoe",11,"xgboost",5,"count",0,5.40271139144897,12.1486643437863
"mistletoe",11,"xgboost",5,"count",8,9.26296710968018,12.1486643437863
"mistletoe",11,"xgboost",5,"count",10,18.2805347442627,12.1486643437863
"mistletoe",11,"xgboost",5,"count",10,7.45799875259399,12.1486643437863
"mistletoe",11,"xgboost",5,"count",16,6.97831869125366,12.1486643437863
"mistletoe",11,"xgboost",5,"count",8,8.19659614562988,12.1486643437863
"mistletoe",11,"xgboost",5,"count",23,5.68726062774658,12.1486643437863
"mistletoe",11,"xgboost",5,"count",23,10.0896348953247,12.1486643437863
"mistletoe",11,"xgboost",5,"count",8,8.12074089050293,12.1486643437863
"mistletoe",11,"xgboost",5,"count",5,11.1045122146606,12.1486643437863
"mistletoe",11,"xgboost",5,"count",19,5.74500799179077,12.1486643437863
"mistletoe",11,"xgboost",5,"count",12,9.67443561553955,12.1486643437863
"mistletoe",11,"xgboost",5,"count",10,11.3512697219849,12.1486643437863
"mistletoe",11,"xgboost",5,"count",9,11.3512697219849,12.1486643437863
"mistletoe",11,"xgboost",5,"count",17,19.9371528625488,12.1486643437863
"mistletoe",11,"xgboost",5,"count",10,13.5942125320435,12.1486643437863
"mistletoe",11,"xgboost",5,"count",7,20.539665222168,12.1486643437863
"mistletoe",11,"xgboost",5,"count",8,9.10158157348633,12.1486643437863
"mistletoe",11,"xgboost",5,"count",12,9.10158157348633,12.1486643437863
"mistletoe",11,"xgboost",5,"count",5,27.6933612823486,12.1486643437863
"mistletoe",11,"xgboost",5,"count",11,27.6933612823486,12.1486643437863
"mistletoe",11,"xgboost",5,"count",17,8.85097312927246,12.1486643437863
"mistletoe",11,"xgboost",5,"count",15,8.85097312927246,12.1486643437863
"mistletoe",11,"xgboost",5,"count",2,11.0303258895874,12.1486643437863
"mistletoe",11,"xgboost",5,"count",5,7.90168476104736,12.1486643437863
"mistletoe",11,"xgboost",5,"count",7,9.73012351989746,12.1486643437863
"mistletoe",11,"xgboost",5,"count",16,9.73012351989746,12.1486643437863
"mistletoe",11,"xgboost",5,"count",8,12.9845113754272,12.1486643437863
"mistletoe",11,"xgboost",5,"count",4,12.9845113754272,12.1486643437863
"mistletoe",11,"xgboost",5,"count",11,5.41287660598755,12.1486643437863
"mistletoe",11,"xgboost",5,"count",15,5.41287660598755,12.1486643437863
"mistletoe",11,"xgboost",5,"count",6,13.2022256851196,12.1486643437863
"mistletoe",11,"xgboost",5,"count",10,13.2022256851196,12.1486643437863
"mistletoe",11,"xgboost",5,"count",6,10.7781791687012,12.1486643437863
"mistletoe",11,"xgboost",5,"count",5,10.7781791687012,12.1486643437863
"mistletoe",11,"xgboost",5,"count",11,12.5625991821289,12.1486643437863
"mistletoe",11,"xgboost",5,"count",13,12.5625991821289,12.1486643437863
"mistletoe",11,"xgboost",5,"count",7,20.8572692871094,12.1486643437863
"mistletoe",11,"xgboost",5,"count",17,20.1593818664551,12.1486643437863
"mistletoe",11,"xgboost",5,"count",3,29.5997142791748,12.1486643437863
"mistletoe",11,"xgboost",5,"count",9,29.5997142791748,12.1486643437863
"mistletoe",11,"xgboost",5,"count",6,6.98492813110352,12.1486643437863
"mistletoe",11,"xgboost",5,"count",27,4.44777679443359,12.1486643437863
"mistletoe",11,"xgboost",5,"count",19,12.2549905776978,12.1486643437863
"mistletoe",11,"xgboost",5,"count",10,15.3512601852417,12.1486643437863
"mistletoe",11,"xgboost",5,"count",20,15.6797361373901,12.1486643437863
"mistletoe",11,"xgboost",5,"count",6,8.79094314575195,12.1486643437863
"mistletoe",11,"xgboost",5,"count",15,10.9889440536499,12.1486643437863
"mistletoe",11,"xgboost",5,"count",18,13.1308889389038,12.1486643437863
"mistletoe",11,"xgboost",5,"count",18,16.6310863494873,12.1486643437863
"mistletoe",11,"xgboost",5,"count",8,11.2623157501221,12.1486643437863
"mistletoe",11,"xgboost",5,"count",11,13.7103223800659,12.1486643437863
"mistletoe",11,"xgboost",5,"count",18,14.1523294448853,12.1486643437863
"mistletoe",11,"xgboost",5,"count",10,9.23856258392334,12.1486643437863
"mistletoe",11,"xgboost",5,"count",19,14.18430519104,12.1486643437863
"mistletoe",11,"xgboost",5,"count",11,6.86332368850708,12.1486643437863
"mistletoe",11,"inla_spde",1,"count",21,7.24430362682745,12.471218206158
"mistletoe",11,"inla_spde",1,"count",24,6.02992236883709,12.471218206158
"mistletoe",11,"inla_spde",1,"count",31,6.37757694993856,12.471218206158
"mistletoe",11,"inla_spde",1,"count",8,18.2268907347009,12.471218206158
"mistletoe",11,"inla_spde",1,"count",16,14.3801316679774,12.471218206158
"mistletoe",11,"inla_spde",1,"count",0,14.5469171036041,12.471218206158
"mistletoe",11,"inla_spde",1,"count",21,8.59228595414571,12.471218206158
"mistletoe",11,"inla_spde",1,"count",3,8.59228595414571,12.471218206158
"mistletoe",11,"inla_spde",1,"count",40,10.0796714308084,12.471218206158
"mistletoe",11,"inla_spde",1,"count",18,13.2826508052339,12.471218206158
"mistletoe",11,"inla_spde",1,"count",11,7.21207515323614,12.471218206158
"mistletoe",11,"inla_spde",1,"count",16,15.2103255132176,12.471218206158
"mistletoe",11,"inla_spde",1,"count",19,16.3991663055505,12.471218206158
"mistletoe",11,"inla_spde",1,"count",28,6.45145884738577,12.471218206158
"mistletoe",11,"inla_spde",1,"count",12,6.54287427469774,12.471218206158
"mistletoe",11,"inla_spde",1,"count",15,6.79689298576922,12.471218206158
"mistletoe",11,"inla_spde",1,"count",27,14.2985625059361,12.471218206158
"mistletoe",11,"inla_spde",1,"count",14,5.96091002310734,12.471218206158
"mistletoe",11,"inla_spde",1,"count",13,6.64228971576012,12.471218206158
"mistletoe",11,"inla_spde",1,"count",4,7.16773191103694,12.471218206158
"mistletoe",11,"inla_spde",1,"count",9,13.3590728177452,12.471218206158
"mistletoe",11,"inla_spde",1,"count",17,12.5495005522368,12.471218206158
"mistletoe",11,"inla_spde",1,"count",18,12.5495005522368,12.471218206158
"mistletoe",11,"inla_spde",1,"count",7,13.2073472095066,12.471218206158
"mistletoe",11,"inla_spde",1,"count",15,14.2985625059361,12.471218206158
"mistletoe",11,"inla_spde",1,"count",46,13.225338912195,12.471218206158
"mistletoe",11,"inla_spde",1,"count",14,13.3022037209238,12.471218206158
"mistletoe",11,"inla_spde",1,"count",5,8.49425871782488,12.471218206158
"mistletoe",11,"inla_spde",1,"count",11,9.9640764030475,12.471218206158
"mistletoe",11,"inla_spde",1,"count",18,10.0214518483962,12.471218206158
"mistletoe",11,"inla_spde",1,"count",9,7.77402109472694,12.471218206158
"mistletoe",11,"inla_spde",1,"count",9,5.92714436599443,12.471218206158
"mistletoe",11,"inla_spde",1,"count",7,6.02992236883709,12.471218206158
"mistletoe",11,"inla_spde",1,"count",12,6.34142881098781,12.471218206158
"mistletoe",11,"inla_spde",1,"count",8,7.25919220532796,12.471218206158
"mistletoe",11,"inla_spde",1,"count",4,7.08769734649032,12.471218206158
"mistletoe",11,"inla_spde",1,"count",10,6.54287427469774,12.471218206158
"mistletoe",11,"inla_spde",1,"count",33,18.2268907347009,12.471218206158
"mistletoe",11,"inla_spde",1,"count",23,18.12225379726,12.471218206158
"mistletoe",11,"inla_spde",1,"count",18,18.3330675955371,12.471218206158
"mistletoe",11,"inla_spde",1,"count",15,6.75877981585308,12.471218206158
"mistletoe",11,"inla_spde",1,"count",6,6.75877981585308,12.471218206158
"mistletoe",11,"inla_spde",1,"count",8,6.79689298576922,12.471218206158
"mistletoe",11,"inla_spde",1,"count",9,6.83556041146339,12.471218206158
"mistletoe",11,"inla_spde",1,"count",12,6.83556041146339,12.471218206158
"mistletoe",11,"inla_spde",1,"count",8,7.20363632675327,12.471218206158
"mistletoe",11,"inla_spde",1,"count",10,7.20363632675327,12.471218206158
"mistletoe",11,"inla_spde",1,"count",4,7.24430362682745,12.471218206158
"mistletoe",11,"inla_spde",1,"count",6,7.28556341271641,12.471218206158
"mistletoe",11,"inla_spde",1,"count",3,7.28556341271641,12.471218206158
"mistletoe",11,"inla_spde",1,"count",6,6.53135963511224,12.471218206158
"mistletoe",11,"inla_spde",1,"count",2,6.53135963511224,12.471218206158
"mistletoe",11,"inla_spde",1,"count",2,6.53135963511224,12.471218206158
"mistletoe",11,"inla_spde",1,"count",2,6.56779858243004,12.471218206158
"mistletoe",11,"inla_spde",1,"count",13,6.6047731126626,12.471218206158
"mistletoe",11,"inla_spde",1,"count",13,6.64228971576012,12.471218206158
"mistletoe",11,"inla_spde",1,"count",9,6.68035499909845,12.471218206158
"mistletoe",11,"inla_spde",1,"count",5,6.68035499909845,12.471218206158
"mistletoe",11,"inla_spde",1,"count",6,6.68035499909845,12.471218206158
"mistletoe",11,"inla_spde",1,"count",6,7.73091995883466,12.471218206158
"mistletoe",11,"inla_spde",1,"count",4,7.73091995883466,12.471218206158
"mistletoe",11,"inla_spde",1,"count",11,7.73091995883466,12.471218206158
"mistletoe",11,"inla_spde",1,"count",2,7.81775581863055,12.471218206158
"mistletoe",11,"inla_spde",1,"count",6,7.9071568335866,12.471218206158
"mistletoe",11,"inla_spde",1,"count",7,5.92714436599443,12.471218206158
"mistletoe",11,"inla_spde",1,"count",5,5.92714436599443,12.471218206158
"mistletoe",11,"inla_spde",1,"count",14,5.99516734772844,12.471218206158
"mistletoe",11,"inla_spde",1,"count",14,5.99516734772844,12.471218206158
"mistletoe",11,"inla_spde",1,"count",9,6.06518122331501,12.471218206158
"mistletoe",11,"inla_spde",1,"count",8,6.34142881098781,12.471218206158
"mistletoe",11,"inla_spde",1,"count",17,6.34142881098781,12.471218206158
"mistletoe",11,"inla_spde",1,"count",14,6.41425147745153,12.471218206158
"mistletoe",11,"inla_spde",1,"count",8,6.45145884738577,12.471218206158
"mistletoe",11,"inla_spde",1,"count",10,6.48920562914497,12.471218206158
"mistletoe",11,"inla_spde",1,"count",9,6.48920562914497,12.471218206158
"mistletoe",11,"inla_spde",1,"count",16,6.50519931028381,12.471218206158
"mistletoe",11,"inla_spde",1,"count",4,6.58109596533214,12.471218206158
"mistletoe",11,"inla_spde",1,"count",4,6.58109596533214,12.471218206158
"mistletoe",11,"inla_spde",1,"count",4,11.0963566503801,12.471218206158
"mistletoe",11,"inla_spde",1,"count",7,11.0963566503801,12.471218206158
"mistletoe",11,"inla_spde",1,"count",2,11.2230823316762,12.471218206158
"mistletoe",11,"inla_spde",1,"count",17,11.2230823316762,12.471218206158
"mistletoe",11,"inla_spde",1,"count",10,11.2878442184817,12.471218206158
"mistletoe",11,"inla_spde",1,"count",10,11.3535542615157,12.471218206158
"mistletoe",11,"inla_spde",1,"count",3,9.90753470763259,12.471218206158
"mistletoe",11,"inla_spde",1,"count",8,9.90753470763259,12.471218206158
"mistletoe",11,"inla_spde",1,"count",5,10.0214518483962,12.471218206158
"mistletoe",11,"inla_spde",1,"count",3,10.0214518483962,12.471218206158
"mistletoe",11,"inla_spde",1,"count",8,10.0796714308084,12.471218206158
"mistletoe",11,"inla_spde",1,"count",6,10.1387457253164,12.471218206158
"mistletoe",11,"inla_spde",1,"count",8,10.1387457253164,12.471218206158
"mistletoe",11,"inla_spde",1,"count",15,7.13831926412468,12.471218206158
"mistletoe",11,"inla_spde",1,"count",5,7.13831926412468,12.471218206158
"mistletoe",11,"inla_spde",1,"count",13,7.13831926412468,12.471218206158
"mistletoe",11,"inla_spde",1,"count",12,7.17802437746072,12.471218206158
"mistletoe",11,"inla_spde",1,"count",12,7.17802437746072,12.471218206158
"mistletoe",11,"inla_spde",1,"count",4,7.17802437746072,12.471218206158
"mistletoe",11,"inla_spde",1,"count",4,7.21831301724062,12.471218206158
"mistletoe",11,"inla_spde",1,"count",21,7.21831301724062,12.471218206158
"mistletoe",11,"inla_spde",1,"count",17,7.25919220532796,12.471218206158
"mistletoe",11,"inla_spde",1,"count",8,7.30066909045535,12.471218206158
"mistletoe",11,"inla_spde",1,"count",8,7.30066909045535,12.471218206158
"mistletoe",11,"inla_spde",1,"count",1,7.04854457230788,12.471218206158
"mistletoe",11,"inla_spde",1,"count",6,7.04854457230788,12.471218206158
"mistletoe",11,"inla_spde",1,"count",1,7.04854457230788,12.471218206158
"mistletoe",11,"inla_spde",1,"count",29,7.08769734649032,12.471218206158
"mistletoe",11,"inla_spde",1,"count",29,7.08769734649032,12.471218206158
"mistletoe",11,"inla_spde",1,"count",19,7.12742415509517,12.471218206158
"mistletoe",11,"inla_spde",1,"count",16,7.12742415509517,12.471218206158
"mistletoe",11,"inla_spde",1,"count",24,7.16773191103694,12.471218206158
"mistletoe",11,"inla_spde",1,"count",3,7.20862765189484,12.471218206158
"mistletoe",11,"inla_spde",1,"count",4,7.20862765189484,12.471218206158
"mistletoe",11,"inla_spde",1,"count",12,12.1934761227983,12.471218206158
"mistletoe",11,"inla_spde",1,"count",9,12.1934761227983,12.471218206158
"mistletoe",11,"inla_spde",1,"count",7,12.2610764231612,12.471218206158
"mistletoe",11,"inla_spde",1,"count",7,12.2610764231612,12.471218206158
"mistletoe",11,"inla_spde",1,"count",15,12.3296687407183,12.471218206158
"mistletoe",11,"inla_spde",1,"count",18,12.3684482799942,12.471218206158
"mistletoe",11,"inla_spde",1,"count",17,12.3684482799942,12.471218206158
"mistletoe",11,"inla_spde",1,"count",6,12.3684482799942,12.471218206158
"mistletoe",11,"inla_spde",1,"count",8,12.4390345135457,12.471218206158
"mistletoe",11,"inla_spde",1,"count",18,12.4390345135457,12.471218206158
"mistletoe",11,"inla_spde",1,"count",11,12.5106673859836,12.471218206158
"mistletoe",11,"inla_spde",1,"count",13,12.5106673859836,12.471218206158
"mistletoe",11,"inla_spde",1,"count",15,12.5833599960738,12.471218206158
"mistletoe",11,"inla_spde",1,"count",13,12.5833599960738,12.471218206158
"mistletoe",11,"inla_spde",1,"count",12,12.6571256804605,12.471218206158
"mistletoe",11,"inla_spde",1,"count",13,12.6571256804605,12.471218206158
"mistletoe",11,"inla_spde",1,"count",14,12.5495005522368,12.471218206158
"mistletoe",11,"inla_spde",1,"count",8,12.6936111968613,12.471218206158
"mistletoe",11,"inla_spde",1,"count",12,12.6936111968613,12.471218206158
"mistletoe",11,"inla_spde",1,"count",6,12.7672720092716,12.471218206158
"mistletoe",11,"inla_spde",1,"count",12,12.7672720092716,12.471218206158
"mistletoe",11,"inla_spde",1,"count",4,12.8420210789162,12.471218206158
"mistletoe",11,"inla_spde",1,"count",9,12.8420210789162,12.471218206158
"mistletoe",11,"inla_spde",1,"count",13,13.2073472095066,12.471218206158
"mistletoe",11,"inla_spde",1,"count",15,13.2073472095066,12.471218206158
"mistletoe",11,"inla_spde",1,"count",7,13.2826508052339,12.471218206158
"mistletoe",11,"inla_spde",1,"count",5,13.3590728177452,12.471218206158
"mistletoe",11,"inla_spde",1,"count",10,13.4366272235811,12.471218206158
"mistletoe",11,"inla_spde",1,"count",8,13.4366272235811,12.471218206158
"mistletoe",11,"inla_spde",1,"count",20,13.5153282533669,12.471218206158
"mistletoe",11,"inla_spde",1,"count",5,13.5153282533669,12.471218206158
"mistletoe",11,"inla_spde",1,"count",4,14.2985625059361,12.471218206158
"mistletoe",11,"inla_spde",1,"count",10,14.3801316679774,12.471218206158
"mistletoe",11,"inla_spde",1,"count",3,14.4629114968744,12.471218206158
"mistletoe",11,"inla_spde",1,"count",6,14.4629114968744,12.471218206158
"mistletoe",11,"inla_spde",1,"count",12,14.5469171036041,12.471218206158
"mistletoe",11,"inla_spde",1,"count",2,14.6321638738044,12.471218206158
"mistletoe",11,"inla_spde",1,"count",9,14.6321638738044,12.471218206158
"mistletoe",11,"inla_spde",1,"count",13,13.2509611043911,12.471218206158
"mistletoe",11,"inla_spde",1,"count",5,13.2509611043911,12.471218206158
"mistletoe",11,"inla_spde",1,"count",14,13.3278380728445,12.471218206158
"mistletoe",11,"inla_spde",1,"count",2,13.3278380728445,12.471218206158
"mistletoe",11,"inla_spde",1,"count",5,13.4058464134246,12.471218206158
"mistletoe",11,"inla_spde",1,"count",6,13.4058464134246,12.471218206158
"mistletoe",11,"inla_spde",1,"count",8,7.08966594581822,12.471218206158
"mistletoe",11,"inla_spde",1,"count",4,7.08966594581822,12.471218206158
"mistletoe",11,"inla_spde",1,"count",9,7.08966594581822,12.471218206158
"mistletoe",11,"inla_spde",1,"count",10,7.17068189731049,12.471218206158
"mistletoe",11,"inla_spde",1,"count",18,7.17068189731049,12.471218206158
"mistletoe",11,"inla_spde",1,"count",8,7.21207515323614,12.471218206158
"mistletoe",11,"inla_spde",1,"count",28,7.25406828849398,12.471218206158
"mistletoe",11,"inla_spde",1,"count",14,7.25406828849398,12.471218206158
"mistletoe",11,"inla_spde",1,"count",9,15.031537185854,12.471218206158
"mistletoe",11,"inla_spde",1,"count",13,15.1202734494082,12.471218206158
"mistletoe",11,"inla_spde",1,"count",3,15.1202734494082,12.471218206158
"mistletoe",11,"inla_spde",1,"count",28,15.2103255132176,12.471218206158
"mistletoe",11,"inla_spde",1,"count",19,13.0749609836776,12.471218206158
"mistletoe",11,"inla_spde",1,"count",16,13.1495959634056,12.471218206158
"mistletoe",11,"inla_spde",1,"count",13,13.1495959634056,12.471218206158
"mistletoe",11,"inla_spde",1,"count",16,13.225338912195,12.471218206158
"mistletoe",11,"inla_spde",1,"count",10,13.3022037209238,12.471218206158
"mistletoe",11,"inla_spde",1,"count",10,12.6214175320778,12.471218206158
"mistletoe",11,"inla_spde",1,"count",9,8.44633675218408,12.471218206158
"mistletoe",11,"inla_spde",1,"count",8,8.54290541382231,12.471218206158
"mistletoe",11,"inla_spde",1,"count",4,8.54290541382231,12.471218206158
"mistletoe",11,"inla_spde",1,"count",1,8.64240962334968,12.471218206158
"mistletoe",11,"inla_spde",1,"count",1,8.64240962334968,12.471218206158
"mistletoe",11,"inla_spde",1,"count",5,14.7131981079786,12.471218206158
"mistletoe",11,"inla_spde",1,"count",6,15.0528150528944,12.471218206158
"mistletoe",11,"inla_spde",1,"count",7,16.3053038947103,12.471218206158
"mistletoe",11,"inla_spde",1,"count",11,16.3053038947103,12.471218206158
"mistletoe",11,"inla_spde",1,"count",15,16.3991663055505,12.471218206158
"mistletoe",11,"inla_spde",1,"count",6,16.4944106307792,12.471218206158
"mistletoe",11,"inla_spde",1,"count",5,16.4944106307792,12.471218206158
"mistletoe",11,"inla_spde",1,"count",18,18.12225379726,12.471218206158
"mistletoe",11,"inla_spde",1,"count",15,18.3330675955371,12.471218206158
"mistletoe",11,"inla_spde",1,"count",17,13.4442345678774,12.471218206158
"mistletoe",11,"inla_spde",1,"count",12,13.4442345678774,12.471218206158
"mistletoe",11,"inla_spde",1,"count",6,13.4442345678774,12.471218206158
"mistletoe",11,"inla_spde",1,"count",3,13.5210113214351,12.471218206158
"mistletoe",11,"inla_spde",1,"count",45,13.5989281015027,12.471218206158
"mistletoe",11,"inla_spde",1,"count",7,13.6779991975407,12.471218206158
"mistletoe",11,"inla_spde",1,"count",7,13.6779991975407,12.471218206158
"mistletoe",11,"inla_spde",1,"count",5,13.7582391585172,12.471218206158
"mistletoe",11,"inla_spde",1,"count",6,13.7582391585172,12.471218206158
"mistletoe",11,"inla_spde",1,"count",21,14.966016523259,12.471218206158
"mistletoe",11,"inla_spde",1,"count",21,17.7062942070672,12.471218206158
"mistletoe",11,"inla_spde",1,"count",30,17.8076244817686,12.471218206158
"mistletoe",11,"inla_spde",1,"count",18,17.8076244817686,12.471218206158
"mistletoe",11,"inla_spde",1,"count",19,17.9104637835305,12.471218206158
"mistletoe",11,"inla_spde",1,"count",19,17.9104637835305,12.471218206158
"mistletoe",11,"inla_spde",1,"count",4,11.3535542615157,12.471218206158
"mistletoe",11,"inla_spde",1,"count",6,12.4698773130357,12.471218206158
"mistletoe",11,"inla_spde",1,"count",20,12.4698773130357,12.471218206158
"mistletoe",11,"inla_spde",1,"count",10,12.5487880599325,12.471218206158
"mistletoe",11,"inla_spde",1,"count",8,14.8804913354697,12.471218206158
"mistletoe",11,"inla_spde",1,"count",18,17.7062942070672,12.471218206158
"mistletoe",11,"inla_spde",1,"count",8,6.6047731126626,12.471218206158
"mistletoe",11,"inla_spde",1,"count",17,7.81775581863055,12.471218206158
"mistletoe",11,"inla_spde",1,"count",5,7.86213179660615,12.471218206158
"mistletoe",11,"inla_spde",1,"count",17,7.9071568335866,12.471218206158
"mistletoe",11,"inla_spde",1,"count",3,7.9071568335866,12.471218206158
"mistletoe",11,"inla_spde",1,"count",12,6.06518122331501,12.471218206158
"mistletoe",11,"inla_spde",1,"count",11,6.41425147745153,12.471218206158
"mistletoe",11,"inla_spde",1,"count",5,11.0963566503801,12.471218206158
"mistletoe",11,"inla_spde",1,"count",6,11.2878442184817,12.471218206158
"mistletoe",11,"inla_spde",1,"count",10,12.3296687407183,12.471218206158
"mistletoe",11,"inla_spde",1,"count",12,12.3992649928411,12.471218206158
"mistletoe",11,"inla_spde",1,"count",30,12.3992649928411,12.471218206158
"mistletoe",11,"inla_spde",1,"count",3,12.4772233747057,12.471218206158
"mistletoe",11,"inla_spde",1,"count",10,12.4772233747057,12.471218206158
"mistletoe",11,"inla_spde",1,"count",0,12.5487880599325,12.471218206158
"mistletoe",11,"inla_spde",1,"count",6,12.6214175320778,12.471218206158
"mistletoe",11,"inla_spde",1,"count",7,14.8804913354697,12.471218206158
"mistletoe",11,"inla_spde",1,"count",5,14.966016523259,12.471218206158
"mistletoe",11,"inla_spde",1,"count",6,15.0528150528944,12.471218206158
"mistletoe",11,"inla_spde",1,"count",9,13.5210113214351,12.471218206158
"mistletoe",11,"inla_spde",1,"count",13,13.5989281015027,12.471218206158
"mistletoe",11,"inla_spde",1,"count",4,7.86213179660615,12.471218206158
"mistletoe",11,"inla_spde",2,"count",23,13.3504630961243,12.4169696969697
"mistletoe",11,"inla_spde",2,"count",8,12.9208196816554,12.4169696969697
"mistletoe",11,"inla_spde",2,"count",5,12.9969130779677,12.4169696969697
"mistletoe",11,"inla_spde",2,"count",8,10.591304121935,12.4169696969697
"mistletoe",11,"inla_spde",2,"count",16,14.175231579212,12.4169696969697
"mistletoe",11,"inla_spde",2,"count",8,11.2149267849437,12.4169696969697
"mistletoe",11,"inla_spde",2,"count",5,12.7278023148381,12.4169696969697
"mistletoe",11,"inla_spde",2,"count",13,13.8585594532599,12.4169696969697
"mistletoe",11,"inla_spde",2,"count",41,9.8015590783575,12.4169696969697
"mistletoe",11,"inla_spde",2,"count",3,12.7882289997146,12.4169696969697
"mistletoe",11,"inla_spde",2,"count",29,14.89028584057,12.4169696969697
"mistletoe",11,"inla_spde",2,"count",10,15.3837986948305,12.4169696969697
"mistletoe",11,"inla_spde",2,"count",12,14.8847384447292,12.4169696969697
"mistletoe",11,"inla_spde",2,"count",14,16.0401002702296,12.4169696969697
"mistletoe",11,"inla_spde",2,"count",7,11.2048937568308,12.4169696969697
"mistletoe",11,"inla_spde",2,"count",5,13.7928992808216,12.4169696969697
"mistletoe",11,"inla_spde",2,"count",12,12.7004468806559,12.4169696969697
"mistletoe",11,"inla_spde",2,"count",24,11.0351331901639,12.4169696969697
"mistletoe",11,"inla_spde",2,"count",9,11.3046062712562,12.4169696969697
"mistletoe",11,"inla_spde",2,"count",14,12.5823387874001,12.4169696969697
"mistletoe",11,"inla_spde",2,"count",13,13.2121440943825,12.4169696969697
"mistletoe",11,"inla_spde",2,"count",17,14.6505919145882,12.4169696969697
"mistletoe",11,"inla_spde",2,"count",17,15.6378222947981,12.4169696969697
"mistletoe",11,"inla_spde",2,"count",13,11.0351331901639,12.4169696969697
"mistletoe",11,"inla_spde",2,"count",5,10.6979359498818,12.4169696969697
"mistletoe",11,"inla_spde",2,"count",12,15.1220639730322,12.4169696969697
"mistletoe",11,"inla_spde",2,"count",16,12.7278023148381,12.4169696969697
"mistletoe",11,"inla_spde",2,"count",9,12.9969130779677,12.4169696969697
"mistletoe",11,"inla_spde",2,"count",10,12.5783817388654,12.4169696969697
"mistletoe",11,"inla_spde",2,"count",4,11.0351331901639,12.4169696969697
"mistletoe",11,"inla_spde",2,"count",8,11.3981993666445,12.4169696969697
"mistletoe",11,"inla_spde",2,"count",21,11.3981993666445,12.4169696969697
"mistletoe",11,"inla_spde",2,"count",7,11.5850255346874,12.4169696969697
"mistletoe",11,"inla_spde",2,"count",4,11.5850255346874,12.4169696969697
"mistletoe",11,"inla_spde",2,"count",5,11.7754816234425,12.4169696969697
"mistletoe",11,"inla_spde",2,"count",5,11.7754816234425,12.4169696969697
"mistletoe",11,"inla_spde",2,"count",15,9.8015590783575,12.4169696969697
"mistletoe",11,"inla_spde",2,"count",18,9.8015590783575,12.4169696969697
"mistletoe",11,"inla_spde",2,"count",13,9.8015590783575,12.4169696969697
"mistletoe",11,"inla_spde",2,"count",9,9.96091054375932,12.4169696969697
"mistletoe",11,"inla_spde",2,"count",5,9.96091054375932,12.4169696969697
"mistletoe",11,"inla_spde",2,"count",9,10.1233412624423,12.4169696969697
"mistletoe",11,"inla_spde",2,"count",10,10.1233412624423,12.4169696969697
"mistletoe",11,"inla_spde",2,"count",3,10.2889171729937,12.4169696969697
"mistletoe",11,"inla_spde",2,"count",5,10.2889171729937,12.4169696969697
"mistletoe",11,"inla_spde",2,"count",10,10.4577057456381,12.4169696969697
"mistletoe",11,"inla_spde",2,"count",8,10.4577057456381,12.4169696969697
"mistletoe",11,"inla_spde",2,"count",12,10.526920934011,12.4169696969697
"mistletoe",11,"inla_spde",2,"count",19,10.526920934011,12.4169696969697
"mistletoe",11,"inla_spde",2,"count",26,10.6979359498818,12.4169696969697
"mistletoe",11,"inla_spde",2,"count",13,10.6979359498818,12.4169696969697
"mistletoe",11,"inla_spde",2,"count",13,10.8722566789926,12.4169696969697
"mistletoe",11,"inla_spde",2,"count",24,10.8722566789926,12.4169696969697
"mistletoe",11,"inla_spde",2,"count",18,11.0499539798706,12.4169696969697
"mistletoe",11,"inla_spde",2,"count",11,11.0499539798706,12.4169696969697
"mistletoe",11,"inla_spde",2,"count",16,11.2311003596731,12.4169696969697
"mistletoe",11,"inla_spde",2,"count",15,11.2311003596731,12.4169696969697
"mistletoe",11,"inla_spde",2,"count",13,10.7644928416784,12.4169696969697
"mistletoe",11,"inla_spde",2,"count",7,10.9410571942131,12.4169696969697
"mistletoe",11,"inla_spde",2,"count",13,10.9410571942131,12.4169696969697
"mistletoe",11,"inla_spde",2,"count",8,11.1210701207752,12.4169696969697
"mistletoe",11,"inla_spde",2,"count",12,11.1210701207752,12.4169696969697
"mistletoe",11,"inla_spde",2,"count",3,11.3046062712562,12.4169696969697
"mistletoe",11,"inla_spde",2,"count",23,12.9981351433025,12.4169696969697
"mistletoe",11,"inla_spde",2,"count",8,12.9981351433025,12.4169696969697
"mistletoe",11,"inla_spde",2,"count",11,13.2121440943825,12.4169696969697
"mistletoe",11,"inla_spde",2,"count",7,13.4303447670396,12.4169696969697
"mistletoe",11,"inla_spde",2,"count",8,13.4303447670396,12.4169696969697
"mistletoe",11,"inla_spde",2,"count",10,14.89028584057,12.4169696969697
"mistletoe",11,"inla_spde",2,"count",18,15.1346543843436,12.4169696969697
"mistletoe",11,"inla_spde",2,"count",10,15.1346543843436,12.4169696969697
"mistletoe",11,"inla_spde",2,"count",18,15.3837986948305,12.4169696969697
"mistletoe",11,"inla_spde",2,"count",13,15.6378222947981,12.4169696969697
"mistletoe",11,"inla_spde",2,"count",16,14.175231579212,12.4169696969697
"mistletoe",11,"inla_spde",2,"count",10,14.4071767463742,12.4169696969697
"mistletoe",11,"inla_spde",2,"count",10,14.6436464046312,12.4169696969697
"mistletoe",11,"inla_spde",2,"count",13,14.6436464046312,12.4169696969697
"mistletoe",11,"inla_spde",2,"count",7,14.8847384447292,12.4169696969697
"mistletoe",11,"inla_spde",2,"count",4,15.1305530541031,12.4169696969697
"mistletoe",11,"inla_spde",2,"count",5,15.1305530541031,12.4169696969697
"mistletoe",11,"inla_spde",2,"count",34,15.5255730800036,12.4169696969697
"mistletoe",11,"inla_spde",2,"count",22,15.780347212482,12.4169696969697
"mistletoe",11,"inla_spde",2,"count",34,15.780347212482,12.4169696969697
"mistletoe",11,"inla_spde",2,"count",18,16.0401002702296,12.4169696969697
"mistletoe",11,"inla_spde",2,"count",8,16.3049401510823,12.4169696969697
"mistletoe",11,"inla_spde",2,"count",7,16.3049401510823,12.4169696969697
"mistletoe",11,"inla_spde",2,"count",10,11.2048937568308,12.4169696969697
"mistletoe",11,"inla_spde",2,"count",7,11.3907758153457,12.4169696969697
"mistletoe",11,"inla_spde",2,"count",3,11.3907758153457,12.4169696969697
"mistletoe",11,"inla_spde",2,"count",7,12.480514520631,12.4169696969697
"mistletoe",11,"inla_spde",2,"count",6,12.480514520631,12.4169696969697
"mistletoe",11,"inla_spde",2,"count",3,13.115031934516,12.4169696969697
"mistletoe",11,"inla_spde",2,"count",0,13.115031934516,12.4169696969697
"mistletoe",11,"inla_spde",2,"count",10,12.640631604654,12.4169696969697
"mistletoe",11,"inla_spde",2,"count",12,12.640631604654,12.4169696969697
"mistletoe",11,"inla_spde",2,"count",12,12.8505780505623,12.4169696969697
"mistletoe",11,"inla_spde",2,"count",3,12.8505780505623,12.4169696969697
"mistletoe",11,"inla_spde",2,"count",2,13.7928992808216,12.4169696969697
"mistletoe",11,"inla_spde",2,"count",11,14.021971763143,12.4169696969697
"mistletoe",11,"inla_spde",2,"count",16,14.021971763143,12.4169696969697
"mistletoe",11,"inla_spde",2,"count",12,12.4955529192126,12.4169696969697
"mistletoe",11,"inla_spde",2,"count",8,12.4955529192126,12.4169696969697
"mistletoe",11,"inla_spde",2,"count",7,12.7004468806559,12.4169696969697
"mistletoe",11,"inla_spde",2,"count",11,12.9093319482318,12.4169696969697
"mistletoe",11,"inla_spde",2,"count",18,12.9093319482318,12.4169696969697
"mistletoe",11,"inla_spde",2,"count",6,15.1220639730322,12.4169696969697
"mistletoe",11,"inla_spde",2,"count",9,15.3726813813684,12.4169696969697
"mistletoe",11,"inla_spde",2,"count",11,15.3726813813684,12.4169696969697
"mistletoe",11,"inla_spde",2,"count",13,13.6331454324187,12.4169696969697
"mistletoe",11,"inla_spde",2,"count",15,13.6331454324187,12.4169696969697
"mistletoe",11,"inla_spde",2,"count",9,13.8585594532599,12.4169696969697
"mistletoe",11,"inla_spde",2,"count",13,12.9373261087687,12.4169696969697
"mistletoe",11,"inla_spde",2,"count",6,12.9373261087687,12.4169696969697
"mistletoe",11,"inla_spde",2,"count",0,13.1509512034917,12.4169696969697
"mistletoe",11,"inla_spde",2,"count",12,13.1509512034917,12.4169696969697
"mistletoe",11,"inla_spde",2,"count",2,13.3687665470239,12.4169696969697
"mistletoe",11,"inla_spde",2,"count",7,13.3687665470239,12.4169696969697
"mistletoe",11,"inla_spde",2,"count",8,12.5074628270406,12.4169696969697
"mistletoe",11,"inla_spde",2,"count",8,12.7121486498145,12.4169696969697
"mistletoe",11,"inla_spde",2,"count",10,12.7121486498145,12.4169696969697
"mistletoe",11,"inla_spde",2,"count",4,12.9208196816554,12.4169696969697
"mistletoe",11,"inla_spde",2,"count",6,13.1335618515735,12.4169696969697
"mistletoe",11,"inla_spde",2,"count",11,13.3504630961243,12.4169696969697
"mistletoe",11,"inla_spde",2,"count",4,12.1761801429191,12.4169696969697
"mistletoe",11,"inla_spde",2,"count",6,12.3754590301032,12.4169696969697
"mistletoe",11,"inla_spde",2,"count",4,12.3754590301032,12.4169696969697
"mistletoe",11,"inla_spde",2,"count",3,12.5786180415273,12.4169696969697
"mistletoe",11,"inla_spde",2,"count",8,12.5786180415273,12.4169696969697
"mistletoe",11,"inla_spde",2,"count",5,12.785740848656,12.4169696969697
"mistletoe",11,"inla_spde",2,"count",0,12.7859494047506,12.4169696969697
"mistletoe",11,"inla_spde",2,"count",3,14.8069108570673,12.4169696969697
"mistletoe",11,"inla_spde",2,"count",5,15.0495429842061,12.4169696969697
"mistletoe",11,"inla_spde",2,"count",7,15.2969115397777,12.4169696969697
"mistletoe",11,"inla_spde",2,"count",6,15.2969115397777,12.4169696969697
"mistletoe",11,"inla_spde",2,"count",0,15.5491190670904,12.4169696969697
"mistletoe",11,"inla_spde",2,"count",4,15.5491190670904,12.4169696969697
"mistletoe",11,"inla_spde",2,"count",7,15.8062705177645,12.4169696969697
"mistletoe",11,"inla_spde",2,"count",0,15.8062705177645,12.4169696969697
"mistletoe",11,"inla_spde",2,"count",14,12.2392750002653,12.4169696969697
"mistletoe",11,"inla_spde",2,"count",0,12.4400635670744,12.4169696969697
"mistletoe",11,"inla_spde",2,"count",5,13.0663020726647,12.4169696969697
"mistletoe",11,"inla_spde",2,"count",21,12.5783817388654,12.4169696969697
"mistletoe",11,"inla_spde",2,"count",20,12.5783817388654,12.4169696969697
"mistletoe",11,"inla_spde",2,"count",16,12.7859494047506,12.4169696969697
"mistletoe",11,"inla_spde",2,"count",31,12.6447739968157,12.4169696969697
"mistletoe",11,"inla_spde",2,"count",8,12.1751214401691,12.4169696969697
"mistletoe",11,"inla_spde",2,"count",11,12.3748005898385,12.4169696969697
"mistletoe",11,"inla_spde",2,"count",13,12.9975900902375,12.4169696969697
"mistletoe",11,"inla_spde",2,"count",7,12.9975900902375,12.4169696969697
"mistletoe",11,"inla_spde",2,"count",16,12.6447739968157,12.4169696969697
"mistletoe",11,"inla_spde",2,"count",0,12.8534911980768,12.4169696969697
"mistletoe",11,"inla_spde",2,"count",11,12.8534911980768,12.4169696969697
"mistletoe",11,"inla_spde",2,"count",19,13.0663020726647,12.4169696969697
"mistletoe",11,"inla_spde",3,"count",20,12.9375505608319,11.745247148289
"mistletoe",11,"inla_spde",3,"count",80,10.3003375772226,11.745247148289
"mistletoe",11,"inla_spde",3,"count",13,13.4063491813053,11.745247148289
"mistletoe",11,"inla_spde",3,"count",13,13.4063491813053,11.745247148289
"mistletoe",11,"inla_spde",3,"count",35,12.7354581348734,11.745247148289
"mistletoe",11,"inla_spde",3,"count",4,11.4759925329613,11.745247148289
"mistletoe",11,"inla_spde",3,"count",17,12.6709643703444,11.745247148289
"mistletoe",11,"inla_spde",3,"count",20,18.0130090683754,11.745247148289
"mistletoe",11,"inla_spde",3,"count",13,12.6282508735944,11.745247148289
"mistletoe",11,"inla_spde",3,"count",45,11.8986469045064,11.745247148289
"mistletoe",11,"inla_spde",3,"count",3,11.2988903985503,11.745247148289
"mistletoe",11,"inla_spde",3,"count",8,12.5371710039052,11.745247148289
"mistletoe",11,"inla_spde",3,"count",21,12.4763124008569,11.745247148289
"mistletoe",11,"inla_spde",3,"count",12,10.7969023247223,11.745247148289
"mistletoe",11,"inla_spde",3,"count",13,10.3003375772226,11.745247148289
"mistletoe",11,"inla_spde",3,"count",23,10.7924606920332,11.745247148289
"mistletoe",11,"inla_spde",3,"count",32,13.1970317552041,11.745247148289
"mistletoe",11,"inla_spde",3,"count",16,13.1435297710955,11.745247148289
"mistletoe",11,"inla_spde",3,"count",12,13.1435297710955,11.745247148289
"mistletoe",11,"inla_spde",3,"count",14,12.3890658651173,11.745247148289
"mistletoe",11,"inla_spde",3,"count",11,13.0799067671249,11.745247148289
"mistletoe",11,"inla_spde",3,"count",47,12.0862574884317,11.745247148289
"mistletoe",11,"inla_spde",3,"count",30,14.3835391664645,11.745247148289
"mistletoe",11,"inla_spde",3,"count",10,14.3835391664645,11.745247148289
"mistletoe",11,"inla_spde",3,"count",14,11.2988903985503,11.745247148289
"mistletoe",11,"inla_spde",3,"count",8,12.4531527079099,11.745247148289
"mistletoe",11,"inla_spde",3,"count",15,13.0315514519635,11.745247148289
"mistletoe",11,"inla_spde",3,"count",9,10.7969023247223,11.745247148289
"mistletoe",11,"inla_spde",3,"count",2,10.461288110937,11.745247148289
"mistletoe",11,"inla_spde",3,"count",24,12.0862574884317,11.745247148289
"mistletoe",11,"inla_spde",3,"count",9,10.6308639868882,11.745247148289
"mistletoe",11,"inla_spde",3,"count",9,11.1385553917696,11.745247148289
"mistletoe",11,"inla_spde",3,"count",53,10.9497286051969,11.745247148289
"mistletoe",11,"inla_spde",3,"count",4,11.4720091741487,11.745247148289
"mistletoe",11,"inla_spde",3,"count",15,12.1979441640274,11.745247148289
"mistletoe",11,"inla_spde",3,"count",8,19.2337954132818,11.745247148289
"mistletoe",11,"inla_spde",3,"count",2,19.5376589459661,11.745247148289
"mistletoe",11,"inla_spde",3,"count",7,10.9661102590741,11.745247148289
"mistletoe",11,"inla_spde",3,"count",10,11.4720091741487,11.745247148289
"mistletoe",11,"inla_spde",3,"count",11,10.461288110937,11.745247148289
"mistletoe",11,"inla_spde",3,"count",28,12.1326828149697,11.745247148289
"mistletoe",11,"inla_spde",3,"count",28,12.1326828149697,11.745247148289
"mistletoe",11,"inla_spde",3,"count",15,12.2598451475533,11.745247148289
"mistletoe",11,"inla_spde",3,"count",28,12.4322708443819,11.745247148289
"mistletoe",11,"inla_spde",3,"count",17,12.8279843254423,11.745247148289
"mistletoe",11,"inla_spde",3,"count",21,13.2390343700996,11.745247148289
"mistletoe",11,"inla_spde",3,"count",12,12.1547142603938,11.745247148289
"mistletoe",11,"inla_spde",3,"count",5,12.3463259058751,11.745247148289
"mistletoe",11,"inla_spde",3,"count",14,12.5416073814858,11.745247148289
"mistletoe",11,"inla_spde",3,"count",13,12.9375505608319,11.745247148289
"mistletoe",11,"inla_spde",3,"count",16,12.282641395906,11.745247148289
"mistletoe",11,"inla_spde",3,"count",9,12.4763124008569,11.745247148289
"mistletoe",11,"inla_spde",3,"count",5,12.8748648090357,11.745247148289
"mistletoe",11,"inla_spde",3,"count",18,13.2637015040849,11.745247148289
"mistletoe",11,"inla_spde",3,"count",24,12.2774623796797,11.745247148289
"mistletoe",11,"inla_spde",3,"count",4,12.4322708443819,11.745247148289
"mistletoe",11,"inla_spde",3,"count",56,18.0130090683754,11.745247148289
"mistletoe",11,"inla_spde",3,"count",3,12.1979441640274,11.745247148289
"mistletoe",11,"inla_spde",3,"count",10,10.9661102590741,11.745247148289
"mistletoe",11,"inla_spde",3,"count",3,12.2598451475533,11.745247148289
"mistletoe",11,"inla_spde",3,"count",12,12.4531527079099,11.745247148289
"mistletoe",11,"inla_spde",3,"count",7,12.650163058928,11.745247148289
"mistletoe",11,"inla_spde",3,"count",1,12.8509553684572,11.745247148289
"mistletoe",11,"inla_spde",3,"count",6,12.8509553684572,11.745247148289
"mistletoe",11,"inla_spde",3,"count",10,13.0556106437884,11.745247148289
"mistletoe",11,"inla_spde",3,"count",12,13.0556106437884,11.745247148289
"mistletoe",11,"inla_spde",3,"count",2,12.4322708443819,11.745247148289
"mistletoe",11,"inla_spde",3,"count",9,12.6282508735944,11.745247148289
"mistletoe",11,"inla_spde",3,"count",20,12.8279843254423,11.745247148289
"mistletoe",11,"inla_spde",3,"count",15,13.0315514519635,11.745247148289
"mistletoe",11,"inla_spde",3,"count",7,13.2390343700996,11.745247148289
"mistletoe",11,"inla_spde",3,"count",1,12.1547142603938,11.745247148289
"mistletoe",11,"inla_spde",3,"count",8,12.3463259058751,11.745247148289
"mistletoe",11,"inla_spde",3,"count",14,12.5416073814858,11.745247148289
"mistletoe",11,"inla_spde",3,"count",4,12.7406371547872,11.745247148289
"mistletoe",11,"inla_spde",3,"count",9,12.9434955168779,11.745247148289
"mistletoe",11,"inla_spde",3,"count",8,12.9434955168779,11.745247148289
"mistletoe",11,"inla_spde",3,"count",6,19.5376589459661,11.745247148289
"mistletoe",11,"inla_spde",3,"count",11,19.8473599929577,11.745247148289
"mistletoe",11,"inla_spde",3,"count",26,20.1630236664872,11.745247148289
"mistletoe",11,"inla_spde",3,"count",9,20.1630236664872,11.745247148289
"mistletoe",11,"inla_spde",3,"count",7,20.4847779905748,11.745247148289
"mistletoe",11,"inla_spde",3,"count",10,20.4847779905748,11.745247148289
"mistletoe",11,"inla_spde",3,"count",11,12.7354581348734,11.745247148289
"mistletoe",11,"inla_spde",3,"count",4,10.6308639868882,11.745247148289
"mistletoe",11,"inla_spde",3,"count",5,11.1385553917696,11.745247148289
"mistletoe",11,"inla_spde",3,"count",11,11.3143068923126,11.745247148289
"mistletoe",11,"inla_spde",3,"count",8,11.3143068923126,11.745247148289
"mistletoe",11,"inla_spde",3,"count",17,10.9497286051969,11.745247148289
"mistletoe",11,"inla_spde",3,"count",5,11.1205400777126,11.745247148289
"mistletoe",11,"inla_spde",3,"count",11,11.1205400777126,11.745247148289
"mistletoe",11,"inla_spde",3,"count",6,11.2946104416555,11.745247148289
"mistletoe",11,"inla_spde",3,"count",14,11.2946104416555,11.745247148289
"mistletoe",11,"inla_spde",3,"count",9,11.6528073629543,11.745247148289
"mistletoe",11,"inla_spde",3,"count",8,11.6528073629543,11.745247148289
"mistletoe",11,"inla_spde",3,"count",12,13.5161311598151,11.745247148289
"mistletoe",11,"inla_spde",3,"count",12,13.9416219324903,11.745247148289
"mistletoe",11,"inla_spde",3,"count",10,10.6253073795484,11.745247148289
"mistletoe",11,"inla_spde",3,"count",9,10.6253073795484,11.745247148289
"mistletoe",11,"inla_spde",3,"count",6,10.7924606920332,11.745247148289
"mistletoe",11,"inla_spde",3,"count",4,10.9628148680083,11.745247148289
"mistletoe",11,"inla_spde",3,"count",3,10.9628148680083,11.745247148289
"mistletoe",11,"inla_spde",3,"count",14,12.1979441640274,11.745247148289
"mistletoe",11,"inla_spde",3,"count",7,12.3890658651173,11.745247148289
"mistletoe",11,"inla_spde",3,"count",6,12.5838390295139,11.745247148289
"mistletoe",11,"inla_spde",3,"count",7,12.5838390295139,11.745247148289
"mistletoe",11,"inla_spde",3,"count",7,12.7823414815937,11.745247148289
"mistletoe",11,"inla_spde",3,"count",5,12.7823414815937,11.745247148289
"mistletoe",11,"inla_spde",3,"count",4,12.9846528475498,11.745247148289
"mistletoe",11,"inla_spde",3,"count",13,12.9846528475498,11.745247148289
"mistletoe",11,"inla_spde",3,"count",6,11.6564792238072,11.745247148289
"mistletoe",11,"inla_spde",3,"count",7,11.6564792238072,11.745247148289
"mistletoe",11,"inla_spde",3,"count",14,11.8404226329625,11.745247148289
"mistletoe",11,"inla_spde",3,"count",12,11.8404226329625,11.745247148289
"mistletoe",11,"inla_spde",3,"count",7,12.027896593792,11.745247148289
"mistletoe",11,"inla_spde",3,"count",12,12.027896593792,11.745247148289
"mistletoe",11,"inla_spde",3,"count",5,11.8069919466108,11.745247148289
"mistletoe",11,"inla_spde",3,"count",8,11.8069919466108,11.745247148289
"mistletoe",11,"inla_spde",3,"count",6,11.9931832082649,11.745247148289
"mistletoe",11,"inla_spde",3,"count",5,11.9931832082649,11.745247148289
"mistletoe",11,"inla_spde",3,"count",5,12.182946201646,11.745247148289
"mistletoe",11,"inla_spde",3,"count",3,12.182946201646,11.745247148289
"mistletoe",11,"inla_spde",3,"count",13,12.7901684132087,11.745247148289
"mistletoe",11,"inla_spde",3,"count",4,12.7901684132087,11.745247148289
"mistletoe",11,"inla_spde",3,"count",11,13.1970317552041,11.745247148289
"mistletoe",11,"inla_spde",3,"count",11,13.6197031059343,11.745247148289
"mistletoe",11,"inla_spde",3,"count",10,11.5752155350271,11.745247148289
"mistletoe",11,"inla_spde",3,"count",2,11.7575140408479,11.745247148289
"mistletoe",11,"inla_spde",3,"count",8,11.9433114347844,11.745247148289
"mistletoe",11,"inla_spde",3,"count",10,11.9433114347844,11.745247148289
"mistletoe",11,"inla_spde",3,"count",2,12.3257050333397,11.745247148289
"mistletoe",11,"inla_spde",3,"count",5,12.282641395906,11.745247148289
"mistletoe",11,"inla_spde",3,"count",9,12.6736937535183,11.745247148289
"mistletoe",11,"inla_spde",3,"count",15,12.6736937535183,11.745247148289
"mistletoe",11,"inla_spde",3,"count",8,12.8748648090357,11.745247148289
"mistletoe",11,"inla_spde",3,"count",9,13.0799067671249,11.745247148289
"mistletoe",11,"inla_spde",3,"count",12,12.6535549783908,11.745247148289
"mistletoe",11,"inla_spde",3,"count",10,12.8530869561259,11.745247148289
"mistletoe",11,"inla_spde",3,"count",13,13.0564418763814,11.745247148289
"mistletoe",11,"inla_spde",3,"count",22,13.0564418763814,11.745247148289
"mistletoe",11,"inla_spde",3,"count",10,13.2637015040849,11.745247148289
"mistletoe",11,"inla_spde",3,"count",17,13.4749495046703,11.745247148289
"mistletoe",11,"inla_spde",3,"count",15,13.4749495046703,11.745247148289
"mistletoe",11,"inla_spde",3,"count",9,11.8986469045064,11.745247148289
"mistletoe",11,"inla_spde",3,"count",9,12.2774623796797,11.745247148289
"mistletoe",11,"inla_spde",3,"count",8,12.4723384530662,11.745247148289
"mistletoe",11,"inla_spde",3,"count",10,12.4723384530662,11.745247148289
"mistletoe",11,"inla_spde",3,"count",12,12.6709643703444,11.745247148289
"mistletoe",11,"inla_spde",3,"count",26,18.2999871051358,11.745247148289
"mistletoe",11,"inla_spde",3,"count",26,18.2999871051358,11.745247148289
"mistletoe",11,"inla_spde",3,"count",12,11.6245061374951,11.745247148289
"mistletoe",11,"inla_spde",3,"count",4,11.807821229391,11.745247148289
"mistletoe",11,"inla_spde",3,"count",4,11.9946482829577,11.745247148289
"mistletoe",11,"inla_spde",3,"count",14,11.9946482829577,11.745247148289
"mistletoe",11,"inla_spde",3,"count",4,12.185062409949,11.745247148289
"mistletoe",11,"inla_spde",3,"count",9,12.185062409949,11.745247148289
"mistletoe",11,"inla_spde",3,"count",5,12.3791404680887,11.745247148289
"mistletoe",11,"inla_spde",3,"count",6,12.3791404680887,11.745247148289
"mistletoe",11,"inla_spde",3,"count",15,20.8732166006541,11.745247148289
"mistletoe",11,"inla_spde",3,"count",21,20.8732166006541,11.745247148289
"mistletoe",11,"inla_spde",3,"count",39,24.0350255853656,11.745247148289
"mistletoe",11,"inla_spde",3,"count",58,24.8048864453299,11.745247148289
"mistletoe",11,"inla_spde",3,"count",18,23.7381048784015,11.745247148289
"mistletoe",11,"inla_spde",3,"count",21,24.1145262591272,11.745247148289
"mistletoe",11,"inla_spde",3,"count",49,24.4981997106218,11.745247148289
"mistletoe",11,"inla_spde",3,"count",16,24.4162818808405,11.745247148289
"mistletoe",11,"inla_spde",3,"count",18,21.2040710799907,11.745247148289
"mistletoe",11,"inla_spde",3,"count",17,21.2040710799907,11.745247148289
"mistletoe",11,"inla_spde",3,"count",27,21.541297326562,11.745247148289
"mistletoe",11,"inla_spde",3,"count",14,21.8850322510112,11.745247148289
"mistletoe",11,"inla_spde",3,"count",11,24.4981997106218,11.745247148289
"mistletoe",11,"inla_spde",3,"count",31,24.8892811216314,11.745247148289
"mistletoe",11,"inla_spde",3,"count",24,25.2009972966047,11.745247148289
"mistletoe",11,"inla_spde",3,"count",20,19.5193850660918,11.745247148289
"mistletoe",11,"inla_spde",3,"count",20,19.5193850660918,11.745247148289
"mistletoe",11,"inla_spde",3,"count",18,12.7406371547872,11.745247148289
"mistletoe",11,"inla_spde",3,"count",8,20.5486000950796,11.745247148289
"mistletoe",11,"inla_spde",3,"count",21,20.5486000950796,11.745247148289
"mistletoe",11,"inla_spde",3,"count",12,21.541297326562,11.745247148289
"mistletoe",11,"inla_spde",3,"count",13,21.8850322510112,11.745247148289
"mistletoe",11,"inla_spde",3,"count",19,13.5161311598151,11.745247148289
"mistletoe",11,"inla_spde",3,"count",13,14.1604836260783,11.745247148289
"mistletoe",11,"inla_spde",3,"count",16,23.3687832300429,11.745247148289
"mistletoe",11,"inla_spde",3,"count",23,24.8892811216314,11.745247148289
"mistletoe",11,"inla_spde",3,"count",15,23.6609631410329,11.745247148289
"mistletoe",11,"inla_spde",3,"count",18,24.8048864453299,11.745247148289
"mistletoe",11,"inla_spde",3,"count",29,25.2009972966047,11.745247148289
"mistletoe",11,"inla_spde",3,"count",32,19.2137972741689,11.745247148289
"mistletoe",11,"inla_spde",3,"count",10,14.1604836260783,11.745247148289
"mistletoe",11,"inla_spde",4,"count",17,10.7287611559806,11.931884057971
"mistletoe",11,"inla_spde",4,"count",76,11.8001926786184,11.931884057971
"mistletoe",11,"inla_spde",4,"count",42,11.4215508285932,11.931884057971
"mistletoe",11,"inla_spde",4,"count",48,12.6639496684729,11.931884057971
"mistletoe",11,"inla_spde",4,"count",29,12.8041113953443,11.931884057971
"mistletoe",11,"inla_spde",4,"count",29,11.5420989048646,11.931884057971
"mistletoe",11,"inla_spde",4,"count",6,13.7845226588143,11.931884057971
"mistletoe",11,"inla_spde",4,"count",14,11.8001926786184,11.931884057971
"mistletoe",11,"inla_spde",4,"count",17,10.6253789638679,11.931884057971
"mistletoe",11,"inla_spde",4,"count",14,10.1572123829368,11.931884057971
"mistletoe",11,"inla_spde",4,"count",15,7.20899291541869,11.931884057971
"mistletoe",11,"inla_spde",4,"count",12,10.339877805099,11.931884057971
"mistletoe",11,"inla_spde",4,"count",17,10.0842185464675,11.931884057971
"mistletoe",11,"inla_spde",4,"count",11,10.4419771094771,11.931884057971
"mistletoe",11,"inla_spde",4,"count",31,10.1065066964039,11.931884057971
"mistletoe",11,"inla_spde",4,"count",14,10.1065066964039,11.931884057971
"mistletoe",11,"inla_spde",4,"count",14,11.8164651039982,11.931884057971
"mistletoe",11,"inla_spde",4,"count",6,10.8143569132232,11.931884057971
"mistletoe",11,"inla_spde",4,"count",10,10.6002820030169,11.931884057971
"mistletoe",11,"inla_spde",4,"count",12,10.4185434132637,11.931884057971
"mistletoe",11,"inla_spde",4,"count",27,10.8449869179646,11.931884057971
"mistletoe",11,"inla_spde",4,"count",0,14.2439637997857,11.931884057971
"mistletoe",11,"inla_spde",4,"count",27,12.9117248223835,11.931884057971
"mistletoe",11,"inla_spde",4,"count",23,10.3588611935801,11.931884057971
"mistletoe",11,"inla_spde",4,"count",24,10.64031326139,11.931884057971
"mistletoe",11,"inla_spde",4,"count",4,11.0556653136629,11.931884057971
"mistletoe",11,"inla_spde",4,"count",11,11.0556653136629,11.931884057971
"mistletoe",11,"inla_spde",4,"count",5,11.3431936217748,11.931884057971
"mistletoe",11,"inla_spde",4,"count",13,10.8449869179646,11.931884057971
"mistletoe",11,"inla_spde",4,"count",11,11.6441375607939,11.931884057971
"mistletoe",11,"inla_spde",4,"count",12,11.6015739611005,11.931884057971
"mistletoe",11,"inla_spde",4,"count",18,12.8041113953443,11.931884057971
"mistletoe",11,"inla_spde",4,"count",18,12.8041113953443,11.931884057971
"mistletoe",11,"inla_spde",4,"count",33,9.45522805643849,11.931884057971
"mistletoe",11,"inla_spde",4,"count",12,9.15169398981491,11.931884057971
"mistletoe",11,"inla_spde",4,"count",2,10.7891696740096,11.931884057971
"mistletoe",11,"inla_spde",4,"count",6,12.6148614603885,11.931884057971
"mistletoe",11,"inla_spde",4,"count",54,11.8164651039982,11.931884057971
"mistletoe",11,"inla_spde",4,"count",1,14.2438951265051,11.931884057971
"mistletoe",11,"inla_spde",4,"count",19,13.0844211531937,11.931884057971
"mistletoe",11,"inla_spde",4,"count",49,12.6639496684729,11.931884057971
"mistletoe",11,"inla_spde",4,"count",12,11.5420989048646,11.931884057971
"mistletoe",11,"inla_spde",4,"count",10,11.1437451911918,11.931884057971
"mistletoe",11,"inla_spde",4,"count",9,10.3588611935801,11.931884057971
"mistletoe",11,"inla_spde",4,"count",19,11.8670198745444,11.931884057971
"mistletoe",11,"inla_spde",4,"count",5,9.68856572390603,11.931884057971
"mistletoe",11,"inla_spde",4,"count",14,8.50598606152398,11.931884057971
"mistletoe",11,"inla_spde",4,"count",6,10.3159326275047,11.931884057971
"mistletoe",11,"inla_spde",4,"count",6,9.66175488269248,11.931884057971
"mistletoe",11,"inla_spde",4,"count",8,8.65150071571754,11.931884057971
"mistletoe",11,"inla_spde",4,"count",12,6.97637432676328,11.931884057971
"mistletoe",11,"inla_spde",4,"count",20,7.05392412492916,11.931884057971
"mistletoe",11,"inla_spde",4,"count",12,9.69529766309664,11.931884057971
"mistletoe",11,"inla_spde",4,"count",7,9.0802224475865,11.931884057971
"mistletoe",11,"inla_spde",4,"count",16,10.3485174912493,11.931884057971
"mistletoe",11,"inla_spde",4,"count",14,9.07941542310894,11.931884057971
"mistletoe",11,"inla_spde",4,"count",14,9.83064883328261,11.931884057971
"mistletoe",11,"inla_spde",4,"count",7,9.51509441980014,11.931884057971
"mistletoe",11,"inla_spde",4,"count",9,9.98321907669953,11.931884057971
"mistletoe",11,"inla_spde",4,"count",12,9.35114394364683,11.931884057971
"mistletoe",11,"inla_spde",4,"count",8,8.93945706308808,11.931884057971
"mistletoe",11,"inla_spde",4,"count",7,8.37326949389902,11.931884057971
"mistletoe",11,"inla_spde",4,"count",12,8.10442132435647,11.931884057971
"mistletoe",11,"inla_spde",4,"count",5,7.20899291541869,11.931884057971
"mistletoe",11,"inla_spde",4,"count",9,6.75162417192887,11.931884057971
"mistletoe",11,"inla_spde",4,"count",3,6.53446529861042,11.931884057971
"mistletoe",11,"inla_spde",4,"count",18,6.3246306718579,11.931884057971
"mistletoe",11,"inla_spde",4,"count",7,10.6826413684889,11.931884057971
"mistletoe",11,"inla_spde",4,"count",7,10.339877805099,11.931884057971
"mistletoe",11,"inla_spde",4,"count",14,10.008654244251,11.931884057971
"mistletoe",11,"inla_spde",4,"count",5,10.008654244251,11.931884057971
"mistletoe",11,"inla_spde",4,"count",19,9.68856572390603,11.931884057971
"mistletoe",11,"inla_spde",4,"count",6,11.0843732267097,11.931884057971
"mistletoe",11,"inla_spde",4,"count",7,10.0530308367712,11.931884057971
"mistletoe",11,"inla_spde",4,"count",8,10.9069247050449,11.931884057971
"mistletoe",11,"inla_spde",4,"count",11,10.5568737689451,11.931884057971
"mistletoe",11,"inla_spde",4,"count",12,10.5568737689451,11.931884057971
"mistletoe",11,"inla_spde",4,"count",6,10.4185434132637,11.931884057971
"mistletoe",11,"inla_spde",4,"count",15,10.0842185464675,11.931884057971
"mistletoe",11,"inla_spde",4,"count",2,9.76115303326044,11.931884057971
"mistletoe",11,"inla_spde",4,"count",3,9.76115303326044,11.931884057971
"mistletoe",11,"inla_spde",4,"count",11,9.44895156359281,11.931884057971
"mistletoe",11,"inla_spde",4,"count",13,9.44895156359281,11.931884057971
"mistletoe",11,"inla_spde",4,"count",3,11.7210424398957,11.931884057971
"mistletoe",11,"inla_spde",4,"count",0,11.7210424398957,11.931884057971
"mistletoe",11,"inla_spde",4,"count",2,11.7210424398957,11.931884057971
"mistletoe",11,"inla_spde",4,"count",16,10.9781225555603,11.931884057971
"mistletoe",11,"inla_spde",4,"count",14,10.9781225555603,11.931884057971
"mistletoe",11,"inla_spde",4,"count",5,10.6253789638679,11.931884057971
"mistletoe",11,"inla_spde",4,"count",13,10.2845290247899,11.931884057971
"mistletoe",11,"inla_spde",4,"count",15,10.2845290247899,11.931884057971
"mistletoe",11,"inla_spde",4,"count",2,11.1485124986842,11.931884057971
"mistletoe",11,"inla_spde",4,"count",9,11.1485124986842,11.931884057971
"mistletoe",11,"inla_spde",4,"count",0,11.1485124986842,11.931884057971
"mistletoe",11,"inla_spde",4,"count",2,9.78234596949595,11.931884057971
"mistletoe",11,"inla_spde",4,"count",8,9.78234596949595,11.931884057971
"mistletoe",11,"inla_spde",4,"count",11,13.0351295296082,11.931884057971
"mistletoe",11,"inla_spde",4,"count",10,13.0351295296082,11.931884057971
"mistletoe",11,"inla_spde",4,"count",3,13.0351295296082,11.931884057971
"mistletoe",11,"inla_spde",4,"count",19,12.2088069542313,11.931884057971
"mistletoe",11,"inla_spde",4,"count",22,12.2088069542313,11.931884057971
"mistletoe",11,"inla_spde",4,"count",22,11.43735330925,11.931884057971
"mistletoe",11,"inla_spde",4,"count",12,11.43735330925,11.931884057971
"mistletoe",11,"inla_spde",4,"count",8,14.2439637997857,11.931884057971
"mistletoe",11,"inla_spde",4,"count",8,14.2439637997857,11.931884057971
"mistletoe",11,"inla_spde",4,"count",7,13.3406256569843,11.931884057971
"mistletoe",11,"inla_spde",4,"count",13,13.3406256569843,11.931884057971
"mistletoe",11,"inla_spde",4,"count",7,12.9117248223835,11.931884057971
"mistletoe",11,"inla_spde",4,"count",18,12.4972922155488,11.931884057971
"mistletoe",11,"inla_spde",4,"count",7,12.4972922155488,11.931884057971
"mistletoe",11,"inla_spde",4,"count",7,14.7186568514718,11.931884057971
"mistletoe",11,"inla_spde",4,"count",5,14.7186568514718,11.931884057971
"mistletoe",11,"inla_spde",4,"count",2,14.7186568514718,11.931884057971
"mistletoe",11,"inla_spde",4,"count",22,13.7851956667892,11.931884057971
"mistletoe",11,"inla_spde",4,"count",17,13.7851956667892,11.931884057971
"mistletoe",11,"inla_spde",4,"count",15,13.3419922550075,11.931884057971
"mistletoe",11,"inla_spde",4,"count",22,13.3419922550075,11.931884057971
"mistletoe",11,"inla_spde",4,"count",14,12.9137393721704,11.931884057971
"mistletoe",11,"inla_spde",4,"count",13,12.9137393721704,11.931884057971
"mistletoe",11,"inla_spde",4,"count",13,10.7028181473331,11.931884057971
"mistletoe",11,"inla_spde",4,"count",6,10.7028181473331,11.931884057971
"mistletoe",11,"inla_spde",4,"count",8,10.0265027316129,11.931884057971
"mistletoe",11,"inla_spde",4,"count",9,10.0265027316129,11.931884057971
"mistletoe",11,"inla_spde",4,"count",21,10.9936154088061,11.931884057971
"mistletoe",11,"inla_spde",4,"count",10,10.9936154088061,11.931884057971
"mistletoe",11,"inla_spde",4,"count",8,10.64031326139,11.931884057971
"mistletoe",11,"inla_spde",4,"count",19,10.2989245359735,11.931884057971
"mistletoe",11,"inla_spde",4,"count",13,10.2989245359735,11.931884057971
"mistletoe",11,"inla_spde",4,"count",24,10.2989245359735,11.931884057971
"mistletoe",11,"inla_spde",4,"count",11,11.6015739611005,11.931884057971
"mistletoe",11,"inla_spde",4,"count",24,11.2286551490708,11.931884057971
"mistletoe",11,"inla_spde",4,"count",14,11.2286551490708,11.931884057971
"mistletoe",11,"inla_spde",4,"count",25,10.8683138777306,11.931884057971
"mistletoe",11,"inla_spde",4,"count",8,10.8683138777306,11.931884057971
"mistletoe",11,"inla_spde",4,"count",23,10.8683138777306,11.931884057971
"mistletoe",11,"inla_spde",4,"count",19,12.1863177033067,11.931884057971
"mistletoe",11,"inla_spde",4,"count",9,13.9699864519833,11.931884057971
"mistletoe",11,"inla_spde",4,"count",15,12.25765620781,11.931884057971
"mistletoe",11,"inla_spde",4,"count",11,12.25765620781,11.931884057971
"mistletoe",11,"inla_spde",4,"count",5,11.8001926786184,11.931884057971
"mistletoe",11,"inla_spde",4,"count",8,11.4215508285932,11.931884057971
"mistletoe",11,"inla_spde",4,"count",3,10.7020880452242,11.931884057971
"mistletoe",11,"inla_spde",4,"count",6,10.7020880452242,11.931884057971
"mistletoe",11,"inla_spde",4,"count",14,7.53105624249188,11.931884057971
"mistletoe",11,"inla_spde",4,"count",6,7.53105624249188,11.931884057971
"mistletoe",11,"inla_spde",4,"count",15,7.28839053079058,11.931884057971
"mistletoe",11,"inla_spde",4,"count",18,7.28839053079058,11.931884057971
"mistletoe",11,"inla_spde",4,"count",33,7.05392412492916,11.931884057971
"mistletoe",11,"inla_spde",4,"count",6,13.5252318215059,11.931884057971
"mistletoe",11,"inla_spde",4,"count",6,13.5252318215059,11.931884057971
"mistletoe",11,"inla_spde",4,"count",13,13.5252318215059,11.931884057971
"mistletoe",11,"inla_spde",4,"count",9,12.6676387419163,11.931884057971
"mistletoe",11,"inla_spde",4,"count",25,12.2604606384376,11.931884057971
"mistletoe",11,"inla_spde",4,"count",3,13.9028299594097,11.931884057971
"mistletoe",11,"inla_spde",4,"count",13,13.9028299594097,11.931884057971
"mistletoe",11,"inla_spde",4,"count",20,12.6029360727104,11.931884057971
"mistletoe",11,"inla_spde",4,"count",11,14.2643058964652,11.931884057971
"mistletoe",11,"inla_spde",4,"count",16,14.2643058964652,11.931884057971
"mistletoe",11,"inla_spde",4,"count",15,13.8043501448079,11.931884057971
"mistletoe",11,"inla_spde",4,"count",6,13.3599554487409,11.931884057971
"mistletoe",11,"inla_spde",4,"count",5,13.0283198107495,11.931884057971
"mistletoe",11,"inla_spde",4,"count",12,13.0283198107495,11.931884057971
"mistletoe",11,"inla_spde",4,"count",5,10.9276640996667,11.931884057971
"mistletoe",11,"inla_spde",4,"count",7,10.9276640996667,11.931884057971
"mistletoe",11,"inla_spde",4,"count",10,10.2348716850995,11.931884057971
"mistletoe",11,"inla_spde",4,"count",11,10.2348716850995,11.931884057971
"mistletoe",11,"inla_spde",4,"count",14,9.90593668391193,11.931884057971
"mistletoe",11,"inla_spde",4,"count",17,9.90593668391193,11.931884057971
"mistletoe",11,"inla_spde",4,"count",8,9.5880974322622,11.931884057971
"mistletoe",11,"inla_spde",4,"count",7,9.5880974322622,11.931884057971
"mistletoe",11,"inla_spde",4,"count",7,14.2242085173099,11.931884057971
"mistletoe",11,"inla_spde",4,"count",3,14.2242085173099,11.931884057971
"mistletoe",11,"inla_spde",4,"count",12,13.765496440226,11.931884057971
"mistletoe",11,"inla_spde",4,"count",11,13.3223058478855,11.931884057971
"mistletoe",11,"inla_spde",4,"count",11,12.8940893793274,11.931884057971
"mistletoe",11,"inla_spde",4,"count",11,12.4803196932027,11.931884057971
"mistletoe",11,"inla_spde",4,"count",7,9.69529766309664,11.931884057971
"mistletoe",11,"inla_spde",4,"count",4,9.69529766309664,11.931884057971
"mistletoe",11,"inla_spde",4,"count",7,9.38247065016673,11.931884057971
"mistletoe",11,"inla_spde",4,"count",2,9.38247065016673,11.931884057971
"mistletoe",11,"inla_spde",4,"count",10,9.0802224475865,11.931884057971
"mistletoe",11,"inla_spde",4,"count",10,8.78818055387387,11.931884057971
"mistletoe",11,"inla_spde",4,"count",14,8.78818055387387,11.931884057971
"mistletoe",11,"inla_spde",4,"count",21,8.50598606152398,11.931884057971
"mistletoe",11,"inla_spde",4,"count",10,10.3485174912493,11.931884057971
"mistletoe",11,"inla_spde",4,"count",4,10.3485174912493,11.931884057971
"mistletoe",11,"inla_spde",4,"count",12,10.0147051800247,11.931884057971
"mistletoe",11,"inla_spde",4,"count",6,10.0147051800247,11.931884057971
"mistletoe",11,"inla_spde",4,"count",12,9.69217993493899,11.931884057971
"mistletoe",11,"inla_spde",4,"count",30,9.69217993493899,11.931884057971
"mistletoe",11,"inla_spde",4,"count",12,9.38054432483681,11.931884057971
"mistletoe",11,"inla_spde",4,"count",9,9.38054432483681,11.931884057971
"mistletoe",11,"inla_spde",4,"count",28,9.07941542310894,11.931884057971
"mistletoe",11,"inla_spde",4,"count",7,10.8449869179646,11.931884057971
"mistletoe",11,"inla_spde",4,"count",3,10.4951862765282,11.931884057971
"mistletoe",11,"inla_spde",4,"count",8,10.4951862765282,11.931884057971
"mistletoe",11,"inla_spde",4,"count",7,10.1572123829368,11.931884057971
"mistletoe",11,"inla_spde",4,"count",17,9.83064883328261,11.931884057971
"mistletoe",11,"inla_spde",4,"count",15,9.51509441980014,11.931884057971
"mistletoe",11,"inla_spde",4,"count",13,13.230662222627,11.931884057971
"mistletoe",11,"inla_spde",4,"count",13,13.230662222627,11.931884057971
"mistletoe",11,"inla_spde",4,"count",23,13.230662222627,11.931884057971
"mistletoe",11,"inla_spde",4,"count",13,13.230662222627,11.931884057971
"mistletoe",11,"inla_spde",4,"count",12,12.3919878386791,11.931884057971
"mistletoe",11,"inla_spde",4,"count",10,12.3919878386791,11.931884057971
"mistletoe",11,"inla_spde",4,"count",9,11.9937830409115,11.931884057971
"mistletoe",11,"inla_spde",4,"count",7,11.9937830409115,11.931884057971
"mistletoe",11,"inla_spde",4,"count",18,11.6090070776222,11.931884057971
"mistletoe",11,"inla_spde",4,"count",6,11.6090070776222,11.931884057971
"mistletoe",11,"inla_spde",4,"count",11,11.9251012384863,11.931884057971
"mistletoe",11,"inla_spde",4,"count",5,11.1720018513553,11.931884057971
"mistletoe",11,"inla_spde",4,"count",3,11.1720018513553,11.931884057971
"mistletoe",11,"inla_spde",4,"count",6,10.8143569132232,11.931884057971
"mistletoe",11,"inla_spde",4,"count",6,10.9521096558813,11.931884057971
"mistletoe",11,"inla_spde",4,"count",4,10.6002820030169,11.931884057971
"mistletoe",11,"inla_spde",4,"count",11,10.2603084248858,11.931884057971
"mistletoe",11,"inla_spde",4,"count",6,10.2603084248858,11.931884057971
"mistletoe",11,"inla_spde",4,"count",9,9.93177279562918,11.931884057971
"mistletoe",11,"inla_spde",4,"count",13,9.93177279562918,11.931884057971
"mistletoe",11,"inla_spde",4,"count",13,9.7693625143935,11.931884057971
"mistletoe",11,"inla_spde",4,"count",13,9.7693625143935,11.931884057971
"mistletoe",11,"inla_spde",4,"count",12,9.15169398981491,11.931884057971
"mistletoe",11,"inla_spde",4,"count",4,10.3159326275047,11.931884057971
"mistletoe",11,"inla_spde",4,"count",3,9.98321907669953,11.931884057971
"mistletoe",11,"inla_spde",4,"count",12,9.66175488269248,11.931884057971
"mistletoe",11,"inla_spde",4,"count",10,9.35114394364683,11.931884057971
"mistletoe",11,"inla_spde",4,"count",16,9.0510046138689,11.931884057971
"mistletoe",11,"inla_spde",4,"count",16,9.0510046138689,11.931884057971
"mistletoe",11,"inla_spde",4,"count",8,9.23749356962496,11.931884057971
"mistletoe",11,"inla_spde",4,"count",13,9.23749356962496,11.931884057971
"mistletoe",11,"inla_spde",4,"count",9,9.23749356962496,11.931884057971
"mistletoe",11,"inla_spde",4,"count",19,8.65150071571754,11.931884057971
"mistletoe",11,"inla_spde",4,"count",10,8.37326949389902,11.931884057971
"mistletoe",11,"inla_spde",4,"count",17,8.10442132435647,11.931884057971
"mistletoe",11,"inla_spde",4,"count",10,7.20899291541869,11.931884057971
"mistletoe",11,"inla_spde",4,"count",8,6.97637432676328,11.931884057971
"mistletoe",11,"inla_spde",4,"count",10,6.75162417192887,11.931884057971
"mistletoe",11,"inla_spde",4,"count",12,6.53446529861042,11.931884057971
"mistletoe",11,"inla_spde",4,"count",20,6.3246306718579,11.931884057971
"mistletoe",11,"inla_spde",4,"count",7,11.5141486877628,11.931884057971
"mistletoe",11,"inla_spde",4,"count",11,11.5141486877628,11.931884057971
"mistletoe",11,"inla_spde",4,"count",6,11.1437451911918,11.931884057971
"mistletoe",11,"inla_spde",4,"count",8,10.785842519419,11.931884057971
"mistletoe",11,"inla_spde",4,"count",8,10.785842519419,11.931884057971
"mistletoe",11,"inla_spde",4,"count",7,9.72215915255663,11.931884057971
"mistletoe",11,"inla_spde",4,"count",24,9.72215915255663,11.931884057971
"mistletoe",11,"inla_spde",4,"count",37,9.40936284848754,11.931884057971
"mistletoe",11,"inla_spde",4,"count",24,9.40936284848754,11.931884057971
"mistletoe",11,"inla_spde",4,"count",15,9.10712396161001,11.931884057971
"mistletoe",11,"inla_spde",4,"count",8,9.10712396161001,11.931884057971
"mistletoe",11,"inla_spde",4,"count",20,10.9069247050449,11.931884057971
"mistletoe",11,"inla_spde",4,"count",18,12.1863177033067,11.931884057971
"mistletoe",11,"inla_spde",4,"count",25,13.0084231221946,11.931884057971
"mistletoe",11,"inla_spde",4,"count",20,12.5903203570576,11.931884057971
"mistletoe",11,"inla_spde",4,"count",25,12.6082219966191,11.931884057971
"mistletoe",11,"inla_spde",4,"count",18,12.202336957183,11.931884057971
"mistletoe",11,"inla_spde",4,"count",15,12.202336957183,11.931884057971
"mistletoe",11,"inla_spde",4,"count",9,11.810163574503,11.931884057971
"mistletoe",11,"inla_spde",4,"count",19,11.810163574503,11.931884057971
"mistletoe",11,"inla_spde",4,"count",7,10.3851203724412,11.931884057971
"mistletoe",11,"inla_spde",4,"count",11,10.0530308367712,11.931884057971
"mistletoe",11,"inla_spde",4,"count",18,13.0084231221946,11.931884057971
"mistletoe",11,"inla_spde",4,"count",15,12.1863177033067,11.931884057971
"mistletoe",11,"inla_spde",4,"count",9,13.0890556392905,11.931884057971
"mistletoe",11,"inla_spde",4,"count",6,13.0890556392905,11.931884057971
"mistletoe",11,"inla_spde",4,"count",7,12.6676387419163,11.931884057971
"mistletoe",11,"inla_spde",4,"count",11,12.2604606384376,11.931884057971
"mistletoe",11,"inla_spde",4,"count",5,13.4545442909414,11.931884057971
"mistletoe",11,"inla_spde",4,"count",10,13.4545442909414,11.931884057971
"mistletoe",11,"inla_spde",4,"count",9,13.0214245628071,11.931884057971
"mistletoe",11,"inla_spde",4,"count",11,13.0214245628071,11.931884057971
"mistletoe",11,"inla_spde",4,"count",8,12.6029360727104,11.931884057971
"mistletoe",11,"inla_spde",4,"count",8,12.198563669455,11.931884057971
"mistletoe",11,"inla_spde",4,"count",8,12.198563669455,11.931884057971
"mistletoe",11,"inla_spde",4,"count",9,13.8043501448079,11.931884057971
"mistletoe",11,"inla_spde",4,"count",9,13.3599554487409,11.931884057971
"mistletoe",11,"inla_spde",4,"count",6,12.9305731715134,11.931884057971
"mistletoe",11,"inla_spde",4,"count",47,12.9305731715134,11.931884057971
"mistletoe",11,"inla_spde",4,"count",12,12.5156747367299,11.931884057971
"mistletoe",11,"inla_spde",4,"count",17,12.5156747367299,11.931884057971
"mistletoe",11,"inla_spde",4,"count",13,11.4312190546882,11.931884057971
"mistletoe",11,"inla_spde",4,"count",8,11.4312190546882,11.931884057971
"mistletoe",11,"inla_spde",4,"count",6,10.5753073843423,11.931884057971
"mistletoe",11,"inla_spde",4,"count",21,13.765496440226,11.931884057971
"mistletoe",11,"inla_spde",4,"count",14,13.3223058478855,11.931884057971
"mistletoe",11,"inla_spde",4,"count",12,12.8940893793274,11.931884057971
"mistletoe",11,"inla_spde",4,"count",7,12.4803196932027,11.931884057971
"mistletoe",11,"inla_spde",4,"count",23,12.5903203570576,11.931884057971
"mistletoe",11,"inla_spde",5,"count",11,8.00861080332108,12.1486643437863
"mistletoe",11,"inla_spde",5,"count",21,9.72970092489279,12.1486643437863
"mistletoe",11,"inla_spde",5,"count",12,9.53039585277737,12.1486643437863
"mistletoe",11,"inla_spde",5,"count",10,9.71414469015343,12.1486643437863
"mistletoe",11,"inla_spde",5,"count",37,11.5118550412178,12.1486643437863
"mistletoe",11,"inla_spde",5,"count",10,9.6742691803896,12.1486643437863
"mistletoe",11,"inla_spde",5,"count",56,7.16287240101997,12.1486643437863
"mistletoe",11,"inla_spde",5,"count",11,10.1508418310714,12.1486643437863
"mistletoe",11,"inla_spde",5,"count",20,13.6626065068916,12.1486643437863
"mistletoe",11,"inla_spde",5,"count",15,8.05813823814218,12.1486643437863
"mistletoe",11,"inla_spde",5,"count",19,11.4411694380599,12.1486643437863
"mistletoe",11,"inla_spde",5,"count",18,9.81744622102591,12.1486643437863
"mistletoe",11,"inla_spde",5,"count",7,7.16287240101997,12.1486643437863
"mistletoe",11,"inla_spde",5,"count",8,8.56646458802004,12.1486643437863
"mistletoe",11,"inla_spde",5,"count",20,8.56646458802004,12.1486643437863
"mistletoe",11,"inla_spde",5,"count",8,8.61941752741084,12.1486643437863
"mistletoe",11,"inla_spde",5,"count",2,11.6560459377414,12.1486643437863
"mistletoe",11,"inla_spde",5,"count",23,13.0130128703697,12.1486643437863
"mistletoe",11,"inla_spde",5,"count",11,8.56646458802004,12.1486643437863
"mistletoe",11,"inla_spde",5,"count",2,8.61941752741084,12.1486643437863
"mistletoe",11,"inla_spde",5,"count",15,12.0009247832645,12.1486643437863
"mistletoe",11,"inla_spde",5,"count",13,9.4707117771423,12.1486643437863
"mistletoe",11,"inla_spde",5,"count",14,9.53039585277737,12.1486643437863
"mistletoe",11,"inla_spde",5,"count",9,12.0866067126689,12.1486643437863
"mistletoe",11,"inla_spde",5,"count",7,9.8324390920972,12.1486643437863
"mistletoe",11,"inla_spde",5,"count",21,8.00861080332108,12.1486643437863
"mistletoe",11,"inla_spde",5,"count",7,8.05813823814218,12.1486643437863
"mistletoe",11,"inla_spde",5,"count",9,7.20709766010636,12.1486643437863
"mistletoe",11,"inla_spde",5,"count",23,11.729574171418,12.1486643437863
"mistletoe",11,"inla_spde",5,"count",11,9.77537153388247,12.1486643437863
"mistletoe",11,"inla_spde",5,"count",3,9.77537153388247,12.1486643437863
"mistletoe",11,"inla_spde",5,"count",19,13.04111919053,12.1486643437863
"mistletoe",11,"inla_spde",5,"count",9,12.4396839727557,12.1486643437863
"mistletoe",11,"inla_spde",5,"count",11,12.5187490798537,12.1486643437863
"mistletoe",11,"inla_spde",5,"count",7,12.5187490798537,12.1486643437863
"mistletoe",11,"inla_spde",5,"count",10,12.5988574698191,12.1486643437863
"mistletoe",11,"inla_spde",5,"count",9,12.6800223947526,12.1486643437863
"mistletoe",11,"inla_spde",5,"count",14,13.0347956579219,12.1486643437863
"mistletoe",11,"inla_spde",5,"count",10,13.0347956579219,12.1486643437863
"mistletoe",11,"inla_spde",5,"count",14,13.3584102359246,12.1486643437863
"mistletoe",11,"inla_spde",5,"count",10,13.4441585566706,12.1486643437863
"mistletoe",11,"inla_spde",5,"count",9,13.5310357506493,12.1486643437863
"mistletoe",11,"inla_spde",5,"count",12,15.9368403330226,12.1486643437863
"mistletoe",11,"inla_spde",5,"count",8,12.1636455741428,12.1486643437863
"mistletoe",11,"inla_spde",5,"count",8,12.1636455741428,12.1486643437863
"mistletoe",11,"inla_spde",5,"count",0,12.2416979788243,12.1486643437863
"mistletoe",11,"inla_spde",5,"count",9,12.3207767859989,12.1486643437863
"mistletoe",11,"inla_spde",5,"count",11,10.787119201596,12.1486643437863
"mistletoe",11,"inla_spde",5,"count",11,10.8555698831256,12.1486643437863
"mistletoe",11,"inla_spde",5,"count",23,10.8555698831256,12.1486643437863
"mistletoe",11,"inla_spde",5,"count",4,10.9249229964137,12.1486643437863
"mistletoe",11,"inla_spde",5,"count",12,10.9951899935394,12.1486643437863
"mistletoe",11,"inla_spde",5,"count",10,13.7494122296895,12.1486643437863
"mistletoe",11,"inla_spde",5,"count",13,13.7494122296895,12.1486643437863
"mistletoe",11,"inla_spde",5,"count",13,13.8373622604977,12.1486643437863
"mistletoe",11,"inla_spde",5,"count",10,13.9264711227718,12.1486643437863
"mistletoe",11,"inla_spde",5,"count",10,12.0771291966514,12.1486643437863
"mistletoe",11,"inla_spde",5,"count",12,12.1543384977923,12.1486643437863
"mistletoe",11,"inla_spde",5,"count",13,12.2325654436491,12.1486643437863
"mistletoe",11,"inla_spde",5,"count",15,13.0956580889482,12.1486643437863
"mistletoe",11,"inla_spde",5,"count",17,13.0956580889482,12.1486643437863
"mistletoe",11,"inla_spde",5,"count",0,13.1793913223207,12.1486643437863
"mistletoe",11,"inla_spde",5,"count",8,9.8948069059961,12.1486643437863
"mistletoe",11,"inla_spde",5,"count",10,9.95799560735692,12.1486643437863
"mistletoe",11,"inla_spde",5,"count",10,12.7023842161913,12.1486643437863
"mistletoe",11,"inla_spde",5,"count",16,12.7831491250243,12.1486643437863
"mistletoe",11,"inla_spde",5,"count",8,12.8649782990826,12.1486643437863
"mistletoe",11,"inla_spde",5,"count",23,12.94788525269,12.1486643437863
"mistletoe",11,"inla_spde",5,"count",23,11.1359555978998,12.1486643437863
"mistletoe",11,"inla_spde",5,"count",8,11.2066213486699,12.1486643437863
"mistletoe",11,"inla_spde",5,"count",5,11.2782191692166,12.1486643437863
"mistletoe",11,"inla_spde",5,"count",19,11.3507608914155,12.1486643437863
"mistletoe",11,"inla_spde",5,"count",12,14.1676066348127,12.1486643437863
"mistletoe",11,"inla_spde",5,"count",10,14.2575910549528,12.1486643437863
"mistletoe",11,"inla_spde",5,"count",9,14.2575910549528,12.1486643437863
"mistletoe",11,"inla_spde",5,"count",17,14.348762383016,12.1486643437863
"mistletoe",11,"inla_spde",5,"count",10,14.4411356928542,12.1486643437863
"mistletoe",11,"inla_spde",5,"count",7,8.00861080332108,12.1486643437863
"mistletoe",11,"inla_spde",5,"count",8,8.10832445728318,12.1486643437863
"mistletoe",11,"inla_spde",5,"count",12,8.10832445728318,12.1486643437863
"mistletoe",11,"inla_spde",5,"count",5,8.15917752901312,12.1486643437863
"mistletoe",11,"inla_spde",5,"count",11,8.15917752901312,12.1486643437863
"mistletoe",11,"inla_spde",5,"count",17,8.21070565361064,12.1486643437863
"mistletoe",11,"inla_spde",5,"count",15,8.21070565361064,12.1486643437863
"mistletoe",11,"inla_spde",5,"count",2,7.16287240101997,12.1486643437863
"mistletoe",11,"inla_spde",5,"count",5,7.20709766010636,12.1486643437863
"mistletoe",11,"inla_spde",5,"count",7,7.25191219044668,12.1486643437863
"mistletoe",11,"inla_spde",5,"count",16,7.25191219044668,12.1486643437863
"mistletoe",11,"inla_spde",5,"count",8,7.29732320765486,12.1486643437863
"mistletoe",11,"inla_spde",5,"count",4,7.29732320765486,12.1486643437863
"mistletoe",11,"inla_spde",5,"count",11,7.3433380456237,12.1486643437863
"mistletoe",11,"inla_spde",5,"count",15,7.3433380456237,12.1486643437863
"mistletoe",11,"inla_spde",5,"count",6,8.67307541649002,12.1486643437863
"mistletoe",11,"inla_spde",5,"count",10,8.67307541649002,12.1486643437863
"mistletoe",11,"inla_spde",5,"count",6,8.72744689196102,12.1486643437863
"mistletoe",11,"inla_spde",5,"count",5,8.72744689196102,12.1486643437863
"mistletoe",11,"inla_spde",5,"count",11,8.78254073194804,12.1486643437863
"mistletoe",11,"inla_spde",5,"count",13,8.78254073194804,12.1486643437863
"mistletoe",11,"inla_spde",5,"count",7,11.4411694380599,12.1486643437863
"mistletoe",11,"inla_spde",5,"count",17,11.5118550412178,12.1486643437863
"mistletoe",11,"inla_spde",5,"count",3,11.5834767485643,12.1486643437863
"mistletoe",11,"inla_spde",5,"count",9,11.5834767485643,12.1486643437863
"mistletoe",11,"inla_spde",5,"count",6,11.6560459377414,12.1486643437863
"mistletoe",11,"inla_spde",5,"count",27,11.729574171418,12.1486643437863
"mistletoe",11,"inla_spde",5,"count",19,13.2031669145421,12.1486643437863
"mistletoe",11,"inla_spde",5,"count",10,15.8357409628776,12.1486643437863
"mistletoe",11,"inla_spde",5,"count",20,16.1430448925537,12.1486643437863
"mistletoe",11,"inla_spde",5,"count",6,12.9522477390465,12.1486643437863
"mistletoe",11,"inla_spde",5,"count",15,13.0347956579219,12.1486643437863
"mistletoe",11,"inla_spde",5,"count",18,15.9368403330226,12.1486643437863
"mistletoe",11,"inla_spde",5,"count",18,16.039269345391,12.1486643437863
"mistletoe",11,"inla_spde",5,"count",8,12.9585885841467,12.1486643437863
"mistletoe",11,"inla_spde",5,"count",11,13.04111919053,12.1486643437863
"mistletoe",11,"inla_spde",5,"count",18,13.1247376019364,12.1486643437863
"mistletoe",11,"inla_spde",5,"count",10,13.2094576371047,12.1486643437863
"mistletoe",11,"inla_spde",5,"count",19,13.118430781226,12.1486643437863
"mistletoe",11,"inla_spde",5,"count",11,13.2737766351945,12.1486643437863
"mistletoe",11,"inla_spde_group",1,"count",21,2.82861377674117,12.471218206158
"mistletoe",11,"inla_spde_group",1,"count",24,2.16957620533783,12.471218206158
"mistletoe",11,"inla_spde_group",1,"count",31,2.05183760246448,12.471218206158
"mistletoe",11,"inla_spde_group",1,"count",8,17.8574561118368,12.471218206158
"mistletoe",11,"inla_spde_group",1,"count",16,17.3961673878359,12.471218206158
"mistletoe",11,"inla_spde_group",1,"count",0,17.3961673878359,12.471218206158
"mistletoe",11,"inla_spde_group",1,"count",21,15.9139768782359,12.471218206158
"mistletoe",11,"inla_spde_group",1,"count",3,15.9139768782359,12.471218206158
"mistletoe",11,"inla_spde_group",1,"count",40,5.94595314540992,12.471218206158
"mistletoe",11,"inla_spde_group",1,"count",18,18.0116639406965,12.471218206158
"mistletoe",11,"inla_spde_group",1,"count",11,2.34951972009555,12.471218206158
"mistletoe",11,"inla_spde_group",1,"count",16,28.4560049993458,12.471218206158
"mistletoe",11,"inla_spde_group",1,"count",19,15.1623967440856,12.471218206158
"mistletoe",11,"inla_spde_group",1,"count",28,2.05183760246448,12.471218206158
"mistletoe",11,"inla_spde_group",1,"count",12,2.22666229905891,12.471218206158
"mistletoe",11,"inla_spde_group",1,"count",15,2.73984446599798,12.471218206158
"mistletoe",11,"inla_spde_group",1,"count",27,17.3961673878359,12.471218206158
"mistletoe",11,"inla_spde_group",1,"count",14,2.16957620533783,12.471218206158
"mistletoe",11,"inla_spde_group",1,"count",13,4.14589237242256,12.471218206158
"mistletoe",11,"inla_spde_group",1,"count",4,3.4515971084494,12.471218206158
"mistletoe",11,"inla_spde_group",1,"count",9,18.0116639406965,12.471218206158
"mistletoe",11,"inla_spde_group",1,"count",17,17.6562640765834,12.471218206158
"mistletoe",11,"inla_spde_group",1,"count",18,17.6562640765834,12.471218206158
"mistletoe",11,"inla_spde_group",1,"count",7,18.0116639406965,12.471218206158
"mistletoe",11,"inla_spde_group",1,"count",15,17.3961673878359,12.471218206158
"mistletoe",11,"inla_spde_group",1,"count",46,20.513517277159,12.471218206158
"mistletoe",11,"inla_spde_group",1,"count",14,20.513517277159,12.471218206158
"mistletoe",11,"inla_spde_group",1,"count",5,15.9139768782359,12.471218206158
"mistletoe",11,"inla_spde_group",1,"count",11,5.94595314540992,12.471218206158
"mistletoe",11,"inla_spde_group",1,"count",18,5.94595314540992,12.471218206158
"mistletoe",11,"inla_spde_group",1,"count",9,4.51381878782991,12.471218206158
"mistletoe",11,"inla_spde_group",1,"count",9,2.16957620533783,12.471218206158
"mistletoe",11,"inla_spde_group",1,"count",7,2.16957620533783,12.471218206158
"mistletoe",11,"inla_spde_group",1,"count",12,2.05183760246448,12.471218206158
"mistletoe",11,"inla_spde_group",1,"count",8,3.63563836994515,12.471218206158
"mistletoe",11,"inla_spde_group",1,"count",4,3.4515971084494,12.471218206158
"mistletoe",11,"inla_spde_group",1,"count",10,2.22666229905891,12.471218206158
"mistletoe",11,"inla_spde_group",1,"count",33,17.8574561118368,12.471218206158
"mistletoe",11,"inla_spde_group",1,"count",23,17.8574561118368,12.471218206158
"mistletoe",11,"inla_spde_group",1,"count",18,17.8574561118368,12.471218206158
"mistletoe",11,"inla_spde_group",1,"count",15,2.73984446599798,12.471218206158
"mistletoe",11,"inla_spde_group",1,"count",6,2.73984446599798,12.471218206158
"mistletoe",11,"inla_spde_group",1,"count",8,2.73984446599798,12.471218206158
"mistletoe",11,"inla_spde_group",1,"count",9,2.73984446599798,12.471218206158
"mistletoe",11,"inla_spde_group",1,"count",12,2.73984446599798,12.471218206158
"mistletoe",11,"inla_spde_group",1,"count",8,2.82861377674117,12.471218206158
"mistletoe",11,"inla_spde_group",1,"count",10,2.82861377674117,12.471218206158
"mistletoe",11,"inla_spde_group",1,"count",4,2.82861377674117,12.471218206158
"mistletoe",11,"inla_spde_group",1,"count",6,2.82861377674117,12.471218206158
"mistletoe",11,"inla_spde_group",1,"count",3,2.82861377674117,12.471218206158
"mistletoe",11,"inla_spde_group",1,"count",6,4.14589237242256,12.471218206158
"mistletoe",11,"inla_spde_group",1,"count",2,4.14589237242256,12.471218206158
"mistletoe",11,"inla_spde_group",1,"count",2,4.14589237242256,12.471218206158
"mistletoe",11,"inla_spde_group",1,"count",2,4.14589237242256,12.471218206158
"mistletoe",11,"inla_spde_group",1,"count",13,4.14589237242256,12.471218206158
"mistletoe",11,"inla_spde_group",1,"count",13,4.14589237242256,12.471218206158
"mistletoe",11,"inla_spde_group",1,"count",9,4.14589237242256,12.471218206158
"mistletoe",11,"inla_spde_group",1,"count",5,4.14589237242256,12.471218206158
"mistletoe",11,"inla_spde_group",1,"count",6,4.14589237242256,12.471218206158
"mistletoe",11,"inla_spde_group",1,"count",6,4.51381878782991,12.471218206158
"mistletoe",11,"inla_spde_group",1,"count",4,4.51381878782991,12.471218206158
"mistletoe",11,"inla_spde_group",1,"count",11,4.51381878782991,12.471218206158
"mistletoe",11,"inla_spde_group",1,"count",2,4.51381878782991,12.471218206158
"mistletoe",11,"inla_spde_group",1,"count",6,4.51381878782991,12.471218206158
"mistletoe",11,"inla_spde_group",1,"count",7,2.16957620533783,12.471218206158
"mistletoe",11,"inla_spde_group",1,"count",5,2.16957620533783,12.471218206158
"mistletoe",11,"inla_spde_group",1,"count",14,2.16957620533783,12.471218206158
"mistletoe",11,"inla_spde_group",1,"count",14,2.16957620533783,12.471218206158
"mistletoe",11,"inla_spde_group",1,"count",9,2.16957620533783,12.471218206158
"mistletoe",11,"inla_spde_group",1,"count",8,2.05183760246448,12.471218206158
"mistletoe",11,"inla_spde_group",1,"count",17,2.05183760246448,12.471218206158
"mistletoe",11,"inla_spde_group",1,"count",14,2.05183760246448,12.471218206158
"mistletoe",11,"inla_spde_group",1,"count",8,2.05183760246448,12.471218206158
"mistletoe",11,"inla_spde_group",1,"count",10,2.05183760246448,12.471218206158
"mistletoe",11,"inla_spde_group",1,"count",9,2.05183760246448,12.471218206158
"mistletoe",11,"inla_spde_group",1,"count",16,2.22666229905891,12.471218206158
"mistletoe",11,"inla_spde_group",1,"count",4,2.22666229905891,12.471218206158
"mistletoe",11,"inla_spde_group",1,"count",4,2.22666229905891,12.471218206158
"mistletoe",11,"inla_spde_group",1,"count",4,7.18918181158215,12.471218206158
"mistletoe",11,"inla_spde_group",1,"count",7,7.18918181158215,12.471218206158
"mistletoe",11,"inla_spde_group",1,"count",2,7.18918181158215,12.471218206158
"mistletoe",11,"inla_spde_group",1,"count",17,7.18918181158215,12.471218206158
"mistletoe",11,"inla_spde_group",1,"count",10,7.18918181158215,12.471218206158
"mistletoe",11,"inla_spde_group",1,"count",10,7.18918181158215,12.471218206158
"mistletoe",11,"inla_spde_group",1,"count",3,5.94595314540992,12.471218206158
"mistletoe",11,"inla_spde_group",1,"count",8,5.94595314540992,12.471218206158
"mistletoe",11,"inla_spde_group",1,"count",5,5.94595314540992,12.471218206158
"mistletoe",11,"inla_spde_group",1,"count",3,5.94595314540992,12.471218206158
"mistletoe",11,"inla_spde_group",1,"count",8,5.94595314540992,12.471218206158
"mistletoe",11,"inla_spde_group",1,"count",6,5.94595314540992,12.471218206158
"mistletoe",11,"inla_spde_group",1,"count",8,5.94595314540992,12.471218206158
"mistletoe",11,"inla_spde_group",1,"count",15,3.63563836994515,12.471218206158
"mistletoe",11,"inla_spde_group",1,"count",5,3.63563836994515,12.471218206158
"mistletoe",11,"inla_spde_group",1,"count",13,3.63563836994515,12.471218206158
"mistletoe",11,"inla_spde_group",1,"count",12,3.63563836994515,12.471218206158
"mistletoe",11,"inla_spde_group",1,"count",12,3.63563836994515,12.471218206158
"mistletoe",11,"inla_spde_group",1,"count",4,3.63563836994515,12.471218206158
"mistletoe",11,"inla_spde_group",1,"count",4,3.63563836994515,12.471218206158
"mistletoe",11,"inla_spde_group",1,"count",21,3.63563836994515,12.471218206158
"mistletoe",11,"inla_spde_group",1,"count",17,3.63563836994515,12.471218206158
"mistletoe",11,"inla_spde_group",1,"count",8,3.63563836994515,12.471218206158
"mistletoe",11,"inla_spde_group",1,"count",8,3.63563836994515,12.471218206158
"mistletoe",11,"inla_spde_group",1,"count",1,3.4515971084494,12.471218206158
"mistletoe",11,"inla_spde_group",1,"count",6,3.4515971084494,12.471218206158
"mistletoe",11,"inla_spde_group",1,"count",1,3.4515971084494,12.471218206158
"mistletoe",11,"inla_spde_group",1,"count",29,3.4515971084494,12.471218206158
"mistletoe",11,"inla_spde_group",1,"count",29,3.4515971084494,12.471218206158
"mistletoe",11,"inla_spde_group",1,"count",19,3.4515971084494,12.471218206158
"mistletoe",11,"inla_spde_group",1,"count",16,3.4515971084494,12.471218206158
"mistletoe",11,"inla_spde_group",1,"count",24,3.4515971084494,12.471218206158
"mistletoe",11,"inla_spde_group",1,"count",3,3.4515971084494,12.471218206158
"mistletoe",11,"inla_spde_group",1,"count",4,3.4515971084494,12.471218206158
"mistletoe",11,"inla_spde_group",1,"count",12,6.22135780575553,12.471218206158
"mistletoe",11,"inla_spde_group",1,"count",9,6.22135780575553,12.471218206158
"mistletoe",11,"inla_spde_group",1,"count",7,6.22135780575553,12.471218206158
"mistletoe",11,"inla_spde_group",1,"count",7,6.22135780575553,12.471218206158
"mistletoe",11,"inla_spde_group",1,"count",15,6.22135780575553,12.471218206158
"mistletoe",11,"inla_spde_group",1,"count",18,17.3913524076597,12.471218206158
"mistletoe",11,"inla_spde_group",1,"count",17,17.3913524076597,12.471218206158
"mistletoe",11,"inla_spde_group",1,"count",6,17.3913524076597,12.471218206158
"mistletoe",11,"inla_spde_group",1,"count",8,17.3913524076597,12.471218206158
"mistletoe",11,"inla_spde_group",1,"count",18,17.3913524076597,12.471218206158
"mistletoe",11,"inla_spde_group",1,"count",11,17.3913524076597,12.471218206158
"mistletoe",11,"inla_spde_group",1,"count",13,17.3913524076597,12.471218206158
"mistletoe",11,"inla_spde_group",1,"count",15,17.3913524076597,12.471218206158
"mistletoe",11,"inla_spde_group",1,"count",13,17.3913524076597,12.471218206158
"mistletoe",11,"inla_spde_group",1,"count",12,17.3913524076597,12.471218206158
"mistletoe",11,"inla_spde_group",1,"count",13,17.3913524076597,12.471218206158
"mistletoe",11,"inla_spde_group",1,"count",14,17.6562640765834,12.471218206158
"mistletoe",11,"inla_spde_group",1,"count",8,17.6562640765834,12.471218206158
"mistletoe",11,"inla_spde_group",1,"count",12,17.6562640765834,12.471218206158
"mistletoe",11,"inla_spde_group",1,"count",6,17.6562640765834,12.471218206158
"mistletoe",11,"inla_spde_group",1,"count",12,17.6562640765834,12.471218206158
"mistletoe",11,"inla_spde_group",1,"count",4,17.6562640765834,12.471218206158
"mistletoe",11,"inla_spde_group",1,"count",9,17.6562640765834,12.471218206158
"mistletoe",11,"inla_spde_group",1,"count",13,18.0116639406965,12.471218206158
"mistletoe",11,"inla_spde_group",1,"count",15,18.0116639406965,12.471218206158
"mistletoe",11,"inla_spde_group",1,"count",7,18.0116639406965,12.471218206158
"mistletoe",11,"inla_spde_group",1,"count",5,18.0116639406965,12.471218206158
"mistletoe",11,"inla_spde_group",1,"count",10,18.0116639406965,12.471218206158
"mistletoe",11,"inla_spde_group",1,"count",8,18.0116639406965,12.471218206158
"mistletoe",11,"inla_spde_group",1,"count",20,18.0116639406965,12.471218206158
"mistletoe",11,"inla_spde_group",1,"count",5,18.0116639406965,12.471218206158
"mistletoe",11,"inla_spde_group",1,"count",4,17.3961673878359,12.471218206158
"mistletoe",11,"inla_spde_group",1,"count",10,17.3961673878359,12.471218206158
"mistletoe",11,"inla_spde_group",1,"count",3,17.3961673878359,12.471218206158
"mistletoe",11,"inla_spde_group",1,"count",6,17.3961673878359,12.471218206158
"mistletoe",11,"inla_spde_group",1,"count",12,17.3961673878359,12.471218206158
"mistletoe",11,"inla_spde_group",1,"count",2,17.3961673878359,12.471218206158
"mistletoe",11,"inla_spde_group",1,"count",9,17.3961673878359,12.471218206158
"mistletoe",11,"inla_spde_group",1,"count",13,16.8334490456055,12.471218206158
"mistletoe",11,"inla_spde_group",1,"count",5,16.8334490456055,12.471218206158
"mistletoe",11,"inla_spde_group",1,"count",14,16.8334490456055,12.471218206158
"mistletoe",11,"inla_spde_group",1,"count",2,16.8334490456055,12.471218206158
"mistletoe",11,"inla_spde_group",1,"count",5,16.8334490456055,12.471218206158
"mistletoe",11,"inla_spde_group",1,"count",6,16.8334490456055,12.471218206158
"mistletoe",11,"inla_spde_group",1,"count",8,2.34951972009555,12.471218206158
"mistletoe",11,"inla_spde_group",1,"count",4,2.34951972009555,12.471218206158
"mistletoe",11,"inla_spde_group",1,"count",9,2.34951972009555,12.471218206158
"mistletoe",11,"inla_spde_group",1,"count",10,2.34951972009555,12.471218206158
"mistletoe",11,"inla_spde_group",1,"count",18,2.34951972009555,12.471218206158
"mistletoe",11,"inla_spde_group",1,"count",8,2.34951972009555,12.471218206158
"mistletoe",11,"inla_spde_group",1,"count",28,2.34951972009555,12.471218206158
"mistletoe",11,"inla_spde_group",1,"count",14,2.34951972009555,12.471218206158
"mistletoe",11,"inla_spde_group",1,"count",9,28.4560049993458,12.471218206158
"mistletoe",11,"inla_spde_group",1,"count",13,28.4560049993458,12.471218206158
"mistletoe",11,"inla_spde_group",1,"count",3,28.4560049993458,12.471218206158
"mistletoe",11,"inla_spde_group",1,"count",28,28.4560049993458,12.471218206158
"mistletoe",11,"inla_spde_group",1,"count",19,20.513517277159,12.471218206158
"mistletoe",11,"inla_spde_group",1,"count",16,20.513517277159,12.471218206158
"mistletoe",11,"inla_spde_group",1,"count",13,20.513517277159,12.471218206158
"mistletoe",11,"inla_spde_group",1,"count",16,20.513517277159,12.471218206158
"mistletoe",11,"inla_spde_group",1,"count",10,20.513517277159,12.471218206158
"mistletoe",11,"inla_spde_group",1,"count",10,13.446325841266,12.471218206158
"mistletoe",11,"inla_spde_group",1,"count",9,15.9139768782359,12.471218206158
"mistletoe",11,"inla_spde_group",1,"count",8,15.9139768782359,12.471218206158
"mistletoe",11,"inla_spde_group",1,"count",4,15.9139768782359,12.471218206158
"mistletoe",11,"inla_spde_group",1,"count",1,15.9139768782359,12.471218206158
"mistletoe",11,"inla_spde_group",1,"count",1,15.9139768782359,12.471218206158
"mistletoe",11,"inla_spde_group",1,"count",5,15.5934489325109,12.471218206158
"mistletoe",11,"inla_spde_group",1,"count",6,15.5934489325109,12.471218206158
"mistletoe",11,"inla_spde_group",1,"count",7,15.1623967440856,12.471218206158
"mistletoe",11,"inla_spde_group",1,"count",11,15.1623967440856,12.471218206158
"mistletoe",11,"inla_spde_group",1,"count",15,15.1623967440856,12.471218206158
"mistletoe",11,"inla_spde_group",1,"count",6,15.1623967440856,12.471218206158
"mistletoe",11,"inla_spde_group",1,"count",5,15.1623967440856,12.471218206158
"mistletoe",11,"inla_spde_group",1,"count",18,17.8574561118368,12.471218206158
"mistletoe",11,"inla_spde_group",1,"count",15,17.8574561118368,12.471218206158
"mistletoe",11,"inla_spde_group",1,"count",17,20.1729149277566,12.471218206158
"mistletoe",11,"inla_spde_group",1,"count",12,20.1729149277566,12.471218206158
"mistletoe",11,"inla_spde_group",1,"count",6,20.1729149277566,12.471218206158
"mistletoe",11,"inla_spde_group",1,"count",3,20.1729149277566,12.471218206158
"mistletoe",11,"inla_spde_group",1,"count",45,20.1729149277566,12.471218206158
"mistletoe",11,"inla_spde_group",1,"count",7,20.1729149277566,12.471218206158
"mistletoe",11,"inla_spde_group",1,"count",7,20.1729149277566,12.471218206158
"mistletoe",11,"inla_spde_group",1,"count",5,20.1729149277566,12.471218206158
"mistletoe",11,"inla_spde_group",1,"count",6,20.1729149277566,12.471218206158
"mistletoe",11,"inla_spde_group",1,"count",21,15.5934489325109,12.471218206158
"mistletoe",11,"inla_spde_group",1,"count",21,21.3741056140983,12.471218206158
"mistletoe",11,"inla_spde_group",1,"count",30,21.3741056140983,12.471218206158
"mistletoe",11,"inla_spde_group",1,"count",18,21.3741056140983,12.471218206158
"mistletoe",11,"inla_spde_group",1,"count",19,21.3741056140983,12.471218206158
"mistletoe",11,"inla_spde_group",1,"count",19,21.3741056140983,12.471218206158
"mistletoe",11,"inla_spde_group",1,"count",4,7.18918181158215,12.471218206158
"mistletoe",11,"inla_spde_group",1,"count",6,6.22135780575553,12.471218206158
"mistletoe",11,"inla_spde_group",1,"count",20,6.22135780575553,12.471218206158
"mistletoe",11,"inla_spde_group",1,"count",10,13.446325841266,12.471218206158
"mistletoe",11,"inla_spde_group",1,"count",8,15.5934489325109,12.471218206158
"mistletoe",11,"inla_spde_group",1,"count",18,21.3741056140983,12.471218206158
"mistletoe",11,"inla_spde_group",1,"count",8,4.14589237242256,12.471218206158
"mistletoe",11,"inla_spde_group",1,"count",17,4.51381878782991,12.471218206158
"mistletoe",11,"inla_spde_group",1,"count",5,4.51381878782991,12.471218206158
"mistletoe",11,"inla_spde_group",1,"count",17,4.51381878782991,12.471218206158
"mistletoe",11,"inla_spde_group",1,"count",3,4.51381878782991,12.471218206158
"mistletoe",11,"inla_spde_group",1,"count",12,2.16957620533783,12.471218206158
"mistletoe",11,"inla_spde_group",1,"count",11,2.05183760246448,12.471218206158
"mistletoe",11,"inla_spde_group",1,"count",5,7.18918181158215,12.471218206158
"mistletoe",11,"inla_spde_group",1,"count",6,7.18918181158215,12.471218206158
"mistletoe",11,"inla_spde_group",1,"count",10,6.22135780575553,12.471218206158
"mistletoe",11,"inla_spde_group",1,"count",12,6.22135780575553,12.471218206158
"mistletoe",11,"inla_spde_group",1,"count",30,6.22135780575553,12.471218206158
"mistletoe",11,"inla_spde_group",1,"count",3,13.446325841266,12.471218206158
"mistletoe",11,"inla_spde_group",1,"count",10,13.446325841266,12.471218206158
"mistletoe",11,"inla_spde_group",1,"count",0,13.446325841266,12.471218206158
"mistletoe",11,"inla_spde_group",1,"count",6,13.446325841266,12.471218206158
"mistletoe",11,"inla_spde_group",1,"count",7,15.5934489325109,12.471218206158
"mistletoe",11,"inla_spde_group",1,"count",5,15.5934489325109,12.471218206158
"mistletoe",11,"inla_spde_group",1,"count",6,15.5934489325109,12.471218206158
"mistletoe",11,"inla_spde_group",1,"count",9,20.1729149277566,12.471218206158
"mistletoe",11,"inla_spde_group",1,"count",13,20.1729149277566,12.471218206158
"mistletoe",11,"inla_spde_group",1,"count",4,4.51381878782991,12.471218206158
"mistletoe",11,"inla_spde_group",2,"count",23,14.9755898680161,12.4169696969697
"mistletoe",11,"inla_spde_group",2,"count",8,14.9755898680161,12.4169696969697
"mistletoe",11,"inla_spde_group",2,"count",5,15.0620658068423,12.4169696969697
"mistletoe",11,"inla_spde_group",2,"count",8,10.1186071049329,12.4169696969697
"mistletoe",11,"inla_spde_group",2,"count",16,12.0696360390348,12.4169696969697
"mistletoe",11,"inla_spde_group",2,"count",8,10.1837587977598,12.4169696969697
"mistletoe",11,"inla_spde_group",2,"count",5,13.4898289772374,12.4169696969697
"mistletoe",11,"inla_spde_group",2,"count",13,13.1184720561103,12.4169696969697
"mistletoe",11,"inla_spde_group",2,"count",41,9.77288978747371,12.4169696969697
"mistletoe",11,"inla_spde_group",2,"count",3,11.2912745359742,12.4169696969697
"mistletoe",11,"inla_spde_group",2,"count",29,11.0959392871292,12.4169696969697
"mistletoe",11,"inla_spde_group",2,"count",10,11.0959392871292,12.4169696969697
"mistletoe",11,"inla_spde_group",2,"count",12,12.0696360390348,12.4169696969697
"mistletoe",11,"inla_spde_group",2,"count",14,11.7691078822097,12.4169696969697
"mistletoe",11,"inla_spde_group",2,"count",7,13.1568811525752,12.4169696969697
"mistletoe",11,"inla_spde_group",2,"count",5,13.5072619058515,12.4169696969697
"mistletoe",11,"inla_spde_group",2,"count",12,12.5926359397942,12.4169696969697
"mistletoe",11,"inla_spde_group",2,"count",24,10.1837587977598,12.4169696969697
"mistletoe",11,"inla_spde_group",2,"count",9,10.1186071049329,12.4169696969697
"mistletoe",11,"inla_spde_group",2,"count",14,11.2912745359742,12.4169696969697
"mistletoe",11,"inla_spde_group",2,"count",13,11.2912745359742,12.4169696969697
"mistletoe",11,"inla_spde_group",2,"count",17,11.0959392871292,12.4169696969697
"mistletoe",11,"inla_spde_group",2,"count",17,11.0959392871292,12.4169696969697
"mistletoe",11,"inla_spde_group",2,"count",13,10.1837587977598,12.4169696969697
"mistletoe",11,"inla_spde_group",2,"count",5,9.37724810444792,12.4169696969697
"mistletoe",11,"inla_spde_group",2,"count",12,14.0757496110702,12.4169696969697
"mistletoe",11,"inla_spde_group",2,"count",16,13.4898289772374,12.4169696969697
"mistletoe",11,"inla_spde_group",2,"count",9,15.0620658068423,12.4169696969697
"mistletoe",11,"inla_spde_group",2,"count",10,13.6550507537534,12.4169696969697
"mistletoe",11,"inla_spde_group",2,"count",4,10.1837587977598,12.4169696969697
"mistletoe",11,"inla_spde_group",2,"count",8,10.1837587977598,12.4169696969697
"mistletoe",11,"inla_spde_group",2,"count",21,10.1837587977598,12.4169696969697
"mistletoe",11,"inla_spde_group",2,"count",7,10.1837587977598,12.4169696969697
"mistletoe",11,"inla_spde_group",2,"count",4,10.1837587977598,12.4169696969697
"mistletoe",11,"inla_spde_group",2,"count",5,10.1837587977598,12.4169696969697
"mistletoe",11,"inla_spde_group",2,"count",5,10.1837587977598,12.4169696969697
"mistletoe",11,"inla_spde_group",2,"count",15,9.77288978747371,12.4169696969697
"mistletoe",11,"inla_spde_group",2,"count",18,9.77288978747371,12.4169696969697
"mistletoe",11,"inla_spde_group",2,"count",13,9.77288978747371,12.4169696969697
"mistletoe",11,"inla_spde_group",2,"count",9,9.77288978747371,12.4169696969697
"mistletoe",11,"inla_spde_group",2,"count",5,9.77288978747371,12.4169696969697
"mistletoe",11,"inla_spde_group",2,"count",9,9.77288978747371,12.4169696969697
"mistletoe",11,"inla_spde_group",2,"count",10,9.77288978747371,12.4169696969697
"mistletoe",11,"inla_spde_group",2,"count",3,9.77288978747371,12.4169696969697
"mistletoe",11,"inla_spde_group",2,"count",5,9.77288978747371,12.4169696969697
"mistletoe",11,"inla_spde_group",2,"count",10,9.77288978747371,12.4169696969697
"mistletoe",11,"inla_spde_group",2,"count",8,9.77288978747371,12.4169696969697
"mistletoe",11,"inla_spde_group",2,"count",12,9.37724810444792,12.4169696969697
"mistletoe",11,"inla_spde_group",2,"count",19,9.37724810444792,12.4169696969697
"mistletoe",11,"inla_spde_group",2,"count",26,9.37724810444792,12.4169696969697
"mistletoe",11,"inla_spde_group",2,"count",13,9.37724810444792,12.4169696969697
"mistletoe",11,"inla_spde_group",2,"count",13,9.37724810444792,12.4169696969697
"mistletoe",11,"inla_spde_group",2,"count",24,9.37724810444792,12.4169696969697
"mistletoe",11,"inla_spde_group",2,"count",18,9.37724810444792,12.4169696969697
"mistletoe",11,"inla_spde_group",2,"count",11,9.37724810444792,12.4169696969697
"mistletoe",11,"inla_spde_group",2,"count",16,9.37724810444792,12.4169696969697
"mistletoe",11,"inla_spde_group",2,"count",15,9.37724810444792,12.4169696969697
"mistletoe",11,"inla_spde_group",2,"count",13,10.1186071049329,12.4169696969697
"mistletoe",11,"inla_spde_group",2,"count",7,10.1186071049329,12.4169696969697
"mistletoe",11,"inla_spde_group",2,"count",13,10.1186071049329,12.4169696969697
"mistletoe",11,"inla_spde_group",2,"count",8,10.1186071049329,12.4169696969697
"mistletoe",11,"inla_spde_group",2,"count",12,10.1186071049329,12.4169696969697
"mistletoe",11,"inla_spde_group",2,"count",3,10.1186071049329,12.4169696969697
"mistletoe",11,"inla_spde_group",2,"count",23,11.2912745359742,12.4169696969697
"mistletoe",11,"inla_spde_group",2,"count",8,11.2912745359742,12.4169696969697
"mistletoe",11,"inla_spde_group",2,"count",11,11.2912745359742,12.4169696969697
"mistletoe",11,"inla_spde_group",2,"count",7,11.2912745359742,12.4169696969697
"mistletoe",11,"inla_spde_group",2,"count",8,11.2912745359742,12.4169696969697
"mistletoe",11,"inla_spde_group",2,"count",10,11.0959392871292,12.4169696969697
"mistletoe",11,"inla_spde_group",2,"count",18,11.0959392871292,12.4169696969697
"mistletoe",11,"inla_spde_group",2,"count",10,11.0959392871292,12.4169696969697
"mistletoe",11,"inla_spde_group",2,"count",18,11.0959392871292,12.4169696969697
"mistletoe",11,"inla_spde_group",2,"count",13,11.0959392871292,12.4169696969697
"mistletoe",11,"inla_spde_group",2,"count",16,12.0696360390348,12.4169696969697
"mistletoe",11,"inla_spde_group",2,"count",10,12.0696360390348,12.4169696969697
"mistletoe",11,"inla_spde_group",2,"count",10,12.0696360390348,12.4169696969697
"mistletoe",11,"inla_spde_group",2,"count",13,12.0696360390348,12.4169696969697
"mistletoe",11,"inla_spde_group",2,"count",7,12.0696360390348,12.4169696969697
"mistletoe",11,"inla_spde_group",2,"count",4,12.0696360390348,12.4169696969697
"mistletoe",11,"inla_spde_group",2,"count",5,12.0696360390348,12.4169696969697
"mistletoe",11,"inla_spde_group",2,"count",34,11.7691078822097,12.4169696969697
"mistletoe",11,"inla_spde_group",2,"count",22,11.7691078822097,12.4169696969697
"mistletoe",11,"inla_spde_group",2,"count",34,11.7691078822097,12.4169696969697
"mistletoe",11,"inla_spde_group",2,"count",18,11.7691078822097,12.4169696969697
"mistletoe",11,"inla_spde_group",2,"count",8,11.7691078822097,12.4169696969697
"mistletoe",11,"inla_spde_group",2,"count",7,11.7691078822097,12.4169696969697
"mistletoe",11,"inla_spde_group",2,"count",10,13.1568811525752,12.4169696969697
"mistletoe",11,"inla_spde_group",2,"count",7,13.1568811525752,12.4169696969697
"mistletoe",11,"inla_spde_group",2,"count",3,13.1568811525752,12.4169696969697
"mistletoe",11,"inla_spde_group",2,"count",7,13.2863968318718,12.4169696969697
"mistletoe",11,"inla_spde_group",2,"count",6,13.2863968318718,12.4169696969697
"mistletoe",11,"inla_spde_group",2,"count",3,13.1230277813276,12.4169696969697
"mistletoe",11,"inla_spde_group",2,"count",0,13.1230277813276,12.4169696969697
"mistletoe",11,"inla_spde_group",2,"count",10,13.6574596599375,12.4169696969697
"mistletoe",11,"inla_spde_group",2,"count",12,13.6574596599375,12.4169696969697
"mistletoe",11,"inla_spde_group",2,"count",12,13.6574596599375,12.4169696969697
"mistletoe",11,"inla_spde_group",2,"count",3,13.6574596599375,12.4169696969697
"mistletoe",11,"inla_spde_group",2,"count",2,13.5072619058515,12.4169696969697
"mistletoe",11,"inla_spde_group",2,"count",11,13.5072619058515,12.4169696969697
"mistletoe",11,"inla_spde_group",2,"count",16,13.5072619058515,12.4169696969697
"mistletoe",11,"inla_spde_group",2,"count",12,12.5926359397942,12.4169696969697
"mistletoe",11,"inla_spde_group",2,"count",8,12.5926359397942,12.4169696969697
"mistletoe",11,"inla_spde_group",2,"count",7,12.5926359397942,12.4169696969697
"mistletoe",11,"inla_spde_group",2,"count",11,12.5926359397942,12.4169696969697
"mistletoe",11,"inla_spde_group",2,"count",18,12.5926359397942,12.4169696969697
"mistletoe",11,"inla_spde_group",2,"count",6,14.0757496110702,12.4169696969697
"mistletoe",11,"inla_spde_group",2,"count",9,14.0757496110702,12.4169696969697
"mistletoe",11,"inla_spde_group",2,"count",11,14.0757496110702,12.4169696969697
"mistletoe",11,"inla_spde_group",2,"count",13,13.1184720561103,12.4169696969697
"mistletoe",11,"inla_spde_group",2,"count",15,13.1184720561103,12.4169696969697
"mistletoe",11,"inla_spde_group",2,"count",9,13.1184720561103,12.4169696969697
"mistletoe",11,"inla_spde_group",2,"count",13,13.4898289772374,12.4169696969697
"mistletoe",11,"inla_spde_group",2,"count",6,13.4898289772374,12.4169696969697
"mistletoe",11,"inla_spde_group",2,"count",0,13.4898289772374,12.4169696969697
"mistletoe",11,"inla_spde_group",2,"count",12,13.4898289772374,12.4169696969697
"mistletoe",11,"inla_spde_group",2,"count",2,13.4898289772374,12.4169696969697
"mistletoe",11,"inla_spde_group",2,"count",7,13.4898289772374,12.4169696969697
"mistletoe",11,"inla_spde_group",2,"count",8,14.9755898680161,12.4169696969697
"mistletoe",11,"inla_spde_group",2,"count",8,14.9755898680161,12.4169696969697
"mistletoe",11,"inla_spde_group",2,"count",10,14.9755898680161,12.4169696969697
"mistletoe",11,"inla_spde_group",2,"count",4,14.9755898680161,12.4169696969697
"mistletoe",11,"inla_spde_group",2,"count",6,14.9755898680161,12.4169696969697
"mistletoe",11,"inla_spde_group",2,"count",11,14.9755898680161,12.4169696969697
"mistletoe",11,"inla_spde_group",2,"count",4,15.0620658068423,12.4169696969697
"mistletoe",11,"inla_spde_group",2,"count",6,15.0620658068423,12.4169696969697
"mistletoe",11,"inla_spde_group",2,"count",4,15.0620658068423,12.4169696969697
"mistletoe",11,"inla_spde_group",2,"count",3,15.0620658068423,12.4169696969697
"mistletoe",11,"inla_spde_group",2,"count",8,15.0620658068423,12.4169696969697
"mistletoe",11,"inla_spde_group",2,"count",5,15.0620658068423,12.4169696969697
"mistletoe",11,"inla_spde_group",2,"count",0,13.6550507537534,12.4169696969697
"mistletoe",11,"inla_spde_group",2,"count",3,13.1455531851591,12.4169696969697
"mistletoe",11,"inla_spde_group",2,"count",5,13.1455531851591,12.4169696969697
"mistletoe",11,"inla_spde_group",2,"count",7,13.1455531851591,12.4169696969697
"mistletoe",11,"inla_spde_group",2,"count",6,13.1455531851591,12.4169696969697
"mistletoe",11,"inla_spde_group",2,"count",0,13.1455531851591,12.4169696969697
"mistletoe",11,"inla_spde_group",2,"count",4,13.1455531851591,12.4169696969697
"mistletoe",11,"inla_spde_group",2,"count",7,13.1455531851591,12.4169696969697
"mistletoe",11,"inla_spde_group",2,"count",0,13.1455531851591,12.4169696969697
"mistletoe",11,"inla_spde_group",2,"count",14,13.4476735396744,12.4169696969697
"mistletoe",11,"inla_spde_group",2,"count",0,13.4476735396744,12.4169696969697
"mistletoe",11,"inla_spde_group",2,"count",5,13.4476735396744,12.4169696969697
"mistletoe",11,"inla_spde_group",2,"count",21,13.6550507537534,12.4169696969697
"mistletoe",11,"inla_spde_group",2,"count",20,13.6550507537534,12.4169696969697
"mistletoe",11,"inla_spde_group",2,"count",16,13.6550507537534,12.4169696969697
"mistletoe",11,"inla_spde_group",2,"count",31,13.4476735396744,12.4169696969697
"mistletoe",11,"inla_spde_group",2,"count",8,13.6550507537534,12.4169696969697
"mistletoe",11,"inla_spde_group",2,"count",11,13.6550507537534,12.4169696969697
"mistletoe",11,"inla_spde_group",2,"count",13,13.6550507537534,12.4169696969697
"mistletoe",11,"inla_spde_group",2,"count",7,13.6550507537534,12.4169696969697
"mistletoe",11,"inla_spde_group",2,"count",16,13.4476735396744,12.4169696969697
"mistletoe",11,"inla_spde_group",2,"count",0,13.4476735396744,12.4169696969697
"mistletoe",11,"inla_spde_group",2,"count",11,13.4476735396744,12.4169696969697
"mistletoe",11,"inla_spde_group",2,"count",19,13.4476735396744,12.4169696969697
"mistletoe",11,"inla_spde_group",3,"count",20,11.6756422958022,11.745247148289
"mistletoe",11,"inla_spde_group",3,"count",80,11.6586630402678,11.745247148289
"mistletoe",11,"inla_spde_group",3,"count",13,12.7101921298405,11.745247148289
"mistletoe",11,"inla_spde_group",3,"count",13,12.7101921298405,11.745247148289
"mistletoe",11,"inla_spde_group",3,"count",35,11.6756422958022,11.745247148289
"mistletoe",11,"inla_spde_group",3,"count",4,11.5412809147777,11.745247148289
"mistletoe",11,"inla_spde_group",3,"count",17,11.813758850346,11.745247148289
"mistletoe",11,"inla_spde_group",3,"count",20,13.6681216243514,11.745247148289
"mistletoe",11,"inla_spde_group",3,"count",13,11.7984120423917,11.745247148289
"mistletoe",11,"inla_spde_group",3,"count",45,11.813758850346,11.745247148289
"mistletoe",11,"inla_spde_group",3,"count",3,11.5412809147777,11.745247148289
"mistletoe",11,"inla_spde_group",3,"count",8,11.6756422958022,11.745247148289
"mistletoe",11,"inla_spde_group",3,"count",21,12.1447371010888,11.745247148289
"mistletoe",11,"inla_spde_group",3,"count",12,11.9141321069806,11.745247148289
"mistletoe",11,"inla_spde_group",3,"count",13,11.6586630402678,11.745247148289
"mistletoe",11,"inla_spde_group",3,"count",23,11.6586630402678,11.745247148289
"mistletoe",11,"inla_spde_group",3,"count",32,12.7101921298405,11.745247148289
"mistletoe",11,"inla_spde_group",3,"count",16,11.6756422958022,11.745247148289
"mistletoe",11,"inla_spde_group",3,"count",12,11.6756422958022,11.745247148289
"mistletoe",11,"inla_spde_group",3,"count",14,11.73838452533,11.745247148289
"mistletoe",11,"inla_spde_group",3,"count",11,12.1447371010888,11.745247148289
"mistletoe",11,"inla_spde_group",3,"count",47,11.813758850346,11.745247148289
"mistletoe",11,"inla_spde_group",3,"count",30,11.7744110205752,11.745247148289
"mistletoe",11,"inla_spde_group",3,"count",10,11.7744110205752,11.745247148289
"mistletoe",11,"inla_spde_group",3,"count",14,11.5412809147777,11.745247148289
"mistletoe",11,"inla_spde_group",3,"count",8,12.1301446096489,11.745247148289
"mistletoe",11,"inla_spde_group",3,"count",15,11.7984120423917,11.745247148289
"mistletoe",11,"inla_spde_group",3,"count",9,11.9141321069806,11.745247148289
"mistletoe",11,"inla_spde_group",3,"count",2,11.6586630402678,11.745247148289
"mistletoe",11,"inla_spde_group",3,"count",24,11.813758850346,11.745247148289
"mistletoe",11,"inla_spde_group",3,"count",9,11.9141321069806,11.745247148289
"mistletoe",11,"inla_spde_group",3,"count",9,11.9141321069806,11.745247148289
"mistletoe",11,"inla_spde_group",3,"count",53,11.7484660181327,11.745247148289
"mistletoe",11,"inla_spde_group",3,"count",4,11.7484660181327,11.745247148289
"mistletoe",11,"inla_spde_group",3,"count",15,11.73838452533,11.745247148289
"mistletoe",11,"inla_spde_group",3,"count",8,17.4614709533599,11.745247148289
"mistletoe",11,"inla_spde_group",3,"count",2,17.4614709533599,11.745247148289
"mistletoe",11,"inla_spde_group",3,"count",7,11.9141321069806,11.745247148289
"mistletoe",11,"inla_spde_group",3,"count",10,11.7484660181327,11.745247148289
"mistletoe",11,"inla_spde_group",3,"count",11,11.6586630402678,11.745247148289
"mistletoe",11,"inla_spde_group",3,"count",28,11.7013885530349,11.745247148289
"mistletoe",11,"inla_spde_group",3,"count",28,11.7013885530349,11.745247148289
"mistletoe",11,"inla_spde_group",3,"count",15,12.1301446096489,11.745247148289
"mistletoe",11,"inla_spde_group",3,"count",28,11.7984120423917,11.745247148289
"mistletoe",11,"inla_spde_group",3,"count",17,11.7984120423917,11.745247148289
"mistletoe",11,"inla_spde_group",3,"count",21,11.7984120423917,11.745247148289
"mistletoe",11,"inla_spde_group",3,"count",12,11.8501744907656,11.745247148289
"mistletoe",11,"inla_spde_group",3,"count",5,11.8501744907656,11.745247148289
"mistletoe",11,"inla_spde_group",3,"count",14,11.8501744907656,11.745247148289
"mistletoe",11,"inla_spde_group",3,"count",13,11.6756422958022,11.745247148289
"mistletoe",11,"inla_spde_group",3,"count",16,12.1447371010888,11.745247148289
"mistletoe",11,"inla_spde_group",3,"count",9,12.1447371010888,11.745247148289
"mistletoe",11,"inla_spde_group",3,"count",5,12.1447371010888,11.745247148289
"mistletoe",11,"inla_spde_group",3,"count",18,12.1551052812764,11.745247148289
"mistletoe",11,"inla_spde_group",3,"count",24,11.813758850346,11.745247148289
"mistletoe",11,"inla_spde_group",3,"count",4,11.7984120423917,11.745247148289
"mistletoe",11,"inla_spde_group",3,"count",56,13.6681216243514,11.745247148289
"mistletoe",11,"inla_spde_group",3,"count",3,11.73838452533,11.745247148289
"mistletoe",11,"inla_spde_group",3,"count",10,11.9141321069806,11.745247148289
"mistletoe",11,"inla_spde_group",3,"count",3,12.1301446096489,11.745247148289
"mistletoe",11,"inla_spde_group",3,"count",12,12.1301446096489,11.745247148289
"mistletoe",11,"inla_spde_group",3,"count",7,12.1301446096489,11.745247148289
"mistletoe",11,"inla_spde_group",3,"count",1,12.1301446096489,11.745247148289
"mistletoe",11,"inla_spde_group",3,"count",6,12.1301446096489,11.745247148289
"mistletoe",11,"inla_spde_group",3,"count",10,12.1301446096489,11.745247148289
"mistletoe",11,"inla_spde_group",3,"count",12,12.1301446096489,11.745247148289
"mistletoe",11,"inla_spde_group",3,"count",2,11.7984120423917,11.745247148289
"mistletoe",11,"inla_spde_group",3,"count",9,11.7984120423917,11.745247148289
"mistletoe",11,"inla_spde_group",3,"count",20,11.7984120423917,11.745247148289
"mistletoe",11,"inla_spde_group",3,"count",15,11.7984120423917,11.745247148289
"mistletoe",11,"inla_spde_group",3,"count",7,11.7984120423917,11.745247148289
"mistletoe",11,"inla_spde_group",3,"count",1,11.8501744907656,11.745247148289
"mistletoe",11,"inla_spde_group",3,"count",8,11.8501744907656,11.745247148289
"mistletoe",11,"inla_spde_group",3,"count",14,11.8501744907656,11.745247148289
"mistletoe",11,"inla_spde_group",3,"count",4,11.8501744907656,11.745247148289
"mistletoe",11,"inla_spde_group",3,"count",9,11.8501744907656,11.745247148289
"mistletoe",11,"inla_spde_group",3,"count",8,11.8501744907656,11.745247148289
"mistletoe",11,"inla_spde_group",3,"count",6,17.4614709533599,11.745247148289
"mistletoe",11,"inla_spde_group",3,"count",11,17.4614709533599,11.745247148289
"mistletoe",11,"inla_spde_group",3,"count",26,17.4614709533599,11.745247148289
"mistletoe",11,"inla_spde_group",3,"count",9,17.4614709533599,11.745247148289
"mistletoe",11,"inla_spde_group",3,"count",7,17.4614709533599,11.745247148289
"mistletoe",11,"inla_spde_group",3,"count",10,17.4614709533599,11.745247148289
"mistletoe",11,"inla_spde_group",3,"count",11,11.6756422958022,11.745247148289
"mistletoe",11,"inla_spde_group",3,"count",4,11.9141321069806,11.745247148289
"mistletoe",11,"inla_spde_group",3,"count",5,11.9141321069806,11.745247148289
"mistletoe",11,"inla_spde_group",3,"count",11,11.9141321069806,11.745247148289
"mistletoe",11,"inla_spde_group",3,"count",8,11.9141321069806,11.745247148289
"mistletoe",11,"inla_spde_group",3,"count",17,11.7484660181327,11.745247148289
"mistletoe",11,"inla_spde_group",3,"count",5,11.7484660181327,11.745247148289
"mistletoe",11,"inla_spde_group",3,"count",11,11.7484660181327,11.745247148289
"mistletoe",11,"inla_spde_group",3,"count",6,11.7484660181327,11.745247148289
"mistletoe",11,"inla_spde_group",3,"count",14,11.7484660181327,11.745247148289
"mistletoe",11,"inla_spde_group",3,"count",9,11.7484660181327,11.745247148289
"mistletoe",11,"inla_spde_group",3,"count",8,11.7484660181327,11.745247148289
"mistletoe",11,"inla_spde_group",3,"count",12,11.7744110205752,11.745247148289
"mistletoe",11,"inla_spde_group",3,"count",12,11.7744110205752,11.745247148289
"mistletoe",11,"inla_spde_group",3,"count",10,11.6586630402678,11.745247148289
"mistletoe",11,"inla_spde_group",3,"count",9,11.6586630402678,11.745247148289
"mistletoe",11,"inla_spde_group",3,"count",6,11.6586630402678,11.745247148289
"mistletoe",11,"inla_spde_group",3,"count",4,11.6586630402678,11.745247148289
"mistletoe",11,"inla_spde_group",3,"count",3,11.6586630402678,11.745247148289
"mistletoe",11,"inla_spde_group",3,"count",14,11.73838452533,11.745247148289
"mistletoe",11,"inla_spde_group",3,"count",7,11.73838452533,11.745247148289
"mistletoe",11,"inla_spde_group",3,"count",6,11.73838452533,11.745247148289
"mistletoe",11,"inla_spde_group",3,"count",7,11.73838452533,11.745247148289
"mistletoe",11,"inla_spde_group",3,"count",7,11.73838452533,11.745247148289
"mistletoe",11,"inla_spde_group",3,"count",5,11.73838452533,11.745247148289
"mistletoe",11,"inla_spde_group",3,"count",4,11.73838452533,11.745247148289
"mistletoe",11,"inla_spde_group",3,"count",13,11.73838452533,11.745247148289
"mistletoe",11,"inla_spde_group",3,"count",6,11.5412809147777,11.745247148289
"mistletoe",11,"inla_spde_group",3,"count",7,11.5412809147777,11.745247148289
"mistletoe",11,"inla_spde_group",3,"count",14,11.5412809147777,11.745247148289
"mistletoe",11,"inla_spde_group",3,"count",12,11.5412809147777,11.745247148289
"mistletoe",11,"inla_spde_group",3,"count",7,11.5412809147777,11.745247148289
"mistletoe",11,"inla_spde_group",3,"count",12,11.5412809147777,11.745247148289
"mistletoe",11,"inla_spde_group",3,"count",5,10.9635185758354,11.745247148289
"mistletoe",11,"inla_spde_group",3,"count",8,10.9635185758354,11.745247148289
"mistletoe",11,"inla_spde_group",3,"count",6,10.9635185758354,11.745247148289
"mistletoe",11,"inla_spde_group",3,"count",5,10.9635185758354,11.745247148289
"mistletoe",11,"inla_spde_group",3,"count",5,10.9635185758354,11.745247148289
"mistletoe",11,"inla_spde_group",3,"count",3,10.9635185758354,11.745247148289
"mistletoe",11,"inla_spde_group",3,"count",13,12.7101921298405,11.745247148289
"mistletoe",11,"inla_spde_group",3,"count",4,12.7101921298405,11.745247148289
"mistletoe",11,"inla_spde_group",3,"count",11,12.7101921298405,11.745247148289
"mistletoe",11,"inla_spde_group",3,"count",11,12.7101921298405,11.745247148289
"mistletoe",11,"inla_spde_group",3,"count",10,11.7013885530349,11.745247148289
"mistletoe",11,"inla_spde_group",3,"count",2,11.7013885530349,11.745247148289
"mistletoe",11,"inla_spde_group",3,"count",8,11.7013885530349,11.745247148289
"mistletoe",11,"inla_spde_group",3,"count",10,11.7013885530349,11.745247148289
"mistletoe",11,"inla_spde_group",3,"count",2,11.7013885530349,11.745247148289
"mistletoe",11,"inla_spde_group",3,"count",5,12.1447371010888,11.745247148289
"mistletoe",11,"inla_spde_group",3,"count",9,12.1447371010888,11.745247148289
"mistletoe",11,"inla_spde_group",3,"count",15,12.1447371010888,11.745247148289
"mistletoe",11,"inla_spde_group",3,"count",8,12.1447371010888,11.745247148289
"mistletoe",11,"inla_spde_group",3,"count",9,12.1447371010888,11.745247148289
"mistletoe",11,"inla_spde_group",3,"count",12,12.1551052812764,11.745247148289
"mistletoe",11,"inla_spde_group",3,"count",10,12.1551052812764,11.745247148289
"mistletoe",11,"inla_spde_group",3,"count",13,12.1551052812764,11.745247148289
"mistletoe",11,"inla_spde_group",3,"count",22,12.1551052812764,11.745247148289
"mistletoe",11,"inla_spde_group",3,"count",10,12.1551052812764,11.745247148289
"mistletoe",11,"inla_spde_group",3,"count",17,12.1551052812764,11.745247148289
"mistletoe",11,"inla_spde_group",3,"count",15,12.1551052812764,11.745247148289
"mistletoe",11,"inla_spde_group",3,"count",9,11.813758850346,11.745247148289
"mistletoe",11,"inla_spde_group",3,"count",9,11.813758850346,11.745247148289
"mistletoe",11,"inla_spde_group",3,"count",8,11.813758850346,11.745247148289
"mistletoe",11,"inla_spde_group",3,"count",10,11.813758850346,11.745247148289
"mistletoe",11,"inla_spde_group",3,"count",12,11.813758850346,11.745247148289
"mistletoe",11,"inla_spde_group",3,"count",26,13.6681216243514,11.745247148289
"mistletoe",11,"inla_spde_group",3,"count",26,13.6681216243514,11.745247148289
"mistletoe",11,"inla_spde_group",3,"count",12,11.7794797930553,11.745247148289
"mistletoe",11,"inla_spde_group",3,"count",4,11.7794797930553,11.745247148289
"mistletoe",11,"inla_spde_group",3,"count",4,11.7794797930553,11.745247148289
"mistletoe",11,"inla_spde_group",3,"count",14,11.7794797930553,11.745247148289
"mistletoe",11,"inla_spde_group",3,"count",4,11.7794797930553,11.745247148289
"mistletoe",11,"inla_spde_group",3,"count",9,11.7794797930553,11.745247148289
"mistletoe",11,"inla_spde_group",3,"count",5,11.7794797930553,11.745247148289
"mistletoe",11,"inla_spde_group",3,"count",6,11.7794797930553,11.745247148289
"mistletoe",11,"inla_spde_group",3,"count",15,18.3618619702419,11.745247148289
"mistletoe",11,"inla_spde_group",3,"count",21,18.3618619702419,11.745247148289
"mistletoe",11,"inla_spde_group",3,"count",39,20.2750943912791,11.745247148289
"mistletoe",11,"inla_spde_group",3,"count",58,20.2750943912791,11.745247148289
"mistletoe",11,"inla_spde_group",3,"count",18,20.4054126198678,11.745247148289
"mistletoe",11,"inla_spde_group",3,"count",21,20.4054126198678,11.745247148289
"mistletoe",11,"inla_spde_group",3,"count",49,20.4054126198678,11.745247148289
"mistletoe",11,"inla_spde_group",3,"count",16,20.2750943912791,11.745247148289
"mistletoe",11,"inla_spde_group",3,"count",18,18.3618619702419,11.745247148289
"mistletoe",11,"inla_spde_group",3,"count",17,18.3618619702419,11.745247148289
"mistletoe",11,"inla_spde_group",3,"count",27,18.3618619702419,11.745247148289
"mistletoe",11,"inla_spde_group",3,"count",14,18.3618619702419,11.745247148289
"mistletoe",11,"inla_spde_group",3,"count",11,20.4054126198678,11.745247148289
"mistletoe",11,"inla_spde_group",3,"count",31,20.4054126198678,11.745247148289
"mistletoe",11,"inla_spde_group",3,"count",24,20.2750943912791,11.745247148289
"mistletoe",11,"inla_spde_group",3,"count",20,17.3042657922387,11.745247148289
"mistletoe",11,"inla_spde_group",3,"count",20,17.3042657922387,11.745247148289
"mistletoe",11,"inla_spde_group",3,"count",18,11.8501744907656,11.745247148289
"mistletoe",11,"inla_spde_group",3,"count",8,18.3618619702419,11.745247148289
"mistletoe",11,"inla_spde_group",3,"count",21,18.3618619702419,11.745247148289
"mistletoe",11,"inla_spde_group",3,"count",12,18.3618619702419,11.745247148289
"mistletoe",11,"inla_spde_group",3,"count",13,18.3618619702419,11.745247148289
"mistletoe",11,"inla_spde_group",3,"count",19,11.7744110205752,11.745247148289
"mistletoe",11,"inla_spde_group",3,"count",13,11.7744110205752,11.745247148289
"mistletoe",11,"inla_spde_group",3,"count",16,20.4054126198678,11.745247148289
"mistletoe",11,"inla_spde_group",3,"count",23,20.4054126198678,11.745247148289
"mistletoe",11,"inla_spde_group",3,"count",15,20.2750943912791,11.745247148289
"mistletoe",11,"inla_spde_group",3,"count",18,20.2750943912791,11.745247148289
"mistletoe",11,"inla_spde_group",3,"count",29,20.2750943912791,11.745247148289
"mistletoe",11,"inla_spde_group",3,"count",32,17.3042657922387,11.745247148289
"mistletoe",11,"inla_spde_group",3,"count",10,11.7744110205752,11.745247148289
"mistletoe",11,"inla_spde_group",4,"count",17,11.3619814692588,11.931884057971
"mistletoe",11,"inla_spde_group",4,"count",76,11.575451331195,11.931884057971
"mistletoe",11,"inla_spde_group",4,"count",42,11.575451331195,11.931884057971
"mistletoe",11,"inla_spde_group",4,"count",48,11.3225523571872,11.931884057971
"mistletoe",11,"inla_spde_group",4,"count",29,12.7200129927385,11.931884057971
"mistletoe",11,"inla_spde_group",4,"count",29,12.0287873193596,11.931884057971
"mistletoe",11,"inla_spde_group",4,"count",6,12.1614602640919,11.931884057971
"mistletoe",11,"inla_spde_group",4,"count",14,11.575451331195,11.931884057971
"mistletoe",11,"inla_spde_group",4,"count",17,11.4518472419075,11.931884057971
"mistletoe",11,"inla_spde_group",4,"count",14,11.800325780608,11.931884057971
"mistletoe",11,"inla_spde_group",4,"count",15,11.8537041558052,11.931884057971
"mistletoe",11,"inla_spde_group",4,"count",12,12.4903754372439,11.931884057971
"mistletoe",11,"inla_spde_group",4,"count",17,11.4133715154119,11.931884057971
"mistletoe",11,"inla_spde_group",4,"count",11,10.5644477306838,11.931884057971
"mistletoe",11,"inla_spde_group",4,"count",31,10.5644477306838,11.931884057971
"mistletoe",11,"inla_spde_group",4,"count",14,10.5644477306838,11.931884057971
"mistletoe",11,"inla_spde_group",4,"count",14,11.5163660658722,11.931884057971
"mistletoe",11,"inla_spde_group",4,"count",6,12.0287873193596,11.931884057971
"mistletoe",11,"inla_spde_group",4,"count",10,12.0657781124653,11.931884057971
"mistletoe",11,"inla_spde_group",4,"count",12,11.4133715154119,11.931884057971
"mistletoe",11,"inla_spde_group",4,"count",27,11.800325780608,11.931884057971
"mistletoe",11,"inla_spde_group",4,"count",0,12.1614602640919,11.931884057971
"mistletoe",11,"inla_spde_group",4,"count",27,12.1614602640919,11.931884057971
"mistletoe",11,"inla_spde_group",4,"count",23,10.5557855343834,11.931884057971
"mistletoe",11,"inla_spde_group",4,"count",24,11.1638493770393,11.931884057971
"mistletoe",11,"inla_spde_group",4,"count",4,11.575451331195,11.931884057971
"mistletoe",11,"inla_spde_group",4,"count",11,11.575451331195,11.931884057971
"mistletoe",11,"inla_spde_group",4,"count",5,11.4518472419075,11.931884057971
"mistletoe",11,"inla_spde_group",4,"count",13,11.800325780608,11.931884057971
"mistletoe",11,"inla_spde_group",4,"count",11,13.4035303219711,11.931884057971
"mistletoe",11,"inla_spde_group",4,"count",12,10.9875124582204,11.931884057971
"mistletoe",11,"inla_spde_group",4,"count",18,12.7200129927385,11.931884057971
"mistletoe",11,"inla_spde_group",4,"count",18,12.7200129927385,11.931884057971
"mistletoe",11,"inla_spde_group",4,"count",33,10.9743984633154,11.931884057971
"mistletoe",11,"inla_spde_group",4,"count",12,10.9743984633154,11.931884057971
"mistletoe",11,"inla_spde_group",4,"count",2,10.5644477306838,11.931884057971
"mistletoe",11,"inla_spde_group",4,"count",6,11.5163660658722,11.931884057971
"mistletoe",11,"inla_spde_group",4,"count",54,11.5163660658722,11.931884057971
"mistletoe",11,"inla_spde_group",4,"count",1,11.7983450566875,11.931884057971
"mistletoe",11,"inla_spde_group",4,"count",19,11.3225523571872,11.931884057971
"mistletoe",11,"inla_spde_group",4,"count",49,11.3225523571872,11.931884057971
"mistletoe",11,"inla_spde_group",4,"count",12,12.0287873193596,11.931884057971
"mistletoe",11,"inla_spde_group",4,"count",10,11.089749227072,11.931884057971
"mistletoe",11,"inla_spde_group",4,"count",9,10.5557855343834,11.931884057971
"mistletoe",11,"inla_spde_group",4,"count",19,11.4809874520003,11.931884057971
"mistletoe",11,"inla_spde_group",4,"count",5,12.4903754372439,11.931884057971
"mistletoe",11,"inla_spde_group",4,"count",14,11.7617790709616,11.931884057971
"mistletoe",11,"inla_spde_group",4,"count",6,12.563176732301,11.931884057971
"mistletoe",11,"inla_spde_group",4,"count",6,12.563176732301,11.931884057971
"mistletoe",11,"inla_spde_group",4,"count",8,12.4919288327845,11.931884057971
"mistletoe",11,"inla_spde_group",4,"count",12,11.8537041558052,11.931884057971
"mistletoe",11,"inla_spde_group",4,"count",20,11.8103736471124,11.931884057971
"mistletoe",11,"inla_spde_group",4,"count",12,11.7617790709616,11.931884057971
"mistletoe",11,"inla_spde_group",4,"count",7,11.7617790709616,11.931884057971
"mistletoe",11,"inla_spde_group",4,"count",16,11.7816714314335,11.931884057971
"mistletoe",11,"inla_spde_group",4,"count",14,11.7816714314335,11.931884057971
"mistletoe",11,"inla_spde_group",4,"count",14,11.800325780608,11.931884057971
"mistletoe",11,"inla_spde_group",4,"count",7,11.800325780608,11.931884057971
"mistletoe",11,"inla_spde_group",4,"count",9,12.563176732301,11.931884057971
"mistletoe",11,"inla_spde_group",4,"count",12,12.563176732301,11.931884057971
"mistletoe",11,"inla_spde_group",4,"count",8,12.4919288327845,11.931884057971
"mistletoe",11,"inla_spde_group",4,"count",7,12.4919288327845,11.931884057971
"mistletoe",11,"inla_spde_group",4,"count",12,12.4919288327845,11.931884057971
"mistletoe",11,"inla_spde_group",4,"count",5,11.8537041558052,11.931884057971
"mistletoe",11,"inla_spde_group",4,"count",9,11.8537041558052,11.931884057971
"mistletoe",11,"inla_spde_group",4,"count",3,11.8537041558052,11.931884057971
"mistletoe",11,"inla_spde_group",4,"count",18,11.8537041558052,11.931884057971
"mistletoe",11,"inla_spde_group",4,"count",7,12.4903754372439,11.931884057971
"mistletoe",11,"inla_spde_group",4,"count",7,12.4903754372439,11.931884057971
"mistletoe",11,"inla_spde_group",4,"count",14,12.4903754372439,11.931884057971
"mistletoe",11,"inla_spde_group",4,"count",5,12.4903754372439,11.931884057971
"mistletoe",11,"inla_spde_group",4,"count",19,12.4903754372439,11.931884057971
"mistletoe",11,"inla_spde_group",4,"count",6,11.3619814692588,11.931884057971
"mistletoe",11,"inla_spde_group",4,"count",7,11.3619814692588,11.931884057971
"mistletoe",11,"inla_spde_group",4,"count",8,13.4035303219711,11.931884057971
"mistletoe",11,"inla_spde_group",4,"count",11,13.4035303219711,11.931884057971
"mistletoe",11,"inla_spde_group",4,"count",12,13.4035303219711,11.931884057971
"mistletoe",11,"inla_spde_group",4,"count",6,11.4133715154119,11.931884057971
"mistletoe",11,"inla_spde_group",4,"count",15,11.4133715154119,11.931884057971
"mistletoe",11,"inla_spde_group",4,"count",2,11.4133715154119,11.931884057971
"mistletoe",11,"inla_spde_group",4,"count",3,11.4133715154119,11.931884057971
"mistletoe",11,"inla_spde_group",4,"count",11,11.4133715154119,11.931884057971
"mistletoe",11,"inla_spde_group",4,"count",13,11.4133715154119,11.931884057971
"mistletoe",11,"inla_spde_group",4,"count",3,11.4518472419075,11.931884057971
"mistletoe",11,"inla_spde_group",4,"count",0,11.4518472419075,11.931884057971
"mistletoe",11,"inla_spde_group",4,"count",2,11.4518472419075,11.931884057971
"mistletoe",11,"inla_spde_group",4,"count",16,11.4518472419075,11.931884057971
"mistletoe",11,"inla_spde_group",4,"count",14,11.4518472419075,11.931884057971
"mistletoe",11,"inla_spde_group",4,"count",5,11.4518472419075,11.931884057971
"mistletoe",11,"inla_spde_group",4,"count",13,11.4518472419075,11.931884057971
"mistletoe",11,"inla_spde_group",4,"count",15,11.4518472419075,11.931884057971
"mistletoe",11,"inla_spde_group",4,"count",2,10.5644477306838,11.931884057971
"mistletoe",11,"inla_spde_group",4,"count",9,10.5644477306838,11.931884057971
"mistletoe",11,"inla_spde_group",4,"count",0,10.5644477306838,11.931884057971
"mistletoe",11,"inla_spde_group",4,"count",2,10.5644477306838,11.931884057971
"mistletoe",11,"inla_spde_group",4,"count",8,10.5644477306838,11.931884057971
"mistletoe",11,"inla_spde_group",4,"count",11,11.5163660658722,11.931884057971
"mistletoe",11,"inla_spde_group",4,"count",10,11.5163660658722,11.931884057971
"mistletoe",11,"inla_spde_group",4,"count",3,11.5163660658722,11.931884057971
"mistletoe",11,"inla_spde_group",4,"count",19,11.5163660658722,11.931884057971
"mistletoe",11,"inla_spde_group",4,"count",22,11.5163660658722,11.931884057971
"mistletoe",11,"inla_spde_group",4,"count",22,11.5163660658722,11.931884057971
"mistletoe",11,"inla_spde_group",4,"count",12,11.5163660658722,11.931884057971
"mistletoe",11,"inla_spde_group",4,"count",8,12.1614602640919,11.931884057971
"mistletoe",11,"inla_spde_group",4,"count",8,12.1614602640919,11.931884057971
"mistletoe",11,"inla_spde_group",4,"count",7,12.1614602640919,11.931884057971
"mistletoe",11,"inla_spde_group",4,"count",13,12.1614602640919,11.931884057971
"mistletoe",11,"inla_spde_group",4,"count",7,12.1614602640919,11.931884057971
"mistletoe",11,"inla_spde_group",4,"count",18,12.1614602640919,11.931884057971
"mistletoe",11,"inla_spde_group",4,"count",7,12.1614602640919,11.931884057971
"mistletoe",11,"inla_spde_group",4,"count",7,11.7983450566875,11.931884057971
"mistletoe",11,"inla_spde_group",4,"count",5,11.7983450566875,11.931884057971
"mistletoe",11,"inla_spde_group",4,"count",2,11.7983450566875,11.931884057971
"mistletoe",11,"inla_spde_group",4,"count",22,11.7983450566875,11.931884057971
"mistletoe",11,"inla_spde_group",4,"count",17,11.7983450566875,11.931884057971
"mistletoe",11,"inla_spde_group",4,"count",15,11.7983450566875,11.931884057971
"mistletoe",11,"inla_spde_group",4,"count",22,11.7983450566875,11.931884057971
"mistletoe",11,"inla_spde_group",4,"count",14,11.7983450566875,11.931884057971
"mistletoe",11,"inla_spde_group",4,"count",13,11.7983450566875,11.931884057971
"mistletoe",11,"inla_spde_group",4,"count",13,10.5557855343834,11.931884057971
"mistletoe",11,"inla_spde_group",4,"count",6,10.5557855343834,11.931884057971
"mistletoe",11,"inla_spde_group",4,"count",8,10.5557855343834,11.931884057971
"mistletoe",11,"inla_spde_group",4,"count",9,10.5557855343834,11.931884057971
"mistletoe",11,"inla_spde_group",4,"count",21,11.1638493770393,11.931884057971
"mistletoe",11,"inla_spde_group",4,"count",10,11.1638493770393,11.931884057971
"mistletoe",11,"inla_spde_group",4,"count",8,11.1638493770393,11.931884057971
"mistletoe",11,"inla_spde_group",4,"count",19,11.1638493770393,11.931884057971
"mistletoe",11,"inla_spde_group",4,"count",13,11.1638493770393,11.931884057971
"mistletoe",11,"inla_spde_group",4,"count",24,11.1638493770393,11.931884057971
"mistletoe",11,"inla_spde_group",4,"count",11,10.9875124582204,11.931884057971
"mistletoe",11,"inla_spde_group",4,"count",24,10.9875124582204,11.931884057971
"mistletoe",11,"inla_spde_group",4,"count",14,10.9875124582204,11.931884057971
"mistletoe",11,"inla_spde_group",4,"count",25,10.9875124582204,11.931884057971
"mistletoe",11,"inla_spde_group",4,"count",8,10.9875124582204,11.931884057971
"mistletoe",11,"inla_spde_group",4,"count",23,10.9875124582204,11.931884057971
"mistletoe",11,"inla_spde_group",4,"count",19,11.5869321710795,11.931884057971
"mistletoe",11,"inla_spde_group",4,"count",9,11.3225523571872,11.931884057971
"mistletoe",11,"inla_spde_group",4,"count",15,11.3225523571872,11.931884057971
"mistletoe",11,"inla_spde_group",4,"count",11,11.3225523571872,11.931884057971
"mistletoe",11,"inla_spde_group",4,"count",5,11.575451331195,11.931884057971
"mistletoe",11,"inla_spde_group",4,"count",8,11.575451331195,11.931884057971
"mistletoe",11,"inla_spde_group",4,"count",3,11.575451331195,11.931884057971
"mistletoe",11,"inla_spde_group",4,"count",6,11.575451331195,11.931884057971
"mistletoe",11,"inla_spde_group",4,"count",14,11.8103736471124,11.931884057971
"mistletoe",11,"inla_spde_group",4,"count",6,11.8103736471124,11.931884057971
"mistletoe",11,"inla_spde_group",4,"count",15,11.8103736471124,11.931884057971
"mistletoe",11,"inla_spde_group",4,"count",18,11.8103736471124,11.931884057971
"mistletoe",11,"inla_spde_group",4,"count",33,11.8103736471124,11.931884057971
"mistletoe",11,"inla_spde_group",4,"count",6,11.4809874520003,11.931884057971
"mistletoe",11,"inla_spde_group",4,"count",6,11.4809874520003,11.931884057971
"mistletoe",11,"inla_spde_group",4,"count",13,11.4809874520003,11.931884057971
"mistletoe",11,"inla_spde_group",4,"count",9,11.4809874520003,11.931884057971
"mistletoe",11,"inla_spde_group",4,"count",25,11.4809874520003,11.931884057971
"mistletoe",11,"inla_spde_group",4,"count",3,12.6589935043716,11.931884057971
"mistletoe",11,"inla_spde_group",4,"count",13,12.6589935043716,11.931884057971
"mistletoe",11,"inla_spde_group",4,"count",20,12.6589935043716,11.931884057971
"mistletoe",11,"inla_spde_group",4,"count",11,13.2926811363238,11.931884057971
"mistletoe",11,"inla_spde_group",4,"count",16,13.2926811363238,11.931884057971
"mistletoe",11,"inla_spde_group",4,"count",15,13.2926811363238,11.931884057971
"mistletoe",11,"inla_spde_group",4,"count",6,13.2926811363238,11.931884057971
"mistletoe",11,"inla_spde_group",4,"count",5,12.5497838064601,11.931884057971
"mistletoe",11,"inla_spde_group",4,"count",12,12.5497838064601,11.931884057971
"mistletoe",11,"inla_spde_group",4,"count",5,10.9743881331803,11.931884057971
"mistletoe",11,"inla_spde_group",4,"count",7,10.9743881331803,11.931884057971
"mistletoe",11,"inla_spde_group",4,"count",10,10.9743881331803,11.931884057971
"mistletoe",11,"inla_spde_group",4,"count",11,10.9743881331803,11.931884057971
"mistletoe",11,"inla_spde_group",4,"count",14,10.9743881331803,11.931884057971
"mistletoe",11,"inla_spde_group",4,"count",17,10.9743881331803,11.931884057971
"mistletoe",11,"inla_spde_group",4,"count",8,10.9743881331803,11.931884057971
"mistletoe",11,"inla_spde_group",4,"count",7,10.9743881331803,11.931884057971
"mistletoe",11,"inla_spde_group",4,"count",7,11.8254266646784,11.931884057971
"mistletoe",11,"inla_spde_group",4,"count",3,11.8254266646784,11.931884057971
"mistletoe",11,"inla_spde_group",4,"count",12,11.8254266646784,11.931884057971
"mistletoe",11,"inla_spde_group",4,"count",11,11.8254266646784,11.931884057971
"mistletoe",11,"inla_spde_group",4,"count",11,11.8254266646784,11.931884057971
"mistletoe",11,"inla_spde_group",4,"count",11,11.8254266646784,11.931884057971
"mistletoe",11,"inla_spde_group",4,"count",7,11.7617790709616,11.931884057971
"mistletoe",11,"inla_spde_group",4,"count",4,11.7617790709616,11.931884057971
"mistletoe",11,"inla_spde_group",4,"count",7,11.7617790709616,11.931884057971
"mistletoe",11,"inla_spde_group",4,"count",2,11.7617790709616,11.931884057971
"mistletoe",11,"inla_spde_group",4,"count",10,11.7617790709616,11.931884057971
"mistletoe",11,"inla_spde_group",4,"count",10,11.7617790709616,11.931884057971
"mistletoe",11,"inla_spde_group",4,"count",14,11.7617790709616,11.931884057971
"mistletoe",11,"inla_spde_group",4,"count",21,11.7617790709616,11.931884057971
"mistletoe",11,"inla_spde_group",4,"count",10,11.7816714314335,11.931884057971
"mistletoe",11,"inla_spde_group",4,"count",4,11.7816714314335,11.931884057971
"mistletoe",11,"inla_spde_group",4,"count",12,11.7816714314335,11.931884057971
"mistletoe",11,"inla_spde_group",4,"count",6,11.7816714314335,11.931884057971
"mistletoe",11,"inla_spde_group",4,"count",12,11.7816714314335,11.931884057971
"mistletoe",11,"inla_spde_group",4,"count",30,11.7816714314335,11.931884057971
"mistletoe",11,"inla_spde_group",4,"count",12,11.7816714314335,11.931884057971
"mistletoe",11,"inla_spde_group",4,"count",9,11.7816714314335,11.931884057971
"mistletoe",11,"inla_spde_group",4,"count",28,11.7816714314335,11.931884057971
"mistletoe",11,"inla_spde_group",4,"count",7,11.800325780608,11.931884057971
"mistletoe",11,"inla_spde_group",4,"count",3,11.800325780608,11.931884057971
"mistletoe",11,"inla_spde_group",4,"count",8,11.800325780608,11.931884057971
"mistletoe",11,"inla_spde_group",4,"count",7,11.800325780608,11.931884057971
"mistletoe",11,"inla_spde_group",4,"count",17,11.800325780608,11.931884057971
"mistletoe",11,"inla_spde_group",4,"count",15,11.800325780608,11.931884057971
"mistletoe",11,"inla_spde_group",4,"count",13,12.7200129927385,11.931884057971
"mistletoe",11,"inla_spde_group",4,"count",13,12.7200129927385,11.931884057971
"mistletoe",11,"inla_spde_group",4,"count",23,12.7200129927385,11.931884057971
"mistletoe",11,"inla_spde_group",4,"count",13,12.7200129927385,11.931884057971
"mistletoe",11,"inla_spde_group",4,"count",12,12.7200129927385,11.931884057971
"mistletoe",11,"inla_spde_group",4,"count",10,12.7200129927385,11.931884057971
"mistletoe",11,"inla_spde_group",4,"count",9,12.7200129927385,11.931884057971
"mistletoe",11,"inla_spde_group",4,"count",7,12.7200129927385,11.931884057971
"mistletoe",11,"inla_spde_group",4,"count",18,12.7200129927385,11.931884057971
"mistletoe",11,"inla_spde_group",4,"count",6,12.7200129927385,11.931884057971
"mistletoe",11,"inla_spde_group",4,"count",11,12.0287873193596,11.931884057971
"mistletoe",11,"inla_spde_group",4,"count",5,12.0287873193596,11.931884057971
"mistletoe",11,"inla_spde_group",4,"count",3,12.0287873193596,11.931884057971
"mistletoe",11,"inla_spde_group",4,"count",6,12.0287873193596,11.931884057971
"mistletoe",11,"inla_spde_group",4,"count",6,12.0657781124653,11.931884057971
"mistletoe",11,"inla_spde_group",4,"count",4,12.0657781124653,11.931884057971
"mistletoe",11,"inla_spde_group",4,"count",11,12.0657781124653,11.931884057971
"mistletoe",11,"inla_spde_group",4,"count",6,12.0657781124653,11.931884057971
"mistletoe",11,"inla_spde_group",4,"count",9,12.0657781124653,11.931884057971
"mistletoe",11,"inla_spde_group",4,"count",13,12.0657781124653,11.931884057971
"mistletoe",11,"inla_spde_group",4,"count",13,10.9743984633154,11.931884057971
"mistletoe",11,"inla_spde_group",4,"count",13,10.9743984633154,11.931884057971
"mistletoe",11,"inla_spde_group",4,"count",12,10.9743984633154,11.931884057971
"mistletoe",11,"inla_spde_group",4,"count",4,12.563176732301,11.931884057971
"mistletoe",11,"inla_spde_group",4,"count",3,12.563176732301,11.931884057971
"mistletoe",11,"inla_spde_group",4,"count",12,12.563176732301,11.931884057971
"mistletoe",11,"inla_spde_group",4,"count",10,12.563176732301,11.931884057971
"mistletoe",11,"inla_spde_group",4,"count",16,12.563176732301,11.931884057971
"mistletoe",11,"inla_spde_group",4,"count",16,12.563176732301,11.931884057971
"mistletoe",11,"inla_spde_group",4,"count",8,12.4919288327845,11.931884057971
"mistletoe",11,"inla_spde_group",4,"count",13,12.4919288327845,11.931884057971
"mistletoe",11,"inla_spde_group",4,"count",9,12.4919288327845,11.931884057971
"mistletoe",11,"inla_spde_group",4,"count",19,12.4919288327845,11.931884057971
"mistletoe",11,"inla_spde_group",4,"count",10,12.4919288327845,11.931884057971
"mistletoe",11,"inla_spde_group",4,"count",17,12.4919288327845,11.931884057971
"mistletoe",11,"inla_spde_group",4,"count",10,11.8537041558052,11.931884057971
"mistletoe",11,"inla_spde_group",4,"count",8,11.8537041558052,11.931884057971
"mistletoe",11,"inla_spde_group",4,"count",10,11.8537041558052,11.931884057971
"mistletoe",11,"inla_spde_group",4,"count",12,11.8537041558052,11.931884057971
"mistletoe",11,"inla_spde_group",4,"count",20,11.8537041558052,11.931884057971
"mistletoe",11,"inla_spde_group",4,"count",7,11.089749227072,11.931884057971
"mistletoe",11,"inla_spde_group",4,"count",11,11.089749227072,11.931884057971
"mistletoe",11,"inla_spde_group",4,"count",6,11.089749227072,11.931884057971
"mistletoe",11,"inla_spde_group",4,"count",8,11.089749227072,11.931884057971
"mistletoe",11,"inla_spde_group",4,"count",8,11.089749227072,11.931884057971
"mistletoe",11,"inla_spde_group",4,"count",7,11.1107891684734,11.931884057971
"mistletoe",11,"inla_spde_group",4,"count",24,11.1107891684734,11.931884057971
"mistletoe",11,"inla_spde_group",4,"count",37,11.1107891684734,11.931884057971
"mistletoe",11,"inla_spde_group",4,"count",24,11.1107891684734,11.931884057971
"mistletoe",11,"inla_spde_group",4,"count",15,11.1107891684734,11.931884057971
"mistletoe",11,"inla_spde_group",4,"count",8,11.1107891684734,11.931884057971
"mistletoe",11,"inla_spde_group",4,"count",20,13.4035303219711,11.931884057971
"mistletoe",11,"inla_spde_group",4,"count",18,11.5869321710795,11.931884057971
"mistletoe",11,"inla_spde_group",4,"count",25,11.5869321710795,11.931884057971
"mistletoe",11,"inla_spde_group",4,"count",20,11.5869321710795,11.931884057971
"mistletoe",11,"inla_spde_group",4,"count",25,12.5497838064601,11.931884057971
"mistletoe",11,"inla_spde_group",4,"count",18,12.5497838064601,11.931884057971
"mistletoe",11,"inla_spde_group",4,"count",15,12.5497838064601,11.931884057971
"mistletoe",11,"inla_spde_group",4,"count",9,12.5497838064601,11.931884057971
"mistletoe",11,"inla_spde_group",4,"count",19,12.5497838064601,11.931884057971
"mistletoe",11,"inla_spde_group",4,"count",7,11.3619814692588,11.931884057971
"mistletoe",11,"inla_spde_group",4,"count",11,11.3619814692588,11.931884057971
"mistletoe",11,"inla_spde_group",4,"count",18,11.5869321710795,11.931884057971
"mistletoe",11,"inla_spde_group",4,"count",15,11.5869321710795,11.931884057971
"mistletoe",11,"inla_spde_group",4,"count",9,11.4809874520003,11.931884057971
"mistletoe",11,"inla_spde_group",4,"count",6,11.4809874520003,11.931884057971
"mistletoe",11,"inla_spde_group",4,"count",7,11.4809874520003,11.931884057971
"mistletoe",11,"inla_spde_group",4,"count",11,11.4809874520003,11.931884057971
"mistletoe",11,"inla_spde_group",4,"count",5,12.6589935043716,11.931884057971
"mistletoe",11,"inla_spde_group",4,"count",10,12.6589935043716,11.931884057971
"mistletoe",11,"inla_spde_group",4,"count",9,12.6589935043716,11.931884057971
"mistletoe",11,"inla_spde_group",4,"count",11,12.6589935043716,11.931884057971
"mistletoe",11,"inla_spde_group",4,"count",8,12.6589935043716,11.931884057971
"mistletoe",11,"inla_spde_group",4,"count",8,12.6589935043716,11.931884057971
"mistletoe",11,"inla_spde_group",4,"count",8,12.6589935043716,11.931884057971
"mistletoe",11,"inla_spde_group",4,"count",9,13.2926811363238,11.931884057971
"mistletoe",11,"inla_spde_group",4,"count",9,13.2926811363238,11.931884057971
"mistletoe",11,"inla_spde_group",4,"count",6,13.2926811363238,11.931884057971
"mistletoe",11,"inla_spde_group",4,"count",47,13.2926811363238,11.931884057971
"mistletoe",11,"inla_spde_group",4,"count",12,13.2926811363238,11.931884057971
"mistletoe",11,"inla_spde_group",4,"count",17,13.2926811363238,11.931884057971
"mistletoe",11,"inla_spde_group",4,"count",13,12.5497838064601,11.931884057971
"mistletoe",11,"inla_spde_group",4,"count",8,12.5497838064601,11.931884057971
"mistletoe",11,"inla_spde_group",4,"count",6,10.9743881331803,11.931884057971
"mistletoe",11,"inla_spde_group",4,"count",21,11.8254266646784,11.931884057971
"mistletoe",11,"inla_spde_group",4,"count",14,11.8254266646784,11.931884057971
"mistletoe",11,"inla_spde_group",4,"count",12,11.8254266646784,11.931884057971
"mistletoe",11,"inla_spde_group",4,"count",7,11.8254266646784,11.931884057971
"mistletoe",11,"inla_spde_group",4,"count",23,11.5869321710795,11.931884057971
"mistletoe",11,"inla_spde_group",5,"count",11,8.97430775937235,12.1486643437863
"mistletoe",11,"inla_spde_group",5,"count",21,8.71336268017038,12.1486643437863
"mistletoe",11,"inla_spde_group",5,"count",12,8.44914408781943,12.1486643437863
"mistletoe",11,"inla_spde_group",5,"count",10,8.7825832003657,12.1486643437863
"mistletoe",11,"inla_spde_group",5,"count",37,9.84293626350876,12.1486643437863
"mistletoe",11,"inla_spde_group",5,"count",10,8.45949622372374,12.1486643437863
"mistletoe",11,"inla_spde_group",5,"count",56,9.22324969309808,12.1486643437863
"mistletoe",11,"inla_spde_group",5,"count",11,8.45554656446737,12.1486643437863
"mistletoe",11,"inla_spde_group",5,"count",20,12.8598148337169,12.1486643437863
"mistletoe",11,"inla_spde_group",5,"count",15,8.97430775937235,12.1486643437863
"mistletoe",11,"inla_spde_group",5,"count",19,9.84293626350876,12.1486643437863
"mistletoe",11,"inla_spde_group",5,"count",18,8.71160102236027,12.1486643437863
"mistletoe",11,"inla_spde_group",5,"count",7,9.22324969309808,12.1486643437863
"mistletoe",11,"inla_spde_group",5,"count",8,9.36194839426672,12.1486643437863
"mistletoe",11,"inla_spde_group",5,"count",20,9.36194839426672,12.1486643437863
"mistletoe",11,"inla_spde_group",5,"count",8,9.36194839426672,12.1486643437863
"mistletoe",11,"inla_spde_group",5,"count",2,9.84293626350876,12.1486643437863
"mistletoe",11,"inla_spde_group",5,"count",23,12.5199489091271,12.1486643437863
"mistletoe",11,"inla_spde_group",5,"count",11,9.36194839426672,12.1486643437863
"mistletoe",11,"inla_spde_group",5,"count",2,9.36194839426672,12.1486643437863
"mistletoe",11,"inla_spde_group",5,"count",15,12.7262651961466,12.1486643437863
"mistletoe",11,"inla_spde_group",5,"count",13,8.44914408781943,12.1486643437863
"mistletoe",11,"inla_spde_group",5,"count",14,8.44914408781943,12.1486643437863
"mistletoe",11,"inla_spde_group",5,"count",9,12.9572700875861,12.1486643437863
"mistletoe",11,"inla_spde_group",5,"count",7,12.6960632434499,12.1486643437863
"mistletoe",11,"inla_spde_group",5,"count",21,8.97430775937235,12.1486643437863
"mistletoe",11,"inla_spde_group",5,"count",7,8.97430775937235,12.1486643437863
"mistletoe",11,"inla_spde_group",5,"count",9,9.22324969309808,12.1486643437863
"mistletoe",11,"inla_spde_group",5,"count",23,9.84293626350876,12.1486643437863
"mistletoe",11,"inla_spde_group",5,"count",11,8.7825832003657,12.1486643437863
"mistletoe",11,"inla_spde_group",5,"count",3,8.7825832003657,12.1486643437863
"mistletoe",11,"inla_spde_group",5,"count",19,13.6692436614911,12.1486643437863
"mistletoe",11,"inla_spde_group",5,"count",9,12.8077397886406,12.1486643437863
"mistletoe",11,"inla_spde_group",5,"count",11,12.8077397886406,12.1486643437863
"mistletoe",11,"inla_spde_group",5,"count",7,12.8077397886406,12.1486643437863
"mistletoe",11,"inla_spde_group",5,"count",10,12.8077397886406,12.1486643437863
"mistletoe",11,"inla_spde_group",5,"count",9,12.8077397886406,12.1486643437863
"mistletoe",11,"inla_spde_group",5,"count",14,13.9044087710921,12.1486643437863
"mistletoe",11,"inla_spde_group",5,"count",10,13.9044087710921,12.1486643437863
"mistletoe",11,"inla_spde_group",5,"count",14,13.4170664925692,12.1486643437863
"mistletoe",11,"inla_spde_group",5,"count",10,13.4170664925692,12.1486643437863
"mistletoe",11,"inla_spde_group",5,"count",9,13.4170664925692,12.1486643437863
"mistletoe",11,"inla_spde_group",5,"count",12,16.3999303955578,12.1486643437863
"mistletoe",11,"inla_spde_group",5,"count",8,12.9572700875861,12.1486643437863
"mistletoe",11,"inla_spde_group",5,"count",8,12.9572700875861,12.1486643437863
"mistletoe",11,"inla_spde_group",5,"count",0,12.9572700875861,12.1486643437863
"mistletoe",11,"inla_spde_group",5,"count",9,12.9572700875861,12.1486643437863
"mistletoe",11,"inla_spde_group",5,"count",11,12.8126298154153,12.1486643437863
"mistletoe",11,"inla_spde_group",5,"count",11,12.8126298154153,12.1486643437863
"mistletoe",11,"inla_spde_group",5,"count",23,12.8126298154153,12.1486643437863
"mistletoe",11,"inla_spde_group",5,"count",4,12.8126298154153,12.1486643437863
"mistletoe",11,"inla_spde_group",5,"count",12,12.8126298154153,12.1486643437863
"mistletoe",11,"inla_spde_group",5,"count",10,12.8598148337169,12.1486643437863
"mistletoe",11,"inla_spde_group",5,"count",13,12.8598148337169,12.1486643437863
"mistletoe",11,"inla_spde_group",5,"count",13,12.8598148337169,12.1486643437863
"mistletoe",11,"inla_spde_group",5,"count",10,12.8598148337169,12.1486643437863
"mistletoe",11,"inla_spde_group",5,"count",10,12.7262651961466,12.1486643437863
"mistletoe",11,"inla_spde_group",5,"count",12,12.7262651961466,12.1486643437863
"mistletoe",11,"inla_spde_group",5,"count",13,12.7262651961466,12.1486643437863
"mistletoe",11,"inla_spde_group",5,"count",15,12.5199489091271,12.1486643437863
"mistletoe",11,"inla_spde_group",5,"count",17,12.5199489091271,12.1486643437863
"mistletoe",11,"inla_spde_group",5,"count",0,12.5199489091271,12.1486643437863
"mistletoe",11,"inla_spde_group",5,"count",8,12.6960632434499,12.1486643437863
"mistletoe",11,"inla_spde_group",5,"count",10,12.6960632434499,12.1486643437863
"mistletoe",11,"inla_spde_group",5,"count",10,13.0792543572405,12.1486643437863
"mistletoe",11,"inla_spde_group",5,"count",16,13.0792543572405,12.1486643437863
"mistletoe",11,"inla_spde_group",5,"count",8,13.0792543572405,12.1486643437863
"mistletoe",11,"inla_spde_group",5,"count",23,13.0792543572405,12.1486643437863
"mistletoe",11,"inla_spde_group",5,"count",23,12.7394463781152,12.1486643437863
"mistletoe",11,"inla_spde_group",5,"count",8,12.7394463781152,12.1486643437863
"mistletoe",11,"inla_spde_group",5,"count",5,12.7394463781152,12.1486643437863
"mistletoe",11,"inla_spde_group",5,"count",19,12.7394463781152,12.1486643437863
"mistletoe",11,"inla_spde_group",5,"count",12,14.5534185340186,12.1486643437863
"mistletoe",11,"inla_spde_group",5,"count",10,14.5534185340186,12.1486643437863
"mistletoe",11,"inla_spde_group",5,"count",9,14.5534185340186,12.1486643437863
"mistletoe",11,"inla_spde_group",5,"count",17,14.5534185340186,12.1486643437863
"mistletoe",11,"inla_spde_group",5,"count",10,14.5534185340186,12.1486643437863
"mistletoe",11,"inla_spde_group",5,"count",7,8.97430775937235,12.1486643437863
"mistletoe",11,"inla_spde_group",5,"count",8,8.97430775937235,12.1486643437863
"mistletoe",11,"inla_spde_group",5,"count",12,8.97430775937235,12.1486643437863
"mistletoe",11,"inla_spde_group",5,"count",5,8.97430775937235,12.1486643437863
"mistletoe",11,"inla_spde_group",5,"count",11,8.97430775937235,12.1486643437863
"mistletoe",11,"inla_spde_group",5,"count",17,8.97430775937235,12.1486643437863
"mistletoe",11,"inla_spde_group",5,"count",15,8.97430775937235,12.1486643437863
"mistletoe",11,"inla_spde_group",5,"count",2,9.22324969309808,12.1486643437863
"mistletoe",11,"inla_spde_group",5,"count",5,9.22324969309808,12.1486643437863
"mistletoe",11,"inla_spde_group",5,"count",7,9.22324969309808,12.1486643437863
"mistletoe",11,"inla_spde_group",5,"count",16,9.22324969309808,12.1486643437863
"mistletoe",11,"inla_spde_group",5,"count",8,9.22324969309808,12.1486643437863
"mistletoe",11,"inla_spde_group",5,"count",4,9.22324969309808,12.1486643437863
"mistletoe",11,"inla_spde_group",5,"count",11,9.22324969309808,12.1486643437863
"mistletoe",11,"inla_spde_group",5,"count",15,9.22324969309808,12.1486643437863
"mistletoe",11,"inla_spde_group",5,"count",6,9.36194839426672,12.1486643437863
"mistletoe",11,"inla_spde_group",5,"count",10,9.36194839426672,12.1486643437863
"mistletoe",11,"inla_spde_group",5,"count",6,9.36194839426672,12.1486643437863
"mistletoe",11,"inla_spde_group",5,"count",5,9.36194839426672,12.1486643437863
"mistletoe",11,"inla_spde_group",5,"count",11,9.36194839426672,12.1486643437863
"mistletoe",11,"inla_spde_group",5,"count",13,9.36194839426672,12.1486643437863
"mistletoe",11,"inla_spde_group",5,"count",7,9.84293626350876,12.1486643437863
"mistletoe",11,"inla_spde_group",5,"count",17,9.84293626350876,12.1486643437863
"mistletoe",11,"inla_spde_group",5,"count",3,9.84293626350876,12.1486643437863
"mistletoe",11,"inla_spde_group",5,"count",9,9.84293626350876,12.1486643437863
"mistletoe",11,"inla_spde_group",5,"count",6,9.84293626350876,12.1486643437863
"mistletoe",11,"inla_spde_group",5,"count",27,9.84293626350876,12.1486643437863
"mistletoe",11,"inla_spde_group",5,"count",19,13.9044087710921,12.1486643437863
"mistletoe",11,"inla_spde_group",5,"count",10,16.3999303955578,12.1486643437863
"mistletoe",11,"inla_spde_group",5,"count",20,16.3999303955578,12.1486643437863
"mistletoe",11,"inla_spde_group",5,"count",6,13.9044087710921,12.1486643437863
"mistletoe",11,"inla_spde_group",5,"count",15,13.9044087710921,12.1486643437863
"mistletoe",11,"inla_spde_group",5,"count",18,16.3999303955578,12.1486643437863
"mistletoe",11,"inla_spde_group",5,"count",18,16.3999303955578,12.1486643437863
"mistletoe",11,"inla_spde_group",5,"count",8,13.6692436614911,12.1486643437863
"mistletoe",11,"inla_spde_group",5,"count",11,13.6692436614911,12.1486643437863
"mistletoe",11,"inla_spde_group",5,"count",18,13.6692436614911,12.1486643437863
"mistletoe",11,"inla_spde_group",5,"count",10,13.6692436614911,12.1486643437863
"mistletoe",11,"inla_spde_group",5,"count",19,13.9044087710921,12.1486643437863
"mistletoe",11,"inla_spde_group",5,"count",11,13.4170664925692,12.1486643437863
"mistletoe",11,"inla_spde_st",1,"count",21,11.1904880722196,12.471218206158
"mistletoe",11,"inla_spde_st",1,"count",24,9.03850313442034,12.471218206158
"mistletoe",11,"inla_spde_st",1,"count",31,7.33145064967661,12.471218206158
"mistletoe",11,"inla_spde_st",1,"count",8,21.5359233332266,12.471218206158
"mistletoe",11,"inla_spde_st",1,"count",16,13.3489560316943,12.471218206158
"mistletoe",11,"inla_spde_st",1,"count",0,12.9133216019082,12.471218206158
"mistletoe",11,"inla_spde_st",1,"count",21,8.5774941363551,12.471218206158
"mistletoe",11,"inla_spde_st",1,"count",3,8.5774941363551,12.471218206158
"mistletoe",11,"inla_spde_st",1,"count",40,12.0543862868149,12.471218206158
"mistletoe",11,"inla_spde_st",1,"count",18,12.1810769306335,12.471218206158
"mistletoe",11,"inla_spde_st",1,"count",11,10.7358296413405,12.471218206158
"mistletoe",11,"inla_spde_st",1,"count",16,12.33703165245,12.471218206158
"mistletoe",11,"inla_spde_st",1,"count",19,17.7991806839359,12.471218206158
"mistletoe",11,"inla_spde_st",1,"count",28,9.55046530943095,12.471218206158
"mistletoe",11,"inla_spde_st",1,"count",12,9.61262432602495,12.471218206158
"mistletoe",11,"inla_spde_st",1,"count",15,10.7478668243957,12.471218206158
"mistletoe",11,"inla_spde_st",1,"count",27,14.9268278877036,12.471218206158
"mistletoe",11,"inla_spde_st",1,"count",14,6.95441099230735,12.471218206158
"mistletoe",11,"inla_spde_st",1,"count",13,10.2054952331143,12.471218206158
"mistletoe",11,"inla_spde_st",1,"count",4,13.3552911739681,12.471218206158
"mistletoe",11,"inla_spde_st",1,"count",9,12.5709615885099,12.471218206158
"mistletoe",11,"inla_spde_st",1,"count",17,12.8061596584953,12.471218206158
"mistletoe",11,"inla_spde_st",1,"count",18,12.8061596584953,12.471218206158
"mistletoe",11,"inla_spde_st",1,"count",7,13.5258585459525,12.471218206158
"mistletoe",11,"inla_spde_st",1,"count",15,14.9268278877036,12.471218206158
"mistletoe",11,"inla_spde_st",1,"count",46,12.5356400018707,12.471218206158
"mistletoe",11,"inla_spde_st",1,"count",14,12.2129445051147,12.471218206158
"mistletoe",11,"inla_spde_st",1,"count",5,9.14710818037546,12.471218206158
"mistletoe",11,"inla_spde_st",1,"count",11,7.8442238665748,12.471218206158
"mistletoe",11,"inla_spde_st",1,"count",18,10.2499940820929,12.471218206158
"mistletoe",11,"inla_spde_st",1,"count",9,6.24919247608205,12.471218206158
"mistletoe",11,"inla_spde_st",1,"count",9,6.49467884329574,12.471218206158
"mistletoe",11,"inla_spde_st",1,"count",7,9.03850313442034,12.471218206158
"mistletoe",11,"inla_spde_st",1,"count",12,6.85537437774674,12.471218206158
"mistletoe",11,"inla_spde_st",1,"count",8,13.3689132663347,12.471218206158
"mistletoe",11,"inla_spde_st",1,"count",4,5.66248819579973,12.471218206158
"mistletoe",11,"inla_spde_st",1,"count",10,9.61262432602495,12.471218206158
"mistletoe",11,"inla_spde_st",1,"count",33,21.5359233332266,12.471218206158
"mistletoe",11,"inla_spde_st",1,"count",23,16.4463028828807,12.471218206158
"mistletoe",11,"inla_spde_st",1,"count",18,17.1326679384484,12.471218206158
"mistletoe",11,"inla_spde_st",1,"count",15,9.24807914044362,12.471218206158
"mistletoe",11,"inla_spde_st",1,"count",6,9.24807914044362,12.471218206158
"mistletoe",11,"inla_spde_st",1,"count",8,10.7478668243957,12.471218206158
"mistletoe",11,"inla_spde_st",1,"count",9,10.3520705757927,12.471218206158
"mistletoe",11,"inla_spde_st",1,"count",12,10.3520705757927,12.471218206158
"mistletoe",11,"inla_spde_st",1,"count",8,9.54789250017866,12.471218206158
"mistletoe",11,"inla_spde_st",1,"count",10,9.54789250017866,12.471218206158
"mistletoe",11,"inla_spde_st",1,"count",4,11.1904880722196,12.471218206158
"mistletoe",11,"inla_spde_st",1,"count",6,10.6508719791937,12.471218206158
"mistletoe",11,"inla_spde_st",1,"count",3,10.6508719791937,12.471218206158
"mistletoe",11,"inla_spde_st",1,"count",6,4.8423023086283,12.471218206158
"mistletoe",11,"inla_spde_st",1,"count",2,4.8423023086283,12.471218206158
"mistletoe",11,"inla_spde_st",1,"count",2,4.8423023086283,12.471218206158
"mistletoe",11,"inla_spde_st",1,"count",2,5.10664841106789,12.471218206158
"mistletoe",11,"inla_spde_st",1,"count",13,8.32272845474047,12.471218206158
"mistletoe",11,"inla_spde_st",1,"count",13,10.2054952331143,12.471218206158
"mistletoe",11,"inla_spde_st",1,"count",9,9.15004170942635,12.471218206158
"mistletoe",11,"inla_spde_st",1,"count",5,9.15004170942635,12.471218206158
"mistletoe",11,"inla_spde_st",1,"count",6,9.15004170942635,12.471218206158
"mistletoe",11,"inla_spde_st",1,"count",6,5.91791942497081,12.471218206158
"mistletoe",11,"inla_spde_st",1,"count",4,5.91791942497081,12.471218206158
"mistletoe",11,"inla_spde_st",1,"count",11,5.91791942497081,12.471218206158
"mistletoe",11,"inla_spde_st",1,"count",2,10.0086140028657,12.471218206158
"mistletoe",11,"inla_spde_st",1,"count",6,11.0441167348587,12.471218206158
"mistletoe",11,"inla_spde_st",1,"count",7,6.49467884329574,12.471218206158
"mistletoe",11,"inla_spde_st",1,"count",5,6.49467884329574,12.471218206158
"mistletoe",11,"inla_spde_st",1,"count",14,8.68327434052913,12.471218206158
"mistletoe",11,"inla_spde_st",1,"count",14,8.68327434052913,12.471218206158
"mistletoe",11,"inla_spde_st",1,"count",9,9.69929683912275,12.471218206158
"mistletoe",11,"inla_spde_st",1,"count",8,6.85537437774674,12.471218206158
"mistletoe",11,"inla_spde_st",1,"count",17,6.85537437774674,12.471218206158
"mistletoe",11,"inla_spde_st",1,"count",14,9.19676080678196,12.471218206158
"mistletoe",11,"inla_spde_st",1,"count",8,9.55046530943095,12.471218206158
"mistletoe",11,"inla_spde_st",1,"count",10,10.2774346044575,12.471218206158
"mistletoe",11,"inla_spde_st",1,"count",9,10.2774346044575,12.471218206158
"mistletoe",11,"inla_spde_st",1,"count",16,9.2263067749921,12.471218206158
"mistletoe",11,"inla_spde_st",1,"count",4,10.3064621158459,12.471218206158
"mistletoe",11,"inla_spde_st",1,"count",4,10.3064621158459,12.471218206158
"mistletoe",11,"inla_spde_st",1,"count",4,9.120625984733,12.471218206158
"mistletoe",11,"inla_spde_st",1,"count",7,9.120625984733,12.471218206158
"mistletoe",11,"inla_spde_st",1,"count",2,12.4858593634111,12.471218206158
"mistletoe",11,"inla_spde_st",1,"count",17,12.4858593634111,12.471218206158
"mistletoe",11,"inla_spde_st",1,"count",10,14.7623845885385,12.471218206158
"mistletoe",11,"inla_spde_st",1,"count",10,13.4367012786235,12.471218206158
"mistletoe",11,"inla_spde_st",1,"count",3,7.69492700045179,12.471218206158
"mistletoe",11,"inla_spde_st",1,"count",8,7.69492700045179,12.471218206158
"mistletoe",11,"inla_spde_st",1,"count",5,10.2499940820929,12.471218206158
"mistletoe",11,"inla_spde_st",1,"count",3,10.2499940820929,12.471218206158
"mistletoe",11,"inla_spde_st",1,"count",8,12.0543862868149,12.471218206158
"mistletoe",11,"inla_spde_st",1,"count",6,10.8858345559786,12.471218206158
"mistletoe",11,"inla_spde_st",1,"count",8,10.8858345559786,12.471218206158
"mistletoe",11,"inla_spde_st",1,"count",15,4.97583320389417,12.471218206158
"mistletoe",11,"inla_spde_st",1,"count",5,4.97583320389417,12.471218206158
"mistletoe",11,"inla_spde_st",1,"count",13,4.97583320389417,12.471218206158
"mistletoe",11,"inla_spde_st",1,"count",12,5.73020251144063,12.471218206158
"mistletoe",11,"inla_spde_st",1,"count",12,5.73020251144063,12.471218206158
"mistletoe",11,"inla_spde_st",1,"count",4,5.73020251144063,12.471218206158
"mistletoe",11,"inla_spde_st",1,"count",4,10.0373977118448,12.471218206158
"mistletoe",11,"inla_spde_st",1,"count",21,10.0373977118448,12.471218206158
"mistletoe",11,"inla_spde_st",1,"count",17,13.3689132663347,12.471218206158
"mistletoe",11,"inla_spde_st",1,"count",8,10.8957788756468,12.471218206158
"mistletoe",11,"inla_spde_st",1,"count",8,10.8957788756468,12.471218206158
"mistletoe",11,"inla_spde_st",1,"count",1,4.95319042577233,12.471218206158
"mistletoe",11,"inla_spde_st",1,"count",6,4.95319042577233,12.471218206158
"mistletoe",11,"inla_spde_st",1,"count",1,4.95319042577233,12.471218206158
"mistletoe",11,"inla_spde_st",1,"count",29,5.66248819579973,12.471218206158
"mistletoe",11,"inla_spde_st",1,"count",29,5.66248819579973,12.471218206158
"mistletoe",11,"inla_spde_st",1,"count",19,10.0516745998448,12.471218206158
"mistletoe",11,"inla_spde_st",1,"count",16,10.0516745998448,12.471218206158
"mistletoe",11,"inla_spde_st",1,"count",24,13.3552911739681,12.471218206158
"mistletoe",11,"inla_spde_st",1,"count",3,10.8879024229676,12.471218206158
"mistletoe",11,"inla_spde_st",1,"count",4,10.8879024229676,12.471218206158
"mistletoe",11,"inla_spde_st",1,"count",12,8.65881720645661,12.471218206158
"mistletoe",11,"inla_spde_st",1,"count",9,8.65881720645661,12.471218206158
"mistletoe",11,"inla_spde_st",1,"count",7,9.57084593372772,12.471218206158
"mistletoe",11,"inla_spde_st",1,"count",7,9.57084593372772,12.471218206158
"mistletoe",11,"inla_spde_st",1,"count",15,18.3655777371952,12.471218206158
"mistletoe",11,"inla_spde_st",1,"count",18,12.8759365967682,12.471218206158
"mistletoe",11,"inla_spde_st",1,"count",17,12.8759365967682,12.471218206158
"mistletoe",11,"inla_spde_st",1,"count",6,12.8759365967682,12.471218206158
"mistletoe",11,"inla_spde_st",1,"count",8,11.6216788379194,12.471218206158
"mistletoe",11,"inla_spde_st",1,"count",18,11.6216788379194,12.471218206158
"mistletoe",11,"inla_spde_st",1,"count",11,11.9261448720747,12.471218206158
"mistletoe",11,"inla_spde_st",1,"count",13,11.9261448720747,12.471218206158
"mistletoe",11,"inla_spde_st",1,"count",15,11.2032634901789,12.471218206158
"mistletoe",11,"inla_spde_st",1,"count",13,11.2032634901789,12.471218206158
"mistletoe",11,"inla_spde_st",1,"count",12,11.9528101473799,12.471218206158
"mistletoe",11,"inla_spde_st",1,"count",13,11.9528101473799,12.471218206158
"mistletoe",11,"inla_spde_st",1,"count",14,12.8061596584953,12.471218206158
"mistletoe",11,"inla_spde_st",1,"count",8,11.9166306527469,12.471218206158
"mistletoe",11,"inla_spde_st",1,"count",12,11.9166306527469,12.471218206158
"mistletoe",11,"inla_spde_st",1,"count",6,11.1335774576679,12.471218206158
"mistletoe",11,"inla_spde_st",1,"count",12,11.1335774576679,12.471218206158
"mistletoe",11,"inla_spde_st",1,"count",4,11.8712693900486,12.471218206158
"mistletoe",11,"inla_spde_st",1,"count",9,11.8712693900486,12.471218206158
"mistletoe",11,"inla_spde_st",1,"count",13,13.5258585459525,12.471218206158
"mistletoe",11,"inla_spde_st",1,"count",15,13.5258585459525,12.471218206158
"mistletoe",11,"inla_spde_st",1,"count",7,12.1810769306335,12.471218206158
"mistletoe",11,"inla_spde_st",1,"count",5,12.5709615885099,12.471218206158
"mistletoe",11,"inla_spde_st",1,"count",10,11.7540466344178,12.471218206158
"mistletoe",11,"inla_spde_st",1,"count",8,11.7540466344178,12.471218206158
"mistletoe",11,"inla_spde_st",1,"count",20,12.539947739207,12.471218206158
"mistletoe",11,"inla_spde_st",1,"count",5,12.539947739207,12.471218206158
"mistletoe",11,"inla_spde_st",1,"count",4,14.9268278877036,12.471218206158
"mistletoe",11,"inla_spde_st",1,"count",10,13.3489560316943,12.471218206158
"mistletoe",11,"inla_spde_st",1,"count",3,13.990501964792,12.471218206158
"mistletoe",11,"inla_spde_st",1,"count",6,13.990501964792,12.471218206158
"mistletoe",11,"inla_spde_st",1,"count",12,12.9133216019082,12.471218206158
"mistletoe",11,"inla_spde_st",1,"count",2,13.7768637796191,12.471218206158
"mistletoe",11,"inla_spde_st",1,"count",9,13.7768637796191,12.471218206158
"mistletoe",11,"inla_spde_st",1,"count",13,14.5607091584517,12.471218206158
"mistletoe",11,"inla_spde_st",1,"count",5,14.5607091584517,12.471218206158
"mistletoe",11,"inla_spde_st",1,"count",14,12.7220597445506,12.471218206158
"mistletoe",11,"inla_spde_st",1,"count",2,12.7220597445506,12.471218206158
"mistletoe",11,"inla_spde_st",1,"count",5,13.5713384457432,12.471218206158
"mistletoe",11,"inla_spde_st",1,"count",6,13.5713384457432,12.471218206158
"mistletoe",11,"inla_spde_st",1,"count",8,7.75513508220172,12.471218206158
"mistletoe",11,"inla_spde_st",1,"count",4,7.75513508220172,12.471218206158
"mistletoe",11,"inla_spde_st",1,"count",9,7.75513508220172,12.471218206158
"mistletoe",11,"inla_spde_st",1,"count",10,10.2314667100242,12.471218206158
"mistletoe",11,"inla_spde_st",1,"count",18,10.2314667100242,12.471218206158
"mistletoe",11,"inla_spde_st",1,"count",8,10.7358296413405,12.471218206158
"mistletoe",11,"inla_spde_st",1,"count",28,11.3373822329409,12.471218206158
"mistletoe",11,"inla_spde_st",1,"count",14,11.3373822329409,12.471218206158
"mistletoe",11,"inla_spde_st",1,"count",9,13.7177445290939,12.471218206158
"mistletoe",11,"inla_spde_st",1,"count",13,10.4997155068901,12.471218206158
"mistletoe",11,"inla_spde_st",1,"count",3,10.4997155068901,12.471218206158
"mistletoe",11,"inla_spde_st",1,"count",28,12.33703165245,12.471218206158
"mistletoe",11,"inla_spde_st",1,"count",19,12.4800628936369,12.471218206158
"mistletoe",11,"inla_spde_st",1,"count",16,12.6857527429508,12.471218206158
"mistletoe",11,"inla_spde_st",1,"count",13,12.6857527429508,12.471218206158
"mistletoe",11,"inla_spde_st",1,"count",16,12.5356400018707,12.471218206158
"mistletoe",11,"inla_spde_st",1,"count",10,12.2129445051147,12.471218206158
"mistletoe",11,"inla_spde_st",1,"count",10,9.6093431002503,12.471218206158
"mistletoe",11,"inla_spde_st",1,"count",9,8.8202385112396,12.471218206158
"mistletoe",11,"inla_spde_st",1,"count",8,9.1037611361582,12.471218206158
"mistletoe",11,"inla_spde_st",1,"count",4,9.1037611361582,12.471218206158
"mistletoe",11,"inla_spde_st",1,"count",1,7.68957175184528,12.471218206158
"mistletoe",11,"inla_spde_st",1,"count",1,7.68957175184528,12.471218206158
"mistletoe",11,"inla_spde_st",1,"count",5,10.8893557257429,12.471218206158
"mistletoe",11,"inla_spde_st",1,"count",6,10.367320961503,12.471218206158
"mistletoe",11,"inla_spde_st",1,"count",7,13.6324380984146,12.471218206158
"mistletoe",11,"inla_spde_st",1,"count",11,13.6324380984146,12.471218206158
"mistletoe",11,"inla_spde_st",1,"count",15,17.7991806839359,12.471218206158
"mistletoe",11,"inla_spde_st",1,"count",6,14.2133818668205,12.471218206158
"mistletoe",11,"inla_spde_st",1,"count",5,14.2133818668205,12.471218206158
"mistletoe",11,"inla_spde_st",1,"count",18,16.4463028828807,12.471218206158
"mistletoe",11,"inla_spde_st",1,"count",15,17.1326679384484,12.471218206158
"mistletoe",11,"inla_spde_st",1,"count",17,13.2898080875019,12.471218206158
"mistletoe",11,"inla_spde_st",1,"count",12,13.2898080875019,12.471218206158
"mistletoe",11,"inla_spde_st",1,"count",6,13.2898080875019,12.471218206158
"mistletoe",11,"inla_spde_st",1,"count",3,12.3055944443303,12.471218206158
"mistletoe",11,"inla_spde_st",1,"count",45,12.0783151520651,12.471218206158
"mistletoe",11,"inla_spde_st",1,"count",7,11.8264762899666,12.471218206158
"mistletoe",11,"inla_spde_st",1,"count",7,11.8264762899666,12.471218206158
"mistletoe",11,"inla_spde_st",1,"count",5,12.50988471152,12.471218206158
"mistletoe",11,"inla_spde_st",1,"count",6,12.50988471152,12.471218206158
"mistletoe",11,"inla_spde_st",1,"count",21,17.8020087371699,12.471218206158
"mistletoe",11,"inla_spde_st",1,"count",21,14.6933279745935,12.471218206158
"mistletoe",11,"inla_spde_st",1,"count",30,20.5799040992519,12.471218206158
"mistletoe",11,"inla_spde_st",1,"count",18,20.5799040992519,12.471218206158
"mistletoe",11,"inla_spde_st",1,"count",19,22.6098631996524,12.471218206158
"mistletoe",11,"inla_spde_st",1,"count",19,22.6098631996524,12.471218206158
"mistletoe",11,"inla_spde_st",1,"count",4,13.4367012786235,12.471218206158
"mistletoe",11,"inla_spde_st",1,"count",6,19.620989670045,12.471218206158
"mistletoe",11,"inla_spde_st",1,"count",20,19.620989670045,12.471218206158
"mistletoe",11,"inla_spde_st",1,"count",10,14.6189646259751,12.471218206158
"mistletoe",11,"inla_spde_st",1,"count",8,15.4748277233813,12.471218206158
"mistletoe",11,"inla_spde_st",1,"count",18,14.6933279745935,12.471218206158
"mistletoe",11,"inla_spde_st",1,"count",8,8.32272845474047,12.471218206158
"mistletoe",11,"inla_spde_st",1,"count",17,10.0086140028657,12.471218206158
"mistletoe",11,"inla_spde_st",1,"count",5,12.2279083150132,12.471218206158
"mistletoe",11,"inla_spde_st",1,"count",17,11.0441167348587,12.471218206158
"mistletoe",11,"inla_spde_st",1,"count",3,11.0441167348587,12.471218206158
"mistletoe",11,"inla_spde_st",1,"count",12,9.69929683912275,12.471218206158
"mistletoe",11,"inla_spde_st",1,"count",11,9.19676080678196,12.471218206158
"mistletoe",11,"inla_spde_st",1,"count",5,9.120625984733,12.471218206158
"mistletoe",11,"inla_spde_st",1,"count",6,14.7623845885385,12.471218206158
"mistletoe",11,"inla_spde_st",1,"count",10,18.3655777371952,12.471218206158
"mistletoe",11,"inla_spde_st",1,"count",12,24.4567167968873,12.471218206158
"mistletoe",11,"inla_spde_st",1,"count",30,24.4567167968873,12.471218206158
"mistletoe",11,"inla_spde_st",1,"count",3,12.0554284199647,12.471218206158
"mistletoe",11,"inla_spde_st",1,"count",10,12.0554284199647,12.471218206158
"mistletoe",11,"inla_spde_st",1,"count",0,14.6189646259751,12.471218206158
"mistletoe",11,"inla_spde_st",1,"count",6,9.6093431002503,12.471218206158
"mistletoe",11,"inla_spde_st",1,"count",7,15.4748277233813,12.471218206158
"mistletoe",11,"inla_spde_st",1,"count",5,17.8020087371699,12.471218206158
"mistletoe",11,"inla_spde_st",1,"count",6,10.367320961503,12.471218206158
"mistletoe",11,"inla_spde_st",1,"count",9,12.3055944443303,12.471218206158
"mistletoe",11,"inla_spde_st",1,"count",13,12.0783151520651,12.471218206158
"mistletoe",11,"inla_spde_st",1,"count",4,12.2279083150132,12.471218206158
"mistletoe",11,"inla_spde_st",2,"count",23,15.1672520232978,12.4169696969697
"mistletoe",11,"inla_spde_st",2,"count",8,9.1668201659939,12.4169696969697
"mistletoe",11,"inla_spde_st",2,"count",5,14.7853425117058,12.4169696969697
"mistletoe",11,"inla_spde_st",2,"count",8,10.9842172149551,12.4169696969697
"mistletoe",11,"inla_spde_st",2,"count",16,14.6536810514993,12.4169696969697
"mistletoe",11,"inla_spde_st",2,"count",8,12.6514016391485,12.4169696969697
"mistletoe",11,"inla_spde_st",2,"count",5,11.4312166984946,12.4169696969697
"mistletoe",11,"inla_spde_st",2,"count",13,12.5351635386849,12.4169696969697
"mistletoe",11,"inla_spde_st",2,"count",41,12.9381065816097,12.4169696969697
"mistletoe",11,"inla_spde_st",2,"count",3,12.2399275010937,12.4169696969697
"mistletoe",11,"inla_spde_st",2,"count",29,14.3740002254799,12.4169696969697
"mistletoe",11,"inla_spde_st",2,"count",10,16.7999181451936,12.4169696969697
"mistletoe",11,"inla_spde_st",2,"count",12,16.0343140903798,12.4169696969697
"mistletoe",11,"inla_spde_st",2,"count",14,18.4214973921077,12.4169696969697
"mistletoe",11,"inla_spde_st",2,"count",7,10.0806735552728,12.4169696969697
"mistletoe",11,"inla_spde_st",2,"count",5,12.6143335164755,12.4169696969697
"mistletoe",11,"inla_spde_st",2,"count",12,12.7269879444777,12.4169696969697
"mistletoe",11,"inla_spde_st",2,"count",24,14.1164478357415,12.4169696969697
"mistletoe",11,"inla_spde_st",2,"count",9,7.3010194174851,12.4169696969697
"mistletoe",11,"inla_spde_st",2,"count",14,13.1031163904355,12.4169696969697
"mistletoe",11,"inla_spde_st",2,"count",13,14.3337013132349,12.4169696969697
"mistletoe",11,"inla_spde_st",2,"count",17,15.3702131536061,12.4169696969697
"mistletoe",11,"inla_spde_st",2,"count",17,11.7613135979804,12.4169696969697
"mistletoe",11,"inla_spde_st",2,"count",13,14.1164478357415,12.4169696969697
"mistletoe",11,"inla_spde_st",2,"count",5,12.1228808559558,12.4169696969697
"mistletoe",11,"inla_spde_st",2,"count",12,14.237073726564,12.4169696969697
"mistletoe",11,"inla_spde_st",2,"count",16,11.4312166984946,12.4169696969697
"mistletoe",11,"inla_spde_st",2,"count",9,14.7853425117058,12.4169696969697
"mistletoe",11,"inla_spde_st",2,"count",10,11.2893906487008,12.4169696969697
"mistletoe",11,"inla_spde_st",2,"count",4,14.1164478357415,12.4169696969697
"mistletoe",11,"inla_spde_st",2,"count",8,11.7091411170749,12.4169696969697
"mistletoe",11,"inla_spde_st",2,"count",21,11.7091411170749,12.4169696969697
"mistletoe",11,"inla_spde_st",2,"count",7,11.603445775534,12.4169696969697
"mistletoe",11,"inla_spde_st",2,"count",4,11.603445775534,12.4169696969697
"mistletoe",11,"inla_spde_st",2,"count",5,11.782146420546,12.4169696969697
"mistletoe",11,"inla_spde_st",2,"count",5,11.782146420546,12.4169696969697
"mistletoe",11,"inla_spde_st",2,"count",15,12.9381065816097,12.4169696969697
"mistletoe",11,"inla_spde_st",2,"count",18,12.9381065816097,12.4169696969697
"mistletoe",11,"inla_spde_st",2,"count",13,12.9381065816097,12.4169696969697
"mistletoe",11,"inla_spde_st",2,"count",9,11.1551524599893,12.4169696969697
"mistletoe",11,"inla_spde_st",2,"count",5,11.1551524599893,12.4169696969697
"mistletoe",11,"inla_spde_st",2,"count",9,10.3090590787006,12.4169696969697
"mistletoe",11,"inla_spde_st",2,"count",10,10.3090590787006,12.4169696969697
"mistletoe",11,"inla_spde_st",2,"count",3,10.2158106496666,12.4169696969697
"mistletoe",11,"inla_spde_st",2,"count",5,10.2158106496666,12.4169696969697
"mistletoe",11,"inla_spde_st",2,"count",10,9.91553515895951,12.4169696969697
"mistletoe",11,"inla_spde_st",2,"count",8,9.91553515895951,12.4169696969697
"mistletoe",11,"inla_spde_st",2,"count",12,15.2119515837226,12.4169696969697
"mistletoe",11,"inla_spde_st",2,"count",19,15.2119515837226,12.4169696969697
"mistletoe",11,"inla_spde_st",2,"count",26,12.1228808559558,12.4169696969697
"mistletoe",11,"inla_spde_st",2,"count",13,12.1228808559558,12.4169696969697
"mistletoe",11,"inla_spde_st",2,"count",13,11.2108507705509,12.4169696969697
"mistletoe",11,"inla_spde_st",2,"count",24,11.2108507705509,12.4169696969697
"mistletoe",11,"inla_spde_st",2,"count",18,10.5680440997016,12.4169696969697
"mistletoe",11,"inla_spde_st",2,"count",11,10.5680440997016,12.4169696969697
"mistletoe",11,"inla_spde_st",2,"count",16,9.59761385776057,12.4169696969697
"mistletoe",11,"inla_spde_st",2,"count",15,9.59761385776057,12.4169696969697
"mistletoe",11,"inla_spde_st",2,"count",13,9.82027978104412,12.4169696969697
"mistletoe",11,"inla_spde_st",2,"count",7,9.76495455300515,12.4169696969697
"mistletoe",11,"inla_spde_st",2,"count",13,9.76495455300515,12.4169696969697
"mistletoe",11,"inla_spde_st",2,"count",8,12.2501064871264,12.4169696969697
"mistletoe",11,"inla_spde_st",2,"count",12,12.2501064871264,12.4169696969697
"mistletoe",11,"inla_spde_st",2,"count",3,7.3010194174851,12.4169696969697
"mistletoe",11,"inla_spde_st",2,"count",23,12.1720886208378,12.4169696969697
"mistletoe",11,"inla_spde_st",2,"count",8,12.1720886208378,12.4169696969697
"mistletoe",11,"inla_spde_st",2,"count",11,14.3337013132349,12.4169696969697
"mistletoe",11,"inla_spde_st",2,"count",7,9.9873154523197,12.4169696969697
"mistletoe",11,"inla_spde_st",2,"count",8,9.9873154523197,12.4169696969697
"mistletoe",11,"inla_spde_st",2,"count",10,14.3740002254799,12.4169696969697
"mistletoe",11,"inla_spde_st",2,"count",18,14.2981608693314,12.4169696969697
"mistletoe",11,"inla_spde_st",2,"count",10,14.2981608693314,12.4169696969697
"mistletoe",11,"inla_spde_st",2,"count",18,16.7999181451936,12.4169696969697
"mistletoe",11,"inla_spde_st",2,"count",13,11.7613135979804,12.4169696969697
"mistletoe",11,"inla_spde_st",2,"count",16,14.6536810514993,12.4169696969697
"mistletoe",11,"inla_spde_st",2,"count",10,13.8657962040154,12.4169696969697
"mistletoe",11,"inla_spde_st",2,"count",10,13.7969548566054,12.4169696969697
"mistletoe",11,"inla_spde_st",2,"count",13,13.7969548566054,12.4169696969697
"mistletoe",11,"inla_spde_st",2,"count",7,16.0343140903798,12.4169696969697
"mistletoe",11,"inla_spde_st",2,"count",4,11.5561817326482,12.4169696969697
"mistletoe",11,"inla_spde_st",2,"count",5,11.5561817326482,12.4169696969697
"mistletoe",11,"inla_spde_st",2,"count",34,15.424345982903,12.4169696969697
"mistletoe",11,"inla_spde_st",2,"count",22,15.3502566168127,12.4169696969697
"mistletoe",11,"inla_spde_st",2,"count",34,15.3502566168127,12.4169696969697
"mistletoe",11,"inla_spde_st",2,"count",18,18.4214973921077,12.4169696969697
"mistletoe",11,"inla_spde_st",2,"count",8,12.2540746288423,12.4169696969697
"mistletoe",11,"inla_spde_st",2,"count",7,12.2540746288423,12.4169696969697
"mistletoe",11,"inla_spde_st",2,"count",10,10.0806735552728,12.4169696969697
"mistletoe",11,"inla_spde_st",2,"count",7,10.0681692205049,12.4169696969697
"mistletoe",11,"inla_spde_st",2,"count",3,10.0681692205049,12.4169696969697
"mistletoe",11,"inla_spde_st",2,"count",7,11.5241977876101,12.4169696969697
"mistletoe",11,"inla_spde_st",2,"count",6,11.5241977876101,12.4169696969697
"mistletoe",11,"inla_spde_st",2,"count",3,12.2433575896447,12.4169696969697
"mistletoe",11,"inla_spde_st",2,"count",0,12.2433575896447,12.4169696969697
"mistletoe",11,"inla_spde_st",2,"count",10,11.800366005818,12.4169696969697
"mistletoe",11,"inla_spde_st",2,"count",12,11.800366005818,12.4169696969697
"mistletoe",11,"inla_spde_st",2,"count",12,11.7140084541876,12.4169696969697
"mistletoe",11,"inla_spde_st",2,"count",3,11.7140084541876,12.4169696969697
"mistletoe",11,"inla_spde_st",2,"count",2,12.6143335164755,12.4169696969697
"mistletoe",11,"inla_spde_st",2,"count",11,12.5241909804158,12.4169696969697
"mistletoe",11,"inla_spde_st",2,"count",16,12.5241909804158,12.4169696969697
"mistletoe",11,"inla_spde_st",2,"count",12,13.3442150270834,12.4169696969697
"mistletoe",11,"inla_spde_st",2,"count",8,13.3442150270834,12.4169696969697
"mistletoe",11,"inla_spde_st",2,"count",7,12.7269879444777,12.4169696969697
"mistletoe",11,"inla_spde_st",2,"count",11,12.8932749148168,12.4169696969697
"mistletoe",11,"inla_spde_st",2,"count",18,12.8932749148168,12.4169696969697
"mistletoe",11,"inla_spde_st",2,"count",6,14.237073726564,12.4169696969697
"mistletoe",11,"inla_spde_st",2,"count",9,14.0341462240713,12.4169696969697
"mistletoe",11,"inla_spde_st",2,"count",11,14.0341462240713,12.4169696969697
"mistletoe",11,"inla_spde_st",2,"count",13,12.3863360311707,12.4169696969697
"mistletoe",11,"inla_spde_st",2,"count",15,12.3863360311707,12.4169696969697
"mistletoe",11,"inla_spde_st",2,"count",9,12.5351635386849,12.4169696969697
"mistletoe",11,"inla_spde_st",2,"count",13,11.6192284273021,12.4169696969697
"mistletoe",11,"inla_spde_st",2,"count",6,11.6192284273021,12.4169696969697
"mistletoe",11,"inla_spde_st",2,"count",0,11.810803847212,12.4169696969697
"mistletoe",11,"inla_spde_st",2,"count",12,11.810803847212,12.4169696969697
"mistletoe",11,"inla_spde_st",2,"count",2,12.005130637591,12.4169696969697
"mistletoe",11,"inla_spde_st",2,"count",7,12.005130637591,12.4169696969697
"mistletoe",11,"inla_spde_st",2,"count",8,10.9596601957524,12.4169696969697
"mistletoe",11,"inla_spde_st",2,"count",8,16.6167182930591,12.4169696969697
"mistletoe",11,"inla_spde_st",2,"count",10,16.6167182930591,12.4169696969697
"mistletoe",11,"inla_spde_st",2,"count",4,9.1668201659939,12.4169696969697
"mistletoe",11,"inla_spde_st",2,"count",6,9.89524366927752,12.4169696969697
"mistletoe",11,"inla_spde_st",2,"count",11,15.1672520232978,12.4169696969697
"mistletoe",11,"inla_spde_st",2,"count",4,10.5493186004266,12.4169696969697
"mistletoe",11,"inla_spde_st",2,"count",6,16.2526476814011,12.4169696969697
"mistletoe",11,"inla_spde_st",2,"count",4,16.2526476814011,12.4169696969697
"mistletoe",11,"inla_spde_st",2,"count",3,8.76576849503413,12.4169696969697
"mistletoe",11,"inla_spde_st",2,"count",8,8.76576849503413,12.4169696969697
"mistletoe",11,"inla_spde_st",2,"count",5,9.48586772611044,12.4169696969697
"mistletoe",11,"inla_spde_st",2,"count",0,11.3650162627066,12.4169696969697
"mistletoe",11,"inla_spde_st",2,"count",3,14.4499988653942,12.4169696969697
"mistletoe",11,"inla_spde_st",2,"count",5,14.004497169384,12.4169696969697
"mistletoe",11,"inla_spde_st",2,"count",7,14.2921709303747,12.4169696969697
"mistletoe",11,"inla_spde_st",2,"count",6,14.2921709303747,12.4169696969697
"mistletoe",11,"inla_spde_st",2,"count",0,14.3854133446293,12.4169696969697
"mistletoe",11,"inla_spde_st",2,"count",4,14.3854133446293,12.4169696969697
"mistletoe",11,"inla_spde_st",2,"count",7,14.585274469652,12.4169696969697
"mistletoe",11,"inla_spde_st",2,"count",0,14.585274469652,12.4169696969697
"mistletoe",11,"inla_spde_st",2,"count",14,11.3345040386831,12.4169696969697
"mistletoe",11,"inla_spde_st",2,"count",0,10.9725788903313,12.4169696969697
"mistletoe",11,"inla_spde_st",2,"count",5,11.438668584711,12.4169696969697
"mistletoe",11,"inla_spde_st",2,"count",21,11.2893906487008,12.4169696969697
"mistletoe",11,"inla_spde_st",2,"count",20,11.2893906487008,12.4169696969697
"mistletoe",11,"inla_spde_st",2,"count",16,11.3650162627066,12.4169696969697
"mistletoe",11,"inla_spde_st",2,"count",31,11.2025512391784,12.4169696969697
"mistletoe",11,"inla_spde_st",2,"count",8,11.4465102312919,12.4169696969697
"mistletoe",11,"inla_spde_st",2,"count",11,11.0621351736395,12.4169696969697
"mistletoe",11,"inla_spde_st",2,"count",13,11.5607200704949,12.4169696969697
"mistletoe",11,"inla_spde_st",2,"count",7,11.5607200704949,12.4169696969697
"mistletoe",11,"inla_spde_st",2,"count",16,11.2025512391784,12.4169696969697
"mistletoe",11,"inla_spde_st",2,"count",0,11.2728736927146,12.4169696969697
"mistletoe",11,"inla_spde_st",2,"count",11,11.2728736927146,12.4169696969697
"mistletoe",11,"inla_spde_st",2,"count",19,11.438668584711,12.4169696969697
"mistletoe",11,"inla_spde_st",3,"count",20,7.57909320810413,11.745247148289
"mistletoe",11,"inla_spde_st",3,"count",80,13.3562766502245,11.745247148289
"mistletoe",11,"inla_spde_st",3,"count",13,14.8360172041365,11.745247148289
"mistletoe",11,"inla_spde_st",3,"count",13,14.8360172041365,11.745247148289
"mistletoe",11,"inla_spde_st",3,"count",35,9.11378637315975,11.745247148289
"mistletoe",11,"inla_spde_st",3,"count",4,12.4087272804712,11.745247148289
"mistletoe",11,"inla_spde_st",3,"count",17,17.8677513140863,11.745247148289
"mistletoe",11,"inla_spde_st",3,"count",20,20.5039397421989,11.745247148289
"mistletoe",11,"inla_spde_st",3,"count",13,11.3066671551327,11.745247148289
"mistletoe",11,"inla_spde_st",3,"count",45,13.8105405723216,11.745247148289
"mistletoe",11,"inla_spde_st",3,"count",3,14.3520680085588,11.745247148289
"mistletoe",11,"inla_spde_st",3,"count",8,11.2808036425305,11.745247148289
"mistletoe",11,"inla_spde_st",3,"count",21,11.3204539378274,11.745247148289
"mistletoe",11,"inla_spde_st",3,"count",12,10.3205505552774,11.745247148289
"mistletoe",11,"inla_spde_st",3,"count",13,13.3562766502245,11.745247148289
"mistletoe",11,"inla_spde_st",3,"count",23,9.16350983355271,11.745247148289
"mistletoe",11,"inla_spde_st",3,"count",32,13.7224856221451,11.745247148289
"mistletoe",11,"inla_spde_st",3,"count",16,17.9940927993008,11.745247148289
"mistletoe",11,"inla_spde_st",3,"count",12,17.9940927993008,11.745247148289
"mistletoe",11,"inla_spde_st",3,"count",14,13.3081487185349,11.745247148289
"mistletoe",11,"inla_spde_st",3,"count",11,18.2598002840506,11.745247148289
"mistletoe",11,"inla_spde_st",3,"count",47,11.0023117277979,11.745247148289
"mistletoe",11,"inla_spde_st",3,"count",30,12.5945784102233,11.745247148289
"mistletoe",11,"inla_spde_st",3,"count",10,12.5945784102233,11.745247148289
"mistletoe",11,"inla_spde_st",3,"count",14,14.3520680085588,11.745247148289
"mistletoe",11,"inla_spde_st",3,"count",8,11.5051900526741,11.745247148289
"mistletoe",11,"inla_spde_st",3,"count",15,7.35568234802017,11.745247148289
"mistletoe",11,"inla_spde_st",3,"count",9,10.3205505552774,11.745247148289
"mistletoe",11,"inla_spde_st",3,"count",2,10.3925325376234,11.745247148289
"mistletoe",11,"inla_spde_st",3,"count",24,11.0023117277979,11.745247148289
"mistletoe",11,"inla_spde_st",3,"count",9,11.9641071497162,11.745247148289
"mistletoe",11,"inla_spde_st",3,"count",9,9.93599084798074,11.745247148289
"mistletoe",11,"inla_spde_st",3,"count",53,12.9393255037801,11.745247148289
"mistletoe",11,"inla_spde_st",3,"count",4,10.3726211861548,11.745247148289
"mistletoe",11,"inla_spde_st",3,"count",15,15.3759445970664,11.745247148289
"mistletoe",11,"inla_spde_st",3,"count",8,10.5047343344296,11.745247148289
"mistletoe",11,"inla_spde_st",3,"count",2,16.2900796017473,11.745247148289
"mistletoe",11,"inla_spde_st",3,"count",7,11.2987374431812,11.745247148289
"mistletoe",11,"inla_spde_st",3,"count",10,10.3726211861548,11.745247148289
"mistletoe",11,"inla_spde_st",3,"count",11,10.3925325376234,11.745247148289
"mistletoe",11,"inla_spde_st",3,"count",28,13.1825028764714,11.745247148289
"mistletoe",11,"inla_spde_st",3,"count",28,13.1825028764714,11.745247148289
"mistletoe",11,"inla_spde_st",3,"count",15,14.7421927445289,11.745247148289
"mistletoe",11,"inla_spde_st",3,"count",28,14.4462958271643,11.745247148289
"mistletoe",11,"inla_spde_st",3,"count",17,9.06437817673102,11.745247148289
"mistletoe",11,"inla_spde_st",3,"count",21,18.0065585665016,11.745247148289
"mistletoe",11,"inla_spde_st",3,"count",12,14.0851398484081,11.745247148289
"mistletoe",11,"inla_spde_st",3,"count",5,11.0308137711636,11.745247148289
"mistletoe",11,"inla_spde_st",3,"count",14,8.8445925954748,11.745247148289
"mistletoe",11,"inla_spde_st",3,"count",13,7.57909320810413,11.745247148289
"mistletoe",11,"inla_spde_st",3,"count",16,14.3383016050407,11.745247148289
"mistletoe",11,"inla_spde_st",3,"count",9,11.3204539378274,11.745247148289
"mistletoe",11,"inla_spde_st",3,"count",5,7.49825865370424,11.745247148289
"mistletoe",11,"inla_spde_st",3,"count",18,7.85650510741165,11.745247148289
"mistletoe",11,"inla_spde_st",3,"count",24,8.83953340212924,11.745247148289
"mistletoe",11,"inla_spde_st",3,"count",4,14.4462958271643,11.745247148289
"mistletoe",11,"inla_spde_st",3,"count",56,20.5039397421989,11.745247148289
"mistletoe",11,"inla_spde_st",3,"count",3,15.3759445970664,11.745247148289
"mistletoe",11,"inla_spde_st",3,"count",10,11.2987374431812,11.745247148289
"mistletoe",11,"inla_spde_st",3,"count",3,14.7421927445289,11.745247148289
"mistletoe",11,"inla_spde_st",3,"count",12,11.5051900526741,11.745247148289
"mistletoe",11,"inla_spde_st",3,"count",7,9.21883557916811,11.745247148289
"mistletoe",11,"inla_spde_st",3,"count",1,7.46240764292089,11.745247148289
"mistletoe",11,"inla_spde_st",3,"count",6,7.46240764292089,11.745247148289
"mistletoe",11,"inla_spde_st",3,"count",10,18.3107184502015,11.745247148289
"mistletoe",11,"inla_spde_st",3,"count",12,18.3107184502015,11.745247148289
"mistletoe",11,"inla_spde_st",3,"count",2,14.4462958271643,11.745247148289
"mistletoe",11,"inla_spde_st",3,"count",9,11.3066671551327,11.745247148289
"mistletoe",11,"inla_spde_st",3,"count",20,9.06437817673102,11.745247148289
"mistletoe",11,"inla_spde_st",3,"count",15,7.35568234802017,11.745247148289
"mistletoe",11,"inla_spde_st",3,"count",7,18.0065585665016,11.745247148289
"mistletoe",11,"inla_spde_st",3,"count",1,14.0851398484081,11.745247148289
"mistletoe",11,"inla_spde_st",3,"count",8,11.0308137711636,11.745247148289
"mistletoe",11,"inla_spde_st",3,"count",14,8.8445925954748,11.745247148289
"mistletoe",11,"inla_spde_st",3,"count",4,7.1790751677068,11.745247148289
"mistletoe",11,"inla_spde_st",3,"count",9,17.5645557151807,11.745247148289
"mistletoe",11,"inla_spde_st",3,"count",8,17.5645557151807,11.745247148289
"mistletoe",11,"inla_spde_st",3,"count",6,16.2900796017473,11.745247148289
"mistletoe",11,"inla_spde_st",3,"count",11,21.2875360059789,11.745247148289
"mistletoe",11,"inla_spde_st",3,"count",26,21.8727493171977,11.745247148289
"mistletoe",11,"inla_spde_st",3,"count",9,21.8727493171977,11.745247148289
"mistletoe",11,"inla_spde_st",3,"count",7,13.0069981382176,11.745247148289
"mistletoe",11,"inla_spde_st",3,"count",10,13.0069981382176,11.745247148289
"mistletoe",11,"inla_spde_st",3,"count",11,9.11378637315975,11.745247148289
"mistletoe",11,"inla_spde_st",3,"count",4,11.9641071497162,11.745247148289
"mistletoe",11,"inla_spde_st",3,"count",5,9.93599084798074,11.745247148289
"mistletoe",11,"inla_spde_st",3,"count",11,10.0465364967429,11.745247148289
"mistletoe",11,"inla_spde_st",3,"count",8,10.0465364967429,11.745247148289
"mistletoe",11,"inla_spde_st",3,"count",17,12.9393255037801,11.745247148289
"mistletoe",11,"inla_spde_st",3,"count",5,11.0045838261173,11.745247148289
"mistletoe",11,"inla_spde_st",3,"count",11,11.0045838261173,11.745247148289
"mistletoe",11,"inla_spde_st",3,"count",6,12.0442411917552,11.745247148289
"mistletoe",11,"inla_spde_st",3,"count",14,12.0442411917552,11.745247148289
"mistletoe",11,"inla_spde_st",3,"count",9,10.6906464352873,11.745247148289
"mistletoe",11,"inla_spde_st",3,"count",8,10.6906464352873,11.745247148289
"mistletoe",11,"inla_spde_st",3,"count",12,15.8392533952889,11.745247148289
"mistletoe",11,"inla_spde_st",3,"count",12,14.3982424400784,11.745247148289
"mistletoe",11,"inla_spde_st",3,"count",10,11.6428612363709,11.745247148289
"mistletoe",11,"inla_spde_st",3,"count",9,11.6428612363709,11.745247148289
"mistletoe",11,"inla_spde_st",3,"count",6,9.16350983355271,11.745247148289
"mistletoe",11,"inla_spde_st",3,"count",4,9.79868093269585,11.745247148289
"mistletoe",11,"inla_spde_st",3,"count",3,9.79868093269585,11.745247148289
"mistletoe",11,"inla_spde_st",3,"count",14,15.3759445970664,11.745247148289
"mistletoe",11,"inla_spde_st",3,"count",7,13.3081487185349,11.745247148289
"mistletoe",11,"inla_spde_st",3,"count",6,13.8647596733006,11.745247148289
"mistletoe",11,"inla_spde_st",3,"count",7,13.8647596733006,11.745247148289
"mistletoe",11,"inla_spde_st",3,"count",7,11.9076947653431,11.745247148289
"mistletoe",11,"inla_spde_st",3,"count",5,11.9076947653431,11.745247148289
"mistletoe",11,"inla_spde_st",3,"count",4,12.1113250812637,11.745247148289
"mistletoe",11,"inla_spde_st",3,"count",13,12.1113250812637,11.745247148289
"mistletoe",11,"inla_spde_st",3,"count",6,12.9385400460498,11.745247148289
"mistletoe",11,"inla_spde_st",3,"count",7,12.9385400460498,11.745247148289
"mistletoe",11,"inla_spde_st",3,"count",14,11.0943418061352,11.745247148289
"mistletoe",11,"inla_spde_st",3,"count",12,11.0943418061352,11.745247148289
"mistletoe",11,"inla_spde_st",3,"count",7,11.2893373840096,11.745247148289
"mistletoe",11,"inla_spde_st",3,"count",12,11.2893373840096,11.745247148289
"mistletoe",11,"inla_spde_st",3,"count",5,12.4101348592857,11.745247148289
"mistletoe",11,"inla_spde_st",3,"count",8,12.4101348592857,11.745247148289
"mistletoe",11,"inla_spde_st",3,"count",6,10.6498878709018,11.745247148289
"mistletoe",11,"inla_spde_st",3,"count",5,10.6498878709018,11.745247148289
"mistletoe",11,"inla_spde_st",3,"count",5,10.840103523599,11.745247148289
"mistletoe",11,"inla_spde_st",3,"count",3,10.840103523599,11.745247148289
"mistletoe",11,"inla_spde_st",3,"count",13,9.64559741299442,11.745247148289
"mistletoe",11,"inla_spde_st",3,"count",4,9.64559741299442,11.745247148289
"mistletoe",11,"inla_spde_st",3,"count",11,13.7224856221451,11.745247148289
"mistletoe",11,"inla_spde_st",3,"count",11,10.5038989343102,11.745247148289
"mistletoe",11,"inla_spde_st",3,"count",10,8.59701282138203,11.745247148289
"mistletoe",11,"inla_spde_st",3,"count",2,13.604658970543,11.745247148289
"mistletoe",11,"inla_spde_st",3,"count",8,12.2546910491197,11.745247148289
"mistletoe",11,"inla_spde_st",3,"count",10,12.2546910491197,11.745247148289
"mistletoe",11,"inla_spde_st",3,"count",2,9.34219070806493,11.745247148289
"mistletoe",11,"inla_spde_st",3,"count",5,14.3383016050407,11.745247148289
"mistletoe",11,"inla_spde_st",3,"count",9,9.08175453810159,11.745247148289
"mistletoe",11,"inla_spde_st",3,"count",15,9.08175453810159,11.745247148289
"mistletoe",11,"inla_spde_st",3,"count",8,7.49825865370424,11.745247148289
"mistletoe",11,"inla_spde_st",3,"count",9,18.2598002840506,11.745247148289
"mistletoe",11,"inla_spde_st",3,"count",12,14.9281712094289,11.745247148289
"mistletoe",11,"inla_spde_st",3,"count",10,11.8134052934765,11.745247148289
"mistletoe",11,"inla_spde_st",3,"count",13,9.48060712244262,11.745247148289
"mistletoe",11,"inla_spde_st",3,"count",22,9.48060712244262,11.745247148289
"mistletoe",11,"inla_spde_st",3,"count",10,7.85650510741165,11.745247148289
"mistletoe",11,"inla_spde_st",3,"count",17,19.0965022950962,11.745247148289
"mistletoe",11,"inla_spde_st",3,"count",15,19.0965022950962,11.745247148289
"mistletoe",11,"inla_spde_st",3,"count",9,13.8105405723216,11.745247148289
"mistletoe",11,"inla_spde_st",3,"count",9,8.83953340212924,11.745247148289
"mistletoe",11,"inla_spde_st",3,"count",8,7.38819137318043,11.745247148289
"mistletoe",11,"inla_spde_st",3,"count",10,7.38819137318043,11.745247148289
"mistletoe",11,"inla_spde_st",3,"count",12,17.8677513140863,11.745247148289
"mistletoe",11,"inla_spde_st",3,"count",26,13.0293552352081,11.745247148289
"mistletoe",11,"inla_spde_st",3,"count",26,13.0293552352081,11.745247148289
"mistletoe",11,"inla_spde_st",3,"count",12,13.7979313741785,11.745247148289
"mistletoe",11,"inla_spde_st",3,"count",4,10.7035162299035,11.745247148289
"mistletoe",11,"inla_spde_st",3,"count",4,8.57035761782298,11.745247148289
"mistletoe",11,"inla_spde_st",3,"count",14,8.57035761782298,11.745247148289
"mistletoe",11,"inla_spde_st",3,"count",4,6.8200549884043,11.745247148289
"mistletoe",11,"inla_spde_st",3,"count",9,6.8200549884043,11.745247148289
"mistletoe",11,"inla_spde_st",3,"count",5,16.7691429411585,11.745247148289
"mistletoe",11,"inla_spde_st",3,"count",6,16.7691429411585,11.745247148289
"mistletoe",11,"inla_spde_st",3,"count",15,19.0292268949479,11.745247148289
"mistletoe",11,"inla_spde_st",3,"count",21,19.0292268949479,11.745247148289
"mistletoe",11,"inla_spde_st",3,"count",39,21.859129730597,11.745247148289
"mistletoe",11,"inla_spde_st",3,"count",58,29.1980519095317,11.745247148289
"mistletoe",11,"inla_spde_st",3,"count",18,21.3808461062033,11.745247148289
"mistletoe",11,"inla_spde_st",3,"count",21,25.4064778740285,11.745247148289
"mistletoe",11,"inla_spde_st",3,"count",49,28.651614673973,11.745247148289
"mistletoe",11,"inla_spde_st",3,"count",16,25.9443554033403,11.745247148289
"mistletoe",11,"inla_spde_st",3,"count",18,22.716274492162,11.745247148289
"mistletoe",11,"inla_spde_st",3,"count",17,22.716274492162,11.745247148289
"mistletoe",11,"inla_spde_st",3,"count",27,22.6913783054316,11.745247148289
"mistletoe",11,"inla_spde_st",3,"count",14,14.1115017180643,11.745247148289
"mistletoe",11,"inla_spde_st",3,"count",11,28.651614673973,11.745247148289
"mistletoe",11,"inla_spde_st",3,"count",31,17.9554655304126,11.745247148289
"mistletoe",11,"inla_spde_st",3,"count",24,18.3081909465908,11.745247148289
"mistletoe",11,"inla_spde_st",3,"count",20,21.1457291809035,11.745247148289
"mistletoe",11,"inla_spde_st",3,"count",20,21.1457291809035,11.745247148289
"mistletoe",11,"inla_spde_st",3,"count",18,7.1790751677068,11.745247148289
"mistletoe",11,"inla_spde_st",3,"count",8,12.0445455143625,11.745247148289
"mistletoe",11,"inla_spde_st",3,"count",21,12.0445455143625,11.745247148289
"mistletoe",11,"inla_spde_st",3,"count",12,22.6913783054316,11.745247148289
"mistletoe",11,"inla_spde_st",3,"count",13,14.1115017180643,11.745247148289
"mistletoe",11,"inla_spde_st",3,"count",19,15.8392533952889,11.745247148289
"mistletoe",11,"inla_spde_st",3,"count",13,11.9111713232472,11.745247148289
"mistletoe",11,"inla_spde_st",3,"count",16,14.0398883881847,11.745247148289
"mistletoe",11,"inla_spde_st",3,"count",23,17.9554655304126,11.745247148289
"mistletoe",11,"inla_spde_st",3,"count",15,14.3407269924572,11.745247148289
"mistletoe",11,"inla_spde_st",3,"count",18,29.1980519095317,11.745247148289
"mistletoe",11,"inla_spde_st",3,"count",29,18.3081909465908,11.745247148289
"mistletoe",11,"inla_spde_st",3,"count",32,20.3390662721054,11.745247148289
"mistletoe",11,"inla_spde_st",3,"count",10,11.9111713232472,11.745247148289
"mistletoe",11,"inla_spde_st",4,"count",17,10.1280364568132,11.931884057971
"mistletoe",11,"inla_spde_st",4,"count",76,11.1098049897175,11.931884057971
"mistletoe",11,"inla_spde_st",4,"count",42,10.9269069073373,11.931884057971
"mistletoe",11,"inla_spde_st",4,"count",48,15.7211797752932,11.931884057971
"mistletoe",11,"inla_spde_st",4,"count",29,12.5644014997288,11.931884057971
"mistletoe",11,"inla_spde_st",4,"count",29,11.2167505807204,11.931884057971
"mistletoe",11,"inla_spde_st",4,"count",6,12.1973352777513,11.931884057971
"mistletoe",11,"inla_spde_st",4,"count",14,11.1098049897175,11.931884057971
"mistletoe",11,"inla_spde_st",4,"count",17,13.5700283978277,11.931884057971
"mistletoe",11,"inla_spde_st",4,"count",14,9.79003283193254,11.931884057971
"mistletoe",11,"inla_spde_st",4,"count",15,6.43656610147122,11.931884057971
"mistletoe",11,"inla_spde_st",4,"count",12,10.0998143089264,11.931884057971
"mistletoe",11,"inla_spde_st",4,"count",17,9.72313790833176,11.931884057971
"mistletoe",11,"inla_spde_st",4,"count",11,11.6668074816863,11.931884057971
"mistletoe",11,"inla_spde_st",4,"count",31,12.7308814968325,11.931884057971
"mistletoe",11,"inla_spde_st",4,"count",14,12.7308814968325,11.931884057971
"mistletoe",11,"inla_spde_st",4,"count",14,14.8447605370318,11.931884057971
"mistletoe",11,"inla_spde_st",4,"count",6,11.3269151508438,11.931884057971
"mistletoe",11,"inla_spde_st",4,"count",10,10.2046477300726,11.931884057971
"mistletoe",11,"inla_spde_st",4,"count",12,9.98498636885125,11.931884057971
"mistletoe",11,"inla_spde_st",4,"count",27,9.70343872153596,11.931884057971
"mistletoe",11,"inla_spde_st",4,"count",0,9.85882528190612,11.931884057971
"mistletoe",11,"inla_spde_st",4,"count",27,16.1378509359396,11.931884057971
"mistletoe",11,"inla_spde_st",4,"count",23,12.7515477718195,11.931884057971
"mistletoe",11,"inla_spde_st",4,"count",24,13.2810662978389,11.931884057971
"mistletoe",11,"inla_spde_st",4,"count",4,10.9853487666448,11.931884057971
"mistletoe",11,"inla_spde_st",4,"count",11,10.9853487666448,11.931884057971
"mistletoe",11,"inla_spde_st",4,"count",5,10.9061485403782,11.931884057971
"mistletoe",11,"inla_spde_st",4,"count",13,9.70343872153596,11.931884057971
"mistletoe",11,"inla_spde_st",4,"count",11,11.6632206841337,11.931884057971
"mistletoe",11,"inla_spde_st",4,"count",12,12.3818692545271,11.931884057971
"mistletoe",11,"inla_spde_st",4,"count",18,12.5644014997288,11.931884057971
"mistletoe",11,"inla_spde_st",4,"count",18,12.5644014997288,11.931884057971
"mistletoe",11,"inla_spde_st",4,"count",33,11.971939140932,11.931884057971
"mistletoe",11,"inla_spde_st",4,"count",12,8.33685533486869,11.931884057971
"mistletoe",11,"inla_spde_st",4,"count",2,9.97352564071082,11.931884057971
"mistletoe",11,"inla_spde_st",4,"count",6,11.4247153009307,11.931884057971
"mistletoe",11,"inla_spde_st",4,"count",54,14.8447605370318,11.931884057971
"mistletoe",11,"inla_spde_st",4,"count",1,11.9377963950853,11.931884057971
"mistletoe",11,"inla_spde_st",4,"count",19,14.3085737774772,11.931884057971
"mistletoe",11,"inla_spde_st",4,"count",49,15.7211797752932,11.931884057971
"mistletoe",11,"inla_spde_st",4,"count",12,11.2167505807204,11.931884057971
"mistletoe",11,"inla_spde_st",4,"count",10,13.2855331481757,11.931884057971
"mistletoe",11,"inla_spde_st",4,"count",9,12.7515477718195,11.931884057971
"mistletoe",11,"inla_spde_st",4,"count",19,12.0306490165278,11.931884057971
"mistletoe",11,"inla_spde_st",4,"count",5,10.2596517144564,11.931884057971
"mistletoe",11,"inla_spde_st",4,"count",14,8.47106598418912,11.931884057971
"mistletoe",11,"inla_spde_st",4,"count",6,9.37657850186718,11.931884057971
"mistletoe",11,"inla_spde_st",4,"count",6,9.47035568293867,11.931884057971
"mistletoe",11,"inla_spde_st",4,"count",8,8.45989154436275,11.931884057971
"mistletoe",11,"inla_spde_st",4,"count",12,6.45137356664299,11.931884057971
"mistletoe",11,"inla_spde_st",4,"count",20,7.04398579050339,11.931884057971
"mistletoe",11,"inla_spde_st",4,"count",12,8.65002124203087,11.931884057971
"mistletoe",11,"inla_spde_st",4,"count",7,8.72304025103949,11.931884057971
"mistletoe",11,"inla_spde_st",4,"count",16,9.27717756774865,11.931884057971
"mistletoe",11,"inla_spde_st",4,"count",14,9.06693644078078,11.931884057971
"mistletoe",11,"inla_spde_st",4,"count",14,9.77974348662258,11.931884057971
"mistletoe",11,"inla_spde_st",4,"count",7,9.48350913631712,11.931884057971
"mistletoe",11,"inla_spde_st",4,"count",9,9.38997870855622,11.931884057971
"mistletoe",11,"inla_spde_st",4,"count",12,9.46009392342512,11.931884057971
"mistletoe",11,"inla_spde_st",4,"count",8,8.3864852179143,11.931884057971
"mistletoe",11,"inla_spde_st",4,"count",7,8.44588003587529,11.931884057971
"mistletoe",11,"inla_spde_st",4,"count",12,8.17103258463275,11.931884057971
"mistletoe",11,"inla_spde_st",4,"count",5,6.43656610147122,11.931884057971
"mistletoe",11,"inla_spde_st",4,"count",9,6.51036139538663,11.931884057971
"mistletoe",11,"inla_spde_st",4,"count",3,6.4955692572685,11.931884057971
"mistletoe",11,"inla_spde_st",4,"count",18,6.27998643508131,11.931884057971
"mistletoe",11,"inla_spde_st",4,"count",7,10.3979475834576,11.931884057971
"mistletoe",11,"inla_spde_st",4,"count",7,10.0998143089264,11.931884057971
"mistletoe",11,"inla_spde_st",4,"count",14,10.0130151144241,11.931884057971
"mistletoe",11,"inla_spde_st",4,"count",5,10.0130151144241,11.931884057971
"mistletoe",11,"inla_spde_st",4,"count",19,10.2596517144564,11.931884057971
"mistletoe",11,"inla_spde_st",4,"count",6,10.4254791282987,11.931884057971
"mistletoe",11,"inla_spde_st",4,"count",7,10.3127102027603,11.931884057971
"mistletoe",11,"inla_spde_st",4,"count",8,11.5146372507927,11.931884057971
"mistletoe",11,"inla_spde_st",4,"count",11,11.0050957032837,11.931884057971
"mistletoe",11,"inla_spde_st",4,"count",12,11.0050957032837,11.931884057971
"mistletoe",11,"inla_spde_st",4,"count",6,9.98498636885125,11.931884057971
"mistletoe",11,"inla_spde_st",4,"count",15,9.72313790833176,11.931884057971
"mistletoe",11,"inla_spde_st",4,"count",2,9.68426239231702,11.931884057971
"mistletoe",11,"inla_spde_st",4,"count",3,9.68426239231702,11.931884057971
"mistletoe",11,"inla_spde_st",4,"count",11,9.88151049916404,11.931884057971
"mistletoe",11,"inla_spde_st",4,"count",13,9.88151049916404,11.931884057971
"mistletoe",11,"inla_spde_st",4,"count",3,7.93760073026232,11.931884057971
"mistletoe",11,"inla_spde_st",4,"count",0,7.93760073026232,11.931884057971
"mistletoe",11,"inla_spde_st",4,"count",2,7.93760073026232,11.931884057971
"mistletoe",11,"inla_spde_st",4,"count",16,12.5212577694523,11.931884057971
"mistletoe",11,"inla_spde_st",4,"count",14,12.5212577694523,11.931884057971
"mistletoe",11,"inla_spde_st",4,"count",5,13.5700283978277,11.931884057971
"mistletoe",11,"inla_spde_st",4,"count",13,9.09585562299409,11.931884057971
"mistletoe",11,"inla_spde_st",4,"count",15,9.09585562299409,11.931884057971
"mistletoe",11,"inla_spde_st",4,"count",2,7.47550867257549,11.931884057971
"mistletoe",11,"inla_spde_st",4,"count",9,7.47550867257549,11.931884057971
"mistletoe",11,"inla_spde_st",4,"count",0,7.47550867257549,11.931884057971
"mistletoe",11,"inla_spde_st",4,"count",2,8.59919319503021,11.931884057971
"mistletoe",11,"inla_spde_st",4,"count",8,8.59919319503021,11.931884057971
"mistletoe",11,"inla_spde_st",4,"count",11,8.90535798612602,11.931884057971
"mistletoe",11,"inla_spde_st",4,"count",10,8.90535798612602,11.931884057971
"mistletoe",11,"inla_spde_st",4,"count",3,8.90535798612602,11.931884057971
"mistletoe",11,"inla_spde_st",4,"count",19,13.5225376003601,11.931884057971
"mistletoe",11,"inla_spde_st",4,"count",22,13.5225376003601,11.931884057971
"mistletoe",11,"inla_spde_st",4,"count",22,10.2318036238291,11.931884057971
"mistletoe",11,"inla_spde_st",4,"count",12,10.2318036238291,11.931884057971
"mistletoe",11,"inla_spde_st",4,"count",8,9.85882528190612,11.931884057971
"mistletoe",11,"inla_spde_st",4,"count",8,9.85882528190612,11.931884057971
"mistletoe",11,"inla_spde_st",4,"count",7,14.6103153125447,11.931884057971
"mistletoe",11,"inla_spde_st",4,"count",13,14.6103153125447,11.931884057971
"mistletoe",11,"inla_spde_st",4,"count",7,16.1378509359396,11.931884057971
"mistletoe",11,"inla_spde_st",4,"count",18,11.3198804843134,11.931884057971
"mistletoe",11,"inla_spde_st",4,"count",7,11.3198804843134,11.931884057971
"mistletoe",11,"inla_spde_st",4,"count",7,10.2864076919249,11.931884057971
"mistletoe",11,"inla_spde_st",4,"count",5,10.2864076919249,11.931884057971
"mistletoe",11,"inla_spde_st",4,"count",2,10.2864076919249,11.931884057971
"mistletoe",11,"inla_spde_st",4,"count",22,14.4854132877813,11.931884057971
"mistletoe",11,"inla_spde_st",4,"count",17,14.4854132877813,11.931884057971
"mistletoe",11,"inla_spde_st",4,"count",15,16.1220119438117,11.931884057971
"mistletoe",11,"inla_spde_st",4,"count",22,16.1220119438117,11.931884057971
"mistletoe",11,"inla_spde_st",4,"count",14,11.7472754976405,11.931884057971
"mistletoe",11,"inla_spde_st",4,"count",13,11.7472754976405,11.931884057971
"mistletoe",11,"inla_spde_st",4,"count",13,11.4166517979256,11.931884057971
"mistletoe",11,"inla_spde_st",4,"count",6,11.4166517979256,11.931884057971
"mistletoe",11,"inla_spde_st",4,"count",8,8.72610038898406,11.931884057971
"mistletoe",11,"inla_spde_st",4,"count",9,8.72610038898406,11.931884057971
"mistletoe",11,"inla_spde_st",4,"count",21,11.876284226608,11.931884057971
"mistletoe",11,"inla_spde_st",4,"count",10,11.876284226608,11.931884057971
"mistletoe",11,"inla_spde_st",4,"count",8,13.2810662978389,11.931884057971
"mistletoe",11,"inla_spde_st",4,"count",19,9.10511198774541,11.931884057971
"mistletoe",11,"inla_spde_st",4,"count",13,9.10511198774541,11.931884057971
"mistletoe",11,"inla_spde_st",4,"count",24,9.10511198774541,11.931884057971
"mistletoe",11,"inla_spde_st",4,"count",11,12.3818692545271,11.931884057971
"mistletoe",11,"inla_spde_st",4,"count",24,13.8690890242566,11.931884057971
"mistletoe",11,"inla_spde_st",4,"count",14,13.8690890242566,11.931884057971
"mistletoe",11,"inla_spde_st",4,"count",25,9.53142459621819,11.931884057971
"mistletoe",11,"inla_spde_st",4,"count",8,9.53142459621819,11.931884057971
"mistletoe",11,"inla_spde_st",4,"count",23,9.53142459621819,11.931884057971
"mistletoe",11,"inla_spde_st",4,"count",19,10.9707645517022,11.931884057971
"mistletoe",11,"inla_spde_st",4,"count",9,9.47834098477979,11.931884057971
"mistletoe",11,"inla_spde_st",4,"count",15,10.8806526353853,11.931884057971
"mistletoe",11,"inla_spde_st",4,"count",11,10.8806526353853,11.931884057971
"mistletoe",11,"inla_spde_st",4,"count",5,11.1098049897175,11.931884057971
"mistletoe",11,"inla_spde_st",4,"count",8,10.9269069073373,11.931884057971
"mistletoe",11,"inla_spde_st",4,"count",3,11.1165036762305,11.931884057971
"mistletoe",11,"inla_spde_st",4,"count",6,11.1165036762305,11.931884057971
"mistletoe",11,"inla_spde_st",4,"count",14,7.17466341612336,11.931884057971
"mistletoe",11,"inla_spde_st",4,"count",6,7.17466341612336,11.931884057971
"mistletoe",11,"inla_spde_st",4,"count",15,7.15692635245589,11.931884057971
"mistletoe",11,"inla_spde_st",4,"count",18,7.15692635245589,11.931884057971
"mistletoe",11,"inla_spde_st",4,"count",33,7.04398579050339,11.931884057971
"mistletoe",11,"inla_spde_st",4,"count",6,12.421628974888,11.931884057971
"mistletoe",11,"inla_spde_st",4,"count",6,12.421628974888,11.931884057971
"mistletoe",11,"inla_spde_st",4,"count",13,12.421628974888,11.931884057971
"mistletoe",11,"inla_spde_st",4,"count",9,12.4037663877868,11.931884057971
"mistletoe",11,"inla_spde_st",4,"count",25,12.5709993101522,11.931884057971
"mistletoe",11,"inla_spde_st",4,"count",3,13.1323352176675,11.931884057971
"mistletoe",11,"inla_spde_st",4,"count",13,13.1323352176675,11.931884057971
"mistletoe",11,"inla_spde_st",4,"count",20,13.1799446985751,11.931884057971
"mistletoe",11,"inla_spde_st",4,"count",11,13.5588998984147,11.931884057971
"mistletoe",11,"inla_spde_st",4,"count",16,13.5588998984147,11.931884057971
"mistletoe",11,"inla_spde_st",4,"count",15,13.9695554674388,11.931884057971
"mistletoe",11,"inla_spde_st",4,"count",6,13.4467210194643,11.931884057971
"mistletoe",11,"inla_spde_st",4,"count",5,12.2074893418362,11.931884057971
"mistletoe",11,"inla_spde_st",4,"count",12,12.2074893418362,11.931884057971
"mistletoe",11,"inla_spde_st",4,"count",5,9.93343072735179,11.931884057971
"mistletoe",11,"inla_spde_st",4,"count",7,9.93343072735179,11.931884057971
"mistletoe",11,"inla_spde_st",4,"count",10,9.83755807755666,11.931884057971
"mistletoe",11,"inla_spde_st",4,"count",11,9.83755807755666,11.931884057971
"mistletoe",11,"inla_spde_st",4,"count",14,9.92994988975495,11.931884057971
"mistletoe",11,"inla_spde_st",4,"count",17,9.92994988975495,11.931884057971
"mistletoe",11,"inla_spde_st",4,"count",8,9.62476797514209,11.931884057971
"mistletoe",11,"inla_spde_st",4,"count",7,9.62476797514209,11.931884057971
"mistletoe",11,"inla_spde_st",4,"count",7,13.285493866478,11.931884057971
"mistletoe",11,"inla_spde_st",4,"count",3,13.285493866478,11.931884057971
"mistletoe",11,"inla_spde_st",4,"count",12,13.7300182558972,11.931884057971
"mistletoe",11,"inla_spde_st",4,"count",11,13.1119230629697,11.931884057971
"mistletoe",11,"inla_spde_st",4,"count",11,13.2076534717139,11.931884057971
"mistletoe",11,"inla_spde_st",4,"count",11,12.8616212541494,11.931884057971
"mistletoe",11,"inla_spde_st",4,"count",7,8.65002124203087,11.931884057971
"mistletoe",11,"inla_spde_st",4,"count",4,8.65002124203087,11.931884057971
"mistletoe",11,"inla_spde_st",4,"count",7,8.63452350302825,11.931884057971
"mistletoe",11,"inla_spde_st",4,"count",2,8.63452350302825,11.931884057971
"mistletoe",11,"inla_spde_st",4,"count",10,8.72304025103949,11.931884057971
"mistletoe",11,"inla_spde_st",4,"count",10,8.7104070323014,11.931884057971
"mistletoe",11,"inla_spde_st",4,"count",14,8.7104070323014,11.931884057971
"mistletoe",11,"inla_spde_st",4,"count",21,8.47106598418912,11.931884057971
"mistletoe",11,"inla_spde_st",4,"count",10,9.27717756774865,11.931884057971
"mistletoe",11,"inla_spde_st",4,"count",4,9.27717756774865,11.931884057971
"mistletoe",11,"inla_spde_st",4,"count",12,9.27483515332646,11.931884057971
"mistletoe",11,"inla_spde_st",4,"count",6,9.27483515332646,11.931884057971
"mistletoe",11,"inla_spde_st",4,"count",12,9.36109882013334,11.931884057971
"mistletoe",11,"inla_spde_st",4,"count",30,9.36109882013334,11.931884057971
"mistletoe",11,"inla_spde_st",4,"count",12,9.34955939000852,11.931884057971
"mistletoe",11,"inla_spde_st",4,"count",9,9.34955939000852,11.931884057971
"mistletoe",11,"inla_spde_st",4,"count",28,9.06693644078078,11.931884057971
"mistletoe",11,"inla_spde_st",4,"count",7,9.70343872153596,11.931884057971
"mistletoe",11,"inla_spde_st",4,"count",3,9.70040928971118,11.931884057971
"mistletoe",11,"inla_spde_st",4,"count",8,9.70040928971118,11.931884057971
"mistletoe",11,"inla_spde_st",4,"count",7,9.79003283193254,11.931884057971
"mistletoe",11,"inla_spde_st",4,"count",17,9.77974348662258,11.931884057971
"mistletoe",11,"inla_spde_st",4,"count",15,9.48350913631712,11.931884057971
"mistletoe",11,"inla_spde_st",4,"count",13,12.2719799533621,11.931884057971
"mistletoe",11,"inla_spde_st",4,"count",13,12.2719799533621,11.931884057971
"mistletoe",11,"inla_spde_st",4,"count",23,12.2719799533621,11.931884057971
"mistletoe",11,"inla_spde_st",4,"count",13,12.2719799533621,11.931884057971
"mistletoe",11,"inla_spde_st",4,"count",12,12.3121664698887,11.931884057971
"mistletoe",11,"inla_spde_st",4,"count",10,12.3121664698887,11.931884057971
"mistletoe",11,"inla_spde_st",4,"count",9,12.4085971591993,11.931884057971
"mistletoe",11,"inla_spde_st",4,"count",7,12.4085971591993,11.931884057971
"mistletoe",11,"inla_spde_st",4,"count",18,11.9190331293071,11.931884057971
"mistletoe",11,"inla_spde_st",4,"count",6,11.9190331293071,11.931884057971
"mistletoe",11,"inla_spde_st",4,"count",11,11.6298902435879,11.931884057971
"mistletoe",11,"inla_spde_st",4,"count",5,10.973162507213,11.931884057971
"mistletoe",11,"inla_spde_st",4,"count",3,10.973162507213,11.931884057971
"mistletoe",11,"inla_spde_st",4,"count",6,11.3269151508438,11.931884057971
"mistletoe",11,"inla_spde_st",4,"count",6,10.8415584429525,11.931884057971
"mistletoe",11,"inla_spde_st",4,"count",4,10.2046477300726,11.931884057971
"mistletoe",11,"inla_spde_st",4,"count",11,9.9252613534302,11.931884057971
"mistletoe",11,"inla_spde_st",4,"count",6,9.9252613534302,11.931884057971
"mistletoe",11,"inla_spde_st",4,"count",9,10.4660837912217,11.931884057971
"mistletoe",11,"inla_spde_st",4,"count",13,10.4660837912217,11.931884057971
"mistletoe",11,"inla_spde_st",4,"count",13,10.6769800445114,11.931884057971
"mistletoe",11,"inla_spde_st",4,"count",13,10.6769800445114,11.931884057971
"mistletoe",11,"inla_spde_st",4,"count",12,8.33685533486869,11.931884057971
"mistletoe",11,"inla_spde_st",4,"count",4,9.37657850186718,11.931884057971
"mistletoe",11,"inla_spde_st",4,"count",3,9.38997870855622,11.931884057971
"mistletoe",11,"inla_spde_st",4,"count",12,9.47035568293867,11.931884057971
"mistletoe",11,"inla_spde_st",4,"count",10,9.46009392342512,11.931884057971
"mistletoe",11,"inla_spde_st",4,"count",16,9.15062899225159,11.931884057971
"mistletoe",11,"inla_spde_st",4,"count",16,9.15062899225159,11.931884057971
"mistletoe",11,"inla_spde_st",4,"count",8,8.37111249368369,11.931884057971
"mistletoe",11,"inla_spde_st",4,"count",13,8.37111249368369,11.931884057971
"mistletoe",11,"inla_spde_st",4,"count",9,8.37111249368369,11.931884057971
"mistletoe",11,"inla_spde_st",4,"count",19,8.45989154436275,11.931884057971
"mistletoe",11,"inla_spde_st",4,"count",10,8.44588003587529,11.931884057971
"mistletoe",11,"inla_spde_st",4,"count",17,8.17103258463275,11.931884057971
"mistletoe",11,"inla_spde_st",4,"count",10,6.43656610147122,11.931884057971
"mistletoe",11,"inla_spde_st",4,"count",8,6.45137356664299,11.931884057971
"mistletoe",11,"inla_spde_st",4,"count",10,6.51036139538663,11.931884057971
"mistletoe",11,"inla_spde_st",4,"count",12,6.4955692572685,11.931884057971
"mistletoe",11,"inla_spde_st",4,"count",20,6.27998643508131,11.931884057971
"mistletoe",11,"inla_spde_st",4,"count",7,11.3040920307415,11.931884057971
"mistletoe",11,"inla_spde_st",4,"count",11,11.3040920307415,11.931884057971
"mistletoe",11,"inla_spde_st",4,"count",6,13.2855331481757,11.931884057971
"mistletoe",11,"inla_spde_st",4,"count",8,9.33978539452586,11.931884057971
"mistletoe",11,"inla_spde_st",4,"count",8,9.33978539452586,11.931884057971
"mistletoe",11,"inla_spde_st",4,"count",7,9.42465557235581,11.931884057971
"mistletoe",11,"inla_spde_st",4,"count",24,9.42465557235581,11.931884057971
"mistletoe",11,"inla_spde_st",4,"count",37,11.0172425433435,11.931884057971
"mistletoe",11,"inla_spde_st",4,"count",24,11.0172425433435,11.931884057971
"mistletoe",11,"inla_spde_st",4,"count",15,7.88921393543644,11.931884057971
"mistletoe",11,"inla_spde_st",4,"count",8,7.88921393543644,11.931884057971
"mistletoe",11,"inla_spde_st",4,"count",20,11.5146372507927,11.931884057971
"mistletoe",11,"inla_spde_st",4,"count",18,10.9707645517022,11.931884057971
"mistletoe",11,"inla_spde_st",4,"count",25,14.0952774944802,11.931884057971
"mistletoe",11,"inla_spde_st",4,"count",20,15.6845017419864,11.931884057971
"mistletoe",11,"inla_spde_st",4,"count",25,12.6115135593101,11.931884057971
"mistletoe",11,"inla_spde_st",4,"count",18,12.005386830505,11.931884057971
"mistletoe",11,"inla_spde_st",4,"count",15,12.005386830505,11.931884057971
"mistletoe",11,"inla_spde_st",4,"count",9,12.076031539161,11.931884057971
"mistletoe",11,"inla_spde_st",4,"count",19,12.076031539161,11.931884057971
"mistletoe",11,"inla_spde_st",4,"count",7,10.0508862483346,11.931884057971
"mistletoe",11,"inla_spde_st",4,"count",11,10.3127102027603,11.931884057971
"mistletoe",11,"inla_spde_st",4,"count",18,14.0952774944802,11.931884057971
"mistletoe",11,"inla_spde_st",4,"count",15,10.9707645517022,11.931884057971
"mistletoe",11,"inla_spde_st",4,"count",9,12.7516103996803,11.931884057971
"mistletoe",11,"inla_spde_st",4,"count",6,12.7516103996803,11.931884057971
"mistletoe",11,"inla_spde_st",4,"count",7,12.4037663877868,11.931884057971
"mistletoe",11,"inla_spde_st",4,"count",11,12.5709993101522,11.931884057971
"mistletoe",11,"inla_spde_st",4,"count",5,13.5271717624761,11.931884057971
"mistletoe",11,"inla_spde_st",4,"count",10,13.5271717624761,11.931884057971
"mistletoe",11,"inla_spde_st",4,"count",9,13.0396738441745,11.931884057971
"mistletoe",11,"inla_spde_st",4,"count",11,13.0396738441745,11.931884057971
"mistletoe",11,"inla_spde_st",4,"count",8,13.1799446985751,11.931884057971
"mistletoe",11,"inla_spde_st",4,"count",8,12.7146335480551,11.931884057971
"mistletoe",11,"inla_spde_st",4,"count",8,12.7146335480551,11.931884057971
"mistletoe",11,"inla_spde_st",4,"count",9,13.9695554674388,11.931884057971
"mistletoe",11,"inla_spde_st",4,"count",9,13.4467210194643,11.931884057971
"mistletoe",11,"inla_spde_st",4,"count",6,13.5850861563631,11.931884057971
"mistletoe",11,"inla_spde_st",4,"count",47,13.5850861563631,11.931884057971
"mistletoe",11,"inla_spde_st",4,"count",12,13.1268091689894,11.931884057971
"mistletoe",11,"inla_spde_st",4,"count",17,13.1268091689894,11.931884057971
"mistletoe",11,"inla_spde_st",4,"count",13,11.824928469703,11.931884057971
"mistletoe",11,"inla_spde_st",4,"count",8,11.824928469703,11.931884057971
"mistletoe",11,"inla_spde_st",4,"count",6,10.2270556792154,11.931884057971
"mistletoe",11,"inla_spde_st",4,"count",21,13.7300182558972,11.931884057971
"mistletoe",11,"inla_spde_st",4,"count",14,13.1119230629697,11.931884057971
"mistletoe",11,"inla_spde_st",4,"count",12,13.2076534717139,11.931884057971
"mistletoe",11,"inla_spde_st",4,"count",7,12.8616212541494,11.931884057971
"mistletoe",11,"inla_spde_st",4,"count",23,15.6845017419864,11.931884057971
"mistletoe",11,"inla_spde_st",5,"count",11,8.83893052052023,12.1486643437863
"mistletoe",11,"inla_spde_st",5,"count",21,8.80162430263802,12.1486643437863
"mistletoe",11,"inla_spde_st",5,"count",12,10.7554375892217,12.1486643437863
"mistletoe",11,"inla_spde_st",5,"count",10,8.7900262568042,12.1486643437863
"mistletoe",11,"inla_spde_st",5,"count",37,11.1922214366957,12.1486643437863
"mistletoe",11,"inla_spde_st",5,"count",10,8.59096573271214,12.1486643437863
"mistletoe",11,"inla_spde_st",5,"count",56,7.79425534615624,12.1486643437863
"mistletoe",11,"inla_spde_st",5,"count",11,8.97864647401483,12.1486643437863
"mistletoe",11,"inla_spde_st",5,"count",20,12.6906119422793,12.1486643437863
"mistletoe",11,"inla_spde_st",5,"count",15,8.61452667701289,12.1486643437863
"mistletoe",11,"inla_spde_st",5,"count",19,11.4131853699129,12.1486643437863
"mistletoe",11,"inla_spde_st",5,"count",18,8.93870544007648,12.1486643437863
"mistletoe",11,"inla_spde_st",5,"count",7,7.79425534615624,12.1486643437863
"mistletoe",11,"inla_spde_st",5,"count",8,9.1667406050618,12.1486643437863
"mistletoe",11,"inla_spde_st",5,"count",20,9.1667406050618,12.1486643437863
"mistletoe",11,"inla_spde_st",5,"count",8,8.96279564639058,12.1486643437863
"mistletoe",11,"inla_spde_st",5,"count",2,11.2215259767456,12.1486643437863
"mistletoe",11,"inla_spde_st",5,"count",23,11.3972961638166,12.1486643437863
"mistletoe",11,"inla_spde_st",5,"count",11,9.1667406050618,12.1486643437863
"mistletoe",11,"inla_spde_st",5,"count",2,8.96279564639058,12.1486643437863
"mistletoe",11,"inla_spde_st",5,"count",15,11.0535256444209,12.1486643437863
"mistletoe",11,"inla_spde_st",5,"count",13,8.33115597057747,12.1486643437863
"mistletoe",11,"inla_spde_st",5,"count",14,10.7554375892217,12.1486643437863
"mistletoe",11,"inla_spde_st",5,"count",9,10.4227095631741,12.1486643437863
"mistletoe",11,"inla_spde_st",5,"count",7,9.31642212584043,12.1486643437863
"mistletoe",11,"inla_spde_st",5,"count",21,8.83893052052023,12.1486643437863
"mistletoe",11,"inla_spde_st",5,"count",7,8.61452667701289,12.1486643437863
"mistletoe",11,"inla_spde_st",5,"count",9,7.60096384905165,12.1486643437863
"mistletoe",11,"inla_spde_st",5,"count",23,11.0440180360383,12.1486643437863
"mistletoe",11,"inla_spde_st",5,"count",11,10.874858377105,12.1486643437863
"mistletoe",11,"inla_spde_st",5,"count",3,10.874858377105,12.1486643437863
"mistletoe",11,"inla_spde_st",5,"count",19,11.8404509350736,12.1486643437863
"mistletoe",11,"inla_spde_st",5,"count",9,10.9220636941109,12.1486643437863
"mistletoe",11,"inla_spde_st",5,"count",11,10.8654319140629,12.1486643437863
"mistletoe",11,"inla_spde_st",5,"count",7,10.8654319140629,12.1486643437863
"mistletoe",11,"inla_spde_st",5,"count",10,10.890038656495,12.1486643437863
"mistletoe",11,"inla_spde_st",5,"count",9,10.7886465156233,12.1486643437863
"mistletoe",11,"inla_spde_st",5,"count",14,11.4070053400588,12.1486643437863
"mistletoe",11,"inla_spde_st",5,"count",10,11.4070053400588,12.1486643437863
"mistletoe",11,"inla_spde_st",5,"count",14,11.6505112335642,12.1486643437863
"mistletoe",11,"inla_spde_st",5,"count",10,11.7202393829957,12.1486643437863
"mistletoe",11,"inla_spde_st",5,"count",9,11.6178428144113,12.1486643437863
"mistletoe",11,"inla_spde_st",5,"count",12,14.4252131046808,12.1486643437863
"mistletoe",11,"inla_spde_st",5,"count",8,10.2431865463386,12.1486643437863
"mistletoe",11,"inla_spde_st",5,"count",8,10.2431865463386,12.1486643437863
"mistletoe",11,"inla_spde_st",5,"count",0,10.3085127622479,12.1486643437863
"mistletoe",11,"inla_spde_st",5,"count",9,10.222038000225,12.1486643437863
"mistletoe",11,"inla_spde_st",5,"count",11,9.93557840949401,12.1486643437863
"mistletoe",11,"inla_spde_st",5,"count",11,9.90418575926307,12.1486643437863
"mistletoe",11,"inla_spde_st",5,"count",23,9.90418575926307,12.1486643437863
"mistletoe",11,"inla_spde_st",5,"count",4,9.92603678148361,12.1486643437863
"mistletoe",11,"inla_spde_st",5,"count",12,9.80937749561646,12.1486643437863
"mistletoe",11,"inla_spde_st",5,"count",10,12.6571017237001,12.1486643437863
"mistletoe",11,"inla_spde_st",5,"count",13,12.6571017237001,12.1486643437863
"mistletoe",11,"inla_spde_st",5,"count",13,12.6887099047794,12.1486643437863
"mistletoe",11,"inla_spde_st",5,"count",10,12.5499710744202,12.1486643437863
"mistletoe",11,"inla_spde_st",5,"count",10,11.0214370677332,12.1486643437863
"mistletoe",11,"inla_spde_st",5,"count",12,11.0455539609033,12.1486643437863
"mistletoe",11,"inla_spde_st",5,"count",13,10.9244243795015,12.1486643437863
"mistletoe",11,"inla_spde_st",5,"count",15,11.3464107184975,12.1486643437863
"mistletoe",11,"inla_spde_st",5,"count",17,11.3464107184975,12.1486643437863
"mistletoe",11,"inla_spde_st",5,"count",0,11.3822539019341,12.1486643437863
"mistletoe",11,"inla_spde_st",5,"count",8,9.28323378965378,12.1486643437863
"mistletoe",11,"inla_spde_st",5,"count",10,9.30699864819334,12.1486643437863
"mistletoe",11,"inla_spde_st",5,"count",10,11.6166245941561,12.1486643437863
"mistletoe",11,"inla_spde_st",5,"count",16,11.5483973573497,12.1486643437863
"mistletoe",11,"inla_spde_st",5,"count",8,11.579623209224,12.1486643437863
"mistletoe",11,"inla_spde_st",5,"count",23,11.471168455051,12.1486643437863
"mistletoe",11,"inla_spde_st",5,"count",23,10.1705480044066,12.1486643437863
"mistletoe",11,"inla_spde_st",5,"count",8,10.1449715062416,12.1486643437863
"mistletoe",11,"inla_spde_st",5,"count",5,10.1647396811252,12.1486643437863
"mistletoe",11,"inla_spde_st",5,"count",19,10.0490303768639,12.1486643437863
"mistletoe",11,"inla_spde_st",5,"count",12,13.1985772825759,12.1486643437863
"mistletoe",11,"inla_spde_st",5,"count",10,13.1713570911238,12.1486643437863
"mistletoe",11,"inla_spde_st",5,"count",9,13.1713570911238,12.1486643437863
"mistletoe",11,"inla_spde_st",5,"count",17,13.1997940325291,12.1486643437863
"mistletoe",11,"inla_spde_st",5,"count",10,13.0569065326624,12.1486643437863
"mistletoe",11,"inla_spde_st",5,"count",7,8.83893052052023,12.1486643437863
"mistletoe",11,"inla_spde_st",5,"count",8,11.2638140550212,12.1486643437863
"mistletoe",11,"inla_spde_st",5,"count",12,11.2638140550212,12.1486643437863
"mistletoe",11,"inla_spde_st",5,"count",5,8.69854501477455,12.1486643437863
"mistletoe",11,"inla_spde_st",5,"count",11,8.69854501477455,12.1486643437863
"mistletoe",11,"inla_spde_st",5,"count",17,8.54699510737967,12.1486643437863
"mistletoe",11,"inla_spde_st",5,"count",15,8.54699510737967,12.1486643437863
"mistletoe",11,"inla_spde_st",5,"count",2,7.79425534615624,12.1486643437863
"mistletoe",11,"inla_spde_st",5,"count",5,7.60096384905165,12.1486643437863
"mistletoe",11,"inla_spde_st",5,"count",7,9.95939223822449,12.1486643437863
"mistletoe",11,"inla_spde_st",5,"count",16,9.95939223822449,12.1486643437863
"mistletoe",11,"inla_spde_st",5,"count",8,7.67438513523563,12.1486643437863
"mistletoe",11,"inla_spde_st",5,"count",4,7.67438513523563,12.1486643437863
"mistletoe",11,"inla_spde_st",5,"count",11,7.53656915741007,12.1486643437863
"mistletoe",11,"inla_spde_st",5,"count",15,7.53656915741007,12.1486643437863
"mistletoe",11,"inla_spde_st",5,"count",6,11.8068138361369,12.1486643437863
"mistletoe",11,"inla_spde_st",5,"count",10,11.8068138361369,12.1486643437863
"mistletoe",11,"inla_spde_st",5,"count",6,9.04528591715902,12.1486643437863
"mistletoe",11,"inla_spde_st",5,"count",5,9.04528591715902,12.1486643437863
"mistletoe",11,"inla_spde_st",5,"count",11,8.86219615549672,12.1486643437863
"mistletoe",11,"inla_spde_st",5,"count",13,8.86219615549672,12.1486643437863
"mistletoe",11,"inla_spde_st",5,"count",7,11.4131853699129,12.1486643437863
"mistletoe",11,"inla_spde_st",5,"count",17,11.1922214366957,12.1486643437863
"mistletoe",11,"inla_spde_st",5,"count",3,14.1877355776155,12.1486643437863
"mistletoe",11,"inla_spde_st",5,"count",9,14.1877355776155,12.1486643437863
"mistletoe",11,"inla_spde_st",5,"count",6,11.2215259767456,12.1486643437863
"mistletoe",11,"inla_spde_st",5,"count",27,11.0440180360383,12.1486643437863
"mistletoe",11,"inla_spde_st",5,"count",19,11.3724368913633,12.1486643437863
"mistletoe",11,"inla_spde_st",5,"count",10,14.6891214435725,12.1486643437863
"mistletoe",11,"inla_spde_st",5,"count",20,14.4075215220289,12.1486643437863
"mistletoe",11,"inla_spde_st",5,"count",6,11.5737123356869,12.1486643437863
"mistletoe",11,"inla_spde_st",5,"count",15,11.4070053400588,12.1486643437863
"mistletoe",11,"inla_spde_st",5,"count",18,14.4252131046808,12.1486643437863
"mistletoe",11,"inla_spde_st",5,"count",18,14.5277256967149,12.1486643437863
"mistletoe",11,"inla_spde_st",5,"count",8,11.9673737414967,12.1486643437863
"mistletoe",11,"inla_spde_st",5,"count",11,11.8404509350736,12.1486643437863
"mistletoe",11,"inla_spde_st",5,"count",18,11.8935364994284,12.1486643437863
"mistletoe",11,"inla_spde_st",5,"count",10,11.7860016165263,12.1486643437863
"mistletoe",11,"inla_spde_st",5,"count",19,11.4712706639773,12.1486643437863
"mistletoe",11,"inla_spde_st",5,"count",11,11.8302349692364,12.1486643437863
"mistletoe",11,"inla_spde_st_group",1,"count",21,7.99390531527789,12.471218206158
"mistletoe",11,"inla_spde_st_group",1,"count",24,7.17738849629228,12.471218206158
"mistletoe",11,"inla_spde_st_group",1,"count",31,5.66130097064239,12.471218206158
"mistletoe",11,"inla_spde_st_group",1,"count",8,20.0797530734651,12.471218206158
"mistletoe",11,"inla_spde_st_group",1,"count",16,12.9769431062423,12.471218206158
"mistletoe",11,"inla_spde_st_group",1,"count",0,12.7999045273776,12.471218206158
"mistletoe",11,"inla_spde_st_group",1,"count",21,11.4611802801806,12.471218206158
"mistletoe",11,"inla_spde_st_group",1,"count",3,11.4611802801806,12.471218206158
"mistletoe",11,"inla_spde_st_group",1,"count",40,10.9840818601536,12.471218206158
"mistletoe",11,"inla_spde_st_group",1,"count",18,12.8481453910191,12.471218206158
"mistletoe",11,"inla_spde_st_group",1,"count",11,7.13653932825647,12.471218206158
"mistletoe",11,"inla_spde_st_group",1,"count",16,11.9235796234007,12.471218206158
"mistletoe",11,"inla_spde_st_group",1,"count",19,16.5840621113943,12.471218206158
"mistletoe",11,"inla_spde_st_group",1,"count",28,6.80524686024095,12.471218206158
"mistletoe",11,"inla_spde_st_group",1,"count",12,7.3734222368479,12.471218206158
"mistletoe",11,"inla_spde_st_group",1,"count",15,7.83479191417459,12.471218206158
"mistletoe",11,"inla_spde_st_group",1,"count",27,14.1545578239741,12.471218206158
"mistletoe",11,"inla_spde_st_group",1,"count",14,5.97022038432716,12.471218206158
"mistletoe",11,"inla_spde_st_group",1,"count",13,9.43287142878919,12.471218206158
"mistletoe",11,"inla_spde_st_group",1,"count",4,10.0456124354766,12.471218206158
"mistletoe",11,"inla_spde_st_group",1,"count",9,13.5920122870301,12.471218206158
"mistletoe",11,"inla_spde_st_group",1,"count",17,13.5494657269191,12.471218206158
"mistletoe",11,"inla_spde_st_group",1,"count",18,13.5494657269191,12.471218206158
"mistletoe",11,"inla_spde_st_group",1,"count",7,13.9283011657883,12.471218206158
"mistletoe",11,"inla_spde_st_group",1,"count",15,14.1545578239741,12.471218206158
"mistletoe",11,"inla_spde_st_group",1,"count",46,11.3312775667539,12.471218206158
"mistletoe",11,"inla_spde_st_group",1,"count",14,11.1403333382352,12.471218206158
"mistletoe",11,"inla_spde_st_group",1,"count",5,12.3140178440796,12.471218206158
"mistletoe",11,"inla_spde_st_group",1,"count",11,7.41599235402739,12.471218206158
"mistletoe",11,"inla_spde_st_group",1,"count",18,9.35417488587711,12.471218206158
"mistletoe",11,"inla_spde_st_group",1,"count",9,5.62864157068821,12.471218206158
"mistletoe",11,"inla_spde_st_group",1,"count",9,5.76270422553541,12.471218206158
"mistletoe",11,"inla_spde_st_group",1,"count",7,7.17738849629228,12.471218206158
"mistletoe",11,"inla_spde_st_group",1,"count",12,5.46852955620697,12.471218206158
"mistletoe",11,"inla_spde_st_group",1,"count",8,10.8025218615906,12.471218206158
"mistletoe",11,"inla_spde_st_group",1,"count",4,4.6289918905869,12.471218206158
"mistletoe",11,"inla_spde_st_group",1,"count",10,7.3734222368479,12.471218206158
"mistletoe",11,"inla_spde_st_group",1,"count",33,20.0797530734651,12.471218206158
"mistletoe",11,"inla_spde_st_group",1,"count",23,15.417920835853,12.471218206158
"mistletoe",11,"inla_spde_st_group",1,"count",18,16.0941507468517,12.471218206158
"mistletoe",11,"inla_spde_st_group",1,"count",15,6.79396433189483,12.471218206158
"mistletoe",11,"inla_spde_st_group",1,"count",6,6.79396433189483,12.471218206158
"mistletoe",11,"inla_spde_st_group",1,"count",8,7.83479191417459,12.471218206158
"mistletoe",11,"inla_spde_st_group",1,"count",9,7.63749827926381,12.471218206158
"mistletoe",11,"inla_spde_st_group",1,"count",12,7.63749827926381,12.471218206158
"mistletoe",11,"inla_spde_st_group",1,"count",8,6.87179378518479,12.471218206158
"mistletoe",11,"inla_spde_st_group",1,"count",10,6.87179378518479,12.471218206158
"mistletoe",11,"inla_spde_st_group",1,"count",4,7.99390531527789,12.471218206158
"mistletoe",11,"inla_spde_st_group",1,"count",6,7.70515849081043,12.471218206158
"mistletoe",11,"inla_spde_st_group",1,"count",3,7.70515849081043,12.471218206158
"mistletoe",11,"inla_spde_st_group",1,"count",6,4.98160649601983,12.471218206158
"mistletoe",11,"inla_spde_st_group",1,"count",2,4.98160649601983,12.471218206158
"mistletoe",11,"inla_spde_st_group",1,"count",2,4.98160649601983,12.471218206158
"mistletoe",11,"inla_spde_st_group",1,"count",2,5.01400265129728,12.471218206158
"mistletoe",11,"inla_spde_st_group",1,"count",13,7.81838441382012,12.471218206158
"mistletoe",11,"inla_spde_st_group",1,"count",13,9.43287142878919,12.471218206158
"mistletoe",11,"inla_spde_st_group",1,"count",9,8.56905731400115,12.471218206158
"mistletoe",11,"inla_spde_st_group",1,"count",5,8.56905731400115,12.471218206158
"mistletoe",11,"inla_spde_st_group",1,"count",6,8.56905731400115,12.471218206158
"mistletoe",11,"inla_spde_st_group",1,"count",6,5.58422718119543,12.471218206158
"mistletoe",11,"inla_spde_st_group",1,"count",4,5.58422718119543,12.471218206158
"mistletoe",11,"inla_spde_st_group",1,"count",11,5.58422718119543,12.471218206158
"mistletoe",11,"inla_spde_st_group",1,"count",2,8.60882201862497,12.471218206158
"mistletoe",11,"inla_spde_st_group",1,"count",6,9.47225491767596,12.471218206158
"mistletoe",11,"inla_spde_st_group",1,"count",7,5.76270422553541,12.471218206158
"mistletoe",11,"inla_spde_st_group",1,"count",5,5.76270422553541,12.471218206158
"mistletoe",11,"inla_spde_st_group",1,"count",14,6.92864376031938,12.471218206158
"mistletoe",11,"inla_spde_st_group",1,"count",14,6.92864376031938,12.471218206158
"mistletoe",11,"inla_spde_st_group",1,"count",9,7.88703364541674,12.471218206158
"mistletoe",11,"inla_spde_st_group",1,"count",8,5.46852955620697,12.471218206158
"mistletoe",11,"inla_spde_st_group",1,"count",17,5.46852955620697,12.471218206158
"mistletoe",11,"inla_spde_st_group",1,"count",14,6.58918835608503,12.471218206158
"mistletoe",11,"inla_spde_st_group",1,"count",8,6.80524686024095,12.471218206158
"mistletoe",11,"inla_spde_st_group",1,"count",10,7.50955103564066,12.471218206158
"mistletoe",11,"inla_spde_st_group",1,"count",9,7.50955103564066,12.471218206158
"mistletoe",11,"inla_spde_st_group",1,"count",16,7.1092699843009,12.471218206158
"mistletoe",11,"inla_spde_st_group",1,"count",4,8.08837803576532,12.471218206158
"mistletoe",11,"inla_spde_st_group",1,"count",4,8.08837803576532,12.471218206158
"mistletoe",11,"inla_spde_st_group",1,"count",4,9.11140750253454,12.471218206158
"mistletoe",11,"inla_spde_st_group",1,"count",7,9.11140750253454,12.471218206158
"mistletoe",11,"inla_spde_st_group",1,"count",2,11.7469452709089,12.471218206158
"mistletoe",11,"inla_spde_st_group",1,"count",17,11.7469452709089,12.471218206158
"mistletoe",11,"inla_spde_st_group",1,"count",10,13.8289277966355,12.471218206158
"mistletoe",11,"inla_spde_st_group",1,"count",10,12.8388038036809,12.471218206158
"mistletoe",11,"inla_spde_st_group",1,"count",3,7.41133962863395,12.471218206158
"mistletoe",11,"inla_spde_st_group",1,"count",8,7.41133962863395,12.471218206158
"mistletoe",11,"inla_spde_st_group",1,"count",5,9.35417488587711,12.471218206158
"mistletoe",11,"inla_spde_st_group",1,"count",3,9.35417488587711,12.471218206158
"mistletoe",11,"inla_spde_st_group",1,"count",8,10.9840818601536,12.471218206158
"mistletoe",11,"inla_spde_st_group",1,"count",6,10.133103006086,12.471218206158
"mistletoe",11,"inla_spde_st_group",1,"count",8,10.133103006086,12.471218206158
"mistletoe",11,"inla_spde_st_group",1,"count",15,4.57965522816196,12.471218206158
"mistletoe",11,"inla_spde_st_group",1,"count",5,4.57965522816196,12.471218206158
"mistletoe",11,"inla_spde_st_group",1,"count",13,4.57965522816196,12.471218206158
"mistletoe",11,"inla_spde_st_group",1,"count",12,5.0392691383305,12.471218206158
"mistletoe",11,"inla_spde_st_group",1,"count",12,5.0392691383305,12.471218206158
"mistletoe",11,"inla_spde_st_group",1,"count",4,5.0392691383305,12.471218206158
"mistletoe",11,"inla_spde_st_group",1,"count",4,8.27984709811235,12.471218206158
"mistletoe",11,"inla_spde_st_group",1,"count",21,8.27984709811235,12.471218206158
"mistletoe",11,"inla_spde_st_group",1,"count",17,10.8025218615906,12.471218206158
"mistletoe",11,"inla_spde_st_group",1,"count",8,9.00542163570617,12.471218206158
"mistletoe",11,"inla_spde_st_group",1,"count",8,9.00542163570617,12.471218206158
"mistletoe",11,"inla_spde_st_group",1,"count",1,4.23548634532829,12.471218206158
"mistletoe",11,"inla_spde_st_group",1,"count",6,4.23548634532829,12.471218206158
"mistletoe",11,"inla_spde_st_group",1,"count",1,4.23548634532829,12.471218206158
"mistletoe",11,"inla_spde_st_group",1,"count",29,4.6289918905869,12.471218206158
"mistletoe",11,"inla_spde_st_group",1,"count",29,4.6289918905869,12.471218206158
"mistletoe",11,"inla_spde_st_group",1,"count",19,7.71920557455206,12.471218206158
"mistletoe",11,"inla_spde_st_group",1,"count",16,7.71920557455206,12.471218206158
"mistletoe",11,"inla_spde_st_group",1,"count",24,10.0456124354766,12.471218206158
"mistletoe",11,"inla_spde_st_group",1,"count",3,8.37423816858107,12.471218206158
"mistletoe",11,"inla_spde_st_group",1,"count",4,8.37423816858107,12.471218206158
"mistletoe",11,"inla_spde_st_group",1,"count",12,7.13195783202823,12.471218206158
"mistletoe",11,"inla_spde_st_group",1,"count",9,7.13195783202823,12.471218206158
"mistletoe",11,"inla_spde_st_group",1,"count",7,7.58624709944175,12.471218206158
"mistletoe",11,"inla_spde_st_group",1,"count",7,7.58624709944175,12.471218206158
"mistletoe",11,"inla_spde_st_group",1,"count",15,13.7897563365961,12.471218206158
"mistletoe",11,"inla_spde_st_group",1,"count",18,12.8911574565431,12.471218206158
"mistletoe",11,"inla_spde_st_group",1,"count",17,12.8911574565431,12.471218206158
"mistletoe",11,"inla_spde_st_group",1,"count",6,12.8911574565431,12.471218206158
"mistletoe",11,"inla_spde_st_group",1,"count",8,11.9188783309097,12.471218206158
"mistletoe",11,"inla_spde_st_group",1,"count",18,11.9188783309097,12.471218206158
"mistletoe",11,"inla_spde_st_group",1,"count",11,12.5527798386174,12.471218206158
"mistletoe",11,"inla_spde_st_group",1,"count",13,12.5527798386174,12.471218206158
"mistletoe",11,"inla_spde_st_group",1,"count",15,11.7627614610977,12.471218206158
"mistletoe",11,"inla_spde_st_group",1,"count",13,11.7627614610977,12.471218206158
"mistletoe",11,"inla_spde_st_group",1,"count",12,12.3155408715895,12.471218206158
"mistletoe",11,"inla_spde_st_group",1,"count",13,12.3155408715895,12.471218206158
"mistletoe",11,"inla_spde_st_group",1,"count",14,13.5494657269191,12.471218206158
"mistletoe",11,"inla_spde_st_group",1,"count",8,13.2329353374378,12.471218206158
"mistletoe",11,"inla_spde_st_group",1,"count",12,13.2329353374378,12.471218206158
"mistletoe",11,"inla_spde_st_group",1,"count",6,12.3309537147289,12.471218206158
"mistletoe",11,"inla_spde_st_group",1,"count",12,12.3309537147289,12.471218206158
"mistletoe",11,"inla_spde_st_group",1,"count",4,12.9143545304233,12.471218206158
"mistletoe",11,"inla_spde_st_group",1,"count",9,12.9143545304233,12.471218206158
"mistletoe",11,"inla_spde_st_group",1,"count",13,13.9283011657883,12.471218206158
"mistletoe",11,"inla_spde_st_group",1,"count",15,13.9283011657883,12.471218206158
"mistletoe",11,"inla_spde_st_group",1,"count",7,12.8481453910191,12.471218206158
"mistletoe",11,"inla_spde_st_group",1,"count",5,13.5920122870301,12.471218206158
"mistletoe",11,"inla_spde_st_group",1,"count",10,12.6769031353906,12.471218206158
"mistletoe",11,"inla_spde_st_group",1,"count",8,12.6769031353906,12.471218206158
"mistletoe",11,"inla_spde_st_group",1,"count",20,13.2803744475495,12.471218206158
"mistletoe",11,"inla_spde_st_group",1,"count",5,13.2803744475495,12.471218206158
"mistletoe",11,"inla_spde_st_group",1,"count",4,14.1545578239741,12.471218206158
"mistletoe",11,"inla_spde_st_group",1,"count",10,12.9769431062423,12.471218206158
"mistletoe",11,"inla_spde_st_group",1,"count",3,13.8889635508022,12.471218206158
"mistletoe",11,"inla_spde_st_group",1,"count",6,13.8889635508022,12.471218206158
"mistletoe",11,"inla_spde_st_group",1,"count",12,12.7999045273776,12.471218206158
"mistletoe",11,"inla_spde_st_group",1,"count",2,13.4310518087152,12.471218206158
"mistletoe",11,"inla_spde_st_group",1,"count",9,13.4310518087152,12.471218206158
"mistletoe",11,"inla_spde_st_group",1,"count",13,16.8262197108171,12.471218206158
"mistletoe",11,"inla_spde_st_group",1,"count",5,16.8262197108171,12.471218206158
"mistletoe",11,"inla_spde_st_group",1,"count",14,14.7150097751645,12.471218206158
"mistletoe",11,"inla_spde_st_group",1,"count",2,14.7150097751645,12.471218206158
"mistletoe",11,"inla_spde_st_group",1,"count",5,15.5476888673097,12.471218206158
"mistletoe",11,"inla_spde_st_group",1,"count",6,15.5476888673097,12.471218206158
"mistletoe",11,"inla_spde_st_group",1,"count",8,5.74094403477379,12.471218206158
"mistletoe",11,"inla_spde_st_group",1,"count",4,5.74094403477379,12.471218206158
"mistletoe",11,"inla_spde_st_group",1,"count",9,5.74094403477379,12.471218206158
"mistletoe",11,"inla_spde_st_group",1,"count",10,6.80141705900005,12.471218206158
"mistletoe",11,"inla_spde_st_group",1,"count",18,6.80141705900005,12.471218206158
"mistletoe",11,"inla_spde_st_group",1,"count",8,7.13653932825647,12.471218206158
"mistletoe",11,"inla_spde_st_group",1,"count",28,7.69316192840026,12.471218206158
"mistletoe",11,"inla_spde_st_group",1,"count",14,7.69316192840026,12.471218206158
"mistletoe",11,"inla_spde_st_group",1,"count",9,13.7892117830144,12.471218206158
"mistletoe",11,"inla_spde_st_group",1,"count",13,10.2481639178706,12.471218206158
"mistletoe",11,"inla_spde_st_group",1,"count",3,10.2481639178706,12.471218206158
"mistletoe",11,"inla_spde_st_group",1,"count",28,11.9235796234007,12.471218206158
"mistletoe",11,"inla_spde_st_group",1,"count",19,11.35903983382,12.471218206158
"mistletoe",11,"inla_spde_st_group",1,"count",16,11.3595499475646,12.471218206158
"mistletoe",11,"inla_spde_st_group",1,"count",13,11.3595499475646,12.471218206158
"mistletoe",11,"inla_spde_st_group",1,"count",16,11.3312775667539,12.471218206158
"mistletoe",11,"inla_spde_st_group",1,"count",10,11.1403333382352,12.471218206158
"mistletoe",11,"inla_spde_st_group",1,"count",10,9.55348648468673,12.471218206158
"mistletoe",11,"inla_spde_st_group",1,"count",9,11.8708196615776,12.471218206158
"mistletoe",11,"inla_spde_st_group",1,"count",8,12.1734423373136,12.471218206158
"mistletoe",11,"inla_spde_st_group",1,"count",4,12.1734423373136,12.471218206158
"mistletoe",11,"inla_spde_st_group",1,"count",1,10.5527706108684,12.471218206158
"mistletoe",11,"inla_spde_st_group",1,"count",1,10.5527706108684,12.471218206158
"mistletoe",11,"inla_spde_st_group",1,"count",5,10.6260903006843,12.471218206158
"mistletoe",11,"inla_spde_st_group",1,"count",6,10.2917697349729,12.471218206158
"mistletoe",11,"inla_spde_st_group",1,"count",7,12.7626802065535,12.471218206158
"mistletoe",11,"inla_spde_st_group",1,"count",11,12.7626802065535,12.471218206158
"mistletoe",11,"inla_spde_st_group",1,"count",15,16.5840621113943,12.471218206158
"mistletoe",11,"inla_spde_st_group",1,"count",6,13.3518446660151,12.471218206158
"mistletoe",11,"inla_spde_st_group",1,"count",5,13.3518446660151,12.471218206158
"mistletoe",11,"inla_spde_st_group",1,"count",18,15.417920835853,12.471218206158
"mistletoe",11,"inla_spde_st_group",1,"count",15,16.0941507468517,12.471218206158
"mistletoe",11,"inla_spde_st_group",1,"count",17,12.2516884916561,12.471218206158
"mistletoe",11,"inla_spde_st_group",1,"count",12,12.2516884916561,12.471218206158
"mistletoe",11,"inla_spde_st_group",1,"count",6,12.2516884916561,12.471218206158
"mistletoe",11,"inla_spde_st_group",1,"count",3,11.6133427192296,12.471218206158
"mistletoe",11,"inla_spde_st_group",1,"count",45,11.7703548955661,12.471218206158
"mistletoe",11,"inla_spde_st_group",1,"count",7,11.4563473051727,12.471218206158
"mistletoe",11,"inla_spde_st_group",1,"count",7,11.4563473051727,12.471218206158
"mistletoe",11,"inla_spde_st_group",1,"count",5,11.9009517207634,12.471218206158
"mistletoe",11,"inla_spde_st_group",1,"count",6,11.9009517207634,12.471218206158
"mistletoe",11,"inla_spde_st_group",1,"count",21,17.4978209027199,12.471218206158
"mistletoe",11,"inla_spde_st_group",1,"count",21,15.7201868785321,12.471218206158
"mistletoe",11,"inla_spde_st_group",1,"count",30,21.9472020082893,12.471218206158
"mistletoe",11,"inla_spde_st_group",1,"count",18,21.9472020082893,12.471218206158
"mistletoe",11,"inla_spde_st_group",1,"count",19,24.1986950852899,12.471218206158
"mistletoe",11,"inla_spde_st_group",1,"count",19,24.1986950852899,12.471218206158
"mistletoe",11,"inla_spde_st_group",1,"count",4,12.8388038036809,12.471218206158
"mistletoe",11,"inla_spde_st_group",1,"count",6,14.7440638248024,12.471218206158
"mistletoe",11,"inla_spde_st_group",1,"count",20,14.7440638248024,12.471218206158
"mistletoe",11,"inla_spde_st_group",1,"count",10,14.3529595439253,12.471218206158
"mistletoe",11,"inla_spde_st_group",1,"count",8,15.353928252509,12.471218206158
"mistletoe",11,"inla_spde_st_group",1,"count",18,15.7201868785321,12.471218206158
"mistletoe",11,"inla_spde_st_group",1,"count",8,7.81838441382012,12.471218206158
"mistletoe",11,"inla_spde_st_group",1,"count",17,8.60882201862497,12.471218206158
"mistletoe",11,"inla_spde_st_group",1,"count",5,10.3500136833189,12.471218206158
"mistletoe",11,"inla_spde_st_group",1,"count",17,9.47225491767596,12.471218206158
"mistletoe",11,"inla_spde_st_group",1,"count",3,9.47225491767596,12.471218206158
"mistletoe",11,"inla_spde_st_group",1,"count",12,7.88703364541674,12.471218206158
"mistletoe",11,"inla_spde_st_group",1,"count",11,6.58918835608503,12.471218206158
"mistletoe",11,"inla_spde_st_group",1,"count",5,9.11140750253454,12.471218206158
"mistletoe",11,"inla_spde_st_group",1,"count",6,13.8289277966355,12.471218206158
"mistletoe",11,"inla_spde_st_group",1,"count",10,13.7897563365961,12.471218206158
"mistletoe",11,"inla_spde_st_group",1,"count",12,18.039981541785,12.471218206158
"mistletoe",11,"inla_spde_st_group",1,"count",30,18.039981541785,12.471218206158
"mistletoe",11,"inla_spde_st_group",1,"count",3,12.0274515194573,12.471218206158
"mistletoe",11,"inla_spde_st_group",1,"count",10,12.0274515194573,12.471218206158
"mistletoe",11,"inla_spde_st_group",1,"count",0,14.3529595439253,12.471218206158
"mistletoe",11,"inla_spde_st_group",1,"count",6,9.55348648468673,12.471218206158
"mistletoe",11,"inla_spde_st_group",1,"count",7,15.353928252509,12.471218206158
"mistletoe",11,"inla_spde_st_group",1,"count",5,17.4978209027199,12.471218206158
"mistletoe",11,"inla_spde_st_group",1,"count",6,10.2917697349729,12.471218206158
"mistletoe",11,"inla_spde_st_group",1,"count",9,11.6133427192296,12.471218206158
"mistletoe",11,"inla_spde_st_group",1,"count",13,11.7703548955661,12.471218206158
"mistletoe",11,"inla_spde_st_group",1,"count",4,10.3500136833189,12.471218206158
"mistletoe",11,"inla_spde_st_group",2,"count",23,16.8342258481832,12.4169696969697
"mistletoe",11,"inla_spde_st_group",2,"count",8,10.3036134141106,12.4169696969697
"mistletoe",11,"inla_spde_st_group",2,"count",5,17.0637012343791,12.4169696969697
"mistletoe",11,"inla_spde_st_group",2,"count",8,10.8396654419895,12.4169696969697
"mistletoe",11,"inla_spde_st_group",2,"count",16,12.4201642408576,12.4169696969697
"mistletoe",11,"inla_spde_st_group",2,"count",8,10.9570754250027,12.4169696969697
"mistletoe",11,"inla_spde_st_group",2,"count",5,12.2174808171103,12.4169696969697
"mistletoe",11,"inla_spde_st_group",2,"count",13,11.7870189447963,12.4169696969697
"mistletoe",11,"inla_spde_st_group",2,"count",41,13.9045569588484,12.4169696969697
"mistletoe",11,"inla_spde_st_group",2,"count",3,10.6767380926447,12.4169696969697
"mistletoe",11,"inla_spde_st_group",2,"count",29,10.4178193502152,12.4169696969697
"mistletoe",11,"inla_spde_st_group",2,"count",10,12.1230132616883,12.4169696969697
"mistletoe",11,"inla_spde_st_group",2,"count",12,13.2672955755028,12.4169696969697
"mistletoe",11,"inla_spde_st_group",2,"count",14,13.5509563034756,12.4169696969697
"mistletoe",11,"inla_spde_st_group",2,"count",7,11.6957746169059,12.4169696969697
"mistletoe",11,"inla_spde_st_group",2,"count",5,12.0038926898759,12.4169696969697
"mistletoe",11,"inla_spde_st_group",2,"count",12,12.6509883194148,12.4169696969697
"mistletoe",11,"inla_spde_st_group",2,"count",24,13.5792464624453,12.4169696969697
"mistletoe",11,"inla_spde_st_group",2,"count",9,7.17038908282023,12.4169696969697
"mistletoe",11,"inla_spde_st_group",2,"count",14,11.6106221131845,12.4169696969697
"mistletoe",11,"inla_spde_st_group",2,"count",13,12.4493685730363,12.4169696969697
"mistletoe",11,"inla_spde_st_group",2,"count",17,11.31655624448,12.4169696969697
"mistletoe",11,"inla_spde_st_group",2,"count",17,8.61443107178178,12.4169696969697
"mistletoe",11,"inla_spde_st_group",2,"count",13,13.5792464624453,12.4169696969697
"mistletoe",11,"inla_spde_st_group",2,"count",5,10.4905581066065,12.4169696969697
"mistletoe",11,"inla_spde_st_group",2,"count",12,12.8265566872126,12.4169696969697
"mistletoe",11,"inla_spde_st_group",2,"count",16,12.2174808171103,12.4169696969697
"mistletoe",11,"inla_spde_st_group",2,"count",9,17.0637012343791,12.4169696969697
"mistletoe",11,"inla_spde_st_group",2,"count",10,12.5907348755145,12.4169696969697
"mistletoe",11,"inla_spde_st_group",2,"count",4,13.5792464624453,12.4169696969697
"mistletoe",11,"inla_spde_st_group",2,"count",8,10.2452096068931,12.4169696969697
"mistletoe",11,"inla_spde_st_group",2,"count",21,10.2452096068931,12.4169696969697
"mistletoe",11,"inla_spde_st_group",2,"count",7,10.1372006214221,12.4169696969697
"mistletoe",11,"inla_spde_st_group",2,"count",4,10.1372006214221,12.4169696969697
"mistletoe",11,"inla_spde_st_group",2,"count",5,10.616393806368,12.4169696969697
"mistletoe",11,"inla_spde_st_group",2,"count",5,10.616393806368,12.4169696969697
"mistletoe",11,"inla_spde_st_group",2,"count",15,13.9045569588484,12.4169696969697
"mistletoe",11,"inla_spde_st_group",2,"count",18,13.9045569588484,12.4169696969697
"mistletoe",11,"inla_spde_st_group",2,"count",13,13.9045569588484,12.4169696969697
"mistletoe",11,"inla_spde_st_group",2,"count",9,10.7878848125552,12.4169696969697
"mistletoe",11,"inla_spde_st_group",2,"count",5,10.7878848125552,12.4169696969697
"mistletoe",11,"inla_spde_st_group",2,"count",9,9.95401050440347,12.4169696969697
"mistletoe",11,"inla_spde_st_group",2,"count",10,9.95401050440347,12.4169696969697
"mistletoe",11,"inla_spde_st_group",2,"count",3,9.88413039322319,12.4169696969697
"mistletoe",11,"inla_spde_st_group",2,"count",5,9.88413039322319,12.4169696969697
"mistletoe",11,"inla_spde_st_group",2,"count",10,9.90407889583603,12.4169696969697
"mistletoe",11,"inla_spde_st_group",2,"count",8,9.90407889583603,12.4169696969697
"mistletoe",11,"inla_spde_st_group",2,"count",12,14.1797227606768,12.4169696969697
"mistletoe",11,"inla_spde_st_group",2,"count",19,14.1797227606768,12.4169696969697
"mistletoe",11,"inla_spde_st_group",2,"count",26,10.4905581066065,12.4169696969697
"mistletoe",11,"inla_spde_st_group",2,"count",13,10.4905581066065,12.4169696969697
"mistletoe",11,"inla_spde_st_group",2,"count",13,9.51261705318382,12.4169696969697
"mistletoe",11,"inla_spde_st_group",2,"count",24,9.51261705318382,12.4169696969697
"mistletoe",11,"inla_spde_st_group",2,"count",18,9.03568778438875,12.4169696969697
"mistletoe",11,"inla_spde_st_group",2,"count",11,9.03568778438875,12.4169696969697
"mistletoe",11,"inla_spde_st_group",2,"count",16,8.4060710494042,12.4169696969697
"mistletoe",11,"inla_spde_st_group",2,"count",15,8.4060710494042,12.4169696969697
"mistletoe",11,"inla_spde_st_group",2,"count",13,9.53744017975657,12.4169696969697
"mistletoe",11,"inla_spde_st_group",2,"count",7,9.51640319273945,12.4169696969697
"mistletoe",11,"inla_spde_st_group",2,"count",13,9.51640319273945,12.4169696969697
"mistletoe",11,"inla_spde_st_group",2,"count",8,11.8817017235996,12.4169696969697
"mistletoe",11,"inla_spde_st_group",2,"count",12,11.8817017235996,12.4169696969697
"mistletoe",11,"inla_spde_st_group",2,"count",3,7.17038908282023,12.4169696969697
"mistletoe",11,"inla_spde_st_group",2,"count",23,10.6321865301454,12.4169696969697
"mistletoe",11,"inla_spde_st_group",2,"count",8,10.6321865301454,12.4169696969697
"mistletoe",11,"inla_spde_st_group",2,"count",11,12.4493685730363,12.4169696969697
"mistletoe",11,"inla_spde_st_group",2,"count",7,8.80179303625759,12.4169696969697
"mistletoe",11,"inla_spde_st_group",2,"count",8,8.80179303625759,12.4169696969697
"mistletoe",11,"inla_spde_st_group",2,"count",10,10.4178193502152,12.4169696969697
"mistletoe",11,"inla_spde_st_group",2,"count",18,10.3735471873944,12.4169696969697
"mistletoe",11,"inla_spde_st_group",2,"count",10,10.3735471873944,12.4169696969697
"mistletoe",11,"inla_spde_st_group",2,"count",18,12.1230132616883,12.4169696969697
"mistletoe",11,"inla_spde_st_group",2,"count",13,8.61443107178178,12.4169696969697
"mistletoe",11,"inla_spde_st_group",2,"count",16,12.4201642408576,12.4169696969697
"mistletoe",11,"inla_spde_st_group",2,"count",10,11.5628472230513,12.4169696969697
"mistletoe",11,"inla_spde_st_group",2,"count",10,11.5026578506675,12.4169696969697
"mistletoe",11,"inla_spde_st_group",2,"count",13,11.5026578506675,12.4169696969697
"mistletoe",11,"inla_spde_st_group",2,"count",7,13.2672955755028,12.4169696969697
"mistletoe",11,"inla_spde_st_group",2,"count",4,9.70841564550579,12.4169696969697
"mistletoe",11,"inla_spde_st_group",2,"count",5,9.70841564550579,12.4169696969697
"mistletoe",11,"inla_spde_st_group",2,"count",34,11.3970372973334,12.4169696969697
"mistletoe",11,"inla_spde_st_group",2,"count",22,11.3577094333427,12.4169696969697
"mistletoe",11,"inla_spde_st_group",2,"count",34,11.3577094333427,12.4169696969697
"mistletoe",11,"inla_spde_st_group",2,"count",18,13.5509563034756,12.4169696969697
"mistletoe",11,"inla_spde_st_group",2,"count",8,9.14278663364592,12.4169696969697
"mistletoe",11,"inla_spde_st_group",2,"count",7,9.14278663364592,12.4169696969697
"mistletoe",11,"inla_spde_st_group",2,"count",10,11.6957746169059,12.4169696969697
"mistletoe",11,"inla_spde_st_group",2,"count",7,11.9139086209048,12.4169696969697
"mistletoe",11,"inla_spde_st_group",2,"count",3,11.9139086209048,12.4169696969697
"mistletoe",11,"inla_spde_st_group",2,"count",7,11.8456691484658,12.4169696969697
"mistletoe",11,"inla_spde_st_group",2,"count",6,11.8456691484658,12.4169696969697
"mistletoe",11,"inla_spde_st_group",2,"count",3,11.630826591874,12.4169696969697
"mistletoe",11,"inla_spde_st_group",2,"count",0,11.630826591874,12.4169696969697
"mistletoe",11,"inla_spde_st_group",2,"count",10,12.1355656344658,12.4169696969697
"mistletoe",11,"inla_spde_st_group",2,"count",12,12.1355656344658,12.4169696969697
"mistletoe",11,"inla_spde_st_group",2,"count",12,12.3945341110101,12.4169696969697
"mistletoe",11,"inla_spde_st_group",2,"count",3,12.3945341110101,12.4169696969697
"mistletoe",11,"inla_spde_st_group",2,"count",2,12.0038926898759,12.4169696969697
"mistletoe",11,"inla_spde_st_group",2,"count",11,12.2478493651291,12.4169696969697
"mistletoe",11,"inla_spde_st_group",2,"count",16,12.2478493651291,12.4169696969697
"mistletoe",11,"inla_spde_st_group",2,"count",12,13.2453615166178,12.4169696969697
"mistletoe",11,"inla_spde_st_group",2,"count",8,13.2453615166178,12.4169696969697
"mistletoe",11,"inla_spde_st_group",2,"count",7,12.6509883194148,12.4169696969697
"mistletoe",11,"inla_spde_st_group",2,"count",11,13.1963868676962,12.4169696969697
"mistletoe",11,"inla_spde_st_group",2,"count",18,13.1963868676962,12.4169696969697
"mistletoe",11,"inla_spde_st_group",2,"count",6,12.8265566872126,12.4169696969697
"mistletoe",11,"inla_spde_st_group",2,"count",9,13.1875692906192,12.4169696969697
"mistletoe",11,"inla_spde_st_group",2,"count",11,13.1875692906192,12.4169696969697
"mistletoe",11,"inla_spde_st_group",2,"count",13,11.9370959209075,12.4169696969697
"mistletoe",11,"inla_spde_st_group",2,"count",15,11.9370959209075,12.4169696969697
"mistletoe",11,"inla_spde_st_group",2,"count",9,11.7870189447963,12.4169696969697
"mistletoe",11,"inla_spde_st_group",2,"count",13,12.5399338989688,12.4169696969697
"mistletoe",11,"inla_spde_st_group",2,"count",6,12.5399338989688,12.4169696969697
"mistletoe",11,"inla_spde_st_group",2,"count",0,12.2821980200302,12.4169696969697
"mistletoe",11,"inla_spde_st_group",2,"count",12,12.2821980200302,12.4169696969697
"mistletoe",11,"inla_spde_st_group",2,"count",2,12.1916094549115,12.4169696969697
"mistletoe",11,"inla_spde_st_group",2,"count",7,12.1916094549115,12.4169696969697
"mistletoe",11,"inla_spde_st_group",2,"count",8,12.6260961213305,12.4169696969697
"mistletoe",11,"inla_spde_st_group",2,"count",8,18.5841267103192,12.4169696969697
"mistletoe",11,"inla_spde_st_group",2,"count",10,18.5841267103192,12.4169696969697
"mistletoe",11,"inla_spde_st_group",2,"count",4,10.3036134141106,12.4169696969697
"mistletoe",11,"inla_spde_st_group",2,"count",6,10.8961326125707,12.4169696969697
"mistletoe",11,"inla_spde_st_group",2,"count",11,16.8342258481832,12.4169696969697
"mistletoe",11,"inla_spde_st_group",2,"count",4,12.6528420727459,12.4169696969697
"mistletoe",11,"inla_spde_st_group",2,"count",6,18.8860837935808,12.4169696969697
"mistletoe",11,"inla_spde_st_group",2,"count",4,18.8860837935808,12.4169696969697
"mistletoe",11,"inla_spde_st_group",2,"count",3,10.2357626065031,12.4169696969697
"mistletoe",11,"inla_spde_st_group",2,"count",8,10.2357626065031,12.4169696969697
"mistletoe",11,"inla_spde_st_group",2,"count",5,10.8485600137889,12.4169696969697
"mistletoe",11,"inla_spde_st_group",2,"count",0,12.2425855510341,12.4169696969697
"mistletoe",11,"inla_spde_st_group",2,"count",3,11.8860018424103,12.4169696969697
"mistletoe",11,"inla_spde_st_group",2,"count",5,11.8590466992781,12.4169696969697
"mistletoe",11,"inla_spde_st_group",2,"count",7,12.1289690913709,12.4169696969697
"mistletoe",11,"inla_spde_st_group",2,"count",6,12.1289690913709,12.4169696969697
"mistletoe",11,"inla_spde_st_group",2,"count",0,11.798409750217,12.4169696969697
"mistletoe",11,"inla_spde_st_group",2,"count",4,11.798409750217,12.4169696969697
"mistletoe",11,"inla_spde_st_group",2,"count",7,12.0049256273498,12.4169696969697
"mistletoe",11,"inla_spde_st_group",2,"count",0,12.0049256273498,12.4169696969697
"mistletoe",11,"inla_spde_st_group",2,"count",14,12.1662998994875,12.4169696969697
"mistletoe",11,"inla_spde_st_group",2,"count",0,12.1328115818775,12.4169696969697
"mistletoe",11,"inla_spde_st_group",2,"count",5,12.2742959594414,12.4169696969697
"mistletoe",11,"inla_spde_st_group",2,"count",21,12.5907348755145,12.4169696969697
"mistletoe",11,"inla_spde_st_group",2,"count",20,12.5907348755145,12.4169696969697
"mistletoe",11,"inla_spde_st_group",2,"count",16,12.2425855510341,12.4169696969697
"mistletoe",11,"inla_spde_st_group",2,"count",31,12.4097279667808,12.4169696969697
"mistletoe",11,"inla_spde_st_group",2,"count",8,12.3411308504903,12.4169696969697
"mistletoe",11,"inla_spde_st_group",2,"count",11,12.3073370229642,12.4169696969697
"mistletoe",11,"inla_spde_st_group",2,"count",13,12.4449056985399,12.4169696969697
"mistletoe",11,"inla_spde_st_group",2,"count",7,12.4449056985399,12.4169696969697
"mistletoe",11,"inla_spde_st_group",2,"count",16,12.4097279667808,12.4169696969697
"mistletoe",11,"inla_spde_st_group",2,"count",0,12.068225028172,12.4169696969697
"mistletoe",11,"inla_spde_st_group",2,"count",11,12.068225028172,12.4169696969697
"mistletoe",11,"inla_spde_st_group",2,"count",19,12.2742959594414,12.4169696969697
"mistletoe",11,"inla_spde_st_group",3,"count",20,7.11225531112446,11.745247148289
"mistletoe",11,"inla_spde_st_group",3,"count",80,14.3697511846367,11.745247148289
"mistletoe",11,"inla_spde_st_group",3,"count",13,13.7513832642273,11.745247148289
"mistletoe",11,"inla_spde_st_group",3,"count",13,13.7513832642273,11.745247148289
"mistletoe",11,"inla_spde_st_group",3,"count",35,8.55638803395821,11.745247148289
"mistletoe",11,"inla_spde_st_group",3,"count",4,12.3614750120552,11.745247148289
"mistletoe",11,"inla_spde_st_group",3,"count",17,16.9983309890708,11.745247148289
"mistletoe",11,"inla_spde_st_group",3,"count",20,15.6096006064407,11.745247148289
"mistletoe",11,"inla_spde_st_group",3,"count",13,9.98193365237965,11.745247148289
"mistletoe",11,"inla_spde_st_group",3,"count",45,12.2605205668045,11.745247148289
"mistletoe",11,"inla_spde_st_group",3,"count",3,14.2945009268078,11.745247148289
"mistletoe",11,"inla_spde_st_group",3,"count",8,10.1042257952286,11.745247148289
"mistletoe",11,"inla_spde_st_group",3,"count",21,10.2493412053734,11.745247148289
"mistletoe",11,"inla_spde_st_group",3,"count",12,11.4909992366771,11.745247148289
"mistletoe",11,"inla_spde_st_group",3,"count",13,14.3697511846367,11.745247148289
"mistletoe",11,"inla_spde_st_group",3,"count",23,9.82002758612651,11.745247148289
"mistletoe",11,"inla_spde_st_group",3,"count",32,12.8387040597282,11.745247148289
"mistletoe",11,"inla_spde_st_group",3,"count",16,16.8311261479919,11.745247148289
"mistletoe",11,"inla_spde_st_group",3,"count",12,16.8311261479919,11.745247148289
"mistletoe",11,"inla_spde_st_group",3,"count",14,12.7141602175872,11.745247148289
"mistletoe",11,"inla_spde_st_group",3,"count",11,17.5170082516198,11.745247148289
"mistletoe",11,"inla_spde_st_group",3,"count",47,9.86253842634811,11.745247148289
"mistletoe",11,"inla_spde_st_group",3,"count",30,10.7095577890028,11.745247148289
"mistletoe",11,"inla_spde_st_group",3,"count",10,10.7095577890028,11.745247148289
"mistletoe",11,"inla_spde_st_group",3,"count",14,14.2945009268078,11.745247148289
"mistletoe",11,"inla_spde_st_group",3,"count",8,10.3285385871099,11.745247148289
"mistletoe",11,"inla_spde_st_group",3,"count",15,6.86423851228206,11.745247148289
"mistletoe",11,"inla_spde_st_group",3,"count",9,11.4909992366771,11.745247148289
"mistletoe",11,"inla_spde_st_group",3,"count",2,11.1495000957914,11.745247148289
"mistletoe",11,"inla_spde_st_group",3,"count",24,9.86253842634811,11.745247148289
"mistletoe",11,"inla_spde_st_group",3,"count",9,13.4220314018066,11.745247148289
"mistletoe",11,"inla_spde_st_group",3,"count",9,10.798091378482,11.745247148289
"mistletoe",11,"inla_spde_st_group",3,"count",53,13.4749555381152,11.745247148289
"mistletoe",11,"inla_spde_st_group",3,"count",4,10.5900819179376,11.745247148289
"mistletoe",11,"inla_spde_st_group",3,"count",15,14.685220729966,11.745247148289
"mistletoe",11,"inla_spde_st_group",3,"count",8,9.93878096767629,11.745247148289
"mistletoe",11,"inla_spde_st_group",3,"count",2,14.4563394638141,11.745247148289
"mistletoe",11,"inla_spde_st_group",3,"count",7,12.7337392394969,11.745247148289
"mistletoe",11,"inla_spde_st_group",3,"count",10,10.5900819179376,11.745247148289
"mistletoe",11,"inla_spde_st_group",3,"count",11,11.1495000957914,11.745247148289
"mistletoe",11,"inla_spde_st_group",3,"count",28,12.2174652776075,11.745247148289
"mistletoe",11,"inla_spde_st_group",3,"count",28,12.2174652776075,11.745247148289
"mistletoe",11,"inla_spde_st_group",3,"count",15,13.090516703155,11.745247148289
"mistletoe",11,"inla_spde_st_group",3,"count",28,12.617525259182,11.745247148289
"mistletoe",11,"inla_spde_st_group",3,"count",17,8.45227412624092,11.745247148289
"mistletoe",11,"inla_spde_st_group",3,"count",21,16.7555103952613,11.745247148289
"mistletoe",11,"inla_spde_st_group",3,"count",12,12.6946008527573,11.745247148289
"mistletoe",11,"inla_spde_st_group",3,"count",5,10.0493338617624,11.745247148289
"mistletoe",11,"inla_spde_st_group",3,"count",14,8.50829747639319,11.745247148289
"mistletoe",11,"inla_spde_st_group",3,"count",13,7.11225531112446,11.745247148289
"mistletoe",11,"inla_spde_st_group",3,"count",16,12.8532271401773,11.745247148289
"mistletoe",11,"inla_spde_st_group",3,"count",9,10.2493412053734,11.745247148289
"mistletoe",11,"inla_spde_st_group",3,"count",5,7.21638710835114,11.745247148289
"mistletoe",11,"inla_spde_st_group",3,"count",18,7.24531392638593,11.745247148289
"mistletoe",11,"inla_spde_st_group",3,"count",24,8.42661425663286,11.745247148289
"mistletoe",11,"inla_spde_st_group",3,"count",4,12.617525259182,11.745247148289
"mistletoe",11,"inla_spde_st_group",3,"count",56,15.6096006064407,11.745247148289
"mistletoe",11,"inla_spde_st_group",3,"count",3,14.685220729966,11.745247148289
"mistletoe",11,"inla_spde_st_group",3,"count",10,12.7337392394969,11.745247148289
"mistletoe",11,"inla_spde_st_group",3,"count",3,13.090516703155,11.745247148289
"mistletoe",11,"inla_spde_st_group",3,"count",12,10.3285385871099,11.745247148289
"mistletoe",11,"inla_spde_st_group",3,"count",7,8.74258776689154,11.745247148289
"mistletoe",11,"inla_spde_st_group",3,"count",1,7.08274862342671,11.745247148289
"mistletoe",11,"inla_spde_st_group",3,"count",6,7.08274862342671,11.745247148289
"mistletoe",11,"inla_spde_st_group",3,"count",10,17.3292548210485,11.745247148289
"mistletoe",11,"inla_spde_st_group",3,"count",12,17.3292548210485,11.745247148289
"mistletoe",11,"inla_spde_st_group",3,"count",2,12.617525259182,11.745247148289
"mistletoe",11,"inla_spde_st_group",3,"count",9,9.98193365237965,11.745247148289
"mistletoe",11,"inla_spde_st_group",3,"count",20,8.45227412624092,11.745247148289
"mistletoe",11,"inla_spde_st_group",3,"count",15,6.86423851228206,11.745247148289
"mistletoe",11,"inla_spde_st_group",3,"count",7,16.7555103952613,11.745247148289
"mistletoe",11,"inla_spde_st_group",3,"count",1,12.6946008527573,11.745247148289
"mistletoe",11,"inla_spde_st_group",3,"count",8,10.0493338617624,11.745247148289
"mistletoe",11,"inla_spde_st_group",3,"count",14,8.50829747639319,11.745247148289
"mistletoe",11,"inla_spde_st_group",3,"count",4,6.91120250434057,11.745247148289
"mistletoe",11,"inla_spde_st_group",3,"count",9,16.8599967644829,11.745247148289
"mistletoe",11,"inla_spde_st_group",3,"count",8,16.8599967644829,11.745247148289
"mistletoe",11,"inla_spde_st_group",3,"count",6,14.4563394638141,11.745247148289
"mistletoe",11,"inla_spde_st_group",3,"count",11,18.269732693711,11.745247148289
"mistletoe",11,"inla_spde_st_group",3,"count",26,18.7931973206592,11.745247148289
"mistletoe",11,"inla_spde_st_group",3,"count",9,18.7931973206592,11.745247148289
"mistletoe",11,"inla_spde_st_group",3,"count",7,11.7985007247012,11.745247148289
"mistletoe",11,"inla_spde_st_group",3,"count",10,11.7985007247012,11.745247148289
"mistletoe",11,"inla_spde_st_group",3,"count",11,8.55638803395821,11.745247148289
"mistletoe",11,"inla_spde_st_group",3,"count",4,13.4220314018066,11.745247148289
"mistletoe",11,"inla_spde_st_group",3,"count",5,10.798091378482,11.745247148289
"mistletoe",11,"inla_spde_st_group",3,"count",11,10.869242629605,11.745247148289
"mistletoe",11,"inla_spde_st_group",3,"count",8,10.869242629605,11.745247148289
"mistletoe",11,"inla_spde_st_group",3,"count",17,13.4749555381152,11.745247148289
"mistletoe",11,"inla_spde_st_group",3,"count",5,11.3809058886792,11.745247148289
"mistletoe",11,"inla_spde_st_group",3,"count",11,11.3809058886792,11.745247148289
"mistletoe",11,"inla_spde_st_group",3,"count",6,12.5970384579165,11.745247148289
"mistletoe",11,"inla_spde_st_group",3,"count",14,12.5970384579165,11.745247148289
"mistletoe",11,"inla_spde_st_group",3,"count",9,10.8202954933937,11.745247148289
"mistletoe",11,"inla_spde_st_group",3,"count",8,10.8202954933937,11.745247148289
"mistletoe",11,"inla_spde_st_group",3,"count",12,13.8954638143543,11.745247148289
"mistletoe",11,"inla_spde_st_group",3,"count",12,12.6918351830063,11.745247148289
"mistletoe",11,"inla_spde_st_group",3,"count",10,12.4939838959528,11.745247148289
"mistletoe",11,"inla_spde_st_group",3,"count",9,12.4939838959528,11.745247148289
"mistletoe",11,"inla_spde_st_group",3,"count",6,9.82002758612651,11.745247148289
"mistletoe",11,"inla_spde_st_group",3,"count",4,10.4068787633822,11.745247148289
"mistletoe",11,"inla_spde_st_group",3,"count",3,10.4068787633822,11.745247148289
"mistletoe",11,"inla_spde_st_group",3,"count",14,14.685220729966,11.745247148289
"mistletoe",11,"inla_spde_st_group",3,"count",7,12.7141602175872,11.745247148289
"mistletoe",11,"inla_spde_st_group",3,"count",6,12.943635407358,11.745247148289
"mistletoe",11,"inla_spde_st_group",3,"count",7,12.943635407358,11.745247148289
"mistletoe",11,"inla_spde_st_group",3,"count",7,11.2019723846858,11.745247148289
"mistletoe",11,"inla_spde_st_group",3,"count",5,11.2019723846858,11.745247148289
"mistletoe",11,"inla_spde_st_group",3,"count",4,11.4004948137898,11.745247148289
"mistletoe",11,"inla_spde_st_group",3,"count",13,11.4004948137898,11.745247148289
"mistletoe",11,"inla_spde_st_group",3,"count",6,12.5952578414813,11.745247148289
"mistletoe",11,"inla_spde_st_group",3,"count",7,12.5952578414813,11.745247148289
"mistletoe",11,"inla_spde_st_group",3,"count",14,10.8814316434193,11.745247148289
"mistletoe",11,"inla_spde_st_group",3,"count",12,10.8814316434193,11.745247148289
"mistletoe",11,"inla_spde_st_group",3,"count",7,11.0836471945336,11.745247148289
"mistletoe",11,"inla_spde_st_group",3,"count",12,11.0836471945336,11.745247148289
"mistletoe",11,"inla_spde_st_group",3,"count",5,11.8063434817509,11.745247148289
"mistletoe",11,"inla_spde_st_group",3,"count",8,11.8063434817509,11.745247148289
"mistletoe",11,"inla_spde_st_group",3,"count",6,10.2079462285685,11.745247148289
"mistletoe",11,"inla_spde_st_group",3,"count",5,10.2079462285685,11.745247148289
"mistletoe",11,"inla_spde_st_group",3,"count",5,10.3947891757968,11.745247148289
"mistletoe",11,"inla_spde_st_group",3,"count",3,10.3947891757968,11.745247148289
"mistletoe",11,"inla_spde_st_group",3,"count",13,9.54329575029883,11.745247148289
"mistletoe",11,"inla_spde_st_group",3,"count",4,9.54329575029883,11.745247148289
"mistletoe",11,"inla_spde_st_group",3,"count",11,12.8387040597282,11.745247148289
"mistletoe",11,"inla_spde_st_group",3,"count",11,10.1353575869925,11.745247148289
"mistletoe",11,"inla_spde_st_group",3,"count",10,8.52445206778046,11.745247148289
"mistletoe",11,"inla_spde_st_group",3,"count",2,12.4555431574937,11.745247148289
"mistletoe",11,"inla_spde_st_group",3,"count",8,11.4750819049985,11.745247148289
"mistletoe",11,"inla_spde_st_group",3,"count",10,11.4750819049985,11.745247148289
"mistletoe",11,"inla_spde_st_group",3,"count",2,9.01999785136776,11.745247148289
"mistletoe",11,"inla_spde_st_group",3,"count",5,12.8532271401773,11.745247148289
"mistletoe",11,"inla_spde_st_group",3,"count",9,8.72913656617514,11.745247148289
"mistletoe",11,"inla_spde_st_group",3,"count",15,8.72913656617514,11.745247148289
"mistletoe",11,"inla_spde_st_group",3,"count",8,7.21638710835114,11.745247148289
"mistletoe",11,"inla_spde_st_group",3,"count",9,17.5170082516198,11.745247148289
"mistletoe",11,"inla_spde_st_group",3,"count",12,12.8130614188079,11.745247148289
"mistletoe",11,"inla_spde_st_group",3,"count",10,10.241349464805,11.745247148289
"mistletoe",11,"inla_spde_st_group",3,"count",13,8.7315839779891,11.745247148289
"mistletoe",11,"inla_spde_st_group",3,"count",22,8.7315839779891,11.745247148289
"mistletoe",11,"inla_spde_st_group",3,"count",10,7.24531392638593,11.745247148289
"mistletoe",11,"inla_spde_st_group",3,"count",17,17.55467981254,11.745247148289
"mistletoe",11,"inla_spde_st_group",3,"count",15,17.55467981254,11.745247148289
"mistletoe",11,"inla_spde_st_group",3,"count",9,12.2605205668045,11.745247148289
"mistletoe",11,"inla_spde_st_group",3,"count",9,8.42661425663286,11.745247148289
"mistletoe",11,"inla_spde_st_group",3,"count",8,7.0527655562331,11.745247148289
"mistletoe",11,"inla_spde_st_group",3,"count",10,7.0527655562331,11.745247148289
"mistletoe",11,"inla_spde_st_group",3,"count",12,16.9983309890708,11.745247148289
"mistletoe",11,"inla_spde_st_group",3,"count",26,10.2995016346622,11.745247148289
"mistletoe",11,"inla_spde_st_group",3,"count",26,10.2995016346622,11.745247148289
"mistletoe",11,"inla_spde_st_group",3,"count",12,12.8837652112287,11.745247148289
"mistletoe",11,"inla_spde_st_group",3,"count",4,10.114714098478,11.745247148289
"mistletoe",11,"inla_spde_st_group",3,"count",4,8.49961019277036,11.745247148289
"mistletoe",11,"inla_spde_st_group",3,"count",14,8.49961019277036,11.745247148289
"mistletoe",11,"inla_spde_st_group",3,"count",4,6.76306591101214,11.745247148289
"mistletoe",11,"inla_spde_st_group",3,"count",9,6.76306591101214,11.745247148289
"mistletoe",11,"inla_spde_st_group",3,"count",5,16.588126562255,11.745247148289
"mistletoe",11,"inla_spde_st_group",3,"count",6,16.588126562255,11.745247148289
"mistletoe",11,"inla_spde_st_group",3,"count",15,16.9895953534356,11.745247148289
"mistletoe",11,"inla_spde_st_group",3,"count",21,16.9895953534356,11.745247148289
"mistletoe",11,"inla_spde_st_group",3,"count",39,19.3662796626082,11.745247148289
"mistletoe",11,"inla_spde_st_group",3,"count",58,24.8471555900218,11.745247148289
"mistletoe",11,"inla_spde_st_group",3,"count",18,19.470486787151,11.745247148289
"mistletoe",11,"inla_spde_st_group",3,"count",21,22.3082831371631,11.745247148289
"mistletoe",11,"inla_spde_st_group",3,"count",49,25.0484367454467,11.745247148289
"mistletoe",11,"inla_spde_st_group",3,"count",16,22.1762571550311,11.745247148289
"mistletoe",11,"inla_spde_st_group",3,"count",18,19.8570403312878,11.745247148289
"mistletoe",11,"inla_spde_st_group",3,"count",17,19.8570403312878,11.745247148289
"mistletoe",11,"inla_spde_st_group",3,"count",27,19.8098216295755,11.745247148289
"mistletoe",11,"inla_spde_st_group",3,"count",14,12.97252562691,11.745247148289
"mistletoe",11,"inla_spde_st_group",3,"count",11,25.0484367454467,11.745247148289
"mistletoe",11,"inla_spde_st_group",3,"count",31,16.3394828247782,11.745247148289
"mistletoe",11,"inla_spde_st_group",3,"count",24,16.2159036871339,11.745247148289
"mistletoe",11,"inla_spde_st_group",3,"count",20,18.9825654817547,11.745247148289
"mistletoe",11,"inla_spde_st_group",3,"count",20,18.9825654817547,11.745247148289
"mistletoe",11,"inla_spde_st_group",3,"count",18,6.91120250434057,11.745247148289
"mistletoe",11,"inla_spde_st_group",3,"count",8,11.5088749214462,11.745247148289
"mistletoe",11,"inla_spde_st_group",3,"count",21,11.5088749214462,11.745247148289
"mistletoe",11,"inla_spde_st_group",3,"count",12,19.8098216295755,11.745247148289
"mistletoe",11,"inla_spde_st_group",3,"count",13,12.97252562691,11.745247148289
"mistletoe",11,"inla_spde_st_group",3,"count",19,13.8954638143543,11.745247148289
"mistletoe",11,"inla_spde_st_group",3,"count",13,10.2831201992415,11.745247148289
"mistletoe",11,"inla_spde_st_group",3,"count",16,13.4883896632465,11.745247148289
"mistletoe",11,"inla_spde_st_group",3,"count",23,16.3394828247782,11.745247148289
"mistletoe",11,"inla_spde_st_group",3,"count",15,13.4070776200107,11.745247148289
"mistletoe",11,"inla_spde_st_group",3,"count",18,24.8471555900218,11.745247148289
"mistletoe",11,"inla_spde_st_group",3,"count",29,16.2159036871339,11.745247148289
"mistletoe",11,"inla_spde_st_group",3,"count",32,18.3422310229109,11.745247148289
"mistletoe",11,"inla_spde_st_group",3,"count",10,10.2831201992415,11.745247148289
"mistletoe",11,"inla_spde_st_group",4,"count",17,10.8813365562919,11.931884057971
"mistletoe",11,"inla_spde_st_group",4,"count",76,11.3158655993754,11.931884057971
"mistletoe",11,"inla_spde_st_group",4,"count",42,11.1204914771455,11.931884057971
"mistletoe",11,"inla_spde_st_group",4,"count",48,13.7847021855568,11.931884057971
"mistletoe",11,"inla_spde_st_group",4,"count",29,12.921730713374,11.931884057971
"mistletoe",11,"inla_spde_st_group",4,"count",29,11.7083766873522,11.931884057971
"mistletoe",11,"inla_spde_st_group",4,"count",6,10.2010104672394,11.931884057971
"mistletoe",11,"inla_spde_st_group",4,"count",14,11.3158655993754,11.931884057971
"mistletoe",11,"inla_spde_st_group",4,"count",17,14.1722797805308,11.931884057971
"mistletoe",11,"inla_spde_st_group",4,"count",14,11.1717319515029,11.931884057971
"mistletoe",11,"inla_spde_st_group",4,"count",15,11.3572368923349,11.931884057971
"mistletoe",11,"inla_spde_st_group",4,"count",12,12.1046710111711,11.931884057971
"mistletoe",11,"inla_spde_st_group",4,"count",17,10.8931460312241,11.931884057971
"mistletoe",11,"inla_spde_st_group",4,"count",11,11.7685783596663,11.931884057971
"mistletoe",11,"inla_spde_st_group",4,"count",31,12.9258500782847,11.931884057971
"mistletoe",11,"inla_spde_st_group",4,"count",14,12.9258500782847,11.931884057971
"mistletoe",11,"inla_spde_st_group",4,"count",14,14.0338838531144,11.931884057971
"mistletoe",11,"inla_spde_st_group",4,"count",6,12.1672008547591,11.931884057971
"mistletoe",11,"inla_spde_st_group",4,"count",10,11.5675416856137,11.931884057971
"mistletoe",11,"inla_spde_st_group",4,"count",12,11.4109885109294,11.931884057971
"mistletoe",11,"inla_spde_st_group",4,"count",27,11.2529590754064,11.931884057971
"mistletoe",11,"inla_spde_st_group",4,"count",0,7.92746634704604,11.931884057971
"mistletoe",11,"inla_spde_st_group",4,"count",27,14.8478982258189,11.931884057971
"mistletoe",11,"inla_spde_st_group",4,"count",23,12.7817281221879,11.931884057971
"mistletoe",11,"inla_spde_st_group",4,"count",24,13.6867772412362,11.931884057971
"mistletoe",11,"inla_spde_st_group",4,"count",4,11.0198044507947,11.931884057971
"mistletoe",11,"inla_spde_st_group",4,"count",11,11.0198044507947,11.931884057971
"mistletoe",11,"inla_spde_st_group",4,"count",5,10.851818655982,11.931884057971
"mistletoe",11,"inla_spde_st_group",4,"count",13,11.2529590754064,11.931884057971
"mistletoe",11,"inla_spde_st_group",4,"count",11,13.844022650398,11.931884057971
"mistletoe",11,"inla_spde_st_group",4,"count",12,11.764781452658,11.931884057971
"mistletoe",11,"inla_spde_st_group",4,"count",18,12.921730713374,11.931884057971
"mistletoe",11,"inla_spde_st_group",4,"count",18,12.921730713374,11.931884057971
"mistletoe",11,"inla_spde_st_group",4,"count",33,13.1773719594459,11.931884057971
"mistletoe",11,"inla_spde_st_group",4,"count",12,9.09960195993671,11.931884057971
"mistletoe",11,"inla_spde_st_group",4,"count",2,9.47629003481396,11.931884057971
"mistletoe",11,"inla_spde_st_group",4,"count",6,9.96326962214763,11.931884057971
"mistletoe",11,"inla_spde_st_group",4,"count",54,14.0338838531144,11.931884057971
"mistletoe",11,"inla_spde_st_group",4,"count",1,9.17889722689172,11.931884057971
"mistletoe",11,"inla_spde_st_group",4,"count",19,12.4527226289817,11.931884057971
"mistletoe",11,"inla_spde_st_group",4,"count",49,13.7847021855568,11.931884057971
"mistletoe",11,"inla_spde_st_group",4,"count",12,11.7083766873522,11.931884057971
"mistletoe",11,"inla_spde_st_group",4,"count",10,13.2624432742579,11.931884057971
"mistletoe",11,"inla_spde_st_group",4,"count",9,12.7817281221879,11.931884057971
"mistletoe",11,"inla_spde_st_group",4,"count",19,11.1420917259848,11.931884057971
"mistletoe",11,"inla_spde_st_group",4,"count",5,12.437121840425,11.931884057971
"mistletoe",11,"inla_spde_st_group",4,"count",14,11.0410954894109,11.931884057971
"mistletoe",11,"inla_spde_st_group",4,"count",6,12.1370103813782,11.931884057971
"mistletoe",11,"inla_spde_st_group",4,"count",6,12.0699622950867,11.931884057971
"mistletoe",11,"inla_spde_st_group",4,"count",8,12.0109948490306,11.931884057971
"mistletoe",11,"inla_spde_st_group",4,"count",12,11.3432504310137,11.931884057971
"mistletoe",11,"inla_spde_st_group",4,"count",20,11.0058725602671,11.931884057971
"mistletoe",11,"inla_spde_st_group",4,"count",12,11.1558090728102,11.931884057971
"mistletoe",11,"inla_spde_st_group",4,"count",7,11.0543097715499,11.931884057971
"mistletoe",11,"inla_spde_st_group",4,"count",16,11.2393357036562,11.931884057971
"mistletoe",11,"inla_spde_st_group",4,"count",14,11.1018518167293,11.931884057971
"mistletoe",11,"inla_spde_st_group",4,"count",14,11.1257723622875,11.931884057971
"mistletoe",11,"inla_spde_st_group",4,"count",7,11.1188111119816,11.931884057971
"mistletoe",11,"inla_spde_st_group",4,"count",9,12.1200108080922,11.931884057971
"mistletoe",11,"inla_spde_st_group",4,"count",12,12.0059785405614,11.931884057971
"mistletoe",11,"inla_spde_st_group",4,"count",8,12.0606845821021,11.931884057971
"mistletoe",11,"inla_spde_st_group",4,"count",7,11.949510956986,11.931884057971
"mistletoe",11,"inla_spde_st_group",4,"count",12,11.9151600866994,11.931884057971
"mistletoe",11,"inla_spde_st_group",4,"count",5,11.3572368923349,11.931884057971
"mistletoe",11,"inla_spde_st_group",4,"count",9,11.3000094403768,11.931884057971
"mistletoe",11,"inla_spde_st_group",4,"count",3,11.2434464824818,11.931884057971
"mistletoe",11,"inla_spde_st_group",4,"count",18,11.210552372489,11.931884057971
"mistletoe",11,"inla_spde_st_group",4,"count",7,12.7624787377214,11.931884057971
"mistletoe",11,"inla_spde_st_group",4,"count",7,12.1046710111711,11.931884057971
"mistletoe",11,"inla_spde_st_group",4,"count",14,12.1721160077517,11.931884057971
"mistletoe",11,"inla_spde_st_group",4,"count",5,12.1721160077517,11.931884057971
"mistletoe",11,"inla_spde_st_group",4,"count",19,12.437121840425,11.931884057971
"mistletoe",11,"inla_spde_st_group",4,"count",6,11.4211021427923,11.931884057971
"mistletoe",11,"inla_spde_st_group",4,"count",7,11.1574053456813,11.931884057971
"mistletoe",11,"inla_spde_st_group",4,"count",8,14.2550678131349,11.931884057971
"mistletoe",11,"inla_spde_st_group",4,"count",11,13.3905911296969,11.931884057971
"mistletoe",11,"inla_spde_st_group",4,"count",12,13.3905911296969,11.931884057971
"mistletoe",11,"inla_spde_st_group",4,"count",6,11.4109885109294,11.931884057971
"mistletoe",11,"inla_spde_st_group",4,"count",15,10.8931460312241,11.931884057971
"mistletoe",11,"inla_spde_st_group",4,"count",2,10.8632503997724,11.931884057971
"mistletoe",11,"inla_spde_st_group",4,"count",3,10.8632503997724,11.931884057971
"mistletoe",11,"inla_spde_st_group",4,"count",11,11.060428765518,11.931884057971
"mistletoe",11,"inla_spde_st_group",4,"count",13,11.060428765518,11.931884057971
"mistletoe",11,"inla_spde_st_group",4,"count",3,7.65154330461166,11.931884057971
"mistletoe",11,"inla_spde_st_group",4,"count",0,7.65154330461166,11.931884057971
"mistletoe",11,"inla_spde_st_group",4,"count",2,7.65154330461166,11.931884057971
"mistletoe",11,"inla_spde_st_group",4,"count",16,13.0140291330228,11.931884057971
"mistletoe",11,"inla_spde_st_group",4,"count",14,13.0140291330228,11.931884057971
"mistletoe",11,"inla_spde_st_group",4,"count",5,14.1722797805308,11.931884057971
"mistletoe",11,"inla_spde_st_group",4,"count",13,9.40933900507276,11.931884057971
"mistletoe",11,"inla_spde_st_group",4,"count",15,9.40933900507276,11.931884057971
"mistletoe",11,"inla_spde_st_group",4,"count",2,6.85687060353309,11.931884057971
"mistletoe",11,"inla_spde_st_group",4,"count",9,6.85687060353309,11.931884057971
"mistletoe",11,"inla_spde_st_group",4,"count",0,6.85687060353309,11.931884057971
"mistletoe",11,"inla_spde_st_group",4,"count",2,8.64754314161727,11.931884057971
"mistletoe",11,"inla_spde_st_group",4,"count",8,8.64754314161727,11.931884057971
"mistletoe",11,"inla_spde_st_group",4,"count",11,7.48219691815171,11.931884057971
"mistletoe",11,"inla_spde_st_group",4,"count",10,7.48219691815171,11.931884057971
"mistletoe",11,"inla_spde_st_group",4,"count",3,7.48219691815171,11.931884057971
"mistletoe",11,"inla_spde_st_group",4,"count",19,12.6884503380082,11.931884057971
"mistletoe",11,"inla_spde_st_group",4,"count",22,12.6884503380082,11.931884057971
"mistletoe",11,"inla_spde_st_group",4,"count",22,9.58970005429788,11.931884057971
"mistletoe",11,"inla_spde_st_group",4,"count",12,9.58970005429788,11.931884057971
"mistletoe",11,"inla_spde_st_group",4,"count",8,7.92746634704604,11.931884057971
"mistletoe",11,"inla_spde_st_group",4,"count",8,7.92746634704604,11.931884057971
"mistletoe",11,"inla_spde_st_group",4,"count",7,13.330837331963,11.931884057971
"mistletoe",11,"inla_spde_st_group",4,"count",13,13.330837331963,11.931884057971
"mistletoe",11,"inla_spde_st_group",4,"count",7,14.8478982258189,11.931884057971
"mistletoe",11,"inla_spde_st_group",4,"count",18,10.3331705935014,11.931884057971
"mistletoe",11,"inla_spde_st_group",4,"count",7,10.3331705935014,11.931884057971
"mistletoe",11,"inla_spde_st_group",4,"count",7,7.58356520703573,11.931884057971
"mistletoe",11,"inla_spde_st_group",4,"count",5,7.58356520703573,11.931884057971
"mistletoe",11,"inla_spde_st_group",4,"count",2,7.58356520703573,11.931884057971
"mistletoe",11,"inla_spde_st_group",4,"count",22,12.3476928362409,11.931884057971
"mistletoe",11,"inla_spde_st_group",4,"count",17,12.3476928362409,11.931884057971
"mistletoe",11,"inla_spde_st_group",4,"count",15,13.8759168075445,11.931884057971
"mistletoe",11,"inla_spde_st_group",4,"count",22,13.8759168075445,11.931884057971
"mistletoe",11,"inla_spde_st_group",4,"count",14,10.0507518247777,11.931884057971
"mistletoe",11,"inla_spde_st_group",4,"count",13,10.0507518247777,11.931884057971
"mistletoe",11,"inla_spde_st_group",4,"count",13,11.3081129921927,11.931884057971
"mistletoe",11,"inla_spde_st_group",4,"count",6,11.3081129921927,11.931884057971
"mistletoe",11,"inla_spde_st_group",4,"count",8,8.65297002917453,11.931884057971
"mistletoe",11,"inla_spde_st_group",4,"count",9,8.65297002917453,11.931884057971
"mistletoe",11,"inla_spde_st_group",4,"count",21,12.0906961059169,11.931884057971
"mistletoe",11,"inla_spde_st_group",4,"count",10,12.0906961059169,11.931884057971
"mistletoe",11,"inla_spde_st_group",4,"count",8,13.6867772412362,11.931884057971
"mistletoe",11,"inla_spde_st_group",4,"count",19,9.28267629285195,11.931884057971
"mistletoe",11,"inla_spde_st_group",4,"count",13,9.28267629285195,11.931884057971
"mistletoe",11,"inla_spde_st_group",4,"count",24,9.28267629285195,11.931884057971
"mistletoe",11,"inla_spde_st_group",4,"count",11,11.764781452658,11.931884057971
"mistletoe",11,"inla_spde_st_group",4,"count",24,13.3429276382197,11.931884057971
"mistletoe",11,"inla_spde_st_group",4,"count",14,13.3429276382197,11.931884057971
"mistletoe",11,"inla_spde_st_group",4,"count",25,9.07192509604037,11.931884057971
"mistletoe",11,"inla_spde_st_group",4,"count",8,9.07192509604037,11.931884057971
"mistletoe",11,"inla_spde_st_group",4,"count",23,9.07192509604037,11.931884057971
"mistletoe",11,"inla_spde_st_group",4,"count",19,9.7871493641366,11.931884057971
"mistletoe",11,"inla_spde_st_group",4,"count",9,7.36955837139714,11.931884057971
"mistletoe",11,"inla_spde_st_group",4,"count",15,9.46040285404137,11.931884057971
"mistletoe",11,"inla_spde_st_group",4,"count",11,9.46040285404137,11.931884057971
"mistletoe",11,"inla_spde_st_group",4,"count",5,11.3158655993754,11.931884057971
"mistletoe",11,"inla_spde_st_group",4,"count",8,11.1204914771455,11.931884057971
"mistletoe",11,"inla_spde_st_group",4,"count",3,11.0251457656354,11.931884057971
"mistletoe",11,"inla_spde_st_group",4,"count",6,11.0251457656354,11.931884057971
"mistletoe",11,"inla_spde_st_group",4,"count",14,11.1790050391687,11.931884057971
"mistletoe",11,"inla_spde_st_group",4,"count",6,11.1790050391687,11.931884057971
"mistletoe",11,"inla_spde_st_group",4,"count",15,11.0898001433051,11.931884057971
"mistletoe",11,"inla_spde_st_group",4,"count",18,11.0898001433051,11.931884057971
"mistletoe",11,"inla_spde_st_group",4,"count",33,11.0058725602671,11.931884057971
"mistletoe",11,"inla_spde_st_group",4,"count",6,11.3733277822441,11.931884057971
"mistletoe",11,"inla_spde_st_group",4,"count",6,11.3733277822441,11.931884057971
"mistletoe",11,"inla_spde_st_group",4,"count",13,11.3733277822441,11.931884057971
"mistletoe",11,"inla_spde_st_group",4,"count",9,11.5270828748978,11.931884057971
"mistletoe",11,"inla_spde_st_group",4,"count",25,11.8636947130265,11.931884057971
"mistletoe",11,"inla_spde_st_group",4,"count",3,12.9087713461807,11.931884057971
"mistletoe",11,"inla_spde_st_group",4,"count",13,12.9087713461807,11.931884057971
"mistletoe",11,"inla_spde_st_group",4,"count",20,13.3749496498228,11.931884057971
"mistletoe",11,"inla_spde_st_group",4,"count",11,13.573425053354,11.931884057971
"mistletoe",11,"inla_spde_st_group",4,"count",16,13.573425053354,11.931884057971
"mistletoe",11,"inla_spde_st_group",4,"count",15,13.6984830920608,11.931884057971
"mistletoe",11,"inla_spde_st_group",4,"count",6,13.6838895671314,11.931884057971
"mistletoe",11,"inla_spde_st_group",4,"count",5,12.6127960074301,11.931884057971
"mistletoe",11,"inla_spde_st_group",4,"count",12,12.6127960074301,11.931884057971
"mistletoe",11,"inla_spde_st_group",4,"count",5,10.7858135762298,11.931884057971
"mistletoe",11,"inla_spde_st_group",4,"count",7,10.7858135762298,11.931884057971
"mistletoe",11,"inla_spde_st_group",4,"count",10,10.8347984181762,11.931884057971
"mistletoe",11,"inla_spde_st_group",4,"count",11,10.8347984181762,11.931884057971
"mistletoe",11,"inla_spde_st_group",4,"count",14,11.1085124047938,11.931884057971
"mistletoe",11,"inla_spde_st_group",4,"count",17,11.1085124047938,11.931884057971
"mistletoe",11,"inla_spde_st_group",4,"count",8,10.5742019275634,11.931884057971
"mistletoe",11,"inla_spde_st_group",4,"count",7,10.5742019275634,11.931884057971
"mistletoe",11,"inla_spde_st_group",4,"count",7,11.8804731874245,11.931884057971
"mistletoe",11,"inla_spde_st_group",4,"count",3,11.8804731874245,11.931884057971
"mistletoe",11,"inla_spde_st_group",4,"count",12,12.0023819780523,11.931884057971
"mistletoe",11,"inla_spde_st_group",4,"count",11,11.9087673482359,11.931884057971
"mistletoe",11,"inla_spde_st_group",4,"count",11,12.1870970674547,11.931884057971
"mistletoe",11,"inla_spde_st_group",4,"count",11,11.6606402114731,11.931884057971
"mistletoe",11,"inla_spde_st_group",4,"count",7,11.1558090728102,11.931884057971
"mistletoe",11,"inla_spde_st_group",4,"count",4,11.1558090728102,11.931884057971
"mistletoe",11,"inla_spde_st_group",4,"count",7,11.1359822587969,11.931884057971
"mistletoe",11,"inla_spde_st_group",4,"count",2,11.1359822587969,11.931884057971
"mistletoe",11,"inla_spde_st_group",4,"count",10,11.0543097715499,11.931884057971
"mistletoe",11,"inla_spde_st_group",4,"count",10,11.0240475618109,11.931884057971
"mistletoe",11,"inla_spde_st_group",4,"count",14,11.0240475618109,11.931884057971
"mistletoe",11,"inla_spde_st_group",4,"count",21,11.0410954894109,11.931884057971
"mistletoe",11,"inla_spde_st_group",4,"count",10,11.2393357036562,11.931884057971
"mistletoe",11,"inla_spde_st_group",4,"count",4,11.2393357036562,11.931884057971
"mistletoe",11,"inla_spde_st_group",4,"count",12,11.2219091666855,11.931884057971
"mistletoe",11,"inla_spde_st_group",4,"count",6,11.2219091666855,11.931884057971
"mistletoe",11,"inla_spde_st_group",4,"count",12,11.1591455651277,11.931884057971
"mistletoe",11,"inla_spde_st_group",4,"count",30,11.1591455651277,11.931884057971
"mistletoe",11,"inla_spde_st_group",4,"count",12,11.1114989142195,11.931884057971
"mistletoe",11,"inla_spde_st_group",4,"count",9,11.1114989142195,11.931884057971
"mistletoe",11,"inla_spde_st_group",4,"count",28,11.1018518167293,11.931884057971
"mistletoe",11,"inla_spde_st_group",4,"count",7,11.2529590754064,11.931884057971
"mistletoe",11,"inla_spde_st_group",4,"count",3,11.2353674458385,11.931884057971
"mistletoe",11,"inla_spde_st_group",4,"count",8,11.2353674458385,11.931884057971
"mistletoe",11,"inla_spde_st_group",4,"count",7,11.1717319515029,11.931884057971
"mistletoe",11,"inla_spde_st_group",4,"count",17,11.1257723622875,11.931884057971
"mistletoe",11,"inla_spde_st_group",4,"count",15,11.1188111119816,11.931884057971
"mistletoe",11,"inla_spde_st_group",4,"count",13,12.5237203665711,11.931884057971
"mistletoe",11,"inla_spde_st_group",4,"count",13,12.5237203665711,11.931884057971
"mistletoe",11,"inla_spde_st_group",4,"count",23,12.5237203665711,11.931884057971
"mistletoe",11,"inla_spde_st_group",4,"count",13,12.5237203665711,11.931884057971
"mistletoe",11,"inla_spde_st_group",4,"count",12,13.0339028714809,11.931884057971
"mistletoe",11,"inla_spde_st_group",4,"count",10,13.0339028714809,11.931884057971
"mistletoe",11,"inla_spde_st_group",4,"count",9,13.1898003622085,11.931884057971
"mistletoe",11,"inla_spde_st_group",4,"count",7,13.1898003622085,11.931884057971
"mistletoe",11,"inla_spde_st_group",4,"count",18,12.5209054948371,11.931884057971
"mistletoe",11,"inla_spde_st_group",4,"count",6,12.5209054948371,11.931884057971
"mistletoe",11,"inla_spde_st_group",4,"count",11,12.5568303861292,11.931884057971
"mistletoe",11,"inla_spde_st_group",4,"count",5,11.7538830560687,11.931884057971
"mistletoe",11,"inla_spde_st_group",4,"count",3,11.7538830560687,11.931884057971
"mistletoe",11,"inla_spde_st_group",4,"count",6,12.1672008547591,11.931884057971
"mistletoe",11,"inla_spde_st_group",4,"count",6,12.8194205350254,11.931884057971
"mistletoe",11,"inla_spde_st_group",4,"count",4,11.5675416856137,11.931884057971
"mistletoe",11,"inla_spde_st_group",4,"count",11,11.6421862213938,11.931884057971
"mistletoe",11,"inla_spde_st_group",4,"count",6,11.6421862213938,11.931884057971
"mistletoe",11,"inla_spde_st_group",4,"count",9,12.3879974194687,11.931884057971
"mistletoe",11,"inla_spde_st_group",4,"count",13,12.3879974194687,11.931884057971
"mistletoe",11,"inla_spde_st_group",4,"count",13,11.8437464309704,11.931884057971
"mistletoe",11,"inla_spde_st_group",4,"count",13,11.8437464309704,11.931884057971
"mistletoe",11,"inla_spde_st_group",4,"count",12,9.09960195993671,11.931884057971
"mistletoe",11,"inla_spde_st_group",4,"count",4,12.1370103813782,11.931884057971
"mistletoe",11,"inla_spde_st_group",4,"count",3,12.1200108080922,11.931884057971
"mistletoe",11,"inla_spde_st_group",4,"count",12,12.0699622950867,11.931884057971
"mistletoe",11,"inla_spde_st_group",4,"count",10,12.0059785405614,11.931884057971
"mistletoe",11,"inla_spde_st_group",4,"count",16,11.9681686644371,11.931884057971
"mistletoe",11,"inla_spde_st_group",4,"count",16,11.9681686644371,11.931884057971
"mistletoe",11,"inla_spde_st_group",4,"count",8,12.0767808158739,11.931884057971
"mistletoe",11,"inla_spde_st_group",4,"count",13,12.0767808158739,11.931884057971
"mistletoe",11,"inla_spde_st_group",4,"count",9,12.0767808158739,11.931884057971
"mistletoe",11,"inla_spde_st_group",4,"count",19,12.0109948490306,11.931884057971
"mistletoe",11,"inla_spde_st_group",4,"count",10,11.949510956986,11.931884057971
"mistletoe",11,"inla_spde_st_group",4,"count",17,11.9151600866994,11.931884057971
"mistletoe",11,"inla_spde_st_group",4,"count",10,11.3572368923349,11.931884057971
"mistletoe",11,"inla_spde_st_group",4,"count",8,11.3432504310137,11.931884057971
"mistletoe",11,"inla_spde_st_group",4,"count",10,11.3000094403768,11.931884057971
"mistletoe",11,"inla_spde_st_group",4,"count",12,11.2434464824818,11.931884057971
"mistletoe",11,"inla_spde_st_group",4,"count",20,11.210552372489,11.931884057971
"mistletoe",11,"inla_spde_st_group",4,"count",7,11.0152553473136,11.931884057971
"mistletoe",11,"inla_spde_st_group",4,"count",11,11.0152553473136,11.931884057971
"mistletoe",11,"inla_spde_st_group",4,"count",6,13.2624432742579,11.931884057971
"mistletoe",11,"inla_spde_st_group",4,"count",8,9.19816487993025,11.931884057971
"mistletoe",11,"inla_spde_st_group",4,"count",8,9.19816487993025,11.931884057971
"mistletoe",11,"inla_spde_st_group",4,"count",7,10.9824635858002,11.931884057971
"mistletoe",11,"inla_spde_st_group",4,"count",24,10.9824635858002,11.931884057971
"mistletoe",11,"inla_spde_st_group",4,"count",37,13.1205152770407,11.931884057971
"mistletoe",11,"inla_spde_st_group",4,"count",24,13.1205152770407,11.931884057971
"mistletoe",11,"inla_spde_st_group",4,"count",15,9.29010492461679,11.931884057971
"mistletoe",11,"inla_spde_st_group",4,"count",8,9.29010492461679,11.931884057971
"mistletoe",11,"inla_spde_st_group",4,"count",20,14.2550678131349,11.931884057971
"mistletoe",11,"inla_spde_st_group",4,"count",18,9.7871493641366,11.931884057971
"mistletoe",11,"inla_spde_st_group",4,"count",25,12.5536686192592,11.931884057971
"mistletoe",11,"inla_spde_st_group",4,"count",20,14.1166575564573,11.931884057971
"mistletoe",11,"inla_spde_st_group",4,"count",25,12.736020622608,11.931884057971
"mistletoe",11,"inla_spde_st_group",4,"count",18,12.5815968203708,11.931884057971
"mistletoe",11,"inla_spde_st_group",4,"count",15,12.5815968203708,11.931884057971
"mistletoe",11,"inla_spde_st_group",4,"count",9,12.8638697384986,11.931884057971
"mistletoe",11,"inla_spde_st_group",4,"count",19,12.8638697384986,11.931884057971
"mistletoe",11,"inla_spde_st_group",4,"count",7,10.9505888505846,11.931884057971
"mistletoe",11,"inla_spde_st_group",4,"count",11,11.1574053456813,11.931884057971
"mistletoe",11,"inla_spde_st_group",4,"count",18,12.5536686192592,11.931884057971
"mistletoe",11,"inla_spde_st_group",4,"count",15,9.7871493641366,11.931884057971
"mistletoe",11,"inla_spde_st_group",4,"count",9,11.4518773783575,11.931884057971
"mistletoe",11,"inla_spde_st_group",4,"count",6,11.4518773783575,11.931884057971
"mistletoe",11,"inla_spde_st_group",4,"count",7,11.5270828748978,11.931884057971
"mistletoe",11,"inla_spde_st_group",4,"count",11,11.8636947130265,11.931884057971
"mistletoe",11,"inla_spde_st_group",4,"count",5,13.024775808197,11.931884057971
"mistletoe",11,"inla_spde_st_group",4,"count",10,13.024775808197,11.931884057971
"mistletoe",11,"inla_spde_st_group",4,"count",9,13.0272087000528,11.931884057971
"mistletoe",11,"inla_spde_st_group",4,"count",11,13.0272087000528,11.931884057971
"mistletoe",11,"inla_spde_st_group",4,"count",8,13.3749496498228,11.931884057971
"mistletoe",11,"inla_spde_st_group",4,"count",8,12.6623554162248,11.931884057971
"mistletoe",11,"inla_spde_st_group",4,"count",8,12.6623554162248,11.931884057971
"mistletoe",11,"inla_spde_st_group",4,"count",9,13.6984830920608,11.931884057971
"mistletoe",11,"inla_spde_st_group",4,"count",9,13.6838895671314,11.931884057971
"mistletoe",11,"inla_spde_st_group",4,"count",6,14.0473375448879,11.931884057971
"mistletoe",11,"inla_spde_st_group",4,"count",47,14.0473375448879,11.931884057971
"mistletoe",11,"inla_spde_st_group",4,"count",12,13.318502749509,11.931884057971
"mistletoe",11,"inla_spde_st_group",4,"count",17,13.318502749509,11.931884057971
"mistletoe",11,"inla_spde_st_group",4,"count",13,12.3803237685003,11.931884057971
"mistletoe",11,"inla_spde_st_group",4,"count",8,12.3803237685003,11.931884057971
"mistletoe",11,"inla_spde_st_group",4,"count",6,10.8719721544718,11.931884057971
"mistletoe",11,"inla_spde_st_group",4,"count",21,12.0023819780523,11.931884057971
"mistletoe",11,"inla_spde_st_group",4,"count",14,11.9087673482359,11.931884057971
"mistletoe",11,"inla_spde_st_group",4,"count",12,12.1870970674547,11.931884057971
"mistletoe",11,"inla_spde_st_group",4,"count",7,11.6606402114731,11.931884057971
"mistletoe",11,"inla_spde_st_group",4,"count",23,14.1166575564573,11.931884057971
"mistletoe",11,"inla_spde_st_group",5,"count",11,10.0343939657745,12.1486643437863
"mistletoe",11,"inla_spde_st_group",5,"count",21,9.50998943364221,12.1486643437863
"mistletoe",11,"inla_spde_st_group",5,"count",12,10.9613461834827,12.1486643437863
"mistletoe",11,"inla_spde_st_group",5,"count",10,9.75438900105338,12.1486643437863
"mistletoe",11,"inla_spde_st_group",5,"count",37,10.5064029495358,12.1486643437863
"mistletoe",11,"inla_spde_st_group",5,"count",10,9.05233162530344,12.1486643437863
"mistletoe",11,"inla_spde_st_group",5,"count",56,10.3188885770437,12.1486643437863
"mistletoe",11,"inla_spde_st_group",5,"count",11,9.04027940152568,12.1486643437863
"mistletoe",11,"inla_spde_st_group",5,"count",20,11.0117299143872,12.1486643437863
"mistletoe",11,"inla_spde_st_group",5,"count",15,9.9598725529466,12.1486643437863
"mistletoe",11,"inla_spde_st_group",5,"count",19,10.4871984775363,12.1486643437863
"mistletoe",11,"inla_spde_st_group",5,"count",18,9.523085869944,12.1486643437863
"mistletoe",11,"inla_spde_st_group",5,"count",7,10.3188885770437,12.1486643437863
"mistletoe",11,"inla_spde_st_group",5,"count",8,10.2166486435271,12.1486643437863
"mistletoe",11,"inla_spde_st_group",5,"count",20,10.2166486435271,12.1486643437863
"mistletoe",11,"inla_spde_st_group",5,"count",8,10.1832109707899,12.1486643437863
"mistletoe",11,"inla_spde_st_group",5,"count",2,10.494330191482,12.1486643437863
"mistletoe",11,"inla_spde_st_group",5,"count",23,10.6504049430859,12.1486643437863
"mistletoe",11,"inla_spde_st_group",5,"count",11,10.2166486435271,12.1486643437863
"mistletoe",11,"inla_spde_st_group",5,"count",2,10.1832109707899,12.1486643437863
"mistletoe",11,"inla_spde_st_group",5,"count",15,10.8417759703121,12.1486643437863
"mistletoe",11,"inla_spde_st_group",5,"count",13,8.91354148277019,12.1486643437863
"mistletoe",11,"inla_spde_st_group",5,"count",14,10.9613461834827,12.1486643437863
"mistletoe",11,"inla_spde_st_group",5,"count",9,10.7199163890116,12.1486643437863
"mistletoe",11,"inla_spde_st_group",5,"count",7,10.8737436170429,12.1486643437863
"mistletoe",11,"inla_spde_st_group",5,"count",21,10.0343939657745,12.1486643437863
"mistletoe",11,"inla_spde_st_group",5,"count",7,9.9598725529466,12.1486643437863
"mistletoe",11,"inla_spde_st_group",5,"count",9,10.2540276052907,12.1486643437863
"mistletoe",11,"inla_spde_st_group",5,"count",23,10.3993799454788,12.1486643437863
"mistletoe",11,"inla_spde_st_group",5,"count",11,11.4458284220933,12.1486643437863
"mistletoe",11,"inla_spde_st_group",5,"count",3,11.4458284220933,12.1486643437863
"mistletoe",11,"inla_spde_st_group",5,"count",19,11.9782382697498,12.1486643437863
"mistletoe",11,"inla_spde_st_group",5,"count",9,10.8557059710522,12.1486643437863
"mistletoe",11,"inla_spde_st_group",5,"count",11,10.9765730003382,12.1486643437863
"mistletoe",11,"inla_spde_st_group",5,"count",7,10.9765730003382,12.1486643437863
"mistletoe",11,"inla_spde_st_group",5,"count",10,11.0408452131434,12.1486643437863
"mistletoe",11,"inla_spde_st_group",5,"count",9,10.9882553073754,12.1486643437863
"mistletoe",11,"inla_spde_st_group",5,"count",14,12.1312457268567,12.1486643437863
"mistletoe",11,"inla_spde_st_group",5,"count",10,12.1312457268567,12.1486643437863
"mistletoe",11,"inla_spde_st_group",5,"count",14,11.5193494369968,12.1486643437863
"mistletoe",11,"inla_spde_st_group",5,"count",10,11.6154268310112,12.1486643437863
"mistletoe",11,"inla_spde_st_group",5,"count",9,11.4704755220593,12.1486643437863
"mistletoe",11,"inla_spde_st_group",5,"count",12,14.8182534333074,12.1486643437863
"mistletoe",11,"inla_spde_st_group",5,"count",8,10.9320795243883,12.1486643437863
"mistletoe",11,"inla_spde_st_group",5,"count",8,10.9320795243883,12.1486643437863
"mistletoe",11,"inla_spde_st_group",5,"count",0,11.0292783918624,12.1486643437863
"mistletoe",11,"inla_spde_st_group",5,"count",9,10.8671392817239,12.1486643437863
"mistletoe",11,"inla_spde_st_group",5,"count",11,10.9676799288887,12.1486643437863
"mistletoe",11,"inla_spde_st_group",5,"count",11,11.0882164621488,12.1486643437863
"mistletoe",11,"inla_spde_st_group",5,"count",23,11.0882164621488,12.1486643437863
"mistletoe",11,"inla_spde_st_group",5,"count",4,11.161981306009,12.1486643437863
"mistletoe",11,"inla_spde_st_group",5,"count",12,11.100956297391,12.1486643437863
"mistletoe",11,"inla_spde_st_group",5,"count",10,11.122765373592,12.1486643437863
"mistletoe",11,"inla_spde_st_group",5,"count",13,11.122765373592,12.1486643437863
"mistletoe",11,"inla_spde_st_group",5,"count",13,11.187340304119,12.1486643437863
"mistletoe",11,"inla_spde_st_group",5,"count",10,11.1440773073574,12.1486643437863
"mistletoe",11,"inla_spde_st_group",5,"count",10,10.9531970999355,12.1486643437863
"mistletoe",11,"inla_spde_st_group",5,"count",12,11.0177114682292,12.1486643437863
"mistletoe",11,"inla_spde_st_group",5,"count",13,10.9722888147065,12.1486643437863
"mistletoe",11,"inla_spde_st_group",5,"count",15,10.7857912838352,12.1486643437863
"mistletoe",11,"inla_spde_st_group",5,"count",17,10.7857912838352,12.1486643437863
"mistletoe",11,"inla_spde_st_group",5,"count",0,10.8740771886584,12.1486643437863
"mistletoe",11,"inla_spde_st_group",5,"count",8,10.9998465595509,12.1486643437863
"mistletoe",11,"inla_spde_st_group",5,"count",10,11.0807262267558,12.1486643437863
"mistletoe",11,"inla_spde_st_group",5,"count",10,11.1911008878883,12.1486643437863
"mistletoe",11,"inla_spde_st_group",5,"count",16,11.3184798374782,12.1486643437863
"mistletoe",11,"inla_spde_st_group",5,"count",8,11.3905312283862,12.1486643437863
"mistletoe",11,"inla_spde_st_group",5,"count",23,11.3239789127769,12.1486643437863
"mistletoe",11,"inla_spde_st_group",5,"count",23,10.87663165764,12.1486643437863
"mistletoe",11,"inla_spde_st_group",5,"count",8,10.9883009427413,12.1486643437863
"mistletoe",11,"inla_spde_st_group",5,"count",5,11.0541682629942,12.1486643437863
"mistletoe",11,"inla_spde_st_group",5,"count",19,11.0079477338126,12.1486643437863
"mistletoe",11,"inla_spde_st_group",5,"count",12,13.1042960665718,12.1486643437863
"mistletoe",11,"inla_spde_st_group",5,"count",10,13.2247456209366,12.1486643437863
"mistletoe",11,"inla_spde_st_group",5,"count",9,13.2247456209366,12.1486643437863
"mistletoe",11,"inla_spde_st_group",5,"count",17,13.2963581342704,12.1486643437863
"mistletoe",11,"inla_spde_st_group",5,"count",10,13.2582416679848,12.1486643437863
"mistletoe",11,"inla_spde_st_group",5,"count",7,10.0343939657745,12.1486643437863
"mistletoe",11,"inla_spde_st_group",5,"count",8,13.0247471651043,12.1486643437863
"mistletoe",11,"inla_spde_st_group",5,"count",12,13.0247471651043,12.1486643437863
"mistletoe",11,"inla_spde_st_group",5,"count",5,10.0056651175416,12.1486643437863
"mistletoe",11,"inla_spde_st_group",5,"count",11,10.0056651175416,12.1486643437863
"mistletoe",11,"inla_spde_st_group",5,"count",17,9.96689681012656,12.1486643437863
"mistletoe",11,"inla_spde_st_group",5,"count",15,9.96689681012656,12.1486643437863
"mistletoe",11,"inla_spde_st_group",5,"count",2,10.3188885770437,12.1486643437863
"mistletoe",11,"inla_spde_st_group",5,"count",5,10.2540276052907,12.1486643437863
"mistletoe",11,"inla_spde_st_group",5,"count",7,13.4354321085965,12.1486643437863
"mistletoe",11,"inla_spde_st_group",5,"count",16,13.4354321085965,12.1486643437863
"mistletoe",11,"inla_spde_st_group",5,"count",8,10.2988741244664,12.1486643437863
"mistletoe",11,"inla_spde_st_group",5,"count",4,10.2988741244664,12.1486643437863
"mistletoe",11,"inla_spde_st_group",5,"count",11,10.2480841701367,12.1486643437863
"mistletoe",11,"inla_spde_st_group",5,"count",15,10.2480841701367,12.1486643437863
"mistletoe",11,"inla_spde_st_group",5,"count",6,13.4079463885851,12.1486643437863
"mistletoe",11,"inla_spde_st_group",5,"count",10,13.4079463885851,12.1486643437863
"mistletoe",11,"inla_spde_st_group",5,"count",6,10.2217644540767,12.1486643437863
"mistletoe",11,"inla_spde_st_group",5,"count",5,10.2217644540767,12.1486643437863
"mistletoe",11,"inla_spde_st_group",5,"count",11,10.1434749472292,12.1486643437863
"mistletoe",11,"inla_spde_st_group",5,"count",13,10.1434749472292,12.1486643437863
"mistletoe",11,"inla_spde_st_group",5,"count",7,10.4871984775363,12.1486643437863
"mistletoe",11,"inla_spde_st_group",5,"count",17,10.5064029495358,12.1486643437863
"mistletoe",11,"inla_spde_st_group",5,"count",3,13.3820190994486,12.1486643437863
"mistletoe",11,"inla_spde_st_group",5,"count",9,13.3820190994486,12.1486643437863
"mistletoe",11,"inla_spde_st_group",5,"count",6,10.494330191482,12.1486643437863
"mistletoe",11,"inla_spde_st_group",5,"count",27,10.3993799454788,12.1486643437863
"mistletoe",11,"inla_spde_st_group",5,"count",19,12.0857417630024,12.1486643437863
"mistletoe",11,"inla_spde_st_group",5,"count",10,14.5249596957412,12.1486643437863
"mistletoe",11,"inla_spde_st_group",5,"count",20,14.734144871857,12.1486643437863
"mistletoe",11,"inla_spde_st_group",5,"count",6,11.9173267172834,12.1486643437863
"mistletoe",11,"inla_spde_st_group",5,"count",15,12.1312457268567,12.1486643437863
"mistletoe",11,"inla_spde_st_group",5,"count",18,14.8182534333074,12.1486643437863
"mistletoe",11,"inla_spde_st_group",5,"count",18,14.9527130733375,12.1486643437863
"mistletoe",11,"inla_spde_st_group",5,"count",8,11.79971966196,12.1486643437863
"mistletoe",11,"inla_spde_st_group",5,"count",11,11.9782382697498,12.1486643437863
"mistletoe",11,"inla_spde_st_group",5,"count",18,12.0665826563697,12.1486643437863
"mistletoe",11,"inla_spde_st_group",5,"count",10,11.9615492216933,12.1486643437863
"mistletoe",11,"inla_spde_st_group",5,"count",19,12.231991978988,12.1486643437863
"mistletoe",11,"inla_spde_st_group",5,"count",11,11.3092766207945,12.1486643437863
