"dataset","seed","estimator","fold","typ","truth","pred","ytrain_mean"
"mistletoe",22,"baseline_mean",1,"count",13,11.6944801026958,11.6944801026958
"mistletoe",22,"baseline_mean",1,"count",13,11.6944801026958,11.6944801026958
"mistletoe",22,"baseline_mean",1,"count",29,11.6944801026958,11.6944801026958
"mistletoe",22,"baseline_mean",1,"count",20,11.6944801026958,11.6944801026958
"mistletoe",22,"baseline_mean",1,"count",20,11.6944801026958,11.6944801026958
"mistletoe",22,"baseline_mean",1,"count",14,11.6944801026958,11.6944801026958
"mistletoe",22,"baseline_mean",1,"count",15,11.6944801026958,11.6944801026958
"mistletoe",22,"baseline_mean",1,"count",32,11.6944801026958,11.6944801026958
"mistletoe",22,"baseline_mean",1,"count",27,11.6944801026958,11.6944801026958
"mistletoe",22,"baseline_mean",1,"count",23,11.6944801026958,11.6944801026958
"mistletoe",22,"baseline_mean",1,"count",15,11.6944801026958,11.6944801026958
"mistletoe",22,"baseline_mean",1,"count",13,11.6944801026958,11.6944801026958
"mistletoe",22,"baseline_mean",1,"count",8,11.6944801026958,11.6944801026958
"mistletoe",22,"baseline_mean",1,"count",2,11.6944801026958,11.6944801026958
"mistletoe",22,"baseline_mean",1,"count",11,11.6944801026958,11.6944801026958
"mistletoe",22,"baseline_mean",1,"count",18,11.6944801026958,11.6944801026958
"mistletoe",22,"baseline_mean",1,"count",18,11.6944801026958,11.6944801026958
"mistletoe",22,"baseline_mean",1,"count",28,11.6944801026958,11.6944801026958
"mistletoe",22,"baseline_mean",1,"count",28,11.6944801026958,11.6944801026958
"mistletoe",22,"baseline_mean",1,"count",7,11.6944801026958,11.6944801026958
"mistletoe",22,"baseline_mean",1,"count",56,11.6944801026958,11.6944801026958
"mistletoe",22,"baseline_mean",1,"count",14,11.6944801026958,11.6944801026958
"mistletoe",22,"baseline_mean",1,"count",6,11.6944801026958,11.6944801026958
"mistletoe",22,"baseline_mean",1,"count",6,11.6944801026958,11.6944801026958
"mistletoe",22,"baseline_mean",1,"count",8,11.6944801026958,11.6944801026958
"mistletoe",22,"baseline_mean",1,"count",12,11.6944801026958,11.6944801026958
"mistletoe",22,"baseline_mean",1,"count",20,11.6944801026958,11.6944801026958
"mistletoe",22,"baseline_mean",1,"count",12,11.6944801026958,11.6944801026958
"mistletoe",22,"baseline_mean",1,"count",7,11.6944801026958,11.6944801026958
"mistletoe",22,"baseline_mean",1,"count",16,11.6944801026958,11.6944801026958
"mistletoe",22,"baseline_mean",1,"count",14,11.6944801026958,11.6944801026958
"mistletoe",22,"baseline_mean",1,"count",14,11.6944801026958,11.6944801026958
"mistletoe",22,"baseline_mean",1,"count",7,11.6944801026958,11.6944801026958
"mistletoe",22,"baseline_mean",1,"count",9,11.6944801026958,11.6944801026958
"mistletoe",22,"baseline_mean",1,"count",12,11.6944801026958,11.6944801026958
"mistletoe",22,"baseline_mean",1,"count",8,11.6944801026958,11.6944801026958
"mistletoe",22,"baseline_mean",1,"count",7,11.6944801026958,11.6944801026958
"mistletoe",22,"baseline_mean",1,"count",12,11.6944801026958,11.6944801026958
"mistletoe",22,"baseline_mean",1,"count",5,11.6944801026958,11.6944801026958
"mistletoe",22,"baseline_mean",1,"count",9,11.6944801026958,11.6944801026958
"mistletoe",22,"baseline_mean",1,"count",3,11.6944801026958,11.6944801026958
"mistletoe",22,"baseline_mean",1,"count",18,11.6944801026958,11.6944801026958
"mistletoe",22,"baseline_mean",1,"count",9,11.6944801026958,11.6944801026958
"mistletoe",22,"baseline_mean",1,"count",11,11.6944801026958,11.6944801026958
"mistletoe",22,"baseline_mean",1,"count",7,11.6944801026958,11.6944801026958
"mistletoe",22,"baseline_mean",1,"count",10,11.6944801026958,11.6944801026958
"mistletoe",22,"baseline_mean",1,"count",9,11.6944801026958,11.6944801026958
"mistletoe",22,"baseline_mean",1,"count",11,11.6944801026958,11.6944801026958
"mistletoe",22,"baseline_mean",1,"count",11,11.6944801026958,11.6944801026958
"mistletoe",22,"baseline_mean",1,"count",23,11.6944801026958,11.6944801026958
"mistletoe",22,"baseline_mean",1,"count",4,11.6944801026958,11.6944801026958
"mistletoe",22,"baseline_mean",1,"count",12,11.6944801026958,11.6944801026958
"mistletoe",22,"baseline_mean",1,"count",10,11.6944801026958,11.6944801026958
"mistletoe",22,"baseline_mean",1,"count",13,11.6944801026958,11.6944801026958
"mistletoe",22,"baseline_mean",1,"count",13,11.6944801026958,11.6944801026958
"mistletoe",22,"baseline_mean",1,"count",10,11.6944801026958,11.6944801026958
"mistletoe",22,"baseline_mean",1,"count",10,11.6944801026958,11.6944801026958
"mistletoe",22,"baseline_mean",1,"count",12,11.6944801026958,11.6944801026958
"mistletoe",22,"baseline_mean",1,"count",13,11.6944801026958,11.6944801026958
"mistletoe",22,"baseline_mean",1,"count",15,11.6944801026958,11.6944801026958
"mistletoe",22,"baseline_mean",1,"count",17,11.6944801026958,11.6944801026958
"mistletoe",22,"baseline_mean",1,"count",0,11.6944801026958,11.6944801026958
"mistletoe",22,"baseline_mean",1,"count",8,11.6944801026958,11.6944801026958
"mistletoe",22,"baseline_mean",1,"count",10,11.6944801026958,11.6944801026958
"mistletoe",22,"baseline_mean",1,"count",10,11.6944801026958,11.6944801026958
"mistletoe",22,"baseline_mean",1,"count",16,11.6944801026958,11.6944801026958
"mistletoe",22,"baseline_mean",1,"count",8,11.6944801026958,11.6944801026958
"mistletoe",22,"baseline_mean",1,"count",23,11.6944801026958,11.6944801026958
"mistletoe",22,"baseline_mean",1,"count",23,11.6944801026958,11.6944801026958
"mistletoe",22,"baseline_mean",1,"count",8,11.6944801026958,11.6944801026958
"mistletoe",22,"baseline_mean",1,"count",5,11.6944801026958,11.6944801026958
"mistletoe",22,"baseline_mean",1,"count",19,11.6944801026958,11.6944801026958
"mistletoe",22,"baseline_mean",1,"count",12,11.6944801026958,11.6944801026958
"mistletoe",22,"baseline_mean",1,"count",10,11.6944801026958,11.6944801026958
"mistletoe",22,"baseline_mean",1,"count",9,11.6944801026958,11.6944801026958
"mistletoe",22,"baseline_mean",1,"count",17,11.6944801026958,11.6944801026958
"mistletoe",22,"baseline_mean",1,"count",10,11.6944801026958,11.6944801026958
"mistletoe",22,"baseline_mean",1,"count",6,11.6944801026958,11.6944801026958
"mistletoe",22,"baseline_mean",1,"count",11,11.6944801026958,11.6944801026958
"mistletoe",22,"baseline_mean",1,"count",26,11.6944801026958,11.6944801026958
"mistletoe",22,"baseline_mean",1,"count",9,11.6944801026958,11.6944801026958
"mistletoe",22,"baseline_mean",1,"count",7,11.6944801026958,11.6944801026958
"mistletoe",22,"baseline_mean",1,"count",10,11.6944801026958,11.6944801026958
"mistletoe",22,"baseline_mean",1,"count",8,11.6944801026958,11.6944801026958
"mistletoe",22,"baseline_mean",1,"count",11,11.6944801026958,11.6944801026958
"mistletoe",22,"baseline_mean",1,"count",12,11.6944801026958,11.6944801026958
"mistletoe",22,"baseline_mean",1,"count",14,11.6944801026958,11.6944801026958
"mistletoe",22,"baseline_mean",1,"count",6,11.6944801026958,11.6944801026958
"mistletoe",22,"baseline_mean",1,"count",15,11.6944801026958,11.6944801026958
"mistletoe",22,"baseline_mean",1,"count",18,11.6944801026958,11.6944801026958
"mistletoe",22,"baseline_mean",1,"count",33,11.6944801026958,11.6944801026958
"mistletoe",22,"baseline_mean",1,"count",7,11.6944801026958,11.6944801026958
"mistletoe",22,"baseline_mean",1,"count",4,11.6944801026958,11.6944801026958
"mistletoe",22,"baseline_mean",1,"count",7,11.6944801026958,11.6944801026958
"mistletoe",22,"baseline_mean",1,"count",2,11.6944801026958,11.6944801026958
"mistletoe",22,"baseline_mean",1,"count",10,11.6944801026958,11.6944801026958
"mistletoe",22,"baseline_mean",1,"count",10,11.6944801026958,11.6944801026958
"mistletoe",22,"baseline_mean",1,"count",14,11.6944801026958,11.6944801026958
"mistletoe",22,"baseline_mean",1,"count",21,11.6944801026958,11.6944801026958
"mistletoe",22,"baseline_mean",1,"count",10,11.6944801026958,11.6944801026958
"mistletoe",22,"baseline_mean",1,"count",4,11.6944801026958,11.6944801026958
"mistletoe",22,"baseline_mean",1,"count",12,11.6944801026958,11.6944801026958
"mistletoe",22,"baseline_mean",1,"count",6,11.6944801026958,11.6944801026958
"mistletoe",22,"baseline_mean",1,"count",12,11.6944801026958,11.6944801026958
"mistletoe",22,"baseline_mean",1,"count",30,11.6944801026958,11.6944801026958
"mistletoe",22,"baseline_mean",1,"count",12,11.6944801026958,11.6944801026958
"mistletoe",22,"baseline_mean",1,"count",9,11.6944801026958,11.6944801026958
"mistletoe",22,"baseline_mean",1,"count",28,11.6944801026958,11.6944801026958
"mistletoe",22,"baseline_mean",1,"count",7,11.6944801026958,11.6944801026958
"mistletoe",22,"baseline_mean",1,"count",3,11.6944801026958,11.6944801026958
"mistletoe",22,"baseline_mean",1,"count",8,11.6944801026958,11.6944801026958
"mistletoe",22,"baseline_mean",1,"count",7,11.6944801026958,11.6944801026958
"mistletoe",22,"baseline_mean",1,"count",17,11.6944801026958,11.6944801026958
"mistletoe",22,"baseline_mean",1,"count",15,11.6944801026958,11.6944801026958
"mistletoe",22,"baseline_mean",1,"count",13,11.6944801026958,11.6944801026958
"mistletoe",22,"baseline_mean",1,"count",13,11.6944801026958,11.6944801026958
"mistletoe",22,"baseline_mean",1,"count",23,11.6944801026958,11.6944801026958
"mistletoe",22,"baseline_mean",1,"count",13,11.6944801026958,11.6944801026958
"mistletoe",22,"baseline_mean",1,"count",12,11.6944801026958,11.6944801026958
"mistletoe",22,"baseline_mean",1,"count",10,11.6944801026958,11.6944801026958
"mistletoe",22,"baseline_mean",1,"count",9,11.6944801026958,11.6944801026958
"mistletoe",22,"baseline_mean",1,"count",7,11.6944801026958,11.6944801026958
"mistletoe",22,"baseline_mean",1,"count",18,11.6944801026958,11.6944801026958
"mistletoe",22,"baseline_mean",1,"count",6,11.6944801026958,11.6944801026958
"mistletoe",22,"baseline_mean",1,"count",10,11.6944801026958,11.6944801026958
"mistletoe",22,"baseline_mean",1,"count",13,11.6944801026958,11.6944801026958
"mistletoe",22,"baseline_mean",1,"count",4,11.6944801026958,11.6944801026958
"mistletoe",22,"baseline_mean",1,"count",11,11.6944801026958,11.6944801026958
"mistletoe",22,"baseline_mean",1,"count",11,11.6944801026958,11.6944801026958
"mistletoe",22,"baseline_mean",1,"count",10,11.6944801026958,11.6944801026958
"mistletoe",22,"baseline_mean",1,"count",2,11.6944801026958,11.6944801026958
"mistletoe",22,"baseline_mean",1,"count",8,11.6944801026958,11.6944801026958
"mistletoe",22,"baseline_mean",1,"count",10,11.6944801026958,11.6944801026958
"mistletoe",22,"baseline_mean",1,"count",2,11.6944801026958,11.6944801026958
"mistletoe",22,"baseline_mean",1,"count",5,11.6944801026958,11.6944801026958
"mistletoe",22,"baseline_mean",1,"count",6,11.6944801026958,11.6944801026958
"mistletoe",22,"baseline_mean",1,"count",26,11.6944801026958,11.6944801026958
"mistletoe",22,"baseline_mean",1,"count",26,11.6944801026958,11.6944801026958
"mistletoe",22,"baseline_mean",1,"count",4,11.6944801026958,11.6944801026958
"mistletoe",22,"baseline_mean",1,"count",3,11.6944801026958,11.6944801026958
"mistletoe",22,"baseline_mean",1,"count",12,11.6944801026958,11.6944801026958
"mistletoe",22,"baseline_mean",1,"count",10,11.6944801026958,11.6944801026958
"mistletoe",22,"baseline_mean",1,"count",16,11.6944801026958,11.6944801026958
"mistletoe",22,"baseline_mean",1,"count",16,11.6944801026958,11.6944801026958
"mistletoe",22,"baseline_mean",1,"count",8,11.6944801026958,11.6944801026958
"mistletoe",22,"baseline_mean",1,"count",13,11.6944801026958,11.6944801026958
"mistletoe",22,"baseline_mean",1,"count",9,11.6944801026958,11.6944801026958
"mistletoe",22,"baseline_mean",1,"count",19,11.6944801026958,11.6944801026958
"mistletoe",22,"baseline_mean",1,"count",10,11.6944801026958,11.6944801026958
"mistletoe",22,"baseline_mean",1,"count",17,11.6944801026958,11.6944801026958
"mistletoe",22,"baseline_mean",1,"count",10,11.6944801026958,11.6944801026958
"mistletoe",22,"baseline_mean",1,"count",8,11.6944801026958,11.6944801026958
"mistletoe",22,"baseline_mean",1,"count",10,11.6944801026958,11.6944801026958
"mistletoe",22,"baseline_mean",1,"count",12,11.6944801026958,11.6944801026958
"mistletoe",22,"baseline_mean",1,"count",20,11.6944801026958,11.6944801026958
"mistletoe",22,"baseline_mean",1,"count",20,11.6944801026958,11.6944801026958
"mistletoe",22,"baseline_mean",1,"count",21,11.6944801026958,11.6944801026958
"mistletoe",22,"baseline_mean",1,"count",15,11.6944801026958,11.6944801026958
"mistletoe",22,"baseline_mean",1,"count",21,11.6944801026958,11.6944801026958
"mistletoe",22,"baseline_mean",1,"count",39,11.6944801026958,11.6944801026958
"mistletoe",22,"baseline_mean",1,"count",58,11.6944801026958,11.6944801026958
"mistletoe",22,"baseline_mean",1,"count",21,11.6944801026958,11.6944801026958
"mistletoe",22,"baseline_mean",1,"count",30,11.6944801026958,11.6944801026958
"mistletoe",22,"baseline_mean",1,"count",18,11.6944801026958,11.6944801026958
"mistletoe",22,"baseline_mean",1,"count",21,11.6944801026958,11.6944801026958
"mistletoe",22,"baseline_mean",1,"count",49,11.6944801026958,11.6944801026958
"mistletoe",22,"baseline_mean",1,"count",16,11.6944801026958,11.6944801026958
"mistletoe",22,"baseline_mean",1,"count",18,11.6944801026958,11.6944801026958
"mistletoe",22,"baseline_mean",1,"count",19,11.6944801026958,11.6944801026958
"mistletoe",22,"baseline_mean",1,"count",19,11.6944801026958,11.6944801026958
"mistletoe",22,"baseline_mean",1,"count",18,11.6944801026958,11.6944801026958
"mistletoe",22,"baseline_mean",1,"count",17,11.6944801026958,11.6944801026958
"mistletoe",22,"baseline_mean",1,"count",27,11.6944801026958,11.6944801026958
"mistletoe",22,"baseline_mean",1,"count",14,11.6944801026958,11.6944801026958
"mistletoe",22,"baseline_mean",1,"count",10,11.6944801026958,11.6944801026958
"mistletoe",22,"baseline_mean",1,"count",11,11.6944801026958,11.6944801026958
"mistletoe",22,"baseline_mean",1,"count",31,11.6944801026958,11.6944801026958
"mistletoe",22,"baseline_mean",1,"count",24,11.6944801026958,11.6944801026958
"mistletoe",22,"baseline_mean",1,"count",20,11.6944801026958,11.6944801026958
"mistletoe",22,"baseline_mean",1,"count",20,11.6944801026958,11.6944801026958
"mistletoe",22,"baseline_mean",1,"count",8,11.6944801026958,11.6944801026958
"mistletoe",22,"baseline_mean",1,"count",18,11.6944801026958,11.6944801026958
"mistletoe",22,"baseline_mean",1,"count",8,11.6944801026958,11.6944801026958
"mistletoe",22,"baseline_mean",1,"count",21,11.6944801026958,11.6944801026958
"mistletoe",22,"baseline_mean",1,"count",12,11.6944801026958,11.6944801026958
"mistletoe",22,"baseline_mean",1,"count",13,11.6944801026958,11.6944801026958
"mistletoe",22,"baseline_mean",1,"count",3,11.6944801026958,11.6944801026958
"mistletoe",22,"baseline_mean",1,"count",10,11.6944801026958,11.6944801026958
"mistletoe",22,"baseline_mean",1,"count",0,11.6944801026958,11.6944801026958
"mistletoe",22,"baseline_mean",1,"count",6,11.6944801026958,11.6944801026958
"mistletoe",22,"baseline_mean",1,"count",16,11.6944801026958,11.6944801026958
"mistletoe",22,"baseline_mean",1,"count",23,11.6944801026958,11.6944801026958
"mistletoe",22,"baseline_mean",1,"count",15,11.6944801026958,11.6944801026958
"mistletoe",22,"baseline_mean",1,"count",18,11.6944801026958,11.6944801026958
"mistletoe",22,"baseline_mean",1,"count",29,11.6944801026958,11.6944801026958
"mistletoe",22,"baseline_mean",1,"count",32,11.6944801026958,11.6944801026958
"mistletoe",22,"baseline_mean",1,"count",7,11.6944801026958,11.6944801026958
"mistletoe",22,"baseline_mean",1,"count",5,11.6944801026958,11.6944801026958
"mistletoe",22,"baseline_mean",1,"count",6,11.6944801026958,11.6944801026958
"mistletoe",22,"baseline_mean",2,"count",48,12.0306258322237,12.0306258322237
"mistletoe",22,"baseline_mean",2,"count",8,12.0306258322237,12.0306258322237
"mistletoe",22,"baseline_mean",2,"count",6,12.0306258322237,12.0306258322237
"mistletoe",22,"baseline_mean",2,"count",17,12.0306258322237,12.0306258322237
"mistletoe",22,"baseline_mean",2,"count",8,12.0306258322237,12.0306258322237
"mistletoe",22,"baseline_mean",2,"count",16,12.0306258322237,12.0306258322237
"mistletoe",22,"baseline_mean",2,"count",40,12.0306258322237,12.0306258322237
"mistletoe",22,"baseline_mean",2,"count",11,12.0306258322237,12.0306258322237
"mistletoe",22,"baseline_mean",2,"count",31,12.0306258322237,12.0306258322237
"mistletoe",22,"baseline_mean",2,"count",14,12.0306258322237,12.0306258322237
"mistletoe",22,"baseline_mean",2,"count",14,12.0306258322237,12.0306258322237
"mistletoe",22,"baseline_mean",2,"count",19,12.0306258322237,12.0306258322237
"mistletoe",22,"baseline_mean",2,"count",13,12.0306258322237,12.0306258322237
"mistletoe",22,"baseline_mean",2,"count",4,12.0306258322237,12.0306258322237
"mistletoe",22,"baseline_mean",2,"count",3,12.0306258322237,12.0306258322237
"mistletoe",22,"baseline_mean",2,"count",29,12.0306258322237,12.0306258322237
"mistletoe",22,"baseline_mean",2,"count",10,12.0306258322237,12.0306258322237
"mistletoe",22,"baseline_mean",2,"count",12,12.0306258322237,12.0306258322237
"mistletoe",22,"baseline_mean",2,"count",14,12.0306258322237,12.0306258322237
"mistletoe",22,"baseline_mean",2,"count",0,12.0306258322237,12.0306258322237
"mistletoe",22,"baseline_mean",2,"count",27,12.0306258322237,12.0306258322237
"mistletoe",22,"baseline_mean",2,"count",23,12.0306258322237,12.0306258322237
"mistletoe",22,"baseline_mean",2,"count",24,12.0306258322237,12.0306258322237
"mistletoe",22,"baseline_mean",2,"count",5,12.0306258322237,12.0306258322237
"mistletoe",22,"baseline_mean",2,"count",9,12.0306258322237,12.0306258322237
"mistletoe",22,"baseline_mean",2,"count",14,12.0306258322237,12.0306258322237
"mistletoe",22,"baseline_mean",2,"count",13,12.0306258322237,12.0306258322237
"mistletoe",22,"baseline_mean",2,"count",17,12.0306258322237,12.0306258322237
"mistletoe",22,"baseline_mean",2,"count",17,12.0306258322237,12.0306258322237
"mistletoe",22,"baseline_mean",2,"count",11,12.0306258322237,12.0306258322237
"mistletoe",22,"baseline_mean",2,"count",18,12.0306258322237,12.0306258322237
"mistletoe",22,"baseline_mean",2,"count",12,12.0306258322237,12.0306258322237
"mistletoe",22,"baseline_mean",2,"count",33,12.0306258322237,12.0306258322237
"mistletoe",22,"baseline_mean",2,"count",12,12.0306258322237,12.0306258322237
"mistletoe",22,"baseline_mean",2,"count",9,12.0306258322237,12.0306258322237
"mistletoe",22,"baseline_mean",2,"count",2,12.0306258322237,12.0306258322237
"mistletoe",22,"baseline_mean",2,"count",6,12.0306258322237,12.0306258322237
"mistletoe",22,"baseline_mean",2,"count",54,12.0306258322237,12.0306258322237
"mistletoe",22,"baseline_mean",2,"count",1,12.0306258322237,12.0306258322237
"mistletoe",22,"baseline_mean",2,"count",19,12.0306258322237,12.0306258322237
"mistletoe",22,"baseline_mean",2,"count",49,12.0306258322237,12.0306258322237
"mistletoe",22,"baseline_mean",2,"count",8,12.0306258322237,12.0306258322237
"mistletoe",22,"baseline_mean",2,"count",4,12.0306258322237,12.0306258322237
"mistletoe",22,"baseline_mean",2,"count",10,12.0306258322237,12.0306258322237
"mistletoe",22,"baseline_mean",2,"count",33,12.0306258322237,12.0306258322237
"mistletoe",22,"baseline_mean",2,"count",9,12.0306258322237,12.0306258322237
"mistletoe",22,"baseline_mean",2,"count",23,12.0306258322237,12.0306258322237
"mistletoe",22,"baseline_mean",2,"count",18,12.0306258322237,12.0306258322237
"mistletoe",22,"baseline_mean",2,"count",6,12.0306258322237,12.0306258322237
"mistletoe",22,"baseline_mean",2,"count",2,12.0306258322237,12.0306258322237
"mistletoe",22,"baseline_mean",2,"count",2,12.0306258322237,12.0306258322237
"mistletoe",22,"baseline_mean",2,"count",2,12.0306258322237,12.0306258322237
"mistletoe",22,"baseline_mean",2,"count",13,12.0306258322237,12.0306258322237
"mistletoe",22,"baseline_mean",2,"count",13,12.0306258322237,12.0306258322237
"mistletoe",22,"baseline_mean",2,"count",9,12.0306258322237,12.0306258322237
"mistletoe",22,"baseline_mean",2,"count",5,12.0306258322237,12.0306258322237
"mistletoe",22,"baseline_mean",2,"count",6,12.0306258322237,12.0306258322237
"mistletoe",22,"baseline_mean",2,"count",6,12.0306258322237,12.0306258322237
"mistletoe",22,"baseline_mean",2,"count",4,12.0306258322237,12.0306258322237
"mistletoe",22,"baseline_mean",2,"count",11,12.0306258322237,12.0306258322237
"mistletoe",22,"baseline_mean",2,"count",2,12.0306258322237,12.0306258322237
"mistletoe",22,"baseline_mean",2,"count",6,12.0306258322237,12.0306258322237
"mistletoe",22,"baseline_mean",2,"count",13,12.0306258322237,12.0306258322237
"mistletoe",22,"baseline_mean",2,"count",7,12.0306258322237,12.0306258322237
"mistletoe",22,"baseline_mean",2,"count",13,12.0306258322237,12.0306258322237
"mistletoe",22,"baseline_mean",2,"count",8,12.0306258322237,12.0306258322237
"mistletoe",22,"baseline_mean",2,"count",12,12.0306258322237,12.0306258322237
"mistletoe",22,"baseline_mean",2,"count",3,12.0306258322237,12.0306258322237
"mistletoe",22,"baseline_mean",2,"count",23,12.0306258322237,12.0306258322237
"mistletoe",22,"baseline_mean",2,"count",8,12.0306258322237,12.0306258322237
"mistletoe",22,"baseline_mean",2,"count",11,12.0306258322237,12.0306258322237
"mistletoe",22,"baseline_mean",2,"count",7,12.0306258322237,12.0306258322237
"mistletoe",22,"baseline_mean",2,"count",8,12.0306258322237,12.0306258322237
"mistletoe",22,"baseline_mean",2,"count",10,12.0306258322237,12.0306258322237
"mistletoe",22,"baseline_mean",2,"count",18,12.0306258322237,12.0306258322237
"mistletoe",22,"baseline_mean",2,"count",10,12.0306258322237,12.0306258322237
"mistletoe",22,"baseline_mean",2,"count",18,12.0306258322237,12.0306258322237
"mistletoe",22,"baseline_mean",2,"count",13,12.0306258322237,12.0306258322237
"mistletoe",22,"baseline_mean",2,"count",16,12.0306258322237,12.0306258322237
"mistletoe",22,"baseline_mean",2,"count",10,12.0306258322237,12.0306258322237
"mistletoe",22,"baseline_mean",2,"count",10,12.0306258322237,12.0306258322237
"mistletoe",22,"baseline_mean",2,"count",13,12.0306258322237,12.0306258322237
"mistletoe",22,"baseline_mean",2,"count",7,12.0306258322237,12.0306258322237
"mistletoe",22,"baseline_mean",2,"count",4,12.0306258322237,12.0306258322237
"mistletoe",22,"baseline_mean",2,"count",5,12.0306258322237,12.0306258322237
"mistletoe",22,"baseline_mean",2,"count",34,12.0306258322237,12.0306258322237
"mistletoe",22,"baseline_mean",2,"count",22,12.0306258322237,12.0306258322237
"mistletoe",22,"baseline_mean",2,"count",34,12.0306258322237,12.0306258322237
"mistletoe",22,"baseline_mean",2,"count",18,12.0306258322237,12.0306258322237
"mistletoe",22,"baseline_mean",2,"count",8,12.0306258322237,12.0306258322237
"mistletoe",22,"baseline_mean",2,"count",7,12.0306258322237,12.0306258322237
"mistletoe",22,"baseline_mean",2,"count",4,12.0306258322237,12.0306258322237
"mistletoe",22,"baseline_mean",2,"count",7,12.0306258322237,12.0306258322237
"mistletoe",22,"baseline_mean",2,"count",2,12.0306258322237,12.0306258322237
"mistletoe",22,"baseline_mean",2,"count",17,12.0306258322237,12.0306258322237
"mistletoe",22,"baseline_mean",2,"count",10,12.0306258322237,12.0306258322237
"mistletoe",22,"baseline_mean",2,"count",10,12.0306258322237,12.0306258322237
"mistletoe",22,"baseline_mean",2,"count",3,12.0306258322237,12.0306258322237
"mistletoe",22,"baseline_mean",2,"count",0,12.0306258322237,12.0306258322237
"mistletoe",22,"baseline_mean",2,"count",2,12.0306258322237,12.0306258322237
"mistletoe",22,"baseline_mean",2,"count",16,12.0306258322237,12.0306258322237
"mistletoe",22,"baseline_mean",2,"count",14,12.0306258322237,12.0306258322237
"mistletoe",22,"baseline_mean",2,"count",5,12.0306258322237,12.0306258322237
"mistletoe",22,"baseline_mean",2,"count",13,12.0306258322237,12.0306258322237
"mistletoe",22,"baseline_mean",2,"count",15,12.0306258322237,12.0306258322237
"mistletoe",22,"baseline_mean",2,"count",2,12.0306258322237,12.0306258322237
"mistletoe",22,"baseline_mean",2,"count",9,12.0306258322237,12.0306258322237
"mistletoe",22,"baseline_mean",2,"count",0,12.0306258322237,12.0306258322237
"mistletoe",22,"baseline_mean",2,"count",2,12.0306258322237,12.0306258322237
"mistletoe",22,"baseline_mean",2,"count",8,12.0306258322237,12.0306258322237
"mistletoe",22,"baseline_mean",2,"count",11,12.0306258322237,12.0306258322237
"mistletoe",22,"baseline_mean",2,"count",10,12.0306258322237,12.0306258322237
"mistletoe",22,"baseline_mean",2,"count",3,12.0306258322237,12.0306258322237
"mistletoe",22,"baseline_mean",2,"count",19,12.0306258322237,12.0306258322237
"mistletoe",22,"baseline_mean",2,"count",22,12.0306258322237,12.0306258322237
"mistletoe",22,"baseline_mean",2,"count",22,12.0306258322237,12.0306258322237
"mistletoe",22,"baseline_mean",2,"count",12,12.0306258322237,12.0306258322237
"mistletoe",22,"baseline_mean",2,"count",8,12.0306258322237,12.0306258322237
"mistletoe",22,"baseline_mean",2,"count",8,12.0306258322237,12.0306258322237
"mistletoe",22,"baseline_mean",2,"count",7,12.0306258322237,12.0306258322237
"mistletoe",22,"baseline_mean",2,"count",13,12.0306258322237,12.0306258322237
"mistletoe",22,"baseline_mean",2,"count",7,12.0306258322237,12.0306258322237
"mistletoe",22,"baseline_mean",2,"count",18,12.0306258322237,12.0306258322237
"mistletoe",22,"baseline_mean",2,"count",7,12.0306258322237,12.0306258322237
"mistletoe",22,"baseline_mean",2,"count",7,12.0306258322237,12.0306258322237
"mistletoe",22,"baseline_mean",2,"count",5,12.0306258322237,12.0306258322237
"mistletoe",22,"baseline_mean",2,"count",2,12.0306258322237,12.0306258322237
"mistletoe",22,"baseline_mean",2,"count",22,12.0306258322237,12.0306258322237
"mistletoe",22,"baseline_mean",2,"count",17,12.0306258322237,12.0306258322237
"mistletoe",22,"baseline_mean",2,"count",15,12.0306258322237,12.0306258322237
"mistletoe",22,"baseline_mean",2,"count",22,12.0306258322237,12.0306258322237
"mistletoe",22,"baseline_mean",2,"count",14,12.0306258322237,12.0306258322237
"mistletoe",22,"baseline_mean",2,"count",13,12.0306258322237,12.0306258322237
"mistletoe",22,"baseline_mean",2,"count",3,12.0306258322237,12.0306258322237
"mistletoe",22,"baseline_mean",2,"count",8,12.0306258322237,12.0306258322237
"mistletoe",22,"baseline_mean",2,"count",5,12.0306258322237,12.0306258322237
"mistletoe",22,"baseline_mean",2,"count",3,12.0306258322237,12.0306258322237
"mistletoe",22,"baseline_mean",2,"count",8,12.0306258322237,12.0306258322237
"mistletoe",22,"baseline_mean",2,"count",6,12.0306258322237,12.0306258322237
"mistletoe",22,"baseline_mean",2,"count",8,12.0306258322237,12.0306258322237
"mistletoe",22,"baseline_mean",2,"count",13,12.0306258322237,12.0306258322237
"mistletoe",22,"baseline_mean",2,"count",6,12.0306258322237,12.0306258322237
"mistletoe",22,"baseline_mean",2,"count",8,12.0306258322237,12.0306258322237
"mistletoe",22,"baseline_mean",2,"count",9,12.0306258322237,12.0306258322237
"mistletoe",22,"baseline_mean",2,"count",21,12.0306258322237,12.0306258322237
"mistletoe",22,"baseline_mean",2,"count",10,12.0306258322237,12.0306258322237
"mistletoe",22,"baseline_mean",2,"count",8,12.0306258322237,12.0306258322237
"mistletoe",22,"baseline_mean",2,"count",19,12.0306258322237,12.0306258322237
"mistletoe",22,"baseline_mean",2,"count",13,12.0306258322237,12.0306258322237
"mistletoe",22,"baseline_mean",2,"count",24,12.0306258322237,12.0306258322237
"mistletoe",22,"baseline_mean",2,"count",11,12.0306258322237,12.0306258322237
"mistletoe",22,"baseline_mean",2,"count",24,12.0306258322237,12.0306258322237
"mistletoe",22,"baseline_mean",2,"count",14,12.0306258322237,12.0306258322237
"mistletoe",22,"baseline_mean",2,"count",25,12.0306258322237,12.0306258322237
"mistletoe",22,"baseline_mean",2,"count",8,12.0306258322237,12.0306258322237
"mistletoe",22,"baseline_mean",2,"count",23,12.0306258322237,12.0306258322237
"mistletoe",22,"baseline_mean",2,"count",19,12.0306258322237,12.0306258322237
"mistletoe",22,"baseline_mean",2,"count",9,12.0306258322237,12.0306258322237
"mistletoe",22,"baseline_mean",2,"count",15,12.0306258322237,12.0306258322237
"mistletoe",22,"baseline_mean",2,"count",11,12.0306258322237,12.0306258322237
"mistletoe",22,"baseline_mean",2,"count",15,12.0306258322237,12.0306258322237
"mistletoe",22,"baseline_mean",2,"count",5,12.0306258322237,12.0306258322237
"mistletoe",22,"baseline_mean",2,"count",13,12.0306258322237,12.0306258322237
"mistletoe",22,"baseline_mean",2,"count",12,12.0306258322237,12.0306258322237
"mistletoe",22,"baseline_mean",2,"count",12,12.0306258322237,12.0306258322237
"mistletoe",22,"baseline_mean",2,"count",4,12.0306258322237,12.0306258322237
"mistletoe",22,"baseline_mean",2,"count",4,12.0306258322237,12.0306258322237
"mistletoe",22,"baseline_mean",2,"count",21,12.0306258322237,12.0306258322237
"mistletoe",22,"baseline_mean",2,"count",17,12.0306258322237,12.0306258322237
"mistletoe",22,"baseline_mean",2,"count",8,12.0306258322237,12.0306258322237
"mistletoe",22,"baseline_mean",2,"count",8,12.0306258322237,12.0306258322237
"mistletoe",22,"baseline_mean",2,"count",1,12.0306258322237,12.0306258322237
"mistletoe",22,"baseline_mean",2,"count",6,12.0306258322237,12.0306258322237
"mistletoe",22,"baseline_mean",2,"count",1,12.0306258322237,12.0306258322237
"mistletoe",22,"baseline_mean",2,"count",29,12.0306258322237,12.0306258322237
"mistletoe",22,"baseline_mean",2,"count",29,12.0306258322237,12.0306258322237
"mistletoe",22,"baseline_mean",2,"count",19,12.0306258322237,12.0306258322237
"mistletoe",22,"baseline_mean",2,"count",16,12.0306258322237,12.0306258322237
"mistletoe",22,"baseline_mean",2,"count",24,12.0306258322237,12.0306258322237
"mistletoe",22,"baseline_mean",2,"count",3,12.0306258322237,12.0306258322237
"mistletoe",22,"baseline_mean",2,"count",4,12.0306258322237,12.0306258322237
"mistletoe",22,"baseline_mean",2,"count",12,12.0306258322237,12.0306258322237
"mistletoe",22,"baseline_mean",2,"count",9,12.0306258322237,12.0306258322237
"mistletoe",22,"baseline_mean",2,"count",7,12.0306258322237,12.0306258322237
"mistletoe",22,"baseline_mean",2,"count",7,12.0306258322237,12.0306258322237
"mistletoe",22,"baseline_mean",2,"count",15,12.0306258322237,12.0306258322237
"mistletoe",22,"baseline_mean",2,"count",13,12.0306258322237,12.0306258322237
"mistletoe",22,"baseline_mean",2,"count",13,12.0306258322237,12.0306258322237
"mistletoe",22,"baseline_mean",2,"count",12,12.0306258322237,12.0306258322237
"mistletoe",22,"baseline_mean",2,"count",7,12.0306258322237,12.0306258322237
"mistletoe",22,"baseline_mean",2,"count",11,12.0306258322237,12.0306258322237
"mistletoe",22,"baseline_mean",2,"count",6,12.0306258322237,12.0306258322237
"mistletoe",22,"baseline_mean",2,"count",8,12.0306258322237,12.0306258322237
"mistletoe",22,"baseline_mean",2,"count",8,12.0306258322237,12.0306258322237
"mistletoe",22,"baseline_mean",2,"count",7,12.0306258322237,12.0306258322237
"mistletoe",22,"baseline_mean",2,"count",11,12.0306258322237,12.0306258322237
"mistletoe",22,"baseline_mean",2,"count",15,12.0306258322237,12.0306258322237
"mistletoe",22,"baseline_mean",2,"count",6,12.0306258322237,12.0306258322237
"mistletoe",22,"baseline_mean",2,"count",5,12.0306258322237,12.0306258322237
"mistletoe",22,"baseline_mean",2,"count",18,12.0306258322237,12.0306258322237
"mistletoe",22,"baseline_mean",2,"count",15,12.0306258322237,12.0306258322237
"mistletoe",22,"baseline_mean",2,"count",7,12.0306258322237,12.0306258322237
"mistletoe",22,"baseline_mean",2,"count",24,12.0306258322237,12.0306258322237
"mistletoe",22,"baseline_mean",2,"count",37,12.0306258322237,12.0306258322237
"mistletoe",22,"baseline_mean",2,"count",24,12.0306258322237,12.0306258322237
"mistletoe",22,"baseline_mean",2,"count",15,12.0306258322237,12.0306258322237
"mistletoe",22,"baseline_mean",2,"count",8,12.0306258322237,12.0306258322237
"mistletoe",22,"baseline_mean",2,"count",18,12.0306258322237,12.0306258322237
"mistletoe",22,"baseline_mean",2,"count",4,12.0306258322237,12.0306258322237
"mistletoe",22,"baseline_mean",2,"count",25,12.0306258322237,12.0306258322237
"mistletoe",22,"baseline_mean",2,"count",20,12.0306258322237,12.0306258322237
"mistletoe",22,"baseline_mean",2,"count",6,12.0306258322237,12.0306258322237
"mistletoe",22,"baseline_mean",2,"count",20,12.0306258322237,12.0306258322237
"mistletoe",22,"baseline_mean",2,"count",8,12.0306258322237,12.0306258322237
"mistletoe",22,"baseline_mean",2,"count",17,12.0306258322237,12.0306258322237
"mistletoe",22,"baseline_mean",2,"count",5,12.0306258322237,12.0306258322237
"mistletoe",22,"baseline_mean",2,"count",17,12.0306258322237,12.0306258322237
"mistletoe",22,"baseline_mean",2,"count",3,12.0306258322237,12.0306258322237
"mistletoe",22,"baseline_mean",2,"count",5,12.0306258322237,12.0306258322237
"mistletoe",22,"baseline_mean",2,"count",6,12.0306258322237,12.0306258322237
"mistletoe",22,"baseline_mean",2,"count",18,12.0306258322237,12.0306258322237
"mistletoe",22,"baseline_mean",2,"count",15,12.0306258322237,12.0306258322237
"mistletoe",22,"baseline_mean",2,"count",10,12.0306258322237,12.0306258322237
"mistletoe",22,"baseline_mean",2,"count",12,12.0306258322237,12.0306258322237
"mistletoe",22,"baseline_mean",2,"count",30,12.0306258322237,12.0306258322237
"mistletoe",22,"baseline_mean",2,"count",23,12.0306258322237,12.0306258322237
"mistletoe",22,"baseline_mean",2,"count",4,12.0306258322237,12.0306258322237
"mistletoe",22,"baseline_mean",3,"count",21,12.3659117997616,12.3659117997616
"mistletoe",22,"baseline_mean",3,"count",21,12.3659117997616,12.3659117997616
"mistletoe",22,"baseline_mean",3,"count",24,12.3659117997616,12.3659117997616
"mistletoe",22,"baseline_mean",3,"count",80,12.3659117997616,12.3659117997616
"mistletoe",22,"baseline_mean",3,"count",12,12.3659117997616,12.3659117997616
"mistletoe",22,"baseline_mean",3,"count",4,12.3659117997616,12.3659117997616
"mistletoe",22,"baseline_mean",3,"count",10,12.3659117997616,12.3659117997616
"mistletoe",22,"baseline_mean",3,"count",31,12.3659117997616,12.3659117997616
"mistletoe",22,"baseline_mean",3,"count",10,12.3659117997616,12.3659117997616
"mistletoe",22,"baseline_mean",3,"count",3,12.3659117997616,12.3659117997616
"mistletoe",22,"baseline_mean",3,"count",12,12.3659117997616,12.3659117997616
"mistletoe",22,"baseline_mean",3,"count",13,12.3659117997616,12.3659117997616
"mistletoe",22,"baseline_mean",3,"count",23,12.3659117997616,12.3659117997616
"mistletoe",22,"baseline_mean",3,"count",11,12.3659117997616,12.3659117997616
"mistletoe",22,"baseline_mean",3,"count",11,12.3659117997616,12.3659117997616
"mistletoe",22,"baseline_mean",3,"count",14,12.3659117997616,12.3659117997616
"mistletoe",22,"baseline_mean",3,"count",28,12.3659117997616,12.3659117997616
"mistletoe",22,"baseline_mean",3,"count",12,12.3659117997616,12.3659117997616
"mistletoe",22,"baseline_mean",3,"count",30,12.3659117997616,12.3659117997616
"mistletoe",22,"baseline_mean",3,"count",10,12.3659117997616,12.3659117997616
"mistletoe",22,"baseline_mean",3,"count",18,12.3659117997616,12.3659117997616
"mistletoe",22,"baseline_mean",3,"count",15,12.3659117997616,12.3659117997616
"mistletoe",22,"baseline_mean",3,"count",14,12.3659117997616,12.3659117997616
"mistletoe",22,"baseline_mean",3,"count",14,12.3659117997616,12.3659117997616
"mistletoe",22,"baseline_mean",3,"count",9,12.3659117997616,12.3659117997616
"mistletoe",22,"baseline_mean",3,"count",2,12.3659117997616,12.3659117997616
"mistletoe",22,"baseline_mean",3,"count",7,12.3659117997616,12.3659117997616
"mistletoe",22,"baseline_mean",3,"count",5,12.3659117997616,12.3659117997616
"mistletoe",22,"baseline_mean",3,"count",9,12.3659117997616,12.3659117997616
"mistletoe",22,"baseline_mean",3,"count",9,12.3659117997616,12.3659117997616
"mistletoe",22,"baseline_mean",3,"count",53,12.3659117997616,12.3659117997616
"mistletoe",22,"baseline_mean",3,"count",4,12.3659117997616,12.3659117997616
"mistletoe",22,"baseline_mean",3,"count",15,12.3659117997616,12.3659117997616
"mistletoe",22,"baseline_mean",3,"count",7,12.3659117997616,12.3659117997616
"mistletoe",22,"baseline_mean",3,"count",10,12.3659117997616,12.3659117997616
"mistletoe",22,"baseline_mean",3,"count",11,12.3659117997616,12.3659117997616
"mistletoe",22,"baseline_mean",3,"count",13,12.3659117997616,12.3659117997616
"mistletoe",22,"baseline_mean",3,"count",14,12.3659117997616,12.3659117997616
"mistletoe",22,"baseline_mean",3,"count",9,12.3659117997616,12.3659117997616
"mistletoe",22,"baseline_mean",3,"count",7,12.3659117997616,12.3659117997616
"mistletoe",22,"baseline_mean",3,"count",12,12.3659117997616,12.3659117997616
"mistletoe",22,"baseline_mean",3,"count",12,12.3659117997616,12.3659117997616
"mistletoe",22,"baseline_mean",3,"count",11,12.3659117997616,12.3659117997616
"mistletoe",22,"baseline_mean",3,"count",10,12.3659117997616,12.3659117997616
"mistletoe",22,"baseline_mean",3,"count",3,12.3659117997616,12.3659117997616
"mistletoe",22,"baseline_mean",3,"count",3,12.3659117997616,12.3659117997616
"mistletoe",22,"baseline_mean",3,"count",10,12.3659117997616,12.3659117997616
"mistletoe",22,"baseline_mean",3,"count",15,12.3659117997616,12.3659117997616
"mistletoe",22,"baseline_mean",3,"count",6,12.3659117997616,12.3659117997616
"mistletoe",22,"baseline_mean",3,"count",8,12.3659117997616,12.3659117997616
"mistletoe",22,"baseline_mean",3,"count",9,12.3659117997616,12.3659117997616
"mistletoe",22,"baseline_mean",3,"count",12,12.3659117997616,12.3659117997616
"mistletoe",22,"baseline_mean",3,"count",8,12.3659117997616,12.3659117997616
"mistletoe",22,"baseline_mean",3,"count",10,12.3659117997616,12.3659117997616
"mistletoe",22,"baseline_mean",3,"count",4,12.3659117997616,12.3659117997616
"mistletoe",22,"baseline_mean",3,"count",6,12.3659117997616,12.3659117997616
"mistletoe",22,"baseline_mean",3,"count",3,12.3659117997616,12.3659117997616
"mistletoe",22,"baseline_mean",3,"count",7,12.3659117997616,12.3659117997616
"mistletoe",22,"baseline_mean",3,"count",5,12.3659117997616,12.3659117997616
"mistletoe",22,"baseline_mean",3,"count",14,12.3659117997616,12.3659117997616
"mistletoe",22,"baseline_mean",3,"count",14,12.3659117997616,12.3659117997616
"mistletoe",22,"baseline_mean",3,"count",9,12.3659117997616,12.3659117997616
"mistletoe",22,"baseline_mean",3,"count",8,12.3659117997616,12.3659117997616
"mistletoe",22,"baseline_mean",3,"count",17,12.3659117997616,12.3659117997616
"mistletoe",22,"baseline_mean",3,"count",14,12.3659117997616,12.3659117997616
"mistletoe",22,"baseline_mean",3,"count",8,12.3659117997616,12.3659117997616
"mistletoe",22,"baseline_mean",3,"count",10,12.3659117997616,12.3659117997616
"mistletoe",22,"baseline_mean",3,"count",9,12.3659117997616,12.3659117997616
"mistletoe",22,"baseline_mean",3,"count",16,12.3659117997616,12.3659117997616
"mistletoe",22,"baseline_mean",3,"count",4,12.3659117997616,12.3659117997616
"mistletoe",22,"baseline_mean",3,"count",4,12.3659117997616,12.3659117997616
"mistletoe",22,"baseline_mean",3,"count",10,12.3659117997616,12.3659117997616
"mistletoe",22,"baseline_mean",3,"count",7,12.3659117997616,12.3659117997616
"mistletoe",22,"baseline_mean",3,"count",3,12.3659117997616,12.3659117997616
"mistletoe",22,"baseline_mean",3,"count",7,12.3659117997616,12.3659117997616
"mistletoe",22,"baseline_mean",3,"count",6,12.3659117997616,12.3659117997616
"mistletoe",22,"baseline_mean",3,"count",3,12.3659117997616,12.3659117997616
"mistletoe",22,"baseline_mean",3,"count",0,12.3659117997616,12.3659117997616
"mistletoe",22,"baseline_mean",3,"count",10,12.3659117997616,12.3659117997616
"mistletoe",22,"baseline_mean",3,"count",12,12.3659117997616,12.3659117997616
"mistletoe",22,"baseline_mean",3,"count",12,12.3659117997616,12.3659117997616
"mistletoe",22,"baseline_mean",3,"count",3,12.3659117997616,12.3659117997616
"mistletoe",22,"baseline_mean",3,"count",2,12.3659117997616,12.3659117997616
"mistletoe",22,"baseline_mean",3,"count",11,12.3659117997616,12.3659117997616
"mistletoe",22,"baseline_mean",3,"count",16,12.3659117997616,12.3659117997616
"mistletoe",22,"baseline_mean",3,"count",4,12.3659117997616,12.3659117997616
"mistletoe",22,"baseline_mean",3,"count",5,12.3659117997616,12.3659117997616
"mistletoe",22,"baseline_mean",3,"count",11,12.3659117997616,12.3659117997616
"mistletoe",22,"baseline_mean",3,"count",8,12.3659117997616,12.3659117997616
"mistletoe",22,"baseline_mean",3,"count",17,12.3659117997616,12.3659117997616
"mistletoe",22,"baseline_mean",3,"count",5,12.3659117997616,12.3659117997616
"mistletoe",22,"baseline_mean",3,"count",11,12.3659117997616,12.3659117997616
"mistletoe",22,"baseline_mean",3,"count",6,12.3659117997616,12.3659117997616
"mistletoe",22,"baseline_mean",3,"count",14,12.3659117997616,12.3659117997616
"mistletoe",22,"baseline_mean",3,"count",9,12.3659117997616,12.3659117997616
"mistletoe",22,"baseline_mean",3,"count",8,12.3659117997616,12.3659117997616
"mistletoe",22,"baseline_mean",3,"count",12,12.3659117997616,12.3659117997616
"mistletoe",22,"baseline_mean",3,"count",12,12.3659117997616,12.3659117997616
"mistletoe",22,"baseline_mean",3,"count",8,12.3659117997616,12.3659117997616
"mistletoe",22,"baseline_mean",3,"count",4,12.3659117997616,12.3659117997616
"mistletoe",22,"baseline_mean",3,"count",9,12.3659117997616,12.3659117997616
"mistletoe",22,"baseline_mean",3,"count",10,12.3659117997616,12.3659117997616
"mistletoe",22,"baseline_mean",3,"count",18,12.3659117997616,12.3659117997616
"mistletoe",22,"baseline_mean",3,"count",8,12.3659117997616,12.3659117997616
"mistletoe",22,"baseline_mean",3,"count",28,12.3659117997616,12.3659117997616
"mistletoe",22,"baseline_mean",3,"count",14,12.3659117997616,12.3659117997616
"mistletoe",22,"baseline_mean",3,"count",10,12.3659117997616,12.3659117997616
"mistletoe",22,"baseline_mean",3,"count",9,12.3659117997616,12.3659117997616
"mistletoe",22,"baseline_mean",3,"count",6,12.3659117997616,12.3659117997616
"mistletoe",22,"baseline_mean",3,"count",4,12.3659117997616,12.3659117997616
"mistletoe",22,"baseline_mean",3,"count",3,12.3659117997616,12.3659117997616
"mistletoe",22,"baseline_mean",3,"count",6,12.3659117997616,12.3659117997616
"mistletoe",22,"baseline_mean",3,"count",9,12.3659117997616,12.3659117997616
"mistletoe",22,"baseline_mean",3,"count",11,12.3659117997616,12.3659117997616
"mistletoe",22,"baseline_mean",3,"count",14,12.3659117997616,12.3659117997616
"mistletoe",22,"baseline_mean",3,"count",7,12.3659117997616,12.3659117997616
"mistletoe",22,"baseline_mean",3,"count",6,12.3659117997616,12.3659117997616
"mistletoe",22,"baseline_mean",3,"count",7,12.3659117997616,12.3659117997616
"mistletoe",22,"baseline_mean",3,"count",7,12.3659117997616,12.3659117997616
"mistletoe",22,"baseline_mean",3,"count",5,12.3659117997616,12.3659117997616
"mistletoe",22,"baseline_mean",3,"count",4,12.3659117997616,12.3659117997616
"mistletoe",22,"baseline_mean",3,"count",13,12.3659117997616,12.3659117997616
"mistletoe",22,"baseline_mean",3,"count",6,12.3659117997616,12.3659117997616
"mistletoe",22,"baseline_mean",3,"count",7,12.3659117997616,12.3659117997616
"mistletoe",22,"baseline_mean",3,"count",14,12.3659117997616,12.3659117997616
"mistletoe",22,"baseline_mean",3,"count",12,12.3659117997616,12.3659117997616
"mistletoe",22,"baseline_mean",3,"count",7,12.3659117997616,12.3659117997616
"mistletoe",22,"baseline_mean",3,"count",12,12.3659117997616,12.3659117997616
"mistletoe",22,"baseline_mean",3,"count",5,12.3659117997616,12.3659117997616
"mistletoe",22,"baseline_mean",3,"count",8,12.3659117997616,12.3659117997616
"mistletoe",22,"baseline_mean",3,"count",6,12.3659117997616,12.3659117997616
"mistletoe",22,"baseline_mean",3,"count",5,12.3659117997616,12.3659117997616
"mistletoe",22,"baseline_mean",3,"count",5,12.3659117997616,12.3659117997616
"mistletoe",22,"baseline_mean",3,"count",3,12.3659117997616,12.3659117997616
"mistletoe",22,"baseline_mean",3,"count",12,12.3659117997616,12.3659117997616
"mistletoe",22,"baseline_mean",3,"count",11,12.3659117997616,12.3659117997616
"mistletoe",22,"baseline_mean",3,"count",19,12.3659117997616,12.3659117997616
"mistletoe",22,"baseline_mean",3,"count",13,12.3659117997616,12.3659117997616
"mistletoe",22,"baseline_mean",3,"count",10,12.3659117997616,12.3659117997616
"mistletoe",22,"baseline_mean",4,"count",17,12.4647355163728,12.4647355163728
"mistletoe",22,"baseline_mean",4,"count",29,12.4647355163728,12.4647355163728
"mistletoe",22,"baseline_mean",4,"count",16,12.4647355163728,12.4647355163728
"mistletoe",22,"baseline_mean",4,"count",0,12.4647355163728,12.4647355163728
"mistletoe",22,"baseline_mean",4,"count",21,12.4647355163728,12.4647355163728
"mistletoe",22,"baseline_mean",4,"count",3,12.4647355163728,12.4647355163728
"mistletoe",22,"baseline_mean",4,"count",12,12.4647355163728,12.4647355163728
"mistletoe",22,"baseline_mean",4,"count",8,12.4647355163728,12.4647355163728
"mistletoe",22,"baseline_mean",4,"count",17,12.4647355163728,12.4647355163728
"mistletoe",22,"baseline_mean",4,"count",18,12.4647355163728,12.4647355163728
"mistletoe",22,"baseline_mean",4,"count",6,12.4647355163728,12.4647355163728
"mistletoe",22,"baseline_mean",4,"count",10,12.4647355163728,12.4647355163728
"mistletoe",22,"baseline_mean",4,"count",5,12.4647355163728,12.4647355163728
"mistletoe",22,"baseline_mean",4,"count",12,12.4647355163728,12.4647355163728
"mistletoe",22,"baseline_mean",4,"count",27,12.4647355163728,12.4647355163728
"mistletoe",22,"baseline_mean",4,"count",13,12.4647355163728,12.4647355163728
"mistletoe",22,"baseline_mean",4,"count",9,12.4647355163728,12.4647355163728
"mistletoe",22,"baseline_mean",4,"count",41,12.4647355163728,12.4647355163728
"mistletoe",22,"baseline_mean",4,"count",12,12.4647355163728,12.4647355163728
"mistletoe",22,"baseline_mean",4,"count",17,12.4647355163728,12.4647355163728
"mistletoe",22,"baseline_mean",4,"count",18,12.4647355163728,12.4647355163728
"mistletoe",22,"baseline_mean",4,"count",7,12.4647355163728,12.4647355163728
"mistletoe",22,"baseline_mean",4,"count",15,12.4647355163728,12.4647355163728
"mistletoe",22,"baseline_mean",4,"count",46,12.4647355163728,12.4647355163728
"mistletoe",22,"baseline_mean",4,"count",14,12.4647355163728,12.4647355163728
"mistletoe",22,"baseline_mean",4,"count",5,12.4647355163728,12.4647355163728
"mistletoe",22,"baseline_mean",4,"count",24,12.4647355163728,12.4647355163728
"mistletoe",22,"baseline_mean",4,"count",13,12.4647355163728,12.4647355163728
"mistletoe",22,"baseline_mean",4,"count",5,12.4647355163728,12.4647355163728
"mistletoe",22,"baseline_mean",4,"count",12,12.4647355163728,12.4647355163728
"mistletoe",22,"baseline_mean",4,"count",16,12.4647355163728,12.4647355163728
"mistletoe",22,"baseline_mean",4,"count",10,12.4647355163728,12.4647355163728
"mistletoe",22,"baseline_mean",4,"count",5,12.4647355163728,12.4647355163728
"mistletoe",22,"baseline_mean",4,"count",7,12.4647355163728,12.4647355163728
"mistletoe",22,"baseline_mean",4,"count",7,12.4647355163728,12.4647355163728
"mistletoe",22,"baseline_mean",4,"count",14,12.4647355163728,12.4647355163728
"mistletoe",22,"baseline_mean",4,"count",5,12.4647355163728,12.4647355163728
"mistletoe",22,"baseline_mean",4,"count",19,12.4647355163728,12.4647355163728
"mistletoe",22,"baseline_mean",4,"count",6,12.4647355163728,12.4647355163728
"mistletoe",22,"baseline_mean",4,"count",7,12.4647355163728,12.4647355163728
"mistletoe",22,"baseline_mean",4,"count",4,12.4647355163728,12.4647355163728
"mistletoe",22,"baseline_mean",4,"count",8,12.4647355163728,12.4647355163728
"mistletoe",22,"baseline_mean",4,"count",21,12.4647355163728,12.4647355163728
"mistletoe",22,"baseline_mean",4,"count",7,12.4647355163728,12.4647355163728
"mistletoe",22,"baseline_mean",4,"count",4,12.4647355163728,12.4647355163728
"mistletoe",22,"baseline_mean",4,"count",5,12.4647355163728,12.4647355163728
"mistletoe",22,"baseline_mean",4,"count",5,12.4647355163728,12.4647355163728
"mistletoe",22,"baseline_mean",4,"count",15,12.4647355163728,12.4647355163728
"mistletoe",22,"baseline_mean",4,"count",18,12.4647355163728,12.4647355163728
"mistletoe",22,"baseline_mean",4,"count",13,12.4647355163728,12.4647355163728
"mistletoe",22,"baseline_mean",4,"count",9,12.4647355163728,12.4647355163728
"mistletoe",22,"baseline_mean",4,"count",5,12.4647355163728,12.4647355163728
"mistletoe",22,"baseline_mean",4,"count",9,12.4647355163728,12.4647355163728
"mistletoe",22,"baseline_mean",4,"count",10,12.4647355163728,12.4647355163728
"mistletoe",22,"baseline_mean",4,"count",3,12.4647355163728,12.4647355163728
"mistletoe",22,"baseline_mean",4,"count",5,12.4647355163728,12.4647355163728
"mistletoe",22,"baseline_mean",4,"count",10,12.4647355163728,12.4647355163728
"mistletoe",22,"baseline_mean",4,"count",8,12.4647355163728,12.4647355163728
"mistletoe",22,"baseline_mean",4,"count",12,12.4647355163728,12.4647355163728
"mistletoe",22,"baseline_mean",4,"count",19,12.4647355163728,12.4647355163728
"mistletoe",22,"baseline_mean",4,"count",26,12.4647355163728,12.4647355163728
"mistletoe",22,"baseline_mean",4,"count",13,12.4647355163728,12.4647355163728
"mistletoe",22,"baseline_mean",4,"count",13,12.4647355163728,12.4647355163728
"mistletoe",22,"baseline_mean",4,"count",24,12.4647355163728,12.4647355163728
"mistletoe",22,"baseline_mean",4,"count",18,12.4647355163728,12.4647355163728
"mistletoe",22,"baseline_mean",4,"count",11,12.4647355163728,12.4647355163728
"mistletoe",22,"baseline_mean",4,"count",16,12.4647355163728,12.4647355163728
"mistletoe",22,"baseline_mean",4,"count",15,12.4647355163728,12.4647355163728
"mistletoe",22,"baseline_mean",4,"count",6,12.4647355163728,12.4647355163728
"mistletoe",22,"baseline_mean",4,"count",15,12.4647355163728,12.4647355163728
"mistletoe",22,"baseline_mean",4,"count",2,12.4647355163728,12.4647355163728
"mistletoe",22,"baseline_mean",4,"count",3,12.4647355163728,12.4647355163728
"mistletoe",22,"baseline_mean",4,"count",11,12.4647355163728,12.4647355163728
"mistletoe",22,"baseline_mean",4,"count",13,12.4647355163728,12.4647355163728
"mistletoe",22,"baseline_mean",4,"count",12,12.4647355163728,12.4647355163728
"mistletoe",22,"baseline_mean",4,"count",8,12.4647355163728,12.4647355163728
"mistletoe",22,"baseline_mean",4,"count",7,12.4647355163728,12.4647355163728
"mistletoe",22,"baseline_mean",4,"count",11,12.4647355163728,12.4647355163728
"mistletoe",22,"baseline_mean",4,"count",18,12.4647355163728,12.4647355163728
"mistletoe",22,"baseline_mean",4,"count",18,12.4647355163728,12.4647355163728
"mistletoe",22,"baseline_mean",4,"count",17,12.4647355163728,12.4647355163728
"mistletoe",22,"baseline_mean",4,"count",6,12.4647355163728,12.4647355163728
"mistletoe",22,"baseline_mean",4,"count",8,12.4647355163728,12.4647355163728
"mistletoe",22,"baseline_mean",4,"count",18,12.4647355163728,12.4647355163728
"mistletoe",22,"baseline_mean",4,"count",11,12.4647355163728,12.4647355163728
"mistletoe",22,"baseline_mean",4,"count",13,12.4647355163728,12.4647355163728
"mistletoe",22,"baseline_mean",4,"count",15,12.4647355163728,12.4647355163728
"mistletoe",22,"baseline_mean",4,"count",13,12.4647355163728,12.4647355163728
"mistletoe",22,"baseline_mean",4,"count",12,12.4647355163728,12.4647355163728
"mistletoe",22,"baseline_mean",4,"count",13,12.4647355163728,12.4647355163728
"mistletoe",22,"baseline_mean",4,"count",14,12.4647355163728,12.4647355163728
"mistletoe",22,"baseline_mean",4,"count",8,12.4647355163728,12.4647355163728
"mistletoe",22,"baseline_mean",4,"count",12,12.4647355163728,12.4647355163728
"mistletoe",22,"baseline_mean",4,"count",6,12.4647355163728,12.4647355163728
"mistletoe",22,"baseline_mean",4,"count",12,12.4647355163728,12.4647355163728
"mistletoe",22,"baseline_mean",4,"count",4,12.4647355163728,12.4647355163728
"mistletoe",22,"baseline_mean",4,"count",9,12.4647355163728,12.4647355163728
"mistletoe",22,"baseline_mean",4,"count",13,12.4647355163728,12.4647355163728
"mistletoe",22,"baseline_mean",4,"count",15,12.4647355163728,12.4647355163728
"mistletoe",22,"baseline_mean",4,"count",7,12.4647355163728,12.4647355163728
"mistletoe",22,"baseline_mean",4,"count",5,12.4647355163728,12.4647355163728
"mistletoe",22,"baseline_mean",4,"count",10,12.4647355163728,12.4647355163728
"mistletoe",22,"baseline_mean",4,"count",8,12.4647355163728,12.4647355163728
"mistletoe",22,"baseline_mean",4,"count",20,12.4647355163728,12.4647355163728
"mistletoe",22,"baseline_mean",4,"count",5,12.4647355163728,12.4647355163728
"mistletoe",22,"baseline_mean",4,"count",4,12.4647355163728,12.4647355163728
"mistletoe",22,"baseline_mean",4,"count",10,12.4647355163728,12.4647355163728
"mistletoe",22,"baseline_mean",4,"count",3,12.4647355163728,12.4647355163728
"mistletoe",22,"baseline_mean",4,"count",6,12.4647355163728,12.4647355163728
"mistletoe",22,"baseline_mean",4,"count",12,12.4647355163728,12.4647355163728
"mistletoe",22,"baseline_mean",4,"count",2,12.4647355163728,12.4647355163728
"mistletoe",22,"baseline_mean",4,"count",9,12.4647355163728,12.4647355163728
"mistletoe",22,"baseline_mean",4,"count",13,12.4647355163728,12.4647355163728
"mistletoe",22,"baseline_mean",4,"count",5,12.4647355163728,12.4647355163728
"mistletoe",22,"baseline_mean",4,"count",14,12.4647355163728,12.4647355163728
"mistletoe",22,"baseline_mean",4,"count",2,12.4647355163728,12.4647355163728
"mistletoe",22,"baseline_mean",4,"count",5,12.4647355163728,12.4647355163728
"mistletoe",22,"baseline_mean",4,"count",6,12.4647355163728,12.4647355163728
"mistletoe",22,"baseline_mean",4,"count",19,12.4647355163728,12.4647355163728
"mistletoe",22,"baseline_mean",4,"count",16,12.4647355163728,12.4647355163728
"mistletoe",22,"baseline_mean",4,"count",13,12.4647355163728,12.4647355163728
"mistletoe",22,"baseline_mean",4,"count",16,12.4647355163728,12.4647355163728
"mistletoe",22,"baseline_mean",4,"count",10,12.4647355163728,12.4647355163728
"mistletoe",22,"baseline_mean",4,"count",13,12.4647355163728,12.4647355163728
"mistletoe",22,"baseline_mean",4,"count",15,12.4647355163728,12.4647355163728
"mistletoe",22,"baseline_mean",4,"count",9,12.4647355163728,12.4647355163728
"mistletoe",22,"baseline_mean",4,"count",11,12.4647355163728,12.4647355163728
"mistletoe",22,"baseline_mean",4,"count",5,12.4647355163728,12.4647355163728
"mistletoe",22,"baseline_mean",4,"count",3,12.4647355163728,12.4647355163728
"mistletoe",22,"baseline_mean",4,"count",6,12.4647355163728,12.4647355163728
"mistletoe",22,"baseline_mean",4,"count",6,12.4647355163728,12.4647355163728
"mistletoe",22,"baseline_mean",4,"count",4,12.4647355163728,12.4647355163728
"mistletoe",22,"baseline_mean",4,"count",11,12.4647355163728,12.4647355163728
"mistletoe",22,"baseline_mean",4,"count",6,12.4647355163728,12.4647355163728
"mistletoe",22,"baseline_mean",4,"count",9,12.4647355163728,12.4647355163728
"mistletoe",22,"baseline_mean",4,"count",13,12.4647355163728,12.4647355163728
"mistletoe",22,"baseline_mean",4,"count",13,12.4647355163728,12.4647355163728
"mistletoe",22,"baseline_mean",4,"count",6,12.4647355163728,12.4647355163728
"mistletoe",22,"baseline_mean",4,"count",0,12.4647355163728,12.4647355163728
"mistletoe",22,"baseline_mean",4,"count",12,12.4647355163728,12.4647355163728
"mistletoe",22,"baseline_mean",4,"count",2,12.4647355163728,12.4647355163728
"mistletoe",22,"baseline_mean",4,"count",7,12.4647355163728,12.4647355163728
"mistletoe",22,"baseline_mean",4,"count",9,12.4647355163728,12.4647355163728
"mistletoe",22,"baseline_mean",4,"count",8,12.4647355163728,12.4647355163728
"mistletoe",22,"baseline_mean",4,"count",4,12.4647355163728,12.4647355163728
"mistletoe",22,"baseline_mean",4,"count",1,12.4647355163728,12.4647355163728
"mistletoe",22,"baseline_mean",4,"count",1,12.4647355163728,12.4647355163728
"mistletoe",22,"baseline_mean",4,"count",0,12.4647355163728,12.4647355163728
"mistletoe",22,"baseline_mean",4,"count",3,12.4647355163728,12.4647355163728
"mistletoe",22,"baseline_mean",4,"count",5,12.4647355163728,12.4647355163728
"mistletoe",22,"baseline_mean",4,"count",7,12.4647355163728,12.4647355163728
"mistletoe",22,"baseline_mean",4,"count",6,12.4647355163728,12.4647355163728
"mistletoe",22,"baseline_mean",4,"count",0,12.4647355163728,12.4647355163728
"mistletoe",22,"baseline_mean",4,"count",4,12.4647355163728,12.4647355163728
"mistletoe",22,"baseline_mean",4,"count",7,12.4647355163728,12.4647355163728
"mistletoe",22,"baseline_mean",4,"count",0,12.4647355163728,12.4647355163728
"mistletoe",22,"baseline_mean",4,"count",14,12.4647355163728,12.4647355163728
"mistletoe",22,"baseline_mean",4,"count",0,12.4647355163728,12.4647355163728
"mistletoe",22,"baseline_mean",4,"count",5,12.4647355163728,12.4647355163728
"mistletoe",22,"baseline_mean",4,"count",17,12.4647355163728,12.4647355163728
"mistletoe",22,"baseline_mean",4,"count",12,12.4647355163728,12.4647355163728
"mistletoe",22,"baseline_mean",4,"count",6,12.4647355163728,12.4647355163728
"mistletoe",22,"baseline_mean",4,"count",3,12.4647355163728,12.4647355163728
"mistletoe",22,"baseline_mean",4,"count",45,12.4647355163728,12.4647355163728
"mistletoe",22,"baseline_mean",4,"count",7,12.4647355163728,12.4647355163728
"mistletoe",22,"baseline_mean",4,"count",7,12.4647355163728,12.4647355163728
"mistletoe",22,"baseline_mean",4,"count",5,12.4647355163728,12.4647355163728
"mistletoe",22,"baseline_mean",4,"count",6,12.4647355163728,12.4647355163728
"mistletoe",22,"baseline_mean",4,"count",21,12.4647355163728,12.4647355163728
"mistletoe",22,"baseline_mean",4,"count",20,12.4647355163728,12.4647355163728
"mistletoe",22,"baseline_mean",4,"count",16,12.4647355163728,12.4647355163728
"mistletoe",22,"baseline_mean",4,"count",31,12.4647355163728,12.4647355163728
"mistletoe",22,"baseline_mean",4,"count",7,12.4647355163728,12.4647355163728
"mistletoe",22,"baseline_mean",4,"count",11,12.4647355163728,12.4647355163728
"mistletoe",22,"baseline_mean",4,"count",8,12.4647355163728,12.4647355163728
"mistletoe",22,"baseline_mean",4,"count",11,12.4647355163728,12.4647355163728
"mistletoe",22,"baseline_mean",4,"count",13,12.4647355163728,12.4647355163728
"mistletoe",22,"baseline_mean",4,"count",7,12.4647355163728,12.4647355163728
"mistletoe",22,"baseline_mean",4,"count",16,12.4647355163728,12.4647355163728
"mistletoe",22,"baseline_mean",4,"count",0,12.4647355163728,12.4647355163728
"mistletoe",22,"baseline_mean",4,"count",11,12.4647355163728,12.4647355163728
"mistletoe",22,"baseline_mean",4,"count",19,12.4647355163728,12.4647355163728
"mistletoe",22,"baseline_mean",4,"count",9,12.4647355163728,12.4647355163728
"mistletoe",22,"baseline_mean",4,"count",13,12.4647355163728,12.4647355163728
"mistletoe",22,"baseline_mean",5,"count",20,12.1535380507343,12.1535380507343
"mistletoe",22,"baseline_mean",5,"count",11,12.1535380507343,12.1535380507343
"mistletoe",22,"baseline_mean",5,"count",76,12.1535380507343,12.1535380507343
"mistletoe",22,"baseline_mean",5,"count",42,12.1535380507343,12.1535380507343
"mistletoe",22,"baseline_mean",5,"count",23,12.1535380507343,12.1535380507343
"mistletoe",22,"baseline_mean",5,"count",35,12.1535380507343,12.1535380507343
"mistletoe",22,"baseline_mean",5,"count",17,12.1535380507343,12.1535380507343
"mistletoe",22,"baseline_mean",5,"count",37,12.1535380507343,12.1535380507343
"mistletoe",22,"baseline_mean",5,"count",13,12.1535380507343,12.1535380507343
"mistletoe",22,"baseline_mean",5,"count",45,12.1535380507343,12.1535380507343
"mistletoe",22,"baseline_mean",5,"count",8,12.1535380507343,12.1535380507343
"mistletoe",22,"baseline_mean",5,"count",21,12.1535380507343,12.1535380507343
"mistletoe",22,"baseline_mean",5,"count",8,12.1535380507343,12.1535380507343
"mistletoe",22,"baseline_mean",5,"count",14,12.1535380507343,12.1535380507343
"mistletoe",22,"baseline_mean",5,"count",56,12.1535380507343,12.1535380507343
"mistletoe",22,"baseline_mean",5,"count",5,12.1535380507343,12.1535380507343
"mistletoe",22,"baseline_mean",5,"count",16,12.1535380507343,12.1535380507343
"mistletoe",22,"baseline_mean",5,"count",12,12.1535380507343,12.1535380507343
"mistletoe",22,"baseline_mean",5,"count",15,12.1535380507343,12.1535380507343
"mistletoe",22,"baseline_mean",5,"count",16,12.1535380507343,12.1535380507343
"mistletoe",22,"baseline_mean",5,"count",11,12.1535380507343,12.1535380507343
"mistletoe",22,"baseline_mean",5,"count",47,12.1535380507343,12.1535380507343
"mistletoe",22,"baseline_mean",5,"count",19,12.1535380507343,12.1535380507343
"mistletoe",22,"baseline_mean",5,"count",7,12.1535380507343,12.1535380507343
"mistletoe",22,"baseline_mean",5,"count",8,12.1535380507343,12.1535380507343
"mistletoe",22,"baseline_mean",5,"count",20,12.1535380507343,12.1535380507343
"mistletoe",22,"baseline_mean",5,"count",8,12.1535380507343,12.1535380507343
"mistletoe",22,"baseline_mean",5,"count",15,12.1535380507343,12.1535380507343
"mistletoe",22,"baseline_mean",5,"count",8,12.1535380507343,12.1535380507343
"mistletoe",22,"baseline_mean",5,"count",24,12.1535380507343,12.1535380507343
"mistletoe",22,"baseline_mean",5,"count",2,12.1535380507343,12.1535380507343
"mistletoe",22,"baseline_mean",5,"count",4,12.1535380507343,12.1535380507343
"mistletoe",22,"baseline_mean",5,"count",11,12.1535380507343,12.1535380507343
"mistletoe",22,"baseline_mean",5,"count",11,12.1535380507343,12.1535380507343
"mistletoe",22,"baseline_mean",5,"count",2,12.1535380507343,12.1535380507343
"mistletoe",22,"baseline_mean",5,"count",15,12.1535380507343,12.1535380507343
"mistletoe",22,"baseline_mean",5,"count",28,12.1535380507343,12.1535380507343
"mistletoe",22,"baseline_mean",5,"count",17,12.1535380507343,12.1535380507343
"mistletoe",22,"baseline_mean",5,"count",21,12.1535380507343,12.1535380507343
"mistletoe",22,"baseline_mean",5,"count",12,12.1535380507343,12.1535380507343
"mistletoe",22,"baseline_mean",5,"count",5,12.1535380507343,12.1535380507343
"mistletoe",22,"baseline_mean",5,"count",14,12.1535380507343,12.1535380507343
"mistletoe",22,"baseline_mean",5,"count",9,12.1535380507343,12.1535380507343
"mistletoe",22,"baseline_mean",5,"count",13,12.1535380507343,12.1535380507343
"mistletoe",22,"baseline_mean",5,"count",21,12.1535380507343,12.1535380507343
"mistletoe",22,"baseline_mean",5,"count",7,12.1535380507343,12.1535380507343
"mistletoe",22,"baseline_mean",5,"count",9,12.1535380507343,12.1535380507343
"mistletoe",22,"baseline_mean",5,"count",16,12.1535380507343,12.1535380507343
"mistletoe",22,"baseline_mean",5,"count",9,12.1535380507343,12.1535380507343
"mistletoe",22,"baseline_mean",5,"count",5,12.1535380507343,12.1535380507343
"mistletoe",22,"baseline_mean",5,"count",18,12.1535380507343,12.1535380507343
"mistletoe",22,"baseline_mean",5,"count",24,12.1535380507343,12.1535380507343
"mistletoe",22,"baseline_mean",5,"count",9,12.1535380507343,12.1535380507343
"mistletoe",22,"baseline_mean",5,"count",23,12.1535380507343,12.1535380507343
"mistletoe",22,"baseline_mean",5,"count",4,12.1535380507343,12.1535380507343
"mistletoe",22,"baseline_mean",5,"count",19,12.1535380507343,12.1535380507343
"mistletoe",22,"baseline_mean",5,"count",3,12.1535380507343,12.1535380507343
"mistletoe",22,"baseline_mean",5,"count",12,12.1535380507343,12.1535380507343
"mistletoe",22,"baseline_mean",5,"count",7,12.1535380507343,12.1535380507343
"mistletoe",22,"baseline_mean",5,"count",1,12.1535380507343,12.1535380507343
"mistletoe",22,"baseline_mean",5,"count",6,12.1535380507343,12.1535380507343
"mistletoe",22,"baseline_mean",5,"count",10,12.1535380507343,12.1535380507343
"mistletoe",22,"baseline_mean",5,"count",12,12.1535380507343,12.1535380507343
"mistletoe",22,"baseline_mean",5,"count",2,12.1535380507343,12.1535380507343
"mistletoe",22,"baseline_mean",5,"count",9,12.1535380507343,12.1535380507343
"mistletoe",22,"baseline_mean",5,"count",20,12.1535380507343,12.1535380507343
"mistletoe",22,"baseline_mean",5,"count",15,12.1535380507343,12.1535380507343
"mistletoe",22,"baseline_mean",5,"count",7,12.1535380507343,12.1535380507343
"mistletoe",22,"baseline_mean",5,"count",1,12.1535380507343,12.1535380507343
"mistletoe",22,"baseline_mean",5,"count",8,12.1535380507343,12.1535380507343
"mistletoe",22,"baseline_mean",5,"count",14,12.1535380507343,12.1535380507343
"mistletoe",22,"baseline_mean",5,"count",4,12.1535380507343,12.1535380507343
"mistletoe",22,"baseline_mean",5,"count",9,12.1535380507343,12.1535380507343
"mistletoe",22,"baseline_mean",5,"count",8,12.1535380507343,12.1535380507343
"mistletoe",22,"baseline_mean",5,"count",19,12.1535380507343,12.1535380507343
"mistletoe",22,"baseline_mean",5,"count",14,12.1535380507343,12.1535380507343
"mistletoe",22,"baseline_mean",5,"count",10,12.1535380507343,12.1535380507343
"mistletoe",22,"baseline_mean",5,"count",14,12.1535380507343,12.1535380507343
"mistletoe",22,"baseline_mean",5,"count",10,12.1535380507343,12.1535380507343
"mistletoe",22,"baseline_mean",5,"count",9,12.1535380507343,12.1535380507343
"mistletoe",22,"baseline_mean",5,"count",12,12.1535380507343,12.1535380507343
"mistletoe",22,"baseline_mean",5,"count",8,12.1535380507343,12.1535380507343
"mistletoe",22,"baseline_mean",5,"count",8,12.1535380507343,12.1535380507343
"mistletoe",22,"baseline_mean",5,"count",0,12.1535380507343,12.1535380507343
"mistletoe",22,"baseline_mean",5,"count",9,12.1535380507343,12.1535380507343
"mistletoe",22,"baseline_mean",5,"count",5,12.1535380507343,12.1535380507343
"mistletoe",22,"baseline_mean",5,"count",8,12.1535380507343,12.1535380507343
"mistletoe",22,"baseline_mean",5,"count",3,12.1535380507343,12.1535380507343
"mistletoe",22,"baseline_mean",5,"count",6,12.1535380507343,12.1535380507343
"mistletoe",22,"baseline_mean",5,"count",11,12.1535380507343,12.1535380507343
"mistletoe",22,"baseline_mean",5,"count",7,12.1535380507343,12.1535380507343
"mistletoe",22,"baseline_mean",5,"count",8,12.1535380507343,12.1535380507343
"mistletoe",22,"baseline_mean",5,"count",12,12.1535380507343,12.1535380507343
"mistletoe",22,"baseline_mean",5,"count",5,12.1535380507343,12.1535380507343
"mistletoe",22,"baseline_mean",5,"count",11,12.1535380507343,12.1535380507343
"mistletoe",22,"baseline_mean",5,"count",17,12.1535380507343,12.1535380507343
"mistletoe",22,"baseline_mean",5,"count",15,12.1535380507343,12.1535380507343
"mistletoe",22,"baseline_mean",5,"count",2,12.1535380507343,12.1535380507343
"mistletoe",22,"baseline_mean",5,"count",5,12.1535380507343,12.1535380507343
"mistletoe",22,"baseline_mean",5,"count",7,12.1535380507343,12.1535380507343
"mistletoe",22,"baseline_mean",5,"count",16,12.1535380507343,12.1535380507343
"mistletoe",22,"baseline_mean",5,"count",8,12.1535380507343,12.1535380507343
"mistletoe",22,"baseline_mean",5,"count",4,12.1535380507343,12.1535380507343
"mistletoe",22,"baseline_mean",5,"count",11,12.1535380507343,12.1535380507343
"mistletoe",22,"baseline_mean",5,"count",15,12.1535380507343,12.1535380507343
"mistletoe",22,"baseline_mean",5,"count",6,12.1535380507343,12.1535380507343
"mistletoe",22,"baseline_mean",5,"count",10,12.1535380507343,12.1535380507343
"mistletoe",22,"baseline_mean",5,"count",6,12.1535380507343,12.1535380507343
"mistletoe",22,"baseline_mean",5,"count",5,12.1535380507343,12.1535380507343
"mistletoe",22,"baseline_mean",5,"count",11,12.1535380507343,12.1535380507343
"mistletoe",22,"baseline_mean",5,"count",13,12.1535380507343,12.1535380507343
"mistletoe",22,"baseline_mean",5,"count",6,12.1535380507343,12.1535380507343
"mistletoe",22,"baseline_mean",5,"count",6,12.1535380507343,12.1535380507343
"mistletoe",22,"baseline_mean",5,"count",13,12.1535380507343,12.1535380507343
"mistletoe",22,"baseline_mean",5,"count",9,12.1535380507343,12.1535380507343
"mistletoe",22,"baseline_mean",5,"count",25,12.1535380507343,12.1535380507343
"mistletoe",22,"baseline_mean",5,"count",3,12.1535380507343,12.1535380507343
"mistletoe",22,"baseline_mean",5,"count",13,12.1535380507343,12.1535380507343
"mistletoe",22,"baseline_mean",5,"count",20,12.1535380507343,12.1535380507343
"mistletoe",22,"baseline_mean",5,"count",11,12.1535380507343,12.1535380507343
"mistletoe",22,"baseline_mean",5,"count",16,12.1535380507343,12.1535380507343
"mistletoe",22,"baseline_mean",5,"count",15,12.1535380507343,12.1535380507343
"mistletoe",22,"baseline_mean",5,"count",6,12.1535380507343,12.1535380507343
"mistletoe",22,"baseline_mean",5,"count",5,12.1535380507343,12.1535380507343
"mistletoe",22,"baseline_mean",5,"count",12,12.1535380507343,12.1535380507343
"mistletoe",22,"baseline_mean",5,"count",5,12.1535380507343,12.1535380507343
"mistletoe",22,"baseline_mean",5,"count",7,12.1535380507343,12.1535380507343
"mistletoe",22,"baseline_mean",5,"count",10,12.1535380507343,12.1535380507343
"mistletoe",22,"baseline_mean",5,"count",11,12.1535380507343,12.1535380507343
"mistletoe",22,"baseline_mean",5,"count",14,12.1535380507343,12.1535380507343
"mistletoe",22,"baseline_mean",5,"count",17,12.1535380507343,12.1535380507343
"mistletoe",22,"baseline_mean",5,"count",8,12.1535380507343,12.1535380507343
"mistletoe",22,"baseline_mean",5,"count",7,12.1535380507343,12.1535380507343
"mistletoe",22,"baseline_mean",5,"count",7,12.1535380507343,12.1535380507343
"mistletoe",22,"baseline_mean",5,"count",3,12.1535380507343,12.1535380507343
"mistletoe",22,"baseline_mean",5,"count",12,12.1535380507343,12.1535380507343
"mistletoe",22,"baseline_mean",5,"count",11,12.1535380507343,12.1535380507343
"mistletoe",22,"baseline_mean",5,"count",11,12.1535380507343,12.1535380507343
"mistletoe",22,"baseline_mean",5,"count",11,12.1535380507343,12.1535380507343
"mistletoe",22,"baseline_mean",5,"count",9,12.1535380507343,12.1535380507343
"mistletoe",22,"baseline_mean",5,"count",13,12.1535380507343,12.1535380507343
"mistletoe",22,"baseline_mean",5,"count",3,12.1535380507343,12.1535380507343
"mistletoe",22,"baseline_mean",5,"count",28,12.1535380507343,12.1535380507343
"mistletoe",22,"baseline_mean",5,"count",5,12.1535380507343,12.1535380507343
"mistletoe",22,"baseline_mean",5,"count",9,12.1535380507343,12.1535380507343
"mistletoe",22,"baseline_mean",5,"count",15,12.1535380507343,12.1535380507343
"mistletoe",22,"baseline_mean",5,"count",8,12.1535380507343,12.1535380507343
"mistletoe",22,"baseline_mean",5,"count",9,12.1535380507343,12.1535380507343
"mistletoe",22,"baseline_mean",5,"count",12,12.1535380507343,12.1535380507343
"mistletoe",22,"baseline_mean",5,"count",10,12.1535380507343,12.1535380507343
"mistletoe",22,"baseline_mean",5,"count",13,12.1535380507343,12.1535380507343
"mistletoe",22,"baseline_mean",5,"count",22,12.1535380507343,12.1535380507343
"mistletoe",22,"baseline_mean",5,"count",10,12.1535380507343,12.1535380507343
"mistletoe",22,"baseline_mean",5,"count",17,12.1535380507343,12.1535380507343
"mistletoe",22,"baseline_mean",5,"count",15,12.1535380507343,12.1535380507343
"mistletoe",22,"baseline_mean",5,"count",9,12.1535380507343,12.1535380507343
"mistletoe",22,"baseline_mean",5,"count",9,12.1535380507343,12.1535380507343
"mistletoe",22,"baseline_mean",5,"count",8,12.1535380507343,12.1535380507343
"mistletoe",22,"baseline_mean",5,"count",10,12.1535380507343,12.1535380507343
"mistletoe",22,"baseline_mean",5,"count",12,12.1535380507343,12.1535380507343
"mistletoe",22,"baseline_mean",5,"count",8,12.1535380507343,12.1535380507343
"mistletoe",22,"baseline_mean",5,"count",8,12.1535380507343,12.1535380507343
"mistletoe",22,"baseline_mean",5,"count",10,12.1535380507343,12.1535380507343
"mistletoe",22,"baseline_mean",5,"count",4,12.1535380507343,12.1535380507343
"mistletoe",22,"baseline_mean",5,"count",6,12.1535380507343,12.1535380507343
"mistletoe",22,"baseline_mean",5,"count",11,12.1535380507343,12.1535380507343
"mistletoe",22,"baseline_mean",5,"count",4,12.1535380507343,12.1535380507343
"mistletoe",22,"baseline_mean",5,"count",6,12.1535380507343,12.1535380507343
"mistletoe",22,"baseline_mean",5,"count",4,12.1535380507343,12.1535380507343
"mistletoe",22,"baseline_mean",5,"count",3,12.1535380507343,12.1535380507343
"mistletoe",22,"baseline_mean",5,"count",8,12.1535380507343,12.1535380507343
"mistletoe",22,"baseline_mean",5,"count",5,12.1535380507343,12.1535380507343
"mistletoe",22,"baseline_mean",5,"count",7,12.1535380507343,12.1535380507343
"mistletoe",22,"baseline_mean",5,"count",17,12.1535380507343,12.1535380507343
"mistletoe",22,"baseline_mean",5,"count",3,12.1535380507343,12.1535380507343
"mistletoe",22,"baseline_mean",5,"count",9,12.1535380507343,12.1535380507343
"mistletoe",22,"baseline_mean",5,"count",6,12.1535380507343,12.1535380507343
"mistletoe",22,"baseline_mean",5,"count",27,12.1535380507343,12.1535380507343
"mistletoe",22,"baseline_mean",5,"count",12,12.1535380507343,12.1535380507343
"mistletoe",22,"baseline_mean",5,"count",4,12.1535380507343,12.1535380507343
"mistletoe",22,"baseline_mean",5,"count",4,12.1535380507343,12.1535380507343
"mistletoe",22,"baseline_mean",5,"count",14,12.1535380507343,12.1535380507343
"mistletoe",22,"baseline_mean",5,"count",4,12.1535380507343,12.1535380507343
"mistletoe",22,"baseline_mean",5,"count",9,12.1535380507343,12.1535380507343
"mistletoe",22,"baseline_mean",5,"count",5,12.1535380507343,12.1535380507343
"mistletoe",22,"baseline_mean",5,"count",6,12.1535380507343,12.1535380507343
"mistletoe",22,"baseline_mean",5,"count",19,12.1535380507343,12.1535380507343
"mistletoe",22,"baseline_mean",5,"count",10,12.1535380507343,12.1535380507343
"mistletoe",22,"baseline_mean",5,"count",20,12.1535380507343,12.1535380507343
"mistletoe",22,"baseline_mean",5,"count",6,12.1535380507343,12.1535380507343
"mistletoe",22,"baseline_mean",5,"count",15,12.1535380507343,12.1535380507343
"mistletoe",22,"baseline_mean",5,"count",18,12.1535380507343,12.1535380507343
"mistletoe",22,"baseline_mean",5,"count",18,12.1535380507343,12.1535380507343
"mistletoe",22,"baseline_mean",5,"count",25,12.1535380507343,12.1535380507343
"mistletoe",22,"baseline_mean",5,"count",18,12.1535380507343,12.1535380507343
"mistletoe",22,"baseline_mean",5,"count",15,12.1535380507343,12.1535380507343
"mistletoe",22,"baseline_mean",5,"count",9,12.1535380507343,12.1535380507343
"mistletoe",22,"baseline_mean",5,"count",19,12.1535380507343,12.1535380507343
"mistletoe",22,"baseline_mean",5,"count",18,12.1535380507343,12.1535380507343
"mistletoe",22,"baseline_mean",5,"count",8,12.1535380507343,12.1535380507343
"mistletoe",22,"baseline_mean",5,"count",11,12.1535380507343,12.1535380507343
"mistletoe",22,"baseline_mean",5,"count",18,12.1535380507343,12.1535380507343
"mistletoe",22,"baseline_mean",5,"count",10,12.1535380507343,12.1535380507343
"mistletoe",22,"baseline_mean",5,"count",19,12.1535380507343,12.1535380507343
"mistletoe",22,"baseline_mean",5,"count",11,12.1535380507343,12.1535380507343
"mistletoe",22,"baseline_mean",5,"count",9,12.1535380507343,12.1535380507343
"mistletoe",22,"baseline_mean",5,"count",6,12.1535380507343,12.1535380507343
"mistletoe",22,"baseline_mean",5,"count",7,12.1535380507343,12.1535380507343
"mistletoe",22,"baseline_mean",5,"count",11,12.1535380507343,12.1535380507343
"mistletoe",22,"baseline_mean",5,"count",5,12.1535380507343,12.1535380507343
"mistletoe",22,"baseline_mean",5,"count",10,12.1535380507343,12.1535380507343
"mistletoe",22,"baseline_mean",5,"count",9,12.1535380507343,12.1535380507343
"mistletoe",22,"baseline_mean",5,"count",11,12.1535380507343,12.1535380507343
"mistletoe",22,"baseline_mean",5,"count",8,12.1535380507343,12.1535380507343
"mistletoe",22,"baseline_mean",5,"count",8,12.1535380507343,12.1535380507343
"mistletoe",22,"baseline_mean",5,"count",8,12.1535380507343,12.1535380507343
"mistletoe",22,"baseline_mean",5,"count",9,12.1535380507343,12.1535380507343
"mistletoe",22,"baseline_mean",5,"count",9,12.1535380507343,12.1535380507343
"mistletoe",22,"baseline_mean",5,"count",6,12.1535380507343,12.1535380507343
"mistletoe",22,"baseline_mean",5,"count",47,12.1535380507343,12.1535380507343
"mistletoe",22,"baseline_mean",5,"count",12,12.1535380507343,12.1535380507343
"mistletoe",22,"baseline_mean",5,"count",17,12.1535380507343,12.1535380507343
"mistletoe",22,"baseline_mean",5,"count",13,12.1535380507343,12.1535380507343
"mistletoe",22,"baseline_mean",5,"count",8,12.1535380507343,12.1535380507343
"mistletoe",22,"baseline_mean",5,"count",6,12.1535380507343,12.1535380507343
"mistletoe",22,"baseline_mean",5,"count",21,12.1535380507343,12.1535380507343
"mistletoe",22,"baseline_mean",5,"count",14,12.1535380507343,12.1535380507343
"mistletoe",22,"baseline_mean",5,"count",12,12.1535380507343,12.1535380507343
"mistletoe",22,"baseline_mean",5,"count",7,12.1535380507343,12.1535380507343
"mistletoe",22,"ols",1,"count",13,12.5255319889965,11.6944801026958
"mistletoe",22,"ols",1,"count",13,12.5255319889965,11.6944801026958
"mistletoe",22,"ols",1,"count",29,13.2496198006885,11.6944801026958
"mistletoe",22,"ols",1,"count",20,12.3974894866784,11.6944801026958
"mistletoe",22,"ols",1,"count",20,13.6264408445962,11.6944801026958
"mistletoe",22,"ols",1,"count",14,10.4233534840646,11.6944801026958
"mistletoe",22,"ols",1,"count",15,7.57786275601522,11.6944801026958
"mistletoe",22,"ols",1,"count",32,12.6877892115719,11.6944801026958
"mistletoe",22,"ols",1,"count",27,10.6951533257273,11.6944801026958
"mistletoe",22,"ols",1,"count",23,12.1436411641848,11.6944801026958
"mistletoe",22,"ols",1,"count",15,11.7788894792604,11.6944801026958
"mistletoe",22,"ols",1,"count",13,10.6951533257273,11.6944801026958
"mistletoe",22,"ols",1,"count",8,14.9132879139563,11.6944801026958
"mistletoe",22,"ols",1,"count",2,14.7225700011635,11.6944801026958
"mistletoe",22,"ols",1,"count",11,12.3292342601845,11.6944801026958
"mistletoe",22,"ols",1,"count",18,13.2496198006885,11.6944801026958
"mistletoe",22,"ols",1,"count",18,13.2496198006885,11.6944801026958
"mistletoe",22,"ols",1,"count",28,11.1710360344884,11.6944801026958
"mistletoe",22,"ols",1,"count",28,11.1710360344884,11.6944801026958
"mistletoe",22,"ols",1,"count",7,9.69594206680138,11.6944801026958
"mistletoe",22,"ols",1,"count",56,12.3974894866784,11.6944801026958
"mistletoe",22,"ols",1,"count",14,9.23712119322268,11.6944801026958
"mistletoe",22,"ols",1,"count",6,10.5336559164691,11.6944801026958
"mistletoe",22,"ols",1,"count",6,10.265960267512,11.6944801026958
"mistletoe",22,"ols",1,"count",8,9.20066552048116,11.6944801026958
"mistletoe",22,"ols",1,"count",12,7.48095359845077,11.6944801026958
"mistletoe",22,"ols",1,"count",20,7.91333208181529,11.6944801026958
"mistletoe",22,"ols",1,"count",12,9.72513725611738,11.6944801026958
"mistletoe",22,"ols",1,"count",7,9.47798878747392,11.6944801026958
"mistletoe",22,"ols",1,"count",16,10.3816961254227,11.6944801026958
"mistletoe",22,"ols",1,"count",14,9.86073335277795,11.6944801026958
"mistletoe",22,"ols",1,"count",14,10.2900548961039,11.6944801026958
"mistletoe",22,"ols",1,"count",7,10.1584609911494,11.6944801026958
"mistletoe",22,"ols",1,"count",9,10.3989467308047,11.6944801026958
"mistletoe",22,"ols",1,"count",12,10.1346744956333,11.6944801026958
"mistletoe",22,"ols",1,"count",8,9.31985202964582,11.6944801026958
"mistletoe",22,"ols",1,"count",7,9.08300322263677,11.6944801026958
"mistletoe",22,"ols",1,"count",12,8.96684564380464,11.6944801026958
"mistletoe",22,"ols",1,"count",5,7.57786275601522,11.6944801026958
"mistletoe",22,"ols",1,"count",9,7.38528375929603,11.6944801026958
"mistletoe",22,"ols",1,"count",3,7.29083738958318,11.6944801026958
"mistletoe",22,"ols",1,"count",18,7.19759884302821,11.6944801026958
"mistletoe",22,"ols",1,"count",9,11.5660213544239,11.6944801026958
"mistletoe",22,"ols",1,"count",11,11.4181098097156,11.6944801026958
"mistletoe",22,"ols",1,"count",7,11.4181098097156,11.6944801026958
"mistletoe",22,"ols",1,"count",10,11.2720898251547,11.6944801026958
"mistletoe",22,"ols",1,"count",9,11.1279372106092,11.6944801026958
"mistletoe",22,"ols",1,"count",11,10.4674204886438,11.6944801026958
"mistletoe",22,"ols",1,"count",11,10.3335583517739,11.6944801026958
"mistletoe",22,"ols",1,"count",23,10.3335583517739,11.6944801026958
"mistletoe",22,"ols",1,"count",4,10.2014081048301,11.6944801026958
"mistletoe",22,"ols",1,"count",12,10.070947855385,11.6944801026958
"mistletoe",22,"ols",1,"count",10,13.4521797177628,11.6944801026958
"mistletoe",22,"ols",1,"count",13,13.4521797177628,11.6944801026958
"mistletoe",22,"ols",1,"count",13,13.2801471215246,11.6944801026958
"mistletoe",22,"ols",1,"count",10,13.1103145564181,11.6944801026958
"mistletoe",22,"ols",1,"count",10,11.6282556800966,11.6944801026958
"mistletoe",22,"ols",1,"count",12,11.4795482545091,11.6944801026958
"mistletoe",22,"ols",1,"count",13,11.332742567156,11.6944801026958
"mistletoe",22,"ols",1,"count",15,11.9883427544779,11.6944801026958
"mistletoe",22,"ols",1,"count",17,11.9883427544779,11.6944801026958
"mistletoe",22,"ols",1,"count",0,11.8350303715097,11.6944801026958
"mistletoe",22,"ols",1,"count",8,9.57194594708522,11.6944801026958
"mistletoe",22,"ols",1,"count",10,9.4495355461779,11.6944801026958
"mistletoe",22,"ols",1,"count",10,12.2683320583669,11.6944801026958
"mistletoe",22,"ols",1,"count",16,12.1114390447591,11.6944801026958
"mistletoe",22,"ols",1,"count",8,11.9565524504104,11.6944801026958
"mistletoe",22,"ols",1,"count",23,11.8036466163182,11.6944801026958
"mistletoe",22,"ols",1,"count",23,10.7803049063245,11.6944801026958
"mistletoe",22,"ols",1,"count",8,10.6424414611294,11.6944801026958
"mistletoe",22,"ols",1,"count",5,10.5063410764123,11.6944801026958
"mistletoe",22,"ols",1,"count",19,10.3719812053535,11.6944801026958
"mistletoe",22,"ols",1,"count",12,13.762190027136,11.6944801026958
"mistletoe",22,"ols",1,"count",10,13.5861928779777,11.6944801026958
"mistletoe",22,"ols",1,"count",9,13.5861928779777,11.6944801026958
"mistletoe",22,"ols",1,"count",17,13.4124464604581,11.6944801026958
"mistletoe",22,"ols",1,"count",10,13.2409219911967,11.6944801026958
"mistletoe",22,"ols",1,"count",6,14.7225700011635,11.6944801026958
"mistletoe",22,"ols",1,"count",11,14.534291075834,11.6944801026958
"mistletoe",22,"ols",1,"count",26,14.3484199470864,11.6944801026958
"mistletoe",22,"ols",1,"count",9,14.3484199470864,11.6944801026958
"mistletoe",22,"ols",1,"count",7,14.1649258229219,11.6944801026958
"mistletoe",22,"ols",1,"count",10,14.1649258229219,11.6944801026958
"mistletoe",22,"ols",1,"count",8,12.0159069223072,11.6944801026958
"mistletoe",22,"ols",1,"count",11,11.8622420362165,11.6944801026958
"mistletoe",22,"ols",1,"count",12,11.8622420362165,11.6944801026958
"mistletoe",22,"ols",1,"count",14,8.11968049071746,11.6944801026958
"mistletoe",22,"ols",1,"count",6,8.11968049071746,11.6944801026958
"mistletoe",22,"ols",1,"count",15,8.01584232138359,11.6944801026958
"mistletoe",22,"ols",1,"count",18,8.01584232138359,11.6944801026958
"mistletoe",22,"ols",1,"count",33,7.91333208181529,11.6944801026958
"mistletoe",22,"ols",1,"count",7,9.72513725611738,11.6944801026958
"mistletoe",22,"ols",1,"count",4,9.72513725611738,11.6944801026958
"mistletoe",22,"ols",1,"count",7,9.60076777503369,11.6944801026958
"mistletoe",22,"ols",1,"count",2,9.60076777503369,11.6944801026958
"mistletoe",22,"ols",1,"count",10,9.47798878747392,11.6944801026958
"mistletoe",22,"ols",1,"count",10,9.35677995348305,11.6944801026958
"mistletoe",22,"ols",1,"count",14,9.35677995348305,11.6944801026958
"mistletoe",22,"ols",1,"count",21,9.23712119322268,11.6944801026958
"mistletoe",22,"ols",1,"count",10,10.3816961254227,11.6944801026958
"mistletoe",22,"ols",1,"count",4,10.3816961254227,11.6944801026958
"mistletoe",22,"ols",1,"count",12,10.2489302707223,11.6944801026958
"mistletoe",22,"ols",1,"count",6,10.2489302707223,11.6944801026958
"mistletoe",22,"ols",1,"count",12,10.1178622861927,11.6944801026958
"mistletoe",22,"ols",1,"count",30,10.1178622861927,11.6944801026958
"mistletoe",22,"ols",1,"count",12,9.98847045869762,11.6944801026958
"mistletoe",22,"ols",1,"count",9,9.98847045869762,11.6944801026958
"mistletoe",22,"ols",1,"count",28,9.86073335277795,11.6944801026958
"mistletoe",22,"ols",1,"count",7,10.6951533257273,11.6944801026958
"mistletoe",22,"ols",1,"count",3,10.5583788376969,11.6944801026958
"mistletoe",22,"ols",1,"count",8,10.5583788376969,11.6944801026958
"mistletoe",22,"ols",1,"count",7,10.4233534840646,11.6944801026958
"mistletoe",22,"ols",1,"count",17,10.2900548961039,11.6944801026958
"mistletoe",22,"ols",1,"count",15,10.1584609911494,11.6944801026958
"mistletoe",22,"ols",1,"count",13,13.4212569424026,11.6944801026958
"mistletoe",22,"ols",1,"count",13,13.4212569424026,11.6944801026958
"mistletoe",22,"ols",1,"count",23,13.4212569424026,11.6944801026958
"mistletoe",22,"ols",1,"count",13,13.4212569424026,11.6944801026958
"mistletoe",22,"ols",1,"count",12,13.0801776328537,11.6944801026958
"mistletoe",22,"ols",1,"count",10,13.0801776328537,11.6944801026958
"mistletoe",22,"ols",1,"count",9,12.9129023685732,11.6944801026958
"mistletoe",22,"ols",1,"count",7,12.9129023685732,11.6944801026958
"mistletoe",22,"ols",1,"count",18,12.7477662964984,11.6944801026958
"mistletoe",22,"ols",1,"count",6,12.7477662964984,11.6944801026958
"mistletoe",22,"ols",1,"count",10,11.2516046359963,11.6944801026958
"mistletoe",22,"ols",1,"count",13,13.0186365827204,11.6944801026958
"mistletoe",22,"ols",1,"count",4,13.0186365827204,11.6944801026958
"mistletoe",22,"ols",1,"count",11,12.6877892115719,11.6944801026958
"mistletoe",22,"ols",1,"count",11,12.3653497856256,11.6944801026958
"mistletoe",22,"ols",1,"count",10,11.6108168909104,11.6944801026958
"mistletoe",22,"ols",1,"count",2,11.4623324804953,11.6944801026958
"mistletoe",22,"ols",1,"count",8,11.315746956295,11.6944801026958
"mistletoe",22,"ols",1,"count",10,11.315746956295,11.6944801026958
"mistletoe",22,"ols",1,"count",2,11.0281757418069,11.6944801026958
"mistletoe",22,"ols",1,"count",5,11.5380870039927,11.6944801026958
"mistletoe",22,"ols",1,"count",6,10.959095505494,11.6944801026958
"mistletoe",22,"ols",1,"count",26,12.2389447490986,11.6944801026958
"mistletoe",22,"ols",1,"count",26,12.2389447490986,11.6944801026958
"mistletoe",22,"ols",1,"count",4,10.5336559164691,11.6944801026958
"mistletoe",22,"ols",1,"count",3,10.3989467308047,11.6944801026958
"mistletoe",22,"ols",1,"count",12,10.265960267512,11.6944801026958
"mistletoe",22,"ols",1,"count",10,10.1346744956333,11.6944801026958
"mistletoe",22,"ols",1,"count",16,10.0050676659527,11.6944801026958
"mistletoe",22,"ols",1,"count",16,10.0050676659527,11.6944801026958
"mistletoe",22,"ols",1,"count",8,9.44058249494444,11.6944801026958
"mistletoe",22,"ols",1,"count",13,9.44058249494444,11.6944801026958
"mistletoe",22,"ols",1,"count",9,9.44058249494444,11.6944801026958
"mistletoe",22,"ols",1,"count",19,9.20066552048116,11.6944801026958
"mistletoe",22,"ols",1,"count",10,9.08300322263677,11.6944801026958
"mistletoe",22,"ols",1,"count",17,8.96684564380464,11.6944801026958
"mistletoe",22,"ols",1,"count",10,7.57786275601522,11.6944801026958
"mistletoe",22,"ols",1,"count",8,7.48095359845077,11.6944801026958
"mistletoe",22,"ols",1,"count",10,7.38528375929603,11.6944801026958
"mistletoe",22,"ols",1,"count",12,7.29083738958318,11.6944801026958
"mistletoe",22,"ols",1,"count",20,7.19759884302821,11.6944801026958
"mistletoe",22,"ols",1,"count",20,12.0159069223072,11.6944801026958
"mistletoe",22,"ols",1,"count",21,11.1010609246252,11.6944801026958
"mistletoe",22,"ols",1,"count",15,17.2022047308902,11.6944801026958
"mistletoe",22,"ols",1,"count",21,17.2022047308902,11.6944801026958
"mistletoe",22,"ols",1,"count",39,20.6847456130317,11.6944801026958
"mistletoe",22,"ols",1,"count",58,20.159076610332,11.6944801026958
"mistletoe",22,"ols",1,"count",21,13.9872955572244,11.6944801026958
"mistletoe",22,"ols",1,"count",30,13.8084196561031,11.6944801026958
"mistletoe",22,"ols",1,"count",18,19.0757335124045,11.6944801026958
"mistletoe",22,"ols",1,"count",21,18.8317843509943,11.6944801026958
"mistletoe",22,"ols",1,"count",49,18.5909549224801,11.6944801026958
"mistletoe",22,"ols",1,"count",16,20.4202196726268,11.6944801026958
"mistletoe",22,"ols",1,"count",18,13.8084196561031,11.6944801026958
"mistletoe",22,"ols",1,"count",19,13.6318313014107,11.6944801026958
"mistletoe",22,"ols",1,"count",19,13.6318313014107,11.6944801026958
"mistletoe",22,"ols",1,"count",18,16.9822151081699,11.6944801026958
"mistletoe",22,"ols",1,"count",17,16.9822151081699,11.6944801026958
"mistletoe",22,"ols",1,"count",27,16.7650388128609,11.6944801026958
"mistletoe",22,"ols",1,"count",14,16.550639866852,11.6944801026958
"mistletoe",22,"ols",1,"count",10,11.3973592529944,11.6944801026958
"mistletoe",22,"ols",1,"count",11,18.5909549224801,11.6944801026958
"mistletoe",22,"ols",1,"count",31,18.3532053302978,11.6944801026958
"mistletoe",22,"ols",1,"count",24,19.9012731643625,11.6944801026958
"mistletoe",22,"ols",1,"count",20,16.7289896518772,11.6944801026958
"mistletoe",22,"ols",1,"count",20,16.7289896518772,11.6944801026958
"mistletoe",22,"ols",1,"count",8,11.2448653805839,11.6944801026958
"mistletoe",22,"ols",1,"count",18,13.9872955572244,11.6944801026958
"mistletoe",22,"ols",1,"count",8,17.4250441251977,11.6944801026958
"mistletoe",22,"ols",1,"count",21,17.4250441251977,11.6944801026958
"mistletoe",22,"ols",1,"count",12,16.7650388128609,11.6944801026958
"mistletoe",22,"ols",1,"count",13,16.550639866852,11.6944801026958
"mistletoe",22,"ols",1,"count",3,11.5450019925371,11.6944801026958
"mistletoe",22,"ols",1,"count",10,11.5450019925371,11.6944801026958
"mistletoe",22,"ols",1,"count",0,11.3973592529944,11.6944801026958
"mistletoe",22,"ols",1,"count",6,11.2516046359963,11.6944801026958
"mistletoe",22,"ols",1,"count",16,19.3228428200994,11.6944801026958
"mistletoe",22,"ols",1,"count",23,18.3532053302978,11.6944801026958
"mistletoe",22,"ols",1,"count",15,20.9526982537497,11.6944801026958
"mistletoe",22,"ols",1,"count",18,20.159076610332,11.6944801026958
"mistletoe",22,"ols",1,"count",29,19.9012731643625,11.6944801026958
"mistletoe",22,"ols",1,"count",32,16.9456989620919,11.6944801026958
"mistletoe",22,"ols",1,"count",7,11.2448653805839,11.6944801026958
"mistletoe",22,"ols",1,"count",5,11.1010609246252,11.6944801026958
"mistletoe",22,"ols",1,"count",6,10.959095505494,11.6944801026958
"mistletoe",22,"ols",2,"count",48,12.853436747309,12.0306258322237
"mistletoe",22,"ols",2,"count",8,17.634973248133,12.0306258322237
"mistletoe",22,"ols",2,"count",6,14.5138105431419,12.0306258322237
"mistletoe",22,"ols",2,"count",17,12.0483042259777,12.0306258322237
"mistletoe",22,"ols",2,"count",8,11.5758102775209,12.0306258322237
"mistletoe",22,"ols",2,"count",16,14.3443095280708,12.0306258322237
"mistletoe",22,"ols",2,"count",40,11.0809349713302,12.0306258322237
"mistletoe",22,"ols",2,"count",11,11.454679616198,12.0306258322237
"mistletoe",22,"ols",2,"count",31,11.1851294214009,12.0306258322237
"mistletoe",22,"ols",2,"count",14,11.1851294214009,12.0306258322237
"mistletoe",22,"ols",2,"count",14,12.6081940833715,12.0306258322237
"mistletoe",22,"ols",2,"count",19,12.0745581773353,12.0306258322237
"mistletoe",22,"ols",2,"count",13,9.71883461041653,12.0306258322237
"mistletoe",22,"ols",2,"count",4,11.5052432419104,12.0306258322237
"mistletoe",22,"ols",2,"count",3,12.718549919452,12.0306258322237
"mistletoe",22,"ols",2,"count",29,13.6328604544017,12.0306258322237
"mistletoe",22,"ols",2,"count",10,12.9987958568053,12.0306258322237
"mistletoe",22,"ols",2,"count",12,13.3553061824365,12.0306258322237
"mistletoe",22,"ols",2,"count",14,15.0702924577764,12.0306258322237
"mistletoe",22,"ols",2,"count",0,14.8635785531273,12.0306258322237
"mistletoe",22,"ols",2,"count",27,13.8387729402553,12.0306258322237
"mistletoe",22,"ols",2,"count",23,10.9928447487733,12.0306258322237
"mistletoe",22,"ols",2,"count",24,11.7438095360064,12.0306258322237
"mistletoe",22,"ols",2,"count",5,12.6360050603411,12.0306258322237
"mistletoe",22,"ols",2,"count",9,10.5240685503995,12.0306258322237
"mistletoe",22,"ols",2,"count",14,13.0250539820483,12.0306258322237
"mistletoe",22,"ols",2,"count",13,12.12700992213,12.0306258322237
"mistletoe",22,"ols",2,"count",17,13.9613984670326,12.0306258322237
"mistletoe",22,"ols",2,"count",17,12.6929096973728,12.0306258322237
"mistletoe",22,"ols",2,"count",11,11.6214487736075,12.0306258322237
"mistletoe",22,"ols",2,"count",18,11.3479741863026,12.0306258322237
"mistletoe",22,"ols",2,"count",12,12.0921094476441,12.0306258322237
"mistletoe",22,"ols",2,"count",33,10.7868219871829,12.0306258322237
"mistletoe",22,"ols",2,"count",12,10.5329877408043,12.0306258322237
"mistletoe",22,"ols",2,"count",9,11.3119208198286,12.0306258322237
"mistletoe",22,"ols",2,"count",2,11.7307256953766,12.0306258322237
"mistletoe",22,"ols",2,"count",6,13.2232056272065,12.0306258322237
"mistletoe",22,"ols",2,"count",54,12.6081940833715,12.0306258322237
"mistletoe",22,"ols",2,"count",1,13.7484129910769,12.0306258322237
"mistletoe",22,"ols",2,"count",19,13.163191444686,12.0306258322237
"mistletoe",22,"ols",2,"count",49,12.853436747309,12.0306258322237
"mistletoe",22,"ols",2,"count",8,11.0853254440921,12.0306258322237
"mistletoe",22,"ols",2,"count",4,12.0664542576685,12.0306258322237
"mistletoe",22,"ols",2,"count",10,11.3177210266253,12.0306258322237
"mistletoe",22,"ols",2,"count",33,17.634973248133,12.0306258322237
"mistletoe",22,"ols",2,"count",9,10.9928447487733,12.0306258322237
"mistletoe",22,"ols",2,"count",23,18.0599580914179,12.0306258322237
"mistletoe",22,"ols",2,"count",18,17.2199890989865,12.0306258322237
"mistletoe",22,"ols",2,"count",6,10.4385455488305,12.0306258322237
"mistletoe",22,"ols",2,"count",2,10.4385455488305,12.0306258322237
"mistletoe",22,"ols",2,"count",2,10.4385455488305,12.0306258322237
"mistletoe",22,"ols",2,"count",2,10.1929069032846,12.0306258322237
"mistletoe",22,"ols",2,"count",13,9.95304859791193,12.0306258322237
"mistletoe",22,"ols",2,"count",13,9.71883461041653,12.0306258322237
"mistletoe",22,"ols",2,"count",9,9.4901321193636,12.0306258322237
"mistletoe",22,"ols",2,"count",5,9.4901321193636,12.0306258322237
"mistletoe",22,"ols",2,"count",6,9.4901321193636,12.0306258322237
"mistletoe",22,"ols",2,"count",6,11.5845265578257,12.0306258322237
"mistletoe",22,"ols",2,"count",4,11.5845265578257,12.0306258322237
"mistletoe",22,"ols",2,"count",11,11.5845265578257,12.0306258322237
"mistletoe",22,"ols",2,"count",2,11.0457300085028,12.0306258322237
"mistletoe",22,"ols",2,"count",6,10.5319928968801,12.0306258322237
"mistletoe",22,"ols",2,"count",13,11.3034096500229,12.0306258322237
"mistletoe",22,"ols",2,"count",7,11.0374191225598,12.0306258322237
"mistletoe",22,"ols",2,"count",13,11.0374191225598,12.0306258322237
"mistletoe",22,"ols",2,"count",8,10.7776878533992,12.0306258322237
"mistletoe",22,"ols",2,"count",12,10.7776878533992,12.0306258322237
"mistletoe",22,"ols",2,"count",3,10.5240685503995,12.0306258322237
"mistletoe",22,"ols",2,"count",23,12.4192584749775,12.0306258322237
"mistletoe",22,"ols",2,"count",8,12.4192584749775,12.0306258322237
"mistletoe",22,"ols",2,"count",11,12.12700992213,12.0306258322237
"mistletoe",22,"ols",2,"count",7,11.8416385283991,12.0306258322237
"mistletoe",22,"ols",2,"count",8,11.8416385283991,12.0306258322237
"mistletoe",22,"ols",2,"count",10,13.6328604544017,12.0306258322237
"mistletoe",22,"ols",2,"count",18,13.3120535602545,12.0306258322237
"mistletoe",22,"ols",2,"count",10,13.3120535602545,12.0306258322237
"mistletoe",22,"ols",2,"count",18,12.9987958568053,12.0306258322237
"mistletoe",22,"ols",2,"count",13,12.6929096973728,12.0306258322237
"mistletoe",22,"ols",2,"count",16,14.3443095280708,12.0306258322237
"mistletoe",22,"ols",2,"count",10,14.0067608966753,12.0306258322237
"mistletoe",22,"ols",2,"count",10,13.6771554206012,12.0306258322237
"mistletoe",22,"ols",2,"count",13,13.6771554206012,12.0306258322237
"mistletoe",22,"ols",2,"count",7,13.3553061824365,12.0306258322237
"mistletoe",22,"ols",2,"count",4,13.041030663289,12.0306258322237
"mistletoe",22,"ols",2,"count",5,13.041030663289,12.0306258322237
"mistletoe",22,"ols",2,"count",34,15.8054020039347,12.0306258322237
"mistletoe",22,"ols",2,"count",22,15.4334711135254,12.0306258322237
"mistletoe",22,"ols",2,"count",34,15.4334711135254,12.0306258322237
"mistletoe",22,"ols",2,"count",18,15.0702924577764,12.0306258322237
"mistletoe",22,"ols",2,"count",8,14.7156600801151,12.0306258322237
"mistletoe",22,"ols",2,"count",7,14.7156600801151,12.0306258322237
"mistletoe",22,"ols",2,"count",4,10.5533491987181,12.0306258322237
"mistletoe",22,"ols",2,"count",7,10.5533491987181,12.0306258322237
"mistletoe",22,"ols",2,"count",2,10.0625127278718,12.0306258322237
"mistletoe",22,"ols",2,"count",17,10.0625127278718,12.0306258322237
"mistletoe",22,"ols",2,"count",10,9.82572284314112,12.0306258322237
"mistletoe",22,"ols",2,"count",10,9.59450507056852,12.0306258322237
"mistletoe",22,"ols",2,"count",3,12.9405198761424,12.0306258322237
"mistletoe",22,"ols",2,"count",0,12.9405198761424,12.0306258322237
"mistletoe",22,"ols",2,"count",2,12.9405198761424,12.0306258322237
"mistletoe",22,"ols",2,"count",16,12.3386560519363,12.0306258322237
"mistletoe",22,"ols",2,"count",14,12.3386560519363,12.0306258322237
"mistletoe",22,"ols",2,"count",5,12.0483042259777,12.0306258322237
"mistletoe",22,"ols",2,"count",13,11.7647849255781,12.0306258322237
"mistletoe",22,"ols",2,"count",15,11.7647849255781,12.0306258322237
"mistletoe",22,"ols",2,"count",2,12.0134242031159,12.0306258322237
"mistletoe",22,"ols",2,"count",9,12.0134242031159,12.0306258322237
"mistletoe",22,"ols",2,"count",0,12.0134242031159,12.0306258322237
"mistletoe",22,"ols",2,"count",2,10.9219222505862,12.0306258322237
"mistletoe",22,"ols",2,"count",8,10.9219222505862,12.0306258322237
"mistletoe",22,"ols",2,"count",11,13.5418713769148,12.0306258322237
"mistletoe",22,"ols",2,"count",10,13.5418713769148,12.0306258322237
"mistletoe",22,"ols",2,"count",3,13.5418713769148,12.0306258322237
"mistletoe",22,"ols",2,"count",19,12.9120386830334,12.0306258322237
"mistletoe",22,"ols",2,"count",22,12.9120386830334,12.0306258322237
"mistletoe",22,"ols",2,"count",22,12.3114995196575,12.0306258322237
"mistletoe",22,"ols",2,"count",12,12.3114995196575,12.0306258322237
"mistletoe",22,"ols",2,"count",8,14.8635785531273,12.0306258322237
"mistletoe",22,"ols",2,"count",8,14.8635785531273,12.0306258322237
"mistletoe",22,"ols",2,"count",7,14.1722732334804,12.0306258322237
"mistletoe",22,"ols",2,"count",13,14.1722732334804,12.0306258322237
"mistletoe",22,"ols",2,"count",7,13.8387729402553,12.0306258322237
"mistletoe",22,"ols",2,"count",18,13.5131205373262,12.0306258322237
"mistletoe",22,"ols",2,"count",7,13.5131205373262,12.0306258322237
"mistletoe",22,"ols",2,"count",7,14.0797357018186,12.0306258322237
"mistletoe",22,"ols",2,"count",5,14.0797357018186,12.0306258322237
"mistletoe",22,"ols",2,"count",2,14.0797357018186,12.0306258322237
"mistletoe",22,"ols",2,"count",22,13.4248869280123,12.0306258322237
"mistletoe",22,"ols",2,"count",17,13.4248869280123,12.0306258322237
"mistletoe",22,"ols",2,"count",15,13.108974042814,12.0306258322237
"mistletoe",22,"ols",2,"count",22,13.108974042814,12.0306258322237
"mistletoe",22,"ols",2,"count",14,12.800495183062,12.0306258322237
"mistletoe",22,"ols",2,"count",13,12.800495183062,12.0306258322237
"mistletoe",22,"ols",2,"count",3,11.9015138191452,12.0306258322237
"mistletoe",22,"ols",2,"count",8,11.9015138191452,12.0306258322237
"mistletoe",22,"ols",2,"count",5,11.3479741863026,12.0306258322237
"mistletoe",22,"ols",2,"count",3,11.3479741863026,12.0306258322237
"mistletoe",22,"ols",2,"count",8,11.0809349713302,12.0306258322237
"mistletoe",22,"ols",2,"count",6,10.8201796922535,12.0306258322237
"mistletoe",22,"ols",2,"count",8,10.8201796922535,12.0306258322237
"mistletoe",22,"ols",2,"count",13,11.2577610793556,12.0306258322237
"mistletoe",22,"ols",2,"count",6,11.2577610793556,12.0306258322237
"mistletoe",22,"ols",2,"count",8,10.7341623986171,12.0306258322237
"mistletoe",22,"ols",2,"count",9,10.7341623986171,12.0306258322237
"mistletoe",22,"ols",2,"count",21,12.0268233509413,12.0306258322237
"mistletoe",22,"ols",2,"count",10,12.0268233509413,12.0306258322237
"mistletoe",22,"ols",2,"count",8,11.7438095360064,12.0306258322237
"mistletoe",22,"ols",2,"count",19,11.4674555694046,12.0306258322237
"mistletoe",22,"ols",2,"count",13,11.4674555694046,12.0306258322237
"mistletoe",22,"ols",2,"count",24,11.4674555694046,12.0306258322237
"mistletoe",22,"ols",2,"count",11,12.0921094476441,12.0306258322237
"mistletoe",22,"ols",2,"count",24,11.8075593278388,12.0306258322237
"mistletoe",22,"ols",2,"count",14,11.8075593278388,12.0306258322237
"mistletoe",22,"ols",2,"count",25,11.5297052085149,12.0306258322237
"mistletoe",22,"ols",2,"count",8,11.5297052085149,12.0306258322237
"mistletoe",22,"ols",2,"count",23,11.5297052085149,12.0306258322237
"mistletoe",22,"ols",2,"count",19,12.8624601470364,12.0306258322237
"mistletoe",22,"ols",2,"count",9,13.8052750483061,12.0306258322237
"mistletoe",22,"ols",2,"count",15,12.5509711616152,12.0306258322237
"mistletoe",22,"ols",2,"count",11,12.5509711616152,12.0306258322237
"mistletoe",22,"ols",2,"count",15,11.9062294205258,12.0306258322237
"mistletoe",22,"ols",2,"count",5,11.9062294205258,12.0306258322237
"mistletoe",22,"ols",2,"count",13,11.9062294205258,12.0306258322237
"mistletoe",22,"ols",2,"count",12,11.6260534080022,12.0306258322237
"mistletoe",22,"ols",2,"count",12,11.6260534080022,12.0306258322237
"mistletoe",22,"ols",2,"count",4,11.6260534080022,12.0306258322237
"mistletoe",22,"ols",2,"count",4,11.3524704649738,12.0306258322237
"mistletoe",22,"ols",2,"count",21,11.3524704649738,12.0306258322237
"mistletoe",22,"ols",2,"count",17,11.0853254440921,12.0306258322237
"mistletoe",22,"ols",2,"count",8,10.8244668489187,12.0306258322237
"mistletoe",22,"ols",2,"count",8,10.8244668489187,12.0306258322237
"mistletoe",22,"ols",2,"count",1,12.3572434808528,12.0306258322237
"mistletoe",22,"ols",2,"count",6,12.3572434808528,12.0306258322237
"mistletoe",22,"ols",2,"count",1,12.3572434808528,12.0306258322237
"mistletoe",22,"ols",2,"count",29,12.0664542576685,12.0306258322237
"mistletoe",22,"ols",2,"count",29,12.0664542576685,12.0306258322237
"mistletoe",22,"ols",2,"count",19,11.7825078528241,12.0306258322237
"mistletoe",22,"ols",2,"count",16,11.7825078528241,12.0306258322237
"mistletoe",22,"ols",2,"count",24,11.5052432419104,12.0306258322237
"mistletoe",22,"ols",2,"count",3,11.2345031897261,12.0306258322237
"mistletoe",22,"ols",2,"count",4,11.2345031897261,12.0306258322237
"mistletoe",22,"ols",2,"count",12,13.0584545241532,12.0306258322237
"mistletoe",22,"ols",2,"count",9,13.0584545241532,12.0306258322237
"mistletoe",22,"ols",2,"count",7,12.7511644838664,12.0306258322237
"mistletoe",22,"ols",2,"count",7,12.7511644838664,12.0306258322237
"mistletoe",22,"ols",2,"count",15,12.4511055572374,12.0306258322237
"mistletoe",22,"ols",2,"count",13,11.0467733796383,12.0306258322237
"mistletoe",22,"ols",2,"count",13,11.0467733796383,12.0306258322237
"mistletoe",22,"ols",2,"count",12,10.5329877408043,12.0306258322237
"mistletoe",22,"ols",2,"count",7,11.590466543682,12.0306258322237
"mistletoe",22,"ols",2,"count",11,11.590466543682,12.0306258322237
"mistletoe",22,"ols",2,"count",6,11.3177210266253,12.0306258322237
"mistletoe",22,"ols",2,"count",8,11.0513937255045,12.0306258322237
"mistletoe",22,"ols",2,"count",8,11.0513937255045,12.0306258322237
"mistletoe",22,"ols",2,"count",7,12.3655426967064,12.0306258322237
"mistletoe",22,"ols",2,"count",11,12.3655426967064,12.0306258322237
"mistletoe",22,"ols",2,"count",15,12.0745581773353,12.0306258322237
"mistletoe",22,"ols",2,"count",6,11.7904210719914,12.0306258322237
"mistletoe",22,"ols",2,"count",5,11.7904210719914,12.0306258322237
"mistletoe",22,"ols",2,"count",18,18.0599580914179,12.0306258322237
"mistletoe",22,"ols",2,"count",15,17.2199890989865,12.0306258322237
"mistletoe",22,"ols",2,"count",7,10.5724060127882,12.0306258322237
"mistletoe",22,"ols",2,"count",24,10.5724060127882,12.0306258322237
"mistletoe",22,"ols",2,"count",37,10.3236173782994,12.0306258322237
"mistletoe",22,"ols",2,"count",24,10.3236173782994,12.0306258322237
"mistletoe",22,"ols",2,"count",15,10.080683209159,12.0306258322237
"mistletoe",22,"ols",2,"count",8,10.080683209159,12.0306258322237
"mistletoe",22,"ols",2,"count",18,12.8624601470364,12.0306258322237
"mistletoe",22,"ols",2,"count",4,9.59450507056852,12.0306258322237
"mistletoe",22,"ols",2,"count",25,13.489874463491,12.0306258322237
"mistletoe",22,"ols",2,"count",20,13.1724322991305,12.0306258322237
"mistletoe",22,"ols",2,"count",6,11.8720044022608,12.0306258322237
"mistletoe",22,"ols",2,"count",20,11.8720044022608,12.0306258322237
"mistletoe",22,"ols",2,"count",8,9.95304859791193,12.0306258322237
"mistletoe",22,"ols",2,"count",17,11.0457300085028,12.0306258322237
"mistletoe",22,"ols",2,"count",5,10.7858031685362,12.0306258322237
"mistletoe",22,"ols",2,"count",17,10.5319928968801,12.0306258322237
"mistletoe",22,"ols",2,"count",3,10.5319928968801,12.0306258322237
"mistletoe",22,"ols",2,"count",5,10.5533491987181,12.0306258322237
"mistletoe",22,"ols",2,"count",6,9.82572284314112,12.0306258322237
"mistletoe",22,"ols",2,"count",18,13.489874463491,12.0306258322237
"mistletoe",22,"ols",2,"count",15,12.8624601470364,12.0306258322237
"mistletoe",22,"ols",2,"count",10,12.4511055572374,12.0306258322237
"mistletoe",22,"ols",2,"count",12,12.1581075825367,12.0306258322237
"mistletoe",22,"ols",2,"count",30,12.1581075825367,12.0306258322237
"mistletoe",22,"ols",2,"count",23,13.1724322991305,12.0306258322237
"mistletoe",22,"ols",2,"count",4,10.7858031685362,12.0306258322237
"mistletoe",22,"ols",3,"count",21,11.658609604317,12.3659117997616
"mistletoe",22,"ols",3,"count",21,10.98329882378,12.3659117997616
"mistletoe",22,"ols",3,"count",24,11.4259363013812,12.3659117997616
"mistletoe",22,"ols",3,"count",80,10.630965658626,12.3659117997616
"mistletoe",22,"ols",3,"count",12,11.0430482020081,12.3659117997616
"mistletoe",22,"ols",3,"count",4,11.9349932451837,12.3659117997616
"mistletoe",22,"ols",3,"count",10,10.9833063209666,12.3659117997616
"mistletoe",22,"ols",3,"count",31,11.5964378579012,12.3659117997616
"mistletoe",22,"ols",3,"count",10,10.7117673288431,12.3659117997616
"mistletoe",22,"ols",3,"count",3,11.6610851628612,12.3659117997616
"mistletoe",22,"ols",3,"count",12,10.3959791719999,12.3659117997616
"mistletoe",22,"ols",3,"count",13,10.630965658626,12.3659117997616
"mistletoe",22,"ols",3,"count",23,11.3978345006035,12.3659117997616
"mistletoe",22,"ols",3,"count",11,11.3821337843234,12.3659117997616
"mistletoe",22,"ols",3,"count",11,14.1719750529806,12.3659117997616
"mistletoe",22,"ols",3,"count",14,13.4980122235243,12.3659117997616
"mistletoe",22,"ols",3,"count",28,12.1476151906955,12.3659117997616
"mistletoe",22,"ols",3,"count",12,11.7509836598391,12.3659117997616
"mistletoe",22,"ols",3,"count",30,13.9390182677686,12.3659117997616
"mistletoe",22,"ols",3,"count",10,13.9390182677686,12.3659117997616
"mistletoe",22,"ols",3,"count",18,10.8132974538615,12.3659117997616
"mistletoe",22,"ols",3,"count",15,11.3948623322631,12.3659117997616
"mistletoe",22,"ols",3,"count",14,10.907503918036,12.3659117997616
"mistletoe",22,"ols",3,"count",14,11.6610851628612,12.3659117997616
"mistletoe",22,"ols",3,"count",9,10.3959791719999,12.3659117997616
"mistletoe",22,"ols",3,"count",2,10.880677188567,12.3659117997616
"mistletoe",22,"ols",3,"count",7,10.9137510608803,12.3659117997616
"mistletoe",22,"ols",3,"count",5,11.9543706693479,12.3659117997616
"mistletoe",22,"ols",3,"count",9,10.1573914610252,12.3659117997616
"mistletoe",22,"ols",3,"count",9,10.8900988440942,12.3659117997616
"mistletoe",22,"ols",3,"count",53,10.8484879140122,12.3659117997616
"mistletoe",22,"ols",3,"count",4,11.6310478084725,12.3659117997616
"mistletoe",22,"ols",3,"count",15,13.1882328573061,12.3659117997616
"mistletoe",22,"ols",3,"count",7,10.6401710871689,12.3659117997616
"mistletoe",22,"ols",3,"count",10,11.6310478084725,12.3659117997616
"mistletoe",22,"ols",3,"count",11,10.880677188567,12.3659117997616
"mistletoe",22,"ols",3,"count",13,10.7896102574808,12.3659117997616
"mistletoe",22,"ols",3,"count",14,11.0430482020081,12.3659117997616
"mistletoe",22,"ols",3,"count",9,10.6571767146821,12.3659117997616
"mistletoe",22,"ols",3,"count",7,11.4259363013812,12.3659117997616
"mistletoe",22,"ols",3,"count",12,11.3302996213579,12.3659117997616
"mistletoe",22,"ols",3,"count",12,13.1141206530337,12.3659117997616
"mistletoe",22,"ols",3,"count",11,11.2412940064966,12.3659117997616
"mistletoe",22,"ols",3,"count",10,11.7509836598391,12.3659117997616
"mistletoe",22,"ols",3,"count",3,11.2412940064966,12.3659117997616
"mistletoe",22,"ols",3,"count",3,13.1882328573061,12.3659117997616
"mistletoe",22,"ols",3,"count",10,10.6401710871689,12.3659117997616
"mistletoe",22,"ols",3,"count",15,11.1333502538194,12.3659117997616
"mistletoe",22,"ols",3,"count",6,11.1333502538194,12.3659117997616
"mistletoe",22,"ols",3,"count",8,11.3948623322631,12.3659117997616
"mistletoe",22,"ols",3,"count",9,11.6625170870451,12.3659117997616
"mistletoe",22,"ols",3,"count",12,11.6625170870451,12.3659117997616
"mistletoe",22,"ols",3,"count",8,11.3910445262593,12.3659117997616
"mistletoe",22,"ols",3,"count",10,11.3910445262593,12.3659117997616
"mistletoe",22,"ols",3,"count",4,11.658609604317,12.3659117997616
"mistletoe",22,"ols",3,"count",6,11.9324595380636,12.3659117997616
"mistletoe",22,"ols",3,"count",3,11.9324595380636,12.3659117997616
"mistletoe",22,"ols",3,"count",7,10.6571767146821,12.3659117997616
"mistletoe",22,"ols",3,"count",5,10.6571767146821,12.3659117997616
"mistletoe",22,"ols",3,"count",14,11.1637110753792,12.3659117997616
"mistletoe",22,"ols",3,"count",14,11.1637110753792,12.3659117997616
"mistletoe",22,"ols",3,"count",9,11.6943209548967,12.3659117997616
"mistletoe",22,"ols",3,"count",8,11.3302996213579,12.3659117997616
"mistletoe",22,"ols",3,"count",17,11.3302996213579,12.3659117997616
"mistletoe",22,"ols",3,"count",14,11.868827434949,12.3659117997616
"mistletoe",22,"ols",3,"count",8,12.1476151906955,12.3659117997616
"mistletoe",22,"ols",3,"count",10,12.4329514124282,12.3659117997616
"mistletoe",22,"ols",3,"count",9,12.4329514124282,12.3659117997616
"mistletoe",22,"ols",3,"count",16,11.4812985973051,12.3659117997616
"mistletoe",22,"ols",3,"count",4,12.0270033745325,12.3659117997616
"mistletoe",22,"ols",3,"count",4,12.0270033745325,12.3659117997616
"mistletoe",22,"ols",3,"count",10,10.9137510608803,12.3659117997616
"mistletoe",22,"ols",3,"count",7,11.1701049578187,12.3659117997616
"mistletoe",22,"ols",3,"count",3,11.1701049578187,12.3659117997616
"mistletoe",22,"ols",3,"count",7,11.7309899261009,12.3659117997616
"mistletoe",22,"ols",3,"count",6,11.7309899261009,12.3659117997616
"mistletoe",22,"ols",3,"count",3,11.608766106744,12.3659117997616
"mistletoe",22,"ols",3,"count",0,11.608766106744,12.3659117997616
"mistletoe",22,"ols",3,"count",10,11.2851185385381,12.3659117997616
"mistletoe",22,"ols",3,"count",12,11.2851185385381,12.3659117997616
"mistletoe",22,"ols",3,"count",12,11.5501955133223,12.3659117997616
"mistletoe",22,"ols",3,"count",3,11.5501955133223,12.3659117997616
"mistletoe",22,"ols",3,"count",2,11.9543706693479,12.3659117997616
"mistletoe",22,"ols",3,"count",11,12.2351677563841,12.3659117997616
"mistletoe",22,"ols",3,"count",16,12.2351677563841,12.3659117997616
"mistletoe",22,"ols",3,"count",4,10.1573914610252,12.3659117997616
"mistletoe",22,"ols",3,"count",5,10.8900988440942,12.3659117997616
"mistletoe",22,"ols",3,"count",11,11.1458971723825,12.3659117997616
"mistletoe",22,"ols",3,"count",8,11.1458971723825,12.3659117997616
"mistletoe",22,"ols",3,"count",17,10.8484879140122,12.3659117997616
"mistletoe",22,"ols",3,"count",5,11.1033088401203,12.3659117997616
"mistletoe",22,"ols",3,"count",11,11.1033088401203,12.3659117997616
"mistletoe",22,"ols",3,"count",6,11.3641152736002,12.3659117997616
"mistletoe",22,"ols",3,"count",14,11.3641152736002,12.3659117997616
"mistletoe",22,"ols",3,"count",9,11.9042503411806,12.3659117997616
"mistletoe",22,"ols",3,"count",8,11.9042503411806,12.3659117997616
"mistletoe",22,"ols",3,"count",12,12.7027966379348,12.3659117997616
"mistletoe",22,"ols",3,"count",12,13.3065590739275,12.3659117997616
"mistletoe",22,"ols",3,"count",8,13.2184565493704,12.3659117997616
"mistletoe",22,"ols",3,"count",4,13.2184565493704,12.3659117997616
"mistletoe",22,"ols",3,"count",9,13.2184565493704,12.3659117997616
"mistletoe",22,"ols",3,"count",10,13.846728240541,12.3659117997616
"mistletoe",22,"ols",3,"count",18,13.846728240541,12.3659117997616
"mistletoe",22,"ols",3,"count",8,14.1719750529806,12.3659117997616
"mistletoe",22,"ols",3,"count",28,14.5048616115872,12.3659117997616
"mistletoe",22,"ols",3,"count",14,14.5048616115872,12.3659117997616
"mistletoe",22,"ols",3,"count",10,11.1362542108996,12.3659117997616
"mistletoe",22,"ols",3,"count",9,11.1362542108996,12.3659117997616
"mistletoe",22,"ols",3,"count",6,11.3978345006035,12.3659117997616
"mistletoe",22,"ols",3,"count",4,11.6655590688651,12.3659117997616
"mistletoe",22,"ols",3,"count",3,11.6655590688651,12.3659117997616
"mistletoe",22,"ols",3,"count",6,13.1141206530337,12.3659117997616
"mistletoe",22,"ols",3,"count",9,13.4221591922648,12.3659117997616
"mistletoe",22,"ols",3,"count",11,13.4221591922648,12.3659117997616
"mistletoe",22,"ols",3,"count",14,13.1882328573061,12.3659117997616
"mistletoe",22,"ols",3,"count",7,13.4980122235243,12.3659117997616
"mistletoe",22,"ols",3,"count",6,13.8150680199339,12.3659117997616
"mistletoe",22,"ols",3,"count",7,13.8150680199339,12.3659117997616
"mistletoe",22,"ols",3,"count",7,14.1395711631359,12.3659117997616
"mistletoe",22,"ols",3,"count",5,14.1395711631359,12.3659117997616
"mistletoe",22,"ols",3,"count",4,14.4716965844037,12.3659117997616
"mistletoe",22,"ols",3,"count",13,14.4716965844037,12.3659117997616
"mistletoe",22,"ols",3,"count",6,12.2153351744864,12.3659117997616
"mistletoe",22,"ols",3,"count",7,12.2153351744864,12.3659117997616
"mistletoe",22,"ols",3,"count",14,12.5022620758717,12.3659117997616
"mistletoe",22,"ols",3,"count",12,12.5022620758717,12.3659117997616
"mistletoe",22,"ols",3,"count",7,12.7959286242304,12.3659117997616
"mistletoe",22,"ols",3,"count",12,12.7959286242304,12.3659117997616
"mistletoe",22,"ols",3,"count",5,11.6703812665351,12.3659117997616
"mistletoe",22,"ols",3,"count",8,11.6703812665351,12.3659117997616
"mistletoe",22,"ols",3,"count",6,11.9445077057167,12.3659117997616
"mistletoe",22,"ols",3,"count",5,11.9445077057167,12.3659117997616
"mistletoe",22,"ols",3,"count",5,12.2250731208787,12.3659117997616
"mistletoe",22,"ols",3,"count",3,12.2250731208787,12.3659117997616
"mistletoe",22,"ols",3,"count",12,11.6943209548967,12.3659117997616
"mistletoe",22,"ols",3,"count",11,11.868827434949,12.3659117997616
"mistletoe",22,"ols",3,"count",19,12.7027966379348,12.3659117997616
"mistletoe",22,"ols",3,"count",13,13.6191178133027,12.3659117997616
"mistletoe",22,"ols",3,"count",10,13.6191178133027,12.3659117997616
"mistletoe",22,"ols",4,"count",17,10.8458899182395,12.4647355163728
"mistletoe",22,"ols",4,"count",29,12.170894079628,12.4647355163728
"mistletoe",22,"ols",4,"count",16,12.9087520882599,12.4647355163728
"mistletoe",22,"ols",4,"count",0,13.7062864225791,12.4647355163728
"mistletoe",22,"ols",4,"count",21,11.214043431685,12.4647355163728
"mistletoe",22,"ols",4,"count",3,11.214043431685,12.4647355163728
"mistletoe",22,"ols",4,"count",12,11.0292649643094,12.4647355163728
"mistletoe",22,"ols",4,"count",8,11.6814281000978,12.4647355163728
"mistletoe",22,"ols",4,"count",17,10.5040796715708,12.4647355163728
"mistletoe",22,"ols",4,"count",18,11.5221580505377,12.4647355163728
"mistletoe",22,"ols",4,"count",6,12.922841738201,12.4647355163728
"mistletoe",22,"ols",4,"count",10,11.3571280460633,12.4647355163728
"mistletoe",22,"ols",4,"count",5,10.768115012287,12.4647355163728
"mistletoe",22,"ols",4,"count",12,10.1938968733783,12.4647355163728
"mistletoe",22,"ols",4,"count",27,12.5275599258713,12.4647355163728
"mistletoe",22,"ols",4,"count",13,12.8438376919282,12.4647355163728
"mistletoe",22,"ols",4,"count",9,11.8727575582358,12.4647355163728
"mistletoe",22,"ols",4,"count",41,10.438496844955,12.4647355163728
"mistletoe",22,"ols",4,"count",12,15.7883423537118,12.4647355163728
"mistletoe",22,"ols",4,"count",17,10.1453500242137,12.4647355163728
"mistletoe",22,"ols",4,"count",18,10.1453500242137,12.4647355163728
"mistletoe",22,"ols",4,"count",7,11.1819116570336,12.4647355163728
"mistletoe",22,"ols",4,"count",15,12.5275599258713,12.4647355163728
"mistletoe",22,"ols",4,"count",46,13.3503043518858,12.4647355163728
"mistletoe",22,"ols",4,"count",14,13.7565312160602,12.4647355163728
"mistletoe",22,"ols",4,"count",5,10.5615264487783,12.4647355163728
"mistletoe",22,"ols",4,"count",24,11.336478502583,12.4647355163728
"mistletoe",22,"ols",4,"count",13,11.336478502583,12.4647355163728
"mistletoe",22,"ols",4,"count",5,11.9105408939445,12.4647355163728
"mistletoe",22,"ols",4,"count",12,12.170894079628,12.4647355163728
"mistletoe",22,"ols",4,"count",16,10.768115012287,12.4647355163728
"mistletoe",22,"ols",4,"count",10,10.9101251692039,12.4647355163728
"mistletoe",22,"ols",4,"count",5,11.710679978805,12.4647355163728
"mistletoe",22,"ols",4,"count",7,10.7035735781431,12.4647355163728
"mistletoe",22,"ols",4,"count",7,11.0292649643094,12.4647355163728
"mistletoe",22,"ols",4,"count",14,11.3648665807599,12.4647355163728
"mistletoe",22,"ols",4,"count",5,11.3648665807599,12.4647355163728
"mistletoe",22,"ols",4,"count",19,11.710679978805,12.4647355163728
"mistletoe",22,"ols",4,"count",6,10.5256135504933,12.4647355163728
"mistletoe",22,"ols",4,"count",7,11.5159755730651,12.4647355163728
"mistletoe",22,"ols",4,"count",4,11.336478502583,12.4647355163728
"mistletoe",22,"ols",4,"count",8,12.0368739222382,12.4647355163728
"mistletoe",22,"ols",4,"count",21,12.0368739222382,12.4647355163728
"mistletoe",22,"ols",4,"count",7,12.4031353511172,12.4647355163728
"mistletoe",22,"ols",4,"count",4,12.4031353511172,12.4647355163728
"mistletoe",22,"ols",4,"count",5,12.7805414870981,12.4647355163728
"mistletoe",22,"ols",4,"count",5,12.7805414870981,12.4647355163728
"mistletoe",22,"ols",4,"count",15,10.438496844955,12.4647355163728
"mistletoe",22,"ols",4,"count",18,10.438496844955,12.4647355163728
"mistletoe",22,"ols",4,"count",13,10.438496844955,12.4647355163728
"mistletoe",22,"ols",4,"count",9,10.7561224007664,12.4647355163728
"mistletoe",22,"ols",4,"count",5,10.7561224007664,12.4647355163728
"mistletoe",22,"ols",4,"count",9,11.0834127574781,12.4647355163728
"mistletoe",22,"ols",4,"count",10,11.0834127574781,12.4647355163728
"mistletoe",22,"ols",4,"count",3,11.4206619984052,12.4647355163728
"mistletoe",22,"ols",4,"count",5,11.4206619984052,12.4647355163728
"mistletoe",22,"ols",4,"count",10,11.7681731553139,12.4647355163728
"mistletoe",22,"ols",4,"count",8,11.7681731553139,12.4647355163728
"mistletoe",22,"ols",4,"count",12,11.5588256539633,12.4647355163728
"mistletoe",22,"ols",4,"count",19,11.5588256539633,12.4647355163728
"mistletoe",22,"ols",4,"count",26,11.9105408939445,12.4647355163728
"mistletoe",22,"ols",4,"count",13,11.9105408939445,12.4647355163728
"mistletoe",22,"ols",4,"count",13,12.2729582254478,12.4647355163728
"mistletoe",22,"ols",4,"count",24,12.2729582254478,12.4647355163728
"mistletoe",22,"ols",4,"count",18,12.6464032947627,12.4647355163728
"mistletoe",22,"ols",4,"count",11,12.6464032947627,12.4647355163728
"mistletoe",22,"ols",4,"count",16,13.0312116570372,12.4647355163728
"mistletoe",22,"ols",4,"count",15,13.0312116570372,12.4647355163728
"mistletoe",22,"ols",4,"count",6,10.1938968733783,12.4647355163728
"mistletoe",22,"ols",4,"count",15,10.5040796715708,12.4647355163728
"mistletoe",22,"ols",4,"count",2,10.8237008003143,12.4647355163728
"mistletoe",22,"ols",4,"count",3,10.8237008003143,12.4647355163728
"mistletoe",22,"ols",4,"count",11,11.1530474518198,12.4647355163728
"mistletoe",22,"ols",4,"count",13,11.1530474518198,12.4647355163728
"mistletoe",22,"ols",4,"count",12,15.3221166239748,12.4647355163728
"mistletoe",22,"ols",4,"count",8,15.3221166239748,12.4647355163728
"mistletoe",22,"ols",4,"count",7,15.7883423537118,12.4647355163728
"mistletoe",22,"ols",4,"count",11,16.2687545327759,12.4647355163728
"mistletoe",22,"ols",4,"count",18,16.2687545327759,12.4647355163728
"mistletoe",22,"ols",4,"count",18,11.3350250311125,12.4647355163728
"mistletoe",22,"ols",4,"count",17,11.3350250311125,12.4647355163728
"mistletoe",22,"ols",4,"count",6,11.3350250311125,12.4647355163728
"mistletoe",22,"ols",4,"count",8,11.6799304019833,12.4647355163728
"mistletoe",22,"ols",4,"count",18,11.6799304019833,12.4647355163728
"mistletoe",22,"ols",4,"count",11,12.0353306517388,12.4647355163728
"mistletoe",22,"ols",4,"count",13,12.0353306517388,12.4647355163728
"mistletoe",22,"ols",4,"count",15,12.4015451215434,12.4647355163728
"mistletoe",22,"ols",4,"count",13,12.4015451215434,12.4647355163728
"mistletoe",22,"ols",4,"count",12,12.7789028695658,12.4647355163728
"mistletoe",22,"ols",4,"count",13,12.7789028695658,12.4647355163728
"mistletoe",22,"ols",4,"count",14,10.1453500242137,12.4647355163728
"mistletoe",22,"ols",4,"count",8,10.7721546078539,12.4647355163728
"mistletoe",22,"ols",4,"count",12,10.7721546078539,12.4647355163728
"mistletoe",22,"ols",4,"count",6,11.0999327971302,12.4647355163728
"mistletoe",22,"ols",4,"count",12,11.0999327971302,12.4647355163728
"mistletoe",22,"ols",4,"count",4,11.4376847145303,12.4647355163728
"mistletoe",22,"ols",4,"count",9,11.4376847145303,12.4647355163728
"mistletoe",22,"ols",4,"count",13,11.1819116570336,12.4647355163728
"mistletoe",22,"ols",4,"count",15,11.1819116570336,12.4647355163728
"mistletoe",22,"ols",4,"count",7,11.5221580505377,12.4647355163728
"mistletoe",22,"ols",4,"count",5,11.8727575582358,12.4647355163728
"mistletoe",22,"ols",4,"count",10,12.234025207636,12.4647355163728
"mistletoe",22,"ols",4,"count",8,12.234025207636,12.4647355163728
"mistletoe",22,"ols",4,"count",20,12.6062856119934,12.4647355163728
"mistletoe",22,"ols",4,"count",5,12.6062856119934,12.4647355163728
"mistletoe",22,"ols",4,"count",4,12.5275599258713,12.4647355163728
"mistletoe",22,"ols",4,"count",10,12.9087520882599,12.4647355163728
"mistletoe",22,"ols",4,"count",3,13.3015432743632,12.4647355163728
"mistletoe",22,"ols",4,"count",6,13.3015432743632,12.4647355163728
"mistletoe",22,"ols",4,"count",12,13.7062864225791,12.4647355163728
"mistletoe",22,"ols",4,"count",2,14.1233452106159,12.4647355163728
"mistletoe",22,"ols",4,"count",9,14.1233452106159,12.4647355163728
"mistletoe",22,"ols",4,"count",13,14.2062793040619,12.4647355163728
"mistletoe",22,"ols",4,"count",5,14.2062793040619,12.4647355163728
"mistletoe",22,"ols",4,"count",14,14.6385520179389,12.4647355163728
"mistletoe",22,"ols",4,"count",2,14.6385520179389,12.4647355163728
"mistletoe",22,"ols",4,"count",5,15.0839780491035,12.4647355163728
"mistletoe",22,"ols",4,"count",6,15.0839780491035,12.4647355163728
"mistletoe",22,"ols",4,"count",19,12.5734837189316,12.4647355163728
"mistletoe",22,"ols",4,"count",16,12.9560732635787,12.4647355163728
"mistletoe",22,"ols",4,"count",13,12.9560732635787,12.4647355163728
"mistletoe",22,"ols",4,"count",16,13.3503043518858,12.4647355163728
"mistletoe",22,"ols",4,"count",10,13.7565312160602,12.4647355163728
"mistletoe",22,"ols",4,"count",13,12.4645624351349,12.4647355163728
"mistletoe",22,"ols",4,"count",15,12.4645624351349,12.4647355163728
"mistletoe",22,"ols",4,"count",9,12.8438376919282,12.4647355163728
"mistletoe",22,"ols",4,"count",11,11.8114906763636,12.4647355163728
"mistletoe",22,"ols",4,"count",5,12.541233512037,12.4647355163728
"mistletoe",22,"ols",4,"count",3,12.541233512037,12.4647355163728
"mistletoe",22,"ols",4,"count",6,12.922841738201,12.4647355163728
"mistletoe",22,"ols",4,"count",6,11.021754946572,12.4647355163728
"mistletoe",22,"ols",4,"count",4,11.3571280460633,12.4647355163728
"mistletoe",22,"ols",4,"count",11,11.70270597377,12.4647355163728
"mistletoe",22,"ols",4,"count",6,11.70270597377,12.4647355163728
"mistletoe",22,"ols",4,"count",9,12.0587992451123,12.4647355163728
"mistletoe",22,"ols",4,"count",13,12.0587992451123,12.4647355163728
"mistletoe",22,"ols",4,"count",13,11.0957702835986,12.4647355163728
"mistletoe",22,"ols",4,"count",6,11.0957702835986,12.4647355163728
"mistletoe",22,"ols",4,"count",0,11.433395542851,12.4647355163728
"mistletoe",22,"ols",4,"count",12,11.433395542851,12.4647355163728
"mistletoe",22,"ols",4,"count",2,11.7812941596778,12.4647355163728
"mistletoe",22,"ols",4,"count",7,11.7812941596778,12.4647355163728
"mistletoe",22,"ols",4,"count",9,10.2496472618819,12.4647355163728
"mistletoe",22,"ols",4,"count",8,10.8828955844247,12.4647355163728
"mistletoe",22,"ols",4,"count",4,10.8828955844247,12.4647355163728
"mistletoe",22,"ols",4,"count",1,11.5552675399822,12.4647355163728
"mistletoe",22,"ols",4,"count",1,11.5552675399822,12.4647355163728
"mistletoe",22,"ols",4,"count",0,11.2421015660272,12.4647355163728
"mistletoe",22,"ols",4,"count",3,12.2366985174896,12.4647355163728
"mistletoe",22,"ols",4,"count",5,12.6090402660808,12.4647355163728
"mistletoe",22,"ols",4,"count",7,12.9927117354743,12.4647355163728
"mistletoe",22,"ols",4,"count",6,12.9927117354743,12.4647355163728
"mistletoe",22,"ols",4,"count",0,13.3880576696421,12.4647355163728
"mistletoe",22,"ols",4,"count",4,13.3880576696421,12.4647355163728
"mistletoe",22,"ols",4,"count",7,13.7954333025247,12.4647355163728
"mistletoe",22,"ols",4,"count",0,13.7954333025247,12.4647355163728
"mistletoe",22,"ols",4,"count",14,9.24107257337449,12.4647355163728
"mistletoe",22,"ols",4,"count",0,9.5222625623172,12.4647355163728
"mistletoe",22,"ols",4,"count",5,10.4182186189818,12.4647355163728
"mistletoe",22,"ols",4,"count",17,11.5677088369457,12.4647355163728
"mistletoe",22,"ols",4,"count",12,11.5677088369457,12.4647355163728
"mistletoe",22,"ols",4,"count",6,11.5677088369457,12.4647355163728
"mistletoe",22,"ols",4,"count",3,11.9196943769494,12.4647355163728
"mistletoe",22,"ols",4,"count",45,12.2823902332413,12.4647355163728
"mistletoe",22,"ols",4,"count",7,12.6561223023764,12.4647355163728
"mistletoe",22,"ols",4,"count",7,12.6561223023764,12.4647355163728
"mistletoe",22,"ols",4,"count",5,13.0412263973835,12.4647355163728
"mistletoe",22,"ols",4,"count",6,13.0412263973835,12.4647355163728
"mistletoe",22,"ols",4,"count",21,10.9101251692039,12.4647355163728
"mistletoe",22,"ols",4,"count",20,10.9101251692039,12.4647355163728
"mistletoe",22,"ols",4,"count",16,11.2421015660272,12.4647355163728
"mistletoe",22,"ols",4,"count",31,9.81200868035146,12.4647355163728
"mistletoe",22,"ols",4,"count",7,11.1759117465466,12.4647355163728
"mistletoe",22,"ols",4,"count",11,11.5159755730651,12.4647355163728
"mistletoe",22,"ols",4,"count",8,10.2752924256077,12.4647355163728
"mistletoe",22,"ols",4,"count",11,10.5879519508521,12.4647355163728
"mistletoe",22,"ols",4,"count",13,11.5841794352296,12.4647355163728
"mistletoe",22,"ols",4,"count",7,11.5841794352296,12.4647355163728
"mistletoe",22,"ols",4,"count",16,9.81200868035146,12.4647355163728
"mistletoe",22,"ols",4,"count",0,10.1105712758107,12.4647355163728
"mistletoe",22,"ols",4,"count",11,10.1105712758107,12.4647355163728
"mistletoe",22,"ols",4,"count",19,10.4182186189818,12.4647355163728
"mistletoe",22,"ols",4,"count",9,11.9196943769494,12.4647355163728
"mistletoe",22,"ols",4,"count",13,12.2823902332413,12.4647355163728
"mistletoe",22,"ols",5,"count",20,11.9106109601088,12.1535380507343
"mistletoe",22,"ols",5,"count",11,10.1749251042309,12.1535380507343
"mistletoe",22,"ols",5,"count",76,11.6010419223213,12.1535380507343
"mistletoe",22,"ols",5,"count",42,11.7112901464243,12.1535380507343
"mistletoe",22,"ols",5,"count",23,10.9773803737147,12.1535380507343
"mistletoe",22,"ols",5,"count",35,11.7984863615449,12.1535380507343
"mistletoe",22,"ols",5,"count",17,11.7882446257376,12.1535380507343
"mistletoe",22,"ols",5,"count",37,11.8588705578946,12.1535380507343
"mistletoe",22,"ols",5,"count",13,11.344902452878,12.1535380507343
"mistletoe",22,"ols",5,"count",45,11.3505828091657,12.1535380507343
"mistletoe",22,"ols",5,"count",8,11.6874172861312,12.1535380507343
"mistletoe",22,"ols",5,"count",21,11.6738055322279,12.1535380507343
"mistletoe",22,"ols",5,"count",8,10.7716745653003,12.1535380507343
"mistletoe",22,"ols",5,"count",14,11.6010419223213,12.1535380507343
"mistletoe",22,"ols",5,"count",56,9.03226580612805,12.1535380507343
"mistletoe",22,"ols",5,"count",5,10.5478153214476,12.1535380507343
"mistletoe",22,"ols",5,"count",16,12.0238011127801,12.1535380507343
"mistletoe",22,"ols",5,"count",12,12.0238011127801,12.1535380507343
"mistletoe",22,"ols",5,"count",15,10.271620507164,12.1535380507343
"mistletoe",22,"ols",5,"count",16,13.7667667266631,12.1535380507343
"mistletoe",22,"ols",5,"count",11,12.0097975893563,12.1535380507343
"mistletoe",22,"ols",5,"count",47,11.4584508442632,12.1535380507343
"mistletoe",22,"ols",5,"count",19,11.7472330352537,12.1535380507343
"mistletoe",22,"ols",5,"count",7,9.03226580612805,12.1535380507343
"mistletoe",22,"ols",5,"count",8,9.97008874065282,12.1535380507343
"mistletoe",22,"ols",5,"count",20,9.97008874065282,12.1535380507343
"mistletoe",22,"ols",5,"count",8,11.7057090207822,12.1535380507343
"mistletoe",22,"ols",5,"count",15,11.5615551484552,12.1535380507343
"mistletoe",22,"ols",5,"count",8,10.0648375214232,12.1535380507343
"mistletoe",22,"ols",5,"count",24,11.4584508442632,12.1535380507343
"mistletoe",22,"ols",5,"count",2,12.0853384613023,12.1535380507343
"mistletoe",22,"ols",5,"count",4,11.8225860928784,12.1535380507343
"mistletoe",22,"ols",5,"count",11,11.8225860928784,12.1535380507343
"mistletoe",22,"ols",5,"count",11,9.97008874065282,12.1535380507343
"mistletoe",22,"ols",5,"count",2,10.0648375214232,12.1535380507343
"mistletoe",22,"ols",5,"count",15,11.595513336509,12.1535380507343
"mistletoe",22,"ols",5,"count",28,11.2381033442902,12.1535380507343
"mistletoe",22,"ols",5,"count",17,11.4527165058249,12.1535380507343
"mistletoe",22,"ols",5,"count",21,11.6714281177558,12.1535380507343
"mistletoe",22,"ols",5,"count",12,10.9885568455096,12.1535380507343
"mistletoe",22,"ols",5,"count",5,11.0929844379435,12.1535380507343
"mistletoe",22,"ols",5,"count",14,11.1984044374982,12.1535380507343
"mistletoe",22,"ols",5,"count",9,10.4002753135675,12.1535380507343
"mistletoe",22,"ols",5,"count",13,11.9106109601088,12.1535380507343
"mistletoe",22,"ols",5,"count",21,10.1749251042309,12.1535380507343
"mistletoe",22,"ols",5,"count",7,10.271620507164,12.1535380507343
"mistletoe",22,"ols",5,"count",9,9.11810217077697,12.1535380507343
"mistletoe",22,"ols",5,"count",16,11.5639101823253,12.1535380507343
"mistletoe",22,"ols",5,"count",9,11.6738055322279,12.1535380507343
"mistletoe",22,"ols",5,"count",5,11.8967392636288,12.1535380507343
"mistletoe",22,"ols",5,"count",18,12.475668181378,12.1535380507343
"mistletoe",22,"ols",5,"count",24,11.567343982053,12.1535380507343
"mistletoe",22,"ols",5,"count",9,10.5478153214476,12.1535380507343
"mistletoe",22,"ols",5,"count",23,12.2001891024744,12.1535380507343
"mistletoe",22,"ols",5,"count",4,11.2381033442902,12.1535380507343
"mistletoe",22,"ols",5,"count",19,13.1289498389205,12.1535380507343
"mistletoe",22,"ols",5,"count",3,11.595513336509,12.1535380507343
"mistletoe",22,"ols",5,"count",12,11.7057090207822,12.1535380507343
"mistletoe",22,"ols",5,"count",7,11.8169519281046,12.1535380507343
"mistletoe",22,"ols",5,"count",1,11.9292520105547,12.1535380507343
"mistletoe",22,"ols",5,"count",6,11.9292520105547,12.1535380507343
"mistletoe",22,"ols",5,"count",10,12.0426193147889,12.1535380507343
"mistletoe",22,"ols",5,"count",12,12.0426193147889,12.1535380507343
"mistletoe",22,"ols",5,"count",2,11.2381033442902,12.1535380507343
"mistletoe",22,"ols",5,"count",9,11.344902452878,12.1535380507343
"mistletoe",22,"ols",5,"count",20,11.4527165058249,12.1535380507343
"mistletoe",22,"ols",5,"count",15,11.5615551484552,12.1535380507343
"mistletoe",22,"ols",5,"count",7,11.6714281177558,12.1535380507343
"mistletoe",22,"ols",5,"count",1,10.9885568455096,12.1535380507343
"mistletoe",22,"ols",5,"count",8,11.0929844379435,12.1535380507343
"mistletoe",22,"ols",5,"count",14,11.1984044374982,12.1535380507343
"mistletoe",22,"ols",5,"count",4,11.30482627532,12.1535380507343
"mistletoe",22,"ols",5,"count",9,11.4122594721822,12.1535380507343
"mistletoe",22,"ols",5,"count",8,11.4122594721822,12.1535380507343
"mistletoe",22,"ols",5,"count",19,12.2753672203162,12.1535380507343
"mistletoe",22,"ols",5,"count",14,11.6183256178449,12.1535380507343
"mistletoe",22,"ols",5,"count",10,11.6183256178449,12.1535380507343
"mistletoe",22,"ols",5,"count",14,11.5525207944998,12.1535380507343
"mistletoe",22,"ols",5,"count",10,11.6623079075914,12.1535380507343
"mistletoe",22,"ols",5,"count",9,11.7731383609562,12.1535380507343
"mistletoe",22,"ols",5,"count",12,13.8157182082831,12.1535380507343
"mistletoe",22,"ols",5,"count",8,10.4991122879687,12.1535380507343
"mistletoe",22,"ols",5,"count",8,10.4991122879687,12.1535380507343
"mistletoe",22,"ols",5,"count",0,10.5988885401499,12.1535380507343
"mistletoe",22,"ols",5,"count",9,10.6996129963532,12.1535380507343
"mistletoe",22,"ols",5,"count",5,11.6010419223213,12.1535380507343
"mistletoe",22,"ols",5,"count",8,11.7112901464243,12.1535380507343
"mistletoe",22,"ols",5,"count",3,11.9349397185072,12.1535380507343
"mistletoe",22,"ols",5,"count",6,11.9349397185072,12.1535380507343
"mistletoe",22,"ols",5,"count",11,11.7984863615449,12.1535380507343
"mistletoe",22,"ols",5,"count",7,10.1749251042309,12.1535380507343
"mistletoe",22,"ols",5,"count",8,10.3692348358732,12.1535380507343
"mistletoe",22,"ols",5,"count",12,10.3692348358732,12.1535380507343
"mistletoe",22,"ols",5,"count",5,10.4677768231892,12.1535380507343
"mistletoe",22,"ols",5,"count",11,10.4677768231892,12.1535380507343
"mistletoe",22,"ols",5,"count",17,10.5672552849335,12.1535380507343
"mistletoe",22,"ols",5,"count",15,10.5672552849335,12.1535380507343
"mistletoe",22,"ols",5,"count",2,9.03226580612805,12.1535380507343
"mistletoe",22,"ols",5,"count",5,9.11810217077697,12.1535380507343
"mistletoe",22,"ols",5,"count",7,9.20475426446383,12.1535380507343
"mistletoe",22,"ols",5,"count",16,9.20475426446383,12.1535380507343
"mistletoe",22,"ols",5,"count",8,9.29222983930931,12.1535380507343
"mistletoe",22,"ols",5,"count",4,9.29222983930931,12.1535380507343
"mistletoe",22,"ols",5,"count",11,9.38053672110498,12.1535380507343
"mistletoe",22,"ols",5,"count",15,9.38053672110498,12.1535380507343
"mistletoe",22,"ols",5,"count",6,10.1604867286283,12.1535380507343
"mistletoe",22,"ols",5,"count",10,10.1604867286283,12.1535380507343
"mistletoe",22,"ols",5,"count",6,10.2570449192937,12.1535380507343
"mistletoe",22,"ols",5,"count",5,10.2570449192937,12.1535380507343
"mistletoe",22,"ols",5,"count",11,10.3545207317654,12.1535380507343
"mistletoe",22,"ols",5,"count",13,10.3545207317654,12.1535380507343
"mistletoe",22,"ols",5,"count",6,12.6415116987553,12.1535380507343
"mistletoe",22,"ols",5,"count",6,12.6415116987553,12.1535380507343
"mistletoe",22,"ols",5,"count",13,12.6415116987553,12.1535380507343
"mistletoe",22,"ols",5,"count",9,12.8829256374896,12.1535380507343
"mistletoe",22,"ols",5,"count",25,13.0053559917883,12.1535380507343
"mistletoe",22,"ols",5,"count",3,14.0558865309183,12.1535380507343
"mistletoe",22,"ols",5,"count",13,14.0558865309183,12.1535380507343
"mistletoe",22,"ols",5,"count",20,14.4604389467736,12.1535380507343
"mistletoe",22,"ols",5,"count",11,13.9901095819884,12.1535380507343
"mistletoe",22,"ols",5,"count",16,13.9901095819884,12.1535380507343
"mistletoe",22,"ols",5,"count",15,14.1230618415137,12.1535380507343
"mistletoe",22,"ols",5,"count",6,14.257277586733,12.1535380507343
"mistletoe",22,"ols",5,"count",5,12.1953538906654,12.1535380507343
"mistletoe",22,"ols",5,"count",12,12.1953538906654,12.1535380507343
"mistletoe",22,"ols",5,"count",5,10.3748006561609,12.1535380507343
"mistletoe",22,"ols",5,"count",7,10.3748006561609,12.1535380507343
"mistletoe",22,"ols",5,"count",10,10.5729273952465,12.1535380507343
"mistletoe",22,"ols",5,"count",11,10.5729273952465,12.1535380507343
"mistletoe",22,"ols",5,"count",14,10.6734051348065,12.1535380507343
"mistletoe",22,"ols",5,"count",17,10.6734051348065,12.1535380507343
"mistletoe",22,"ols",5,"count",8,10.7748377448362,12.1535380507343
"mistletoe",22,"ols",5,"count",7,10.7748377448362,12.1535380507343
"mistletoe",22,"ols",5,"count",7,13.6584210843574,12.1535380507343
"mistletoe",22,"ols",5,"count",3,13.6584210843574,12.1535380507343
"mistletoe",22,"ols",5,"count",12,13.7882212073708,12.1535380507343
"mistletoe",22,"ols",5,"count",11,13.9192548603678,12.1535380507343
"mistletoe",22,"ols",5,"count",11,14.0515337659581,12.1535380507343
"mistletoe",22,"ols",5,"count",11,14.1850697581555,12.1535380507343
"mistletoe",22,"ols",5,"count",9,13.5087904352027,12.1535380507343
"mistletoe",22,"ols",5,"count",13,13.6371685727212,12.1535380507343
"mistletoe",22,"ols",5,"count",3,13.6371685727212,12.1535380507343
"mistletoe",22,"ols",5,"count",28,13.7667667266631,12.1535380507343
"mistletoe",22,"ols",5,"count",5,11.5639101823253,12.1535380507343
"mistletoe",22,"ols",5,"count",9,11.7847452510109,12.1535380507343
"mistletoe",22,"ols",5,"count",15,11.7847452510109,12.1535380507343
"mistletoe",22,"ols",5,"count",8,11.8967392636288,12.1535380507343
"mistletoe",22,"ols",5,"count",9,12.0097975893563,12.1535380507343
"mistletoe",22,"ols",5,"count",12,12.1266426973826,12.1535380507343
"mistletoe",22,"ols",5,"count",10,12.2418858652523,12.1535380507343
"mistletoe",22,"ols",5,"count",13,12.3582242239405,12.1535380507343
"mistletoe",22,"ols",5,"count",22,12.3582242239405,12.1535380507343
"mistletoe",22,"ols",5,"count",10,12.475668181378,12.1535380507343
"mistletoe",22,"ols",5,"count",17,12.5942282444056,12.1535380507343
"mistletoe",22,"ols",5,"count",15,12.5942282444056,12.1535380507343
"mistletoe",22,"ols",5,"count",9,11.3505828091657,12.1535380507343
"mistletoe",22,"ols",5,"count",9,11.567343982053,12.1535380507343
"mistletoe",22,"ols",5,"count",8,11.6772719643971,12.1535380507343
"mistletoe",22,"ols",5,"count",10,11.6772719643971,12.1535380507343
"mistletoe",22,"ols",5,"count",12,11.7882446257376,12.1535380507343
"mistletoe",22,"ols",5,"count",8,10.5698234907272,12.1535380507343
"mistletoe",22,"ols",5,"count",8,10.6702717329401,12.1535380507343
"mistletoe",22,"ols",5,"count",10,10.6702717329401,12.1535380507343
"mistletoe",22,"ols",5,"count",4,10.7716745653003,12.1535380507343
"mistletoe",22,"ols",5,"count",6,10.874041059568,12.1535380507343
"mistletoe",22,"ols",5,"count",11,10.9773803737147,12.1535380507343
"mistletoe",22,"ols",5,"count",4,10.1562068877059,12.1535380507343
"mistletoe",22,"ols",5,"count",6,10.2527244057434,12.1535380507343
"mistletoe",22,"ols",5,"count",4,10.2527244057434,12.1535380507343
"mistletoe",22,"ols",5,"count",3,10.350159159063,12.1535380507343
"mistletoe",22,"ols",5,"count",8,10.350159159063,12.1535380507343
"mistletoe",22,"ols",5,"count",5,10.4485198644298,12.1535380507343
"mistletoe",22,"ols",5,"count",7,11.7472330352537,12.1535380507343
"mistletoe",22,"ols",5,"count",17,11.8588705578946,12.1535380507343
"mistletoe",22,"ols",5,"count",3,11.9715690058125,12.1535380507343
"mistletoe",22,"ols",5,"count",9,11.9715690058125,12.1535380507343
"mistletoe",22,"ols",5,"count",6,12.0853384613023,12.1535380507343
"mistletoe",22,"ols",5,"count",27,12.2001891024744,12.1535380507343
"mistletoe",22,"ols",5,"count",12,10.4435926408055,12.1535380507343
"mistletoe",22,"ols",5,"count",4,10.5428412729209,12.1535380507343
"mistletoe",22,"ols",5,"count",4,10.6430330949247,12.1535380507343
"mistletoe",22,"ols",5,"count",14,10.6430330949247,12.1535380507343
"mistletoe",22,"ols",5,"count",4,10.7441770702367,12.1535380507343
"mistletoe",22,"ols",5,"count",9,10.7441770702367,12.1535380507343
"mistletoe",22,"ols",5,"count",5,10.846282247459,12.1535380507343
"mistletoe",22,"ols",5,"count",6,10.846282247459,12.1535380507343
"mistletoe",22,"ols",5,"count",19,11.8401998537542,12.1535380507343
"mistletoe",22,"ols",5,"count",10,13.6856592328732,12.1535380507343
"mistletoe",22,"ols",5,"count",20,14.0795558748995,12.1535380507343
"mistletoe",22,"ols",5,"count",6,11.5089525470385,12.1535380507343
"mistletoe",22,"ols",5,"count",15,11.6183256178449,12.1535380507343
"mistletoe",22,"ols",5,"count",18,13.8157182082831,12.1535380507343
"mistletoe",22,"ols",5,"count",18,13.9470131736292,12.1535380507343
"mistletoe",22,"ols",5,"count",25,12.3112500418694,12.1535380507343
"mistletoe",22,"ols",5,"count",18,12.4282475893908,12.1535380507343
"mistletoe",22,"ols",5,"count",15,12.4282475893908,12.1535380507343
"mistletoe",22,"ols",5,"count",9,12.5463570001331,12.1535380507343
"mistletoe",22,"ols",5,"count",19,12.5463570001331,12.1535380507343
"mistletoe",22,"ols",5,"count",18,11.30482627532,12.1535380507343
"mistletoe",22,"ols",5,"count",8,12.1598088642912,12.1535380507343
"mistletoe",22,"ols",5,"count",11,12.2753672203162,12.1535380507343
"mistletoe",22,"ols",5,"count",18,12.3920237624883,12.1535380507343
"mistletoe",22,"ols",5,"count",10,12.5097889272041,12.1535380507343
"mistletoe",22,"ols",5,"count",19,11.7287380941547,12.1535380507343
"mistletoe",22,"ols",5,"count",11,11.4437671998418,12.1535380507343
"mistletoe",22,"ols",5,"count",9,12.7616478230877,12.1535380507343
"mistletoe",22,"ols",5,"count",6,12.7616478230877,12.1535380507343
"mistletoe",22,"ols",5,"count",7,12.8829256374896,12.1535380507343
"mistletoe",22,"ols",5,"count",11,13.0053559917883,12.1535380507343
"mistletoe",22,"ols",5,"count",5,14.1894638887628,12.1535380507343
"mistletoe",22,"ols",5,"count",10,14.1894638887628,12.1535380507343
"mistletoe",22,"ols",5,"count",9,14.3243106728004,12.1535380507343
"mistletoe",22,"ols",5,"count",11,14.3243106728004,12.1535380507343
"mistletoe",22,"ols",5,"count",8,14.4604389467736,12.1535380507343
"mistletoe",22,"ols",5,"count",8,14.5978608890704,12.1535380507343
"mistletoe",22,"ols",5,"count",8,14.5978608890704,12.1535380507343
"mistletoe",22,"ols",5,"count",9,14.1230618415137,12.1535380507343
"mistletoe",22,"ols",5,"count",9,14.257277586733,12.1535380507343
"mistletoe",22,"ols",5,"count",6,14.3927688249343,12.1535380507343
"mistletoe",22,"ols",5,"count",47,14.3927688249343,12.1535380507343
"mistletoe",22,"ols",5,"count",12,14.5295476775149,12.1535380507343
"mistletoe",22,"ols",5,"count",17,14.5295476775149,12.1535380507343
"mistletoe",22,"ols",5,"count",13,12.6655888404703,12.1535380507343
"mistletoe",22,"ols",5,"count",8,12.6655888404703,12.1535380507343
"mistletoe",22,"ols",5,"count",6,10.4733955371572,12.1535380507343
"mistletoe",22,"ols",5,"count",21,13.7882212073708,12.1535380507343
"mistletoe",22,"ols",5,"count",14,13.9192548603678,12.1535380507343
"mistletoe",22,"ols",5,"count",12,14.0515337659581,12.1535380507343
"mistletoe",22,"ols",5,"count",7,14.1850697581555,12.1535380507343
"mistletoe",22,"gam_spatial",1,"count",13,13.6766770138181,11.6944801026958
"mistletoe",22,"gam_spatial",1,"count",13,13.6766770138181,11.6944801026958
"mistletoe",22,"gam_spatial",1,"count",29,12.0499537969844,11.6944801026958
"mistletoe",22,"gam_spatial",1,"count",20,14.7593382312108,11.6944801026958
"mistletoe",22,"gam_spatial",1,"count",20,14.2030768402478,11.6944801026958
"mistletoe",22,"gam_spatial",1,"count",14,15.7242346013724,11.6944801026958
"mistletoe",22,"gam_spatial",1,"count",15,10.2562642523325,11.6944801026958
"mistletoe",22,"gam_spatial",1,"count",32,13.8282188933711,11.6944801026958
"mistletoe",22,"gam_spatial",1,"count",27,16.0746240407967,11.6944801026958
"mistletoe",22,"gam_spatial",1,"count",23,12.9301432417674,11.6944801026958
"mistletoe",22,"gam_spatial",1,"count",15,12.1581593365234,11.6944801026958
"mistletoe",22,"gam_spatial",1,"count",13,16.0746240407967,11.6944801026958
"mistletoe",22,"gam_spatial",1,"count",8,17.6579269895791,11.6944801026958
"mistletoe",22,"gam_spatial",1,"count",2,17.4644157741693,11.6944801026958
"mistletoe",22,"gam_spatial",1,"count",11,10.7969142190253,11.6944801026958
"mistletoe",22,"gam_spatial",1,"count",18,12.0499537969844,11.6944801026958
"mistletoe",22,"gam_spatial",1,"count",18,12.0499537969844,11.6944801026958
"mistletoe",22,"gam_spatial",1,"count",28,12.2533794503537,11.6944801026958
"mistletoe",22,"gam_spatial",1,"count",28,12.2533794503537,11.6944801026958
"mistletoe",22,"gam_spatial",1,"count",7,9.63440386763021,11.6944801026958
"mistletoe",22,"gam_spatial",1,"count",56,14.7593382312108,11.6944801026958
"mistletoe",22,"gam_spatial",1,"count",14,14.1110121387087,11.6944801026958
"mistletoe",22,"gam_spatial",1,"count",6,15.3242550762291,11.6944801026958
"mistletoe",22,"gam_spatial",1,"count",6,14.990221936037,11.6944801026958
"mistletoe",22,"gam_spatial",1,"count",8,12.901333039975,11.6944801026958
"mistletoe",22,"gam_spatial",1,"count",12,10.1438670178097,11.6944801026958
"mistletoe",22,"gam_spatial",1,"count",20,11.9513455397926,11.6944801026958
"mistletoe",22,"gam_spatial",1,"count",12,14.7469016716205,11.6944801026958
"mistletoe",22,"gam_spatial",1,"count",7,14.4254534936195,11.6944801026958
"mistletoe",22,"gam_spatial",1,"count",16,15.3916201025196,11.6944801026958
"mistletoe",22,"gam_spatial",1,"count",14,14.7279301739034,11.6944801026958
"mistletoe",22,"gam_spatial",1,"count",14,15.5519145011195,11.6944801026958
"mistletoe",22,"gam_spatial",1,"count",7,15.3814828372647,11.6944801026958
"mistletoe",22,"gam_spatial",1,"count",9,15.1563183061427,11.6944801026958
"mistletoe",22,"gam_spatial",1,"count",12,14.8259457971777,11.6944801026958
"mistletoe",22,"gam_spatial",1,"count",8,13.0442838646265,11.6944801026958
"mistletoe",22,"gam_spatial",1,"count",7,12.7599487971674,11.6944801026958
"mistletoe",22,"gam_spatial",1,"count",12,12.6201139682113,11.6944801026958
"mistletoe",22,"gam_spatial",1,"count",5,10.2562642523325,11.6944801026958
"mistletoe",22,"gam_spatial",1,"count",9,10.0327015318084,11.6944801026958
"mistletoe",22,"gam_spatial",1,"count",3,9.92275429573639,11.6944801026958
"mistletoe",22,"gam_spatial",1,"count",18,9.81401195893127,11.6944801026958
"mistletoe",22,"gam_spatial",1,"count",9,12.149216422441,11.6944801026958
"mistletoe",22,"gam_spatial",1,"count",11,12.016074540182,11.6944801026958
"mistletoe",22,"gam_spatial",1,"count",7,12.016074540182,11.6944801026958
"mistletoe",22,"gam_spatial",1,"count",10,11.8843917446818,11.6944801026958
"mistletoe",22,"gam_spatial",1,"count",9,11.7541520459744,11.6944801026958
"mistletoe",22,"gam_spatial",1,"count",11,10.7242242062679,11.6944801026958
"mistletoe",22,"gam_spatial",1,"count",11,10.6066986517842,11.6944801026958
"mistletoe",22,"gam_spatial",1,"count",23,10.6066986517842,11.6944801026958
"mistletoe",22,"gam_spatial",1,"count",4,10.4904610464977,11.6944801026958
"mistletoe",22,"gam_spatial",1,"count",12,10.3754972759195,11.6944801026958
"mistletoe",22,"gam_spatial",1,"count",10,14.0474269350501,11.6944801026958
"mistletoe",22,"gam_spatial",1,"count",13,14.0474269350501,11.6944801026958
"mistletoe",22,"gam_spatial",1,"count",13,13.8934827794769,11.6944801026958
"mistletoe",22,"gam_spatial",1,"count",10,13.7412256804121,11.6944801026958
"mistletoe",22,"gam_spatial",1,"count",10,12.0249194498852,11.6944801026958
"mistletoe",22,"gam_spatial",1,"count",12,11.8931397240246,11.6944801026958
"mistletoe",22,"gam_spatial",1,"count",13,11.7628041572056,11.6944801026958
"mistletoe",22,"gam_spatial",1,"count",15,12.7884432712321,11.6944801026958
"mistletoe",22,"gam_spatial",1,"count",17,12.7884432712321,11.6944801026958
"mistletoe",22,"gam_spatial",1,"count",0,12.6482961745725,11.6944801026958
"mistletoe",22,"gam_spatial",1,"count",8,9.52882153040143,11.6944801026958
"mistletoe",22,"gam_spatial",1,"count",10,9.42439625800903,11.6944801026958
"mistletoe",22,"gam_spatial",1,"count",10,12.5694731041052,11.6944801026958
"mistletoe",22,"gam_spatial",1,"count",16,12.4317256766256,11.6944801026958
"mistletoe",22,"gam_spatial",1,"count",8,12.2954878075515,11.6944801026958
"mistletoe",22,"gam_spatial",1,"count",23,12.1607429538039,11.6944801026958
"mistletoe",22,"gam_spatial",1,"count",23,11.1172286839068,11.6944801026958
"mistletoe",22,"gam_spatial",1,"count",8,10.9953962380098,11.6944801026958
"mistletoe",22,"gam_spatial",1,"count",5,10.8748989400435,11.6944801026958
"mistletoe",22,"gam_spatial",1,"count",19,10.7557221582735,11.6944801026958
"mistletoe",22,"gam_spatial",1,"count",12,14.4858494864641,11.6944801026958
"mistletoe",22,"gam_spatial",1,"count",10,14.3271007079679,11.6944801026958
"mistletoe",22,"gam_spatial",1,"count",9,14.3271007079679,11.6944801026958
"mistletoe",22,"gam_spatial",1,"count",17,14.1700916392967,11.6944801026958
"mistletoe",22,"gam_spatial",1,"count",10,14.0148032151681,11.6944801026958
"mistletoe",22,"gam_spatial",1,"count",6,17.4644157741693,11.6944801026958
"mistletoe",22,"gam_spatial",1,"count",11,17.2730252261804,11.6944801026958
"mistletoe",22,"gam_spatial",1,"count",26,17.0837321054593,11.6944801026958
"mistletoe",22,"gam_spatial",1,"count",9,17.0837321054593,11.6944801026958
"mistletoe",22,"gam_spatial",1,"count",7,16.8965134265388,11.6944801026958
"mistletoe",22,"gam_spatial",1,"count",10,16.8965134265388,11.6944801026958
"mistletoe",22,"gam_spatial",1,"count",8,10.5615665859413,11.6944801026958
"mistletoe",22,"gam_spatial",1,"count",11,10.445823577836,11.6944801026958
"mistletoe",22,"gam_spatial",1,"count",12,10.445823577836,11.6944801026958
"mistletoe",22,"gam_spatial",1,"count",14,12.217662175878,11.6944801026958
"mistletoe",22,"gam_spatial",1,"count",6,12.217662175878,11.6944801026958
"mistletoe",22,"gam_spatial",1,"count",15,12.0837702043846,11.6944801026958
"mistletoe",22,"gam_spatial",1,"count",18,12.0837702043846,11.6944801026958
"mistletoe",22,"gam_spatial",1,"count",33,11.9513455397926,11.6944801026958
"mistletoe",22,"gam_spatial",1,"count",7,14.7469016716205,11.6944801026958
"mistletoe",22,"gam_spatial",1,"count",4,14.7469016716205,11.6944801026958
"mistletoe",22,"gam_spatial",1,"count",7,14.5852920518906,11.6944801026958
"mistletoe",22,"gam_spatial",1,"count",2,14.5852920518906,11.6944801026958
"mistletoe",22,"gam_spatial",1,"count",10,14.4254534936195,11.6944801026958
"mistletoe",22,"gam_spatial",1,"count",10,14.2673665879461,11.6944801026958
"mistletoe",22,"gam_spatial",1,"count",14,14.2673665879461,11.6944801026958
"mistletoe",22,"gam_spatial",1,"count",21,14.1110121387087,11.6944801026958
"mistletoe",22,"gam_spatial",1,"count",10,15.3916201025196,11.6944801026958
"mistletoe",22,"gam_spatial",1,"count",4,15.3916201025196,11.6944801026958
"mistletoe",22,"gam_spatial",1,"count",12,15.2229450867647,11.6944801026958
"mistletoe",22,"gam_spatial",1,"count",6,15.2229450867647,11.6944801026958
"mistletoe",22,"gam_spatial",1,"count",12,15.056118561341,11.6944801026958
"mistletoe",22,"gam_spatial",1,"count",30,15.056118561341,11.6944801026958
"mistletoe",22,"gam_spatial",1,"count",12,14.8911202688529,11.6944801026958
"mistletoe",22,"gam_spatial",1,"count",9,14.8911202688529,11.6944801026958
"mistletoe",22,"gam_spatial",1,"count",28,14.7279301739034,11.6944801026958
"mistletoe",22,"gam_spatial",1,"count",7,16.0746240407967,11.6944801026958
"mistletoe",22,"gam_spatial",1,"count",3,15.898464062492,11.6944801026958
"mistletoe",22,"gam_spatial",1,"count",8,15.898464062492,11.6944801026958
"mistletoe",22,"gam_spatial",1,"count",7,15.7242346013724,11.6944801026958
"mistletoe",22,"gam_spatial",1,"count",17,15.5519145011195,11.6944801026958
"mistletoe",22,"gam_spatial",1,"count",15,15.3814828372647,11.6944801026958
"mistletoe",22,"gam_spatial",1,"count",13,12.1834710720561,11.6944801026958
"mistletoe",22,"gam_spatial",1,"count",13,12.1834710720561,11.6944801026958
"mistletoe",22,"gam_spatial",1,"count",23,12.1834710720561,11.6944801026958
"mistletoe",22,"gam_spatial",1,"count",13,12.1834710720561,11.6944801026958
"mistletoe",22,"gam_spatial",1,"count",12,11.9178997225585,11.6944801026958
"mistletoe",22,"gam_spatial",1,"count",10,11.9178997225585,11.6944801026958
"mistletoe",22,"gam_spatial",1,"count",9,11.7872928137291,11.6944801026958
"mistletoe",22,"gam_spatial",1,"count",7,11.7872928137291,11.6944801026958
"mistletoe",22,"gam_spatial",1,"count",18,11.6581172111726,11.6944801026958
"mistletoe",22,"gam_spatial",1,"count",6,11.6581172111726,11.6944801026958
"mistletoe",22,"gam_spatial",1,"count",10,11.5027243266401,11.6944801026958
"mistletoe",22,"gam_spatial",1,"count",13,14.1363586527373,11.6944801026958
"mistletoe",22,"gam_spatial",1,"count",4,14.1363586527373,11.6944801026958
"mistletoe",22,"gam_spatial",1,"count",11,13.8282188933711,11.6944801026958
"mistletoe",22,"gam_spatial",1,"count",11,13.5267958645035,11.6944801026958
"mistletoe",22,"gam_spatial",1,"count",10,12.6652231710431,11.6944801026958
"mistletoe",22,"gam_spatial",1,"count",2,12.52642642946,11.6944801026958
"mistletoe",22,"gam_spatial",1,"count",8,12.3891507455964,11.6944801026958
"mistletoe",22,"gam_spatial",1,"count",10,12.3891507455964,11.6944801026958
"mistletoe",22,"gam_spatial",1,"count",2,12.1190960573079,11.6944801026958
"mistletoe",22,"gam_spatial",1,"count",5,12.975211078785,11.6944801026958
"mistletoe",22,"gam_spatial",1,"count",6,12.4157172206141,11.6944801026958
"mistletoe",22,"gam_spatial",1,"count",26,14.5975923206375,11.6944801026958
"mistletoe",22,"gam_spatial",1,"count",26,14.5975923206375,11.6944801026958
"mistletoe",22,"gam_spatial",1,"count",4,15.3242550762291,11.6944801026958
"mistletoe",22,"gam_spatial",1,"count",3,15.1563183061427,11.6944801026958
"mistletoe",22,"gam_spatial",1,"count",12,14.990221936037,11.6944801026958
"mistletoe",22,"gam_spatial",1,"count",10,14.8259457971777,11.6944801026958
"mistletoe",22,"gam_spatial",1,"count",16,14.6634699418576,11.6944801026958
"mistletoe",22,"gam_spatial",1,"count",16,14.6634699418576,11.6944801026958
"mistletoe",22,"gam_spatial",1,"count",8,13.1888186293409,11.6944801026958
"mistletoe",22,"gam_spatial",1,"count",13,13.1888186293409,11.6944801026958
"mistletoe",22,"gam_spatial",1,"count",9,13.1888186293409,11.6944801026958
"mistletoe",22,"gam_spatial",1,"count",19,12.901333039975,11.6944801026958
"mistletoe",22,"gam_spatial",1,"count",10,12.7599487971674,11.6944801026958
"mistletoe",22,"gam_spatial",1,"count",17,12.6201139682113,11.6944801026958
"mistletoe",22,"gam_spatial",1,"count",10,10.2562642523325,11.6944801026958
"mistletoe",22,"gam_spatial",1,"count",8,10.1438670178097,11.6944801026958
"mistletoe",22,"gam_spatial",1,"count",10,10.0327015318084,11.6944801026958
"mistletoe",22,"gam_spatial",1,"count",12,9.92275429573639,11.6944801026958
"mistletoe",22,"gam_spatial",1,"count",20,9.81401195893127,11.6944801026958
"mistletoe",22,"gam_spatial",1,"count",20,10.5615665859413,11.6944801026958
"mistletoe",22,"gam_spatial",1,"count",21,12.55328726937,11.6944801026958
"mistletoe",22,"gam_spatial",1,"count",15,19.8478213401662,11.6944801026958
"mistletoe",22,"gam_spatial",1,"count",21,19.8478213401662,11.6944801026958
"mistletoe",22,"gam_spatial",1,"count",39,23.5800100031106,11.6944801026958
"mistletoe",22,"gam_spatial",1,"count",58,23.0660205956046,11.6944801026958
"mistletoe",22,"gam_spatial",1,"count",21,17.2948136013516,11.6944801026958
"mistletoe",22,"gam_spatial",1,"count",30,17.1052817043028,11.6944801026958
"mistletoe",22,"gam_spatial",1,"count",18,22.0431749300611,11.6944801026958
"mistletoe",22,"gam_spatial",1,"count",21,21.8016062807668,11.6944801026958
"mistletoe",22,"gam_spatial",1,"count",49,21.5626849548508,11.6944801026958
"mistletoe",22,"gam_spatial",1,"count",16,23.3215993528813,11.6944801026958
"mistletoe",22,"gam_spatial",1,"count",18,17.1052817043028,11.6944801026958
"mistletoe",22,"gam_spatial",1,"count",19,16.9178268657772,11.6944801026958
"mistletoe",22,"gam_spatial",1,"count",19,16.9178268657772,11.6944801026958
"mistletoe",22,"gam_spatial",1,"count",18,19.6303113214058,11.6944801026958
"mistletoe",22,"gam_spatial",1,"count",17,19.6303113214058,11.6944801026958
"mistletoe",22,"gam_spatial",1,"count",27,19.4151849702253,11.6944801026958
"mistletoe",22,"gam_spatial",1,"count",14,19.2024161642826,11.6944801026958
"mistletoe",22,"gam_spatial",1,"count",10,11.6301781271998,11.6944801026958
"mistletoe",22,"gam_spatial",1,"count",11,21.5626849548508,11.6944801026958
"mistletoe",22,"gam_spatial",1,"count",31,21.3263819405969,11.6944801026958
"mistletoe",22,"gam_spatial",1,"count",24,22.8132426968876,11.6944801026958
"mistletoe",22,"gam_spatial",1,"count",20,19.0559122381157,11.6944801026958
"mistletoe",22,"gam_spatial",1,"count",20,19.0559122381157,11.6944801026958
"mistletoe",22,"gam_spatial",1,"count",8,12.6923816375011,11.6944801026958
"mistletoe",22,"gam_spatial",1,"count",18,17.2948136013516,11.6944801026958
"mistletoe",22,"gam_spatial",1,"count",8,20.0677414382925,11.6944801026958
"mistletoe",22,"gam_spatial",1,"count",21,20.0677414382925,11.6944801026958
"mistletoe",22,"gam_spatial",1,"count",12,19.4151849702253,11.6944801026958
"mistletoe",22,"gam_spatial",1,"count",13,19.2024161642826,11.6944801026958
"mistletoe",22,"gam_spatial",1,"count",3,11.7590441559252,11.6944801026958
"mistletoe",22,"gam_spatial",1,"count",10,11.7590441559252,11.6944801026958
"mistletoe",22,"gam_spatial",1,"count",0,11.6301781271998,11.6944801026958
"mistletoe",22,"gam_spatial",1,"count",6,11.5027243266401,11.6944801026958
"mistletoe",22,"gam_spatial",1,"count",16,22.2874202359084,11.6944801026958
"mistletoe",22,"gam_spatial",1,"count",23,21.3263819405969,11.6944801026958
"mistletoe",22,"gam_spatial",1,"count",15,23.8412839245565,11.6944801026958
"mistletoe",22,"gam_spatial",1,"count",18,23.0660205956046,11.6944801026958
"mistletoe",22,"gam_spatial",1,"count",29,22.8132426968876,11.6944801026958
"mistletoe",22,"gam_spatial",1,"count",32,19.2670577345139,11.6944801026958
"mistletoe",22,"gam_spatial",1,"count",7,12.6923816375011,11.6944801026958
"mistletoe",22,"gam_spatial",1,"count",5,12.55328726937,11.6944801026958
"mistletoe",22,"gam_spatial",1,"count",6,12.4157172206141,11.6944801026958
"mistletoe",22,"gam_spatial",2,"count",48,18.1419730549191,12.0306258322237
"mistletoe",22,"gam_spatial",2,"count",8,15.178838701261,12.0306258322237
"mistletoe",22,"gam_spatial",2,"count",6,20.3784420777656,12.0306258322237
"mistletoe",22,"gam_spatial",2,"count",17,18.7676300495884,12.0306258322237
"mistletoe",22,"gam_spatial",2,"count",8,6.46643567838936,12.0306258322237
"mistletoe",22,"gam_spatial",2,"count",16,7.96155922817964,12.0306258322237
"mistletoe",22,"gam_spatial",2,"count",40,10.7400816016635,12.0306258322237
"mistletoe",22,"gam_spatial",2,"count",11,15.6403674598233,12.0306258322237
"mistletoe",22,"gam_spatial",2,"count",31,15.2997910856761,12.0306258322237
"mistletoe",22,"gam_spatial",2,"count",14,15.2997910856761,12.0306258322237
"mistletoe",22,"gam_spatial",2,"count",14,19.1083000813938,12.0306258322237
"mistletoe",22,"gam_spatial",2,"count",19,14.3946393208403,12.0306258322237
"mistletoe",22,"gam_spatial",2,"count",13,10.7509059430372,12.0306258322237
"mistletoe",22,"gam_spatial",2,"count",4,14.5763214264581,12.0306258322237
"mistletoe",22,"gam_spatial",2,"count",3,6.99532614252447,12.0306258322237
"mistletoe",22,"gam_spatial",2,"count",29,8.03023595200237,12.0306258322237
"mistletoe",22,"gam_spatial",2,"count",10,7.68431931180029,12.0306258322237
"mistletoe",22,"gam_spatial",2,"count",12,7.45270233230116,12.0306258322237
"mistletoe",22,"gam_spatial",2,"count",14,8.52999239084133,12.0306258322237
"mistletoe",22,"gam_spatial",2,"count",0,20.8320702269836,12.0306258322237
"mistletoe",22,"gam_spatial",2,"count",27,19.5006045823013,12.0306258322237
"mistletoe",22,"gam_spatial",2,"count",23,14.22333712887,12.0306258322237
"mistletoe",22,"gam_spatial",2,"count",24,14.3816069782799,12.0306258322237
"mistletoe",22,"gam_spatial",2,"count",5,19.6124720281538,12.0306258322237
"mistletoe",22,"gam_spatial",2,"count",9,5.92132850390994,12.0306258322237
"mistletoe",22,"gam_spatial",2,"count",14,7.15104348534687,12.0306258322237
"mistletoe",22,"gam_spatial",2,"count",13,6.69399007583811,12.0306258322237
"mistletoe",22,"gam_spatial",2,"count",17,8.20899059177267,12.0306258322237
"mistletoe",22,"gam_spatial",2,"count",17,7.51698963647608,12.0306258322237
"mistletoe",22,"gam_spatial",2,"count",11,11.2235561675159,12.0306258322237
"mistletoe",22,"gam_spatial",2,"count",18,10.9791579412983,12.0306258322237
"mistletoe",22,"gam_spatial",2,"count",12,15.8740838406305,12.0306258322237
"mistletoe",22,"gam_spatial",2,"count",33,16.428286618623,12.0306258322237
"mistletoe",22,"gam_spatial",2,"count",12,16.0705529333757,12.0306258322237
"mistletoe",22,"gam_spatial",2,"count",9,14.3558343002604,12.0306258322237
"mistletoe",22,"gam_spatial",2,"count",2,15.988525131387,12.0306258322237
"mistletoe",22,"gam_spatial",2,"count",6,19.9684776320557,12.0306258322237
"mistletoe",22,"gam_spatial",2,"count",54,19.1083000813938,12.0306258322237
"mistletoe",22,"gam_spatial",2,"count",1,22.5500520014716,12.0306258322237
"mistletoe",22,"gam_spatial",2,"count",19,18.5458169615661,12.0306258322237
"mistletoe",22,"gam_spatial",2,"count",49,18.1419730549191,12.0306258322237
"mistletoe",22,"gam_spatial",2,"count",8,13.684816744698,12.0306258322237
"mistletoe",22,"gam_spatial",2,"count",4,15.2324878258168,12.0306258322237
"mistletoe",22,"gam_spatial",2,"count",10,13.5657747233054,12.0306258322237
"mistletoe",22,"gam_spatial",2,"count",33,15.178838701261,12.0306258322237
"mistletoe",22,"gam_spatial",2,"count",9,14.22333712887,12.0306258322237
"mistletoe",22,"gam_spatial",2,"count",23,15.5167226514204,12.0306258322237
"mistletoe",22,"gam_spatial",2,"count",18,14.8483123333913,12.0306258322237
"mistletoe",22,"gam_spatial",2,"count",6,11.4849581541854,12.0306258322237
"mistletoe",22,"gam_spatial",2,"count",2,11.4849581541854,12.0306258322237
"mistletoe",22,"gam_spatial",2,"count",2,11.4849581541854,12.0306258322237
"mistletoe",22,"gam_spatial",2,"count",2,11.2348677764859,12.0306258322237
"mistletoe",22,"gam_spatial",2,"count",13,10.9902232346508,12.0306258322237
"mistletoe",22,"gam_spatial",2,"count",13,10.7509059430372,12.0306258322237
"mistletoe",22,"gam_spatial",2,"count",9,10.5167998982601,12.0306258322237
"mistletoe",22,"gam_spatial",2,"count",5,10.5167998982601,12.0306258322237
"mistletoe",22,"gam_spatial",2,"count",6,10.5167998982601,12.0306258322237
"mistletoe",22,"gam_spatial",2,"count",6,14.6753980097558,12.0306258322237
"mistletoe",22,"gam_spatial",2,"count",4,14.6753980097558,12.0306258322237
"mistletoe",22,"gam_spatial",2,"count",11,14.6753980097558,12.0306258322237
"mistletoe",22,"gam_spatial",2,"count",2,14.0432292411784,12.0306258322237
"mistletoe",22,"gam_spatial",2,"count",6,13.4382922622737,12.0306258322237
"mistletoe",22,"gam_spatial",2,"count",13,6.3256259932806,12.0306258322237
"mistletoe",22,"gam_spatial",2,"count",7,6.18788250544133,12.0306258322237
"mistletoe",22,"gam_spatial",2,"count",13,6.18788250544133,12.0306258322237
"mistletoe",22,"gam_spatial",2,"count",8,6.05313844698067,12.0306258322237
"mistletoe",22,"gam_spatial",2,"count",12,6.05313844698067,12.0306258322237
"mistletoe",22,"gam_spatial",2,"count",3,5.92132850390994,12.0306258322237
"mistletoe",22,"gam_spatial",2,"count",23,6.84299961824559,12.0306258322237
"mistletoe",22,"gam_spatial",2,"count",8,6.84299961824559,12.0306258322237
"mistletoe",22,"gam_spatial",2,"count",11,6.69399007583811,12.0306258322237
"mistletoe",22,"gam_spatial",2,"count",7,6.54822528645808,12.0306258322237
"mistletoe",22,"gam_spatial",2,"count",8,6.54822528645808,12.0306258322237
"mistletoe",22,"gam_spatial",2,"count",10,8.03023595200237,12.0306258322237
"mistletoe",22,"gam_spatial",2,"count",18,7.85537377877618,12.0306258322237
"mistletoe",22,"gam_spatial",2,"count",10,7.85537377877618,12.0306258322237
"mistletoe",22,"gam_spatial",2,"count",18,7.68431931180029,12.0306258322237
"mistletoe",22,"gam_spatial",2,"count",13,7.51698963647608,12.0306258322237
"mistletoe",22,"gam_spatial",2,"count",16,7.96155922817964,12.0306258322237
"mistletoe",22,"gam_spatial",2,"count",10,7.78819252298818,12.0306258322237
"mistletoe",22,"gam_spatial",2,"count",10,7.61860095952558,12.0306258322237
"mistletoe",22,"gam_spatial",2,"count",13,7.61860095952558,12.0306258322237
"mistletoe",22,"gam_spatial",2,"count",7,7.45270233230116,12.0306258322237
"mistletoe",22,"gam_spatial",2,"count",4,7.29041622588743,12.0306258322237
"mistletoe",22,"gam_spatial",2,"count",5,7.29041622588743,12.0306258322237
"mistletoe",22,"gam_spatial",2,"count",34,8.91397777576124,12.0306258322237
"mistletoe",22,"gam_spatial",2,"count",22,8.71987170773582,12.0306258322237
"mistletoe",22,"gam_spatial",2,"count",34,8.71987170773582,12.0306258322237
"mistletoe",22,"gam_spatial",2,"count",18,8.52999239084133,12.0306258322237
"mistletoe",22,"gam_spatial",2,"count",8,8.34424778557934,12.0306258322237
"mistletoe",22,"gam_spatial",2,"count",7,8.34424778557934,12.0306258322237
"mistletoe",22,"gam_spatial",2,"count",4,21.5971976506499,12.0306258322237
"mistletoe",22,"gam_spatial",2,"count",7,21.5971976506499,12.0306258322237
"mistletoe",22,"gam_spatial",2,"count",2,20.6668600997051,12.0306258322237
"mistletoe",22,"gam_spatial",2,"count",17,20.6668600997051,12.0306258322237
"mistletoe",22,"gam_spatial",2,"count",10,20.2168294788871,12.0306258322237
"mistletoe",22,"gam_spatial",2,"count",10,19.7765984869771,12.0306258322237
"mistletoe",22,"gam_spatial",2,"count",3,20.0490495326446,12.0306258322237
"mistletoe",22,"gam_spatial",2,"count",0,20.0490495326446,12.0306258322237
"mistletoe",22,"gam_spatial",2,"count",2,20.0490495326446,12.0306258322237
"mistletoe",22,"gam_spatial",2,"count",16,19.1854012046214,12.0306258322237
"mistletoe",22,"gam_spatial",2,"count",14,19.1854012046214,12.0306258322237
"mistletoe",22,"gam_spatial",2,"count",5,18.7676300495884,12.0306258322237
"mistletoe",22,"gam_spatial",2,"count",13,18.3589560583892,12.0306258322237
"mistletoe",22,"gam_spatial",2,"count",15,18.3589560583892,12.0306258322237
"mistletoe",22,"gam_spatial",2,"count",2,16.3444328615461,12.0306258322237
"mistletoe",22,"gam_spatial",2,"count",9,16.3444328615461,12.0306258322237
"mistletoe",22,"gam_spatial",2,"count",0,16.3444328615461,12.0306258322237
"mistletoe",22,"gam_spatial",2,"count",2,14.96663092262,12.0306258322237
"mistletoe",22,"gam_spatial",2,"count",8,14.96663092262,12.0306258322237
"mistletoe",22,"gam_spatial",2,"count",11,20.4129798916674,12.0306258322237
"mistletoe",22,"gam_spatial",2,"count",10,20.4129798916674,12.0306258322237
"mistletoe",22,"gam_spatial",2,"count",3,20.4129798916674,12.0306258322237
"mistletoe",22,"gam_spatial",2,"count",19,19.533654618681,12.0306258322237
"mistletoe",22,"gam_spatial",2,"count",22,19.533654618681,12.0306258322237
"mistletoe",22,"gam_spatial",2,"count",22,18.6922078396636,12.0306258322237
"mistletoe",22,"gam_spatial",2,"count",12,18.6922078396636,12.0306258322237
"mistletoe",22,"gam_spatial",2,"count",8,20.8320702269836,12.0306258322237
"mistletoe",22,"gam_spatial",2,"count",8,20.8320702269836,12.0306258322237
"mistletoe",22,"gam_spatial",2,"count",7,19.9346918953325,12.0306258322237
"mistletoe",22,"gam_spatial",2,"count",13,19.9346918953325,12.0306258322237
"mistletoe",22,"gam_spatial",2,"count",7,19.5006045823013,12.0306258322237
"mistletoe",22,"gam_spatial",2,"count",18,19.0759697251355,12.0306258322237
"mistletoe",22,"gam_spatial",2,"count",7,19.0759697251355,12.0306258322237
"mistletoe",22,"gam_spatial",2,"count",7,23.0520206168918,12.0306258322237
"mistletoe",22,"gam_spatial",2,"count",5,23.0520206168918,12.0306258322237
"mistletoe",22,"gam_spatial",2,"count",2,23.0520206168918,12.0306258322237
"mistletoe",22,"gam_spatial",2,"count",22,22.059013989275,12.0306258322237
"mistletoe",22,"gam_spatial",2,"count",17,22.059013989275,12.0306258322237
"mistletoe",22,"gam_spatial",2,"count",15,21.5786685612644,12.0306258322237
"mistletoe",22,"gam_spatial",2,"count",22,21.5786685612644,12.0306258322237
"mistletoe",22,"gam_spatial",2,"count",14,21.1087828813786,12.0306258322237
"mistletoe",22,"gam_spatial",2,"count",13,21.1087828813786,12.0306258322237
"mistletoe",22,"gam_spatial",2,"count",3,11.4733947465636,12.0306258322237
"mistletoe",22,"gam_spatial",2,"count",8,11.4733947465636,12.0306258322237
"mistletoe",22,"gam_spatial",2,"count",5,10.9791579412983,12.0306258322237
"mistletoe",22,"gam_spatial",2,"count",3,10.9791579412983,12.0306258322237
"mistletoe",22,"gam_spatial",2,"count",8,10.7400816016635,12.0306258322237
"mistletoe",22,"gam_spatial",2,"count",6,10.5062112620223,12.0306258322237
"mistletoe",22,"gam_spatial",2,"count",8,10.5062112620223,12.0306258322237
"mistletoe",22,"gam_spatial",2,"count",13,14.5399514251371,12.0306258322237
"mistletoe",22,"gam_spatial",2,"count",6,14.5399514251371,12.0306258322237
"mistletoe",22,"gam_spatial",2,"count",8,13.9136172581528,12.0306258322237
"mistletoe",22,"gam_spatial",2,"count",9,13.9136172581528,12.0306258322237
"mistletoe",22,"gam_spatial",2,"count",21,14.7017443926829,12.0306258322237
"mistletoe",22,"gam_spatial",2,"count",10,14.7017443926829,12.0306258322237
"mistletoe",22,"gam_spatial",2,"count",8,14.3816069782799,12.0306258322237
"mistletoe",22,"gam_spatial",2,"count",19,14.068440706985,12.0306258322237
"mistletoe",22,"gam_spatial",2,"count",13,14.068440706985,12.0306258322237
"mistletoe",22,"gam_spatial",2,"count",24,14.068440706985,12.0306258322237
"mistletoe",22,"gam_spatial",2,"count",11,15.8740838406305,12.0306258322237
"mistletoe",22,"gam_spatial",2,"count",24,15.5284181821196,12.0306258322237
"mistletoe",22,"gam_spatial",2,"count",14,15.5284181821196,12.0306258322237
"mistletoe",22,"gam_spatial",2,"count",25,15.190279556266,12.0306258322237
"mistletoe",22,"gam_spatial",2,"count",8,15.190279556266,12.0306258322237
"mistletoe",22,"gam_spatial",2,"count",23,15.190279556266,12.0306258322237
"mistletoe",22,"gam_spatial",2,"count",19,16.6984648969424,12.0306258322237
"mistletoe",22,"gam_spatial",2,"count",9,19.3806738217303,12.0306258322237
"mistletoe",22,"gam_spatial",2,"count",15,17.7469230397071,12.0306258322237
"mistletoe",22,"gam_spatial",2,"count",11,17.7469230397071,12.0306258322237
"mistletoe",22,"gam_spatial",2,"count",15,14.6191910238358,12.0306258322237
"mistletoe",22,"gam_spatial",2,"count",5,14.6191910238358,12.0306258322237
"mistletoe",22,"gam_spatial",2,"count",13,14.6191910238358,12.0306258322237
"mistletoe",22,"gam_spatial",2,"count",12,14.3008512479542,12.0306258322237
"mistletoe",22,"gam_spatial",2,"count",12,14.3008512479542,12.0306258322237
"mistletoe",22,"gam_spatial",2,"count",4,14.3008512479542,12.0306258322237
"mistletoe",22,"gam_spatial",2,"count",4,13.9894434707545,12.0306258322237
"mistletoe",22,"gam_spatial",2,"count",21,13.9894434707545,12.0306258322237
"mistletoe",22,"gam_spatial",2,"count",17,13.684816744698,12.0306258322237
"mistletoe",22,"gam_spatial",2,"count",8,13.3868234091991,12.0306258322237
"mistletoe",22,"gam_spatial",2,"count",8,13.3868234091991,12.0306258322237
"mistletoe",22,"gam_spatial",2,"count",1,15.5715660160946,12.0306258322237
"mistletoe",22,"gam_spatial",2,"count",6,15.5715660160946,12.0306258322237
"mistletoe",22,"gam_spatial",2,"count",1,15.5715660160946,12.0306258322237
"mistletoe",22,"gam_spatial",2,"count",29,15.2324878258168,12.0306258322237
"mistletoe",22,"gam_spatial",2,"count",29,15.2324878258168,12.0306258322237
"mistletoe",22,"gam_spatial",2,"count",19,14.9007932229702,12.0306258322237
"mistletoe",22,"gam_spatial",2,"count",16,14.9007932229702,12.0306258322237
"mistletoe",22,"gam_spatial",2,"count",24,14.5763214264581,12.0306258322237
"mistletoe",22,"gam_spatial",2,"count",3,14.2589151562677,12.0306258322237
"mistletoe",22,"gam_spatial",2,"count",4,14.2589151562677,12.0306258322237
"mistletoe",22,"gam_spatial",2,"count",12,42.5848400925907,12.0306258322237
"mistletoe",22,"gam_spatial",2,"count",9,42.5848400925907,12.0306258322237
"mistletoe",22,"gam_spatial",2,"count",7,41.6575351255151,12.0306258322237
"mistletoe",22,"gam_spatial",2,"count",7,41.6575351255151,12.0306258322237
"mistletoe",22,"gam_spatial",2,"count",15,40.7504226612198,12.0306258322237
"mistletoe",22,"gam_spatial",2,"count",13,16.7939835264233,12.0306258322237
"mistletoe",22,"gam_spatial",2,"count",13,16.7939835264233,12.0306258322237
"mistletoe",22,"gam_spatial",2,"count",12,16.0705529333757,12.0306258322237
"mistletoe",22,"gam_spatial",2,"count",7,13.8677515504326,12.0306258322237
"mistletoe",22,"gam_spatial",2,"count",11,13.8677515504326,12.0306258322237
"mistletoe",22,"gam_spatial",2,"count",6,13.5657747233054,12.0306258322237
"mistletoe",22,"gam_spatial",2,"count",8,13.2703735839375,12.0306258322237
"mistletoe",22,"gam_spatial",2,"count",8,13.2703735839375,12.0306258322237
"mistletoe",22,"gam_spatial",2,"count",7,14.715066837765,12.0306258322237
"mistletoe",22,"gam_spatial",2,"count",11,14.715066837765,12.0306258322237
"mistletoe",22,"gam_spatial",2,"count",15,14.3946393208403,12.0306258322237
"mistletoe",22,"gam_spatial",2,"count",6,14.0811892641429,12.0306258322237
"mistletoe",22,"gam_spatial",2,"count",5,14.0811892641429,12.0306258322237
"mistletoe",22,"gam_spatial",2,"count",18,15.5167226514204,12.0306258322237
"mistletoe",22,"gam_spatial",2,"count",15,14.8483123333913,12.0306258322237
"mistletoe",22,"gam_spatial",2,"count",7,12.7213635021848,12.0306258322237
"mistletoe",22,"gam_spatial",2,"count",24,12.7213635021848,12.0306258322237
"mistletoe",22,"gam_spatial",2,"count",37,12.4443498152038,12.0306258322237
"mistletoe",22,"gam_spatial",2,"count",24,12.4443498152038,12.0306258322237
"mistletoe",22,"gam_spatial",2,"count",15,12.1733682318381,12.0306258322237
"mistletoe",22,"gam_spatial",2,"count",8,12.1733682318381,12.0306258322237
"mistletoe",22,"gam_spatial",2,"count",18,16.6984648969424,12.0306258322237
"mistletoe",22,"gam_spatial",2,"count",4,19.7765984869771,12.0306258322237
"mistletoe",22,"gam_spatial",2,"count",25,17.4501615195454,12.0306258322237
"mistletoe",22,"gam_spatial",2,"count",20,17.0701760266292,12.0306258322237
"mistletoe",22,"gam_spatial",2,"count",6,38.995026010606,12.0306258322237
"mistletoe",22,"gam_spatial",2,"count",20,38.995026010606,12.0306258322237
"mistletoe",22,"gam_spatial",2,"count",8,10.9902232346508,12.0306258322237
"mistletoe",22,"gam_spatial",2,"count",17,14.0432292411784,12.0306258322237
"mistletoe",22,"gam_spatial",2,"count",5,13.7374313046168,12.0306258322237
"mistletoe",22,"gam_spatial",2,"count",17,13.4382922622737,12.0306258322237
"mistletoe",22,"gam_spatial",2,"count",3,13.4382922622737,12.0306258322237
"mistletoe",22,"gam_spatial",2,"count",5,21.5971976506499,12.0306258322237
"mistletoe",22,"gam_spatial",2,"count",6,20.2168294788871,12.0306258322237
"mistletoe",22,"gam_spatial",2,"count",18,17.4501615195454,12.0306258322237
"mistletoe",22,"gam_spatial",2,"count",15,16.6984648969424,12.0306258322237
"mistletoe",22,"gam_spatial",2,"count",10,40.7504226612198,12.0306258322237
"mistletoe",22,"gam_spatial",2,"count",12,39.8630629984384,12.0306258322237
"mistletoe",22,"gam_spatial",2,"count",30,39.8630629984384,12.0306258322237
"mistletoe",22,"gam_spatial",2,"count",23,17.0701760266292,12.0306258322237
"mistletoe",22,"gam_spatial",2,"count",4,13.7374313046168,12.0306258322237
"mistletoe",22,"gam_spatial",3,"count",21,12.5829926136066,12.3659117997616
"mistletoe",22,"gam_spatial",3,"count",21,14.0669302705463,12.3659117997616
"mistletoe",22,"gam_spatial",3,"count",24,9.163904073269,12.3659117997616
"mistletoe",22,"gam_spatial",3,"count",80,10.2713756421785,12.3659117997616
"mistletoe",22,"gam_spatial",3,"count",12,13.840163638945,12.3659117997616
"mistletoe",22,"gam_spatial",3,"count",4,11.6978043032604,12.3659117997616
"mistletoe",22,"gam_spatial",3,"count",10,13.8953037653927,12.3659117997616
"mistletoe",22,"gam_spatial",3,"count",31,9.44520164220703,12.3659117997616
"mistletoe",22,"gam_spatial",3,"count",10,13.5448616411789,12.3659117997616
"mistletoe",22,"gam_spatial",3,"count",3,11.4404835725564,12.3659117997616
"mistletoe",22,"gam_spatial",3,"count",12,11.3294698087224,12.3659117997616
"mistletoe",22,"gam_spatial",3,"count",13,10.2713756421785,12.3659117997616
"mistletoe",22,"gam_spatial",3,"count",23,10.9801562879429,12.3659117997616
"mistletoe",22,"gam_spatial",3,"count",11,14.5021356459261,12.3659117997616
"mistletoe",22,"gam_spatial",3,"count",11,11.3028541037785,12.3659117997616
"mistletoe",22,"gam_spatial",3,"count",14,12.5742050031007,12.3659117997616
"mistletoe",22,"gam_spatial",3,"count",28,9.87486514662681,12.3659117997616
"mistletoe",22,"gam_spatial",3,"count",12,9.95093601252267,12.3659117997616
"mistletoe",22,"gam_spatial",3,"count",30,15.6613327423806,12.3659117997616
"mistletoe",22,"gam_spatial",3,"count",10,15.6613327423806,12.3659117997616
"mistletoe",22,"gam_spatial",3,"count",18,13.7523953740637,12.3659117997616
"mistletoe",22,"gam_spatial",3,"count",15,11.7237110882911,12.3659117997616
"mistletoe",22,"gam_spatial",3,"count",14,8.76517506990307,12.3659117997616
"mistletoe",22,"gam_spatial",3,"count",14,11.4404835725564,12.3659117997616
"mistletoe",22,"gam_spatial",3,"count",9,11.3294698087224,12.3659117997616
"mistletoe",22,"gam_spatial",3,"count",2,10.5024006568834,12.3659117997616
"mistletoe",22,"gam_spatial",3,"count",7,5.52958330474152,12.3659117997616
"mistletoe",22,"gam_spatial",3,"count",5,6.42316989310754,12.3659117997616
"mistletoe",22,"gam_spatial",3,"count",9,11.0802514619205,12.3659117997616
"mistletoe",22,"gam_spatial",3,"count",9,11.8448489277325,12.3659117997616
"mistletoe",22,"gam_spatial",3,"count",53,11.2060467769543,12.3659117997616
"mistletoe",22,"gam_spatial",3,"count",4,11.9793248019951,12.3659117997616
"mistletoe",22,"gam_spatial",3,"count",15,12.2976057768238,12.3659117997616
"mistletoe",22,"gam_spatial",3,"count",7,11.5842936045157,12.3659117997616
"mistletoe",22,"gam_spatial",3,"count",10,11.9793248019951,12.3659117997616
"mistletoe",22,"gam_spatial",3,"count",11,10.5024006568834,12.3659117997616
"mistletoe",22,"gam_spatial",3,"count",13,13.5357166736591,12.3659117997616
"mistletoe",22,"gam_spatial",3,"count",14,13.840163638945,12.3659117997616
"mistletoe",22,"gam_spatial",3,"count",9,8.57236441969346,12.3659117997616
"mistletoe",22,"gam_spatial",3,"count",7,9.163904073269,12.3659117997616
"mistletoe",22,"gam_spatial",3,"count",12,9.23743220743008,12.3659117997616
"mistletoe",22,"gam_spatial",3,"count",12,8.34428628421258,12.3659117997616
"mistletoe",22,"gam_spatial",3,"count",11,14.2078386067383,12.3659117997616
"mistletoe",22,"gam_spatial",3,"count",10,9.95093601252267,12.3659117997616
"mistletoe",22,"gam_spatial",3,"count",3,14.2078386067383,12.3659117997616
"mistletoe",22,"gam_spatial",3,"count",3,12.2976057768238,12.3659117997616
"mistletoe",22,"gam_spatial",3,"count",10,11.5842936045157,12.3659117997616
"mistletoe",22,"gam_spatial",3,"count",15,11.4658204768914,12.3659117997616
"mistletoe",22,"gam_spatial",3,"count",6,11.4658204768914,12.3659117997616
"mistletoe",22,"gam_spatial",3,"count",8,11.7237110882911,12.3659117997616
"mistletoe",22,"gam_spatial",3,"count",9,11.9874022062993,12.3659117997616
"mistletoe",22,"gam_spatial",3,"count",12,11.9874022062993,12.3659117997616
"mistletoe",22,"gam_spatial",3,"count",8,12.3062000831593,12.3659117997616
"mistletoe",22,"gam_spatial",3,"count",10,12.3062000831593,12.3659117997616
"mistletoe",22,"gam_spatial",3,"count",4,12.5829926136066,12.3659117997616
"mistletoe",22,"gam_spatial",3,"count",6,12.8660107948961,12.3659117997616
"mistletoe",22,"gam_spatial",3,"count",3,12.8660107948961,12.3659117997616
"mistletoe",22,"gam_spatial",3,"count",7,8.57236441969346,12.3659117997616
"mistletoe",22,"gam_spatial",3,"count",5,8.57236441969346,12.3659117997616
"mistletoe",22,"gam_spatial",3,"count",14,8.96232244041692,12.3659117997616
"mistletoe",22,"gam_spatial",3,"count",14,8.96232244041692,12.3659117997616
"mistletoe",22,"gam_spatial",3,"count",9,9.37001970442047,12.3659117997616
"mistletoe",22,"gam_spatial",3,"count",8,9.23743220743008,12.3659117997616
"mistletoe",22,"gam_spatial",3,"count",17,9.23743220743008,12.3659117997616
"mistletoe",22,"gam_spatial",3,"count",14,9.65764425206751,12.3659117997616
"mistletoe",22,"gam_spatial",3,"count",8,9.87486514662681,12.3659117997616
"mistletoe",22,"gam_spatial",3,"count",10,10.0969717996383,12.3659117997616
"mistletoe",22,"gam_spatial",3,"count",9,10.0969717996383,12.3659117997616
"mistletoe",22,"gam_spatial",3,"count",16,9.73204176027246,12.3659117997616
"mistletoe",22,"gam_spatial",3,"count",4,10.1747536605873,12.3659117997616
"mistletoe",22,"gam_spatial",3,"count",4,10.1747536605873,12.3659117997616
"mistletoe",22,"gam_spatial",3,"count",10,5.52958330474152,12.3659117997616
"mistletoe",22,"gam_spatial",3,"count",7,5.6539553566256,12.3659117997616
"mistletoe",22,"gam_spatial",3,"count",3,5.6539553566256,12.3659117997616
"mistletoe",22,"gam_spatial",3,"count",7,5.58799905680822,12.3659117997616
"mistletoe",22,"gam_spatial",3,"count",6,5.58799905680822,12.3659117997616
"mistletoe",22,"gam_spatial",3,"count",3,5.41967994230032,12.3659117997616
"mistletoe",22,"gam_spatial",3,"count",0,5.41967994230032,12.3659117997616
"mistletoe",22,"gam_spatial",3,"count",10,5.67637217918536,12.3659117997616
"mistletoe",22,"gam_spatial",3,"count",12,5.67637217918536,12.3659117997616
"mistletoe",22,"gam_spatial",3,"count",12,5.80404582406519,12.3659117997616
"mistletoe",22,"gam_spatial",3,"count",3,5.80404582406519,12.3659117997616
"mistletoe",22,"gam_spatial",3,"count",2,6.42316989310754,12.3659117997616
"mistletoe",22,"gam_spatial",3,"count",11,6.56764060187159,12.3659117997616
"mistletoe",22,"gam_spatial",3,"count",16,6.56764060187159,12.3659117997616
"mistletoe",22,"gam_spatial",3,"count",4,11.0802514619205,12.3659117997616
"mistletoe",22,"gam_spatial",3,"count",5,11.8448489277325,12.3659117997616
"mistletoe",22,"gam_spatial",3,"count",11,12.1112646925761,12.3659117997616
"mistletoe",22,"gam_spatial",3,"count",8,12.1112646925761,12.3659117997616
"mistletoe",22,"gam_spatial",3,"count",17,11.2060467769543,12.3659117997616
"mistletoe",22,"gam_spatial",3,"count",5,11.458094527092,12.3659117997616
"mistletoe",22,"gam_spatial",3,"count",11,11.458094527092,12.3659117997616
"mistletoe",22,"gam_spatial",3,"count",6,11.7158113655008,12.3659117997616
"mistletoe",22,"gam_spatial",3,"count",14,11.7158113655008,12.3659117997616
"mistletoe",22,"gam_spatial",3,"count",9,12.2487652143554,12.3659117997616
"mistletoe",22,"gam_spatial",3,"count",8,12.2487652143554,12.3659117997616
"mistletoe",22,"gam_spatial",3,"count",12,14.3281077095737,12.3659117997616
"mistletoe",22,"gam_spatial",3,"count",12,14.9798952736093,12.3659117997616
"mistletoe",22,"gam_spatial",3,"count",8,10.57324297434,12.3659117997616
"mistletoe",22,"gam_spatial",3,"count",4,10.57324297434,12.3659117997616
"mistletoe",22,"gam_spatial",3,"count",9,10.57324297434,12.3659117997616
"mistletoe",22,"gam_spatial",3,"count",10,11.0542212320339,12.3659117997616
"mistletoe",22,"gam_spatial",3,"count",18,11.0542212320339,12.3659117997616
"mistletoe",22,"gam_spatial",3,"count",8,11.3028541037785,12.3659117997616
"mistletoe",22,"gam_spatial",3,"count",28,11.5570792559392,12.3659117997616
"mistletoe",22,"gam_spatial",3,"count",14,11.5570792559392,12.3659117997616
"mistletoe",22,"gam_spatial",3,"count",10,10.7386219139689,12.3659117997616
"mistletoe",22,"gam_spatial",3,"count",9,10.7386219139689,12.3659117997616
"mistletoe",22,"gam_spatial",3,"count",6,10.9801562879429,12.3659117997616
"mistletoe",22,"gam_spatial",3,"count",4,11.2271232820685,12.3659117997616
"mistletoe",22,"gam_spatial",3,"count",3,11.2271232820685,12.3659117997616
"mistletoe",22,"gam_spatial",3,"count",6,8.34428628421258,12.3659117997616
"mistletoe",22,"gam_spatial",3,"count",9,8.53196697360302,12.3659117997616
"mistletoe",22,"gam_spatial",3,"count",11,8.53196697360302,12.3659117997616
"mistletoe",22,"gam_spatial",3,"count",14,12.2976057768238,12.3659117997616
"mistletoe",22,"gam_spatial",3,"count",7,12.5742050031007,12.3659117997616
"mistletoe",22,"gam_spatial",3,"count",6,12.8570255323992,12.3659117997616
"mistletoe",22,"gam_spatial",3,"count",7,12.8570255323992,12.3659117997616
"mistletoe",22,"gam_spatial",3,"count",7,13.146207295014,12.3659117997616
"mistletoe",22,"gam_spatial",3,"count",5,13.146207295014,12.3659117997616
"mistletoe",22,"gam_spatial",3,"count",4,13.441893368569,12.3659117997616
"mistletoe",22,"gam_spatial",3,"count",13,13.441893368569,12.3659117997616
"mistletoe",22,"gam_spatial",3,"count",6,11.9609127227479,12.3659117997616
"mistletoe",22,"gam_spatial",3,"count",7,11.9609127227479,12.3659117997616
"mistletoe",22,"gam_spatial",3,"count",14,12.2299390084102,12.3659117997616
"mistletoe",22,"gam_spatial",3,"count",12,12.2299390084102,12.3659117997616
"mistletoe",22,"gam_spatial",3,"count",7,12.505016265604,12.3659117997616
"mistletoe",22,"gam_spatial",3,"count",12,12.505016265604,12.3659117997616
"mistletoe",22,"gam_spatial",3,"count",5,12.4077106734511,12.3659117997616
"mistletoe",22,"gam_spatial",3,"count",8,12.4077106734511,12.3659117997616
"mistletoe",22,"gam_spatial",3,"count",6,12.6867863922883,12.3659117997616
"mistletoe",22,"gam_spatial",3,"count",5,12.6867863922883,12.3659117997616
"mistletoe",22,"gam_spatial",3,"count",5,12.9721391157152,12.3659117997616
"mistletoe",22,"gam_spatial",3,"count",3,12.9721391157152,12.3659117997616
"mistletoe",22,"gam_spatial",3,"count",12,9.37001970442047,12.3659117997616
"mistletoe",22,"gam_spatial",3,"count",11,9.65764425206751,12.3659117997616
"mistletoe",22,"gam_spatial",3,"count",19,14.3281077095737,12.3659117997616
"mistletoe",22,"gam_spatial",3,"count",13,15.316824877435,12.3659117997616
"mistletoe",22,"gam_spatial",3,"count",10,15.316824877435,12.3659117997616
"mistletoe",22,"gam_spatial",4,"count",17,13.8647362084522,12.4647355163728
"mistletoe",22,"gam_spatial",4,"count",29,14.0817807324822,12.4647355163728
"mistletoe",22,"gam_spatial",4,"count",16,6.68555933157776,12.4647355163728
"mistletoe",22,"gam_spatial",4,"count",0,7.1134955677406,12.4647355163728
"mistletoe",22,"gam_spatial",4,"count",21,10.8988160953966,12.4647355163728
"mistletoe",22,"gam_spatial",4,"count",3,10.8988160953966,12.4647355163728
"mistletoe",22,"gam_spatial",4,"count",12,13.9520332403757,12.4647355163728
"mistletoe",22,"gam_spatial",4,"count",8,11.9629577945344,12.4647355163728
"mistletoe",22,"gam_spatial",4,"count",17,14.9363433365561,12.4647355163728
"mistletoe",22,"gam_spatial",4,"count",18,5.76196612593833,12.4647355163728
"mistletoe",22,"gam_spatial",4,"count",6,14.9831420017879,12.4647355163728
"mistletoe",22,"gam_spatial",4,"count",10,12.4295963306049,12.4647355163728
"mistletoe",22,"gam_spatial",4,"count",5,16.8851903606791,12.4647355163728
"mistletoe",22,"gam_spatial",4,"count",12,14.4801022658482,12.4647355163728
"mistletoe",22,"gam_spatial",4,"count",27,6.48134423829888,12.4647355163728
"mistletoe",22,"gam_spatial",4,"count",13,19.8925313376269,12.4647355163728
"mistletoe",22,"gam_spatial",4,"count",9,5.94351495386898,12.4647355163728
"mistletoe",22,"gam_spatial",4,"count",41,10.1579813241195,12.4647355163728
"mistletoe",22,"gam_spatial",4,"count",12,12.5981280646496,12.4647355163728
"mistletoe",22,"gam_spatial",4,"count",17,5.20327394307845,12.4647355163728
"mistletoe",22,"gam_spatial",4,"count",18,5.20327394307845,12.4647355163728
"mistletoe",22,"gam_spatial",4,"count",7,5.58596283413888,12.4647355163728
"mistletoe",22,"gam_spatial",4,"count",15,6.48134423829888,12.4647355163728
"mistletoe",22,"gam_spatial",4,"count",46,16.7213293037827,12.4647355163728
"mistletoe",22,"gam_spatial",4,"count",14,17.2481872668794,12.4647355163728
"mistletoe",22,"gam_spatial",4,"count",5,10.2431611794583,12.4647355163728
"mistletoe",22,"gam_spatial",4,"count",24,11.5975408681804,12.4647355163728
"mistletoe",22,"gam_spatial",4,"count",13,11.5975408681804,12.4647355163728
"mistletoe",22,"gam_spatial",4,"count",5,9.22878470847365,12.4647355163728
"mistletoe",22,"gam_spatial",4,"count",12,14.0817807324822,12.4647355163728
"mistletoe",22,"gam_spatial",4,"count",16,16.8851903606791,12.4647355163728
"mistletoe",22,"gam_spatial",4,"count",10,20.2228024967694,12.4647355163728
"mistletoe",22,"gam_spatial",4,"count",5,14.8450894972403,12.4647355163728
"mistletoe",22,"gam_spatial",4,"count",7,13.5258586111033,12.4647355163728
"mistletoe",22,"gam_spatial",4,"count",7,13.9520332403757,12.4647355163728
"mistletoe",22,"gam_spatial",4,"count",14,14.3916358389812,12.4647355163728
"mistletoe",22,"gam_spatial",4,"count",5,14.3916358389812,12.4647355163728
"mistletoe",22,"gam_spatial",4,"count",19,14.8450894972403,12.4647355163728
"mistletoe",22,"gam_spatial",4,"count",6,13.4412281281749,12.4647355163728
"mistletoe",22,"gam_spatial",4,"count",7,14.7522046660891,12.4647355163728
"mistletoe",22,"gam_spatial",4,"count",4,11.5975408681804,12.4647355163728
"mistletoe",22,"gam_spatial",4,"count",8,12.3398883280904,12.4647355163728
"mistletoe",22,"gam_spatial",4,"count",21,12.3398883280904,12.4647355163728
"mistletoe",22,"gam_spatial",4,"count",7,12.7286952411812,12.4647355163728
"mistletoe",22,"gam_spatial",4,"count",4,12.7286952411812,12.4647355163728
"mistletoe",22,"gam_spatial",4,"count",5,13.1297527364205,12.4647355163728
"mistletoe",22,"gam_spatial",4,"count",5,13.1297527364205,12.4647355163728
"mistletoe",22,"gam_spatial",4,"count",15,10.1579813241195,12.4647355163728
"mistletoe",22,"gam_spatial",4,"count",18,10.1579813241195,12.4647355163728
"mistletoe",22,"gam_spatial",4,"count",13,10.1579813241195,12.4647355163728
"mistletoe",22,"gam_spatial",4,"count",9,10.4780404086798,12.4647355163728
"mistletoe",22,"gam_spatial",4,"count",5,10.4780404086798,12.4647355163728
"mistletoe",22,"gam_spatial",4,"count",9,10.8081839592714,12.4647355163728
"mistletoe",22,"gam_spatial",4,"count",10,10.8081839592714,12.4647355163728
"mistletoe",22,"gam_spatial",4,"count",3,11.1487297186488,12.4647355163728
"mistletoe",22,"gam_spatial",4,"count",5,11.1487297186488,12.4647355163728
"mistletoe",22,"gam_spatial",4,"count",10,11.5000054410493,12.4647355163728
"mistletoe",22,"gam_spatial",4,"count",8,11.5000054410493,12.4647355163728
"mistletoe",22,"gam_spatial",4,"count",12,8.94688501442863,12.4647355163728
"mistletoe",22,"gam_spatial",4,"count",19,8.94688501442863,12.4647355163728
"mistletoe",22,"gam_spatial",4,"count",26,9.22878470847365,12.4647355163728
"mistletoe",22,"gam_spatial",4,"count",13,9.22878470847365,12.4647355163728
"mistletoe",22,"gam_spatial",4,"count",13,9.51956653718057,12.4647355163728
"mistletoe",22,"gam_spatial",4,"count",24,9.51956653718057,12.4647355163728
"mistletoe",22,"gam_spatial",4,"count",18,9.81951036008034,12.4647355163728
"mistletoe",22,"gam_spatial",4,"count",11,9.81951036008034,12.4647355163728
"mistletoe",22,"gam_spatial",4,"count",16,10.1289048545568,12.4647355163728
"mistletoe",22,"gam_spatial",4,"count",15,10.1289048545568,12.4647355163728
"mistletoe",22,"gam_spatial",4,"count",6,14.4801022658482,12.4647355163728
"mistletoe",22,"gam_spatial",4,"count",15,14.9363433365561,12.4647355163728
"mistletoe",22,"gam_spatial",4,"count",2,15.4069597142044,12.4647355163728
"mistletoe",22,"gam_spatial",4,"count",3,15.4069597142044,12.4647355163728
"mistletoe",22,"gam_spatial",4,"count",11,15.8924043379582,12.4647355163728
"mistletoe",22,"gam_spatial",4,"count",13,15.8924043379582,12.4647355163728
"mistletoe",22,"gam_spatial",4,"count",12,12.2133094174334,12.4647355163728
"mistletoe",22,"gam_spatial",4,"count",8,12.2133094174334,12.4647355163728
"mistletoe",22,"gam_spatial",4,"count",7,12.5981280646496,12.4647355163728
"mistletoe",22,"gam_spatial",4,"count",11,12.99507163118,12.4647355163728
"mistletoe",22,"gam_spatial",4,"count",18,12.99507163118,12.4647355163728
"mistletoe",22,"gam_spatial",4,"count",18,5.75718305262026,12.4647355163728
"mistletoe",22,"gam_spatial",4,"count",17,5.75718305262026,12.4647355163728
"mistletoe",22,"gam_spatial",4,"count",6,5.75718305262026,12.4647355163728
"mistletoe",22,"gam_spatial",4,"count",8,5.93858117481335,12.4647355163728
"mistletoe",22,"gam_spatial",4,"count",18,5.93858117481335,12.4647355163728
"mistletoe",22,"gam_spatial",4,"count",11,6.12569481420198,12.4647355163728
"mistletoe",22,"gam_spatial",4,"count",13,6.12569481420198,12.4647355163728
"mistletoe",22,"gam_spatial",4,"count",15,6.31870405609476,12.4647355163728
"mistletoe",22,"gam_spatial",4,"count",13,6.31870405609476,12.4647355163728
"mistletoe",22,"gam_spatial",4,"count",12,6.51779465995314,12.4647355163728
"mistletoe",22,"gam_spatial",4,"count",13,6.51779465995314,12.4647355163728
"mistletoe",22,"gam_spatial",4,"count",14,5.20327394307845,12.4647355163728
"mistletoe",22,"gam_spatial",4,"count",8,5.53633051418807,12.4647355163728
"mistletoe",22,"gam_spatial",4,"count",12,5.53633051418807,12.4647355163728
"mistletoe",22,"gam_spatial",4,"count",6,5.71076998396608,12.4647355163728
"mistletoe",22,"gam_spatial",4,"count",12,5.71076998396608,12.4647355163728
"mistletoe",22,"gam_spatial",4,"count",4,5.89070571675411,12.4647355163728
"mistletoe",22,"gam_spatial",4,"count",9,5.89070571675411,12.4647355163728
"mistletoe",22,"gam_spatial",4,"count",13,5.58596283413888,12.4647355163728
"mistletoe",22,"gam_spatial",4,"count",15,5.58596283413888,12.4647355163728
"mistletoe",22,"gam_spatial",4,"count",7,5.76196612593833,12.4647355163728
"mistletoe",22,"gam_spatial",4,"count",5,5.94351495386898,12.4647355163728
"mistletoe",22,"gam_spatial",4,"count",10,6.13078404745246,12.4647355163728
"mistletoe",22,"gam_spatial",4,"count",8,6.13078404745246,12.4647355163728
"mistletoe",22,"gam_spatial",4,"count",20,6.32395364161241,12.4647355163728
"mistletoe",22,"gam_spatial",4,"count",5,6.32395364161241,12.4647355163728
"mistletoe",22,"gam_spatial",4,"count",4,6.48134423829888,12.4647355163728
"mistletoe",22,"gam_spatial",4,"count",10,6.68555933157776,12.4647355163728
"mistletoe",22,"gam_spatial",4,"count",3,6.89620886234206,12.4647355163728
"mistletoe",22,"gam_spatial",4,"count",6,6.89620886234206,12.4647355163728
"mistletoe",22,"gam_spatial",4,"count",12,7.1134955677406,12.4647355163728
"mistletoe",22,"gam_spatial",4,"count",2,7.33762857279238,12.4647355163728
"mistletoe",22,"gam_spatial",4,"count",9,7.33762857279238,12.4647355163728
"mistletoe",22,"gam_spatial",4,"count",13,7.29699241829718,12.4647355163728
"mistletoe",22,"gam_spatial",4,"count",5,7.29699241829718,12.4647355163728
"mistletoe",22,"gam_spatial",4,"count",14,7.5269070675689,12.4647355163728
"mistletoe",22,"gam_spatial",4,"count",2,7.5269070675689,12.4647355163728
"mistletoe",22,"gam_spatial",4,"count",5,7.76406589950103,12.4647355163728
"mistletoe",22,"gam_spatial",4,"count",6,7.76406589950103,12.4647355163728
"mistletoe",22,"gam_spatial",4,"count",19,15.7154015348317,12.4647355163728
"mistletoe",22,"gam_spatial",4,"count",16,16.2105645862534,12.4647355163728
"mistletoe",22,"gam_spatial",4,"count",13,16.2105645862534,12.4647355163728
"mistletoe",22,"gam_spatial",4,"count",16,16.7213293037827,12.4647355163728
"mistletoe",22,"gam_spatial",4,"count",10,17.2481872668794,12.4647355163728
"mistletoe",22,"gam_spatial",4,"count",13,19.2849000324227,12.4647355163728
"mistletoe",22,"gam_spatial",4,"count",15,19.2849000324227,12.4647355163728
"mistletoe",22,"gam_spatial",4,"count",9,19.8925313376269,12.4647355163728
"mistletoe",22,"gam_spatial",4,"count",11,13.6516428751703,12.4647355163728
"mistletoe",22,"gam_spatial",4,"count",5,14.5254714330662,12.4647355163728
"mistletoe",22,"gam_spatial",4,"count",3,14.5254714330662,12.4647355163728
"mistletoe",22,"gam_spatial",4,"count",6,14.9831420017879,12.4647355163728
"mistletoe",22,"gam_spatial",4,"count",6,12.0499256032682,12.4647355163728
"mistletoe",22,"gam_spatial",4,"count",4,12.4295963306049,12.4647355163728
"mistletoe",22,"gam_spatial",4,"count",11,12.8212297758822,12.4647355163728
"mistletoe",22,"gam_spatial",4,"count",6,12.8212297758822,12.4647355163728
"mistletoe",22,"gam_spatial",4,"count",9,13.2252028620763,12.4647355163728
"mistletoe",22,"gam_spatial",4,"count",13,13.2252028620763,12.4647355163728
"mistletoe",22,"gam_spatial",4,"count",13,17.4172112806854,12.4647355163728
"mistletoe",22,"gam_spatial",4,"count",6,17.4172112806854,12.4647355163728
"mistletoe",22,"gam_spatial",4,"count",0,17.9659951896353,12.4647355163728
"mistletoe",22,"gam_spatial",4,"count",12,17.9659951896353,12.4647355163728
"mistletoe",22,"gam_spatial",4,"count",2,18.5320702581093,12.4647355163728
"mistletoe",22,"gam_spatial",4,"count",7,18.5320702581093,12.4647355163728
"mistletoe",22,"gam_spatial",4,"count",9,9.93027664549662,12.4647355163728
"mistletoe",22,"gam_spatial",4,"count",8,10.5659041227158,12.4647355163728
"mistletoe",22,"gam_spatial",4,"count",4,10.5659041227158,12.4647355163728
"mistletoe",22,"gam_spatial",4,"count",1,11.2422175046905,12.4647355163728
"mistletoe",22,"gam_spatial",4,"count",1,11.2422175046905,12.4647355163728
"mistletoe",22,"gam_spatial",4,"count",0,20.8599853629154,12.4647355163728
"mistletoe",22,"gam_spatial",4,"count",3,18.7247680327357,12.4647355163728
"mistletoe",22,"gam_spatial",4,"count",5,19.3147506211985,12.4647355163728
"mistletoe",22,"gam_spatial",4,"count",7,19.9233224628944,12.4647355163728
"mistletoe",22,"gam_spatial",4,"count",6,19.9233224628944,12.4647355163728
"mistletoe",22,"gam_spatial",4,"count",0,20.5510692705925,12.4647355163728
"mistletoe",22,"gam_spatial",4,"count",4,20.5510692705925,12.4647355163728
"mistletoe",22,"gam_spatial",4,"count",7,21.1985952117816,12.4647355163728
"mistletoe",22,"gam_spatial",4,"count",0,21.1985952117816,12.4647355163728
"mistletoe",22,"gam_spatial",4,"count",14,15.1663524606643,12.4647355163728
"mistletoe",22,"gam_spatial",4,"count",0,15.6442159976993,12.4647355163728
"mistletoe",22,"gam_spatial",4,"count",5,17.1700587206612,12.4647355163728
"mistletoe",22,"gam_spatial",4,"count",17,5.57850910915762,12.4647355163728
"mistletoe",22,"gam_spatial",4,"count",12,5.57850910915762,12.4647355163728
"mistletoe",22,"gam_spatial",4,"count",6,5.57850910915762,12.4647355163728
"mistletoe",22,"gam_spatial",4,"count",3,5.75427754795646,12.4647355163728
"mistletoe",22,"gam_spatial",4,"count",45,5.93558412310558,12.4647355163728
"mistletoe",22,"gam_spatial",4,"count",7,6.12260333097329,12.4647355163728
"mistletoe",22,"gam_spatial",4,"count",7,6.12260333097329,12.4647355163728
"mistletoe",22,"gam_spatial",4,"count",5,6.31551516598368,12.4647355163728
"mistletoe",22,"gam_spatial",4,"count",6,6.31551516598368,12.4647355163728
"mistletoe",22,"gam_spatial",4,"count",21,20.2228024967694,12.4647355163728
"mistletoe",22,"gam_spatial",4,"count",20,20.2228024967694,12.4647355163728
"mistletoe",22,"gam_spatial",4,"count",16,20.8599853629154,12.4647355163728
"mistletoe",22,"gam_spatial",4,"count",31,16.137136125343,12.4647355163728
"mistletoe",22,"gam_spatial",4,"count",7,14.301588240067,12.4647355163728
"mistletoe",22,"gam_spatial",4,"count",11,14.7522046660891,12.4647355163728
"mistletoe",22,"gam_spatial",4,"count",8,19.0062318385437,12.4647355163728
"mistletoe",22,"gam_spatial",4,"count",11,19.6050828276414,12.4647355163728
"mistletoe",22,"gam_spatial",4,"count",13,21.5172446751907,12.4647355163728
"mistletoe",22,"gam_spatial",4,"count",7,21.5172446751907,12.4647355163728
"mistletoe",22,"gam_spatial",4,"count",16,16.137136125343,12.4647355163728
"mistletoe",22,"gam_spatial",4,"count",0,16.6455872487408,12.4647355163728
"mistletoe",22,"gam_spatial",4,"count",11,16.6455872487408,12.4647355163728
"mistletoe",22,"gam_spatial",4,"count",19,17.1700587206612,12.4647355163728
"mistletoe",22,"gam_spatial",4,"count",9,5.75427754795646,12.4647355163728
"mistletoe",22,"gam_spatial",4,"count",13,5.93558412310558,12.4647355163728
"mistletoe",22,"gam_spatial",5,"count",20,9.68563846706331,12.1535380507343
"mistletoe",22,"gam_spatial",5,"count",11,8.11148379605356,12.1535380507343
"mistletoe",22,"gam_spatial",5,"count",76,11.2299449453281,12.1535380507343
"mistletoe",22,"gam_spatial",5,"count",42,11.3661084999776,12.1535380507343
"mistletoe",22,"gam_spatial",5,"count",23,7.67605387518385,12.1535380507343
"mistletoe",22,"gam_spatial",5,"count",35,9.5696065848471,12.1535380507343
"mistletoe",22,"gam_spatial",5,"count",17,9.35492259718508,12.1535380507343
"mistletoe",22,"gam_spatial",5,"count",37,10.2963899738979,12.1535380507343
"mistletoe",22,"gam_spatial",5,"count",13,9.3196701459927,12.1535380507343
"mistletoe",22,"gam_spatial",5,"count",45,8.91463399465482,12.1535380507343
"mistletoe",22,"gam_spatial",5,"count",8,9.45496473982221,12.1535380507343
"mistletoe",22,"gam_spatial",5,"count",21,9.14662971434234,12.1535380507343
"mistletoe",22,"gam_spatial",5,"count",8,7.4932405310854,12.1535380507343
"mistletoe",22,"gam_spatial",5,"count",14,11.2299449453281,12.1535380507343
"mistletoe",22,"gam_spatial",5,"count",56,7.01927220285071,12.1535380507343
"mistletoe",22,"gam_spatial",5,"count",5,7.48948013738533,12.1535380507343
"mistletoe",22,"gam_spatial",5,"count",16,9.80307724073021,12.1535380507343
"mistletoe",22,"gam_spatial",5,"count",12,9.80307724073021,12.1535380507343
"mistletoe",22,"gam_spatial",5,"count",15,8.2098358781457,12.1535380507343
"mistletoe",22,"gam_spatial",5,"count",16,10.2891332571502,12.1535380507343
"mistletoe",22,"gam_spatial",5,"count",11,9.48338994902926,12.1535380507343
"mistletoe",22,"gam_spatial",5,"count",47,9.02272430667521,12.1535380507343
"mistletoe",22,"gam_spatial",5,"count",19,10.1730414189455,12.1535380507343
"mistletoe",22,"gam_spatial",5,"count",7,7.01927220285071,12.1535380507343
"mistletoe",22,"gam_spatial",5,"count",8,8.14251002601781,12.1535380507343
"mistletoe",22,"gam_spatial",5,"count",20,8.14251002601781,12.1535380507343
"mistletoe",22,"gam_spatial",5,"count",8,9.24159219055154,12.1535380507343
"mistletoe",22,"gam_spatial",5,"count",15,9.5470430773987,12.1535380507343
"mistletoe",22,"gam_spatial",5,"count",8,8.24123830245284,12.1535380507343
"mistletoe",22,"gam_spatial",5,"count",24,9.02272430667521,12.1535380507343
"mistletoe",22,"gam_spatial",5,"count",2,10.547592037339,12.1535380507343
"mistletoe",22,"gam_spatial",5,"count",4,11.5039230434526,12.1535380507343
"mistletoe",22,"gam_spatial",5,"count",11,11.5039230434526,12.1535380507343
"mistletoe",22,"gam_spatial",5,"count",11,8.14251002601781,12.1535380507343
"mistletoe",22,"gam_spatial",5,"count",2,8.24123830245284,12.1535380507343
"mistletoe",22,"gam_spatial",5,"count",15,9.13087988798204,12.1535380507343
"mistletoe",22,"gam_spatial",5,"count",28,9.20802248617646,12.1535380507343
"mistletoe",22,"gam_spatial",5,"count",17,9.43267153837865,12.1535380507343
"mistletoe",22,"gam_spatial",5,"count",21,9.66280137613837,12.1535380507343
"mistletoe",22,"gam_spatial",5,"count",12,8.92455831201018,12.1535380507343
"mistletoe",22,"gam_spatial",5,"count",5,9.03276895679578,12.1535380507343
"mistletoe",22,"gam_spatial",5,"count",14,9.14229166019932,12.1535380507343
"mistletoe",22,"gam_spatial",5,"count",9,10.669563231123,12.1535380507343
"mistletoe",22,"gam_spatial",5,"count",13,9.68563846706331,12.1535380507343
"mistletoe",22,"gam_spatial",5,"count",21,8.11148379605356,12.1535380507343
"mistletoe",22,"gam_spatial",5,"count",7,8.2098358781457,12.1535380507343
"mistletoe",22,"gam_spatial",5,"count",9,7.10438117345085,12.1535380507343
"mistletoe",22,"gam_spatial",5,"count",16,9.03705504197574,12.1535380507343
"mistletoe",22,"gam_spatial",5,"count",9,9.14662971434234,12.1535380507343
"mistletoe",22,"gam_spatial",5,"count",5,9.36978096090545,12.1535380507343
"mistletoe",22,"gam_spatial",5,"count",18,9.80451750636721,12.1535380507343
"mistletoe",22,"gam_spatial",5,"count",24,9.1321252182737,12.1535380507343
"mistletoe",22,"gam_spatial",5,"count",9,7.48948013738533,12.1535380507343
"mistletoe",22,"gam_spatial",5,"count",23,10.6754820342882,12.1535380507343
"mistletoe",22,"gam_spatial",5,"count",4,9.20802248617646,12.1535380507343
"mistletoe",22,"gam_spatial",5,"count",19,10.6578572067901,12.1535380507343
"mistletoe",22,"gam_spatial",5,"count",3,9.13087988798204,12.1535380507343
"mistletoe",22,"gam_spatial",5,"count",12,9.24159219055154,12.1535380507343
"mistletoe",22,"gam_spatial",5,"count",7,9.35364688444479,12.1535380507343
"mistletoe",22,"gam_spatial",5,"count",1,9.46706024621313,12.1535380507343
"mistletoe",22,"gam_spatial",5,"count",6,9.46706024621313,12.1535380507343
"mistletoe",22,"gam_spatial",5,"count",10,9.58184874976162,12.1535380507343
"mistletoe",22,"gam_spatial",5,"count",12,9.58184874976162,12.1535380507343
"mistletoe",22,"gam_spatial",5,"count",2,9.20802248617646,12.1535380507343
"mistletoe",22,"gam_spatial",5,"count",9,9.3196701459927,12.1535380507343
"mistletoe",22,"gam_spatial",5,"count",20,9.43267153837865,12.1535380507343
"mistletoe",22,"gam_spatial",5,"count",15,9.5470430773987,12.1535380507343
"mistletoe",22,"gam_spatial",5,"count",7,9.66280137613837,12.1535380507343
"mistletoe",22,"gam_spatial",5,"count",1,8.92455831201018,12.1535380507343
"mistletoe",22,"gam_spatial",5,"count",8,9.03276895679578,12.1535380507343
"mistletoe",22,"gam_spatial",5,"count",14,9.14229166019932,12.1535380507343
"mistletoe",22,"gam_spatial",5,"count",4,9.2531423309868,12.1535380507343
"mistletoe",22,"gam_spatial",5,"count",9,9.36533707081852,12.1535380507343
"mistletoe",22,"gam_spatial",5,"count",8,9.36533707081852,12.1535380507343
"mistletoe",22,"gam_spatial",5,"count",19,11.9458948798586,12.1535380507343
"mistletoe",22,"gam_spatial",5,"count",14,11.4532602602699,12.1535380507343
"mistletoe",22,"gam_spatial",5,"count",10,11.4532602602699,12.1535380507343
"mistletoe",22,"gam_spatial",5,"count",14,11.6783991937733,12.1535380507343
"mistletoe",22,"gam_spatial",5,"count",10,11.8200002750415,12.1535380507343
"mistletoe",22,"gam_spatial",5,"count",9,11.963318275374,12.1535380507343
"mistletoe",22,"gam_spatial",5,"count",12,13.0560134299798,12.1535380507343
"mistletoe",22,"gam_spatial",5,"count",8,10.7989321339253,12.1535380507343
"mistletoe",22,"gam_spatial",5,"count",8,10.7989321339253,12.1535380507343
"mistletoe",22,"gam_spatial",5,"count",0,10.9298696401138,12.1535380507343
"mistletoe",22,"gam_spatial",5,"count",9,11.0623947690703,12.1535380507343
"mistletoe",22,"gam_spatial",5,"count",5,11.2299449453281,12.1535380507343
"mistletoe",22,"gam_spatial",5,"count",8,11.3661084999776,12.1535380507343
"mistletoe",22,"gam_spatial",5,"count",3,11.643408594062,12.1535380507343
"mistletoe",22,"gam_spatial",5,"count",6,11.643408594062,12.1535380507343
"mistletoe",22,"gam_spatial",5,"count",11,9.5696065848471,12.1535380507343
"mistletoe",22,"gam_spatial",5,"count",7,8.11148379605356,12.1535380507343
"mistletoe",22,"gam_spatial",5,"count",8,8.30938048336861,12.1535380507343
"mistletoe",22,"gam_spatial",5,"count",12,8.30938048336861,12.1535380507343
"mistletoe",22,"gam_spatial",5,"count",5,8.41013207111544,12.1535380507343
"mistletoe",22,"gam_spatial",5,"count",11,8.41013207111544,12.1535380507343
"mistletoe",22,"gam_spatial",5,"count",17,8.51210527610003,12.1535380507343
"mistletoe",22,"gam_spatial",5,"count",15,8.51210527610003,12.1535380507343
"mistletoe",22,"gam_spatial",5,"count",2,7.01927220285071,12.1535380507343
"mistletoe",22,"gam_spatial",5,"count",5,7.10438117345085,12.1535380507343
"mistletoe",22,"gam_spatial",5,"count",7,7.19052209389809,12.1535380507343
"mistletoe",22,"gam_spatial",5,"count",16,7.19052209389809,12.1535380507343
"mistletoe",22,"gam_spatial",5,"count",8,7.27770747662776,12.1535380507343
"mistletoe",22,"gam_spatial",5,"count",4,7.27770747662776,12.1535380507343
"mistletoe",22,"gam_spatial",5,"count",11,7.36594998578892,12.1535380507343
"mistletoe",22,"gam_spatial",5,"count",15,7.36594998578892,12.1535380507343
"mistletoe",22,"gam_spatial",5,"count",6,8.34116366339085,12.1535380507343
"mistletoe",22,"gam_spatial",5,"count",10,8.34116366339085,12.1535380507343
"mistletoe",22,"gam_spatial",5,"count",6,8.44230062353185,12.1535380507343
"mistletoe",22,"gam_spatial",5,"count",5,8.44230062353185,12.1535380507343
"mistletoe",22,"gam_spatial",5,"count",11,8.54466387356708,12.1535380507343
"mistletoe",22,"gam_spatial",5,"count",13,8.54466387356708,12.1535380507343
"mistletoe",22,"gam_spatial",5,"count",6,10.1562461023908,12.1535380507343
"mistletoe",22,"gam_spatial",5,"count",6,10.1562461023908,12.1535380507343
"mistletoe",22,"gam_spatial",5,"count",13,10.1562461023908,12.1535380507343
"mistletoe",22,"gam_spatial",5,"count",9,10.4040290616808,12.1535380507343
"mistletoe",22,"gam_spatial",5,"count",25,10.5301783515138,12.1535380507343
"mistletoe",22,"gam_spatial",5,"count",3,10.2638430549289,12.1535380507343
"mistletoe",22,"gam_spatial",5,"count",13,10.2638430549289,12.1535380507343
"mistletoe",22,"gam_spatial",5,"count",20,10.6417368042022,12.1535380507343
"mistletoe",22,"gam_spatial",5,"count",11,10.0319586543806,12.1535380507343
"mistletoe",22,"gam_spatial",5,"count",16,10.0319586543806,12.1535380507343
"mistletoe",22,"gam_spatial",5,"count",15,10.1535965748806,12.1535380507343
"mistletoe",22,"gam_spatial",5,"count",6,10.276709360281,12.1535380507343
"mistletoe",22,"gam_spatial",5,"count",5,8.90807569585324,12.1535380507343
"mistletoe",22,"gam_spatial",5,"count",12,8.90807569585324,12.1535380507343
"mistletoe",22,"gam_spatial",5,"count",5,8.35487208464592,12.1535380507343
"mistletoe",22,"gam_spatial",5,"count",7,8.35487208464592,12.1535380507343
"mistletoe",22,"gam_spatial",5,"count",10,8.55870674055645,12.1535380507343
"mistletoe",22,"gam_spatial",5,"count",11,8.55870674055645,12.1535380507343
"mistletoe",22,"gam_spatial",5,"count",14,8.66248141965515,12.1535380507343
"mistletoe",22,"gam_spatial",5,"count",17,8.66248141965515,12.1535380507343
"mistletoe",22,"gam_spatial",5,"count",8,8.76751437110136,12.1535380507343
"mistletoe",22,"gam_spatial",5,"count",7,8.76751437110136,12.1535380507343
"mistletoe",22,"gam_spatial",5,"count",7,10.2553610940375,12.1535380507343
"mistletoe",22,"gam_spatial",5,"count",3,10.2553610940375,12.1535380507343
"mistletoe",22,"gam_spatial",5,"count",12,10.3797077785117,12.1535380507343
"mistletoe",22,"gam_spatial",5,"count",11,10.5055621717635,12.1535380507343
"mistletoe",22,"gam_spatial",5,"count",11,10.6329425548254,12.1535380507343
"mistletoe",22,"gam_spatial",5,"count",11,10.7618674303879,12.1535380507343
"mistletoe",22,"gam_spatial",5,"count",9,10.0440866630017,12.1535380507343
"mistletoe",22,"gam_spatial",5,"count",13,10.1658716361161,12.1535380507343
"mistletoe",22,"gam_spatial",5,"count",3,10.1658716361161,12.1535380507343
"mistletoe",22,"gam_spatial",5,"count",28,10.2891332571502,12.1535380507343
"mistletoe",22,"gam_spatial",5,"count",5,9.03705504197574,12.1535380507343
"mistletoe",22,"gam_spatial",5,"count",9,9.25753298421867,12.1535380507343
"mistletoe",22,"gam_spatial",5,"count",15,9.25753298421867,12.1535380507343
"mistletoe",22,"gam_spatial",5,"count",8,9.36978096090545,12.1535380507343
"mistletoe",22,"gam_spatial",5,"count",9,9.48338994902926,12.1535380507343
"mistletoe",22,"gam_spatial",5,"count",12,9.45635386085833,12.1535380507343
"mistletoe",22,"gam_spatial",5,"count",10,9.57101254903422,12.1535380507343
"mistletoe",22,"gam_spatial",5,"count",13,9.68706147862529,12.1535380507343
"mistletoe",22,"gam_spatial",5,"count",22,9.68706147862529,12.1535380507343
"mistletoe",22,"gam_spatial",5,"count",10,9.80451750636721,12.1535380507343
"mistletoe",22,"gam_spatial",5,"count",17,9.92339769338419,12.1535380507343
"mistletoe",22,"gam_spatial",5,"count",15,9.92339769338419,12.1535380507343
"mistletoe",22,"gam_spatial",5,"count",9,8.91463399465482,12.1535380507343
"mistletoe",22,"gam_spatial",5,"count",9,9.1321252182737,12.1535380507343
"mistletoe",22,"gam_spatial",5,"count",8,9.24285262052535,12.1535380507343
"mistletoe",22,"gam_spatial",5,"count",10,9.24285262052535,12.1535380507343
"mistletoe",22,"gam_spatial",5,"count",12,9.35492259718508,12.1535380507343
"mistletoe",22,"gam_spatial",5,"count",8,7.31478108018835,12.1535380507343
"mistletoe",22,"gam_spatial",5,"count",8,7.40347310835152,12.1535380507343
"mistletoe",22,"gam_spatial",5,"count",10,7.40347310835152,12.1535380507343
"mistletoe",22,"gam_spatial",5,"count",4,7.4932405310854,12.1535380507343
"mistletoe",22,"gam_spatial",5,"count",6,7.58409638759442,12.1535380507343
"mistletoe",22,"gam_spatial",5,"count",11,7.67605387518385,12.1535380507343
"mistletoe",22,"gam_spatial",5,"count",4,7.13698841881571,12.1535380507343
"mistletoe",22,"gam_spatial",5,"count",6,7.22352470348407,12.1535380507343
"mistletoe",22,"gam_spatial",5,"count",4,7.22352470348407,12.1535380507343
"mistletoe",22,"gam_spatial",5,"count",3,7.31111024424261,12.1535380507343
"mistletoe",22,"gam_spatial",5,"count",8,7.31111024424261,12.1535380507343
"mistletoe",22,"gam_spatial",5,"count",5,7.3997577633656,12.1535380507343
"mistletoe",22,"gam_spatial",5,"count",7,10.1730414189455,12.1535380507343
"mistletoe",22,"gam_spatial",5,"count",17,10.2963899738979,12.1535380507343
"mistletoe",22,"gam_spatial",5,"count",3,10.4212341352655,12.1535380507343
"mistletoe",22,"gam_spatial",5,"count",9,10.4212341352655,12.1535380507343
"mistletoe",22,"gam_spatial",5,"count",6,10.547592037339,12.1535380507343
"mistletoe",22,"gam_spatial",5,"count",27,10.6754820342882,12.1535380507343
"mistletoe",22,"gam_spatial",5,"count",12,8.44918799511673,12.1535380507343
"mistletoe",22,"gam_spatial",5,"count",4,8.55163475482202,12.1535380507343
"mistletoe",22,"gam_spatial",5,"count",4,8.6553236857963,12.1535380507343
"mistletoe",22,"gam_spatial",5,"count",14,8.6553236857963,12.1535380507343
"mistletoe",22,"gam_spatial",5,"count",4,8.76026984941851,12.1535380507343
"mistletoe",22,"gam_spatial",5,"count",9,8.76026984941851,12.1535380507343
"mistletoe",22,"gam_spatial",5,"count",5,8.86648848968733,12.1535380507343
"mistletoe",22,"gam_spatial",5,"count",6,8.86648848968733,12.1535380507343
"mistletoe",22,"gam_spatial",5,"count",19,11.7326866046296,12.1535380507343
"mistletoe",22,"gam_spatial",5,"count",10,12.8996051748429,12.1535380507343
"mistletoe",22,"gam_spatial",5,"count",20,13.3745423048807,12.1535380507343
"mistletoe",22,"gam_spatial",5,"count",6,11.3160526461275,12.1535380507343
"mistletoe",22,"gam_spatial",5,"count",15,11.4532602602699,12.1535380507343
"mistletoe",22,"gam_spatial",5,"count",18,13.0560134299798,12.1535380507343
"mistletoe",22,"gam_spatial",5,"count",18,13.2143181417868,12.1535380507343
"mistletoe",22,"gam_spatial",5,"count",25,9.0160864882249,12.1535380507343
"mistletoe",22,"gam_spatial",5,"count",18,9.12540691599557,12.1535380507343
"mistletoe",22,"gam_spatial",5,"count",15,9.12540691599557,12.1535380507343
"mistletoe",22,"gam_spatial",5,"count",9,9.23605285854961,12.1535380507343
"mistletoe",22,"gam_spatial",5,"count",19,9.23605285854961,12.1535380507343
"mistletoe",22,"gam_spatial",5,"count",18,9.2531423309868,12.1535380507343
"mistletoe",22,"gam_spatial",5,"count",8,11.8027856080868,12.1535380507343
"mistletoe",22,"gam_spatial",5,"count",11,11.9458948798586,12.1535380507343
"mistletoe",22,"gam_spatial",5,"count",18,12.090739357568,12.1535380507343
"mistletoe",22,"gam_spatial",5,"count",10,12.23734008066,12.1535380507343
"mistletoe",22,"gam_spatial",5,"count",19,11.5921315225029,12.1535380507343
"mistletoe",22,"gam_spatial",5,"count",11,11.5384944632454,12.1535380507343
"mistletoe",22,"gam_spatial",5,"count",9,10.2793910134237,12.1535380507343
"mistletoe",22,"gam_spatial",5,"count",6,10.2793910134237,12.1535380507343
"mistletoe",22,"gam_spatial",5,"count",7,10.4040290616808,12.1535380507343
"mistletoe",22,"gam_spatial",5,"count",11,10.5301783515138,12.1535380507343
"mistletoe",22,"gam_spatial",5,"count",5,10.3882925835355,12.1535380507343
"mistletoe",22,"gam_spatial",5,"count",10,10.3882925835355,12.1535380507343
"mistletoe",22,"gam_spatial",5,"count",9,10.5142510679092,12.1535380507343
"mistletoe",22,"gam_spatial",5,"count",11,10.5142510679092,12.1535380507343
"mistletoe",22,"gam_spatial",5,"count",8,10.6417368042022,12.1535380507343
"mistletoe",22,"gam_spatial",5,"count",8,10.7707683104081,12.1535380507343
"mistletoe",22,"gam_spatial",5,"count",8,10.7707683104081,12.1535380507343
"mistletoe",22,"gam_spatial",5,"count",9,10.1535965748806,12.1535380507343
"mistletoe",22,"gam_spatial",5,"count",9,10.276709360281,12.1535380507343
"mistletoe",22,"gam_spatial",5,"count",6,10.401314893381,12.1535380507343
"mistletoe",22,"gam_spatial",5,"count",47,10.401314893381,12.1535380507343
"mistletoe",22,"gam_spatial",5,"count",12,10.5274312738092,12.1535380507343
"mistletoe",22,"gam_spatial",5,"count",17,10.5274312738092,12.1535380507343
"mistletoe",22,"gam_spatial",5,"count",13,9.34804038780947,12.1535380507343
"mistletoe",22,"gam_spatial",5,"count",8,9.34804038780947,12.1535380507343
"mistletoe",22,"gam_spatial",5,"count",6,8.45617525997103,12.1535380507343
"mistletoe",22,"gam_spatial",5,"count",21,10.3797077785117,12.1535380507343
"mistletoe",22,"gam_spatial",5,"count",14,10.5055621717635,12.1535380507343
"mistletoe",22,"gam_spatial",5,"count",12,10.6329425548254,12.1535380507343
"mistletoe",22,"gam_spatial",5,"count",7,10.7618674303879,12.1535380507343
"mistletoe",22,"xgboost",1,"count",13,15.8865089416504,11.6944801026958
"mistletoe",22,"xgboost",1,"count",13,15.8865089416504,11.6944801026958
"mistletoe",22,"xgboost",1,"count",29,15.4316539764404,11.6944801026958
"mistletoe",22,"xgboost",1,"count",20,10.0810317993164,11.6944801026958
"mistletoe",22,"xgboost",1,"count",20,5.55479669570923,11.6944801026958
"mistletoe",22,"xgboost",1,"count",14,10.6150970458984,11.6944801026958
"mistletoe",22,"xgboost",1,"count",15,12.3448553085327,11.6944801026958
"mistletoe",22,"xgboost",1,"count",32,13.1083736419678,11.6944801026958
"mistletoe",22,"xgboost",1,"count",27,6.76883316040039,11.6944801026958
"mistletoe",22,"xgboost",1,"count",23,10.7830448150635,11.6944801026958
"mistletoe",22,"xgboost",1,"count",15,11.3018627166748,11.6944801026958
"mistletoe",22,"xgboost",1,"count",13,6.76883316040039,11.6944801026958
"mistletoe",22,"xgboost",1,"count",8,7.94695043563843,11.6944801026958
"mistletoe",22,"xgboost",1,"count",2,7.95137548446655,11.6944801026958
"mistletoe",22,"xgboost",1,"count",11,7.4127254486084,11.6944801026958
"mistletoe",22,"xgboost",1,"count",18,15.4316539764404,11.6944801026958
"mistletoe",22,"xgboost",1,"count",18,15.4316539764404,11.6944801026958
"mistletoe",22,"xgboost",1,"count",28,9.54250621795654,11.6944801026958
"mistletoe",22,"xgboost",1,"count",28,9.54250621795654,11.6944801026958
"mistletoe",22,"xgboost",1,"count",7,7.46822118759155,11.6944801026958
"mistletoe",22,"xgboost",1,"count",56,10.0810317993164,11.6944801026958
"mistletoe",22,"xgboost",1,"count",14,8.98951148986816,11.6944801026958
"mistletoe",22,"xgboost",1,"count",6,7.17261457443237,11.6944801026958
"mistletoe",22,"xgboost",1,"count",6,12.1097965240479,11.6944801026958
"mistletoe",22,"xgboost",1,"count",8,9.33953285217285,11.6944801026958
"mistletoe",22,"xgboost",1,"count",12,6.10165023803711,11.6944801026958
"mistletoe",22,"xgboost",1,"count",20,10.0397691726685,11.6944801026958
"mistletoe",22,"xgboost",1,"count",12,8.89895248413086,11.6944801026958
"mistletoe",22,"xgboost",1,"count",7,12.8803749084473,11.6944801026958
"mistletoe",22,"xgboost",1,"count",16,8.37871074676514,11.6944801026958
"mistletoe",22,"xgboost",1,"count",14,8.75874423980713,11.6944801026958
"mistletoe",22,"xgboost",1,"count",14,10.4751720428467,11.6944801026958
"mistletoe",22,"xgboost",1,"count",7,9.48064708709717,11.6944801026958
"mistletoe",22,"xgboost",1,"count",9,4.44261312484741,11.6944801026958
"mistletoe",22,"xgboost",1,"count",12,12.5088491439819,11.6944801026958
"mistletoe",22,"xgboost",1,"count",8,4.35825538635254,11.6944801026958
"mistletoe",22,"xgboost",1,"count",7,10.5779514312744,11.6944801026958
"mistletoe",22,"xgboost",1,"count",12,4.72424459457397,11.6944801026958
"mistletoe",22,"xgboost",1,"count",5,12.3448553085327,11.6944801026958
"mistletoe",22,"xgboost",1,"count",9,9.63708591461182,11.6944801026958
"mistletoe",22,"xgboost",1,"count",3,14.2915258407593,11.6944801026958
"mistletoe",22,"xgboost",1,"count",18,2.38080883026123,11.6944801026958
"mistletoe",22,"xgboost",1,"count",9,9.40346145629883,11.6944801026958
"mistletoe",22,"xgboost",1,"count",11,12.4402952194214,11.6944801026958
"mistletoe",22,"xgboost",1,"count",7,12.4402952194214,11.6944801026958
"mistletoe",22,"xgboost",1,"count",10,10.6848220825195,11.6944801026958
"mistletoe",22,"xgboost",1,"count",9,6.11346626281738,11.6944801026958
"mistletoe",22,"xgboost",1,"count",11,6.37547636032104,11.6944801026958
"mistletoe",22,"xgboost",1,"count",11,10.4264516830444,11.6944801026958
"mistletoe",22,"xgboost",1,"count",23,10.4264516830444,11.6944801026958
"mistletoe",22,"xgboost",1,"count",4,11.8346729278564,11.6944801026958
"mistletoe",22,"xgboost",1,"count",12,6.45806121826172,11.6944801026958
"mistletoe",22,"xgboost",1,"count",10,14.5496683120728,11.6944801026958
"mistletoe",22,"xgboost",1,"count",13,14.5496683120728,11.6944801026958
"mistletoe",22,"xgboost",1,"count",13,11.3296537399292,11.6944801026958
"mistletoe",22,"xgboost",1,"count",10,6.27181053161621,11.6944801026958
"mistletoe",22,"xgboost",1,"count",10,12.1269149780273,11.6944801026958
"mistletoe",22,"xgboost",1,"count",12,11.7602109909058,11.6944801026958
"mistletoe",22,"xgboost",1,"count",13,7.21682643890381,11.6944801026958
"mistletoe",22,"xgboost",1,"count",15,11.0630416870117,11.6944801026958
"mistletoe",22,"xgboost",1,"count",17,11.0630416870117,11.6944801026958
"mistletoe",22,"xgboost",1,"count",0,8.40048122406006,11.6944801026958
"mistletoe",22,"xgboost",1,"count",8,7.41642713546753,11.6944801026958
"mistletoe",22,"xgboost",1,"count",10,17.8850727081299,11.6944801026958
"mistletoe",22,"xgboost",1,"count",10,7.64955472946167,11.6944801026958
"mistletoe",22,"xgboost",1,"count",16,9.64621448516846,11.6944801026958
"mistletoe",22,"xgboost",1,"count",8,10.3002347946167,11.6944801026958
"mistletoe",22,"xgboost",1,"count",23,7.48303937911987,11.6944801026958
"mistletoe",22,"xgboost",1,"count",23,7.31595754623413,11.6944801026958
"mistletoe",22,"xgboost",1,"count",8,8.09325218200684,11.6944801026958
"mistletoe",22,"xgboost",1,"count",5,6.28620672225952,11.6944801026958
"mistletoe",22,"xgboost",1,"count",19,4.3605899810791,11.6944801026958
"mistletoe",22,"xgboost",1,"count",12,6.47709321975708,11.6944801026958
"mistletoe",22,"xgboost",1,"count",10,9.72379207611084,11.6944801026958
"mistletoe",22,"xgboost",1,"count",9,9.72379207611084,11.6944801026958
"mistletoe",22,"xgboost",1,"count",17,20.0874996185303,11.6944801026958
"mistletoe",22,"xgboost",1,"count",10,13.3527135848999,11.6944801026958
"mistletoe",22,"xgboost",1,"count",6,7.95137548446655,11.6944801026958
"mistletoe",22,"xgboost",1,"count",11,9.71167755126953,11.6944801026958
"mistletoe",22,"xgboost",1,"count",26,10.0196008682251,11.6944801026958
"mistletoe",22,"xgboost",1,"count",9,10.0196008682251,11.6944801026958
"mistletoe",22,"xgboost",1,"count",7,9.64906883239746,11.6944801026958
"mistletoe",22,"xgboost",1,"count",10,9.64906883239746,11.6944801026958
"mistletoe",22,"xgboost",1,"count",8,25.7959785461426,11.6944801026958
"mistletoe",22,"xgboost",1,"count",11,11.6276550292969,11.6944801026958
"mistletoe",22,"xgboost",1,"count",12,11.6276550292969,11.6944801026958
"mistletoe",22,"xgboost",1,"count",14,9.97299575805664,11.6944801026958
"mistletoe",22,"xgboost",1,"count",6,9.97299575805664,11.6944801026958
"mistletoe",22,"xgboost",1,"count",15,7.99542951583862,11.6944801026958
"mistletoe",22,"xgboost",1,"count",18,7.99542951583862,11.6944801026958
"mistletoe",22,"xgboost",1,"count",33,10.0397691726685,11.6944801026958
"mistletoe",22,"xgboost",1,"count",7,8.89895248413086,11.6944801026958
"mistletoe",22,"xgboost",1,"count",4,8.89895248413086,11.6944801026958
"mistletoe",22,"xgboost",1,"count",7,4.66627073287964,11.6944801026958
"mistletoe",22,"xgboost",1,"count",2,4.66627073287964,11.6944801026958
"mistletoe",22,"xgboost",1,"count",10,12.8803749084473,11.6944801026958
"mistletoe",22,"xgboost",1,"count",10,6.07974433898926,11.6944801026958
"mistletoe",22,"xgboost",1,"count",14,6.07974433898926,11.6944801026958
"mistletoe",22,"xgboost",1,"count",21,8.98951148986816,11.6944801026958
"mistletoe",22,"xgboost",1,"count",10,8.37871074676514,11.6944801026958
"mistletoe",22,"xgboost",1,"count",4,8.37871074676514,11.6944801026958
"mistletoe",22,"xgboost",1,"count",12,8.75701713562012,11.6944801026958
"mistletoe",22,"xgboost",1,"count",6,8.75701713562012,11.6944801026958
"mistletoe",22,"xgboost",1,"count",12,17.0438995361328,11.6944801026958
"mistletoe",22,"xgboost",1,"count",30,17.0438995361328,11.6944801026958
"mistletoe",22,"xgboost",1,"count",12,17.9129428863525,11.6944801026958
"mistletoe",22,"xgboost",1,"count",9,17.9129428863525,11.6944801026958
"mistletoe",22,"xgboost",1,"count",28,8.75874423980713,11.6944801026958
"mistletoe",22,"xgboost",1,"count",7,6.76883316040039,11.6944801026958
"mistletoe",22,"xgboost",1,"count",3,8.55703163146973,11.6944801026958
"mistletoe",22,"xgboost",1,"count",8,8.55703163146973,11.6944801026958
"mistletoe",22,"xgboost",1,"count",7,10.6150970458984,11.6944801026958
"mistletoe",22,"xgboost",1,"count",17,10.4751720428467,11.6944801026958
"mistletoe",22,"xgboost",1,"count",15,9.48064708709717,11.6944801026958
"mistletoe",22,"xgboost",1,"count",13,12.222056388855,11.6944801026958
"mistletoe",22,"xgboost",1,"count",13,12.222056388855,11.6944801026958
"mistletoe",22,"xgboost",1,"count",23,12.222056388855,11.6944801026958
"mistletoe",22,"xgboost",1,"count",13,12.222056388855,11.6944801026958
"mistletoe",22,"xgboost",1,"count",12,11.8305311203003,11.6944801026958
"mistletoe",22,"xgboost",1,"count",10,11.8305311203003,11.6944801026958
"mistletoe",22,"xgboost",1,"count",9,15.9090881347656,11.6944801026958
"mistletoe",22,"xgboost",1,"count",7,15.9090881347656,11.6944801026958
"mistletoe",22,"xgboost",1,"count",18,16.6330490112305,11.6944801026958
"mistletoe",22,"xgboost",1,"count",6,16.6330490112305,11.6944801026958
"mistletoe",22,"xgboost",1,"count",10,10.4527359008789,11.6944801026958
"mistletoe",22,"xgboost",1,"count",13,4.12050294876099,11.6944801026958
"mistletoe",22,"xgboost",1,"count",4,4.12050294876099,11.6944801026958
"mistletoe",22,"xgboost",1,"count",11,13.1083736419678,11.6944801026958
"mistletoe",22,"xgboost",1,"count",11,15.4679002761841,11.6944801026958
"mistletoe",22,"xgboost",1,"count",10,5.84712791442871,11.6944801026958
"mistletoe",22,"xgboost",1,"count",2,9.30244064331055,11.6944801026958
"mistletoe",22,"xgboost",1,"count",8,9.86378860473633,11.6944801026958
"mistletoe",22,"xgboost",1,"count",10,9.86378860473633,11.6944801026958
"mistletoe",22,"xgboost",1,"count",2,8.53383731842041,11.6944801026958
"mistletoe",22,"xgboost",1,"count",5,4.43991899490356,11.6944801026958
"mistletoe",22,"xgboost",1,"count",6,10.4023246765137,11.6944801026958
"mistletoe",22,"xgboost",1,"count",26,9.94207286834717,11.6944801026958
"mistletoe",22,"xgboost",1,"count",26,9.94207286834717,11.6944801026958
"mistletoe",22,"xgboost",1,"count",4,7.17261457443237,11.6944801026958
"mistletoe",22,"xgboost",1,"count",3,4.44261312484741,11.6944801026958
"mistletoe",22,"xgboost",1,"count",12,12.1097965240479,11.6944801026958
"mistletoe",22,"xgboost",1,"count",10,12.5088491439819,11.6944801026958
"mistletoe",22,"xgboost",1,"count",16,14.3069829940796,11.6944801026958
"mistletoe",22,"xgboost",1,"count",16,14.3069829940796,11.6944801026958
"mistletoe",22,"xgboost",1,"count",8,8.6695613861084,11.6944801026958
"mistletoe",22,"xgboost",1,"count",13,8.6695613861084,11.6944801026958
"mistletoe",22,"xgboost",1,"count",9,8.6695613861084,11.6944801026958
"mistletoe",22,"xgboost",1,"count",19,9.33953285217285,11.6944801026958
"mistletoe",22,"xgboost",1,"count",10,10.5779514312744,11.6944801026958
"mistletoe",22,"xgboost",1,"count",17,4.72424459457397,11.6944801026958
"mistletoe",22,"xgboost",1,"count",10,12.3448553085327,11.6944801026958
"mistletoe",22,"xgboost",1,"count",8,6.10165023803711,11.6944801026958
"mistletoe",22,"xgboost",1,"count",10,9.63708591461182,11.6944801026958
"mistletoe",22,"xgboost",1,"count",12,14.2915258407593,11.6944801026958
"mistletoe",22,"xgboost",1,"count",20,2.38080883026123,11.6944801026958
"mistletoe",22,"xgboost",1,"count",20,25.7959785461426,11.6944801026958
"mistletoe",22,"xgboost",1,"count",21,17.141242980957,11.6944801026958
"mistletoe",22,"xgboost",1,"count",15,9.47024345397949,11.6944801026958
"mistletoe",22,"xgboost",1,"count",21,9.47024345397949,11.6944801026958
"mistletoe",22,"xgboost",1,"count",39,7.93487310409546,11.6944801026958
"mistletoe",22,"xgboost",1,"count",58,14.2780694961548,11.6944801026958
"mistletoe",22,"xgboost",1,"count",21,6.98265695571899,11.6944801026958
"mistletoe",22,"xgboost",1,"count",30,12.4549913406372,11.6944801026958
"mistletoe",22,"xgboost",1,"count",18,7.97326374053955,11.6944801026958
"mistletoe",22,"xgboost",1,"count",21,11.4781742095947,11.6944801026958
"mistletoe",22,"xgboost",1,"count",49,12.637640953064,11.6944801026958
"mistletoe",22,"xgboost",1,"count",16,11.719614982605,11.6944801026958
"mistletoe",22,"xgboost",1,"count",18,12.4549913406372,11.6944801026958
"mistletoe",22,"xgboost",1,"count",19,9.66747665405273,11.6944801026958
"mistletoe",22,"xgboost",1,"count",19,9.66747665405273,11.6944801026958
"mistletoe",22,"xgboost",1,"count",18,11.996241569519,11.6944801026958
"mistletoe",22,"xgboost",1,"count",17,11.996241569519,11.6944801026958
"mistletoe",22,"xgboost",1,"count",27,14.3218765258789,11.6944801026958
"mistletoe",22,"xgboost",1,"count",14,11.2471876144409,11.6944801026958
"mistletoe",22,"xgboost",1,"count",10,8.33083438873291,11.6944801026958
"mistletoe",22,"xgboost",1,"count",11,12.637640953064,11.6944801026958
"mistletoe",22,"xgboost",1,"count",31,11.7854089736938,11.6944801026958
"mistletoe",22,"xgboost",1,"count",24,10.0528535842896,11.6944801026958
"mistletoe",22,"xgboost",1,"count",20,13.2891311645508,11.6944801026958
"mistletoe",22,"xgboost",1,"count",20,13.2891311645508,11.6944801026958
"mistletoe",22,"xgboost",1,"count",8,11.9855976104736,11.6944801026958
"mistletoe",22,"xgboost",1,"count",18,6.98265695571899,11.6944801026958
"mistletoe",22,"xgboost",1,"count",8,9.68181037902832,11.6944801026958
"mistletoe",22,"xgboost",1,"count",21,9.68181037902832,11.6944801026958
"mistletoe",22,"xgboost",1,"count",12,14.3218765258789,11.6944801026958
"mistletoe",22,"xgboost",1,"count",13,11.2471876144409,11.6944801026958
"mistletoe",22,"xgboost",1,"count",3,10.8491430282593,11.6944801026958
"mistletoe",22,"xgboost",1,"count",10,10.8491430282593,11.6944801026958
"mistletoe",22,"xgboost",1,"count",0,8.33083438873291,11.6944801026958
"mistletoe",22,"xgboost",1,"count",6,10.4527359008789,11.6944801026958
"mistletoe",22,"xgboost",1,"count",16,7.99958229064941,11.6944801026958
"mistletoe",22,"xgboost",1,"count",23,11.7854089736938,11.6944801026958
"mistletoe",22,"xgboost",1,"count",15,9.70990180969238,11.6944801026958
"mistletoe",22,"xgboost",1,"count",18,14.2780694961548,11.6944801026958
"mistletoe",22,"xgboost",1,"count",29,10.0528535842896,11.6944801026958
"mistletoe",22,"xgboost",1,"count",32,11.1502065658569,11.6944801026958
"mistletoe",22,"xgboost",1,"count",7,11.9855976104736,11.6944801026958
"mistletoe",22,"xgboost",1,"count",5,17.141242980957,11.6944801026958
"mistletoe",22,"xgboost",1,"count",6,10.4023246765137,11.6944801026958
"mistletoe",22,"xgboost",2,"count",48,10.465763092041,12.0306258322237
"mistletoe",22,"xgboost",2,"count",8,19.899299621582,12.0306258322237
"mistletoe",22,"xgboost",2,"count",6,5.95116186141968,12.0306258322237
"mistletoe",22,"xgboost",2,"count",17,10.4717283248901,12.0306258322237
"mistletoe",22,"xgboost",2,"count",8,9.64684009552002,12.0306258322237
"mistletoe",22,"xgboost",2,"count",16,13.3991050720215,12.0306258322237
"mistletoe",22,"xgboost",2,"count",40,6.04789113998413,12.0306258322237
"mistletoe",22,"xgboost",2,"count",11,12.2846746444702,12.0306258322237
"mistletoe",22,"xgboost",2,"count",31,13.5864400863647,12.0306258322237
"mistletoe",22,"xgboost",2,"count",14,13.5864400863647,12.0306258322237
"mistletoe",22,"xgboost",2,"count",14,16.1564254760742,12.0306258322237
"mistletoe",22,"xgboost",2,"count",19,15.8763837814331,12.0306258322237
"mistletoe",22,"xgboost",2,"count",13,9.77058887481689,12.0306258322237
"mistletoe",22,"xgboost",2,"count",4,14.3330125808716,12.0306258322237
"mistletoe",22,"xgboost",2,"count",3,11.9050149917603,12.0306258322237
"mistletoe",22,"xgboost",2,"count",29,15.1663837432861,12.0306258322237
"mistletoe",22,"xgboost",2,"count",10,6.43499565124512,12.0306258322237
"mistletoe",22,"xgboost",2,"count",12,8.09441566467285,12.0306258322237
"mistletoe",22,"xgboost",2,"count",14,13.0935525894165,12.0306258322237
"mistletoe",22,"xgboost",2,"count",0,8.20654964447021,12.0306258322237
"mistletoe",22,"xgboost",2,"count",27,11.3047027587891,12.0306258322237
"mistletoe",22,"xgboost",2,"count",23,9.50167083740234,12.0306258322237
"mistletoe",22,"xgboost",2,"count",24,11.6532344818115,12.0306258322237
"mistletoe",22,"xgboost",2,"count",5,9.28324699401855,12.0306258322237
"mistletoe",22,"xgboost",2,"count",9,11.3904609680176,12.0306258322237
"mistletoe",22,"xgboost",2,"count",14,10.9252471923828,12.0306258322237
"mistletoe",22,"xgboost",2,"count",13,11.0782718658447,12.0306258322237
"mistletoe",22,"xgboost",2,"count",17,13.2277278900146,12.0306258322237
"mistletoe",22,"xgboost",2,"count",17,8.68351173400879,12.0306258322237
"mistletoe",22,"xgboost",2,"count",11,19.4664840698242,12.0306258322237
"mistletoe",22,"xgboost",2,"count",18,11.3209562301636,12.0306258322237
"mistletoe",22,"xgboost",2,"count",12,10.4548845291138,12.0306258322237
"mistletoe",22,"xgboost",2,"count",33,10.1185817718506,12.0306258322237
"mistletoe",22,"xgboost",2,"count",12,3.62735605239868,12.0306258322237
"mistletoe",22,"xgboost",2,"count",9,7.64819431304932,12.0306258322237
"mistletoe",22,"xgboost",2,"count",2,9.89987754821777,12.0306258322237
"mistletoe",22,"xgboost",2,"count",6,9.8068962097168,12.0306258322237
"mistletoe",22,"xgboost",2,"count",54,16.1564254760742,12.0306258322237
"mistletoe",22,"xgboost",2,"count",1,5.17502498626709,12.0306258322237
"mistletoe",22,"xgboost",2,"count",19,12.3547039031982,12.0306258322237
"mistletoe",22,"xgboost",2,"count",49,10.465763092041,12.0306258322237
"mistletoe",22,"xgboost",2,"count",8,8.81151390075684,12.0306258322237
"mistletoe",22,"xgboost",2,"count",4,13.8640995025635,12.0306258322237
"mistletoe",22,"xgboost",2,"count",10,4.75176620483398,12.0306258322237
"mistletoe",22,"xgboost",2,"count",33,19.899299621582,12.0306258322237
"mistletoe",22,"xgboost",2,"count",9,9.50167083740234,12.0306258322237
"mistletoe",22,"xgboost",2,"count",23,17.2062835693359,12.0306258322237
"mistletoe",22,"xgboost",2,"count",18,12.7259683609009,12.0306258322237
"mistletoe",22,"xgboost",2,"count",6,14.9685659408569,12.0306258322237
"mistletoe",22,"xgboost",2,"count",2,14.9685659408569,12.0306258322237
"mistletoe",22,"xgboost",2,"count",2,14.9685659408569,12.0306258322237
"mistletoe",22,"xgboost",2,"count",2,10.0175294876099,12.0306258322237
"mistletoe",22,"xgboost",2,"count",13,9.44422340393066,12.0306258322237
"mistletoe",22,"xgboost",2,"count",13,9.77058887481689,12.0306258322237
"mistletoe",22,"xgboost",2,"count",9,12.8373003005981,12.0306258322237
"mistletoe",22,"xgboost",2,"count",5,12.8373003005981,12.0306258322237
"mistletoe",22,"xgboost",2,"count",6,12.8373003005981,12.0306258322237
"mistletoe",22,"xgboost",2,"count",6,17.9878730773926,12.0306258322237
"mistletoe",22,"xgboost",2,"count",4,17.9878730773926,12.0306258322237
"mistletoe",22,"xgboost",2,"count",11,17.9878730773926,12.0306258322237
"mistletoe",22,"xgboost",2,"count",2,15.7341070175171,12.0306258322237
"mistletoe",22,"xgboost",2,"count",6,14.9313011169434,12.0306258322237
"mistletoe",22,"xgboost",2,"count",13,9.6258659362793,12.0306258322237
"mistletoe",22,"xgboost",2,"count",7,10.8685684204102,12.0306258322237
"mistletoe",22,"xgboost",2,"count",13,10.8685684204102,12.0306258322237
"mistletoe",22,"xgboost",2,"count",8,12.7695426940918,12.0306258322237
"mistletoe",22,"xgboost",2,"count",12,12.7695426940918,12.0306258322237
"mistletoe",22,"xgboost",2,"count",3,11.3904609680176,12.0306258322237
"mistletoe",22,"xgboost",2,"count",23,10.0517539978027,12.0306258322237
"mistletoe",22,"xgboost",2,"count",8,10.0517539978027,12.0306258322237
"mistletoe",22,"xgboost",2,"count",11,11.0782718658447,12.0306258322237
"mistletoe",22,"xgboost",2,"count",7,14.0600643157959,12.0306258322237
"mistletoe",22,"xgboost",2,"count",8,14.0600643157959,12.0306258322237
"mistletoe",22,"xgboost",2,"count",10,15.1663837432861,12.0306258322237
"mistletoe",22,"xgboost",2,"count",18,11.7708005905151,12.0306258322237
"mistletoe",22,"xgboost",2,"count",10,11.7708005905151,12.0306258322237
"mistletoe",22,"xgboost",2,"count",18,6.43499565124512,12.0306258322237
"mistletoe",22,"xgboost",2,"count",13,8.68351173400879,12.0306258322237
"mistletoe",22,"xgboost",2,"count",16,13.3991050720215,12.0306258322237
"mistletoe",22,"xgboost",2,"count",10,14.099534034729,12.0306258322237
"mistletoe",22,"xgboost",2,"count",10,10.0710496902466,12.0306258322237
"mistletoe",22,"xgboost",2,"count",13,10.0710496902466,12.0306258322237
"mistletoe",22,"xgboost",2,"count",7,8.09441566467285,12.0306258322237
"mistletoe",22,"xgboost",2,"count",4,16.2436008453369,12.0306258322237
"mistletoe",22,"xgboost",2,"count",5,16.2436008453369,12.0306258322237
"mistletoe",22,"xgboost",2,"count",34,12.9998655319214,12.0306258322237
"mistletoe",22,"xgboost",2,"count",22,12.1952285766602,12.0306258322237
"mistletoe",22,"xgboost",2,"count",34,12.1952285766602,12.0306258322237
"mistletoe",22,"xgboost",2,"count",18,13.0935525894165,12.0306258322237
"mistletoe",22,"xgboost",2,"count",8,17.7475280761719,12.0306258322237
"mistletoe",22,"xgboost",2,"count",7,17.7475280761719,12.0306258322237
"mistletoe",22,"xgboost",2,"count",4,13.4461154937744,12.0306258322237
"mistletoe",22,"xgboost",2,"count",7,13.4461154937744,12.0306258322237
"mistletoe",22,"xgboost",2,"count",2,11.7080526351929,12.0306258322237
"mistletoe",22,"xgboost",2,"count",17,11.7080526351929,12.0306258322237
"mistletoe",22,"xgboost",2,"count",10,14.4911508560181,12.0306258322237
"mistletoe",22,"xgboost",2,"count",10,6.65820407867432,12.0306258322237
"mistletoe",22,"xgboost",2,"count",3,9.01943397521973,12.0306258322237
"mistletoe",22,"xgboost",2,"count",0,9.01943397521973,12.0306258322237
"mistletoe",22,"xgboost",2,"count",2,9.01943397521973,12.0306258322237
"mistletoe",22,"xgboost",2,"count",16,11.1602487564087,12.0306258322237
"mistletoe",22,"xgboost",2,"count",14,11.1602487564087,12.0306258322237
"mistletoe",22,"xgboost",2,"count",5,10.4717283248901,12.0306258322237
"mistletoe",22,"xgboost",2,"count",13,9.33133125305176,12.0306258322237
"mistletoe",22,"xgboost",2,"count",15,9.33133125305176,12.0306258322237
"mistletoe",22,"xgboost",2,"count",2,10.0047483444214,12.0306258322237
"mistletoe",22,"xgboost",2,"count",9,10.0047483444214,12.0306258322237
"mistletoe",22,"xgboost",2,"count",0,10.0047483444214,12.0306258322237
"mistletoe",22,"xgboost",2,"count",2,11.367039680481,12.0306258322237
"mistletoe",22,"xgboost",2,"count",8,11.367039680481,12.0306258322237
"mistletoe",22,"xgboost",2,"count",11,8.83536911010742,12.0306258322237
"mistletoe",22,"xgboost",2,"count",10,8.83536911010742,12.0306258322237
"mistletoe",22,"xgboost",2,"count",3,8.83536911010742,12.0306258322237
"mistletoe",22,"xgboost",2,"count",19,10.2506055831909,12.0306258322237
"mistletoe",22,"xgboost",2,"count",22,10.2506055831909,12.0306258322237
"mistletoe",22,"xgboost",2,"count",22,10.6488590240479,12.0306258322237
"mistletoe",22,"xgboost",2,"count",12,10.6488590240479,12.0306258322237
"mistletoe",22,"xgboost",2,"count",8,8.20654964447021,12.0306258322237
"mistletoe",22,"xgboost",2,"count",8,8.20654964447021,12.0306258322237
"mistletoe",22,"xgboost",2,"count",7,8.34694480895996,12.0306258322237
"mistletoe",22,"xgboost",2,"count",13,8.34694480895996,12.0306258322237
"mistletoe",22,"xgboost",2,"count",7,11.3047027587891,12.0306258322237
"mistletoe",22,"xgboost",2,"count",18,9.69715690612793,12.0306258322237
"mistletoe",22,"xgboost",2,"count",7,9.69715690612793,12.0306258322237
"mistletoe",22,"xgboost",2,"count",7,6.79808950424194,12.0306258322237
"mistletoe",22,"xgboost",2,"count",5,6.79808950424194,12.0306258322237
"mistletoe",22,"xgboost",2,"count",2,6.79808950424194,12.0306258322237
"mistletoe",22,"xgboost",2,"count",22,8.47057247161865,12.0306258322237
"mistletoe",22,"xgboost",2,"count",17,8.47057247161865,12.0306258322237
"mistletoe",22,"xgboost",2,"count",15,19.3383655548096,12.0306258322237
"mistletoe",22,"xgboost",2,"count",22,19.3383655548096,12.0306258322237
"mistletoe",22,"xgboost",2,"count",14,13.9704856872559,12.0306258322237
"mistletoe",22,"xgboost",2,"count",13,13.9704856872559,12.0306258322237
"mistletoe",22,"xgboost",2,"count",3,21.899263381958,12.0306258322237
"mistletoe",22,"xgboost",2,"count",8,21.899263381958,12.0306258322237
"mistletoe",22,"xgboost",2,"count",5,11.3209562301636,12.0306258322237
"mistletoe",22,"xgboost",2,"count",3,11.3209562301636,12.0306258322237
"mistletoe",22,"xgboost",2,"count",8,6.04789113998413,12.0306258322237
"mistletoe",22,"xgboost",2,"count",6,9.03079986572266,12.0306258322237
"mistletoe",22,"xgboost",2,"count",8,9.03079986572266,12.0306258322237
"mistletoe",22,"xgboost",2,"count",13,9.67523574829102,12.0306258322237
"mistletoe",22,"xgboost",2,"count",6,9.67523574829102,12.0306258322237
"mistletoe",22,"xgboost",2,"count",8,8.90738391876221,12.0306258322237
"mistletoe",22,"xgboost",2,"count",9,8.90738391876221,12.0306258322237
"mistletoe",22,"xgboost",2,"count",21,12.4865579605103,12.0306258322237
"mistletoe",22,"xgboost",2,"count",10,12.4865579605103,12.0306258322237
"mistletoe",22,"xgboost",2,"count",8,11.6532344818115,12.0306258322237
"mistletoe",22,"xgboost",2,"count",19,14.798378944397,12.0306258322237
"mistletoe",22,"xgboost",2,"count",13,14.798378944397,12.0306258322237
"mistletoe",22,"xgboost",2,"count",24,14.798378944397,12.0306258322237
"mistletoe",22,"xgboost",2,"count",11,10.4548845291138,12.0306258322237
"mistletoe",22,"xgboost",2,"count",24,9.9638786315918,12.0306258322237
"mistletoe",22,"xgboost",2,"count",14,9.9638786315918,12.0306258322237
"mistletoe",22,"xgboost",2,"count",25,8.89759063720703,12.0306258322237
"mistletoe",22,"xgboost",2,"count",8,8.89759063720703,12.0306258322237
"mistletoe",22,"xgboost",2,"count",23,8.89759063720703,12.0306258322237
"mistletoe",22,"xgboost",2,"count",19,8.72458648681641,12.0306258322237
"mistletoe",22,"xgboost",2,"count",9,7.41359281539917,12.0306258322237
"mistletoe",22,"xgboost",2,"count",15,8.17554092407227,12.0306258322237
"mistletoe",22,"xgboost",2,"count",11,8.17554092407227,12.0306258322237
"mistletoe",22,"xgboost",2,"count",15,7.42812919616699,12.0306258322237
"mistletoe",22,"xgboost",2,"count",5,7.42812919616699,12.0306258322237
"mistletoe",22,"xgboost",2,"count",13,7.42812919616699,12.0306258322237
"mistletoe",22,"xgboost",2,"count",12,8.67473602294922,12.0306258322237
"mistletoe",22,"xgboost",2,"count",12,8.67473602294922,12.0306258322237
"mistletoe",22,"xgboost",2,"count",4,8.67473602294922,12.0306258322237
"mistletoe",22,"xgboost",2,"count",4,11.6459579467773,12.0306258322237
"mistletoe",22,"xgboost",2,"count",21,11.6459579467773,12.0306258322237
"mistletoe",22,"xgboost",2,"count",17,8.81151390075684,12.0306258322237
"mistletoe",22,"xgboost",2,"count",8,7.91938877105713,12.0306258322237
"mistletoe",22,"xgboost",2,"count",8,7.91938877105713,12.0306258322237
"mistletoe",22,"xgboost",2,"count",1,13.0282278060913,12.0306258322237
"mistletoe",22,"xgboost",2,"count",6,13.0282278060913,12.0306258322237
"mistletoe",22,"xgboost",2,"count",1,13.0282278060913,12.0306258322237
"mistletoe",22,"xgboost",2,"count",29,13.8640995025635,12.0306258322237
"mistletoe",22,"xgboost",2,"count",29,13.8640995025635,12.0306258322237
"mistletoe",22,"xgboost",2,"count",19,12.7099189758301,12.0306258322237
"mistletoe",22,"xgboost",2,"count",16,12.7099189758301,12.0306258322237
"mistletoe",22,"xgboost",2,"count",24,14.3330125808716,12.0306258322237
"mistletoe",22,"xgboost",2,"count",3,11.3970613479614,12.0306258322237
"mistletoe",22,"xgboost",2,"count",4,11.3970613479614,12.0306258322237
"mistletoe",22,"xgboost",2,"count",12,7.12207365036011,12.0306258322237
"mistletoe",22,"xgboost",2,"count",9,7.12207365036011,12.0306258322237
"mistletoe",22,"xgboost",2,"count",7,18.3127765655518,12.0306258322237
"mistletoe",22,"xgboost",2,"count",7,18.3127765655518,12.0306258322237
"mistletoe",22,"xgboost",2,"count",15,12.5989170074463,12.0306258322237
"mistletoe",22,"xgboost",2,"count",13,10.4689950942993,12.0306258322237
"mistletoe",22,"xgboost",2,"count",13,10.4689950942993,12.0306258322237
"mistletoe",22,"xgboost",2,"count",12,3.62735605239868,12.0306258322237
"mistletoe",22,"xgboost",2,"count",7,7.84888076782227,12.0306258322237
"mistletoe",22,"xgboost",2,"count",11,7.84888076782227,12.0306258322237
"mistletoe",22,"xgboost",2,"count",6,4.75176620483398,12.0306258322237
"mistletoe",22,"xgboost",2,"count",8,5.82579565048218,12.0306258322237
"mistletoe",22,"xgboost",2,"count",8,5.82579565048218,12.0306258322237
"mistletoe",22,"xgboost",2,"count",7,14.4920673370361,12.0306258322237
"mistletoe",22,"xgboost",2,"count",11,14.4920673370361,12.0306258322237
"mistletoe",22,"xgboost",2,"count",15,15.8763837814331,12.0306258322237
"mistletoe",22,"xgboost",2,"count",6,9.09239864349365,12.0306258322237
"mistletoe",22,"xgboost",2,"count",5,9.09239864349365,12.0306258322237
"mistletoe",22,"xgboost",2,"count",18,17.2062835693359,12.0306258322237
"mistletoe",22,"xgboost",2,"count",15,12.7259683609009,12.0306258322237
"mistletoe",22,"xgboost",2,"count",7,11.5604124069214,12.0306258322237
"mistletoe",22,"xgboost",2,"count",24,11.5604124069214,12.0306258322237
"mistletoe",22,"xgboost",2,"count",37,8.37626171112061,12.0306258322237
"mistletoe",22,"xgboost",2,"count",24,8.37626171112061,12.0306258322237
"mistletoe",22,"xgboost",2,"count",15,12.139820098877,12.0306258322237
"mistletoe",22,"xgboost",2,"count",8,12.139820098877,12.0306258322237
"mistletoe",22,"xgboost",2,"count",18,8.72458648681641,12.0306258322237
"mistletoe",22,"xgboost",2,"count",4,6.65820407867432,12.0306258322237
"mistletoe",22,"xgboost",2,"count",25,14.3911590576172,12.0306258322237
"mistletoe",22,"xgboost",2,"count",20,9.52696418762207,12.0306258322237
"mistletoe",22,"xgboost",2,"count",6,9.10750293731689,12.0306258322237
"mistletoe",22,"xgboost",2,"count",20,9.10750293731689,12.0306258322237
"mistletoe",22,"xgboost",2,"count",8,9.44422340393066,12.0306258322237
"mistletoe",22,"xgboost",2,"count",17,15.7341070175171,12.0306258322237
"mistletoe",22,"xgboost",2,"count",5,15.5853471755981,12.0306258322237
"mistletoe",22,"xgboost",2,"count",17,14.9313011169434,12.0306258322237
"mistletoe",22,"xgboost",2,"count",3,14.9313011169434,12.0306258322237
"mistletoe",22,"xgboost",2,"count",5,13.4461154937744,12.0306258322237
"mistletoe",22,"xgboost",2,"count",6,14.4911508560181,12.0306258322237
"mistletoe",22,"xgboost",2,"count",18,14.3911590576172,12.0306258322237
"mistletoe",22,"xgboost",2,"count",15,8.72458648681641,12.0306258322237
"mistletoe",22,"xgboost",2,"count",10,12.5989170074463,12.0306258322237
"mistletoe",22,"xgboost",2,"count",12,10.7431087493896,12.0306258322237
"mistletoe",22,"xgboost",2,"count",30,10.7431087493896,12.0306258322237
"mistletoe",22,"xgboost",2,"count",23,9.52696418762207,12.0306258322237
"mistletoe",22,"xgboost",2,"count",4,15.5853471755981,12.0306258322237
"mistletoe",22,"xgboost",3,"count",21,10.0018510818481,12.3659117997616
"mistletoe",22,"xgboost",3,"count",21,13.5607509613037,12.3659117997616
"mistletoe",22,"xgboost",3,"count",24,15.5080575942993,12.3659117997616
"mistletoe",22,"xgboost",3,"count",80,8.17807960510254,12.3659117997616
"mistletoe",22,"xgboost",3,"count",12,6.91028118133545,12.3659117997616
"mistletoe",22,"xgboost",3,"count",4,2.97794675827026,12.3659117997616
"mistletoe",22,"xgboost",3,"count",10,12.1510410308838,12.3659117997616
"mistletoe",22,"xgboost",3,"count",31,12.4829711914062,12.3659117997616
"mistletoe",22,"xgboost",3,"count",10,7.693678855896,12.3659117997616
"mistletoe",22,"xgboost",3,"count",3,5.62676095962524,12.3659117997616
"mistletoe",22,"xgboost",3,"count",12,7.96571111679077,12.3659117997616
"mistletoe",22,"xgboost",3,"count",13,8.17807960510254,12.3659117997616
"mistletoe",22,"xgboost",3,"count",23,10.783052444458,12.3659117997616
"mistletoe",22,"xgboost",3,"count",11,7.39160394668579,12.3659117997616
"mistletoe",22,"xgboost",3,"count",11,20.5895481109619,12.3659117997616
"mistletoe",22,"xgboost",3,"count",14,12.5096368789673,12.3659117997616
"mistletoe",22,"xgboost",3,"count",28,11.5433197021484,12.3659117997616
"mistletoe",22,"xgboost",3,"count",12,9.151198387146,12.3659117997616
"mistletoe",22,"xgboost",3,"count",30,13.3194675445557,12.3659117997616
"mistletoe",22,"xgboost",3,"count",10,13.3194675445557,12.3659117997616
"mistletoe",22,"xgboost",3,"count",18,7.74550914764404,12.3659117997616
"mistletoe",22,"xgboost",3,"count",15,5.81394529342651,12.3659117997616
"mistletoe",22,"xgboost",3,"count",14,6.18699598312378,12.3659117997616
"mistletoe",22,"xgboost",3,"count",14,5.62676095962524,12.3659117997616
"mistletoe",22,"xgboost",3,"count",9,7.96571111679077,12.3659117997616
"mistletoe",22,"xgboost",3,"count",2,8.63652801513672,12.3659117997616
"mistletoe",22,"xgboost",3,"count",7,7.71701574325562,12.3659117997616
"mistletoe",22,"xgboost",3,"count",5,13.6127519607544,12.3659117997616
"mistletoe",22,"xgboost",3,"count",9,9.29682445526123,12.3659117997616
"mistletoe",22,"xgboost",3,"count",9,6.25559663772583,12.3659117997616
"mistletoe",22,"xgboost",3,"count",53,5.55714130401611,12.3659117997616
"mistletoe",22,"xgboost",3,"count",4,12.8526744842529,12.3659117997616
"mistletoe",22,"xgboost",3,"count",15,6.7752537727356,12.3659117997616
"mistletoe",22,"xgboost",3,"count",7,8.53702831268311,12.3659117997616
"mistletoe",22,"xgboost",3,"count",10,12.8526744842529,12.3659117997616
"mistletoe",22,"xgboost",3,"count",11,8.63652801513672,12.3659117997616
"mistletoe",22,"xgboost",3,"count",13,6.10701990127563,12.3659117997616
"mistletoe",22,"xgboost",3,"count",14,6.91028118133545,12.3659117997616
"mistletoe",22,"xgboost",3,"count",9,6.18669462203979,12.3659117997616
"mistletoe",22,"xgboost",3,"count",7,15.5080575942993,12.3659117997616
"mistletoe",22,"xgboost",3,"count",12,13.7695827484131,12.3659117997616
"mistletoe",22,"xgboost",3,"count",12,14.0188722610474,12.3659117997616
"mistletoe",22,"xgboost",3,"count",11,13.5459413528442,12.3659117997616
"mistletoe",22,"xgboost",3,"count",10,9.151198387146,12.3659117997616
"mistletoe",22,"xgboost",3,"count",3,13.5459413528442,12.3659117997616
"mistletoe",22,"xgboost",3,"count",3,6.7752537727356,12.3659117997616
"mistletoe",22,"xgboost",3,"count",10,8.53702831268311,12.3659117997616
"mistletoe",22,"xgboost",3,"count",15,8.90520286560059,12.3659117997616
"mistletoe",22,"xgboost",3,"count",6,8.90520286560059,12.3659117997616
"mistletoe",22,"xgboost",3,"count",8,5.81394529342651,12.3659117997616
"mistletoe",22,"xgboost",3,"count",9,5.349853515625,12.3659117997616
"mistletoe",22,"xgboost",3,"count",12,5.349853515625,12.3659117997616
"mistletoe",22,"xgboost",3,"count",8,8.27304172515869,12.3659117997616
"mistletoe",22,"xgboost",3,"count",10,8.27304172515869,12.3659117997616
"mistletoe",22,"xgboost",3,"count",4,10.0018510818481,12.3659117997616
"mistletoe",22,"xgboost",3,"count",6,6.14224433898926,12.3659117997616
"mistletoe",22,"xgboost",3,"count",3,6.14224433898926,12.3659117997616
"mistletoe",22,"xgboost",3,"count",7,6.18669462203979,12.3659117997616
"mistletoe",22,"xgboost",3,"count",5,6.18669462203979,12.3659117997616
"mistletoe",22,"xgboost",3,"count",14,12.3836965560913,12.3659117997616
"mistletoe",22,"xgboost",3,"count",14,12.3836965560913,12.3659117997616
"mistletoe",22,"xgboost",3,"count",9,8.08739185333252,12.3659117997616
"mistletoe",22,"xgboost",3,"count",8,13.7695827484131,12.3659117997616
"mistletoe",22,"xgboost",3,"count",17,13.7695827484131,12.3659117997616
"mistletoe",22,"xgboost",3,"count",14,12.0406866073608,12.3659117997616
"mistletoe",22,"xgboost",3,"count",8,11.5433197021484,12.3659117997616
"mistletoe",22,"xgboost",3,"count",10,9.81074523925781,12.3659117997616
"mistletoe",22,"xgboost",3,"count",9,9.81074523925781,12.3659117997616
"mistletoe",22,"xgboost",3,"count",16,7.30767822265625,12.3659117997616
"mistletoe",22,"xgboost",3,"count",4,8.21804046630859,12.3659117997616
"mistletoe",22,"xgboost",3,"count",4,8.21804046630859,12.3659117997616
"mistletoe",22,"xgboost",3,"count",10,7.71701574325562,12.3659117997616
"mistletoe",22,"xgboost",3,"count",7,11.8008193969727,12.3659117997616
"mistletoe",22,"xgboost",3,"count",3,11.8008193969727,12.3659117997616
"mistletoe",22,"xgboost",3,"count",7,12.3756885528564,12.3659117997616
"mistletoe",22,"xgboost",3,"count",6,12.3756885528564,12.3659117997616
"mistletoe",22,"xgboost",3,"count",3,5.93112182617188,12.3659117997616
"mistletoe",22,"xgboost",3,"count",0,5.93112182617188,12.3659117997616
"mistletoe",22,"xgboost",3,"count",10,6.283860206604,12.3659117997616
"mistletoe",22,"xgboost",3,"count",12,6.283860206604,12.3659117997616
"mistletoe",22,"xgboost",3,"count",12,8.42817783355713,12.3659117997616
"mistletoe",22,"xgboost",3,"count",3,8.42817783355713,12.3659117997616
"mistletoe",22,"xgboost",3,"count",2,13.6127519607544,12.3659117997616
"mistletoe",22,"xgboost",3,"count",11,10.3865365982056,12.3659117997616
"mistletoe",22,"xgboost",3,"count",16,10.3865365982056,12.3659117997616
"mistletoe",22,"xgboost",3,"count",4,9.29682445526123,12.3659117997616
"mistletoe",22,"xgboost",3,"count",5,6.25559663772583,12.3659117997616
"mistletoe",22,"xgboost",3,"count",11,9.57450199127197,12.3659117997616
"mistletoe",22,"xgboost",3,"count",8,9.57450199127197,12.3659117997616
"mistletoe",22,"xgboost",3,"count",17,5.55714130401611,12.3659117997616
"mistletoe",22,"xgboost",3,"count",5,7.20118618011475,12.3659117997616
"mistletoe",22,"xgboost",3,"count",11,7.20118618011475,12.3659117997616
"mistletoe",22,"xgboost",3,"count",6,10.9697351455688,12.3659117997616
"mistletoe",22,"xgboost",3,"count",14,10.9697351455688,12.3659117997616
"mistletoe",22,"xgboost",3,"count",9,8.16606616973877,12.3659117997616
"mistletoe",22,"xgboost",3,"count",8,8.16606616973877,12.3659117997616
"mistletoe",22,"xgboost",3,"count",12,11.1488265991211,12.3659117997616
"mistletoe",22,"xgboost",3,"count",12,9.9998664855957,12.3659117997616
"mistletoe",22,"xgboost",3,"count",8,9.08915328979492,12.3659117997616
"mistletoe",22,"xgboost",3,"count",4,9.08915328979492,12.3659117997616
"mistletoe",22,"xgboost",3,"count",9,9.08915328979492,12.3659117997616
"mistletoe",22,"xgboost",3,"count",10,14.9322729110718,12.3659117997616
"mistletoe",22,"xgboost",3,"count",18,14.9322729110718,12.3659117997616
"mistletoe",22,"xgboost",3,"count",8,20.5895481109619,12.3659117997616
"mistletoe",22,"xgboost",3,"count",28,13.5064525604248,12.3659117997616
"mistletoe",22,"xgboost",3,"count",14,13.5064525604248,12.3659117997616
"mistletoe",22,"xgboost",3,"count",10,11.2740106582642,12.3659117997616
"mistletoe",22,"xgboost",3,"count",9,11.2740106582642,12.3659117997616
"mistletoe",22,"xgboost",3,"count",6,10.783052444458,12.3659117997616
"mistletoe",22,"xgboost",3,"count",4,11.6412305831909,12.3659117997616
"mistletoe",22,"xgboost",3,"count",3,11.6412305831909,12.3659117997616
"mistletoe",22,"xgboost",3,"count",6,14.0188722610474,12.3659117997616
"mistletoe",22,"xgboost",3,"count",9,8.73980712890625,12.3659117997616
"mistletoe",22,"xgboost",3,"count",11,8.73980712890625,12.3659117997616
"mistletoe",22,"xgboost",3,"count",14,6.7752537727356,12.3659117997616
"mistletoe",22,"xgboost",3,"count",7,12.5096368789673,12.3659117997616
"mistletoe",22,"xgboost",3,"count",6,6.14017677307129,12.3659117997616
"mistletoe",22,"xgboost",3,"count",7,6.14017677307129,12.3659117997616
"mistletoe",22,"xgboost",3,"count",7,9.91276931762695,12.3659117997616
"mistletoe",22,"xgboost",3,"count",5,9.91276931762695,12.3659117997616
"mistletoe",22,"xgboost",3,"count",4,9.15543842315674,12.3659117997616
"mistletoe",22,"xgboost",3,"count",13,9.15543842315674,12.3659117997616
"mistletoe",22,"xgboost",3,"count",6,10.4562549591064,12.3659117997616
"mistletoe",22,"xgboost",3,"count",7,10.4562549591064,12.3659117997616
"mistletoe",22,"xgboost",3,"count",14,12.8607606887817,12.3659117997616
"mistletoe",22,"xgboost",3,"count",12,12.8607606887817,12.3659117997616
"mistletoe",22,"xgboost",3,"count",7,7.7430682182312,12.3659117997616
"mistletoe",22,"xgboost",3,"count",12,7.7430682182312,12.3659117997616
"mistletoe",22,"xgboost",3,"count",5,8.3212423324585,12.3659117997616
"mistletoe",22,"xgboost",3,"count",8,8.3212423324585,12.3659117997616
"mistletoe",22,"xgboost",3,"count",6,9.51992321014404,12.3659117997616
"mistletoe",22,"xgboost",3,"count",5,9.51992321014404,12.3659117997616
"mistletoe",22,"xgboost",3,"count",5,19.5065822601318,12.3659117997616
"mistletoe",22,"xgboost",3,"count",3,19.5065822601318,12.3659117997616
"mistletoe",22,"xgboost",3,"count",12,8.08739185333252,12.3659117997616
"mistletoe",22,"xgboost",3,"count",11,12.0406866073608,12.3659117997616
"mistletoe",22,"xgboost",3,"count",19,11.1488265991211,12.3659117997616
"mistletoe",22,"xgboost",3,"count",13,13.3200178146362,12.3659117997616
"mistletoe",22,"xgboost",3,"count",10,13.3200178146362,12.3659117997616
"mistletoe",22,"xgboost",4,"count",17,8.59076404571533,12.4647355163728
"mistletoe",22,"xgboost",4,"count",29,14.5022144317627,12.4647355163728
"mistletoe",22,"xgboost",4,"count",16,9.83254146575928,12.4647355163728
"mistletoe",22,"xgboost",4,"count",0,17.0142154693604,12.4647355163728
"mistletoe",22,"xgboost",4,"count",21,18.7227249145508,12.4647355163728
"mistletoe",22,"xgboost",4,"count",3,18.7227249145508,12.4647355163728
"mistletoe",22,"xgboost",4,"count",12,9.74281692504883,12.4647355163728
"mistletoe",22,"xgboost",4,"count",8,12.0906171798706,12.4647355163728
"mistletoe",22,"xgboost",4,"count",17,8.32812213897705,12.4647355163728
"mistletoe",22,"xgboost",4,"count",18,10.5866918563843,12.4647355163728
"mistletoe",22,"xgboost",4,"count",6,11.1933212280273,12.4647355163728
"mistletoe",22,"xgboost",4,"count",10,9.5055980682373,12.4647355163728
"mistletoe",22,"xgboost",4,"count",5,9.46847152709961,12.4647355163728
"mistletoe",22,"xgboost",4,"count",12,6.95209312438965,12.4647355163728
"mistletoe",22,"xgboost",4,"count",27,11.1562080383301,12.4647355163728
"mistletoe",22,"xgboost",4,"count",13,10.6241893768311,12.4647355163728
"mistletoe",22,"xgboost",4,"count",9,11.2180023193359,12.4647355163728
"mistletoe",22,"xgboost",4,"count",41,6.93263387680054,12.4647355163728
"mistletoe",22,"xgboost",4,"count",12,11.8855676651001,12.4647355163728
"mistletoe",22,"xgboost",4,"count",17,7.2844614982605,12.4647355163728
"mistletoe",22,"xgboost",4,"count",18,7.2844614982605,12.4647355163728
"mistletoe",22,"xgboost",4,"count",7,13.2696094512939,12.4647355163728
"mistletoe",22,"xgboost",4,"count",15,11.1562080383301,12.4647355163728
"mistletoe",22,"xgboost",4,"count",46,10.5408735275269,12.4647355163728
"mistletoe",22,"xgboost",4,"count",14,8.59584522247314,12.4647355163728
"mistletoe",22,"xgboost",4,"count",5,8.56416034698486,12.4647355163728
"mistletoe",22,"xgboost",4,"count",24,9.94237422943115,12.4647355163728
"mistletoe",22,"xgboost",4,"count",13,9.94237422943115,12.4647355163728
"mistletoe",22,"xgboost",4,"count",5,15.7928495407104,12.4647355163728
"mistletoe",22,"xgboost",4,"count",12,14.5022144317627,12.4647355163728
"mistletoe",22,"xgboost",4,"count",16,9.46847152709961,12.4647355163728
"mistletoe",22,"xgboost",4,"count",10,20.7373504638672,12.4647355163728
"mistletoe",22,"xgboost",4,"count",5,9.04940891265869,12.4647355163728
"mistletoe",22,"xgboost",4,"count",7,5.89142084121704,12.4647355163728
"mistletoe",22,"xgboost",4,"count",7,9.74281692504883,12.4647355163728
"mistletoe",22,"xgboost",4,"count",14,14.2002391815186,12.4647355163728
"mistletoe",22,"xgboost",4,"count",5,14.2002391815186,12.4647355163728
"mistletoe",22,"xgboost",4,"count",19,9.04940891265869,12.4647355163728
"mistletoe",22,"xgboost",4,"count",6,10.0184373855591,12.4647355163728
"mistletoe",22,"xgboost",4,"count",7,11.7773132324219,12.4647355163728
"mistletoe",22,"xgboost",4,"count",4,9.94237422943115,12.4647355163728
"mistletoe",22,"xgboost",4,"count",8,12.2193441390991,12.4647355163728
"mistletoe",22,"xgboost",4,"count",21,12.2193441390991,12.4647355163728
"mistletoe",22,"xgboost",4,"count",7,9.97779750823975,12.4647355163728
"mistletoe",22,"xgboost",4,"count",4,9.97779750823975,12.4647355163728
"mistletoe",22,"xgboost",4,"count",5,12.146053314209,12.4647355163728
"mistletoe",22,"xgboost",4,"count",5,12.146053314209,12.4647355163728
"mistletoe",22,"xgboost",4,"count",15,6.93263387680054,12.4647355163728
"mistletoe",22,"xgboost",4,"count",18,6.93263387680054,12.4647355163728
"mistletoe",22,"xgboost",4,"count",13,6.93263387680054,12.4647355163728
"mistletoe",22,"xgboost",4,"count",9,9.72736072540283,12.4647355163728
"mistletoe",22,"xgboost",4,"count",5,9.72736072540283,12.4647355163728
"mistletoe",22,"xgboost",4,"count",9,10.4897899627686,12.4647355163728
"mistletoe",22,"xgboost",4,"count",10,10.4897899627686,12.4647355163728
"mistletoe",22,"xgboost",4,"count",3,12.2947750091553,12.4647355163728
"mistletoe",22,"xgboost",4,"count",5,12.2947750091553,12.4647355163728
"mistletoe",22,"xgboost",4,"count",10,9.00807857513428,12.4647355163728
"mistletoe",22,"xgboost",4,"count",8,9.00807857513428,12.4647355163728
"mistletoe",22,"xgboost",4,"count",12,9.93380165100098,12.4647355163728
"mistletoe",22,"xgboost",4,"count",19,9.93380165100098,12.4647355163728
"mistletoe",22,"xgboost",4,"count",26,15.7928495407104,12.4647355163728
"mistletoe",22,"xgboost",4,"count",13,15.7928495407104,12.4647355163728
"mistletoe",22,"xgboost",4,"count",13,15.3947267532349,12.4647355163728
"mistletoe",22,"xgboost",4,"count",24,15.3947267532349,12.4647355163728
"mistletoe",22,"xgboost",4,"count",18,13.0134019851685,12.4647355163728
"mistletoe",22,"xgboost",4,"count",11,13.0134019851685,12.4647355163728
"mistletoe",22,"xgboost",4,"count",16,12.8920869827271,12.4647355163728
"mistletoe",22,"xgboost",4,"count",15,12.8920869827271,12.4647355163728
"mistletoe",22,"xgboost",4,"count",6,6.95209312438965,12.4647355163728
"mistletoe",22,"xgboost",4,"count",15,8.32812213897705,12.4647355163728
"mistletoe",22,"xgboost",4,"count",2,10.4987297058105,12.4647355163728
"mistletoe",22,"xgboost",4,"count",3,10.4987297058105,12.4647355163728
"mistletoe",22,"xgboost",4,"count",11,10.0687379837036,12.4647355163728
"mistletoe",22,"xgboost",4,"count",13,10.0687379837036,12.4647355163728
"mistletoe",22,"xgboost",4,"count",12,11.1997337341309,12.4647355163728
"mistletoe",22,"xgboost",4,"count",8,11.1997337341309,12.4647355163728
"mistletoe",22,"xgboost",4,"count",7,11.8855676651001,12.4647355163728
"mistletoe",22,"xgboost",4,"count",11,10.564094543457,12.4647355163728
"mistletoe",22,"xgboost",4,"count",18,10.564094543457,12.4647355163728
"mistletoe",22,"xgboost",4,"count",18,6.04722452163696,12.4647355163728
"mistletoe",22,"xgboost",4,"count",17,6.04722452163696,12.4647355163728
"mistletoe",22,"xgboost",4,"count",6,6.04722452163696,12.4647355163728
"mistletoe",22,"xgboost",4,"count",8,9.0595588684082,12.4647355163728
"mistletoe",22,"xgboost",4,"count",18,9.0595588684082,12.4647355163728
"mistletoe",22,"xgboost",4,"count",11,11.0939693450928,12.4647355163728
"mistletoe",22,"xgboost",4,"count",13,11.0939693450928,12.4647355163728
"mistletoe",22,"xgboost",4,"count",15,13.5635900497437,12.4647355163728
"mistletoe",22,"xgboost",4,"count",13,13.5635900497437,12.4647355163728
"mistletoe",22,"xgboost",4,"count",12,8.47823429107666,12.4647355163728
"mistletoe",22,"xgboost",4,"count",13,8.47823429107666,12.4647355163728
"mistletoe",22,"xgboost",4,"count",14,7.2844614982605,12.4647355163728
"mistletoe",22,"xgboost",4,"count",8,12.5751934051514,12.4647355163728
"mistletoe",22,"xgboost",4,"count",12,12.5751934051514,12.4647355163728
"mistletoe",22,"xgboost",4,"count",6,11.5416250228882,12.4647355163728
"mistletoe",22,"xgboost",4,"count",12,11.5416250228882,12.4647355163728
"mistletoe",22,"xgboost",4,"count",4,6.88001489639282,12.4647355163728
"mistletoe",22,"xgboost",4,"count",9,6.88001489639282,12.4647355163728
"mistletoe",22,"xgboost",4,"count",13,13.2696094512939,12.4647355163728
"mistletoe",22,"xgboost",4,"count",15,13.2696094512939,12.4647355163728
"mistletoe",22,"xgboost",4,"count",7,10.5866918563843,12.4647355163728
"mistletoe",22,"xgboost",4,"count",5,11.2180023193359,12.4647355163728
"mistletoe",22,"xgboost",4,"count",10,9.67993831634521,12.4647355163728
"mistletoe",22,"xgboost",4,"count",8,9.67993831634521,12.4647355163728
"mistletoe",22,"xgboost",4,"count",20,5.66858863830566,12.4647355163728
"mistletoe",22,"xgboost",4,"count",5,5.66858863830566,12.4647355163728
"mistletoe",22,"xgboost",4,"count",4,11.1562080383301,12.4647355163728
"mistletoe",22,"xgboost",4,"count",10,9.83254146575928,12.4647355163728
"mistletoe",22,"xgboost",4,"count",3,10.7967462539673,12.4647355163728
"mistletoe",22,"xgboost",4,"count",6,10.7967462539673,12.4647355163728
"mistletoe",22,"xgboost",4,"count",12,17.0142154693604,12.4647355163728
"mistletoe",22,"xgboost",4,"count",2,17.7778549194336,12.4647355163728
"mistletoe",22,"xgboost",4,"count",9,17.7778549194336,12.4647355163728
"mistletoe",22,"xgboost",4,"count",13,11.8782081604004,12.4647355163728
"mistletoe",22,"xgboost",4,"count",5,11.8782081604004,12.4647355163728
"mistletoe",22,"xgboost",4,"count",14,12.7044658660889,12.4647355163728
"mistletoe",22,"xgboost",4,"count",2,12.7044658660889,12.4647355163728
"mistletoe",22,"xgboost",4,"count",5,10.3737239837646,12.4647355163728
"mistletoe",22,"xgboost",4,"count",6,10.3737239837646,12.4647355163728
"mistletoe",22,"xgboost",4,"count",19,14.7882843017578,12.4647355163728
"mistletoe",22,"xgboost",4,"count",16,14.4305124282837,12.4647355163728
"mistletoe",22,"xgboost",4,"count",13,14.4305124282837,12.4647355163728
"mistletoe",22,"xgboost",4,"count",16,10.5408735275269,12.4647355163728
"mistletoe",22,"xgboost",4,"count",10,8.59584522247314,12.4647355163728
"mistletoe",22,"xgboost",4,"count",13,9.29178142547607,12.4647355163728
"mistletoe",22,"xgboost",4,"count",15,9.29178142547607,12.4647355163728
"mistletoe",22,"xgboost",4,"count",9,10.6241893768311,12.4647355163728
"mistletoe",22,"xgboost",4,"count",11,8.20273876190186,12.4647355163728
"mistletoe",22,"xgboost",4,"count",5,11.2598161697388,12.4647355163728
"mistletoe",22,"xgboost",4,"count",3,11.2598161697388,12.4647355163728
"mistletoe",22,"xgboost",4,"count",6,11.1933212280273,12.4647355163728
"mistletoe",22,"xgboost",4,"count",6,6.89621067047119,12.4647355163728
"mistletoe",22,"xgboost",4,"count",4,9.5055980682373,12.4647355163728
"mistletoe",22,"xgboost",4,"count",11,10.948751449585,12.4647355163728
"mistletoe",22,"xgboost",4,"count",6,10.948751449585,12.4647355163728
"mistletoe",22,"xgboost",4,"count",9,8.63044929504395,12.4647355163728
"mistletoe",22,"xgboost",4,"count",13,8.63044929504395,12.4647355163728
"mistletoe",22,"xgboost",4,"count",13,9.40228271484375,12.4647355163728
"mistletoe",22,"xgboost",4,"count",6,9.40228271484375,12.4647355163728
"mistletoe",22,"xgboost",4,"count",0,7.19678211212158,12.4647355163728
"mistletoe",22,"xgboost",4,"count",12,7.19678211212158,12.4647355163728
"mistletoe",22,"xgboost",4,"count",2,15.6749067306519,12.4647355163728
"mistletoe",22,"xgboost",4,"count",7,15.6749067306519,12.4647355163728
"mistletoe",22,"xgboost",4,"count",9,20.6623439788818,12.4647355163728
"mistletoe",22,"xgboost",4,"count",8,11.5290508270264,12.4647355163728
"mistletoe",22,"xgboost",4,"count",4,11.5290508270264,12.4647355163728
"mistletoe",22,"xgboost",4,"count",1,11.7942914962769,12.4647355163728
"mistletoe",22,"xgboost",4,"count",1,11.7942914962769,12.4647355163728
"mistletoe",22,"xgboost",4,"count",0,30.8712635040283,12.4647355163728
"mistletoe",22,"xgboost",4,"count",3,10.3610534667969,12.4647355163728
"mistletoe",22,"xgboost",4,"count",5,15.6053476333618,12.4647355163728
"mistletoe",22,"xgboost",4,"count",7,13.599986076355,12.4647355163728
"mistletoe",22,"xgboost",4,"count",6,13.599986076355,12.4647355163728
"mistletoe",22,"xgboost",4,"count",0,10.0635280609131,12.4647355163728
"mistletoe",22,"xgboost",4,"count",4,10.0635280609131,12.4647355163728
"mistletoe",22,"xgboost",4,"count",7,16.1019859313965,12.4647355163728
"mistletoe",22,"xgboost",4,"count",0,16.1019859313965,12.4647355163728
"mistletoe",22,"xgboost",4,"count",14,6.43037891387939,12.4647355163728
"mistletoe",22,"xgboost",4,"count",0,11.4724588394165,12.4647355163728
"mistletoe",22,"xgboost",4,"count",5,6.81165742874146,12.4647355163728
"mistletoe",22,"xgboost",4,"count",17,11.2980794906616,12.4647355163728
"mistletoe",22,"xgboost",4,"count",12,11.2980794906616,12.4647355163728
"mistletoe",22,"xgboost",4,"count",6,11.2980794906616,12.4647355163728
"mistletoe",22,"xgboost",4,"count",3,17.8584251403809,12.4647355163728
"mistletoe",22,"xgboost",4,"count",45,9.41019725799561,12.4647355163728
"mistletoe",22,"xgboost",4,"count",7,7.97964572906494,12.4647355163728
"mistletoe",22,"xgboost",4,"count",7,7.97964572906494,12.4647355163728
"mistletoe",22,"xgboost",4,"count",5,21.1943740844727,12.4647355163728
"mistletoe",22,"xgboost",4,"count",6,21.1943740844727,12.4647355163728
"mistletoe",22,"xgboost",4,"count",21,20.7373504638672,12.4647355163728
"mistletoe",22,"xgboost",4,"count",20,20.7373504638672,12.4647355163728
"mistletoe",22,"xgboost",4,"count",16,30.8712635040283,12.4647355163728
"mistletoe",22,"xgboost",4,"count",31,11.5568494796753,12.4647355163728
"mistletoe",22,"xgboost",4,"count",7,10.952169418335,12.4647355163728
"mistletoe",22,"xgboost",4,"count",11,11.7773132324219,12.4647355163728
"mistletoe",22,"xgboost",4,"count",8,15.0396890640259,12.4647355163728
"mistletoe",22,"xgboost",4,"count",11,22.5911712646484,12.4647355163728
"mistletoe",22,"xgboost",4,"count",13,15.6092739105225,12.4647355163728
"mistletoe",22,"xgboost",4,"count",7,15.6092739105225,12.4647355163728
"mistletoe",22,"xgboost",4,"count",16,11.5568494796753,12.4647355163728
"mistletoe",22,"xgboost",4,"count",0,9.11419296264648,12.4647355163728
"mistletoe",22,"xgboost",4,"count",11,9.11419296264648,12.4647355163728
"mistletoe",22,"xgboost",4,"count",19,6.81165742874146,12.4647355163728
"mistletoe",22,"xgboost",4,"count",9,17.8584251403809,12.4647355163728
"mistletoe",22,"xgboost",4,"count",13,9.41019725799561,12.4647355163728
"mistletoe",22,"xgboost",5,"count",20,6.63311767578125,12.1535380507343
"mistletoe",22,"xgboost",5,"count",11,18.4350051879883,12.1535380507343
"mistletoe",22,"xgboost",5,"count",76,10.6485929489136,12.1535380507343
"mistletoe",22,"xgboost",5,"count",42,9.39791202545166,12.1535380507343
"mistletoe",22,"xgboost",5,"count",23,9.04911327362061,12.1535380507343
"mistletoe",22,"xgboost",5,"count",35,11.3064708709717,12.1535380507343
"mistletoe",22,"xgboost",5,"count",17,9.54737186431885,12.1535380507343
"mistletoe",22,"xgboost",5,"count",37,11.6100397109985,12.1535380507343
"mistletoe",22,"xgboost",5,"count",13,15.6120281219482,12.1535380507343
"mistletoe",22,"xgboost",5,"count",45,8.14903259277344,12.1535380507343
"mistletoe",22,"xgboost",5,"count",8,10.1854095458984,12.1535380507343
"mistletoe",22,"xgboost",5,"count",21,7.75698137283325,12.1535380507343
"mistletoe",22,"xgboost",5,"count",8,9.84210872650146,12.1535380507343
"mistletoe",22,"xgboost",5,"count",14,10.6485929489136,12.1535380507343
"mistletoe",22,"xgboost",5,"count",56,9.96666049957275,12.1535380507343
"mistletoe",22,"xgboost",5,"count",5,7.7761058807373,12.1535380507343
"mistletoe",22,"xgboost",5,"count",16,7.0841760635376,12.1535380507343
"mistletoe",22,"xgboost",5,"count",12,7.0841760635376,12.1535380507343
"mistletoe",22,"xgboost",5,"count",15,10.3360252380371,12.1535380507343
"mistletoe",22,"xgboost",5,"count",16,7.49947834014893,12.1535380507343
"mistletoe",22,"xgboost",5,"count",11,7.95937013626099,12.1535380507343
"mistletoe",22,"xgboost",5,"count",47,10.8744497299194,12.1535380507343
"mistletoe",22,"xgboost",5,"count",19,8.06475925445557,12.1535380507343
"mistletoe",22,"xgboost",5,"count",7,9.96666049957275,12.1535380507343
"mistletoe",22,"xgboost",5,"count",8,21.0964679718018,12.1535380507343
"mistletoe",22,"xgboost",5,"count",20,21.0964679718018,12.1535380507343
"mistletoe",22,"xgboost",5,"count",8,8.23098659515381,12.1535380507343
"mistletoe",22,"xgboost",5,"count",15,8.63561534881592,12.1535380507343
"mistletoe",22,"xgboost",5,"count",8,8.5505256652832,12.1535380507343
"mistletoe",22,"xgboost",5,"count",24,10.8744497299194,12.1535380507343
"mistletoe",22,"xgboost",5,"count",2,7.06950855255127,12.1535380507343
"mistletoe",22,"xgboost",5,"count",4,8.63476753234863,12.1535380507343
"mistletoe",22,"xgboost",5,"count",11,8.63476753234863,12.1535380507343
"mistletoe",22,"xgboost",5,"count",11,21.0964679718018,12.1535380507343
"mistletoe",22,"xgboost",5,"count",2,8.5505256652832,12.1535380507343
"mistletoe",22,"xgboost",5,"count",15,13.8436965942383,12.1535380507343
"mistletoe",22,"xgboost",5,"count",28,10.8472137451172,12.1535380507343
"mistletoe",22,"xgboost",5,"count",17,11.7582969665527,12.1535380507343
"mistletoe",22,"xgboost",5,"count",21,9.45101928710938,12.1535380507343
"mistletoe",22,"xgboost",5,"count",12,8.08545780181885,12.1535380507343
"mistletoe",22,"xgboost",5,"count",5,5.80669116973877,12.1535380507343
"mistletoe",22,"xgboost",5,"count",14,5.99673318862915,12.1535380507343
"mistletoe",22,"xgboost",5,"count",9,10.4892768859863,12.1535380507343
"mistletoe",22,"xgboost",5,"count",13,6.63311767578125,12.1535380507343
"mistletoe",22,"xgboost",5,"count",21,18.4350051879883,12.1535380507343
"mistletoe",22,"xgboost",5,"count",7,10.3360252380371,12.1535380507343
"mistletoe",22,"xgboost",5,"count",9,6.17258596420288,12.1535380507343
"mistletoe",22,"xgboost",5,"count",16,11.7727346420288,12.1535380507343
"mistletoe",22,"xgboost",5,"count",9,7.75698137283325,12.1535380507343
"mistletoe",22,"xgboost",5,"count",5,8.58973789215088,12.1535380507343
"mistletoe",22,"xgboost",5,"count",18,10.6370296478271,12.1535380507343
"mistletoe",22,"xgboost",5,"count",24,10.9962768554688,12.1535380507343
"mistletoe",22,"xgboost",5,"count",9,7.7761058807373,12.1535380507343
"mistletoe",22,"xgboost",5,"count",23,5.01838779449463,12.1535380507343
"mistletoe",22,"xgboost",5,"count",4,10.8472137451172,12.1535380507343
"mistletoe",22,"xgboost",5,"count",19,14.865966796875,12.1535380507343
"mistletoe",22,"xgboost",5,"count",3,13.8436965942383,12.1535380507343
"mistletoe",22,"xgboost",5,"count",12,8.23098659515381,12.1535380507343
"mistletoe",22,"xgboost",5,"count",7,13.6513633728027,12.1535380507343
"mistletoe",22,"xgboost",5,"count",1,14.5465259552002,12.1535380507343
"mistletoe",22,"xgboost",5,"count",6,14.5465259552002,12.1535380507343
"mistletoe",22,"xgboost",5,"count",10,7.5486102104187,12.1535380507343
"mistletoe",22,"xgboost",5,"count",12,7.5486102104187,12.1535380507343
"mistletoe",22,"xgboost",5,"count",2,10.8472137451172,12.1535380507343
"mistletoe",22,"xgboost",5,"count",9,15.6120281219482,12.1535380507343
"mistletoe",22,"xgboost",5,"count",20,11.7582969665527,12.1535380507343
"mistletoe",22,"xgboost",5,"count",15,8.63561534881592,12.1535380507343
"mistletoe",22,"xgboost",5,"count",7,9.45101928710938,12.1535380507343
"mistletoe",22,"xgboost",5,"count",1,8.08545780181885,12.1535380507343
"mistletoe",22,"xgboost",5,"count",8,5.80669116973877,12.1535380507343
"mistletoe",22,"xgboost",5,"count",14,5.99673318862915,12.1535380507343
"mistletoe",22,"xgboost",5,"count",4,5.2588415145874,12.1535380507343
"mistletoe",22,"xgboost",5,"count",9,9.84898853302002,12.1535380507343
"mistletoe",22,"xgboost",5,"count",8,9.84898853302002,12.1535380507343
"mistletoe",22,"xgboost",5,"count",19,13.040002822876,12.1535380507343
"mistletoe",22,"xgboost",5,"count",14,12.2044544219971,12.1535380507343
"mistletoe",22,"xgboost",5,"count",10,12.2044544219971,12.1535380507343
"mistletoe",22,"xgboost",5,"count",14,11.2720594406128,12.1535380507343
"mistletoe",22,"xgboost",5,"count",10,8.9913444519043,12.1535380507343
"mistletoe",22,"xgboost",5,"count",9,10.8519067764282,12.1535380507343
"mistletoe",22,"xgboost",5,"count",12,14.5801811218262,12.1535380507343
"mistletoe",22,"xgboost",5,"count",8,11.3391036987305,12.1535380507343
"mistletoe",22,"xgboost",5,"count",8,11.3391036987305,12.1535380507343
"mistletoe",22,"xgboost",5,"count",0,16.5484275817871,12.1535380507343
"mistletoe",22,"xgboost",5,"count",9,11.9966821670532,12.1535380507343
"mistletoe",22,"xgboost",5,"count",5,10.6485929489136,12.1535380507343
"mistletoe",22,"xgboost",5,"count",8,9.39791202545166,12.1535380507343
"mistletoe",22,"xgboost",5,"count",3,7.74135303497314,12.1535380507343
"mistletoe",22,"xgboost",5,"count",6,7.74135303497314,12.1535380507343
"mistletoe",22,"xgboost",5,"count",11,11.3064708709717,12.1535380507343
"mistletoe",22,"xgboost",5,"count",7,18.4350051879883,12.1535380507343
"mistletoe",22,"xgboost",5,"count",8,9.36545467376709,12.1535380507343
"mistletoe",22,"xgboost",5,"count",12,9.36545467376709,12.1535380507343
"mistletoe",22,"xgboost",5,"count",5,16.9337787628174,12.1535380507343
"mistletoe",22,"xgboost",5,"count",11,16.9337787628174,12.1535380507343
"mistletoe",22,"xgboost",5,"count",17,8.84736156463623,12.1535380507343
"mistletoe",22,"xgboost",5,"count",15,8.84736156463623,12.1535380507343
"mistletoe",22,"xgboost",5,"count",2,9.96666049957275,12.1535380507343
"mistletoe",22,"xgboost",5,"count",5,6.17258596420288,12.1535380507343
"mistletoe",22,"xgboost",5,"count",7,11.1805000305176,12.1535380507343
"mistletoe",22,"xgboost",5,"count",16,11.1805000305176,12.1535380507343
"mistletoe",22,"xgboost",5,"count",8,10.5255489349365,12.1535380507343
"mistletoe",22,"xgboost",5,"count",4,10.5255489349365,12.1535380507343
"mistletoe",22,"xgboost",5,"count",11,9.47569370269775,12.1535380507343
"mistletoe",22,"xgboost",5,"count",15,9.47569370269775,12.1535380507343
"mistletoe",22,"xgboost",5,"count",6,12.1277418136597,12.1535380507343
"mistletoe",22,"xgboost",5,"count",10,12.1277418136597,12.1535380507343
"mistletoe",22,"xgboost",5,"count",6,11.4354991912842,12.1535380507343
"mistletoe",22,"xgboost",5,"count",5,11.4354991912842,12.1535380507343
"mistletoe",22,"xgboost",5,"count",11,15.845908164978,12.1535380507343
"mistletoe",22,"xgboost",5,"count",13,15.845908164978,12.1535380507343
"mistletoe",22,"xgboost",5,"count",6,8.59253597259521,12.1535380507343
"mistletoe",22,"xgboost",5,"count",6,8.59253597259521,12.1535380507343
"mistletoe",22,"xgboost",5,"count",13,8.59253597259521,12.1535380507343
"mistletoe",22,"xgboost",5,"count",9,12.6340045928955,12.1535380507343
"mistletoe",22,"xgboost",5,"count",25,11.476056098938,12.1535380507343
"mistletoe",22,"xgboost",5,"count",3,11.6043081283569,12.1535380507343
"mistletoe",22,"xgboost",5,"count",13,11.6043081283569,12.1535380507343
"mistletoe",22,"xgboost",5,"count",20,10.0230560302734,12.1535380507343
"mistletoe",22,"xgboost",5,"count",11,6.14948415756226,12.1535380507343
"mistletoe",22,"xgboost",5,"count",16,6.14948415756226,12.1535380507343
"mistletoe",22,"xgboost",5,"count",15,5.92732906341553,12.1535380507343
"mistletoe",22,"xgboost",5,"count",6,13.7635469436646,12.1535380507343
"mistletoe",22,"xgboost",5,"count",5,4.58985614776611,12.1535380507343
"mistletoe",22,"xgboost",5,"count",12,4.58985614776611,12.1535380507343
"mistletoe",22,"xgboost",5,"count",5,15.4538221359253,12.1535380507343
"mistletoe",22,"xgboost",5,"count",7,15.4538221359253,12.1535380507343
"mistletoe",22,"xgboost",5,"count",10,12.4825458526611,12.1535380507343
"mistletoe",22,"xgboost",5,"count",11,12.4825458526611,12.1535380507343
"mistletoe",22,"xgboost",5,"count",14,8.30193519592285,12.1535380507343
"mistletoe",22,"xgboost",5,"count",17,8.30193519592285,12.1535380507343
"mistletoe",22,"xgboost",5,"count",8,8.83980464935303,12.1535380507343
"mistletoe",22,"xgboost",5,"count",7,8.83980464935303,12.1535380507343
"mistletoe",22,"xgboost",5,"count",7,11.2361154556274,12.1535380507343
"mistletoe",22,"xgboost",5,"count",3,11.2361154556274,12.1535380507343
"mistletoe",22,"xgboost",5,"count",12,7.7351598739624,12.1535380507343
"mistletoe",22,"xgboost",5,"count",11,19.5756607055664,12.1535380507343
"mistletoe",22,"xgboost",5,"count",11,17.4647312164307,12.1535380507343
"mistletoe",22,"xgboost",5,"count",11,10.1752853393555,12.1535380507343
"mistletoe",22,"xgboost",5,"count",9,10.1018867492676,12.1535380507343
"mistletoe",22,"xgboost",5,"count",13,9.99458503723145,12.1535380507343
"mistletoe",22,"xgboost",5,"count",3,9.99458503723145,12.1535380507343
"mistletoe",22,"xgboost",5,"count",28,7.49947834014893,12.1535380507343
"mistletoe",22,"xgboost",5,"count",5,11.7727346420288,12.1535380507343
"mistletoe",22,"xgboost",5,"count",9,14.6481428146362,12.1535380507343
"mistletoe",22,"xgboost",5,"count",15,14.6481428146362,12.1535380507343
"mistletoe",22,"xgboost",5,"count",8,8.58973789215088,12.1535380507343
"mistletoe",22,"xgboost",5,"count",9,7.95937013626099,12.1535380507343
"mistletoe",22,"xgboost",5,"count",12,16.0261821746826,12.1535380507343
"mistletoe",22,"xgboost",5,"count",10,7.53821706771851,12.1535380507343
"mistletoe",22,"xgboost",5,"count",13,15.1224851608276,12.1535380507343
"mistletoe",22,"xgboost",5,"count",22,15.1224851608276,12.1535380507343
"mistletoe",22,"xgboost",5,"count",10,10.6370296478271,12.1535380507343
"mistletoe",22,"xgboost",5,"count",17,8.47729587554932,12.1535380507343
"mistletoe",22,"xgboost",5,"count",15,8.47729587554932,12.1535380507343
"mistletoe",22,"xgboost",5,"count",9,8.14903259277344,12.1535380507343
"mistletoe",22,"xgboost",5,"count",9,10.9962768554688,12.1535380507343
"mistletoe",22,"xgboost",5,"count",8,7.92680692672729,12.1535380507343
"mistletoe",22,"xgboost",5,"count",10,7.92680692672729,12.1535380507343
"mistletoe",22,"xgboost",5,"count",12,9.54737186431885,12.1535380507343
"mistletoe",22,"xgboost",5,"count",8,12.1404857635498,12.1535380507343
"mistletoe",22,"xgboost",5,"count",8,10.1826295852661,12.1535380507343
"mistletoe",22,"xgboost",5,"count",10,10.1826295852661,12.1535380507343
"mistletoe",22,"xgboost",5,"count",4,9.84210872650146,12.1535380507343
"mistletoe",22,"xgboost",5,"count",6,9.68539333343506,12.1535380507343
"mistletoe",22,"xgboost",5,"count",11,9.04911327362061,12.1535380507343
"mistletoe",22,"xgboost",5,"count",4,12.6640567779541,12.1535380507343
"mistletoe",22,"xgboost",5,"count",6,8.72036933898926,12.1535380507343
"mistletoe",22,"xgboost",5,"count",4,8.72036933898926,12.1535380507343
"mistletoe",22,"xgboost",5,"count",3,11.1976699829102,12.1535380507343
"mistletoe",22,"xgboost",5,"count",8,11.1976699829102,12.1535380507343
"mistletoe",22,"xgboost",5,"count",5,10.2542896270752,12.1535380507343
"mistletoe",22,"xgboost",5,"count",7,8.06475925445557,12.1535380507343
"mistletoe",22,"xgboost",5,"count",17,11.6100397109985,12.1535380507343
"mistletoe",22,"xgboost",5,"count",3,8.03416061401367,12.1535380507343
"mistletoe",22,"xgboost",5,"count",9,8.03416061401367,12.1535380507343
"mistletoe",22,"xgboost",5,"count",6,7.06950855255127,12.1535380507343
"mistletoe",22,"xgboost",5,"count",27,5.01838779449463,12.1535380507343
"mistletoe",22,"xgboost",5,"count",12,5.93729829788208,12.1535380507343
"mistletoe",22,"xgboost",5,"count",4,7.17408466339111,12.1535380507343
"mistletoe",22,"xgboost",5,"count",4,8.78583908081055,12.1535380507343
"mistletoe",22,"xgboost",5,"count",14,8.78583908081055,12.1535380507343
"mistletoe",22,"xgboost",5,"count",4,4.46522045135498,12.1535380507343
"mistletoe",22,"xgboost",5,"count",9,4.46522045135498,12.1535380507343
"mistletoe",22,"xgboost",5,"count",5,5.83577489852905,12.1535380507343
"mistletoe",22,"xgboost",5,"count",6,5.83577489852905,12.1535380507343
"mistletoe",22,"xgboost",5,"count",19,12.9430418014526,12.1535380507343
"mistletoe",22,"xgboost",5,"count",10,5.68474388122559,12.1535380507343
"mistletoe",22,"xgboost",5,"count",20,14.305980682373,12.1535380507343
"mistletoe",22,"xgboost",5,"count",6,7.94927549362183,12.1535380507343
"mistletoe",22,"xgboost",5,"count",15,12.2044544219971,12.1535380507343
"mistletoe",22,"xgboost",5,"count",18,14.5801811218262,12.1535380507343
"mistletoe",22,"xgboost",5,"count",18,11.6416301727295,12.1535380507343
"mistletoe",22,"xgboost",5,"count",25,5.79880619049072,12.1535380507343
"mistletoe",22,"xgboost",5,"count",18,13.7944011688232,12.1535380507343
"mistletoe",22,"xgboost",5,"count",15,13.7944011688232,12.1535380507343
"mistletoe",22,"xgboost",5,"count",9,11.0831775665283,12.1535380507343
"mistletoe",22,"xgboost",5,"count",19,11.0831775665283,12.1535380507343
"mistletoe",22,"xgboost",5,"count",18,5.2588415145874,12.1535380507343
"mistletoe",22,"xgboost",5,"count",8,10.8294305801392,12.1535380507343
"mistletoe",22,"xgboost",5,"count",11,13.040002822876,12.1535380507343
"mistletoe",22,"xgboost",5,"count",18,16.4548110961914,12.1535380507343
"mistletoe",22,"xgboost",5,"count",10,13.2801485061646,12.1535380507343
"mistletoe",22,"xgboost",5,"count",19,14.5019178390503,12.1535380507343
"mistletoe",22,"xgboost",5,"count",11,8.69066429138184,12.1535380507343
"mistletoe",22,"xgboost",5,"count",9,9.26624011993408,12.1535380507343
"mistletoe",22,"xgboost",5,"count",6,9.26624011993408,12.1535380507343
"mistletoe",22,"xgboost",5,"count",7,12.6340045928955,12.1535380507343
"mistletoe",22,"xgboost",5,"count",11,11.476056098938,12.1535380507343
"mistletoe",22,"xgboost",5,"count",5,12.1358032226562,12.1535380507343
"mistletoe",22,"xgboost",5,"count",10,12.1358032226562,12.1535380507343
"mistletoe",22,"xgboost",5,"count",9,10.3187208175659,12.1535380507343
"mistletoe",22,"xgboost",5,"count",11,10.3187208175659,12.1535380507343
"mistletoe",22,"xgboost",5,"count",8,10.0230560302734,12.1535380507343
"mistletoe",22,"xgboost",5,"count",8,10.1058950424194,12.1535380507343
"mistletoe",22,"xgboost",5,"count",8,10.1058950424194,12.1535380507343
"mistletoe",22,"xgboost",5,"count",9,5.92732906341553,12.1535380507343
"mistletoe",22,"xgboost",5,"count",9,13.7635469436646,12.1535380507343
"mistletoe",22,"xgboost",5,"count",6,14.7837505340576,12.1535380507343
"mistletoe",22,"xgboost",5,"count",47,14.7837505340576,12.1535380507343
"mistletoe",22,"xgboost",5,"count",12,12.8575077056885,12.1535380507343
"mistletoe",22,"xgboost",5,"count",17,12.8575077056885,12.1535380507343
"mistletoe",22,"xgboost",5,"count",13,13.1790037155151,12.1535380507343
"mistletoe",22,"xgboost",5,"count",8,13.1790037155151,12.1535380507343
"mistletoe",22,"xgboost",5,"count",6,7.3394627571106,12.1535380507343
"mistletoe",22,"xgboost",5,"count",21,7.7351598739624,12.1535380507343
"mistletoe",22,"xgboost",5,"count",14,19.5756607055664,12.1535380507343
"mistletoe",22,"xgboost",5,"count",12,17.4647312164307,12.1535380507343
"mistletoe",22,"xgboost",5,"count",7,10.1752853393555,12.1535380507343
"mistletoe",22,"inla_spde",1,"count",13,14.0021170047839,11.6944801026958
"mistletoe",22,"inla_spde",1,"count",13,14.0021170047839,11.6944801026958
"mistletoe",22,"inla_spde",1,"count",29,13.0469237633849,11.6944801026958
"mistletoe",22,"inla_spde",1,"count",20,16.7589714083371,11.6944801026958
"mistletoe",22,"inla_spde",1,"count",20,12.977642589392,11.6944801026958
"mistletoe",22,"inla_spde",1,"count",14,10.7958462871515,11.6944801026958
"mistletoe",22,"inla_spde",1,"count",15,6.99209890246593,11.6944801026958
"mistletoe",22,"inla_spde",1,"count",32,14.14713606829,11.6944801026958
"mistletoe",22,"inla_spde",1,"count",27,11.02127575808,11.6944801026958
"mistletoe",22,"inla_spde",1,"count",23,12.1970497362481,11.6944801026958
"mistletoe",22,"inla_spde",1,"count",15,11.1566182566594,11.6944801026958
"mistletoe",22,"inla_spde",1,"count",13,11.02127575808,11.6944801026958
"mistletoe",22,"inla_spde",1,"count",8,19.6447139021089,11.6944801026958
"mistletoe",22,"inla_spde",1,"count",2,19.441551648385,11.6944801026958
"mistletoe",22,"inla_spde",1,"count",11,11.3910983649641,11.6944801026958
"mistletoe",22,"inla_spde",1,"count",18,13.0469237633849,11.6944801026958
"mistletoe",22,"inla_spde",1,"count",18,13.0469237633849,11.6944801026958
"mistletoe",22,"inla_spde",1,"count",28,12.2338792982595,11.6944801026958
"mistletoe",22,"inla_spde",1,"count",28,12.2338792982595,11.6944801026958
"mistletoe",22,"inla_spde",1,"count",7,8.84325118211628,11.6944801026958
"mistletoe",22,"inla_spde",1,"count",56,16.7589714083371,11.6944801026958
"mistletoe",22,"inla_spde",1,"count",14,9.50983365564131,11.6944801026958
"mistletoe",22,"inla_spde",1,"count",6,10.6019600028308,11.6944801026958
"mistletoe",22,"inla_spde",1,"count",6,10.3849053708566,11.6944801026958
"mistletoe",22,"inla_spde",1,"count",8,8.84413266418348,11.6944801026958
"mistletoe",22,"inla_spde",1,"count",12,6.92002107229866,11.6944801026958
"mistletoe",22,"inla_spde",1,"count",20,7.76635108058432,11.6944801026958
"mistletoe",22,"inla_spde",1,"count",12,9.90929791250723,11.6944801026958
"mistletoe",22,"inla_spde",1,"count",7,9.70655053160873,11.6944801026958
"mistletoe",22,"inla_spde",1,"count",16,10.4805618790475,11.6944801026958
"mistletoe",22,"inla_spde",1,"count",14,10.0580810553936,11.6944801026958
"mistletoe",22,"inla_spde",1,"count",14,10.6856613293951,11.6944801026958
"mistletoe",22,"inla_spde",1,"count",7,10.5771250526342,11.6944801026958
"mistletoe",22,"inla_spde",1,"count",9,10.4926106212598,11.6944801026958
"mistletoe",22,"inla_spde",1,"count",12,10.2788164712968,11.6944801026958
"mistletoe",22,"inla_spde",1,"count",8,8.93581548286242,11.6944801026958
"mistletoe",22,"inla_spde",1,"count",7,8.75382428798749,11.6944801026958
"mistletoe",22,"inla_spde",1,"count",12,8.66486720267777,11.6944801026958
"mistletoe",22,"inla_spde",1,"count",5,6.99209890246593,11.6944801026958
"mistletoe",22,"inla_spde",1,"count",9,6.84902579499587,11.6944801026958
"mistletoe",22,"inla_spde",1,"count",3,6.77909478933644,11.6944801026958
"mistletoe",22,"inla_spde",1,"count",18,6.71021012430381,11.6944801026958
"mistletoe",22,"inla_spde",1,"count",9,11.5550186715416,11.6944801026958
"mistletoe",22,"inla_spde",1,"count",11,11.4362805381893,11.6944801026958
"mistletoe",22,"inla_spde",1,"count",7,11.4362805381893,11.6944801026958
"mistletoe",22,"inla_spde",1,"count",10,11.3193234964592,11.6944801026958
"mistletoe",22,"inla_spde",1,"count",9,11.2041175785071,11.6944801026958
"mistletoe",22,"inla_spde",1,"count",11,9.90740430696309,11.6944801026958
"mistletoe",22,"inla_spde",1,"count",11,9.80561795047074,11.6944801026958
"mistletoe",22,"inla_spde",1,"count",23,9.80561795047074,11.6944801026958
"mistletoe",22,"inla_spde",1,"count",4,9.70535654430091,11.6944801026958
"mistletoe",22,"inla_spde",1,"count",12,9.60659446886541,11.6944801026958
"mistletoe",22,"inla_spde",1,"count",10,12.8443407967245,11.6944801026958
"mistletoe",22,"inla_spde",1,"count",13,12.8443407967245,11.6944801026958
"mistletoe",22,"inla_spde",1,"count",13,12.7130351367946,11.6944801026958
"mistletoe",22,"inla_spde",1,"count",10,12.5836921002062,11.6944801026958
"mistletoe",22,"inla_spde",1,"count",10,11.0420120309011,11.6944801026958
"mistletoe",22,"inla_spde",1,"count",12,10.9291225620135,11.6944801026958
"mistletoe",22,"inla_spde",1,"count",13,10.8179210137865,11.6944801026958
"mistletoe",22,"inla_spde",1,"count",15,12.0717453058043,11.6944801026958
"mistletoe",22,"inla_spde",1,"count",17,12.0717453058043,11.6944801026958
"mistletoe",22,"inla_spde",1,"count",0,11.9483185154418,11.6944801026958
"mistletoe",22,"inla_spde",1,"count",8,8.75244719198371,11.6944801026958
"mistletoe",22,"inla_spde",1,"count",10,8.66300218715209,11.6944801026958
"mistletoe",22,"inla_spde",1,"count",10,11.8601897014868,11.6944801026958
"mistletoe",22,"inla_spde",1,"count",16,11.7383499641435,11.6944801026958
"mistletoe",22,"inla_spde",1,"count",8,11.6183359868791,11.6944801026958
"mistletoe",22,"inla_spde",1,"count",23,11.5001170859629,11.6944801026958
"mistletoe",22,"inla_spde",1,"count",23,10.2674192621211,11.6944801026958
"mistletoe",22,"inla_spde",1,"count",8,10.1619368688311,11.6944801026958
"mistletoe",22,"inla_spde",1,"count",5,10.0580351603162,11.6944801026958
"mistletoe",22,"inla_spde",1,"count",19,9.95568757258257,11.6944801026958
"mistletoe",22,"inla_spde",1,"count",12,13.9491180452954,11.6944801026958
"mistletoe",22,"inla_spde",1,"count",10,13.8057395186656,11.6944801026958
"mistletoe",22,"inla_spde",1,"count",9,13.8057395186656,11.6944801026958
"mistletoe",22,"inla_spde",1,"count",17,13.664511690102,11.6944801026958
"mistletoe",22,"inla_spde",1,"count",10,13.5253983794359,11.6944801026958
"mistletoe",22,"inla_spde",1,"count",6,19.441551648385,11.6944801026958
"mistletoe",22,"inla_spde",1,"count",11,19.241445881422,11.6944801026958
"mistletoe",22,"inla_spde",1,"count",26,19.044345119199,11.6944801026958
"mistletoe",22,"inla_spde",1,"count",9,19.044345119199,11.6944801026958
"mistletoe",22,"inla_spde",1,"count",7,18.8501988588528,11.6944801026958
"mistletoe",22,"inla_spde",1,"count",10,18.8501988588528,11.6944801026958
"mistletoe",22,"inla_spde",1,"count",8,11.1591712256673,11.6944801026958
"mistletoe",22,"inla_spde",1,"count",11,11.045803728014,11.6944801026958
"mistletoe",22,"inla_spde",1,"count",12,11.045803728014,11.6944801026958
"mistletoe",22,"inla_spde",1,"count",14,7.92754129386494,11.6944801026958
"mistletoe",22,"inla_spde",1,"count",6,7.92754129386494,11.6944801026958
"mistletoe",22,"inla_spde",1,"count",15,7.84633720195405,11.6944801026958
"mistletoe",22,"inla_spde",1,"count",18,7.84633720195405,11.6944801026958
"mistletoe",22,"inla_spde",1,"count",33,7.76635108058432,11.6944801026958
"mistletoe",22,"inla_spde",1,"count",7,9.90929791250723,11.6944801026958
"mistletoe",22,"inla_spde",1,"count",4,9.90929791250723,11.6944801026958
"mistletoe",22,"inla_spde",1,"count",7,9.80715754010394,11.6944801026958
"mistletoe",22,"inla_spde",1,"count",2,9.80715754010394,11.6944801026958
"mistletoe",22,"inla_spde",1,"count",10,9.70655053160873,11.6944801026958
"mistletoe",22,"inla_spde",1,"count",10,9.60745102574531,11.6944801026958
"mistletoe",22,"inla_spde",1,"count",14,9.60745102574531,11.6944801026958
"mistletoe",22,"inla_spde",1,"count",21,9.50983365564131,11.6944801026958
"mistletoe",22,"inla_spde",1,"count",10,10.4805618790475,11.6944801026958
"mistletoe",22,"inla_spde",1,"count",4,10.4805618790475,11.6944801026958
"mistletoe",22,"inla_spde",1,"count",12,10.3725348301153,11.6944801026958
"mistletoe",22,"inla_spde",1,"count",6,10.3725348301153,11.6944801026958
"mistletoe",22,"inla_spde",1,"count",12,10.2661305174766,11.6944801026958
"mistletoe",22,"inla_spde",1,"count",30,10.2661305174766,11.6944801026958
"mistletoe",22,"inla_spde",1,"count",12,10.1613215486223,11.6944801026958
"mistletoe",22,"inla_spde",1,"count",9,10.1613215486223,11.6944801026958
"mistletoe",22,"inla_spde",1,"count",28,10.0580810553936,11.6944801026958
"mistletoe",22,"inla_spde",1,"count",7,11.02127575808,11.6944801026958
"mistletoe",22,"inla_spde",1,"count",3,10.9077081662169,11.6944801026958
"mistletoe",22,"inla_spde",1,"count",8,10.9077081662169,11.6944801026958
"mistletoe",22,"inla_spde",1,"count",7,10.7958462871515,11.6944801026958
"mistletoe",22,"inla_spde",1,"count",17,10.6856613293951,11.6944801026958
"mistletoe",22,"inla_spde",1,"count",15,10.5771250526342,11.6944801026958
"mistletoe",22,"inla_spde",1,"count",13,13.1827233422237,11.6944801026958
"mistletoe",22,"inla_spde",1,"count",13,13.1827233422237,11.6944801026958
"mistletoe",22,"inla_spde",1,"count",23,13.1827233422237,11.6944801026958
"mistletoe",22,"inla_spde",1,"count",13,13.1827233422237,11.6944801026958
"mistletoe",22,"inla_spde",1,"count",12,12.9131633144841,11.6944801026958
"mistletoe",22,"inla_spde",1,"count",10,12.9131633144841,11.6944801026958
"mistletoe",22,"inla_spde",1,"count",9,12.7814076232959,11.6944801026958
"mistletoe",22,"inla_spde",1,"count",7,12.7814076232959,11.6944801026958
"mistletoe",22,"inla_spde",1,"count",18,12.6516229747079,11.6944801026958
"mistletoe",22,"inla_spde",1,"count",6,12.6516229747079,11.6944801026958
"mistletoe",22,"inla_spde",1,"count",10,11.4789655089987,11.6944801026958
"mistletoe",22,"inla_spde",1,"count",13,14.4438414529022,11.6944801026958
"mistletoe",22,"inla_spde",1,"count",4,14.4438414529022,11.6944801026958
"mistletoe",22,"inla_spde",1,"count",11,14.14713606829,11.6944801026958
"mistletoe",22,"inla_spde",1,"count",11,13.8592706242088,11.6944801026958
"mistletoe",22,"inla_spde",1,"count",10,12.6198276184116,11.6944801026958
"mistletoe",22,"inla_spde",1,"count",2,12.4892261552276,11.6944801026958
"mistletoe",22,"inla_spde",1,"count",8,12.3605877258178,11.6944801026958
"mistletoe",22,"inla_spde",1,"count",10,12.3605877258178,11.6944801026958
"mistletoe",22,"inla_spde",1,"count",2,12.1090684688841,11.6944801026958
"mistletoe",22,"inla_spde",1,"count",5,13.2779948462989,11.6944801026958
"mistletoe",22,"inla_spde",1,"count",6,12.7411658797187,11.6944801026958
"mistletoe",22,"inla_spde",1,"count",26,16.5881661413667,11.6944801026958
"mistletoe",22,"inla_spde",1,"count",26,16.5881661413667,11.6944801026958
"mistletoe",22,"inla_spde",1,"count",4,10.6019600028308,11.6944801026958
"mistletoe",22,"inla_spde",1,"count",3,10.4926106212598,11.6944801026958
"mistletoe",22,"inla_spde",1,"count",12,10.3849053708566,11.6944801026958
"mistletoe",22,"inla_spde",1,"count",10,10.2788164712968,11.6944801026958
"mistletoe",22,"inla_spde",1,"count",16,10.1743166744939,11.6944801026958
"mistletoe",22,"inla_spde",1,"count",16,10.1743166744939,11.6944801026958
"mistletoe",22,"inla_spde",1,"count",8,9.02889634752304,11.6944801026958
"mistletoe",22,"inla_spde",1,"count",13,9.02889634752304,11.6944801026958
"mistletoe",22,"inla_spde",1,"count",9,9.02889634752304,11.6944801026958
"mistletoe",22,"inla_spde",1,"count",19,8.84413266418348,11.6944801026958
"mistletoe",22,"inla_spde",1,"count",10,8.75382428798749,11.6944801026958
"mistletoe",22,"inla_spde",1,"count",17,8.66486720267777,11.6944801026958
"mistletoe",22,"inla_spde",1,"count",10,6.99209890246593,11.6944801026958
"mistletoe",22,"inla_spde",1,"count",8,6.92002107229866,11.6944801026958
"mistletoe",22,"inla_spde",1,"count",10,6.84902579499587,11.6944801026958
"mistletoe",22,"inla_spde",1,"count",12,6.77909478933644,11.6944801026958
"mistletoe",22,"inla_spde",1,"count",20,6.71021012430381,11.6944801026958
"mistletoe",22,"inla_spde",1,"count",20,11.1591712256673,11.6944801026958
"mistletoe",22,"inla_spde",1,"count",21,12.8723433857213,11.6944801026958
"mistletoe",22,"inla_spde",1,"count",15,22.6627997350628,11.6944801026958
"mistletoe",22,"inla_spde",1,"count",21,22.6627997350628,11.6944801026958
"mistletoe",22,"inla_spde",1,"count",39,28.603200934166,11.6944801026958
"mistletoe",22,"inla_spde",1,"count",58,28.0186228057836,11.6944801026958
"mistletoe",22,"inla_spde",1,"count",21,19.1275343296731,11.6944801026958
"mistletoe",22,"inla_spde",1,"count",30,18.9304871857935,11.6944801026958
"mistletoe",22,"inla_spde",1,"count",18,26.9687492734695,11.6944801026958
"mistletoe",22,"inla_spde",1,"count",21,26.6911445649501,11.6944801026958
"mistletoe",22,"inla_spde",1,"count",49,26.4177095451734,11.6944801026958
"mistletoe",22,"inla_spde",1,"count",16,28.3086997057667,11.6944801026958
"mistletoe",22,"inla_spde",1,"count",18,18.9304871857935,11.6944801026958
"mistletoe",22,"inla_spde",1,"count",19,18.7364015918894,11.6944801026958
"mistletoe",22,"inla_spde",1,"count",19,18.7364015918894,11.6944801026958
"mistletoe",22,"inla_spde",1,"count",18,22.4294749874859,11.6944801026958
"mistletoe",22,"inla_spde",1,"count",17,22.4294749874859,11.6944801026958
"mistletoe",22,"inla_spde",1,"count",27,22.1996576750029,11.6944801026958
"mistletoe",22,"inla_spde",1,"count",14,21.9732887913213,11.6944801026958
"mistletoe",22,"inla_spde",1,"count",10,11.5970684942991,11.6944801026958
"mistletoe",22,"inla_spde",1,"count",11,26.4177095451734,11.6944801026958
"mistletoe",22,"inla_spde",1,"count",31,26.1483740983366,11.6944801026958
"mistletoe",22,"inla_spde",1,"count",24,27.7328958450606,11.6944801026958
"mistletoe",22,"inla_spde",1,"count",20,21.4627719982882,11.6944801026958
"mistletoe",22,"inla_spde",1,"count",20,21.4627719982882,11.6944801026958
"mistletoe",22,"inla_spde",1,"count",8,13.005517824144,11.6944801026958
"mistletoe",22,"inla_spde",1,"count",18,19.1275343296731,11.6944801026958
"mistletoe",22,"inla_spde",1,"count",8,22.8996920689359,11.6944801026958
"mistletoe",22,"inla_spde",1,"count",21,22.8996920689359,11.6944801026958
"mistletoe",22,"inla_spde",1,"count",12,22.1996576750029,11.6944801026958
"mistletoe",22,"inla_spde",1,"count",13,21.9732887913213,11.6944801026958
"mistletoe",22,"inla_spde",1,"count",3,11.716969389055,11.6944801026958
"mistletoe",22,"inla_spde",1,"count",10,11.716969389055,11.6944801026958
"mistletoe",22,"inla_spde",1,"count",0,11.5970684942991,11.6944801026958
"mistletoe",22,"inla_spde",1,"count",6,11.4789655089987,11.6944801026958
"mistletoe",22,"inla_spde",1,"count",16,27.2505951461879,11.6944801026958
"mistletoe",22,"inla_spde",1,"count",23,26.1483740983366,11.6944801026958
"mistletoe",22,"inla_spde",1,"count",15,28.9022023220286,11.6944801026958
"mistletoe",22,"inla_spde",1,"count",18,28.0186228057836,11.6944801026958
"mistletoe",22,"inla_spde",1,"count",29,27.7328958450606,11.6944801026958
"mistletoe",22,"inla_spde",1,"count",32,21.6850836901795,11.6944801026958
"mistletoe",22,"inla_spde",1,"count",7,13.005517824144,11.6944801026958
"mistletoe",22,"inla_spde",1,"count",5,12.8723433857213,11.6944801026958
"mistletoe",22,"inla_spde",1,"count",6,12.7411658797187,11.6944801026958
"mistletoe",22,"inla_spde",2,"count",48,13.0792679217611,12.0306258322237
"mistletoe",22,"inla_spde",2,"count",8,16.842697916475,12.0306258322237
"mistletoe",22,"inla_spde",2,"count",6,14.5682663848427,12.0306258322237
"mistletoe",22,"inla_spde",2,"count",17,14.058915488607,12.0306258322237
"mistletoe",22,"inla_spde",2,"count",8,10.7977731149892,12.0306258322237
"mistletoe",22,"inla_spde",2,"count",16,12.9645498084984,12.0306258322237
"mistletoe",22,"inla_spde",2,"count",40,12.0966534160859,12.0306258322237
"mistletoe",22,"inla_spde",2,"count",11,12.2683550133726,12.0306258322237
"mistletoe",22,"inla_spde",2,"count",31,12.0212447664779,12.0306258322237
"mistletoe",22,"inla_spde",2,"count",14,12.0212447664779,12.0306258322237
"mistletoe",22,"inla_spde",2,"count",14,14.3601539366373,12.0306258322237
"mistletoe",22,"inla_spde",2,"count",19,16.6826750643323,12.0306258322237
"mistletoe",22,"inla_spde",2,"count",13,10.3984506489914,12.0306258322237
"mistletoe",22,"inla_spde",2,"count",4,11.4946437266077,12.0306258322237
"mistletoe",22,"inla_spde",2,"count",3,11.7593149330571,12.0306258322237
"mistletoe",22,"inla_spde",2,"count",29,13.3955243375631,12.0306258322237
"mistletoe",22,"inla_spde",2,"count",10,12.8640825047194,12.0306258322237
"mistletoe",22,"inla_spde",2,"count",12,12.1993149254161,12.0306258322237
"mistletoe",22,"inla_spde",2,"count",14,13.3868309060047,12.0306258322237
"mistletoe",22,"inla_spde",2,"count",0,14.8691465748959,12.0306258322237
"mistletoe",22,"inla_spde",2,"count",27,13.98665240483,12.0306258322237
"mistletoe",22,"inla_spde",2,"count",23,12.0430648208432,12.0306258322237
"mistletoe",22,"inla_spde",2,"count",24,12.3498123799829,12.0306258322237
"mistletoe",22,"inla_spde",2,"count",5,14.643240207503,12.0306258322237
"mistletoe",22,"inla_spde",2,"count",9,9.95536624384593,12.0306258322237
"mistletoe",22,"inla_spde",2,"count",14,12.0008299789543,12.0306258322237
"mistletoe",22,"inla_spde",2,"count",13,11.2924198542511,12.0306258322237
"mistletoe",22,"inla_spde",2,"count",17,13.6704206856067,12.0306258322237
"mistletoe",22,"inla_spde",2,"count",17,12.6072406275964,12.0306258322237
"mistletoe",22,"inla_spde",2,"count",11,12.599314060841,12.0306258322237
"mistletoe",22,"inla_spde",2,"count",18,12.3451312000818,12.0306258322237
"mistletoe",22,"inla_spde",2,"count",12,13.1452779035134,12.0306258322237
"mistletoe",22,"inla_spde",2,"count",33,10.6839904928341,12.0306258322237
"mistletoe",22,"inla_spde",2,"count",12,10.4697840081085,12.0306258322237
"mistletoe",22,"inla_spde",2,"count",9,13.2927984147758,12.0306258322237
"mistletoe",22,"inla_spde",2,"count",2,12.5211423705409,12.0306258322237
"mistletoe",22,"inla_spde",2,"count",6,14.956993607288,12.0306258322237
"mistletoe",22,"inla_spde",2,"count",54,14.3601539366373,12.0306258322237
"mistletoe",22,"inla_spde",2,"count",1,15.8155233565366,12.0306258322237
"mistletoe",22,"inla_spde",2,"count",19,13.3484488460863,12.0306258322237
"mistletoe",22,"inla_spde",2,"count",49,13.0792679217611,12.0306258322237
"mistletoe",22,"inla_spde",2,"count",8,10.7422827363992,12.0306258322237
"mistletoe",22,"inla_spde",2,"count",4,11.97245175787,12.0306258322237
"mistletoe",22,"inla_spde",2,"count",10,13.8804236181379,12.0306258322237
"mistletoe",22,"inla_spde",2,"count",33,16.842697916475,12.0306258322237
"mistletoe",22,"inla_spde",2,"count",9,12.0430648208432,12.0306258322237
"mistletoe",22,"inla_spde",2,"count",23,17.1883082424853,12.0306258322237
"mistletoe",22,"inla_spde",2,"count",18,16.5048240440096,12.0306258322237
"mistletoe",22,"inla_spde",2,"count",6,11.0549530977357,12.0306258322237
"mistletoe",22,"inla_spde",2,"count",2,11.0549530977357,12.0306258322237
"mistletoe",22,"inla_spde",2,"count",2,11.0549530977357,12.0306258322237
"mistletoe",22,"inla_spde",2,"count",2,10.8311205196079,12.0306258322237
"mistletoe",22,"inla_spde",2,"count",13,10.6123273718776,12.0306258322237
"mistletoe",22,"inla_spde",2,"count",13,10.3984506489914,12.0306258322237
"mistletoe",22,"inla_spde",2,"count",9,10.1893705563371,12.0306258322237
"mistletoe",22,"inla_spde",2,"count",5,10.1893705563371,12.0306258322237
"mistletoe",22,"inla_spde",2,"count",6,10.1893705563371,12.0306258322237
"mistletoe",22,"inla_spde",2,"count",6,13.567454775271,12.0306258322237
"mistletoe",22,"inla_spde",2,"count",4,13.567454775271,12.0306258322237
"mistletoe",22,"inla_spde",2,"count",11,13.567454775271,12.0306258322237
"mistletoe",22,"inla_spde",2,"count",2,13.0243256490683,12.0306258322237
"mistletoe",22,"inla_spde",2,"count",6,12.5053310694594,12.0306258322237
"mistletoe",22,"inla_spde",2,"count",13,10.5799404746384,12.0306258322237
"mistletoe",22,"inla_spde",2,"count",7,10.3670076638341,12.0306258322237
"mistletoe",22,"inla_spde",2,"count",13,10.3670076638341,12.0306258322237
"mistletoe",22,"inla_spde",2,"count",8,10.1588550797792,12.0306258322237
"mistletoe",22,"inla_spde",2,"count",12,10.1588550797792,12.0306258322237
"mistletoe",22,"inla_spde",2,"count",3,9.95536624384593,12.0306258322237
"mistletoe",22,"inla_spde",2,"count",23,11.5232222716377,12.0306258322237
"mistletoe",22,"inla_spde",2,"count",8,11.5232222716377,12.0306258322237
"mistletoe",22,"inla_spde",2,"count",11,11.2924198542511,12.0306258322237
"mistletoe",22,"inla_spde",2,"count",7,11.0667789868765,12.0306258322237
"mistletoe",22,"inla_spde",2,"count",8,11.0667789868765,12.0306258322237
"mistletoe",22,"inla_spde",2,"count",10,13.3955243375631,12.0306258322237
"mistletoe",22,"inla_spde",2,"count",18,13.1267949946455,12.0306258322237
"mistletoe",22,"inla_spde",2,"count",10,13.1267949946455,12.0306258322237
"mistletoe",22,"inla_spde",2,"count",18,12.8640825047194,12.0306258322237
"mistletoe",22,"inla_spde",2,"count",13,12.6072406275964,12.0306258322237
"mistletoe",22,"inla_spde",2,"count",16,12.9645498084984,12.0306258322237
"mistletoe",22,"inla_spde",2,"count",10,12.703661186454,12.0306258322237
"mistletoe",22,"inla_spde",2,"count",10,12.4486304902662,12.0306258322237
"mistletoe",22,"inla_spde",2,"count",13,12.4486304902662,12.0306258322237
"mistletoe",22,"inla_spde",2,"count",7,12.1993149254161,12.0306258322237
"mistletoe",22,"inla_spde",2,"count",4,11.9555754234162,12.0306258322237
"mistletoe",22,"inla_spde",2,"count",5,11.9555754234162,12.0306258322237
"mistletoe",22,"inla_spde",2,"count",34,13.940498215396,12.0306258322237
"mistletoe",22,"inla_spde",2,"count",22,13.6605274264349,12.0306258322237
"mistletoe",22,"inla_spde",2,"count",34,13.6605274264349,12.0306258322237
"mistletoe",22,"inla_spde",2,"count",18,13.3868309060047,12.0306258322237
"mistletoe",22,"inla_spde",2,"count",8,13.1192560386317,12.0306258322237
"mistletoe",22,"inla_spde",2,"count",7,13.1192560386317,12.0306258322237
"mistletoe",22,"inla_spde",2,"count",4,22.6793755691984,12.0306258322237
"mistletoe",22,"inla_spde",2,"count",7,22.6793755691984,12.0306258322237
"mistletoe",22,"inla_spde",2,"count",2,21.7739773997997,12.0306258322237
"mistletoe",22,"inla_spde",2,"count",17,21.7739773997997,12.0306258322237
"mistletoe",22,"inla_spde",2,"count",10,21.3364581731364,12.0306258322237
"mistletoe",22,"inla_spde",2,"count",10,20.9087311358199,12.0306258322237
"mistletoe",22,"inla_spde",2,"count",3,14.945518432844,12.0306258322237
"mistletoe",22,"inla_spde",2,"count",0,14.945518432844,12.0306258322237
"mistletoe",22,"inla_spde",2,"count",2,14.945518432844,12.0306258322237
"mistletoe",22,"inla_spde",2,"count",16,14.3477611730221,12.0306258322237
"mistletoe",22,"inla_spde",2,"count",14,14.3477611730221,12.0306258322237
"mistletoe",22,"inla_spde",2,"count",5,14.058915488607,12.0306258322237
"mistletoe",22,"inla_spde",2,"count",13,13.7765416414843,12.0306258322237
"mistletoe",22,"inla_spde",2,"count",15,13.7765416414843,12.0306258322237
"mistletoe",22,"inla_spde",2,"count",2,12.779748819191,12.0306258322237
"mistletoe",22,"inla_spde",2,"count",9,12.779748819191,12.0306258322237
"mistletoe",22,"inla_spde",2,"count",0,12.779748819191,12.0306258322237
"mistletoe",22,"inla_spde",2,"count",2,11.7796733550375,12.0306258322237
"mistletoe",22,"inla_spde",2,"count",8,11.7796733550375,12.0306258322237
"mistletoe",22,"inla_spde",2,"count",11,15.2657458385767,12.0306258322237
"mistletoe",22,"inla_spde",2,"count",10,15.2657458385767,12.0306258322237
"mistletoe",22,"inla_spde",2,"count",3,15.2657458385767,12.0306258322237
"mistletoe",22,"inla_spde",2,"count",19,14.6551861055665,12.0306258322237
"mistletoe",22,"inla_spde",2,"count",22,14.6551861055665,12.0306258322237
"mistletoe",22,"inla_spde",2,"count",22,14.0717321249689,12.0306258322237
"mistletoe",22,"inla_spde",2,"count",12,14.0717321249689,12.0306258322237
"mistletoe",22,"inla_spde",2,"count",8,14.8691465748959,12.0306258322237
"mistletoe",22,"inla_spde",2,"count",8,14.8691465748959,12.0306258322237
"mistletoe",22,"inla_spde",2,"count",7,14.2741567330932,12.0306258322237
"mistletoe",22,"inla_spde",2,"count",13,14.2741567330932,12.0306258322237
"mistletoe",22,"inla_spde",2,"count",7,13.98665240483,12.0306258322237
"mistletoe",22,"inla_spde",2,"count",18,13.7055924992387,12.0306258322237
"mistletoe",22,"inla_spde",2,"count",7,13.7055924992387,12.0306258322237
"mistletoe",22,"inla_spde",2,"count",7,16.1419721690823,12.0306258322237
"mistletoe",22,"inla_spde",2,"count",5,16.1419721690823,12.0306258322237
"mistletoe",22,"inla_spde",2,"count",2,16.1419721690823,12.0306258322237
"mistletoe",22,"inla_spde",2,"count",22,15.496417185945,12.0306258322237
"mistletoe",22,"inla_spde",2,"count",17,15.496417185945,12.0306258322237
"mistletoe",22,"inla_spde",2,"count",15,15.1844745268993,12.0306258322237
"mistletoe",22,"inla_spde",2,"count",22,15.1844745268993,12.0306258322237
"mistletoe",22,"inla_spde",2,"count",14,14.8795209264024,12.0306258322237
"mistletoe",22,"inla_spde",2,"count",13,14.8795209264024,12.0306258322237
"mistletoe",22,"inla_spde",2,"count",3,12.8593445320029,12.0306258322237
"mistletoe",22,"inla_spde",2,"count",8,12.8593445320029,12.0306258322237
"mistletoe",22,"inla_spde",2,"count",5,12.3451312000818,12.0306258322237
"mistletoe",22,"inla_spde",2,"count",3,12.3451312000818,12.0306258322237
"mistletoe",22,"inla_spde",2,"count",8,12.0966534160859,12.0306258322237
"mistletoe",22,"inla_spde",2,"count",6,11.8537418889315,12.0306258322237
"mistletoe",22,"inla_spde",2,"count",8,11.8537418889315,12.0306258322237
"mistletoe",22,"inla_spde",2,"count",13,12.2907824503043,12.0306258322237
"mistletoe",22,"inla_spde",2,"count",6,12.2907824503043,12.0306258322237
"mistletoe",22,"inla_spde",2,"count",8,11.8009036668284,12.0306258322237
"mistletoe",22,"inla_spde",2,"count",9,11.8009036668284,12.0306258322237
"mistletoe",22,"inla_spde",2,"count",21,12.603821547494,12.0306258322237
"mistletoe",22,"inla_spde",2,"count",10,12.603821547494,12.0306258322237
"mistletoe",22,"inla_spde",2,"count",8,12.3498123799829,12.0306258322237
"mistletoe",22,"inla_spde",2,"count",19,12.1015004659349,12.0306258322237
"mistletoe",22,"inla_spde",2,"count",13,12.1015004659349,12.0306258322237
"mistletoe",22,"inla_spde",2,"count",24,12.1015004659349,12.0306258322237
"mistletoe",22,"inla_spde",2,"count",11,13.1452779035134,12.0306258322237
"mistletoe",22,"inla_spde",2,"count",24,12.8804245716911,12.0306258322237
"mistletoe",22,"inla_spde",2,"count",14,12.8804245716911,12.0306258322237
"mistletoe",22,"inla_spde",2,"count",25,12.6215102068777,12.0306258322237
"mistletoe",22,"inla_spde",2,"count",8,12.6215102068777,12.0306258322237
"mistletoe",22,"inla_spde",2,"count",23,12.6215102068777,12.0306258322237
"mistletoe",22,"inla_spde",2,"count",19,12.9301759279116,12.0306258322237
"mistletoe",22,"inla_spde",2,"count",9,13.9055411837374,12.0306258322237
"mistletoe",22,"inla_spde",2,"count",15,12.8161277947219,12.0306258322237
"mistletoe",22,"inla_spde",2,"count",11,12.8161277947219,12.0306258322237
"mistletoe",22,"inla_spde",2,"count",15,11.4208143593026,12.0306258322237
"mistletoe",22,"inla_spde",2,"count",5,11.4208143593026,12.0306258322237
"mistletoe",22,"inla_spde",2,"count",13,11.4208143593026,12.0306258322237
"mistletoe",22,"inla_spde",2,"count",12,11.1894700599579,12.0306258322237
"mistletoe",22,"inla_spde",2,"count",12,11.1894700599579,12.0306258322237
"mistletoe",22,"inla_spde",2,"count",4,11.1894700599579,12.0306258322237
"mistletoe",22,"inla_spde",2,"count",4,10.9633352286621,12.0306258322237
"mistletoe",22,"inla_spde",2,"count",21,10.9633352286621,12.0306258322237
"mistletoe",22,"inla_spde",2,"count",17,10.7422827363992,12.0306258322237
"mistletoe",22,"inla_spde",2,"count",8,10.5261887711404,12.0306258322237
"mistletoe",22,"inla_spde",2,"count",8,10.5261887711404,12.0306258322237
"mistletoe",22,"inla_spde",2,"count",1,12.219624173333,12.0306258322237
"mistletoe",22,"inla_spde",2,"count",6,12.219624173333,12.0306258322237
"mistletoe",22,"inla_spde",2,"count",1,12.219624173333,12.0306258322237
"mistletoe",22,"inla_spde",2,"count",29,11.97245175787,12.0306258322237
"mistletoe",22,"inla_spde",2,"count",29,11.97245175787,12.0306258322237
"mistletoe",22,"inla_spde",2,"count",19,11.7308367358618,12.0306258322237
"mistletoe",22,"inla_spde",2,"count",16,11.7308367358618,12.0306258322237
"mistletoe",22,"inla_spde",2,"count",24,11.4946437266077,12.0306258322237
"mistletoe",22,"inla_spde",2,"count",3,11.2637408742047,12.0306258322237
"mistletoe",22,"inla_spde",2,"count",4,11.2637408742047,12.0306258322237
"mistletoe",22,"inla_spde",2,"count",12,30.7653935639662,12.0306258322237
"mistletoe",22,"inla_spde",2,"count",9,30.7653935639662,12.0306258322237
"mistletoe",22,"inla_spde",2,"count",7,30.1434802833117,12.0306258322237
"mistletoe",22,"inla_spde",2,"count",7,30.1434802833117,12.0306258322237
"mistletoe",22,"inla_spde",2,"count",15,29.535557437606,12.0306258322237
"mistletoe",22,"inla_spde",2,"count",13,10.9030950506303,12.0306258322237
"mistletoe",22,"inla_spde",2,"count",13,10.9030950506303,12.0306258322237
"mistletoe",22,"inla_spde",2,"count",12,10.4697840081085,12.0306258322237
"mistletoe",22,"inla_spde",2,"count",7,14.1655034526707,12.0306258322237
"mistletoe",22,"inla_spde",2,"count",11,14.1655034526707,12.0306258322237
"mistletoe",22,"inla_spde",2,"count",6,13.8804236181379,12.0306258322237
"mistletoe",22,"inla_spde",2,"count",8,13.6017309654761,12.0306258322237
"mistletoe",22,"inla_spde",2,"count",8,13.6017309654761,12.0306258322237
"mistletoe",22,"inla_spde",2,"count",7,17.0251160904484,12.0306258322237
"mistletoe",22,"inla_spde",2,"count",11,17.0251160904484,12.0306258322237
"mistletoe",22,"inla_spde",2,"count",15,16.6826750643323,12.0306258322237
"mistletoe",22,"inla_spde",2,"count",6,16.3479045732174,12.0306258322237
"mistletoe",22,"inla_spde",2,"count",5,16.3479045732174,12.0306258322237
"mistletoe",22,"inla_spde",2,"count",18,17.1883082424853,12.0306258322237
"mistletoe",22,"inla_spde",2,"count",15,16.5048240440096,12.0306258322237
"mistletoe",22,"inla_spde",2,"count",7,12.1608251177482,12.0306258322237
"mistletoe",22,"inla_spde",2,"count",24,12.1608251177482,12.0306258322237
"mistletoe",22,"inla_spde",2,"count",37,11.9157088929457,12.0306258322237
"mistletoe",22,"inla_spde",2,"count",24,11.9157088929457,12.0306258322237
"mistletoe",22,"inla_spde",2,"count",15,11.6760924415499,12.0306258322237
"mistletoe",22,"inla_spde",2,"count",8,11.6760924415499,12.0306258322237
"mistletoe",22,"inla_spde",2,"count",18,12.9301759279116,12.0306258322237
"mistletoe",22,"inla_spde",2,"count",4,20.9087311358199,12.0306258322237
"mistletoe",22,"inla_spde",2,"count",25,13.4667860259563,12.0306258322237
"mistletoe",22,"inla_spde",2,"count",20,13.1954387161523,12.0306258322237
"mistletoe",22,"inla_spde",2,"count",6,28.3603264931436,12.0306258322237
"mistletoe",22,"inla_spde",2,"count",20,28.3603264931436,12.0306258322237
"mistletoe",22,"inla_spde",2,"count",8,10.6123273718776,12.0306258322237
"mistletoe",22,"inla_spde",2,"count",17,13.0243256490683,12.0306258322237
"mistletoe",22,"inla_spde",2,"count",5,12.7618855348178,12.0306258322237
"mistletoe",22,"inla_spde",2,"count",17,12.5053310694594,12.0306258322237
"mistletoe",22,"inla_spde",2,"count",3,12.5053310694594,12.0306258322237
"mistletoe",22,"inla_spde",2,"count",5,22.6793755691984,12.0306258322237
"mistletoe",22,"inla_spde",2,"count",6,21.3364581731364,12.0306258322237
"mistletoe",22,"inla_spde",2,"count",18,13.4667860259563,12.0306258322237
"mistletoe",22,"inla_spde",2,"count",15,12.9301759279116,12.0306258322237
"mistletoe",22,"inla_spde",2,"count",10,29.535557437606,12.0306258322237
"mistletoe",22,"inla_spde",2,"count",12,28.9412836592574,12.0306258322237
"mistletoe",22,"inla_spde",2,"count",30,28.9412836592574,12.0306258322237
"mistletoe",22,"inla_spde",2,"count",23,13.1954387161523,12.0306258322237
"mistletoe",22,"inla_spde",2,"count",4,12.7618855348178,12.0306258322237
"mistletoe",22,"inla_spde",3,"count",21,11.8574305355535,12.3659117997616
"mistletoe",22,"inla_spde",3,"count",21,11.953322310224,12.3659117997616
"mistletoe",22,"inla_spde",3,"count",24,10.26609216227,12.3659117997616
"mistletoe",22,"inla_spde",3,"count",80,10.1442698897564,12.3659117997616
"mistletoe",22,"inla_spde",3,"count",12,11.8756946981675,12.3659117997616
"mistletoe",22,"inla_spde",3,"count",4,11.6162165249505,12.3659117997616
"mistletoe",22,"inla_spde",3,"count",10,12.1087615858478,12.3659117997616
"mistletoe",22,"inla_spde",3,"count",31,10.5106125232794,12.3659117997616
"mistletoe",22,"inla_spde",3,"count",10,11.880179737815,12.3659117997616
"mistletoe",22,"inla_spde",3,"count",3,11.4444119238948,12.3659117997616
"mistletoe",22,"inla_spde",3,"count",12,10.5470203024459,12.3659117997616
"mistletoe",22,"inla_spde",3,"count",13,10.1442698897564,12.3659117997616
"mistletoe",22,"inla_spde",3,"count",23,10.6090969950335,12.3659117997616
"mistletoe",22,"inla_spde",3,"count",11,12.4293856550727,12.3659117997616
"mistletoe",22,"inla_spde",3,"count",11,12.6799418076131,12.3659117997616
"mistletoe",22,"inla_spde",3,"count",14,11.9684415917152,12.3659117997616
"mistletoe",22,"inla_spde",3,"count",28,10.8313340778475,12.3659117997616
"mistletoe",22,"inla_spde",3,"count",12,10.9503836573299,12.3659117997616
"mistletoe",22,"inla_spde",3,"count",30,13.7679195071945,12.3659117997616
"mistletoe",22,"inla_spde",3,"count",10,13.7679195071945,12.3659117997616
"mistletoe",22,"inla_spde",3,"count",18,11.9518183094666,12.3659117997616
"mistletoe",22,"inla_spde",3,"count",15,11.5568889673003,12.3659117997616
"mistletoe",22,"inla_spde",3,"count",14,9.96220903624868,12.3659117997616
"mistletoe",22,"inla_spde",3,"count",14,11.4444119238948,12.3659117997616
"mistletoe",22,"inla_spde",3,"count",9,10.5470203024459,12.3659117997616
"mistletoe",22,"inla_spde",3,"count",2,10.2964653592521,12.3659117997616
"mistletoe",22,"inla_spde",3,"count",7,11.512301847761,12.3659117997616
"mistletoe",22,"inla_spde",3,"count",5,12.7469587603494,12.3659117997616
"mistletoe",22,"inla_spde",3,"count",9,10.3912090772885,12.3659117997616
"mistletoe",22,"inla_spde",3,"count",9,10.8670700582424,12.3659117997616
"mistletoe",22,"inla_spde",3,"count",53,10.9071818726109,12.3659117997616
"mistletoe",22,"inla_spde",3,"count",4,11.4067669001684,12.3659117997616
"mistletoe",22,"inla_spde",3,"count",15,11.7913183537239,12.3659117997616
"mistletoe",22,"inla_spde",3,"count",7,10.7056220182871,12.3659117997616
"mistletoe",22,"inla_spde",3,"count",10,11.4067669001684,12.3659117997616
"mistletoe",22,"inla_spde",3,"count",11,10.2964653592521,12.3659117997616
"mistletoe",22,"inla_spde",3,"count",13,11.6983677319579,12.3659117997616
"mistletoe",22,"inla_spde",3,"count",14,11.8756946981675,12.3659117997616
"mistletoe",22,"inla_spde",3,"count",9,9.81427497753031,12.3659117997616
"mistletoe",22,"inla_spde",3,"count",7,10.26609216227,12.3659117997616
"mistletoe",22,"inla_spde",3,"count",12,10.3544816772367,12.3659117997616
"mistletoe",22,"inla_spde",3,"count",12,13.9957422090261,12.3659117997616
"mistletoe",22,"inla_spde",3,"count",11,12.2922832625337,12.3659117997616
"mistletoe",22,"inla_spde",3,"count",10,10.9503836573299,12.3659117997616
"mistletoe",22,"inla_spde",3,"count",3,12.2922832625337,12.3659117997616
"mistletoe",22,"inla_spde",3,"count",3,11.7913183537239,12.3659117997616
"mistletoe",22,"inla_spde",3,"count",10,10.7056220182871,12.3659117997616
"mistletoe",22,"inla_spde",3,"count",15,11.384489595615,12.3659117997616
"mistletoe",22,"inla_spde",3,"count",6,11.384489595615,12.3659117997616
"mistletoe",22,"inla_spde",3,"count",8,11.5568889673003,12.3659117997616
"mistletoe",22,"inla_spde",3,"count",9,11.7323917565992,12.3659117997616
"mistletoe",22,"inla_spde",3,"count",12,11.7323917565992,12.3659117997616
"mistletoe",22,"inla_spde",3,"count",8,11.6805002244844,12.3659117997616
"mistletoe",22,"inla_spde",3,"count",10,11.6805002244844,12.3659117997616
"mistletoe",22,"inla_spde",3,"count",4,11.8574305355535,12.3659117997616
"mistletoe",22,"inla_spde",3,"count",6,12.0375461628962,12.3659117997616
"mistletoe",22,"inla_spde",3,"count",3,12.0375461628962,12.3659117997616
"mistletoe",22,"inla_spde",3,"count",7,9.81427497753031,12.3659117997616
"mistletoe",22,"inla_spde",3,"count",5,9.81427497753031,12.3659117997616
"mistletoe",22,"inla_spde",3,"count",14,10.1127970692132,12.3659117997616
"mistletoe",22,"inla_spde",3,"count",14,10.1127970692132,12.3659117997616
"mistletoe",22,"inla_spde",3,"count",9,10.4221485606327,12.3659117997616
"mistletoe",22,"inla_spde",3,"count",8,10.3544816772367,12.3659117997616
"mistletoe",22,"inla_spde",3,"count",17,10.3544816772367,12.3659117997616
"mistletoe",22,"inla_spde",3,"count",14,10.6695446428893,12.3659117997616
"mistletoe",22,"inla_spde",3,"count",8,10.8313340778475,12.3659117997616
"mistletoe",22,"inla_spde",3,"count",10,10.9960380940963,12.3659117997616
"mistletoe",22,"inla_spde",3,"count",9,10.9960380940963,12.3659117997616
"mistletoe",22,"inla_spde",3,"count",16,10.7868765313108,12.3659117997616
"mistletoe",22,"inla_spde",3,"count",4,11.1168355877389,12.3659117997616
"mistletoe",22,"inla_spde",3,"count",4,11.1168355877389,12.3659117997616
"mistletoe",22,"inla_spde",3,"count",10,11.512301847761,12.3659117997616
"mistletoe",22,"inla_spde",3,"count",7,11.6869813905455,12.3659117997616
"mistletoe",22,"inla_spde",3,"count",3,11.6869813905455,12.3659117997616
"mistletoe",22,"inla_spde",3,"count",7,11.9221500599565,12.3659117997616
"mistletoe",22,"inla_spde",3,"count",6,11.9221500599565,12.3659117997616
"mistletoe",22,"inla_spde",3,"count",3,11.7630693841007,12.3659117997616
"mistletoe",22,"inla_spde",3,"count",0,11.7630693841007,12.3659117997616
"mistletoe",22,"inla_spde",3,"count",10,11.6741471286127,12.3659117997616
"mistletoe",22,"inla_spde",3,"count",12,11.6741471286127,12.3659117997616
"mistletoe",22,"inla_spde",3,"count",12,11.8514760079121,12.3659117997616
"mistletoe",22,"inla_spde",3,"count",3,11.8514760079121,12.3659117997616
"mistletoe",22,"inla_spde",3,"count",2,12.7469587603494,12.3659117997616
"mistletoe",22,"inla_spde",3,"count",11,12.9405160268302,12.3659117997616
"mistletoe",22,"inla_spde",3,"count",16,12.9405160268302,12.3659117997616
"mistletoe",22,"inla_spde",3,"count",4,10.3912090772885,12.3659117997616
"mistletoe",22,"inla_spde",3,"count",5,10.8670700582424,12.3659117997616
"mistletoe",22,"inla_spde",3,"count",11,11.0314214768511,12.3659117997616
"mistletoe",22,"inla_spde",3,"count",8,11.0314214768511,12.3659117997616
"mistletoe",22,"inla_spde",3,"count",17,10.9071818726109,12.3659117997616
"mistletoe",22,"inla_spde",3,"count",5,11.0707603172299,12.3659117997616
"mistletoe",22,"inla_spde",3,"count",11,11.0707603172299,12.3659117997616
"mistletoe",22,"inla_spde",3,"count",6,11.2372691132822,12.3659117997616
"mistletoe",22,"inla_spde",3,"count",14,11.2372691132822,12.3659117997616
"mistletoe",22,"inla_spde",3,"count",9,11.5793135998915,12.3659117997616
"mistletoe",22,"inla_spde",3,"count",8,11.5793135998915,12.3659117997616
"mistletoe",22,"inla_spde",3,"count",12,12.9677560705755,12.3659117997616
"mistletoe",22,"inla_spde",3,"count",12,13.3607175146967,12.3659117997616
"mistletoe",22,"inla_spde",3,"count",8,12.1214050855252,12.3659117997616
"mistletoe",22,"inla_spde",3,"count",4,12.1214050855252,12.3659117997616
"mistletoe",22,"inla_spde",3,"count",9,12.1214050855252,12.3659117997616
"mistletoe",22,"inla_spde",3,"count",10,12.4904370672748,12.3659117997616
"mistletoe",22,"inla_spde",3,"count",18,12.4904370672748,12.3659117997616
"mistletoe",22,"inla_spde",3,"count",8,12.6799418076131,12.3659117997616
"mistletoe",22,"inla_spde",3,"count",28,12.872861378586,12.3659117997616
"mistletoe",22,"inla_spde",3,"count",14,12.872861378586,12.3659117997616
"mistletoe",22,"inla_spde",3,"count",10,10.45138951526,12.3659117997616
"mistletoe",22,"inla_spde",3,"count",9,10.45138951526,12.3659117997616
"mistletoe",22,"inla_spde",3,"count",6,10.6090969950335,12.3659117997616
"mistletoe",22,"inla_spde",3,"count",4,10.769643631539,12.3659117997616
"mistletoe",22,"inla_spde",3,"count",3,10.769643631539,12.3659117997616
"mistletoe",22,"inla_spde",3,"count",6,13.9957422090261,12.3659117997616
"mistletoe",22,"inla_spde",3,"count",9,14.2073868075672,12.3659117997616
"mistletoe",22,"inla_spde",3,"count",11,14.2073868075672,12.3659117997616
"mistletoe",22,"inla_spde",3,"count",14,11.7913183537239,12.3659117997616
"mistletoe",22,"inla_spde",3,"count",7,11.9684415917152,12.3659117997616
"mistletoe",22,"inla_spde",3,"count",6,12.1487385376316,12.3659117997616
"mistletoe",22,"inla_spde",3,"count",7,12.1487385376316,12.3659117997616
"mistletoe",22,"inla_spde",3,"count",7,12.3322726382906,12.3659117997616
"mistletoe",22,"inla_spde",3,"count",5,12.3322726382906,12.3659117997616
"mistletoe",22,"inla_spde",3,"count",4,12.5191087260708,12.3659117997616
"mistletoe",22,"inla_spde",3,"count",13,12.5191087260708,12.3659117997616
"mistletoe",22,"inla_spde",3,"count",6,11.7910977423221,12.3659117997616
"mistletoe",22,"inla_spde",3,"count",7,11.7910977423221,12.3659117997616
"mistletoe",22,"inla_spde",3,"count",14,11.969117034072,12.3659117997616
"mistletoe",22,"inla_spde",3,"count",12,11.969117034072,12.3659117997616
"mistletoe",22,"inla_spde",3,"count",7,12.1503371991924,12.3659117997616
"mistletoe",22,"inla_spde",3,"count",12,12.1503371991924,12.3659117997616
"mistletoe",22,"inla_spde",3,"count",5,11.4681832161506,12.3659117997616
"mistletoe",22,"inla_spde",3,"count",8,11.4681832161506,12.3659117997616
"mistletoe",22,"inla_spde",3,"count",6,11.6413377102832,12.3659117997616
"mistletoe",22,"inla_spde",3,"count",5,11.6413377102832,12.3659117997616
"mistletoe",22,"inla_spde",3,"count",5,11.8176056410103,12.3659117997616
"mistletoe",22,"inla_spde",3,"count",3,11.8176056410103,12.3659117997616
"mistletoe",22,"inla_spde",3,"count",12,10.4221485606327,12.3659117997616
"mistletoe",22,"inla_spde",3,"count",11,10.6695446428893,12.3659117997616
"mistletoe",22,"inla_spde",3,"count",19,12.9677560705755,12.3659117997616
"mistletoe",22,"inla_spde",3,"count",13,13.562502934011,12.3659117997616
"mistletoe",22,"inla_spde",3,"count",10,13.562502934011,12.3659117997616
"mistletoe",22,"inla_spde",4,"count",17,13.0009073253366,12.4647355163728
"mistletoe",22,"inla_spde",4,"count",29,13.2968946534888,12.4647355163728
"mistletoe",22,"inla_spde",4,"count",16,13.242513112373,12.4647355163728
"mistletoe",22,"inla_spde",4,"count",0,13.8533715689688,12.4647355163728
"mistletoe",22,"inla_spde",4,"count",21,10.0380986904216,12.4647355163728
"mistletoe",22,"inla_spde",4,"count",3,10.0380986904216,12.4647355163728
"mistletoe",22,"inla_spde",4,"count",12,13.1698646101156,12.4647355163728
"mistletoe",22,"inla_spde",4,"count",8,13.0210734711882,12.4647355163728
"mistletoe",22,"inla_spde",4,"count",17,13.2963224889664,12.4647355163728
"mistletoe",22,"inla_spde",4,"count",18,12.032742931371,12.4647355163728
"mistletoe",22,"inla_spde",4,"count",6,13.9132174488627,12.4647355163728
"mistletoe",22,"inla_spde",4,"count",10,12.4532144610418,12.4647355163728
"mistletoe",22,"inla_spde",4,"count",5,12.1250952002748,12.4647355163728
"mistletoe",22,"inla_spde",4,"count",12,13.0001561567781,12.4647355163728
"mistletoe",22,"inla_spde",4,"count",27,12.9480727838405,12.4647355163728
"mistletoe",22,"inla_spde",4,"count",13,13.763963968286,12.4647355163728
"mistletoe",22,"inla_spde",4,"count",9,12.3068842428055,12.4647355163728
"mistletoe",22,"inla_spde",4,"count",41,11.350593902306,12.4647355163728
"mistletoe",22,"inla_spde",4,"count",12,15.0573044173164,12.4647355163728
"mistletoe",22,"inla_spde",4,"count",17,11.0812540707294,12.4647355163728
"mistletoe",22,"inla_spde",4,"count",18,11.0812540707294,12.4647355163728
"mistletoe",22,"inla_spde",4,"count",7,11.7651990515718,12.4647355163728
"mistletoe",22,"inla_spde",4,"count",15,12.9480727838405,12.4647355163728
"mistletoe",22,"inla_spde",4,"count",46,14.9330630681747,12.4647355163728
"mistletoe",22,"inla_spde",4,"count",14,15.2739634427826,12.4647355163728
"mistletoe",22,"inla_spde",4,"count",5,9.59381835012874,12.4647355163728
"mistletoe",22,"inla_spde",4,"count",24,12.7316089859915,12.4647355163728
"mistletoe",22,"inla_spde",4,"count",13,12.7316089859915,12.4647355163728
"mistletoe",22,"inla_spde",4,"count",5,13.0167731449977,12.4647355163728
"mistletoe",22,"inla_spde",4,"count",12,13.2968946534888,12.4647355163728
"mistletoe",22,"inla_spde",4,"count",16,12.1250952002748,12.4647355163728
"mistletoe",22,"inla_spde",4,"count",10,12.9776438758001,12.4647355163728
"mistletoe",22,"inla_spde",4,"count",5,13.7800477521706,12.4647355163728
"mistletoe",22,"inla_spde",4,"count",7,12.8758135183356,12.4647355163728
"mistletoe",22,"inla_spde",4,"count",7,13.1698646101156,12.4647355163728
"mistletoe",22,"inla_spde",4,"count",14,13.4712115130514,12.4647355163728
"mistletoe",22,"inla_spde",4,"count",5,13.4712115130514,12.4647355163728
"mistletoe",22,"inla_spde",4,"count",19,13.7800477521706,12.4647355163728
"mistletoe",22,"inla_spde",4,"count",6,12.7105857572722,12.4647355163728
"mistletoe",22,"inla_spde",4,"count",7,13.6033579540774,12.4647355163728
"mistletoe",22,"inla_spde",4,"count",4,12.7316089859915,12.4647355163728
"mistletoe",22,"inla_spde",4,"count",8,13.3176853807364,12.4647355163728
"mistletoe",22,"inla_spde",4,"count",21,13.3176853807364,12.4647355163728
"mistletoe",22,"inla_spde",4,"count",7,13.6216332696907,12.4647355163728
"mistletoe",22,"inla_spde",4,"count",4,13.6216332696907,12.4647355163728
"mistletoe",22,"inla_spde",4,"count",5,13.9331109525061,12.4647355163728
"mistletoe",22,"inla_spde",4,"count",5,13.9331109525061,12.4647355163728
"mistletoe",22,"inla_spde",4,"count",15,11.350593902306,12.4647355163728
"mistletoe",22,"inla_spde",4,"count",18,11.350593902306,12.4647355163728
"mistletoe",22,"inla_spde",4,"count",13,11.350593902306,12.4647355163728
"mistletoe",22,"inla_spde",4,"count",9,11.6082723020006,12.4647355163728
"mistletoe",22,"inla_spde",4,"count",5,11.6082723020006,12.4647355163728
"mistletoe",22,"inla_spde",4,"count",9,11.8723068126466,12.4647355163728
"mistletoe",22,"inla_spde",4,"count",10,11.8723068126466,12.4647355163728
"mistletoe",22,"inla_spde",4,"count",3,12.1428650186279,12.4647355163728
"mistletoe",22,"inla_spde",4,"count",5,12.1428650186279,12.4647355163728
"mistletoe",22,"inla_spde",4,"count",10,12.4201191783053,12.4647355163728
"mistletoe",22,"inla_spde",4,"count",8,12.4201191783053,12.4647355163728
"mistletoe",22,"inla_spde",4,"count",12,12.7281354323348,12.4647355163728
"mistletoe",22,"inla_spde",4,"count",19,12.7281354323348,12.4647355163728
"mistletoe",22,"inla_spde",4,"count",26,13.0167731449977,12.4647355163728
"mistletoe",22,"inla_spde",4,"count",13,13.0167731449977,12.4647355163728
"mistletoe",22,"inla_spde",4,"count",13,13.31252366644,12.4647355163728
"mistletoe",22,"inla_spde",4,"count",24,13.31252366644,12.4647355163728
"mistletoe",22,"inla_spde",4,"count",18,13.615574407165,12.4647355163728
"mistletoe",22,"inla_spde",4,"count",11,13.615574407165,12.4647355163728
"mistletoe",22,"inla_spde",4,"count",16,13.9261180037568,12.4647355163728
"mistletoe",22,"inla_spde",4,"count",15,13.9261180037568,12.4647355163728
"mistletoe",22,"inla_spde",4,"count",6,13.0001561567781,12.4647355163728
"mistletoe",22,"inla_spde",4,"count",15,13.2963224889664,12.4647355163728
"mistletoe",22,"inla_spde",4,"count",2,13.599818427702,12.4647355163728
"mistletoe",22,"inla_spde",4,"count",3,13.599818427702,12.4647355163728
"mistletoe",22,"inla_spde",4,"count",11,13.9108378449839,12.4647355163728
"mistletoe",22,"inla_spde",4,"count",13,13.9108378449839,12.4647355163728
"mistletoe",22,"inla_spde",4,"count",12,14.7212324682741,12.4647355163728
"mistletoe",22,"inla_spde",4,"count",8,14.7212324682741,12.4647355163728
"mistletoe",22,"inla_spde",4,"count",7,15.0573044173164,12.4647355163728
"mistletoe",22,"inla_spde",4,"count",11,15.4016944921521,12.4647355163728
"mistletoe",22,"inla_spde",4,"count",18,15.4016944921521,12.4647355163728
"mistletoe",22,"inla_spde",4,"count",18,12.1918546487735,12.4647355163728
"mistletoe",22,"inla_spde",4,"count",17,12.1918546487735,12.4647355163728
"mistletoe",22,"inla_spde",4,"count",6,12.1918546487735,12.4647355163728
"mistletoe",22,"inla_spde",4,"count",8,12.4693479600174,12.4647355163728
"mistletoe",22,"inla_spde",4,"count",18,12.4693479600174,12.4647355163728
"mistletoe",22,"inla_spde",4,"count",11,12.7536881067244,12.4647355163728
"mistletoe",22,"inla_spde",4,"count",13,12.7536881067244,12.4647355163728
"mistletoe",22,"inla_spde",4,"count",15,13.0450553365528,12.4647355163728
"mistletoe",22,"inla_spde",4,"count",13,13.0450553365528,12.4647355163728
"mistletoe",22,"inla_spde",4,"count",12,13.3436349088512,12.4647355163728
"mistletoe",22,"inla_spde",4,"count",13,13.3436349088512,12.4647355163728
"mistletoe",22,"inla_spde",4,"count",14,11.0812540707294,12.4647355163728
"mistletoe",22,"inla_spde",4,"count",8,11.5914549069407,12.4647355163728
"mistletoe",22,"inla_spde",4,"count",12,11.5914549069407,12.4647355163728
"mistletoe",22,"inla_spde",4,"count",6,11.856040127408,12.4647355163728
"mistletoe",22,"inla_spde",4,"count",12,11.856040127408,12.4647355163728
"mistletoe",22,"inla_spde",4,"count",4,12.1271711568335,12.4647355163728
"mistletoe",22,"inla_spde",4,"count",9,12.1271711568335,12.4647355163728
"mistletoe",22,"inla_spde",4,"count",13,11.7651990515718,12.4647355163728
"mistletoe",22,"inla_spde",4,"count",15,11.7651990515718,12.4647355163728
"mistletoe",22,"inla_spde",4,"count",7,12.032742931371,12.4647355163728
"mistletoe",22,"inla_spde",4,"count",5,12.3068842428055,12.4647355163728
"mistletoe",22,"inla_spde",4,"count",10,12.587796608918,12.4647355163728
"mistletoe",22,"inla_spde",4,"count",8,12.587796608918,12.4647355163728
"mistletoe",22,"inla_spde",4,"count",20,12.8756584796728,12.4647355163728
"mistletoe",22,"inla_spde",4,"count",5,12.8756584796728,12.4647355163728
"mistletoe",22,"inla_spde",4,"count",4,12.9480727838405,12.4647355163728
"mistletoe",22,"inla_spde",4,"count",10,13.242513112373,12.4647355163728
"mistletoe",22,"inla_spde",4,"count",3,13.5442156444229,12.4647355163728
"mistletoe",22,"inla_spde",4,"count",6,13.5442156444229,12.4647355163728
"mistletoe",22,"inla_spde",4,"count",12,13.8533715689688,12.4647355163728
"mistletoe",22,"inla_spde",4,"count",2,14.1701773931112,12.4647355163728
"mistletoe",22,"inla_spde",4,"count",9,14.1701773931112,12.4647355163728
"mistletoe",22,"inla_spde",4,"count",13,12.7551867116969,12.4647355163728
"mistletoe",22,"inla_spde",4,"count",5,12.7551867116969,12.4647355163728
"mistletoe",22,"inla_spde",4,"count",14,13.0461015332102,12.4647355163728
"mistletoe",22,"inla_spde",4,"count",2,13.0461015332102,12.4647355163728
"mistletoe",22,"inla_spde",4,"count",5,13.3442150995041,12.4647355163728
"mistletoe",22,"inla_spde",4,"count",6,13.3442150995041,12.4647355163728
"mistletoe",22,"inla_spde",4,"count",19,14.2757185588904,12.4647355163728
"mistletoe",22,"inla_spde",4,"count",16,14.600385144993,12.4647355163728
"mistletoe",22,"inla_spde",4,"count",13,14.600385144993,12.4647355163728
"mistletoe",22,"inla_spde",4,"count",16,14.9330630681747,12.4647355163728
"mistletoe",22,"inla_spde",4,"count",10,15.2739634427826,12.4647355163728
"mistletoe",22,"inla_spde",4,"count",13,13.4569280277189,12.4647355163728
"mistletoe",22,"inla_spde",4,"count",15,13.4569280277189,12.4647355163728
"mistletoe",22,"inla_spde",4,"count",9,13.763963968286,12.4647355163728
"mistletoe",22,"inla_spde",4,"count",11,12.9998898965191,12.4647355163728
"mistletoe",22,"inla_spde",4,"count",5,13.6012719616814,12.4647355163728
"mistletoe",22,"inla_spde",4,"count",3,13.6012719616814,12.4647355163728
"mistletoe",22,"inla_spde",4,"count",6,13.9132174488627,12.4647355163728
"mistletoe",22,"inla_spde",4,"count",6,12.1750317333702,12.4647355163728
"mistletoe",22,"inla_spde",4,"count",4,12.4532144610418,12.4647355163728
"mistletoe",22,"inla_spde",4,"count",11,12.7383044286845,12.4647355163728
"mistletoe",22,"inla_spde",4,"count",6,12.7383044286845,12.4647355163728
"mistletoe",22,"inla_spde",4,"count",9,13.0304849869668,12.4647355163728
"mistletoe",22,"inla_spde",4,"count",13,13.0304849869668,12.4647355163728
"mistletoe",22,"inla_spde",4,"count",13,12.4004988033398,12.4647355163728
"mistletoe",22,"inla_spde",4,"count",6,12.4004988033398,12.4647355163728
"mistletoe",22,"inla_spde",4,"count",0,12.6826995627292,12.4647355163728
"mistletoe",22,"inla_spde",4,"count",12,12.6826995627292,12.4647355163728
"mistletoe",22,"inla_spde",4,"count",2,12.9718768517881,12.4647355163728
"mistletoe",22,"inla_spde",4,"count",7,12.9718768517881,12.4647355163728
"mistletoe",22,"inla_spde",4,"count",9,9.37971124773611,12.4647355163728
"mistletoe",22,"inla_spde",4,"count",8,9.81323389846222,12.4647355163728
"mistletoe",22,"inla_spde",4,"count",4,9.81323389846222,12.4647355163728
"mistletoe",22,"inla_spde",4,"count",1,10.2685574825131,12.4647355163728
"mistletoe",22,"inla_spde",4,"count",1,10.2685574825131,12.4647355163728
"mistletoe",22,"inla_spde",4,"count",0,13.2729627367802,12.4647355163728
"mistletoe",22,"inla_spde",4,"count",3,14.0948034538079,12.4647355163728
"mistletoe",22,"inla_spde",4,"count",5,14.4145972656402,12.4647355163728
"mistletoe",22,"inla_spde",4,"count",7,14.7422675554655,12.4647355163728
"mistletoe",22,"inla_spde",4,"count",6,14.7422675554655,12.4647355163728
"mistletoe",22,"inla_spde",4,"count",0,15.0780216380808,12.4647355163728
"mistletoe",22,"inla_spde",4,"count",4,15.0780216380808,12.4647355163728
"mistletoe",22,"inla_spde",4,"count",7,15.4220726010496,12.4647355163728
"mistletoe",22,"inla_spde",4,"count",0,15.4220726010496,12.4647355163728
"mistletoe",22,"inla_spde",4,"count",14,11.1267852271577,12.4647355163728
"mistletoe",22,"inla_spde",4,"count",0,11.3790458780099,12.4647355163728
"mistletoe",22,"inla_spde",4,"count",5,12.1737512936645,12.4647355163728
"mistletoe",22,"inla_spde",4,"count",17,12.5660917445929,12.4647355163728
"mistletoe",22,"inla_spde",4,"count",12,12.5660917445929,12.4647355163728
"mistletoe",22,"inla_spde",4,"count",6,12.5660917445929,12.4647355163728
"mistletoe",22,"inla_spde",4,"count",3,12.8514324848817,12.4647355163728
"mistletoe",22,"inla_spde",4,"count",45,13.1438014172292,12.4647355163728
"mistletoe",22,"inla_spde",4,"count",7,13.4433833490829,12.4647355163728
"mistletoe",22,"inla_spde",4,"count",7,13.4433833490829,12.4647355163728
"mistletoe",22,"inla_spde",4,"count",5,13.7503682236109,12.4647355163728
"mistletoe",22,"inla_spde",4,"count",6,13.7503682236109,12.4647355163728
"mistletoe",22,"inla_spde",4,"count",21,12.9776438758001,12.4647355163728
"mistletoe",22,"inla_spde",4,"count",20,12.9776438758001,12.4647355163728
"mistletoe",22,"inla_spde",4,"count",16,13.2729627367802,12.4647355163728
"mistletoe",22,"inla_spde",4,"count",31,11.6375173791707,12.4647355163728
"mistletoe",22,"inla_spde",4,"count",7,13.2984343222886,12.4647355163728
"mistletoe",22,"inla_spde",4,"count",11,13.6033579540774,12.4647355163728
"mistletoe",22,"inla_spde",4,"count",8,12.4081497252635,12.4647355163728
"mistletoe",22,"inla_spde",4,"count",11,12.6894336422036,12.4647355163728
"mistletoe",22,"inla_spde",4,"count",13,13.575577612712,12.4647355163728
"mistletoe",22,"inla_spde",4,"count",7,13.575577612712,12.4647355163728
"mistletoe",22,"inla_spde",4,"count",16,11.6375173791707,12.4647355163728
"mistletoe",22,"inla_spde",4,"count",0,11.9023631831237,12.4647355163728
"mistletoe",22,"inla_spde",4,"count",11,11.9023631831237,12.4647355163728
"mistletoe",22,"inla_spde",4,"count",19,12.1737512936645,12.4647355163728
"mistletoe",22,"inla_spde",4,"count",9,12.8514324848817,12.4647355163728
"mistletoe",22,"inla_spde",4,"count",13,13.1438014172292,12.4647355163728
"mistletoe",22,"inla_spde",5,"count",20,12.608062071348,12.1535380507343
"mistletoe",22,"inla_spde",5,"count",11,9.82009407967975,12.1535380507343
"mistletoe",22,"inla_spde",5,"count",76,12.4770715039118,12.1535380507343
"mistletoe",22,"inla_spde",5,"count",42,12.5529439094818,12.1535380507343
"mistletoe",22,"inla_spde",5,"count",23,11.3537574122495,12.1535380507343
"mistletoe",22,"inla_spde",5,"count",35,12.5308924622574,12.1535380507343
"mistletoe",22,"inla_spde",5,"count",17,12.0649657312267,12.1535380507343
"mistletoe",22,"inla_spde",5,"count",37,12.5777149542186,12.1535380507343
"mistletoe",22,"inla_spde",5,"count",13,11.9742606945782,12.1535380507343
"mistletoe",22,"inla_spde",5,"count",45,11.7719321479811,12.1535380507343
"mistletoe",22,"inla_spde",5,"count",8,12.4547705590381,12.1535380507343
"mistletoe",22,"inla_spde",5,"count",21,12.0045723468633,12.1535380507343
"mistletoe",22,"inla_spde",5,"count",8,11.2164394780683,12.1535380507343
"mistletoe",22,"inla_spde",5,"count",14,12.4770715039118,12.1535380507343
"mistletoe",22,"inla_spde",5,"count",56,8.67669805407403,12.1535380507343
"mistletoe",22,"inla_spde",5,"count",5,11.0846644830413,12.1535380507343
"mistletoe",22,"inla_spde",5,"count",16,12.6862932503519,12.1535380507343
"mistletoe",22,"inla_spde",5,"count",12,12.6862932503519,12.1535380507343
"mistletoe",22,"inla_spde",5,"count",15,9.88017972886332,12.1535380507343
"mistletoe",22,"inla_spde",5,"count",16,13.216560135697,12.1535380507343
"mistletoe",22,"inla_spde",5,"count",11,12.2288316374276,12.1535380507343
"mistletoe",22,"inla_spde",5,"count",47,11.8436940929546,12.1535380507343
"mistletoe",22,"inla_spde",5,"count",19,12.5016069707304,12.1535380507343
"mistletoe",22,"inla_spde",5,"count",7,8.67669805407403,12.1535380507343
"mistletoe",22,"inla_spde",5,"count",8,10.0476927371377,12.1535380507343
"mistletoe",22,"inla_spde",5,"count",20,10.0476927371377,12.1535380507343
"mistletoe",22,"inla_spde",5,"count",8,11.7471627973051,12.1535380507343
"mistletoe",22,"inla_spde",5,"count",15,12.1222998386861,12.1535380507343
"mistletoe",22,"inla_spde",5,"count",8,10.1091089080897,12.1535380507343
"mistletoe",22,"inla_spde",5,"count",24,11.8436940929546,12.1535380507343
"mistletoe",22,"inla_spde",5,"count",2,12.7330814168887,12.1535380507343
"mistletoe",22,"inla_spde",5,"count",4,12.6298424666193,12.1535380507343
"mistletoe",22,"inla_spde",5,"count",11,12.6298424666193,12.1535380507343
"mistletoe",22,"inla_spde",5,"count",11,10.0476927371377,12.1535380507343
"mistletoe",22,"inla_spde",5,"count",2,10.1091089080897,12.1535380507343
"mistletoe",22,"inla_spde",5,"count",15,11.6758692618263,12.1535380507343
"mistletoe",22,"inla_spde",5,"count",28,11.9017476746438,12.1535380507343
"mistletoe",22,"inla_spde",5,"count",17,12.0477736784221,12.1535380507343
"mistletoe",22,"inla_spde",5,"count",21,12.1978526124109,12.1535380507343
"mistletoe",22,"inla_spde",5,"count",12,11.6127678739996,12.1535380507343
"mistletoe",22,"inla_spde",5,"count",5,11.6834870750897,12.1535380507343
"mistletoe",22,"inla_spde",5,"count",14,11.755181392377,12.1535380507343
"mistletoe",22,"inla_spde",5,"count",9,11.5155123440271,12.1535380507343
"mistletoe",22,"inla_spde",5,"count",13,12.608062071348,12.1535380507343
"mistletoe",22,"inla_spde",5,"count",21,9.82009407967975,12.1535380507343
"mistletoe",22,"inla_spde",5,"count",7,9.88017972886332,12.1535380507343
"mistletoe",22,"inla_spde",5,"count",9,8.72970116640266,12.1535380507343
"mistletoe",22,"inla_spde",5,"count",16,11.9318416546097,12.1535380507343
"mistletoe",22,"inla_spde",5,"count",9,12.0045723468633,12.1535380507343
"mistletoe",22,"inla_spde",5,"count",5,12.1530539760697,12.1535380507343
"mistletoe",22,"inla_spde",5,"count",18,12.6412142368284,12.1535380507343
"mistletoe",22,"inla_spde",5,"count",24,11.9164449168067,12.1535380507343
"mistletoe",22,"inla_spde",5,"count",9,11.0846644830413,12.1535380507343
"mistletoe",22,"inla_spde",5,"count",23,12.8123676213322,12.1535380507343
"mistletoe",22,"inla_spde",5,"count",4,11.9017476746438,12.1535380507343
"mistletoe",22,"inla_spde",5,"count",19,12.1920311755631,12.1535380507343
"mistletoe",22,"inla_spde",5,"count",3,11.6758692618263,12.1535380507343
"mistletoe",22,"inla_spde",5,"count",12,11.7471627973051,12.1535380507343
"mistletoe",22,"inla_spde",5,"count",7,11.8194396104871,12.1535380507343
"mistletoe",22,"inla_spde",5,"count",1,11.8927127125501,12.1535380507343
"mistletoe",22,"inla_spde",5,"count",6,11.8927127125501,12.1535380507343
"mistletoe",22,"inla_spde",5,"count",10,11.9669953360837,12.1535380507343
"mistletoe",22,"inla_spde",5,"count",12,11.9669953360837,12.1535380507343
"mistletoe",22,"inla_spde",5,"count",2,11.9017476746438,12.1535380507343
"mistletoe",22,"inla_spde",5,"count",9,11.9742606945782,12.1535380507343
"mistletoe",22,"inla_spde",5,"count",20,12.0477736784221,12.1535380507343
"mistletoe",22,"inla_spde",5,"count",15,12.1222998386861,12.1535380507343
"mistletoe",22,"inla_spde",5,"count",7,12.1978526124109,12.1535380507343
"mistletoe",22,"inla_spde",5,"count",1,11.6127678739996,12.1535380507343
"mistletoe",22,"inla_spde",5,"count",8,11.6834870750897,12.1535380507343
"mistletoe",22,"inla_spde",5,"count",14,11.755181392377,12.1535380507343
"mistletoe",22,"inla_spde",5,"count",4,11.8278637070452,12.1535380507343
"mistletoe",22,"inla_spde",5,"count",9,11.901547119129,12.1535380507343
"mistletoe",22,"inla_spde",5,"count",8,11.901547119129,12.1535380507343
"mistletoe",22,"inla_spde",5,"count",19,12.4316216271508,12.1535380507343
"mistletoe",22,"inla_spde",5,"count",14,12.2868273653102,12.1535380507343
"mistletoe",22,"inla_spde",5,"count",10,12.2868273653102,12.1535380507343
"mistletoe",22,"inla_spde",5,"count",14,12.4787370102623,12.1535380507343
"mistletoe",22,"inla_spde",5,"count",10,12.5554898617923,12.1535380507343
"mistletoe",22,"inla_spde",5,"count",9,12.6332981757264,12.1535380507343
"mistletoe",22,"inla_spde",5,"count",12,14.5205960144492,12.1535380507343
"mistletoe",22,"inla_spde",5,"count",8,11.5857247676258,12.1535380507343
"mistletoe",22,"inla_spde",5,"count",8,11.5857247676258,12.1535380507343
"mistletoe",22,"inla_spde",5,"count",0,11.6569036125844,12.1535380507343
"mistletoe",22,"inla_spde",5,"count",9,11.729061676827,12.1535380507343
"mistletoe",22,"inla_spde",5,"count",5,12.4770715039118,12.1535380507343
"mistletoe",22,"inla_spde",5,"count",8,12.5529439094818,12.1535380507343
"mistletoe",22,"inla_spde",5,"count",3,12.7077805918667,12.1535380507343
"mistletoe",22,"inla_spde",5,"count",6,12.7077805918667,12.1535380507343
"mistletoe",22,"inla_spde",5,"count",11,12.5308924622574,12.1535380507343
"mistletoe",22,"inla_spde",5,"count",7,9.82009407967975,12.1535380507343
"mistletoe",22,"inla_spde",5,"count",8,9.94109265389892,12.1535380507343
"mistletoe",22,"inla_spde",5,"count",12,9.94109265389892,12.1535380507343
"mistletoe",22,"inla_spde",5,"count",5,10.0028437855937,12.1535380507343
"mistletoe",22,"inla_spde",5,"count",11,10.0028437855937,12.1535380507343
"mistletoe",22,"inla_spde",5,"count",17,10.0654442398856,12.1535380507343
"mistletoe",22,"inla_spde",5,"count",15,10.0654442398856,12.1535380507343
"mistletoe",22,"inla_spde",5,"count",2,8.67669805407403,12.1535380507343
"mistletoe",22,"inla_spde",5,"count",5,8.72970116640266,12.1535380507343
"mistletoe",22,"inla_spde",5,"count",7,8.78343398381528,12.1535380507343
"mistletoe",22,"inla_spde",5,"count",16,8.78343398381528,12.1535380507343
"mistletoe",22,"inla_spde",5,"count",8,8.8379061417107,12.1535380507343
"mistletoe",22,"inla_spde",5,"count",4,8.8379061417107,12.1535380507343
"mistletoe",22,"inla_spde",5,"count",11,8.89312743860349,12.1535380507343
"mistletoe",22,"inla_spde",5,"count",15,8.89312743860349,12.1535380507343
"mistletoe",22,"inla_spde",5,"count",6,10.1713702653987,12.1535380507343
"mistletoe",22,"inla_spde",5,"count",10,10.1713702653987,12.1535380507343
"mistletoe",22,"inla_spde",5,"count",6,10.2344879695421,12.1535380507343
"mistletoe",22,"inla_spde",5,"count",5,10.2344879695421,12.1535380507343
"mistletoe",22,"inla_spde",5,"count",11,10.2984733698562,12.1535380507343
"mistletoe",22,"inla_spde",5,"count",13,10.2984733698562,12.1535380507343
"mistletoe",22,"inla_spde",5,"count",6,11.8984624807109,12.1535380507343
"mistletoe",22,"inla_spde",5,"count",6,11.8984624807109,12.1535380507343
"mistletoe",22,"inla_spde",5,"count",13,11.8984624807109,12.1535380507343
"mistletoe",22,"inla_spde",5,"count",9,12.0432456742018,12.1535380507343
"mistletoe",22,"inla_spde",5,"count",25,12.1171315375857,12.1535380507343
"mistletoe",22,"inla_spde",5,"count",3,12.4764047644176,12.1535380507343
"mistletoe",22,"inla_spde",5,"count",13,12.4764047644176,12.1535380507343
"mistletoe",22,"inla_spde",5,"count",20,12.7051417314121,12.1535380507343
"mistletoe",22,"inla_spde",5,"count",11,12.3841189111487,12.1535380507343
"mistletoe",22,"inla_spde",5,"count",16,12.3841189111487,12.1535380507343
"mistletoe",22,"inla_spde",5,"count",15,12.4588237570393,12.1535380507343
"mistletoe",22,"inla_spde",5,"count",6,12.5345538128963,12.1535380507343
"mistletoe",22,"inla_spde",5,"count",5,11.6130525895632,12.1535380507343
"mistletoe",22,"inla_spde",5,"count",12,11.6130525895632,12.1535380507343
"mistletoe",22,"inla_spde",5,"count",5,10.3956324502285,12.1535380507343
"mistletoe",22,"inla_spde",5,"count",7,10.3956324502285,12.1535380507343
"mistletoe",22,"inla_spde",5,"count",10,10.5217594486996,12.1535380507343
"mistletoe",22,"inla_spde",5,"count",11,10.5217594486996,12.1535380507343
"mistletoe",22,"inla_spde",5,"count",14,10.5861242348928,12.1535380507343
"mistletoe",22,"inla_spde",5,"count",17,10.5861242348928,12.1535380507343
"mistletoe",22,"inla_spde",5,"count",8,10.6513718464638,12.1535380507343
"mistletoe",22,"inla_spde",5,"count",7,10.6513718464638,12.1535380507343
"mistletoe",22,"inla_spde",5,"count",7,12.5195434224906,12.1535380507343
"mistletoe",22,"inla_spde",5,"count",3,12.5195434224906,12.1535380507343
"mistletoe",22,"inla_spde",5,"count",12,12.5950962011741,12.1535380507343
"mistletoe",22,"inla_spde",5,"count",11,12.6716859985409,12.1535380507343
"mistletoe",22,"inla_spde",5,"count",11,12.7493264839142,12.1535380507343
"mistletoe",22,"inla_spde",5,"count",11,12.828031560742,12.1535380507343
"mistletoe",22,"inla_spde",5,"count",9,13.0532715238495,12.1535380507343
"mistletoe",22,"inla_spde",5,"count",13,13.134356092296,12.1535380507343
"mistletoe",22,"inla_spde",5,"count",3,13.134356092296,12.1535380507343
"mistletoe",22,"inla_spde",5,"count",28,13.216560135697,12.1535380507343
"mistletoe",22,"inla_spde",5,"count",5,11.9318416546097,12.1535380507343
"mistletoe",22,"inla_spde",5,"count",9,12.0783053708262,12.1535380507343
"mistletoe",22,"inla_spde",5,"count",15,12.0783053708262,12.1535380507343
"mistletoe",22,"inla_spde",5,"count",8,12.1530539760697,12.1535380507343
"mistletoe",22,"inla_spde",5,"count",9,12.2288316374276,12.1535380507343
"mistletoe",22,"inla_spde",5,"count",12,12.4108868217403,12.1535380507343
"mistletoe",22,"inla_spde",5,"count",10,12.4866144983734,12.1535380507343
"mistletoe",22,"inla_spde",5,"count",13,12.563385702622,12.1535380507343
"mistletoe",22,"inla_spde",5,"count",22,12.563385702622,12.1535380507343
"mistletoe",22,"inla_spde",5,"count",10,12.6412142368284,12.1535380507343
"mistletoe",22,"inla_spde",5,"count",17,12.7201141381089,12.1535380507343
"mistletoe",22,"inla_spde",5,"count",15,12.7201141381089,12.1535380507343
"mistletoe",22,"inla_spde",5,"count",9,11.7719321479811,12.1535380507343
"mistletoe",22,"inla_spde",5,"count",9,11.9164449168067,12.1535380507343
"mistletoe",22,"inla_spde",5,"count",8,11.99019769646,12.1535380507343
"mistletoe",22,"inla_spde",5,"count",10,11.99019769646,12.1535380507343
"mistletoe",22,"inla_spde",5,"count",12,12.0649657312267,12.1535380507343
"mistletoe",22,"inla_spde",5,"count",8,11.0828300920279,12.1535380507343
"mistletoe",22,"inla_spde",5,"count",8,11.1491772585731,12.1535380507343
"mistletoe",22,"inla_spde",5,"count",10,11.1491772585731,12.1535380507343
"mistletoe",22,"inla_spde",5,"count",4,11.2164394780683,12.1535380507343
"mistletoe",22,"inla_spde",5,"count",6,11.2846287830489,12.1535380507343
"mistletoe",22,"inla_spde",5,"count",11,11.3537574122495,12.1535380507343
"mistletoe",22,"inla_spde",5,"count",4,10.8202585952615,12.1535380507343
"mistletoe",22,"inla_spde",5,"count",6,10.8850085190497,12.1535380507343
"mistletoe",22,"inla_spde",5,"count",4,10.8850085190497,12.1535380507343
"mistletoe",22,"inla_spde",5,"count",3,10.9506516143641,12.1535380507343
"mistletoe",22,"inla_spde",5,"count",8,10.9506516143641,12.1535380507343
"mistletoe",22,"inla_spde",5,"count",5,11.0171996217674,12.1535380507343
"mistletoe",22,"inla_spde",5,"count",7,12.5016069707304,12.1535380507343
"mistletoe",22,"inla_spde",5,"count",17,12.5777149542186,12.1535380507343
"mistletoe",22,"inla_spde",5,"count",3,12.6548685206764,12.1535380507343
"mistletoe",22,"inla_spde",5,"count",9,12.6548685206764,12.1535380507343
"mistletoe",22,"inla_spde",5,"count",6,12.7330814168887,12.1535380507343
"mistletoe",22,"inla_spde",5,"count",27,12.8123676213322,12.1535380507343
"mistletoe",22,"inla_spde",5,"count",12,11.0289494004419,12.1535380507343
"mistletoe",22,"inla_spde",5,"count",4,11.0961858117549,12.1535380507343
"mistletoe",22,"inla_spde",5,"count",4,11.164348681379,12.1535380507343
"mistletoe",22,"inla_spde",5,"count",14,11.164348681379,12.1535380507343
"mistletoe",22,"inla_spde",5,"count",4,11.233450251203,12.1535380507343
"mistletoe",22,"inla_spde",5,"count",9,11.233450251203,12.1535380507343
"mistletoe",22,"inla_spde",5,"count",5,11.3035029709661,12.1535380507343
"mistletoe",22,"inla_spde",5,"count",6,11.3035029709661,12.1535380507343
"mistletoe",22,"inla_spde",5,"count",19,12.4388356963544,12.1535380507343
"mistletoe",22,"inla_spde",5,"count",10,14.4325344904232,12.1535380507343
"mistletoe",22,"inla_spde",5,"count",20,14.7003679038301,12.1535380507343
"mistletoe",22,"inla_spde",5,"count",6,12.2123672607654,12.1535380507343
"mistletoe",22,"inla_spde",5,"count",15,12.2868273653102,12.1535380507343
"mistletoe",22,"inla_spde",5,"count",18,14.5205960144492,12.1535380507343
"mistletoe",22,"inla_spde",5,"count",18,14.6098684734778,12.1535380507343
"mistletoe",22,"inla_spde",5,"count",25,11.6830411870475,12.1535380507343
"mistletoe",22,"inla_spde",5,"count",18,11.7539897628528,12.1535380507343
"mistletoe",22,"inla_spde",5,"count",15,11.7539897628528,12.1535380507343
"mistletoe",22,"inla_spde",5,"count",9,11.8259109658227,12.1535380507343
"mistletoe",22,"inla_spde",5,"count",19,11.8259109658227,12.1535380507343
"mistletoe",22,"inla_spde",5,"count",18,11.8278637070452,12.1535380507343
"mistletoe",22,"inla_spde",5,"count",8,12.3561205338026,12.1535380507343
"mistletoe",22,"inla_spde",5,"count",11,12.4316216271508,12.1535380507343
"mistletoe",22,"inla_spde",5,"count",18,12.5081621009006,12.1535380507343
"mistletoe",22,"inla_spde",5,"count",10,12.5857557421748,12.1535380507343
"mistletoe",22,"inla_spde",5,"count",19,12.3623123194978,12.1535380507343
"mistletoe",22,"inla_spde",5,"count",11,12.4030258182553,12.1535380507343
"mistletoe",22,"inla_spde",5,"count",9,11.9703603319614,12.1535380507343
"mistletoe",22,"inla_spde",5,"count",6,11.9703603319614,12.1535380507343
"mistletoe",22,"inla_spde",5,"count",7,12.0432456742018,12.1535380507343
"mistletoe",22,"inla_spde",5,"count",11,12.1171315375857,12.1535380507343
"mistletoe",22,"inla_spde",5,"count",5,12.5516135621112,12.1535380507343
"mistletoe",22,"inla_spde",5,"count",10,12.5516135621112,12.1535380507343
"mistletoe",22,"inla_spde",5,"count",9,12.6278546860541,12.1535380507343
"mistletoe",22,"inla_spde",5,"count",11,12.6278546860541,12.1535380507343
"mistletoe",22,"inla_spde",5,"count",8,12.7051417314121,12.1535380507343
"mistletoe",22,"inla_spde",5,"count",8,12.7834885261251,12.1535380507343
"mistletoe",22,"inla_spde",5,"count",8,12.7834885261251,12.1535380507343
"mistletoe",22,"inla_spde",5,"count",9,12.4588237570393,12.1535380507343
"mistletoe",22,"inla_spde",5,"count",9,12.5345538128963,12.1535380507343
"mistletoe",22,"inla_spde",5,"count",6,12.61132259132,12.1535380507343
"mistletoe",22,"inla_spde",5,"count",47,12.61132259132,12.1535380507343
"mistletoe",22,"inla_spde",5,"count",12,12.6891438364038,12.1535380507343
"mistletoe",22,"inla_spde",5,"count",17,12.6891438364038,12.1535380507343
"mistletoe",22,"inla_spde",5,"count",13,11.8988176613538,12.1535380507343
"mistletoe",22,"inla_spde",5,"count",8,11.8988176613538,12.1535380507343
"mistletoe",22,"inla_spde",5,"count",6,10.4582659638491,12.1535380507343
"mistletoe",22,"inla_spde",5,"count",21,12.5950962011741,12.1535380507343
"mistletoe",22,"inla_spde",5,"count",14,12.6716859985409,12.1535380507343
"mistletoe",22,"inla_spde",5,"count",12,12.7493264839142,12.1535380507343
"mistletoe",22,"inla_spde",5,"count",7,12.828031560742,12.1535380507343
"mistletoe",22,"inla_spde_group",1,"count",13,14.5259963729173,11.6944801026958
"mistletoe",22,"inla_spde_group",1,"count",13,14.5259963729173,11.6944801026958
"mistletoe",22,"inla_spde_group",1,"count",29,12.9508578403638,11.6944801026958
"mistletoe",22,"inla_spde_group",1,"count",20,14.0184813216132,11.6944801026958
"mistletoe",22,"inla_spde_group",1,"count",20,11.4469079633275,11.6944801026958
"mistletoe",22,"inla_spde_group",1,"count",14,12.2778774835536,11.6944801026958
"mistletoe",22,"inla_spde_group",1,"count",15,12.3475273882638,11.6944801026958
"mistletoe",22,"inla_spde_group",1,"count",32,14.5259963729173,11.6944801026958
"mistletoe",22,"inla_spde_group",1,"count",27,12.2778774835536,11.6944801026958
"mistletoe",22,"inla_spde_group",1,"count",23,11.125075769322,11.6944801026958
"mistletoe",22,"inla_spde_group",1,"count",15,11.2659881457944,11.6944801026958
"mistletoe",22,"inla_spde_group",1,"count",13,12.2778774835536,11.6944801026958
"mistletoe",22,"inla_spde_group",1,"count",8,17.5406796461171,11.6944801026958
"mistletoe",22,"inla_spde_group",1,"count",2,17.5406796461171,11.6944801026958
"mistletoe",22,"inla_spde_group",1,"count",11,13.64432836802,11.6944801026958
"mistletoe",22,"inla_spde_group",1,"count",18,12.9508578403638,11.6944801026958
"mistletoe",22,"inla_spde_group",1,"count",18,12.9508578403638,11.6944801026958
"mistletoe",22,"inla_spde_group",1,"count",28,12.8578858854578,11.6944801026958
"mistletoe",22,"inla_spde_group",1,"count",28,12.8578858854578,11.6944801026958
"mistletoe",22,"inla_spde_group",1,"count",7,11.3629465051873,11.6944801026958
"mistletoe",22,"inla_spde_group",1,"count",56,14.0184813216132,11.6944801026958
"mistletoe",22,"inla_spde_group",1,"count",14,12.2147068446333,11.6944801026958
"mistletoe",22,"inla_spde_group",1,"count",6,13.1386651718183,11.6944801026958
"mistletoe",22,"inla_spde_group",1,"count",6,13.1386651718183,11.6944801026958
"mistletoe",22,"inla_spde_group",1,"count",8,13.0721804593398,11.6944801026958
"mistletoe",22,"inla_spde_group",1,"count",12,12.3475273882638,11.6944801026958
"mistletoe",22,"inla_spde_group",1,"count",20,12.3708290416798,11.6944801026958
"mistletoe",22,"inla_spde_group",1,"count",12,12.2147068446333,11.6944801026958
"mistletoe",22,"inla_spde_group",1,"count",7,12.2147068446333,11.6944801026958
"mistletoe",22,"inla_spde_group",1,"count",16,12.2639943639302,11.6944801026958
"mistletoe",22,"inla_spde_group",1,"count",14,12.2639943639302,11.6944801026958
"mistletoe",22,"inla_spde_group",1,"count",14,12.2778774835536,11.6944801026958
"mistletoe",22,"inla_spde_group",1,"count",7,12.2778774835536,11.6944801026958
"mistletoe",22,"inla_spde_group",1,"count",9,13.1386651718183,11.6944801026958
"mistletoe",22,"inla_spde_group",1,"count",12,13.1386651718183,11.6944801026958
"mistletoe",22,"inla_spde_group",1,"count",8,13.0721804593398,11.6944801026958
"mistletoe",22,"inla_spde_group",1,"count",7,13.0721804593398,11.6944801026958
"mistletoe",22,"inla_spde_group",1,"count",12,13.0721804593398,11.6944801026958
"mistletoe",22,"inla_spde_group",1,"count",5,12.3475273882638,11.6944801026958
"mistletoe",22,"inla_spde_group",1,"count",9,12.3475273882638,11.6944801026958
"mistletoe",22,"inla_spde_group",1,"count",3,12.3475273882638,11.6944801026958
"mistletoe",22,"inla_spde_group",1,"count",18,12.3475273882638,11.6944801026958
"mistletoe",22,"inla_spde_group",1,"count",9,11.2004747781658,11.6944801026958
"mistletoe",22,"inla_spde_group",1,"count",11,11.2004747781658,11.6944801026958
"mistletoe",22,"inla_spde_group",1,"count",7,11.2004747781658,11.6944801026958
"mistletoe",22,"inla_spde_group",1,"count",10,11.2004747781658,11.6944801026958
"mistletoe",22,"inla_spde_group",1,"count",9,11.2004747781658,11.6944801026958
"mistletoe",22,"inla_spde_group",1,"count",11,11.4185549070191,11.6944801026958
"mistletoe",22,"inla_spde_group",1,"count",11,11.4185549070191,11.6944801026958
"mistletoe",22,"inla_spde_group",1,"count",23,11.4185549070191,11.6944801026958
"mistletoe",22,"inla_spde_group",1,"count",4,11.4185549070191,11.6944801026958
"mistletoe",22,"inla_spde_group",1,"count",12,11.4185549070191,11.6944801026958
"mistletoe",22,"inla_spde_group",1,"count",10,11.4469079633275,11.6944801026958
"mistletoe",22,"inla_spde_group",1,"count",13,11.4469079633275,11.6944801026958
"mistletoe",22,"inla_spde_group",1,"count",13,11.4469079633275,11.6944801026958
"mistletoe",22,"inla_spde_group",1,"count",10,11.4469079633275,11.6944801026958
"mistletoe",22,"inla_spde_group",1,"count",10,11.2659881457944,11.6944801026958
"mistletoe",22,"inla_spde_group",1,"count",12,11.2659881457944,11.6944801026958
"mistletoe",22,"inla_spde_group",1,"count",13,11.2659881457944,11.6944801026958
"mistletoe",22,"inla_spde_group",1,"count",15,11.125075769322,11.6944801026958
"mistletoe",22,"inla_spde_group",1,"count",17,11.125075769322,11.6944801026958
"mistletoe",22,"inla_spde_group",1,"count",0,11.125075769322,11.6944801026958
"mistletoe",22,"inla_spde_group",1,"count",8,11.3629465051873,11.6944801026958
"mistletoe",22,"inla_spde_group",1,"count",10,11.3629465051873,11.6944801026958
"mistletoe",22,"inla_spde_group",1,"count",10,11.5421919564479,11.6944801026958
"mistletoe",22,"inla_spde_group",1,"count",16,11.5421919564479,11.6944801026958
"mistletoe",22,"inla_spde_group",1,"count",8,11.5421919564479,11.6944801026958
"mistletoe",22,"inla_spde_group",1,"count",23,11.5421919564479,11.6944801026958
"mistletoe",22,"inla_spde_group",1,"count",23,11.320130559222,11.6944801026958
"mistletoe",22,"inla_spde_group",1,"count",8,11.320130559222,11.6944801026958
"mistletoe",22,"inla_spde_group",1,"count",5,11.320130559222,11.6944801026958
"mistletoe",22,"inla_spde_group",1,"count",19,11.320130559222,11.6944801026958
"mistletoe",22,"inla_spde_group",1,"count",12,13.5737545535418,11.6944801026958
"mistletoe",22,"inla_spde_group",1,"count",10,13.5737545535418,11.6944801026958
"mistletoe",22,"inla_spde_group",1,"count",9,13.5737545535418,11.6944801026958
"mistletoe",22,"inla_spde_group",1,"count",17,13.5737545535418,11.6944801026958
"mistletoe",22,"inla_spde_group",1,"count",10,13.5737545535418,11.6944801026958
"mistletoe",22,"inla_spde_group",1,"count",6,17.5406796461171,11.6944801026958
"mistletoe",22,"inla_spde_group",1,"count",11,17.5406796461171,11.6944801026958
"mistletoe",22,"inla_spde_group",1,"count",26,17.5406796461171,11.6944801026958
"mistletoe",22,"inla_spde_group",1,"count",9,17.5406796461171,11.6944801026958
"mistletoe",22,"inla_spde_group",1,"count",7,17.5406796461171,11.6944801026958
"mistletoe",22,"inla_spde_group",1,"count",10,17.5406796461171,11.6944801026958
"mistletoe",22,"inla_spde_group",1,"count",8,13.64432836802,11.6944801026958
"mistletoe",22,"inla_spde_group",1,"count",11,13.64432836802,11.6944801026958
"mistletoe",22,"inla_spde_group",1,"count",12,13.64432836802,11.6944801026958
"mistletoe",22,"inla_spde_group",1,"count",14,12.3708290416798,11.6944801026958
"mistletoe",22,"inla_spde_group",1,"count",6,12.3708290416798,11.6944801026958
"mistletoe",22,"inla_spde_group",1,"count",15,12.3708290416798,11.6944801026958
"mistletoe",22,"inla_spde_group",1,"count",18,12.3708290416798,11.6944801026958
"mistletoe",22,"inla_spde_group",1,"count",33,12.3708290416798,11.6944801026958
"mistletoe",22,"inla_spde_group",1,"count",7,12.2147068446333,11.6944801026958
"mistletoe",22,"inla_spde_group",1,"count",4,12.2147068446333,11.6944801026958
"mistletoe",22,"inla_spde_group",1,"count",7,12.2147068446333,11.6944801026958
"mistletoe",22,"inla_spde_group",1,"count",2,12.2147068446333,11.6944801026958
"mistletoe",22,"inla_spde_group",1,"count",10,12.2147068446333,11.6944801026958
"mistletoe",22,"inla_spde_group",1,"count",10,12.2147068446333,11.6944801026958
"mistletoe",22,"inla_spde_group",1,"count",14,12.2147068446333,11.6944801026958
"mistletoe",22,"inla_spde_group",1,"count",21,12.2147068446333,11.6944801026958
"mistletoe",22,"inla_spde_group",1,"count",10,12.2639943639302,11.6944801026958
"mistletoe",22,"inla_spde_group",1,"count",4,12.2639943639302,11.6944801026958
"mistletoe",22,"inla_spde_group",1,"count",12,12.2639943639302,11.6944801026958
"mistletoe",22,"inla_spde_group",1,"count",6,12.2639943639302,11.6944801026958
"mistletoe",22,"inla_spde_group",1,"count",12,12.2639943639302,11.6944801026958
"mistletoe",22,"inla_spde_group",1,"count",30,12.2639943639302,11.6944801026958
"mistletoe",22,"inla_spde_group",1,"count",12,12.2639943639302,11.6944801026958
"mistletoe",22,"inla_spde_group",1,"count",9,12.2639943639302,11.6944801026958
"mistletoe",22,"inla_spde_group",1,"count",28,12.2639943639302,11.6944801026958
"mistletoe",22,"inla_spde_group",1,"count",7,12.2778774835536,11.6944801026958
"mistletoe",22,"inla_spde_group",1,"count",3,12.2778774835536,11.6944801026958
"mistletoe",22,"inla_spde_group",1,"count",8,12.2778774835536,11.6944801026958
"mistletoe",22,"inla_spde_group",1,"count",7,12.2778774835536,11.6944801026958
"mistletoe",22,"inla_spde_group",1,"count",17,12.2778774835536,11.6944801026958
"mistletoe",22,"inla_spde_group",1,"count",15,12.2778774835536,11.6944801026958
"mistletoe",22,"inla_spde_group",1,"count",13,12.9508578403638,11.6944801026958
"mistletoe",22,"inla_spde_group",1,"count",13,12.9508578403638,11.6944801026958
"mistletoe",22,"inla_spde_group",1,"count",23,12.9508578403638,11.6944801026958
"mistletoe",22,"inla_spde_group",1,"count",13,12.9508578403638,11.6944801026958
"mistletoe",22,"inla_spde_group",1,"count",12,12.9508578403638,11.6944801026958
"mistletoe",22,"inla_spde_group",1,"count",10,12.9508578403638,11.6944801026958
"mistletoe",22,"inla_spde_group",1,"count",9,12.9508578403638,11.6944801026958
"mistletoe",22,"inla_spde_group",1,"count",7,12.9508578403638,11.6944801026958
"mistletoe",22,"inla_spde_group",1,"count",18,12.9508578403638,11.6944801026958
"mistletoe",22,"inla_spde_group",1,"count",6,12.9508578403638,11.6944801026958
"mistletoe",22,"inla_spde_group",1,"count",10,11.7742727667628,11.6944801026958
"mistletoe",22,"inla_spde_group",1,"count",13,14.5259963729173,11.6944801026958
"mistletoe",22,"inla_spde_group",1,"count",4,14.5259963729173,11.6944801026958
"mistletoe",22,"inla_spde_group",1,"count",11,14.5259963729173,11.6944801026958
"mistletoe",22,"inla_spde_group",1,"count",11,14.5259963729173,11.6944801026958
"mistletoe",22,"inla_spde_group",1,"count",10,12.8578858854578,11.6944801026958
"mistletoe",22,"inla_spde_group",1,"count",2,12.8578858854578,11.6944801026958
"mistletoe",22,"inla_spde_group",1,"count",8,12.8578858854578,11.6944801026958
"mistletoe",22,"inla_spde_group",1,"count",10,12.8578858854578,11.6944801026958
"mistletoe",22,"inla_spde_group",1,"count",2,12.8578858854578,11.6944801026958
"mistletoe",22,"inla_spde_group",1,"count",5,13.760995847821,11.6944801026958
"mistletoe",22,"inla_spde_group",1,"count",6,13.760995847821,11.6944801026958
"mistletoe",22,"inla_spde_group",1,"count",26,14.0184813216132,11.6944801026958
"mistletoe",22,"inla_spde_group",1,"count",26,14.0184813216132,11.6944801026958
"mistletoe",22,"inla_spde_group",1,"count",4,13.1386651718183,11.6944801026958
"mistletoe",22,"inla_spde_group",1,"count",3,13.1386651718183,11.6944801026958
"mistletoe",22,"inla_spde_group",1,"count",12,13.1386651718183,11.6944801026958
"mistletoe",22,"inla_spde_group",1,"count",10,13.1386651718183,11.6944801026958
"mistletoe",22,"inla_spde_group",1,"count",16,13.1386651718183,11.6944801026958
"mistletoe",22,"inla_spde_group",1,"count",16,13.1386651718183,11.6944801026958
"mistletoe",22,"inla_spde_group",1,"count",8,13.0721804593398,11.6944801026958
"mistletoe",22,"inla_spde_group",1,"count",13,13.0721804593398,11.6944801026958
"mistletoe",22,"inla_spde_group",1,"count",9,13.0721804593398,11.6944801026958
"mistletoe",22,"inla_spde_group",1,"count",19,13.0721804593398,11.6944801026958
"mistletoe",22,"inla_spde_group",1,"count",10,13.0721804593398,11.6944801026958
"mistletoe",22,"inla_spde_group",1,"count",17,13.0721804593398,11.6944801026958
"mistletoe",22,"inla_spde_group",1,"count",10,12.3475273882638,11.6944801026958
"mistletoe",22,"inla_spde_group",1,"count",8,12.3475273882638,11.6944801026958
"mistletoe",22,"inla_spde_group",1,"count",10,12.3475273882638,11.6944801026958
"mistletoe",22,"inla_spde_group",1,"count",12,12.3475273882638,11.6944801026958
"mistletoe",22,"inla_spde_group",1,"count",20,12.3475273882638,11.6944801026958
"mistletoe",22,"inla_spde_group",1,"count",20,13.64432836802,11.6944801026958
"mistletoe",22,"inla_spde_group",1,"count",21,13.760995847821,11.6944801026958
"mistletoe",22,"inla_spde_group",1,"count",15,19.4273471362412,11.6944801026958
"mistletoe",22,"inla_spde_group",1,"count",21,19.4273471362412,11.6944801026958
"mistletoe",22,"inla_spde_group",1,"count",39,23.1909286550351,11.6944801026958
"mistletoe",22,"inla_spde_group",1,"count",58,23.1909286550351,11.6944801026958
"mistletoe",22,"inla_spde_group",1,"count",21,20.3781646161397,11.6944801026958
"mistletoe",22,"inla_spde_group",1,"count",30,20.3781646161397,11.6944801026958
"mistletoe",22,"inla_spde_group",1,"count",18,23.3006089159868,11.6944801026958
"mistletoe",22,"inla_spde_group",1,"count",21,23.3006089159868,11.6944801026958
"mistletoe",22,"inla_spde_group",1,"count",49,23.3006089159868,11.6944801026958
"mistletoe",22,"inla_spde_group",1,"count",16,23.1909286550351,11.6944801026958
"mistletoe",22,"inla_spde_group",1,"count",18,20.3781646161397,11.6944801026958
"mistletoe",22,"inla_spde_group",1,"count",19,20.3781646161397,11.6944801026958
"mistletoe",22,"inla_spde_group",1,"count",19,20.3781646161397,11.6944801026958
"mistletoe",22,"inla_spde_group",1,"count",18,19.4273471362412,11.6944801026958
"mistletoe",22,"inla_spde_group",1,"count",17,19.4273471362412,11.6944801026958
"mistletoe",22,"inla_spde_group",1,"count",27,19.4273471362412,11.6944801026958
"mistletoe",22,"inla_spde_group",1,"count",14,19.4273471362412,11.6944801026958
"mistletoe",22,"inla_spde_group",1,"count",10,11.7742727667628,11.6944801026958
"mistletoe",22,"inla_spde_group",1,"count",11,23.3006089159868,11.6944801026958
"mistletoe",22,"inla_spde_group",1,"count",31,23.3006089159868,11.6944801026958
"mistletoe",22,"inla_spde_group",1,"count",24,23.1909286550351,11.6944801026958
"mistletoe",22,"inla_spde_group",1,"count",20,18.5390411121486,11.6944801026958
"mistletoe",22,"inla_spde_group",1,"count",20,18.5390411121486,11.6944801026958
"mistletoe",22,"inla_spde_group",1,"count",8,13.760995847821,11.6944801026958
"mistletoe",22,"inla_spde_group",1,"count",18,20.3781646161397,11.6944801026958
"mistletoe",22,"inla_spde_group",1,"count",8,19.4273471362412,11.6944801026958
"mistletoe",22,"inla_spde_group",1,"count",21,19.4273471362412,11.6944801026958
"mistletoe",22,"inla_spde_group",1,"count",12,19.4273471362412,11.6944801026958
"mistletoe",22,"inla_spde_group",1,"count",13,19.4273471362412,11.6944801026958
"mistletoe",22,"inla_spde_group",1,"count",3,11.7742727667628,11.6944801026958
"mistletoe",22,"inla_spde_group",1,"count",10,11.7742727667628,11.6944801026958
"mistletoe",22,"inla_spde_group",1,"count",0,11.7742727667628,11.6944801026958
"mistletoe",22,"inla_spde_group",1,"count",6,11.7742727667628,11.6944801026958
"mistletoe",22,"inla_spde_group",1,"count",16,23.3006089159868,11.6944801026958
"mistletoe",22,"inla_spde_group",1,"count",23,23.3006089159868,11.6944801026958
"mistletoe",22,"inla_spde_group",1,"count",15,23.1909286550351,11.6944801026958
"mistletoe",22,"inla_spde_group",1,"count",18,23.1909286550351,11.6944801026958
"mistletoe",22,"inla_spde_group",1,"count",29,23.1909286550351,11.6944801026958
"mistletoe",22,"inla_spde_group",1,"count",32,18.5390411121486,11.6944801026958
"mistletoe",22,"inla_spde_group",1,"count",7,13.760995847821,11.6944801026958
"mistletoe",22,"inla_spde_group",1,"count",5,13.760995847821,11.6944801026958
"mistletoe",22,"inla_spde_group",1,"count",6,13.760995847821,11.6944801026958
"mistletoe",22,"inla_spde_group",2,"count",48,13.1966069447939,12.0306258322237
"mistletoe",22,"inla_spde_group",2,"count",8,16.8679298811053,12.0306258322237
"mistletoe",22,"inla_spde_group",2,"count",6,14.2102002734042,12.0306258322237
"mistletoe",22,"inla_spde_group",2,"count",17,14.6568458244969,12.0306258322237
"mistletoe",22,"inla_spde_group",2,"count",8,9.70662692755888,12.0306258322237
"mistletoe",22,"inla_spde_group",2,"count",16,10.6231794745665,12.0306258322237
"mistletoe",22,"inla_spde_group",2,"count",40,12.8968648119919,12.0306258322237
"mistletoe",22,"inla_spde_group",2,"count",11,12.368251287444,12.0306258322237
"mistletoe",22,"inla_spde_group",2,"count",31,12.368251287444,12.0306258322237
"mistletoe",22,"inla_spde_group",2,"count",14,12.368251287444,12.0306258322237
"mistletoe",22,"inla_spde_group",2,"count",14,14.0647833903882,12.0306258322237
"mistletoe",22,"inla_spde_group",2,"count",19,16.1826388768332,12.0306258322237
"mistletoe",22,"inla_spde_group",2,"count",13,11.9851115982334,12.0306258322237
"mistletoe",22,"inla_spde_group",2,"count",4,11.5507623585479,12.0306258322237
"mistletoe",22,"inla_spde_group",2,"count",3,10.3447627993118,12.0306258322237
"mistletoe",22,"inla_spde_group",2,"count",29,10.289232648971,12.0306258322237
"mistletoe",22,"inla_spde_group",2,"count",10,10.289232648971,12.0306258322237
"mistletoe",22,"inla_spde_group",2,"count",12,10.6231794745665,12.0306258322237
"mistletoe",22,"inla_spde_group",2,"count",14,10.951249510069,12.0306258322237
"mistletoe",22,"inla_spde_group",2,"count",0,14.2102002734042,12.0306258322237
"mistletoe",22,"inla_spde_group",2,"count",27,14.2102002734042,12.0306258322237
"mistletoe",22,"inla_spde_group",2,"count",23,12.2330095151219,12.0306258322237
"mistletoe",22,"inla_spde_group",2,"count",24,12.5538593614207,12.0306258322237
"mistletoe",22,"inla_spde_group",2,"count",5,14.6568458244969,12.0306258322237
"mistletoe",22,"inla_spde_group",2,"count",9,9.70662692755888,12.0306258322237
"mistletoe",22,"inla_spde_group",2,"count",14,10.3447627993118,12.0306258322237
"mistletoe",22,"inla_spde_group",2,"count",13,10.3447627993118,12.0306258322237
"mistletoe",22,"inla_spde_group",2,"count",17,10.289232648971,12.0306258322237
"mistletoe",22,"inla_spde_group",2,"count",17,10.289232648971,12.0306258322237
"mistletoe",22,"inla_spde_group",2,"count",11,12.8968648119919,12.0306258322237
"mistletoe",22,"inla_spde_group",2,"count",18,12.8968648119919,12.0306258322237
"mistletoe",22,"inla_spde_group",2,"count",12,12.8803284141412,12.0306258322237
"mistletoe",22,"inla_spde_group",2,"count",33,11.7098907711604,12.0306258322237
"mistletoe",22,"inla_spde_group",2,"count",12,11.7098907711604,12.0306258322237
"mistletoe",22,"inla_spde_group",2,"count",9,13.8154887634535,12.0306258322237
"mistletoe",22,"inla_spde_group",2,"count",2,12.368251287444,12.0306258322237
"mistletoe",22,"inla_spde_group",2,"count",6,14.0647833903882,12.0306258322237
"mistletoe",22,"inla_spde_group",2,"count",54,14.0647833903882,12.0306258322237
"mistletoe",22,"inla_spde_group",2,"count",1,14.2621387644459,12.0306258322237
"mistletoe",22,"inla_spde_group",2,"count",19,13.1966069447939,12.0306258322237
"mistletoe",22,"inla_spde_group",2,"count",49,13.1966069447939,12.0306258322237
"mistletoe",22,"inla_spde_group",2,"count",8,12.4295093655005,12.0306258322237
"mistletoe",22,"inla_spde_group",2,"count",4,11.5507623585479,12.0306258322237
"mistletoe",22,"inla_spde_group",2,"count",10,13.5630227617218,12.0306258322237
"mistletoe",22,"inla_spde_group",2,"count",33,16.8679298811053,12.0306258322237
"mistletoe",22,"inla_spde_group",2,"count",9,12.2330095151219,12.0306258322237
"mistletoe",22,"inla_spde_group",2,"count",23,16.8679298811053,12.0306258322237
"mistletoe",22,"inla_spde_group",2,"count",18,16.8679298811053,12.0306258322237
"mistletoe",22,"inla_spde_group",2,"count",6,11.9851115982334,12.0306258322237
"mistletoe",22,"inla_spde_group",2,"count",2,11.9851115982334,12.0306258322237
"mistletoe",22,"inla_spde_group",2,"count",2,11.9851115982334,12.0306258322237
"mistletoe",22,"inla_spde_group",2,"count",2,11.9851115982334,12.0306258322237
"mistletoe",22,"inla_spde_group",2,"count",13,11.9851115982334,12.0306258322237
"mistletoe",22,"inla_spde_group",2,"count",13,11.9851115982334,12.0306258322237
"mistletoe",22,"inla_spde_group",2,"count",9,11.9851115982334,12.0306258322237
"mistletoe",22,"inla_spde_group",2,"count",5,11.9851115982334,12.0306258322237
"mistletoe",22,"inla_spde_group",2,"count",6,11.9851115982334,12.0306258322237
"mistletoe",22,"inla_spde_group",2,"count",6,13.8154887634535,12.0306258322237
"mistletoe",22,"inla_spde_group",2,"count",4,13.8154887634535,12.0306258322237
"mistletoe",22,"inla_spde_group",2,"count",11,13.8154887634535,12.0306258322237
"mistletoe",22,"inla_spde_group",2,"count",2,13.8154887634535,12.0306258322237
"mistletoe",22,"inla_spde_group",2,"count",6,13.8154887634535,12.0306258322237
"mistletoe",22,"inla_spde_group",2,"count",13,9.70662692755888,12.0306258322237
"mistletoe",22,"inla_spde_group",2,"count",7,9.70662692755888,12.0306258322237
"mistletoe",22,"inla_spde_group",2,"count",13,9.70662692755888,12.0306258322237
"mistletoe",22,"inla_spde_group",2,"count",8,9.70662692755888,12.0306258322237
"mistletoe",22,"inla_spde_group",2,"count",12,9.70662692755888,12.0306258322237
"mistletoe",22,"inla_spde_group",2,"count",3,9.70662692755888,12.0306258322237
"mistletoe",22,"inla_spde_group",2,"count",23,10.3447627993118,12.0306258322237
"mistletoe",22,"inla_spde_group",2,"count",8,10.3447627993118,12.0306258322237
"mistletoe",22,"inla_spde_group",2,"count",11,10.3447627993118,12.0306258322237
"mistletoe",22,"inla_spde_group",2,"count",7,10.3447627993118,12.0306258322237
"mistletoe",22,"inla_spde_group",2,"count",8,10.3447627993118,12.0306258322237
"mistletoe",22,"inla_spde_group",2,"count",10,10.289232648971,12.0306258322237
"mistletoe",22,"inla_spde_group",2,"count",18,10.289232648971,12.0306258322237
"mistletoe",22,"inla_spde_group",2,"count",10,10.289232648971,12.0306258322237
"mistletoe",22,"inla_spde_group",2,"count",18,10.289232648971,12.0306258322237
"mistletoe",22,"inla_spde_group",2,"count",13,10.289232648971,12.0306258322237
"mistletoe",22,"inla_spde_group",2,"count",16,10.6231794745665,12.0306258322237
"mistletoe",22,"inla_spde_group",2,"count",10,10.6231794745665,12.0306258322237
"mistletoe",22,"inla_spde_group",2,"count",10,10.6231794745665,12.0306258322237
"mistletoe",22,"inla_spde_group",2,"count",13,10.6231794745665,12.0306258322237
"mistletoe",22,"inla_spde_group",2,"count",7,10.6231794745665,12.0306258322237
"mistletoe",22,"inla_spde_group",2,"count",4,10.6231794745665,12.0306258322237
"mistletoe",22,"inla_spde_group",2,"count",5,10.6231794745665,12.0306258322237
"mistletoe",22,"inla_spde_group",2,"count",34,10.951249510069,12.0306258322237
"mistletoe",22,"inla_spde_group",2,"count",22,10.951249510069,12.0306258322237
"mistletoe",22,"inla_spde_group",2,"count",34,10.951249510069,12.0306258322237
"mistletoe",22,"inla_spde_group",2,"count",18,10.951249510069,12.0306258322237
"mistletoe",22,"inla_spde_group",2,"count",8,10.951249510069,12.0306258322237
"mistletoe",22,"inla_spde_group",2,"count",7,10.951249510069,12.0306258322237
"mistletoe",22,"inla_spde_group",2,"count",4,21.435667864706,12.0306258322237
"mistletoe",22,"inla_spde_group",2,"count",7,21.435667864706,12.0306258322237
"mistletoe",22,"inla_spde_group",2,"count",2,21.435667864706,12.0306258322237
"mistletoe",22,"inla_spde_group",2,"count",17,21.435667864706,12.0306258322237
"mistletoe",22,"inla_spde_group",2,"count",10,21.435667864706,12.0306258322237
"mistletoe",22,"inla_spde_group",2,"count",10,21.435667864706,12.0306258322237
"mistletoe",22,"inla_spde_group",2,"count",3,14.6568458244969,12.0306258322237
"mistletoe",22,"inla_spde_group",2,"count",0,14.6568458244969,12.0306258322237
"mistletoe",22,"inla_spde_group",2,"count",2,14.6568458244969,12.0306258322237
"mistletoe",22,"inla_spde_group",2,"count",16,14.6568458244969,12.0306258322237
"mistletoe",22,"inla_spde_group",2,"count",14,14.6568458244969,12.0306258322237
"mistletoe",22,"inla_spde_group",2,"count",5,14.6568458244969,12.0306258322237
"mistletoe",22,"inla_spde_group",2,"count",13,14.6568458244969,12.0306258322237
"mistletoe",22,"inla_spde_group",2,"count",15,14.6568458244969,12.0306258322237
"mistletoe",22,"inla_spde_group",2,"count",2,12.368251287444,12.0306258322237
"mistletoe",22,"inla_spde_group",2,"count",9,12.368251287444,12.0306258322237
"mistletoe",22,"inla_spde_group",2,"count",0,12.368251287444,12.0306258322237
"mistletoe",22,"inla_spde_group",2,"count",2,12.368251287444,12.0306258322237
"mistletoe",22,"inla_spde_group",2,"count",8,12.368251287444,12.0306258322237
"mistletoe",22,"inla_spde_group",2,"count",11,14.0647833903882,12.0306258322237
"mistletoe",22,"inla_spde_group",2,"count",10,14.0647833903882,12.0306258322237
"mistletoe",22,"inla_spde_group",2,"count",3,14.0647833903882,12.0306258322237
"mistletoe",22,"inla_spde_group",2,"count",19,14.0647833903882,12.0306258322237
"mistletoe",22,"inla_spde_group",2,"count",22,14.0647833903882,12.0306258322237
"mistletoe",22,"inla_spde_group",2,"count",22,14.0647833903882,12.0306258322237
"mistletoe",22,"inla_spde_group",2,"count",12,14.0647833903882,12.0306258322237
"mistletoe",22,"inla_spde_group",2,"count",8,14.2102002734042,12.0306258322237
"mistletoe",22,"inla_spde_group",2,"count",8,14.2102002734042,12.0306258322237
"mistletoe",22,"inla_spde_group",2,"count",7,14.2102002734042,12.0306258322237
"mistletoe",22,"inla_spde_group",2,"count",13,14.2102002734042,12.0306258322237
"mistletoe",22,"inla_spde_group",2,"count",7,14.2102002734042,12.0306258322237
"mistletoe",22,"inla_spde_group",2,"count",18,14.2102002734042,12.0306258322237
"mistletoe",22,"inla_spde_group",2,"count",7,14.2102002734042,12.0306258322237
"mistletoe",22,"inla_spde_group",2,"count",7,14.2621387644459,12.0306258322237
"mistletoe",22,"inla_spde_group",2,"count",5,14.2621387644459,12.0306258322237
"mistletoe",22,"inla_spde_group",2,"count",2,14.2621387644459,12.0306258322237
"mistletoe",22,"inla_spde_group",2,"count",22,14.2621387644459,12.0306258322237
"mistletoe",22,"inla_spde_group",2,"count",17,14.2621387644459,12.0306258322237
"mistletoe",22,"inla_spde_group",2,"count",15,14.2621387644459,12.0306258322237
"mistletoe",22,"inla_spde_group",2,"count",22,14.2621387644459,12.0306258322237
"mistletoe",22,"inla_spde_group",2,"count",14,14.2621387644459,12.0306258322237
"mistletoe",22,"inla_spde_group",2,"count",13,14.2621387644459,12.0306258322237
"mistletoe",22,"inla_spde_group",2,"count",3,12.8968648119919,12.0306258322237
"mistletoe",22,"inla_spde_group",2,"count",8,12.8968648119919,12.0306258322237
"mistletoe",22,"inla_spde_group",2,"count",5,12.8968648119919,12.0306258322237
"mistletoe",22,"inla_spde_group",2,"count",3,12.8968648119919,12.0306258322237
"mistletoe",22,"inla_spde_group",2,"count",8,12.8968648119919,12.0306258322237
"mistletoe",22,"inla_spde_group",2,"count",6,12.8968648119919,12.0306258322237
"mistletoe",22,"inla_spde_group",2,"count",8,12.8968648119919,12.0306258322237
"mistletoe",22,"inla_spde_group",2,"count",13,12.2330095151219,12.0306258322237
"mistletoe",22,"inla_spde_group",2,"count",6,12.2330095151219,12.0306258322237
"mistletoe",22,"inla_spde_group",2,"count",8,12.2330095151219,12.0306258322237
"mistletoe",22,"inla_spde_group",2,"count",9,12.2330095151219,12.0306258322237
"mistletoe",22,"inla_spde_group",2,"count",21,12.5538593614207,12.0306258322237
"mistletoe",22,"inla_spde_group",2,"count",10,12.5538593614207,12.0306258322237
"mistletoe",22,"inla_spde_group",2,"count",8,12.5538593614207,12.0306258322237
"mistletoe",22,"inla_spde_group",2,"count",19,12.5538593614207,12.0306258322237
"mistletoe",22,"inla_spde_group",2,"count",13,12.5538593614207,12.0306258322237
"mistletoe",22,"inla_spde_group",2,"count",24,12.5538593614207,12.0306258322237
"mistletoe",22,"inla_spde_group",2,"count",11,12.8803284141412,12.0306258322237
"mistletoe",22,"inla_spde_group",2,"count",24,12.8803284141412,12.0306258322237
"mistletoe",22,"inla_spde_group",2,"count",14,12.8803284141412,12.0306258322237
"mistletoe",22,"inla_spde_group",2,"count",25,12.8803284141412,12.0306258322237
"mistletoe",22,"inla_spde_group",2,"count",8,12.8803284141412,12.0306258322237
"mistletoe",22,"inla_spde_group",2,"count",23,12.8803284141412,12.0306258322237
"mistletoe",22,"inla_spde_group",2,"count",19,12.8959540877174,12.0306258322237
"mistletoe",22,"inla_spde_group",2,"count",9,13.1966069447939,12.0306258322237
"mistletoe",22,"inla_spde_group",2,"count",15,13.1966069447939,12.0306258322237
"mistletoe",22,"inla_spde_group",2,"count",11,13.1966069447939,12.0306258322237
"mistletoe",22,"inla_spde_group",2,"count",15,12.4295093655005,12.0306258322237
"mistletoe",22,"inla_spde_group",2,"count",5,12.4295093655005,12.0306258322237
"mistletoe",22,"inla_spde_group",2,"count",13,12.4295093655005,12.0306258322237
"mistletoe",22,"inla_spde_group",2,"count",12,12.4295093655005,12.0306258322237
"mistletoe",22,"inla_spde_group",2,"count",12,12.4295093655005,12.0306258322237
"mistletoe",22,"inla_spde_group",2,"count",4,12.4295093655005,12.0306258322237
"mistletoe",22,"inla_spde_group",2,"count",4,12.4295093655005,12.0306258322237
"mistletoe",22,"inla_spde_group",2,"count",21,12.4295093655005,12.0306258322237
"mistletoe",22,"inla_spde_group",2,"count",17,12.4295093655005,12.0306258322237
"mistletoe",22,"inla_spde_group",2,"count",8,12.4295093655005,12.0306258322237
"mistletoe",22,"inla_spde_group",2,"count",8,12.4295093655005,12.0306258322237
"mistletoe",22,"inla_spde_group",2,"count",1,11.5507623585479,12.0306258322237
"mistletoe",22,"inla_spde_group",2,"count",6,11.5507623585479,12.0306258322237
"mistletoe",22,"inla_spde_group",2,"count",1,11.5507623585479,12.0306258322237
"mistletoe",22,"inla_spde_group",2,"count",29,11.5507623585479,12.0306258322237
"mistletoe",22,"inla_spde_group",2,"count",29,11.5507623585479,12.0306258322237
"mistletoe",22,"inla_spde_group",2,"count",19,11.5507623585479,12.0306258322237
"mistletoe",22,"inla_spde_group",2,"count",16,11.5507623585479,12.0306258322237
"mistletoe",22,"inla_spde_group",2,"count",24,11.5507623585479,12.0306258322237
"mistletoe",22,"inla_spde_group",2,"count",3,11.5507623585479,12.0306258322237
"mistletoe",22,"inla_spde_group",2,"count",4,11.5507623585479,12.0306258322237
"mistletoe",22,"inla_spde_group",2,"count",12,26.4194824399881,12.0306258322237
"mistletoe",22,"inla_spde_group",2,"count",9,26.4194824399881,12.0306258322237
"mistletoe",22,"inla_spde_group",2,"count",7,26.4194824399881,12.0306258322237
"mistletoe",22,"inla_spde_group",2,"count",7,26.4194824399881,12.0306258322237
"mistletoe",22,"inla_spde_group",2,"count",15,26.4194824399881,12.0306258322237
"mistletoe",22,"inla_spde_group",2,"count",13,11.7098907711604,12.0306258322237
"mistletoe",22,"inla_spde_group",2,"count",13,11.7098907711604,12.0306258322237
"mistletoe",22,"inla_spde_group",2,"count",12,11.7098907711604,12.0306258322237
"mistletoe",22,"inla_spde_group",2,"count",7,13.5630227617218,12.0306258322237
"mistletoe",22,"inla_spde_group",2,"count",11,13.5630227617218,12.0306258322237
"mistletoe",22,"inla_spde_group",2,"count",6,13.5630227617218,12.0306258322237
"mistletoe",22,"inla_spde_group",2,"count",8,13.5630227617218,12.0306258322237
"mistletoe",22,"inla_spde_group",2,"count",8,13.5630227617218,12.0306258322237
"mistletoe",22,"inla_spde_group",2,"count",7,16.1826388768332,12.0306258322237
"mistletoe",22,"inla_spde_group",2,"count",11,16.1826388768332,12.0306258322237
"mistletoe",22,"inla_spde_group",2,"count",15,16.1826388768332,12.0306258322237
"mistletoe",22,"inla_spde_group",2,"count",6,16.1826388768332,12.0306258322237
"mistletoe",22,"inla_spde_group",2,"count",5,16.1826388768332,12.0306258322237
"mistletoe",22,"inla_spde_group",2,"count",18,16.8679298811053,12.0306258322237
"mistletoe",22,"inla_spde_group",2,"count",15,16.8679298811053,12.0306258322237
"mistletoe",22,"inla_spde_group",2,"count",7,13.0870588498991,12.0306258322237
"mistletoe",22,"inla_spde_group",2,"count",24,13.0870588498991,12.0306258322237
"mistletoe",22,"inla_spde_group",2,"count",37,13.0870588498991,12.0306258322237
"mistletoe",22,"inla_spde_group",2,"count",24,13.0870588498991,12.0306258322237
"mistletoe",22,"inla_spde_group",2,"count",15,13.0870588498991,12.0306258322237
"mistletoe",22,"inla_spde_group",2,"count",8,13.0870588498991,12.0306258322237
"mistletoe",22,"inla_spde_group",2,"count",18,12.8959540877174,12.0306258322237
"mistletoe",22,"inla_spde_group",2,"count",4,21.435667864706,12.0306258322237
"mistletoe",22,"inla_spde_group",2,"count",25,12.8959540877174,12.0306258322237
"mistletoe",22,"inla_spde_group",2,"count",20,12.8959540877174,12.0306258322237
"mistletoe",22,"inla_spde_group",2,"count",6,26.4194824399881,12.0306258322237
"mistletoe",22,"inla_spde_group",2,"count",20,26.4194824399881,12.0306258322237
"mistletoe",22,"inla_spde_group",2,"count",8,11.9851115982334,12.0306258322237
"mistletoe",22,"inla_spde_group",2,"count",17,13.8154887634535,12.0306258322237
"mistletoe",22,"inla_spde_group",2,"count",5,13.8154887634535,12.0306258322237
"mistletoe",22,"inla_spde_group",2,"count",17,13.8154887634535,12.0306258322237
"mistletoe",22,"inla_spde_group",2,"count",3,13.8154887634535,12.0306258322237
"mistletoe",22,"inla_spde_group",2,"count",5,21.435667864706,12.0306258322237
"mistletoe",22,"inla_spde_group",2,"count",6,21.435667864706,12.0306258322237
"mistletoe",22,"inla_spde_group",2,"count",18,12.8959540877174,12.0306258322237
"mistletoe",22,"inla_spde_group",2,"count",15,12.8959540877174,12.0306258322237
"mistletoe",22,"inla_spde_group",2,"count",10,26.4194824399881,12.0306258322237
"mistletoe",22,"inla_spde_group",2,"count",12,26.4194824399881,12.0306258322237
"mistletoe",22,"inla_spde_group",2,"count",30,26.4194824399881,12.0306258322237
"mistletoe",22,"inla_spde_group",2,"count",23,12.8959540877174,12.0306258322237
"mistletoe",22,"inla_spde_group",2,"count",4,13.8154887634535,12.0306258322237
"mistletoe",22,"inla_spde_group",3,"count",21,10.761844425112,12.3659117997616
"mistletoe",22,"inla_spde_group",3,"count",21,12.4528413923916,12.3659117997616
"mistletoe",22,"inla_spde_group",3,"count",24,10.1544857332306,12.3659117997616
"mistletoe",22,"inla_spde_group",3,"count",80,11.5781647042014,12.3659117997616
"mistletoe",22,"inla_spde_group",3,"count",12,12.1222258232377,12.3659117997616
"mistletoe",22,"inla_spde_group",3,"count",4,10.8941637944784,12.3659117997616
"mistletoe",22,"inla_spde_group",3,"count",10,12.9063017033308,12.3659117997616
"mistletoe",22,"inla_spde_group",3,"count",31,9.62742651751593,12.3659117997616
"mistletoe",22,"inla_spde_group",3,"count",10,12.244214540553,12.3659117997616
"mistletoe",22,"inla_spde_group",3,"count",3,10.8941637944784,12.3659117997616
"mistletoe",22,"inla_spde_group",3,"count",12,12.1255920519237,12.3659117997616
"mistletoe",22,"inla_spde_group",3,"count",13,11.5781647042014,12.3659117997616
"mistletoe",22,"inla_spde_group",3,"count",23,11.5781647042014,12.3659117997616
"mistletoe",22,"inla_spde_group",3,"count",11,12.2336636272757,12.3659117997616
"mistletoe",22,"inla_spde_group",3,"count",11,10.5864046363018,12.3659117997616
"mistletoe",22,"inla_spde_group",3,"count",14,11.0147038433382,12.3659117997616
"mistletoe",22,"inla_spde_group",3,"count",28,9.62742651751593,12.3659117997616
"mistletoe",22,"inla_spde_group",3,"count",12,10.4303076270936,12.3659117997616
"mistletoe",22,"inla_spde_group",3,"count",30,11.757074714513,12.3659117997616
"mistletoe",22,"inla_spde_group",3,"count",10,11.757074714513,12.3659117997616
"mistletoe",22,"inla_spde_group",3,"count",18,12.4464546639631,12.3659117997616
"mistletoe",22,"inla_spde_group",3,"count",15,10.752169852759,12.3659117997616
"mistletoe",22,"inla_spde_group",3,"count",14,10.1544857332306,12.3659117997616
"mistletoe",22,"inla_spde_group",3,"count",14,10.8941637944784,12.3659117997616
"mistletoe",22,"inla_spde_group",3,"count",9,12.1255920519237,12.3659117997616
"mistletoe",22,"inla_spde_group",3,"count",2,11.5781647042014,12.3659117997616
"mistletoe",22,"inla_spde_group",3,"count",7,12.3670143194298,12.3659117997616
"mistletoe",22,"inla_spde_group",3,"count",5,12.241243936029,12.3659117997616
"mistletoe",22,"inla_spde_group",3,"count",9,12.1255920519237,12.3659117997616
"mistletoe",22,"inla_spde_group",3,"count",9,12.1255920519237,12.3659117997616
"mistletoe",22,"inla_spde_group",3,"count",53,11.8191184797707,12.3659117997616
"mistletoe",22,"inla_spde_group",3,"count",4,11.8191184797707,12.3659117997616
"mistletoe",22,"inla_spde_group",3,"count",15,11.0147038433382,12.3659117997616
"mistletoe",22,"inla_spde_group",3,"count",7,12.1255920519237,12.3659117997616
"mistletoe",22,"inla_spde_group",3,"count",10,11.8191184797707,12.3659117997616
"mistletoe",22,"inla_spde_group",3,"count",11,11.5781647042014,12.3659117997616
"mistletoe",22,"inla_spde_group",3,"count",13,12.1222258232377,12.3659117997616
"mistletoe",22,"inla_spde_group",3,"count",14,12.1222258232377,12.3659117997616
"mistletoe",22,"inla_spde_group",3,"count",9,10.1544857332306,12.3659117997616
"mistletoe",22,"inla_spde_group",3,"count",7,10.1544857332306,12.3659117997616
"mistletoe",22,"inla_spde_group",3,"count",12,9.62742651751593,12.3659117997616
"mistletoe",22,"inla_spde_group",3,"count",12,13.2745067577828,12.3659117997616
"mistletoe",22,"inla_spde_group",3,"count",11,12.9063017033308,12.3659117997616
"mistletoe",22,"inla_spde_group",3,"count",10,10.4303076270936,12.3659117997616
"mistletoe",22,"inla_spde_group",3,"count",3,12.9063017033308,12.3659117997616
"mistletoe",22,"inla_spde_group",3,"count",3,11.0147038433382,12.3659117997616
"mistletoe",22,"inla_spde_group",3,"count",10,12.1255920519237,12.3659117997616
"mistletoe",22,"inla_spde_group",3,"count",15,10.752169852759,12.3659117997616
"mistletoe",22,"inla_spde_group",3,"count",6,10.752169852759,12.3659117997616
"mistletoe",22,"inla_spde_group",3,"count",8,10.752169852759,12.3659117997616
"mistletoe",22,"inla_spde_group",3,"count",9,10.752169852759,12.3659117997616
"mistletoe",22,"inla_spde_group",3,"count",12,10.752169852759,12.3659117997616
"mistletoe",22,"inla_spde_group",3,"count",8,10.761844425112,12.3659117997616
"mistletoe",22,"inla_spde_group",3,"count",10,10.761844425112,12.3659117997616
"mistletoe",22,"inla_spde_group",3,"count",4,10.761844425112,12.3659117997616
"mistletoe",22,"inla_spde_group",3,"count",6,10.761844425112,12.3659117997616
"mistletoe",22,"inla_spde_group",3,"count",3,10.761844425112,12.3659117997616
"mistletoe",22,"inla_spde_group",3,"count",7,10.1544857332306,12.3659117997616
"mistletoe",22,"inla_spde_group",3,"count",5,10.1544857332306,12.3659117997616
"mistletoe",22,"inla_spde_group",3,"count",14,10.1544857332306,12.3659117997616
"mistletoe",22,"inla_spde_group",3,"count",14,10.1544857332306,12.3659117997616
"mistletoe",22,"inla_spde_group",3,"count",9,10.1544857332306,12.3659117997616
"mistletoe",22,"inla_spde_group",3,"count",8,9.62742651751593,12.3659117997616
"mistletoe",22,"inla_spde_group",3,"count",17,9.62742651751593,12.3659117997616
"mistletoe",22,"inla_spde_group",3,"count",14,9.62742651751593,12.3659117997616
"mistletoe",22,"inla_spde_group",3,"count",8,9.62742651751593,12.3659117997616
"mistletoe",22,"inla_spde_group",3,"count",10,9.62742651751593,12.3659117997616
"mistletoe",22,"inla_spde_group",3,"count",9,9.62742651751593,12.3659117997616
"mistletoe",22,"inla_spde_group",3,"count",16,10.4303076270936,12.3659117997616
"mistletoe",22,"inla_spde_group",3,"count",4,10.4303076270936,12.3659117997616
"mistletoe",22,"inla_spde_group",3,"count",4,10.4303076270936,12.3659117997616
"mistletoe",22,"inla_spde_group",3,"count",10,12.3670143194298,12.3659117997616
"mistletoe",22,"inla_spde_group",3,"count",7,12.3670143194298,12.3659117997616
"mistletoe",22,"inla_spde_group",3,"count",3,12.3670143194298,12.3659117997616
"mistletoe",22,"inla_spde_group",3,"count",7,12.447407783105,12.3659117997616
"mistletoe",22,"inla_spde_group",3,"count",6,12.447407783105,12.3659117997616
"mistletoe",22,"inla_spde_group",3,"count",3,12.2727111004351,12.3659117997616
"mistletoe",22,"inla_spde_group",3,"count",0,12.2727111004351,12.3659117997616
"mistletoe",22,"inla_spde_group",3,"count",10,12.6584471028515,12.3659117997616
"mistletoe",22,"inla_spde_group",3,"count",12,12.6584471028515,12.3659117997616
"mistletoe",22,"inla_spde_group",3,"count",12,12.6584471028515,12.3659117997616
"mistletoe",22,"inla_spde_group",3,"count",3,12.6584471028515,12.3659117997616
"mistletoe",22,"inla_spde_group",3,"count",2,12.241243936029,12.3659117997616
"mistletoe",22,"inla_spde_group",3,"count",11,12.241243936029,12.3659117997616
"mistletoe",22,"inla_spde_group",3,"count",16,12.241243936029,12.3659117997616
"mistletoe",22,"inla_spde_group",3,"count",4,12.1255920519237,12.3659117997616
"mistletoe",22,"inla_spde_group",3,"count",5,12.1255920519237,12.3659117997616
"mistletoe",22,"inla_spde_group",3,"count",11,12.1255920519237,12.3659117997616
"mistletoe",22,"inla_spde_group",3,"count",8,12.1255920519237,12.3659117997616
"mistletoe",22,"inla_spde_group",3,"count",17,11.8191184797707,12.3659117997616
"mistletoe",22,"inla_spde_group",3,"count",5,11.8191184797707,12.3659117997616
"mistletoe",22,"inla_spde_group",3,"count",11,11.8191184797707,12.3659117997616
"mistletoe",22,"inla_spde_group",3,"count",6,11.8191184797707,12.3659117997616
"mistletoe",22,"inla_spde_group",3,"count",14,11.8191184797707,12.3659117997616
"mistletoe",22,"inla_spde_group",3,"count",9,11.8191184797707,12.3659117997616
"mistletoe",22,"inla_spde_group",3,"count",8,11.8191184797707,12.3659117997616
"mistletoe",22,"inla_spde_group",3,"count",12,11.757074714513,12.3659117997616
"mistletoe",22,"inla_spde_group",3,"count",12,11.757074714513,12.3659117997616
"mistletoe",22,"inla_spde_group",3,"count",8,10.5864046363018,12.3659117997616
"mistletoe",22,"inla_spde_group",3,"count",4,10.5864046363018,12.3659117997616
"mistletoe",22,"inla_spde_group",3,"count",9,10.5864046363018,12.3659117997616
"mistletoe",22,"inla_spde_group",3,"count",10,10.5864046363018,12.3659117997616
"mistletoe",22,"inla_spde_group",3,"count",18,10.5864046363018,12.3659117997616
"mistletoe",22,"inla_spde_group",3,"count",8,10.5864046363018,12.3659117997616
"mistletoe",22,"inla_spde_group",3,"count",28,10.5864046363018,12.3659117997616
"mistletoe",22,"inla_spde_group",3,"count",14,10.5864046363018,12.3659117997616
"mistletoe",22,"inla_spde_group",3,"count",10,11.5781647042014,12.3659117997616
"mistletoe",22,"inla_spde_group",3,"count",9,11.5781647042014,12.3659117997616
"mistletoe",22,"inla_spde_group",3,"count",6,11.5781647042014,12.3659117997616
"mistletoe",22,"inla_spde_group",3,"count",4,11.5781647042014,12.3659117997616
"mistletoe",22,"inla_spde_group",3,"count",3,11.5781647042014,12.3659117997616
"mistletoe",22,"inla_spde_group",3,"count",6,13.2745067577828,12.3659117997616
"mistletoe",22,"inla_spde_group",3,"count",9,13.2745067577828,12.3659117997616
"mistletoe",22,"inla_spde_group",3,"count",11,13.2745067577828,12.3659117997616
"mistletoe",22,"inla_spde_group",3,"count",14,11.0147038433382,12.3659117997616
"mistletoe",22,"inla_spde_group",3,"count",7,11.0147038433382,12.3659117997616
"mistletoe",22,"inla_spde_group",3,"count",6,11.0147038433382,12.3659117997616
"mistletoe",22,"inla_spde_group",3,"count",7,11.0147038433382,12.3659117997616
"mistletoe",22,"inla_spde_group",3,"count",7,11.0147038433382,12.3659117997616
"mistletoe",22,"inla_spde_group",3,"count",5,11.0147038433382,12.3659117997616
"mistletoe",22,"inla_spde_group",3,"count",4,11.0147038433382,12.3659117997616
"mistletoe",22,"inla_spde_group",3,"count",13,11.0147038433382,12.3659117997616
"mistletoe",22,"inla_spde_group",3,"count",6,10.8941637944784,12.3659117997616
"mistletoe",22,"inla_spde_group",3,"count",7,10.8941637944784,12.3659117997616
"mistletoe",22,"inla_spde_group",3,"count",14,10.8941637944784,12.3659117997616
"mistletoe",22,"inla_spde_group",3,"count",12,10.8941637944784,12.3659117997616
"mistletoe",22,"inla_spde_group",3,"count",7,10.8941637944784,12.3659117997616
"mistletoe",22,"inla_spde_group",3,"count",12,10.8941637944784,12.3659117997616
"mistletoe",22,"inla_spde_group",3,"count",5,10.3084297830387,12.3659117997616
"mistletoe",22,"inla_spde_group",3,"count",8,10.3084297830387,12.3659117997616
"mistletoe",22,"inla_spde_group",3,"count",6,10.3084297830387,12.3659117997616
"mistletoe",22,"inla_spde_group",3,"count",5,10.3084297830387,12.3659117997616
"mistletoe",22,"inla_spde_group",3,"count",5,10.3084297830387,12.3659117997616
"mistletoe",22,"inla_spde_group",3,"count",3,10.3084297830387,12.3659117997616
"mistletoe",22,"inla_spde_group",3,"count",12,10.1544857332306,12.3659117997616
"mistletoe",22,"inla_spde_group",3,"count",11,9.62742651751593,12.3659117997616
"mistletoe",22,"inla_spde_group",3,"count",19,11.757074714513,12.3659117997616
"mistletoe",22,"inla_spde_group",3,"count",13,11.757074714513,12.3659117997616
"mistletoe",22,"inla_spde_group",3,"count",10,11.757074714513,12.3659117997616
"mistletoe",22,"inla_spde_group",4,"count",17,14.1426316279714,12.4647355163728
"mistletoe",22,"inla_spde_group",4,"count",29,13.858495158002,12.4647355163728
"mistletoe",22,"inla_spde_group",4,"count",16,13.0980476475481,12.4647355163728
"mistletoe",22,"inla_spde_group",4,"count",0,13.0980476475481,12.4647355163728
"mistletoe",22,"inla_spde_group",4,"count",21,12.9223081911019,12.4647355163728
"mistletoe",22,"inla_spde_group",4,"count",3,12.9223081911019,12.4647355163728
"mistletoe",22,"inla_spde_group",4,"count",12,15.1283425750927,12.4647355163728
"mistletoe",22,"inla_spde_group",4,"count",8,13.6416738358888,12.4647355163728
"mistletoe",22,"inla_spde_group",4,"count",17,14.5626880100337,12.4647355163728
"mistletoe",22,"inla_spde_group",4,"count",18,13.1829240169294,12.4647355163728
"mistletoe",22,"inla_spde_group",4,"count",6,13.858495158002,12.4647355163728
"mistletoe",22,"inla_spde_group",4,"count",10,14.0096492284838,12.4647355163728
"mistletoe",22,"inla_spde_group",4,"count",5,12.7009770755688,12.4647355163728
"mistletoe",22,"inla_spde_group",4,"count",12,14.5626880100337,12.4647355163728
"mistletoe",22,"inla_spde_group",4,"count",27,13.0980476475481,12.4647355163728
"mistletoe",22,"inla_spde_group",4,"count",13,12.512395006004,12.4647355163728
"mistletoe",22,"inla_spde_group",4,"count",9,13.1829240169294,12.4647355163728
"mistletoe",22,"inla_spde_group",4,"count",41,13.2796977903505,12.4647355163728
"mistletoe",22,"inla_spde_group",4,"count",12,15.8058402206479,12.4647355163728
"mistletoe",22,"inla_spde_group",4,"count",17,12.6463455607437,12.4647355163728
"mistletoe",22,"inla_spde_group",4,"count",18,12.6463455607437,12.4647355163728
"mistletoe",22,"inla_spde_group",4,"count",7,13.1829240169294,12.4647355163728
"mistletoe",22,"inla_spde_group",4,"count",15,13.0980476475481,12.4647355163728
"mistletoe",22,"inla_spde_group",4,"count",46,13.0641332093291,12.4647355163728
"mistletoe",22,"inla_spde_group",4,"count",14,13.0641332093291,12.4647355163728
"mistletoe",22,"inla_spde_group",4,"count",5,12.9223081911019,12.4647355163728
"mistletoe",22,"inla_spde_group",4,"count",24,13.6416738358888,12.4647355163728
"mistletoe",22,"inla_spde_group",4,"count",13,13.6416738358888,12.4647355163728
"mistletoe",22,"inla_spde_group",4,"count",5,12.7299812684559,12.4647355163728
"mistletoe",22,"inla_spde_group",4,"count",12,13.858495158002,12.4647355163728
"mistletoe",22,"inla_spde_group",4,"count",16,12.7009770755688,12.4647355163728
"mistletoe",22,"inla_spde_group",4,"count",10,12.925779577154,12.4647355163728
"mistletoe",22,"inla_spde_group",4,"count",5,15.1283425750927,12.4647355163728
"mistletoe",22,"inla_spde_group",4,"count",7,15.1283425750927,12.4647355163728
"mistletoe",22,"inla_spde_group",4,"count",7,15.1283425750927,12.4647355163728
"mistletoe",22,"inla_spde_group",4,"count",14,15.1283425750927,12.4647355163728
"mistletoe",22,"inla_spde_group",4,"count",5,15.1283425750927,12.4647355163728
"mistletoe",22,"inla_spde_group",4,"count",19,15.1283425750927,12.4647355163728
"mistletoe",22,"inla_spde_group",4,"count",6,14.1426316279714,12.4647355163728
"mistletoe",22,"inla_spde_group",4,"count",7,14.1426316279714,12.4647355163728
"mistletoe",22,"inla_spde_group",4,"count",4,13.6416738358888,12.4647355163728
"mistletoe",22,"inla_spde_group",4,"count",8,13.6416738358888,12.4647355163728
"mistletoe",22,"inla_spde_group",4,"count",21,13.6416738358888,12.4647355163728
"mistletoe",22,"inla_spde_group",4,"count",7,13.6416738358888,12.4647355163728
"mistletoe",22,"inla_spde_group",4,"count",4,13.6416738358888,12.4647355163728
"mistletoe",22,"inla_spde_group",4,"count",5,13.6416738358888,12.4647355163728
"mistletoe",22,"inla_spde_group",4,"count",5,13.6416738358888,12.4647355163728
"mistletoe",22,"inla_spde_group",4,"count",15,13.2796977903505,12.4647355163728
"mistletoe",22,"inla_spde_group",4,"count",18,13.2796977903505,12.4647355163728
"mistletoe",22,"inla_spde_group",4,"count",13,13.2796977903505,12.4647355163728
"mistletoe",22,"inla_spde_group",4,"count",9,13.2796977903505,12.4647355163728
"mistletoe",22,"inla_spde_group",4,"count",5,13.2796977903505,12.4647355163728
"mistletoe",22,"inla_spde_group",4,"count",9,13.2796977903505,12.4647355163728
"mistletoe",22,"inla_spde_group",4,"count",10,13.2796977903505,12.4647355163728
"mistletoe",22,"inla_spde_group",4,"count",3,13.2796977903505,12.4647355163728
"mistletoe",22,"inla_spde_group",4,"count",5,13.2796977903505,12.4647355163728
"mistletoe",22,"inla_spde_group",4,"count",10,13.2796977903505,12.4647355163728
"mistletoe",22,"inla_spde_group",4,"count",8,13.2796977903505,12.4647355163728
"mistletoe",22,"inla_spde_group",4,"count",12,12.7299812684559,12.4647355163728
"mistletoe",22,"inla_spde_group",4,"count",19,12.7299812684559,12.4647355163728
"mistletoe",22,"inla_spde_group",4,"count",26,12.7299812684559,12.4647355163728
"mistletoe",22,"inla_spde_group",4,"count",13,12.7299812684559,12.4647355163728
"mistletoe",22,"inla_spde_group",4,"count",13,12.7299812684559,12.4647355163728
"mistletoe",22,"inla_spde_group",4,"count",24,12.7299812684559,12.4647355163728
"mistletoe",22,"inla_spde_group",4,"count",18,12.7299812684559,12.4647355163728
"mistletoe",22,"inla_spde_group",4,"count",11,12.7299812684559,12.4647355163728
"mistletoe",22,"inla_spde_group",4,"count",16,12.7299812684559,12.4647355163728
"mistletoe",22,"inla_spde_group",4,"count",15,12.7299812684559,12.4647355163728
"mistletoe",22,"inla_spde_group",4,"count",6,14.5626880100337,12.4647355163728
"mistletoe",22,"inla_spde_group",4,"count",15,14.5626880100337,12.4647355163728
"mistletoe",22,"inla_spde_group",4,"count",2,14.5626880100337,12.4647355163728
"mistletoe",22,"inla_spde_group",4,"count",3,14.5626880100337,12.4647355163728
"mistletoe",22,"inla_spde_group",4,"count",11,14.5626880100337,12.4647355163728
"mistletoe",22,"inla_spde_group",4,"count",13,14.5626880100337,12.4647355163728
"mistletoe",22,"inla_spde_group",4,"count",12,15.8058402206479,12.4647355163728
"mistletoe",22,"inla_spde_group",4,"count",8,15.8058402206479,12.4647355163728
"mistletoe",22,"inla_spde_group",4,"count",7,15.8058402206479,12.4647355163728
"mistletoe",22,"inla_spde_group",4,"count",11,15.8058402206479,12.4647355163728
"mistletoe",22,"inla_spde_group",4,"count",18,15.8058402206479,12.4647355163728
"mistletoe",22,"inla_spde_group",4,"count",18,12.3840201628018,12.4647355163728
"mistletoe",22,"inla_spde_group",4,"count",17,12.3840201628018,12.4647355163728
"mistletoe",22,"inla_spde_group",4,"count",6,12.3840201628018,12.4647355163728
"mistletoe",22,"inla_spde_group",4,"count",8,12.3840201628018,12.4647355163728
"mistletoe",22,"inla_spde_group",4,"count",18,12.3840201628018,12.4647355163728
"mistletoe",22,"inla_spde_group",4,"count",11,12.3840201628018,12.4647355163728
"mistletoe",22,"inla_spde_group",4,"count",13,12.3840201628018,12.4647355163728
"mistletoe",22,"inla_spde_group",4,"count",15,12.3840201628018,12.4647355163728
"mistletoe",22,"inla_spde_group",4,"count",13,12.3840201628018,12.4647355163728
"mistletoe",22,"inla_spde_group",4,"count",12,12.3840201628018,12.4647355163728
"mistletoe",22,"inla_spde_group",4,"count",13,12.3840201628018,12.4647355163728
"mistletoe",22,"inla_spde_group",4,"count",14,12.6463455607437,12.4647355163728
"mistletoe",22,"inla_spde_group",4,"count",8,12.6463455607437,12.4647355163728
"mistletoe",22,"inla_spde_group",4,"count",12,12.6463455607437,12.4647355163728
"mistletoe",22,"inla_spde_group",4,"count",6,12.6463455607437,12.4647355163728
"mistletoe",22,"inla_spde_group",4,"count",12,12.6463455607437,12.4647355163728
"mistletoe",22,"inla_spde_group",4,"count",4,12.6463455607437,12.4647355163728
"mistletoe",22,"inla_spde_group",4,"count",9,12.6463455607437,12.4647355163728
"mistletoe",22,"inla_spde_group",4,"count",13,13.1829240169294,12.4647355163728
"mistletoe",22,"inla_spde_group",4,"count",15,13.1829240169294,12.4647355163728
"mistletoe",22,"inla_spde_group",4,"count",7,13.1829240169294,12.4647355163728
"mistletoe",22,"inla_spde_group",4,"count",5,13.1829240169294,12.4647355163728
"mistletoe",22,"inla_spde_group",4,"count",10,13.1829240169294,12.4647355163728
"mistletoe",22,"inla_spde_group",4,"count",8,13.1829240169294,12.4647355163728
"mistletoe",22,"inla_spde_group",4,"count",20,13.1829240169294,12.4647355163728
"mistletoe",22,"inla_spde_group",4,"count",5,13.1829240169294,12.4647355163728
"mistletoe",22,"inla_spde_group",4,"count",4,13.0980476475481,12.4647355163728
"mistletoe",22,"inla_spde_group",4,"count",10,13.0980476475481,12.4647355163728
"mistletoe",22,"inla_spde_group",4,"count",3,13.0980476475481,12.4647355163728
"mistletoe",22,"inla_spde_group",4,"count",6,13.0980476475481,12.4647355163728
"mistletoe",22,"inla_spde_group",4,"count",12,13.0980476475481,12.4647355163728
"mistletoe",22,"inla_spde_group",4,"count",2,13.0980476475481,12.4647355163728
"mistletoe",22,"inla_spde_group",4,"count",9,13.0980476475481,12.4647355163728
"mistletoe",22,"inla_spde_group",4,"count",13,13.69681003415,12.4647355163728
"mistletoe",22,"inla_spde_group",4,"count",5,13.69681003415,12.4647355163728
"mistletoe",22,"inla_spde_group",4,"count",14,13.69681003415,12.4647355163728
"mistletoe",22,"inla_spde_group",4,"count",2,13.69681003415,12.4647355163728
"mistletoe",22,"inla_spde_group",4,"count",5,13.69681003415,12.4647355163728
"mistletoe",22,"inla_spde_group",4,"count",6,13.69681003415,12.4647355163728
"mistletoe",22,"inla_spde_group",4,"count",19,13.0641332093291,12.4647355163728
"mistletoe",22,"inla_spde_group",4,"count",16,13.0641332093291,12.4647355163728
"mistletoe",22,"inla_spde_group",4,"count",13,13.0641332093291,12.4647355163728
"mistletoe",22,"inla_spde_group",4,"count",16,13.0641332093291,12.4647355163728
"mistletoe",22,"inla_spde_group",4,"count",10,13.0641332093291,12.4647355163728
"mistletoe",22,"inla_spde_group",4,"count",13,12.512395006004,12.4647355163728
"mistletoe",22,"inla_spde_group",4,"count",15,12.512395006004,12.4647355163728
"mistletoe",22,"inla_spde_group",4,"count",9,12.512395006004,12.4647355163728
"mistletoe",22,"inla_spde_group",4,"count",11,13.858495158002,12.4647355163728
"mistletoe",22,"inla_spde_group",4,"count",5,13.858495158002,12.4647355163728
"mistletoe",22,"inla_spde_group",4,"count",3,13.858495158002,12.4647355163728
"mistletoe",22,"inla_spde_group",4,"count",6,13.858495158002,12.4647355163728
"mistletoe",22,"inla_spde_group",4,"count",6,14.0096492284838,12.4647355163728
"mistletoe",22,"inla_spde_group",4,"count",4,14.0096492284838,12.4647355163728
"mistletoe",22,"inla_spde_group",4,"count",11,14.0096492284838,12.4647355163728
"mistletoe",22,"inla_spde_group",4,"count",6,14.0096492284838,12.4647355163728
"mistletoe",22,"inla_spde_group",4,"count",9,14.0096492284838,12.4647355163728
"mistletoe",22,"inla_spde_group",4,"count",13,14.0096492284838,12.4647355163728
"mistletoe",22,"inla_spde_group",4,"count",13,12.7009770755688,12.4647355163728
"mistletoe",22,"inla_spde_group",4,"count",6,12.7009770755688,12.4647355163728
"mistletoe",22,"inla_spde_group",4,"count",0,12.7009770755688,12.4647355163728
"mistletoe",22,"inla_spde_group",4,"count",12,12.7009770755688,12.4647355163728
"mistletoe",22,"inla_spde_group",4,"count",2,12.7009770755688,12.4647355163728
"mistletoe",22,"inla_spde_group",4,"count",7,12.7009770755688,12.4647355163728
"mistletoe",22,"inla_spde_group",4,"count",9,12.9223081911019,12.4647355163728
"mistletoe",22,"inla_spde_group",4,"count",8,12.9223081911019,12.4647355163728
"mistletoe",22,"inla_spde_group",4,"count",4,12.9223081911019,12.4647355163728
"mistletoe",22,"inla_spde_group",4,"count",1,12.9223081911019,12.4647355163728
"mistletoe",22,"inla_spde_group",4,"count",1,12.9223081911019,12.4647355163728
"mistletoe",22,"inla_spde_group",4,"count",0,12.925779577154,12.4647355163728
"mistletoe",22,"inla_spde_group",4,"count",3,12.3597967773686,12.4647355163728
"mistletoe",22,"inla_spde_group",4,"count",5,12.3597967773686,12.4647355163728
"mistletoe",22,"inla_spde_group",4,"count",7,12.3597967773686,12.4647355163728
"mistletoe",22,"inla_spde_group",4,"count",6,12.3597967773686,12.4647355163728
"mistletoe",22,"inla_spde_group",4,"count",0,12.3597967773686,12.4647355163728
"mistletoe",22,"inla_spde_group",4,"count",4,12.3597967773686,12.4647355163728
"mistletoe",22,"inla_spde_group",4,"count",7,12.3597967773686,12.4647355163728
"mistletoe",22,"inla_spde_group",4,"count",0,12.3597967773686,12.4647355163728
"mistletoe",22,"inla_spde_group",4,"count",14,12.7280537999138,12.4647355163728
"mistletoe",22,"inla_spde_group",4,"count",0,12.7280537999138,12.4647355163728
"mistletoe",22,"inla_spde_group",4,"count",5,12.7280537999138,12.4647355163728
"mistletoe",22,"inla_spde_group",4,"count",17,12.4555030736152,12.4647355163728
"mistletoe",22,"inla_spde_group",4,"count",12,12.4555030736152,12.4647355163728
"mistletoe",22,"inla_spde_group",4,"count",6,12.4555030736152,12.4647355163728
"mistletoe",22,"inla_spde_group",4,"count",3,12.4555030736152,12.4647355163728
"mistletoe",22,"inla_spde_group",4,"count",45,12.4555030736152,12.4647355163728
"mistletoe",22,"inla_spde_group",4,"count",7,12.4555030736152,12.4647355163728
"mistletoe",22,"inla_spde_group",4,"count",7,12.4555030736152,12.4647355163728
"mistletoe",22,"inla_spde_group",4,"count",5,12.4555030736152,12.4647355163728
"mistletoe",22,"inla_spde_group",4,"count",6,12.4555030736152,12.4647355163728
"mistletoe",22,"inla_spde_group",4,"count",21,12.925779577154,12.4647355163728
"mistletoe",22,"inla_spde_group",4,"count",20,12.925779577154,12.4647355163728
"mistletoe",22,"inla_spde_group",4,"count",16,12.925779577154,12.4647355163728
"mistletoe",22,"inla_spde_group",4,"count",31,12.7280537999138,12.4647355163728
"mistletoe",22,"inla_spde_group",4,"count",7,14.1426316279714,12.4647355163728
"mistletoe",22,"inla_spde_group",4,"count",11,14.1426316279714,12.4647355163728
"mistletoe",22,"inla_spde_group",4,"count",8,12.925779577154,12.4647355163728
"mistletoe",22,"inla_spde_group",4,"count",11,12.925779577154,12.4647355163728
"mistletoe",22,"inla_spde_group",4,"count",13,12.925779577154,12.4647355163728
"mistletoe",22,"inla_spde_group",4,"count",7,12.925779577154,12.4647355163728
"mistletoe",22,"inla_spde_group",4,"count",16,12.7280537999138,12.4647355163728
"mistletoe",22,"inla_spde_group",4,"count",0,12.7280537999138,12.4647355163728
"mistletoe",22,"inla_spde_group",4,"count",11,12.7280537999138,12.4647355163728
"mistletoe",22,"inla_spde_group",4,"count",19,12.7280537999138,12.4647355163728
"mistletoe",22,"inla_spde_group",4,"count",9,12.4555030736152,12.4647355163728
"mistletoe",22,"inla_spde_group",4,"count",13,12.4555030736152,12.4647355163728
"mistletoe",22,"inla_spde_group",5,"count",20,11.788083737544,12.1535380507343
"mistletoe",22,"inla_spde_group",5,"count",11,11.602671656651,12.1535380507343
"mistletoe",22,"inla_spde_group",5,"count",76,11.7243321168087,12.1535380507343
"mistletoe",22,"inla_spde_group",5,"count",42,11.7243321168087,12.1535380507343
"mistletoe",22,"inla_spde_group",5,"count",23,10.7558869930886,12.1535380507343
"mistletoe",22,"inla_spde_group",5,"count",35,11.788083737544,12.1535380507343
"mistletoe",22,"inla_spde_group",5,"count",17,11.4704496526345,12.1535380507343
"mistletoe",22,"inla_spde_group",5,"count",37,11.5176296796258,12.1535380507343
"mistletoe",22,"inla_spde_group",5,"count",13,11.4175831009891,12.1535380507343
"mistletoe",22,"inla_spde_group",5,"count",45,11.4704496526345,12.1535380507343
"mistletoe",22,"inla_spde_group",5,"count",8,11.788083737544,12.1535380507343
"mistletoe",22,"inla_spde_group",5,"count",21,11.6946428182941,12.1535380507343
"mistletoe",22,"inla_spde_group",5,"count",8,10.7558869930886,12.1535380507343
"mistletoe",22,"inla_spde_group",5,"count",14,11.7243321168087,12.1535380507343
"mistletoe",22,"inla_spde_group",5,"count",56,11.7959210297889,12.1535380507343
"mistletoe",22,"inla_spde_group",5,"count",5,10.7998804172088,12.1535380507343
"mistletoe",22,"inla_spde_group",5,"count",16,11.788083737544,12.1535380507343
"mistletoe",22,"inla_spde_group",5,"count",12,11.788083737544,12.1535380507343
"mistletoe",22,"inla_spde_group",5,"count",15,11.602671656651,12.1535380507343
"mistletoe",22,"inla_spde_group",5,"count",16,12.2889636200762,12.1535380507343
"mistletoe",22,"inla_spde_group",5,"count",11,11.6946428182941,12.1535380507343
"mistletoe",22,"inla_spde_group",5,"count",47,11.4704496526345,12.1535380507343
"mistletoe",22,"inla_spde_group",5,"count",19,11.5176296796258,12.1535380507343
"mistletoe",22,"inla_spde_group",5,"count",7,11.7959210297889,12.1535380507343
"mistletoe",22,"inla_spde_group",5,"count",8,11.6949465889637,12.1535380507343
"mistletoe",22,"inla_spde_group",5,"count",20,11.6949465889637,12.1535380507343
"mistletoe",22,"inla_spde_group",5,"count",8,11.6808227863727,12.1535380507343
"mistletoe",22,"inla_spde_group",5,"count",15,11.4175831009891,12.1535380507343
"mistletoe",22,"inla_spde_group",5,"count",8,11.6949465889637,12.1535380507343
"mistletoe",22,"inla_spde_group",5,"count",24,11.4704496526345,12.1535380507343
"mistletoe",22,"inla_spde_group",5,"count",2,11.5176296796258,12.1535380507343
"mistletoe",22,"inla_spde_group",5,"count",4,11.7243321168087,12.1535380507343
"mistletoe",22,"inla_spde_group",5,"count",11,11.7243321168087,12.1535380507343
"mistletoe",22,"inla_spde_group",5,"count",11,11.6949465889637,12.1535380507343
"mistletoe",22,"inla_spde_group",5,"count",2,11.6949465889637,12.1535380507343
"mistletoe",22,"inla_spde_group",5,"count",15,11.6808227863727,12.1535380507343
"mistletoe",22,"inla_spde_group",5,"count",28,11.4175831009891,12.1535380507343
"mistletoe",22,"inla_spde_group",5,"count",17,11.4175831009891,12.1535380507343
"mistletoe",22,"inla_spde_group",5,"count",21,11.4175831009891,12.1535380507343
"mistletoe",22,"inla_spde_group",5,"count",12,11.4690289706402,12.1535380507343
"mistletoe",22,"inla_spde_group",5,"count",5,11.4690289706402,12.1535380507343
"mistletoe",22,"inla_spde_group",5,"count",14,11.4690289706402,12.1535380507343
"mistletoe",22,"inla_spde_group",5,"count",9,11.6316808711376,12.1535380507343
"mistletoe",22,"inla_spde_group",5,"count",13,11.788083737544,12.1535380507343
"mistletoe",22,"inla_spde_group",5,"count",21,11.602671656651,12.1535380507343
"mistletoe",22,"inla_spde_group",5,"count",7,11.602671656651,12.1535380507343
"mistletoe",22,"inla_spde_group",5,"count",9,11.7959210297889,12.1535380507343
"mistletoe",22,"inla_spde_group",5,"count",16,11.6946428182941,12.1535380507343
"mistletoe",22,"inla_spde_group",5,"count",9,11.6946428182941,12.1535380507343
"mistletoe",22,"inla_spde_group",5,"count",5,11.6946428182941,12.1535380507343
"mistletoe",22,"inla_spde_group",5,"count",18,11.7229553078646,12.1535380507343
"mistletoe",22,"inla_spde_group",5,"count",24,11.4704496526345,12.1535380507343
"mistletoe",22,"inla_spde_group",5,"count",9,10.7998804172088,12.1535380507343
"mistletoe",22,"inla_spde_group",5,"count",23,11.5176296796258,12.1535380507343
"mistletoe",22,"inla_spde_group",5,"count",4,11.4175831009891,12.1535380507343
"mistletoe",22,"inla_spde_group",5,"count",19,10.9379554028884,12.1535380507343
"mistletoe",22,"inla_spde_group",5,"count",3,11.6808227863727,12.1535380507343
"mistletoe",22,"inla_spde_group",5,"count",12,11.6808227863727,12.1535380507343
"mistletoe",22,"inla_spde_group",5,"count",7,11.6808227863727,12.1535380507343
"mistletoe",22,"inla_spde_group",5,"count",1,11.6808227863727,12.1535380507343
"mistletoe",22,"inla_spde_group",5,"count",6,11.6808227863727,12.1535380507343
"mistletoe",22,"inla_spde_group",5,"count",10,11.6808227863727,12.1535380507343
"mistletoe",22,"inla_spde_group",5,"count",12,11.6808227863727,12.1535380507343
"mistletoe",22,"inla_spde_group",5,"count",2,11.4175831009891,12.1535380507343
"mistletoe",22,"inla_spde_group",5,"count",9,11.4175831009891,12.1535380507343
"mistletoe",22,"inla_spde_group",5,"count",20,11.4175831009891,12.1535380507343
"mistletoe",22,"inla_spde_group",5,"count",15,11.4175831009891,12.1535380507343
"mistletoe",22,"inla_spde_group",5,"count",7,11.4175831009891,12.1535380507343
"mistletoe",22,"inla_spde_group",5,"count",1,11.4690289706402,12.1535380507343
"mistletoe",22,"inla_spde_group",5,"count",8,11.4690289706402,12.1535380507343
"mistletoe",22,"inla_spde_group",5,"count",14,11.4690289706402,12.1535380507343
"mistletoe",22,"inla_spde_group",5,"count",4,11.4690289706402,12.1535380507343
"mistletoe",22,"inla_spde_group",5,"count",9,11.4690289706402,12.1535380507343
"mistletoe",22,"inla_spde_group",5,"count",8,11.4690289706402,12.1535380507343
"mistletoe",22,"inla_spde_group",5,"count",19,12.4787405886132,12.1535380507343
"mistletoe",22,"inla_spde_group",5,"count",14,12.5403375618904,12.1535380507343
"mistletoe",22,"inla_spde_group",5,"count",10,12.5403375618904,12.1535380507343
"mistletoe",22,"inla_spde_group",5,"count",14,12.1162807110436,12.1535380507343
"mistletoe",22,"inla_spde_group",5,"count",10,12.1162807110436,12.1535380507343
"mistletoe",22,"inla_spde_group",5,"count",9,12.1162807110436,12.1535380507343
"mistletoe",22,"inla_spde_group",5,"count",12,14.3489982395351,12.1535380507343
"mistletoe",22,"inla_spde_group",5,"count",8,11.6316808711376,12.1535380507343
"mistletoe",22,"inla_spde_group",5,"count",8,11.6316808711376,12.1535380507343
"mistletoe",22,"inla_spde_group",5,"count",0,11.6316808711376,12.1535380507343
"mistletoe",22,"inla_spde_group",5,"count",9,11.6316808711376,12.1535380507343
"mistletoe",22,"inla_spde_group",5,"count",5,11.7243321168087,12.1535380507343
"mistletoe",22,"inla_spde_group",5,"count",8,11.7243321168087,12.1535380507343
"mistletoe",22,"inla_spde_group",5,"count",3,11.7243321168087,12.1535380507343
"mistletoe",22,"inla_spde_group",5,"count",6,11.7243321168087,12.1535380507343
"mistletoe",22,"inla_spde_group",5,"count",11,11.788083737544,12.1535380507343
"mistletoe",22,"inla_spde_group",5,"count",7,11.602671656651,12.1535380507343
"mistletoe",22,"inla_spde_group",5,"count",8,11.602671656651,12.1535380507343
"mistletoe",22,"inla_spde_group",5,"count",12,11.602671656651,12.1535380507343
"mistletoe",22,"inla_spde_group",5,"count",5,11.602671656651,12.1535380507343
"mistletoe",22,"inla_spde_group",5,"count",11,11.602671656651,12.1535380507343
"mistletoe",22,"inla_spde_group",5,"count",17,11.602671656651,12.1535380507343
"mistletoe",22,"inla_spde_group",5,"count",15,11.602671656651,12.1535380507343
"mistletoe",22,"inla_spde_group",5,"count",2,11.7959210297889,12.1535380507343
"mistletoe",22,"inla_spde_group",5,"count",5,11.7959210297889,12.1535380507343
"mistletoe",22,"inla_spde_group",5,"count",7,11.7959210297889,12.1535380507343
"mistletoe",22,"inla_spde_group",5,"count",16,11.7959210297889,12.1535380507343
"mistletoe",22,"inla_spde_group",5,"count",8,11.7959210297889,12.1535380507343
"mistletoe",22,"inla_spde_group",5,"count",4,11.7959210297889,12.1535380507343
"mistletoe",22,"inla_spde_group",5,"count",11,11.7959210297889,12.1535380507343
"mistletoe",22,"inla_spde_group",5,"count",15,11.7959210297889,12.1535380507343
"mistletoe",22,"inla_spde_group",5,"count",6,11.6949465889637,12.1535380507343
"mistletoe",22,"inla_spde_group",5,"count",10,11.6949465889637,12.1535380507343
"mistletoe",22,"inla_spde_group",5,"count",6,11.6949465889637,12.1535380507343
"mistletoe",22,"inla_spde_group",5,"count",5,11.6949465889637,12.1535380507343
"mistletoe",22,"inla_spde_group",5,"count",11,11.6949465889637,12.1535380507343
"mistletoe",22,"inla_spde_group",5,"count",13,11.6949465889637,12.1535380507343
"mistletoe",22,"inla_spde_group",5,"count",6,10.9379554028884,12.1535380507343
"mistletoe",22,"inla_spde_group",5,"count",6,10.9379554028884,12.1535380507343
"mistletoe",22,"inla_spde_group",5,"count",13,10.9379554028884,12.1535380507343
"mistletoe",22,"inla_spde_group",5,"count",9,10.9379554028884,12.1535380507343
"mistletoe",22,"inla_spde_group",5,"count",25,10.9379554028884,12.1535380507343
"mistletoe",22,"inla_spde_group",5,"count",3,11.7177169792649,12.1535380507343
"mistletoe",22,"inla_spde_group",5,"count",13,11.7177169792649,12.1535380507343
"mistletoe",22,"inla_spde_group",5,"count",20,11.7177169792649,12.1535380507343
"mistletoe",22,"inla_spde_group",5,"count",11,12.1997882581545,12.1535380507343
"mistletoe",22,"inla_spde_group",5,"count",16,12.1997882581545,12.1535380507343
"mistletoe",22,"inla_spde_group",5,"count",15,12.1997882581545,12.1535380507343
"mistletoe",22,"inla_spde_group",5,"count",6,12.1997882581545,12.1535380507343
"mistletoe",22,"inla_spde_group",5,"count",5,11.8322041616777,12.1535380507343
"mistletoe",22,"inla_spde_group",5,"count",12,11.8322041616777,12.1535380507343
"mistletoe",22,"inla_spde_group",5,"count",5,10.6603100379849,12.1535380507343
"mistletoe",22,"inla_spde_group",5,"count",7,10.6603100379849,12.1535380507343
"mistletoe",22,"inla_spde_group",5,"count",10,10.6603100379849,12.1535380507343
"mistletoe",22,"inla_spde_group",5,"count",11,10.6603100379849,12.1535380507343
"mistletoe",22,"inla_spde_group",5,"count",14,10.6603100379849,12.1535380507343
"mistletoe",22,"inla_spde_group",5,"count",17,10.6603100379849,12.1535380507343
"mistletoe",22,"inla_spde_group",5,"count",8,10.6603100379849,12.1535380507343
"mistletoe",22,"inla_spde_group",5,"count",7,10.6603100379849,12.1535380507343
"mistletoe",22,"inla_spde_group",5,"count",7,11.2212755126957,12.1535380507343
"mistletoe",22,"inla_spde_group",5,"count",3,11.2212755126957,12.1535380507343
"mistletoe",22,"inla_spde_group",5,"count",12,11.2212755126957,12.1535380507343
"mistletoe",22,"inla_spde_group",5,"count",11,11.2212755126957,12.1535380507343
"mistletoe",22,"inla_spde_group",5,"count",11,11.2212755126957,12.1535380507343
"mistletoe",22,"inla_spde_group",5,"count",11,11.2212755126957,12.1535380507343
"mistletoe",22,"inla_spde_group",5,"count",9,12.2889636200762,12.1535380507343
"mistletoe",22,"inla_spde_group",5,"count",13,12.2889636200762,12.1535380507343
"mistletoe",22,"inla_spde_group",5,"count",3,12.2889636200762,12.1535380507343
"mistletoe",22,"inla_spde_group",5,"count",28,12.2889636200762,12.1535380507343
"mistletoe",22,"inla_spde_group",5,"count",5,11.6946428182941,12.1535380507343
"mistletoe",22,"inla_spde_group",5,"count",9,11.6946428182941,12.1535380507343
"mistletoe",22,"inla_spde_group",5,"count",15,11.6946428182941,12.1535380507343
"mistletoe",22,"inla_spde_group",5,"count",8,11.6946428182941,12.1535380507343
"mistletoe",22,"inla_spde_group",5,"count",9,11.6946428182941,12.1535380507343
"mistletoe",22,"inla_spde_group",5,"count",12,11.7229553078646,12.1535380507343
"mistletoe",22,"inla_spde_group",5,"count",10,11.7229553078646,12.1535380507343
"mistletoe",22,"inla_spde_group",5,"count",13,11.7229553078646,12.1535380507343
"mistletoe",22,"inla_spde_group",5,"count",22,11.7229553078646,12.1535380507343
"mistletoe",22,"inla_spde_group",5,"count",10,11.7229553078646,12.1535380507343
"mistletoe",22,"inla_spde_group",5,"count",17,11.7229553078646,12.1535380507343
"mistletoe",22,"inla_spde_group",5,"count",15,11.7229553078646,12.1535380507343
"mistletoe",22,"inla_spde_group",5,"count",9,11.4704496526345,12.1535380507343
"mistletoe",22,"inla_spde_group",5,"count",9,11.4704496526345,12.1535380507343
"mistletoe",22,"inla_spde_group",5,"count",8,11.4704496526345,12.1535380507343
"mistletoe",22,"inla_spde_group",5,"count",10,11.4704496526345,12.1535380507343
"mistletoe",22,"inla_spde_group",5,"count",12,11.4704496526345,12.1535380507343
"mistletoe",22,"inla_spde_group",5,"count",8,10.7558869930886,12.1535380507343
"mistletoe",22,"inla_spde_group",5,"count",8,10.7558869930886,12.1535380507343
"mistletoe",22,"inla_spde_group",5,"count",10,10.7558869930886,12.1535380507343
"mistletoe",22,"inla_spde_group",5,"count",4,10.7558869930886,12.1535380507343
"mistletoe",22,"inla_spde_group",5,"count",6,10.7558869930886,12.1535380507343
"mistletoe",22,"inla_spde_group",5,"count",11,10.7558869930886,12.1535380507343
"mistletoe",22,"inla_spde_group",5,"count",4,10.7998804172088,12.1535380507343
"mistletoe",22,"inla_spde_group",5,"count",6,10.7998804172088,12.1535380507343
"mistletoe",22,"inla_spde_group",5,"count",4,10.7998804172088,12.1535380507343
"mistletoe",22,"inla_spde_group",5,"count",3,10.7998804172088,12.1535380507343
"mistletoe",22,"inla_spde_group",5,"count",8,10.7998804172088,12.1535380507343
"mistletoe",22,"inla_spde_group",5,"count",5,10.7998804172088,12.1535380507343
"mistletoe",22,"inla_spde_group",5,"count",7,11.5176296796258,12.1535380507343
"mistletoe",22,"inla_spde_group",5,"count",17,11.5176296796258,12.1535380507343
"mistletoe",22,"inla_spde_group",5,"count",3,11.5176296796258,12.1535380507343
"mistletoe",22,"inla_spde_group",5,"count",9,11.5176296796258,12.1535380507343
"mistletoe",22,"inla_spde_group",5,"count",6,11.5176296796258,12.1535380507343
"mistletoe",22,"inla_spde_group",5,"count",27,11.5176296796258,12.1535380507343
"mistletoe",22,"inla_spde_group",5,"count",12,11.4606712064961,12.1535380507343
"mistletoe",22,"inla_spde_group",5,"count",4,11.4606712064961,12.1535380507343
"mistletoe",22,"inla_spde_group",5,"count",4,11.4606712064961,12.1535380507343
"mistletoe",22,"inla_spde_group",5,"count",14,11.4606712064961,12.1535380507343
"mistletoe",22,"inla_spde_group",5,"count",4,11.4606712064961,12.1535380507343
"mistletoe",22,"inla_spde_group",5,"count",9,11.4606712064961,12.1535380507343
"mistletoe",22,"inla_spde_group",5,"count",5,11.4606712064961,12.1535380507343
"mistletoe",22,"inla_spde_group",5,"count",6,11.4606712064961,12.1535380507343
"mistletoe",22,"inla_spde_group",5,"count",19,12.5403375618904,12.1535380507343
"mistletoe",22,"inla_spde_group",5,"count",10,14.3489982395351,12.1535380507343
"mistletoe",22,"inla_spde_group",5,"count",20,14.3489982395351,12.1535380507343
"mistletoe",22,"inla_spde_group",5,"count",6,12.5403375618904,12.1535380507343
"mistletoe",22,"inla_spde_group",5,"count",15,12.5403375618904,12.1535380507343
"mistletoe",22,"inla_spde_group",5,"count",18,14.3489982395351,12.1535380507343
"mistletoe",22,"inla_spde_group",5,"count",18,14.3489982395351,12.1535380507343
"mistletoe",22,"inla_spde_group",5,"count",25,11.8322041616777,12.1535380507343
"mistletoe",22,"inla_spde_group",5,"count",18,11.8322041616777,12.1535380507343
"mistletoe",22,"inla_spde_group",5,"count",15,11.8322041616777,12.1535380507343
"mistletoe",22,"inla_spde_group",5,"count",9,11.8322041616777,12.1535380507343
"mistletoe",22,"inla_spde_group",5,"count",19,11.8322041616777,12.1535380507343
"mistletoe",22,"inla_spde_group",5,"count",18,11.4690289706402,12.1535380507343
"mistletoe",22,"inla_spde_group",5,"count",8,12.4787405886132,12.1535380507343
"mistletoe",22,"inla_spde_group",5,"count",11,12.4787405886132,12.1535380507343
"mistletoe",22,"inla_spde_group",5,"count",18,12.4787405886132,12.1535380507343
"mistletoe",22,"inla_spde_group",5,"count",10,12.4787405886132,12.1535380507343
"mistletoe",22,"inla_spde_group",5,"count",19,12.5403375618904,12.1535380507343
"mistletoe",22,"inla_spde_group",5,"count",11,12.1162807110436,12.1535380507343
"mistletoe",22,"inla_spde_group",5,"count",9,10.9379554028884,12.1535380507343
"mistletoe",22,"inla_spde_group",5,"count",6,10.9379554028884,12.1535380507343
"mistletoe",22,"inla_spde_group",5,"count",7,10.9379554028884,12.1535380507343
"mistletoe",22,"inla_spde_group",5,"count",11,10.9379554028884,12.1535380507343
"mistletoe",22,"inla_spde_group",5,"count",5,11.7177169792649,12.1535380507343
"mistletoe",22,"inla_spde_group",5,"count",10,11.7177169792649,12.1535380507343
"mistletoe",22,"inla_spde_group",5,"count",9,11.7177169792649,12.1535380507343
"mistletoe",22,"inla_spde_group",5,"count",11,11.7177169792649,12.1535380507343
"mistletoe",22,"inla_spde_group",5,"count",8,11.7177169792649,12.1535380507343
"mistletoe",22,"inla_spde_group",5,"count",8,11.7177169792649,12.1535380507343
"mistletoe",22,"inla_spde_group",5,"count",8,11.7177169792649,12.1535380507343
"mistletoe",22,"inla_spde_group",5,"count",9,12.1997882581545,12.1535380507343
"mistletoe",22,"inla_spde_group",5,"count",9,12.1997882581545,12.1535380507343
"mistletoe",22,"inla_spde_group",5,"count",6,12.1997882581545,12.1535380507343
"mistletoe",22,"inla_spde_group",5,"count",47,12.1997882581545,12.1535380507343
"mistletoe",22,"inla_spde_group",5,"count",12,12.1997882581545,12.1535380507343
"mistletoe",22,"inla_spde_group",5,"count",17,12.1997882581545,12.1535380507343
"mistletoe",22,"inla_spde_group",5,"count",13,11.8322041616777,12.1535380507343
"mistletoe",22,"inla_spde_group",5,"count",8,11.8322041616777,12.1535380507343
"mistletoe",22,"inla_spde_group",5,"count",6,10.6603100379849,12.1535380507343
"mistletoe",22,"inla_spde_group",5,"count",21,11.2212755126957,12.1535380507343
"mistletoe",22,"inla_spde_group",5,"count",14,11.2212755126957,12.1535380507343
"mistletoe",22,"inla_spde_group",5,"count",12,11.2212755126957,12.1535380507343
"mistletoe",22,"inla_spde_group",5,"count",7,11.2212755126957,12.1535380507343
"mistletoe",22,"inla_spde_st",1,"count",13,15.8636272459611,11.6944801026958
"mistletoe",22,"inla_spde_st",1,"count",13,15.8636272459611,11.6944801026958
"mistletoe",22,"inla_spde_st",1,"count",29,12.6988985264101,11.6944801026958
"mistletoe",22,"inla_spde_st",1,"count",20,20.2354271727621,11.6944801026958
"mistletoe",22,"inla_spde_st",1,"count",20,10.0839227256938,11.6944801026958
"mistletoe",22,"inla_spde_st",1,"count",14,10.1559219132906,11.6944801026958
"mistletoe",22,"inla_spde_st",1,"count",15,6.99244127844762,11.6944801026958
"mistletoe",22,"inla_spde_st",1,"count",32,13.2489824497541,11.6944801026958
"mistletoe",22,"inla_spde_st",1,"count",27,10.2910652404306,11.6944801026958
"mistletoe",22,"inla_spde_st",1,"count",23,9.08922840234763,11.6944801026958
"mistletoe",22,"inla_spde_st",1,"count",15,8.65076075838414,11.6944801026958
"mistletoe",22,"inla_spde_st",1,"count",13,10.2910652404306,11.6944801026958
"mistletoe",22,"inla_spde_st",1,"count",8,13.2986374019426,11.6944801026958
"mistletoe",22,"inla_spde_st",1,"count",2,14.9241423041908,11.6944801026958
"mistletoe",22,"inla_spde_st",1,"count",11,11.650063826644,11.6944801026958
"mistletoe",22,"inla_spde_st",1,"count",18,12.6988985264101,11.6944801026958
"mistletoe",22,"inla_spde_st",1,"count",18,12.6988985264101,11.6944801026958
"mistletoe",22,"inla_spde_st",1,"count",28,13.8360651948743,11.6944801026958
"mistletoe",22,"inla_spde_st",1,"count",28,13.8360651948743,11.6944801026958
"mistletoe",22,"inla_spde_st",1,"count",7,7.10466785559741,11.6944801026958
"mistletoe",22,"inla_spde_st",1,"count",56,20.2354271727621,11.6944801026958
"mistletoe",22,"inla_spde_st",1,"count",14,9.23706906042358,11.6944801026958
"mistletoe",22,"inla_spde_st",1,"count",6,10.1101884989417,11.6944801026958
"mistletoe",22,"inla_spde_st",1,"count",6,10.0022752880759,11.6944801026958
"mistletoe",22,"inla_spde_st",1,"count",8,8.83126474680795,11.6944801026958
"mistletoe",22,"inla_spde_st",1,"count",12,6.99179826982477,11.6944801026958
"mistletoe",22,"inla_spde_st",1,"count",20,7.74670047311328,11.6944801026958
"mistletoe",22,"inla_spde_st",1,"count",12,9.41643533055527,11.6944801026958
"mistletoe",22,"inla_spde_st",1,"count",7,9.27175902979292,11.6944801026958
"mistletoe",22,"inla_spde_st",1,"count",16,9.88325093924631,11.6944801026958
"mistletoe",22,"inla_spde_st",1,"count",14,9.6790507058098,11.6944801026958
"mistletoe",22,"inla_spde_st",1,"count",14,10.1163177871949,11.6944801026958
"mistletoe",22,"inla_spde_st",1,"count",7,10.0773618017226,11.6944801026958
"mistletoe",22,"inla_spde_st",1,"count",9,10.1334229561869,11.6944801026958
"mistletoe",22,"inla_spde_st",1,"count",12,9.95192807970115,11.6944801026958
"mistletoe",22,"inla_spde_st",1,"count",8,8.94437188083533,11.6944801026958
"mistletoe",22,"inla_spde_st",1,"count",7,8.78957387767936,11.6944801026958
"mistletoe",22,"inla_spde_st",1,"count",12,8.7343377403822,11.6944801026958
"mistletoe",22,"inla_spde_st",1,"count",5,6.99244127844762,11.6944801026958
"mistletoe",22,"inla_spde_st",1,"count",9,6.90501353709085,11.6944801026958
"mistletoe",22,"inla_spde_st",1,"count",3,6.87446816905881,11.6944801026958
"mistletoe",22,"inla_spde_st",1,"count",18,6.83288849268838,11.6944801026958
"mistletoe",22,"inla_spde_st",1,"count",9,8.51736099459977,11.6944801026958
"mistletoe",22,"inla_spde_st",1,"count",11,11.6738199808431,11.6944801026958
"mistletoe",22,"inla_spde_st",1,"count",7,11.6738199808431,11.6944801026958
"mistletoe",22,"inla_spde_st",1,"count",10,11.7789138067677,11.6944801026958
"mistletoe",22,"inla_spde_st",1,"count",9,11.91436607521,11.6944801026958
"mistletoe",22,"inla_spde_st",1,"count",11,7.72602902353711,11.6944801026958
"mistletoe",22,"inla_spde_st",1,"count",11,10.3873306952751,11.6944801026958
"mistletoe",22,"inla_spde_st",1,"count",23,10.3873306952751,11.6944801026958
"mistletoe",22,"inla_spde_st",1,"count",4,10.5065437453868,11.6944801026958
"mistletoe",22,"inla_spde_st",1,"count",12,10.5557412446468,11.6944801026958
"mistletoe",22,"inla_spde_st",1,"count",10,13.6300655717584,11.6944801026958
"mistletoe",22,"inla_spde_st",1,"count",13,13.6300655717584,11.6944801026958
"mistletoe",22,"inla_spde_st",1,"count",13,13.7822869625138,11.6944801026958
"mistletoe",22,"inla_spde_st",1,"count",10,13.8360691944443,11.6944801026958
"mistletoe",22,"inla_spde_st",1,"count",10,11.6977002319077,11.6944801026958
"mistletoe",22,"inla_spde_st",1,"count",12,11.8257186818655,11.6944801026958
"mistletoe",22,"inla_spde_st",1,"count",13,11.8817021252508,11.6944801026958
"mistletoe",22,"inla_spde_st",1,"count",15,12.1449464283067,11.6944801026958
"mistletoe",22,"inla_spde_st",1,"count",17,12.1449464283067,11.6944801026958
"mistletoe",22,"inla_spde_st",1,"count",0,12.2933803690497,11.6944801026958
"mistletoe",22,"inla_spde_st",1,"count",8,9.50786872324131,11.6944801026958
"mistletoe",22,"inla_spde_st",1,"count",10,9.6203006850656,11.6944801026958
"mistletoe",22,"inla_spde_st",1,"count",10,9.03168537299523,11.6944801026958
"mistletoe",22,"inla_spde_st",1,"count",16,12.340231532375,11.6944801026958
"mistletoe",22,"inla_spde_st",1,"count",8,12.4550444109193,11.6944801026958
"mistletoe",22,"inla_spde_st",1,"count",23,12.6109285907981,11.6944801026958
"mistletoe",22,"inla_spde_st",1,"count",23,7.92910950129943,11.6944801026958
"mistletoe",22,"inla_spde_st",1,"count",8,10.6950941271374,11.6944801026958
"mistletoe",22,"inla_spde_st",1,"count",5,10.8146163473805,11.6944801026958
"mistletoe",22,"inla_spde_st",1,"count",19,10.8563716148525,11.6944801026958
"mistletoe",22,"inla_spde_st",1,"count",12,10.6664464141533,11.6944801026958
"mistletoe",22,"inla_spde_st",1,"count",10,14.4631453311756,11.6944801026958
"mistletoe",22,"inla_spde_st",1,"count",9,14.4631453311756,11.6944801026958
"mistletoe",22,"inla_spde_st",1,"count",17,14.6149806525722,11.6944801026958
"mistletoe",22,"inla_spde_st",1,"count",10,14.6727720959158,11.6944801026958
"mistletoe",22,"inla_spde_st",1,"count",6,14.9241423041908,11.6944801026958
"mistletoe",22,"inla_spde_st",1,"count",11,16.8652948724496,11.6944801026958
"mistletoe",22,"inla_spde_st",1,"count",26,23.9210702585902,11.6944801026958
"mistletoe",22,"inla_spde_st",1,"count",9,23.9210702585902,11.6944801026958
"mistletoe",22,"inla_spde_st",1,"count",7,16.2785152155635,11.6944801026958
"mistletoe",22,"inla_spde_st",1,"count",10,16.2785152155635,11.6944801026958
"mistletoe",22,"inla_spde_st",1,"count",8,13.8432761494352,11.6944801026958
"mistletoe",22,"inla_spde_st",1,"count",11,10.9012594114066,11.6944801026958
"mistletoe",22,"inla_spde_st",1,"count",12,10.9012594114066,11.6944801026958
"mistletoe",22,"inla_spde_st",1,"count",14,7.82242461823535,11.6944801026958
"mistletoe",22,"inla_spde_st",1,"count",6,7.82242461823535,11.6944801026958
"mistletoe",22,"inla_spde_st",1,"count",15,7.80030877623075,11.6944801026958
"mistletoe",22,"inla_spde_st",1,"count",18,7.80030877623075,11.6944801026958
"mistletoe",22,"inla_spde_st",1,"count",33,7.74670047311328,11.6944801026958
"mistletoe",22,"inla_spde_st",1,"count",7,9.41643533055527,11.6944801026958
"mistletoe",22,"inla_spde_st",1,"count",4,9.41643533055527,11.6944801026958
"mistletoe",22,"inla_spde_st",1,"count",7,9.45317596341045,11.6944801026958
"mistletoe",22,"inla_spde_st",1,"count",2,9.45317596341045,11.6944801026958
"mistletoe",22,"inla_spde_st",1,"count",10,9.27175902979292,11.6944801026958
"mistletoe",22,"inla_spde_st",1,"count",10,9.24532673621257,11.6944801026958
"mistletoe",22,"inla_spde_st",1,"count",14,9.24532673621257,11.6944801026958
"mistletoe",22,"inla_spde_st",1,"count",21,9.23706906042358,11.6944801026958
"mistletoe",22,"inla_spde_st",1,"count",10,9.88325093924631,11.6944801026958
"mistletoe",22,"inla_spde_st",1,"count",4,9.88325093924631,11.6944801026958
"mistletoe",22,"inla_spde_st",1,"count",12,9.9114913827939,11.6944801026958
"mistletoe",22,"inla_spde_st",1,"count",6,9.9114913827939,11.6944801026958
"mistletoe",22,"inla_spde_st",1,"count",12,9.75714485946727,11.6944801026958
"mistletoe",22,"inla_spde_st",1,"count",30,9.75714485946727,11.6944801026958
"mistletoe",22,"inla_spde_st",1,"count",12,9.71827125072084,11.6944801026958
"mistletoe",22,"inla_spde_st",1,"count",9,9.71827125072084,11.6944801026958
"mistletoe",22,"inla_spde_st",1,"count",28,9.6790507058098,11.6944801026958
"mistletoe",22,"inla_spde_st",1,"count",7,10.2910652404306,11.6944801026958
"mistletoe",22,"inla_spde_st",1,"count",3,10.3210004669451,11.6944801026958
"mistletoe",22,"inla_spde_st",1,"count",8,10.3210004669451,11.6944801026958
"mistletoe",22,"inla_spde_st",1,"count",7,10.1559219132906,11.6944801026958
"mistletoe",22,"inla_spde_st",1,"count",17,10.1163177871949,11.6944801026958
"mistletoe",22,"inla_spde_st",1,"count",15,10.0773618017226,11.6944801026958
"mistletoe",22,"inla_spde_st",1,"count",13,10.6225530964831,11.6944801026958
"mistletoe",22,"inla_spde_st",1,"count",13,10.6225530964831,11.6944801026958
"mistletoe",22,"inla_spde_st",1,"count",23,10.6225530964831,11.6944801026958
"mistletoe",22,"inla_spde_st",1,"count",13,10.6225530964831,11.6944801026958
"mistletoe",22,"inla_spde_st",1,"count",12,12.1057165708273,11.6944801026958
"mistletoe",22,"inla_spde_st",1,"count",10,12.1057165708273,11.6944801026958
"mistletoe",22,"inla_spde_st",1,"count",9,14.71742417219,11.6944801026958
"mistletoe",22,"inla_spde_st",1,"count",7,14.71742417219,11.6944801026958
"mistletoe",22,"inla_spde_st",1,"count",18,11.9262162830537,11.6944801026958
"mistletoe",22,"inla_spde_st",1,"count",6,11.9262162830537,11.6944801026958
"mistletoe",22,"inla_spde_st",1,"count",10,10.7900048436161,11.6944801026958
"mistletoe",22,"inla_spde_st",1,"count",13,11.7711168110113,11.6944801026958
"mistletoe",22,"inla_spde_st",1,"count",4,11.7711168110113,11.6944801026958
"mistletoe",22,"inla_spde_st",1,"count",11,13.2489824497541,11.6944801026958
"mistletoe",22,"inla_spde_st",1,"count",11,12.8623940352171,11.6944801026958
"mistletoe",22,"inla_spde_st",1,"count",10,10.1599793399871,11.6944801026958
"mistletoe",22,"inla_spde_st",1,"count",2,11.6423703984101,11.6944801026958
"mistletoe",22,"inla_spde_st",1,"count",8,11.4907515865462,11.6944801026958
"mistletoe",22,"inla_spde_st",1,"count",10,11.4907515865462,11.6944801026958
"mistletoe",22,"inla_spde_st",1,"count",2,11.139461388894,11.6944801026958
"mistletoe",22,"inla_spde_st",1,"count",5,11.2238805872266,11.6944801026958
"mistletoe",22,"inla_spde_st",1,"count",6,11.809423837982,11.6944801026958
"mistletoe",22,"inla_spde_st",1,"count",26,13.4449867931823,11.6944801026958
"mistletoe",22,"inla_spde_st",1,"count",26,13.4449867931823,11.6944801026958
"mistletoe",22,"inla_spde_st",1,"count",4,10.1101884989417,11.6944801026958
"mistletoe",22,"inla_spde_st",1,"count",3,10.1334229561869,11.6944801026958
"mistletoe",22,"inla_spde_st",1,"count",12,10.0022752880759,11.6944801026958
"mistletoe",22,"inla_spde_st",1,"count",10,9.95192807970115,11.6944801026958
"mistletoe",22,"inla_spde_st",1,"count",16,9.88658058993633,11.6944801026958
"mistletoe",22,"inla_spde_st",1,"count",16,9.88658058993633,11.6944801026958
"mistletoe",22,"inla_spde_st",1,"count",8,8.93431571411833,11.6944801026958
"mistletoe",22,"inla_spde_st",1,"count",13,8.93431571411833,11.6944801026958
"mistletoe",22,"inla_spde_st",1,"count",9,8.93431571411833,11.6944801026958
"mistletoe",22,"inla_spde_st",1,"count",19,8.83126474680795,11.6944801026958
"mistletoe",22,"inla_spde_st",1,"count",10,8.78957387767936,11.6944801026958
"mistletoe",22,"inla_spde_st",1,"count",17,8.7343377403822,11.6944801026958
"mistletoe",22,"inla_spde_st",1,"count",10,6.99244127844762,11.6944801026958
"mistletoe",22,"inla_spde_st",1,"count",8,6.99179826982477,11.6944801026958
"mistletoe",22,"inla_spde_st",1,"count",10,6.90501353709085,11.6944801026958
"mistletoe",22,"inla_spde_st",1,"count",12,6.87446816905881,11.6944801026958
"mistletoe",22,"inla_spde_st",1,"count",20,6.83288849268838,11.6944801026958
"mistletoe",22,"inla_spde_st",1,"count",20,13.8432761494352,11.6944801026958
"mistletoe",22,"inla_spde_st",1,"count",21,13.3246827456804,11.6944801026958
"mistletoe",22,"inla_spde_st",1,"count",15,17.8525795591048,11.6944801026958
"mistletoe",22,"inla_spde_st",1,"count",21,17.8525795591048,11.6944801026958
"mistletoe",22,"inla_spde_st",1,"count",39,22.4842707119634,11.6944801026958
"mistletoe",22,"inla_spde_st",1,"count",58,35.1002529703399,11.6944801026958
"mistletoe",22,"inla_spde_st",1,"count",21,16.0398675730242,11.6944801026958
"mistletoe",22,"inla_spde_st",1,"count",30,17.326472208422,11.6944801026958
"mistletoe",22,"inla_spde_st",1,"count",18,21.1116536973291,11.6944801026958
"mistletoe",22,"inla_spde_st",1,"count",21,23.3702389281554,11.6944801026958
"mistletoe",22,"inla_spde_st",1,"count",49,32.9970797827499,11.6944801026958
"mistletoe",22,"inla_spde_st",1,"count",16,24.8797430823093,11.6944801026958
"mistletoe",22,"inla_spde_st",1,"count",18,17.326472208422,11.6944801026958
"mistletoe",22,"inla_spde_st",1,"count",19,22.4404428418457,11.6944801026958
"mistletoe",22,"inla_spde_st",1,"count",19,22.4404428418457,11.6944801026958
"mistletoe",22,"inla_spde_st",1,"count",18,19.5854912270801,11.6944801026958
"mistletoe",22,"inla_spde_st",1,"count",17,19.5854912270801,11.6944801026958
"mistletoe",22,"inla_spde_st",1,"count",27,26.6333438101901,11.6944801026958
"mistletoe",22,"inla_spde_st",1,"count",14,18.9373210173047,11.6944801026958
"mistletoe",22,"inla_spde_st",1,"count",10,12.7739587826376,11.6944801026958
"mistletoe",22,"inla_spde_st",1,"count",11,32.9970797827499,11.6944801026958
"mistletoe",22,"inla_spde_st",1,"count",31,22.3905280486306,11.6944801026958
"mistletoe",22,"inla_spde_st",1,"count",24,23.850456246494,11.6944801026958
"mistletoe",22,"inla_spde_st",1,"count",20,25.7857371847881,11.6944801026958
"mistletoe",22,"inla_spde_st",1,"count",20,25.7857371847881,11.6944801026958
"mistletoe",22,"inla_spde_st",1,"count",8,11.9043188715911,11.6944801026958
"mistletoe",22,"inla_spde_st",1,"count",18,16.0398675730242,11.6944801026958
"mistletoe",22,"inla_spde_st",1,"count",8,15.8890670945763,11.6944801026958
"mistletoe",22,"inla_spde_st",1,"count",21,15.8890670945763,11.6944801026958
"mistletoe",22,"inla_spde_st",1,"count",12,26.6333438101901,11.6944801026958
"mistletoe",22,"inla_spde_st",1,"count",13,18.9373210173047,11.6944801026958
"mistletoe",22,"inla_spde_st",1,"count",3,10.7315245362533,11.6944801026958
"mistletoe",22,"inla_spde_st",1,"count",10,10.7315245362533,11.6944801026958
"mistletoe",22,"inla_spde_st",1,"count",0,12.7739587826376,11.6944801026958
"mistletoe",22,"inla_spde_st",1,"count",6,10.7900048436161,11.6944801026958
"mistletoe",22,"inla_spde_st",1,"count",16,18.3867998144973,11.6944801026958
"mistletoe",22,"inla_spde_st",1,"count",23,22.3905280486306,11.6944801026958
"mistletoe",22,"inla_spde_st",1,"count",15,19.5955686146115,11.6944801026958
"mistletoe",22,"inla_spde_st",1,"count",18,35.1002529703399,11.6944801026958
"mistletoe",22,"inla_spde_st",1,"count",29,23.850456246494,11.6944801026958
"mistletoe",22,"inla_spde_st",1,"count",32,18.984367232687,11.6944801026958
"mistletoe",22,"inla_spde_st",1,"count",7,11.9043188715911,11.6944801026958
"mistletoe",22,"inla_spde_st",1,"count",5,13.3246827456804,11.6944801026958
"mistletoe",22,"inla_spde_st",1,"count",6,11.809423837982,11.6944801026958
"mistletoe",22,"inla_spde_st",2,"count",48,14.0973964995453,12.0306258322237
"mistletoe",22,"inla_spde_st",2,"count",8,18.7138573237061,12.0306258322237
"mistletoe",22,"inla_spde_st",2,"count",6,19.5502356061591,12.0306258322237
"mistletoe",22,"inla_spde_st",2,"count",17,14.9152420839218,12.0306258322237
"mistletoe",22,"inla_spde_st",2,"count",8,10.7443122613065,12.0306258322237
"mistletoe",22,"inla_spde_st",2,"count",16,13.2382575641528,12.0306258322237
"mistletoe",22,"inla_spde_st",2,"count",40,12.8561577228843,12.0306258322237
"mistletoe",22,"inla_spde_st",2,"count",11,12.1871364307938,12.0306258322237
"mistletoe",22,"inla_spde_st",2,"count",31,12.8000056047109,12.0306258322237
"mistletoe",22,"inla_spde_st",2,"count",14,12.8000056047109,12.0306258322237
"mistletoe",22,"inla_spde_st",2,"count",14,15.3041369687101,12.0306258322237
"mistletoe",22,"inla_spde_st",2,"count",19,16.6547895459839,12.0306258322237
"mistletoe",22,"inla_spde_st",2,"count",13,10.9608146846326,12.0306258322237
"mistletoe",22,"inla_spde_st",2,"count",4,12.8968198686133,12.0306258322237
"mistletoe",22,"inla_spde_st",2,"count",3,11.1488490753619,12.0306258322237
"mistletoe",22,"inla_spde_st",2,"count",29,12.7697812957001,12.0306258322237
"mistletoe",22,"inla_spde_st",2,"count",10,14.5302903798369,12.0306258322237
"mistletoe",22,"inla_spde_st",2,"count",12,14.0039270169412,12.0306258322237
"mistletoe",22,"inla_spde_st",2,"count",14,15.8791550174412,12.0306258322237
"mistletoe",22,"inla_spde_st",2,"count",0,11.9949386208945,12.0306258322237
"mistletoe",22,"inla_spde_st",2,"count",27,15.2550166858836,12.0306258322237
"mistletoe",22,"inla_spde_st",2,"count",23,12.6440817550237,12.0306258322237
"mistletoe",22,"inla_spde_st",2,"count",24,13.17539657858,12.0306258322237
"mistletoe",22,"inla_spde_st",2,"count",5,20.0431675851879,12.0306258322237
"mistletoe",22,"inla_spde_st",2,"count",9,8.09706865434587,12.0306258322237
"mistletoe",22,"inla_spde_st",2,"count",14,12.0638776430092,12.0306258322237
"mistletoe",22,"inla_spde_st",2,"count",13,12.748151699915,12.0306258322237
"mistletoe",22,"inla_spde_st",2,"count",17,13.7799813621385,12.0306258322237
"mistletoe",22,"inla_spde_st",2,"count",17,11.3081810104089,12.0306258322237
"mistletoe",22,"inla_spde_st",2,"count",11,17.003286029997,12.0306258322237
"mistletoe",22,"inla_spde_st",2,"count",18,12.7202056315423,12.0306258322237
"mistletoe",22,"inla_spde_st",2,"count",12,13.1560694250347,12.0306258322237
"mistletoe",22,"inla_spde_st",2,"count",33,11.883696748968,12.0306258322237
"mistletoe",22,"inla_spde_st",2,"count",12,9.95762922477435,12.0306258322237
"mistletoe",22,"inla_spde_st",2,"count",9,18.5764885393126,12.0306258322237
"mistletoe",22,"inla_spde_st",2,"count",2,17.038238396236,12.0306258322237
"mistletoe",22,"inla_spde_st",2,"count",6,19.9566872039873,12.0306258322237
"mistletoe",22,"inla_spde_st",2,"count",54,15.3041369687101,12.0306258322237
"mistletoe",22,"inla_spde_st",2,"count",1,19.7906037864099,12.0306258322237
"mistletoe",22,"inla_spde_st",2,"count",19,13.4506566730488,12.0306258322237
"mistletoe",22,"inla_spde_st",2,"count",49,14.0973964995453,12.0306258322237
"mistletoe",22,"inla_spde_st",2,"count",8,11.9204130360085,12.0306258322237
"mistletoe",22,"inla_spde_st",2,"count",4,19.5741165387984,12.0306258322237
"mistletoe",22,"inla_spde_st",2,"count",10,14.1461848195429,12.0306258322237
"mistletoe",22,"inla_spde_st",2,"count",33,18.7138573237061,12.0306258322237
"mistletoe",22,"inla_spde_st",2,"count",9,12.6440817550237,12.0306258322237
"mistletoe",22,"inla_spde_st",2,"count",23,19.1633955137886,12.0306258322237
"mistletoe",22,"inla_spde_st",2,"count",18,14.6316039160942,12.0306258322237
"mistletoe",22,"inla_spde_st",2,"count",6,8.24896585569625,12.0306258322237
"mistletoe",22,"inla_spde_st",2,"count",2,8.24896585569625,12.0306258322237
"mistletoe",22,"inla_spde_st",2,"count",2,8.24896585569625,12.0306258322237
"mistletoe",22,"inla_spde_st",2,"count",2,15.3133605187077,12.0306258322237
"mistletoe",22,"inla_spde_st",2,"count",13,10.5631913680192,12.0306258322237
"mistletoe",22,"inla_spde_st",2,"count",13,10.9608146846326,12.0306258322237
"mistletoe",22,"inla_spde_st",2,"count",9,8.74080888457788,12.0306258322237
"mistletoe",22,"inla_spde_st",2,"count",5,8.74080888457788,12.0306258322237
"mistletoe",22,"inla_spde_st",2,"count",6,8.74080888457788,12.0306258322237
"mistletoe",22,"inla_spde_st",2,"count",6,10.0684809686024,12.0306258322237
"mistletoe",22,"inla_spde_st",2,"count",4,10.0684809686024,12.0306258322237
"mistletoe",22,"inla_spde_st",2,"count",11,10.0684809686024,12.0306258322237
"mistletoe",22,"inla_spde_st",2,"count",2,12.8903972672186,12.0306258322237
"mistletoe",22,"inla_spde_st",2,"count",6,10.6436718548589,12.0306258322237
"mistletoe",22,"inla_spde_st",2,"count",13,9.7025732200958,12.0306258322237
"mistletoe",22,"inla_spde_st",2,"count",7,9.89889037396673,12.0306258322237
"mistletoe",22,"inla_spde_st",2,"count",13,9.89889037396673,12.0306258322237
"mistletoe",22,"inla_spde_st",2,"count",8,11.5515988963834,12.0306258322237
"mistletoe",22,"inla_spde_st",2,"count",12,11.5515988963834,12.0306258322237
"mistletoe",22,"inla_spde_st",2,"count",3,8.09706865434587,12.0306258322237
"mistletoe",22,"inla_spde_st",2,"count",23,11.4245758211805,12.0306258322237
"mistletoe",22,"inla_spde_st",2,"count",8,11.4245758211805,12.0306258322237
"mistletoe",22,"inla_spde_st",2,"count",11,12.748151699915,12.0306258322237
"mistletoe",22,"inla_spde_st",2,"count",7,9.8071891827077,12.0306258322237
"mistletoe",22,"inla_spde_st",2,"count",8,9.8071891827077,12.0306258322237
"mistletoe",22,"inla_spde_st",2,"count",10,12.7697812957001,12.0306258322237
"mistletoe",22,"inla_spde_st",2,"count",18,13.0930771978399,12.0306258322237
"mistletoe",22,"inla_spde_st",2,"count",10,13.0930771978399,12.0306258322237
"mistletoe",22,"inla_spde_st",2,"count",18,14.5302903798369,12.0306258322237
"mistletoe",22,"inla_spde_st",2,"count",13,11.3081810104089,12.0306258322237
"mistletoe",22,"inla_spde_st",2,"count",16,13.2382575641528,12.0306258322237
"mistletoe",22,"inla_spde_st",2,"count",10,12.2642235090668,12.0306258322237
"mistletoe",22,"inla_spde_st",2,"count",10,12.5350394391655,12.0306258322237
"mistletoe",22,"inla_spde_st",2,"count",13,12.5350394391655,12.0306258322237
"mistletoe",22,"inla_spde_st",2,"count",7,14.0039270169412,12.0306258322237
"mistletoe",22,"inla_spde_st",2,"count",4,10.7655844961206,12.0306258322237
"mistletoe",22,"inla_spde_st",2,"count",5,10.7655844961206,12.0306258322237
"mistletoe",22,"inla_spde_st",2,"count",34,13.6646963178946,12.0306258322237
"mistletoe",22,"inla_spde_st",2,"count",22,14.0011096706779,12.0306258322237
"mistletoe",22,"inla_spde_st",2,"count",34,14.0011096706779,12.0306258322237
"mistletoe",22,"inla_spde_st",2,"count",18,15.8791550174412,12.0306258322237
"mistletoe",22,"inla_spde_st",2,"count",8,11.7644644336225,12.0306258322237
"mistletoe",22,"inla_spde_st",2,"count",7,11.7644644336225,12.0306258322237
"mistletoe",22,"inla_spde_st",2,"count",4,15.2055579249664,12.0306258322237
"mistletoe",22,"inla_spde_st",2,"count",7,15.2055579249664,12.0306258322237
"mistletoe",22,"inla_spde_st",2,"count",2,19.5379910128662,12.0306258322237
"mistletoe",22,"inla_spde_st",2,"count",17,19.5379910128662,12.0306258322237
"mistletoe",22,"inla_spde_st",2,"count",10,19.8094607321894,12.0306258322237
"mistletoe",22,"inla_spde_st",2,"count",10,15.3224299375665,12.0306258322237
"mistletoe",22,"inla_spde_st",2,"count",3,11.2997612984761,12.0306258322237
"mistletoe",22,"inla_spde_st",2,"count",0,11.2997612984761,12.0306258322237
"mistletoe",22,"inla_spde_st",2,"count",2,11.2997612984761,12.0306258322237
"mistletoe",22,"inla_spde_st",2,"count",16,14.1635272547305,12.0306258322237
"mistletoe",22,"inla_spde_st",2,"count",14,14.1635272547305,12.0306258322237
"mistletoe",22,"inla_spde_st",2,"count",5,14.9152420839218,12.0306258322237
"mistletoe",22,"inla_spde_st",2,"count",13,12.2997014082335,12.0306258322237
"mistletoe",22,"inla_spde_st",2,"count",15,12.2997014082335,12.0306258322237
"mistletoe",22,"inla_spde_st",2,"count",2,9.8094679655504,12.0306258322237
"mistletoe",22,"inla_spde_st",2,"count",9,9.8094679655504,12.0306258322237
"mistletoe",22,"inla_spde_st",2,"count",0,9.8094679655504,12.0306258322237
"mistletoe",22,"inla_spde_st",2,"count",2,10.5465496547919,12.0306258322237
"mistletoe",22,"inla_spde_st",2,"count",8,10.5465496547919,12.0306258322237
"mistletoe",22,"inla_spde_st",2,"count",11,11.8801854782761,12.0306258322237
"mistletoe",22,"inla_spde_st",2,"count",10,11.8801854782761,12.0306258322237
"mistletoe",22,"inla_spde_st",2,"count",3,11.8801854782761,12.0306258322237
"mistletoe",22,"inla_spde_st",2,"count",19,14.5939137174524,12.0306258322237
"mistletoe",22,"inla_spde_st",2,"count",22,14.5939137174524,12.0306258322237
"mistletoe",22,"inla_spde_st",2,"count",22,12.6638792828108,12.0306258322237
"mistletoe",22,"inla_spde_st",2,"count",12,12.6638792828108,12.0306258322237
"mistletoe",22,"inla_spde_st",2,"count",8,11.9949386208945,12.0306258322237
"mistletoe",22,"inla_spde_st",2,"count",8,11.9949386208945,12.0306258322237
"mistletoe",22,"inla_spde_st",2,"count",7,14.5827256727974,12.0306258322237
"mistletoe",22,"inla_spde_st",2,"count",13,14.5827256727974,12.0306258322237
"mistletoe",22,"inla_spde_st",2,"count",7,15.2550166858836,12.0306258322237
"mistletoe",22,"inla_spde_st",2,"count",18,12.6722120781845,12.0306258322237
"mistletoe",22,"inla_spde_st",2,"count",7,12.6722120781845,12.0306258322237
"mistletoe",22,"inla_spde_st",2,"count",7,12.8674733942911,12.0306258322237
"mistletoe",22,"inla_spde_st",2,"count",5,12.8674733942911,12.0306258322237
"mistletoe",22,"inla_spde_st",2,"count",2,12.8674733942911,12.0306258322237
"mistletoe",22,"inla_spde_st",2,"count",22,15.3190495519502,12.0306258322237
"mistletoe",22,"inla_spde_st",2,"count",17,15.3190495519502,12.0306258322237
"mistletoe",22,"inla_spde_st",2,"count",15,16.0195541694123,12.0306258322237
"mistletoe",22,"inla_spde_st",2,"count",22,16.0195541694123,12.0306258322237
"mistletoe",22,"inla_spde_st",2,"count",14,13.4273440836469,12.0306258322237
"mistletoe",22,"inla_spde_st",2,"count",13,13.4273440836469,12.0306258322237
"mistletoe",22,"inla_spde_st",2,"count",3,9.87070819969644,12.0306258322237
"mistletoe",22,"inla_spde_st",2,"count",8,9.87070819969644,12.0306258322237
"mistletoe",22,"inla_spde_st",2,"count",5,12.7202056315423,12.0306258322237
"mistletoe",22,"inla_spde_st",2,"count",3,12.7202056315423,12.0306258322237
"mistletoe",22,"inla_spde_st",2,"count",8,12.8561577228843,12.0306258322237
"mistletoe",22,"inla_spde_st",2,"count",6,9.87245448517957,12.0306258322237
"mistletoe",22,"inla_spde_st",2,"count",8,9.87245448517957,12.0306258322237
"mistletoe",22,"inla_spde_st",2,"count",13,12.1718263941062,12.0306258322237
"mistletoe",22,"inla_spde_st",2,"count",6,12.1718263941062,12.0306258322237
"mistletoe",22,"inla_spde_st",2,"count",8,10.3539269817125,12.0306258322237
"mistletoe",22,"inla_spde_st",2,"count",9,10.3539269817125,12.0306258322237
"mistletoe",22,"inla_spde_st",2,"count",21,12.6849799838226,12.0306258322237
"mistletoe",22,"inla_spde_st",2,"count",10,12.6849799838226,12.0306258322237
"mistletoe",22,"inla_spde_st",2,"count",8,13.17539657858,12.0306258322237
"mistletoe",22,"inla_spde_st",2,"count",19,10.7861165560966,12.0306258322237
"mistletoe",22,"inla_spde_st",2,"count",13,10.7861165560966,12.0306258322237
"mistletoe",22,"inla_spde_st",2,"count",24,10.7861165560966,12.0306258322237
"mistletoe",22,"inla_spde_st",2,"count",11,13.1560694250347,12.0306258322237
"mistletoe",22,"inla_spde_st",2,"count",24,13.6437049478193,12.0306258322237
"mistletoe",22,"inla_spde_st",2,"count",14,13.6437049478193,12.0306258322237
"mistletoe",22,"inla_spde_st",2,"count",25,11.177891671745,12.0306258322237
"mistletoe",22,"inla_spde_st",2,"count",8,11.177891671745,12.0306258322237
"mistletoe",22,"inla_spde_st",2,"count",23,11.177891671745,12.0306258322237
"mistletoe",22,"inla_spde_st",2,"count",19,11.8572016647094,12.0306258322237
"mistletoe",22,"inla_spde_st",2,"count",9,10.9714642000423,12.0306258322237
"mistletoe",22,"inla_spde_st",2,"count",15,11.6846195470886,12.0306258322237
"mistletoe",22,"inla_spde_st",2,"count",11,11.6846195470886,12.0306258322237
"mistletoe",22,"inla_spde_st",2,"count",15,8.31517894682183,12.0306258322237
"mistletoe",22,"inla_spde_st",2,"count",5,8.31517894682183,12.0306258322237
"mistletoe",22,"inla_spde_st",2,"count",13,8.31517894682183,12.0306258322237
"mistletoe",22,"inla_spde_st",2,"count",12,18.1415986962471,12.0306258322237
"mistletoe",22,"inla_spde_st",2,"count",12,18.1415986962471,12.0306258322237
"mistletoe",22,"inla_spde_st",2,"count",4,18.1415986962471,12.0306258322237
"mistletoe",22,"inla_spde_st",2,"count",4,11.2181069449644,12.0306258322237
"mistletoe",22,"inla_spde_st",2,"count",21,11.2181069449644,12.0306258322237
"mistletoe",22,"inla_spde_st",2,"count",17,11.9204130360085,12.0306258322237
"mistletoe",22,"inla_spde_st",2,"count",8,9.61860357919701,12.0306258322237
"mistletoe",22,"inla_spde_st",2,"count",8,9.61860357919701,12.0306258322237
"mistletoe",22,"inla_spde_st",2,"count",1,9.00541162232299,12.0306258322237
"mistletoe",22,"inla_spde_st",2,"count",6,9.00541162232299,12.0306258322237
"mistletoe",22,"inla_spde_st",2,"count",1,9.00541162232299,12.0306258322237
"mistletoe",22,"inla_spde_st",2,"count",29,19.5741165387984,12.0306258322237
"mistletoe",22,"inla_spde_st",2,"count",29,19.5741165387984,12.0306258322237
"mistletoe",22,"inla_spde_st",2,"count",19,12.1391135457334,12.0306258322237
"mistletoe",22,"inla_spde_st",2,"count",16,12.1391135457334,12.0306258322237
"mistletoe",22,"inla_spde_st",2,"count",24,12.8968198686133,12.0306258322237
"mistletoe",22,"inla_spde_st",2,"count",3,10.4039536472705,12.0306258322237
"mistletoe",22,"inla_spde_st",2,"count",4,10.4039536472705,12.0306258322237
"mistletoe",22,"inla_spde_st",2,"count",12,19.5109706148187,12.0306258322237
"mistletoe",22,"inla_spde_st",2,"count",9,19.5109706148187,12.0306258322237
"mistletoe",22,"inla_spde_st",2,"count",7,41.2716399506854,12.0306258322237
"mistletoe",22,"inla_spde_st",2,"count",7,41.2716399506854,12.0306258322237
"mistletoe",22,"inla_spde_st",2,"count",15,26.084625870194,12.0306258322237
"mistletoe",22,"inla_spde_st",2,"count",13,11.0380149437872,12.0306258322237
"mistletoe",22,"inla_spde_st",2,"count",13,11.0380149437872,12.0306258322237
"mistletoe",22,"inla_spde_st",2,"count",12,9.95762922477435,12.0306258322237
"mistletoe",22,"inla_spde_st",2,"count",7,14.1391526786738,12.0306258322237
"mistletoe",22,"inla_spde_st",2,"count",11,14.1391526786738,12.0306258322237
"mistletoe",22,"inla_spde_st",2,"count",6,14.1461848195429,12.0306258322237
"mistletoe",22,"inla_spde_st",2,"count",8,11.3292708209742,12.0306258322237
"mistletoe",22,"inla_spde_st",2,"count",8,11.3292708209742,12.0306258322237
"mistletoe",22,"inla_spde_st",2,"count",7,16.9849164703754,12.0306258322237
"mistletoe",22,"inla_spde_st",2,"count",11,16.9849164703754,12.0306258322237
"mistletoe",22,"inla_spde_st",2,"count",15,16.6547895459839,12.0306258322237
"mistletoe",22,"inla_spde_st",2,"count",6,12.939611032546,12.0306258322237
"mistletoe",22,"inla_spde_st",2,"count",5,12.939611032546,12.0306258322237
"mistletoe",22,"inla_spde_st",2,"count",18,19.1633955137886,12.0306258322237
"mistletoe",22,"inla_spde_st",2,"count",15,14.6316039160942,12.0306258322237
"mistletoe",22,"inla_spde_st",2,"count",7,11.9431057799477,12.0306258322237
"mistletoe",22,"inla_spde_st",2,"count",24,11.9431057799477,12.0306258322237
"mistletoe",22,"inla_spde_st",2,"count",37,12.1062170079932,12.0306258322237
"mistletoe",22,"inla_spde_st",2,"count",24,12.1062170079932,12.0306258322237
"mistletoe",22,"inla_spde_st",2,"count",15,9.8457756323336,12.0306258322237
"mistletoe",22,"inla_spde_st",2,"count",8,9.8457756323336,12.0306258322237
"mistletoe",22,"inla_spde_st",2,"count",18,11.8572016647094,12.0306258322237
"mistletoe",22,"inla_spde_st",2,"count",4,15.3224299375665,12.0306258322237
"mistletoe",22,"inla_spde_st",2,"count",25,13.7618688195936,12.0306258322237
"mistletoe",22,"inla_spde_st",2,"count",20,14.3453862694814,12.0306258322237
"mistletoe",22,"inla_spde_st",2,"count",6,22.3411531106801,12.0306258322237
"mistletoe",22,"inla_spde_st",2,"count",20,22.3411531106801,12.0306258322237
"mistletoe",22,"inla_spde_st",2,"count",8,10.5631913680192,12.0306258322237
"mistletoe",22,"inla_spde_st",2,"count",17,12.8903972672186,12.0306258322237
"mistletoe",22,"inla_spde_st",2,"count",5,13.3552348711594,12.0306258322237
"mistletoe",22,"inla_spde_st",2,"count",17,10.6436718548589,12.0306258322237
"mistletoe",22,"inla_spde_st",2,"count",3,10.6436718548589,12.0306258322237
"mistletoe",22,"inla_spde_st",2,"count",5,15.2055579249664,12.0306258322237
"mistletoe",22,"inla_spde_st",2,"count",6,19.8094607321894,12.0306258322237
"mistletoe",22,"inla_spde_st",2,"count",18,13.7618688195936,12.0306258322237
"mistletoe",22,"inla_spde_st",2,"count",15,11.8572016647094,12.0306258322237
"mistletoe",22,"inla_spde_st",2,"count",10,26.084625870194,12.0306258322237
"mistletoe",22,"inla_spde_st",2,"count",12,27.6546537078356,12.0306258322237
"mistletoe",22,"inla_spde_st",2,"count",30,27.6546537078356,12.0306258322237
"mistletoe",22,"inla_spde_st",2,"count",23,14.3453862694814,12.0306258322237
"mistletoe",22,"inla_spde_st",2,"count",4,13.3552348711594,12.0306258322237
"mistletoe",22,"inla_spde_st",3,"count",21,13.8581506658866,12.3659117997616
"mistletoe",22,"inla_spde_st",3,"count",21,10.1200568415975,12.3659117997616
"mistletoe",22,"inla_spde_st",3,"count",24,12.6195558562626,12.3659117997616
"mistletoe",22,"inla_spde_st",3,"count",80,12.9522102648864,12.3659117997616
"mistletoe",22,"inla_spde_st",3,"count",12,9.75728522964061,12.3659117997616
"mistletoe",22,"inla_spde_st",3,"count",4,12.186437666813,12.3659117997616
"mistletoe",22,"inla_spde_st",3,"count",10,10.2121307755855,12.3659117997616
"mistletoe",22,"inla_spde_st",3,"count",31,11.6661642751971,12.3659117997616
"mistletoe",22,"inla_spde_st",3,"count",10,9.6070976527438,12.3659117997616
"mistletoe",22,"inla_spde_st",3,"count",3,14.0283944009784,12.3659117997616
"mistletoe",22,"inla_spde_st",3,"count",12,9.7190914238672,12.3659117997616
"mistletoe",22,"inla_spde_st",3,"count",13,12.9522102648864,12.3659117997616
"mistletoe",22,"inla_spde_st",3,"count",23,7.91253161047299,12.3659117997616
"mistletoe",22,"inla_spde_st",3,"count",11,10.0259426435409,12.3659117997616
"mistletoe",22,"inla_spde_st",3,"count",11,15.2380189998263,12.3659117997616
"mistletoe",22,"inla_spde_st",3,"count",14,12.6533463574657,12.3659117997616
"mistletoe",22,"inla_spde_st",3,"count",28,13.3594638871154,12.3659117997616
"mistletoe",22,"inla_spde_st",3,"count",12,13.2179450087337,12.3659117997616
"mistletoe",22,"inla_spde_st",3,"count",30,10.9708882931336,12.3659117997616
"mistletoe",22,"inla_spde_st",3,"count",10,10.9708882931336,12.3659117997616
"mistletoe",22,"inla_spde_st",3,"count",18,10.1468280360904,12.3659117997616
"mistletoe",22,"inla_spde_st",3,"count",15,13.6794900499761,12.3659117997616
"mistletoe",22,"inla_spde_st",3,"count",14,11.1793315717817,12.3659117997616
"mistletoe",22,"inla_spde_st",3,"count",14,14.0283944009784,12.3659117997616
"mistletoe",22,"inla_spde_st",3,"count",9,9.7190914238672,12.3659117997616
"mistletoe",22,"inla_spde_st",3,"count",2,9.25947698292517,12.3659117997616
"mistletoe",22,"inla_spde_st",3,"count",7,10.2009893409292,12.3659117997616
"mistletoe",22,"inla_spde_st",3,"count",5,11.3064005387861,12.3659117997616
"mistletoe",22,"inla_spde_st",3,"count",9,11.1689731258738,12.3659117997616
"mistletoe",22,"inla_spde_st",3,"count",9,9.09382210664073,12.3659117997616
"mistletoe",22,"inla_spde_st",3,"count",53,12.4375675994093,12.3659117997616
"mistletoe",22,"inla_spde_st",3,"count",4,9.24190708427965,12.3659117997616
"mistletoe",22,"inla_spde_st",3,"count",15,14.5543404253926,12.3659117997616
"mistletoe",22,"inla_spde_st",3,"count",7,10.225848628374,12.3659117997616
"mistletoe",22,"inla_spde_st",3,"count",10,9.24190708427965,12.3659117997616
"mistletoe",22,"inla_spde_st",3,"count",11,9.25947698292517,12.3659117997616
"mistletoe",22,"inla_spde_st",3,"count",13,9.3029887951457,12.3659117997616
"mistletoe",22,"inla_spde_st",3,"count",14,9.75728522964061,12.3659117997616
"mistletoe",22,"inla_spde_st",3,"count",9,7.61119130131605,12.3659117997616
"mistletoe",22,"inla_spde_st",3,"count",7,12.6195558562626,12.3659117997616
"mistletoe",22,"inla_spde_st",3,"count",12,7.97846977391377,12.3659117997616
"mistletoe",22,"inla_spde_st",3,"count",12,12.7210348768833,12.3659117997616
"mistletoe",22,"inla_spde_st",3,"count",11,10.5290016929531,12.3659117997616
"mistletoe",22,"inla_spde_st",3,"count",10,13.2179450087337,12.3659117997616
"mistletoe",22,"inla_spde_st",3,"count",3,10.5290016929531,12.3659117997616
"mistletoe",22,"inla_spde_st",3,"count",3,14.5543404253926,12.3659117997616
"mistletoe",22,"inla_spde_st",3,"count",10,10.225848628374,12.3659117997616
"mistletoe",22,"inla_spde_st",3,"count",15,12.281953161899,12.3659117997616
"mistletoe",22,"inla_spde_st",3,"count",6,12.281953161899,12.3659117997616
"mistletoe",22,"inla_spde_st",3,"count",8,13.6794900499761,12.3659117997616
"mistletoe",22,"inla_spde_st",3,"count",9,8.20325172849979,12.3659117997616
"mistletoe",22,"inla_spde_st",3,"count",12,8.20325172849979,12.3659117997616
"mistletoe",22,"inla_spde_st",3,"count",8,12.4339912490495,12.3659117997616
"mistletoe",22,"inla_spde_st",3,"count",10,12.4339912490495,12.3659117997616
"mistletoe",22,"inla_spde_st",3,"count",4,13.8581506658866,12.3659117997616
"mistletoe",22,"inla_spde_st",3,"count",6,8.29530660377437,12.3659117997616
"mistletoe",22,"inla_spde_st",3,"count",3,8.29530660377437,12.3659117997616
"mistletoe",22,"inla_spde_st",3,"count",7,7.61119130131605,12.3659117997616
"mistletoe",22,"inla_spde_st",3,"count",5,7.61119130131605,12.3659117997616
"mistletoe",22,"inla_spde_st",3,"count",14,11.0599596383428,12.3659117997616
"mistletoe",22,"inla_spde_st",3,"count",14,11.0599596383428,12.3659117997616
"mistletoe",22,"inla_spde_st",3,"count",9,7.91109644861439,12.3659117997616
"mistletoe",22,"inla_spde_st",3,"count",8,7.97846977391377,12.3659117997616
"mistletoe",22,"inla_spde_st",3,"count",17,7.97846977391377,12.3659117997616
"mistletoe",22,"inla_spde_st",3,"count",14,11.5305299688814,12.3659117997616
"mistletoe",22,"inla_spde_st",3,"count",8,13.3594638871154,12.3659117997616
"mistletoe",22,"inla_spde_st",3,"count",10,8.34606259442566,12.3659117997616
"mistletoe",22,"inla_spde_st",3,"count",9,8.34606259442566,12.3659117997616
"mistletoe",22,"inla_spde_st",3,"count",16,11.6552765292982,12.3659117997616
"mistletoe",22,"inla_spde_st",3,"count",4,8.29876045157947,12.3659117997616
"mistletoe",22,"inla_spde_st",3,"count",4,8.29876045157947,12.3659117997616
"mistletoe",22,"inla_spde_st",3,"count",10,10.2009893409292,12.3659117997616
"mistletoe",22,"inla_spde_st",3,"count",7,10.4272429872966,12.3659117997616
"mistletoe",22,"inla_spde_st",3,"count",3,10.4272429872966,12.3659117997616
"mistletoe",22,"inla_spde_st",3,"count",7,10.8309953326223,12.3659117997616
"mistletoe",22,"inla_spde_st",3,"count",6,10.8309953326223,12.3659117997616
"mistletoe",22,"inla_spde_st",3,"count",3,10.7978980877126,12.3659117997616
"mistletoe",22,"inla_spde_st",3,"count",0,10.7978980877126,12.3659117997616
"mistletoe",22,"inla_spde_st",3,"count",10,10.6437003168018,12.3659117997616
"mistletoe",22,"inla_spde_st",3,"count",12,10.6437003168018,12.3659117997616
"mistletoe",22,"inla_spde_st",3,"count",12,10.8057814590087,12.3659117997616
"mistletoe",22,"inla_spde_st",3,"count",3,10.8057814590087,12.3659117997616
"mistletoe",22,"inla_spde_st",3,"count",2,11.3064005387861,12.3659117997616
"mistletoe",22,"inla_spde_st",3,"count",11,11.4685150390391,12.3659117997616
"mistletoe",22,"inla_spde_st",3,"count",16,11.4685150390391,12.3659117997616
"mistletoe",22,"inla_spde_st",3,"count",4,11.1689731258738,12.3659117997616
"mistletoe",22,"inla_spde_st",3,"count",5,9.09382210664073,12.3659117997616
"mistletoe",22,"inla_spde_st",3,"count",11,9.38735852380672,12.3659117997616
"mistletoe",22,"inla_spde_st",3,"count",8,9.38735852380672,12.3659117997616
"mistletoe",22,"inla_spde_st",3,"count",17,12.4375675994093,12.3659117997616
"mistletoe",22,"inla_spde_st",3,"count",5,10.1630176410729,12.3659117997616
"mistletoe",22,"inla_spde_st",3,"count",11,10.1630176410729,12.3659117997616
"mistletoe",22,"inla_spde_st",3,"count",6,11.045645239585,12.3659117997616
"mistletoe",22,"inla_spde_st",3,"count",14,11.045645239585,12.3659117997616
"mistletoe",22,"inla_spde_st",3,"count",9,9.71978357526278,12.3659117997616
"mistletoe",22,"inla_spde_st",3,"count",8,9.71978357526278,12.3659117997616
"mistletoe",22,"inla_spde_st",3,"count",12,14.9855578509367,12.3659117997616
"mistletoe",22,"inla_spde_st",3,"count",12,12.922358854961,12.3659117997616
"mistletoe",22,"inla_spde_st",3,"count",8,9.58732704396348,12.3659117997616
"mistletoe",22,"inla_spde_st",3,"count",4,9.58732704396348,12.3659117997616
"mistletoe",22,"inla_spde_st",3,"count",9,9.58732704396348,12.3659117997616
"mistletoe",22,"inla_spde_st",3,"count",10,13.9870593717592,12.3659117997616
"mistletoe",22,"inla_spde_st",3,"count",18,13.9870593717592,12.3659117997616
"mistletoe",22,"inla_spde_st",3,"count",8,15.2380189998263,12.3659117997616
"mistletoe",22,"inla_spde_st",3,"count",28,9.7542538136337,12.3659117997616
"mistletoe",22,"inla_spde_st",3,"count",14,9.7542538136337,12.3659117997616
"mistletoe",22,"inla_spde_st",3,"count",10,10.7752684442825,12.3659117997616
"mistletoe",22,"inla_spde_st",3,"count",9,10.7752684442825,12.3659117997616
"mistletoe",22,"inla_spde_st",3,"count",6,7.91253161047299,12.3659117997616
"mistletoe",22,"inla_spde_st",3,"count",4,8.68158351288705,12.3659117997616
"mistletoe",22,"inla_spde_st",3,"count",3,8.68158351288705,12.3659117997616
"mistletoe",22,"inla_spde_st",3,"count",6,12.7210348768833,12.3659117997616
"mistletoe",22,"inla_spde_st",3,"count",9,13.0494882197927,12.3659117997616
"mistletoe",22,"inla_spde_st",3,"count",11,13.0494882197927,12.3659117997616
"mistletoe",22,"inla_spde_st",3,"count",14,14.5543404253926,12.3659117997616
"mistletoe",22,"inla_spde_st",3,"count",7,12.6533463574657,12.3659117997616
"mistletoe",22,"inla_spde_st",3,"count",6,12.8582047901876,12.3659117997616
"mistletoe",22,"inla_spde_st",3,"count",7,12.8582047901876,12.3659117997616
"mistletoe",22,"inla_spde_st",3,"count",7,11.3696755850577,12.3659117997616
"mistletoe",22,"inla_spde_st",3,"count",5,11.3696755850577,12.3659117997616
"mistletoe",22,"inla_spde_st",3,"count",4,11.4473954262982,12.3659117997616
"mistletoe",22,"inla_spde_st",3,"count",13,11.4473954262982,12.3659117997616
"mistletoe",22,"inla_spde_st",3,"count",6,12.3892247096654,12.3659117997616
"mistletoe",22,"inla_spde_st",3,"count",7,12.3892247096654,12.3659117997616
"mistletoe",22,"inla_spde_st",3,"count",14,10.9454319437091,12.3659117997616
"mistletoe",22,"inla_spde_st",3,"count",12,10.9454319437091,12.3659117997616
"mistletoe",22,"inla_spde_st",3,"count",7,11.0248337001605,12.3659117997616
"mistletoe",22,"inla_spde_st",3,"count",12,11.0248337001605,12.3659117997616
"mistletoe",22,"inla_spde_st",3,"count",5,11.5750818359419,12.3659117997616
"mistletoe",22,"inla_spde_st",3,"count",8,11.5750818359419,12.3659117997616
"mistletoe",22,"inla_spde_st",3,"count",6,10.2224964928199,12.3659117997616
"mistletoe",22,"inla_spde_st",3,"count",5,10.2224964928199,12.3659117997616
"mistletoe",22,"inla_spde_st",3,"count",5,10.2991747313175,12.3659117997616
"mistletoe",22,"inla_spde_st",3,"count",3,10.2991747313175,12.3659117997616
"mistletoe",22,"inla_spde_st",3,"count",12,7.91109644861439,12.3659117997616
"mistletoe",22,"inla_spde_st",3,"count",11,11.5305299688814,12.3659117997616
"mistletoe",22,"inla_spde_st",3,"count",19,14.9855578509367,12.3659117997616
"mistletoe",22,"inla_spde_st",3,"count",13,10.2337380411678,12.3659117997616
"mistletoe",22,"inla_spde_st",3,"count",10,10.2337380411678,12.3659117997616
"mistletoe",22,"inla_spde_st",4,"count",17,12.8468989210366,12.4647355163728
"mistletoe",22,"inla_spde_st",4,"count",29,12.3106119256353,12.4647355163728
"mistletoe",22,"inla_spde_st",4,"count",16,13.1582614682953,12.4647355163728
"mistletoe",22,"inla_spde_st",4,"count",0,13.1780744506759,12.4647355163728
"mistletoe",22,"inla_spde_st",4,"count",21,9.90117280376968,12.4647355163728
"mistletoe",22,"inla_spde_st",4,"count",3,9.90117280376968,12.4647355163728
"mistletoe",22,"inla_spde_st",4,"count",12,13.277541573479,12.4647355163728
"mistletoe",22,"inla_spde_st",4,"count",8,11.6864152445898,12.4647355163728
"mistletoe",22,"inla_spde_st",4,"count",17,13.1801974067364,12.4647355163728
"mistletoe",22,"inla_spde_st",4,"count",18,11.8508119502915,12.4647355163728
"mistletoe",22,"inla_spde_st",4,"count",6,11.9428667529931,12.4647355163728
"mistletoe",22,"inla_spde_st",4,"count",10,11.2348411790092,12.4647355163728
"mistletoe",22,"inla_spde_st",4,"count",5,11.3460631067072,12.4647355163728
"mistletoe",22,"inla_spde_st",4,"count",12,15.0337648012243,12.4647355163728
"mistletoe",22,"inla_spde_st",4,"count",27,13.7178363880266,12.4647355163728
"mistletoe",22,"inla_spde_st",4,"count",13,12.2047965781611,12.4647355163728
"mistletoe",22,"inla_spde_st",4,"count",9,11.6239057818339,12.4647355163728
"mistletoe",22,"inla_spde_st",4,"count",41,11.6332862567164,12.4647355163728
"mistletoe",22,"inla_spde_st",4,"count",12,14.9260270518933,12.4647355163728
"mistletoe",22,"inla_spde_st",4,"count",17,11.3486466535984,12.4647355163728
"mistletoe",22,"inla_spde_st",4,"count",18,11.3486466535984,12.4647355163728
"mistletoe",22,"inla_spde_st",4,"count",7,12.1491448233381,12.4647355163728
"mistletoe",22,"inla_spde_st",4,"count",15,13.7178363880266,12.4647355163728
"mistletoe",22,"inla_spde_st",4,"count",46,14.2143660519796,12.4647355163728
"mistletoe",22,"inla_spde_st",4,"count",14,13.7196278683307,12.4647355163728
"mistletoe",22,"inla_spde_st",4,"count",5,10.7414877953438,12.4647355163728
"mistletoe",22,"inla_spde_st",4,"count",24,12.5950524484704,12.4647355163728
"mistletoe",22,"inla_spde_st",4,"count",13,12.5950524484704,12.4647355163728
"mistletoe",22,"inla_spde_st",4,"count",5,12.0753810251717,12.4647355163728
"mistletoe",22,"inla_spde_st",4,"count",12,12.3106119256353,12.4647355163728
"mistletoe",22,"inla_spde_st",4,"count",16,11.3460631067072,12.4647355163728
"mistletoe",22,"inla_spde_st",4,"count",10,12.1039079226873,12.4647355163728
"mistletoe",22,"inla_spde_st",4,"count",5,9.44485040819967,12.4647355163728
"mistletoe",22,"inla_spde_st",4,"count",7,14.8520542259083,12.4647355163728
"mistletoe",22,"inla_spde_st",4,"count",7,13.277541573479,12.4647355163728
"mistletoe",22,"inla_spde_st",4,"count",14,10.0182679567659,12.4647355163728
"mistletoe",22,"inla_spde_st",4,"count",5,10.0182679567659,12.4647355163728
"mistletoe",22,"inla_spde_st",4,"count",19,9.44485040819967,12.4647355163728
"mistletoe",22,"inla_spde_st",4,"count",6,14.4938829727199,12.4647355163728
"mistletoe",22,"inla_spde_st",4,"count",7,8.59339436463176,12.4647355163728
"mistletoe",22,"inla_spde_st",4,"count",4,12.5950524484704,12.4647355163728
"mistletoe",22,"inla_spde_st",4,"count",8,12.2721580446371,12.4647355163728
"mistletoe",22,"inla_spde_st",4,"count",21,12.2721580446371,12.4647355163728
"mistletoe",22,"inla_spde_st",4,"count",7,13.110297508929,12.4647355163728
"mistletoe",22,"inla_spde_st",4,"count",4,13.110297508929,12.4647355163728
"mistletoe",22,"inla_spde_st",4,"count",5,14.163305781195,12.4647355163728
"mistletoe",22,"inla_spde_st",4,"count",5,14.163305781195,12.4647355163728
"mistletoe",22,"inla_spde_st",4,"count",15,11.6332862567164,12.4647355163728
"mistletoe",22,"inla_spde_st",4,"count",18,11.6332862567164,12.4647355163728
"mistletoe",22,"inla_spde_st",4,"count",13,11.6332862567164,12.4647355163728
"mistletoe",22,"inla_spde_st",4,"count",9,10.3049337778391,12.4647355163728
"mistletoe",22,"inla_spde_st",4,"count",5,10.3049337778391,12.4647355163728
"mistletoe",22,"inla_spde_st",4,"count",9,10.7052688414013,12.4647355163728
"mistletoe",22,"inla_spde_st",4,"count",10,10.7052688414013,12.4647355163728
"mistletoe",22,"inla_spde_st",4,"count",3,11.5118344860994,12.4647355163728
"mistletoe",22,"inla_spde_st",4,"count",5,11.5118344860994,12.4647355163728
"mistletoe",22,"inla_spde_st",4,"count",10,11.8678106259685,12.4647355163728
"mistletoe",22,"inla_spde_st",4,"count",8,11.8678106259685,12.4647355163728
"mistletoe",22,"inla_spde_st",4,"count",12,14.4013550824788,12.4647355163728
"mistletoe",22,"inla_spde_st",4,"count",19,14.4013550824788,12.4647355163728
"mistletoe",22,"inla_spde_st",4,"count",26,12.0753810251717,12.4647355163728
"mistletoe",22,"inla_spde_st",4,"count",13,12.0753810251717,12.4647355163728
"mistletoe",22,"inla_spde_st",4,"count",13,12.1988830007238,12.4647355163728
"mistletoe",22,"inla_spde_st",4,"count",24,12.1988830007238,12.4647355163728
"mistletoe",22,"inla_spde_st",4,"count",18,13.1246534623006,12.4647355163728
"mistletoe",22,"inla_spde_st",4,"count",11,13.1246534623006,12.4647355163728
"mistletoe",22,"inla_spde_st",4,"count",16,12.5395529958204,12.4647355163728
"mistletoe",22,"inla_spde_st",4,"count",15,12.5395529958204,12.4647355163728
"mistletoe",22,"inla_spde_st",4,"count",6,15.0337648012243,12.4647355163728
"mistletoe",22,"inla_spde_st",4,"count",15,13.1801974067364,12.4647355163728
"mistletoe",22,"inla_spde_st",4,"count",2,9.42665142798119,12.4647355163728
"mistletoe",22,"inla_spde_st",4,"count",3,9.42665142798119,12.4647355163728
"mistletoe",22,"inla_spde_st",4,"count",11,8.65583879507284,12.4647355163728
"mistletoe",22,"inla_spde_st",4,"count",13,8.65583879507284,12.4647355163728
"mistletoe",22,"inla_spde_st",4,"count",12,14.4877179056537,12.4647355163728
"mistletoe",22,"inla_spde_st",4,"count",8,14.4877179056537,12.4647355163728
"mistletoe",22,"inla_spde_st",4,"count",7,14.9260270518933,12.4647355163728
"mistletoe",22,"inla_spde_st",4,"count",11,15.7158090020875,12.4647355163728
"mistletoe",22,"inla_spde_st",4,"count",18,15.7158090020875,12.4647355163728
"mistletoe",22,"inla_spde_st",4,"count",18,12.7065199797506,12.4647355163728
"mistletoe",22,"inla_spde_st",4,"count",17,12.7065199797506,12.4647355163728
"mistletoe",22,"inla_spde_st",4,"count",6,12.7065199797506,12.4647355163728
"mistletoe",22,"inla_spde_st",4,"count",8,12.4919493015002,12.4647355163728
"mistletoe",22,"inla_spde_st",4,"count",18,12.4919493015002,12.4647355163728
"mistletoe",22,"inla_spde_st",4,"count",11,12.2386676622438,12.4647355163728
"mistletoe",22,"inla_spde_st",4,"count",13,12.2386676622438,12.4647355163728
"mistletoe",22,"inla_spde_st",4,"count",15,12.3639071184234,12.4647355163728
"mistletoe",22,"inla_spde_st",4,"count",13,12.3639071184234,12.4647355163728
"mistletoe",22,"inla_spde_st",4,"count",12,12.2954876742829,12.4647355163728
"mistletoe",22,"inla_spde_st",4,"count",13,12.2954876742829,12.4647355163728
"mistletoe",22,"inla_spde_st",4,"count",14,11.3486466535984,12.4647355163728
"mistletoe",22,"inla_spde_st",4,"count",8,10.826375452561,12.4647355163728
"mistletoe",22,"inla_spde_st",4,"count",12,10.826375452561,12.4647355163728
"mistletoe",22,"inla_spde_st",4,"count",6,10.9776605407931,12.4647355163728
"mistletoe",22,"inla_spde_st",4,"count",12,10.9776605407931,12.4647355163728
"mistletoe",22,"inla_spde_st",4,"count",4,10.883400071875,12.4647355163728
"mistletoe",22,"inla_spde_st",4,"count",9,10.883400071875,12.4647355163728
"mistletoe",22,"inla_spde_st",4,"count",13,12.1491448233381,12.4647355163728
"mistletoe",22,"inla_spde_st",4,"count",15,12.1491448233381,12.4647355163728
"mistletoe",22,"inla_spde_st",4,"count",7,11.8508119502915,12.4647355163728
"mistletoe",22,"inla_spde_st",4,"count",5,11.6239057818339,12.4647355163728
"mistletoe",22,"inla_spde_st",4,"count",10,11.7687439986983,12.4647355163728
"mistletoe",22,"inla_spde_st",4,"count",8,11.7687439986983,12.4647355163728
"mistletoe",22,"inla_spde_st",4,"count",20,11.6888516922747,12.4647355163728
"mistletoe",22,"inla_spde_st",4,"count",5,11.6888516922747,12.4647355163728
"mistletoe",22,"inla_spde_st",4,"count",4,13.7178363880266,12.4647355163728
"mistletoe",22,"inla_spde_st",4,"count",10,13.1582614682953,12.4647355163728
"mistletoe",22,"inla_spde_st",4,"count",3,12.9304164863424,12.4647355163728
"mistletoe",22,"inla_spde_st",4,"count",6,12.9304164863424,12.4647355163728
"mistletoe",22,"inla_spde_st",4,"count",12,13.1780744506759,12.4647355163728
"mistletoe",22,"inla_spde_st",4,"count",2,13.0124233670561,12.4647355163728
"mistletoe",22,"inla_spde_st",4,"count",9,13.0124233670561,12.4647355163728
"mistletoe",22,"inla_spde_st",4,"count",13,12.5798865981967,12.4647355163728
"mistletoe",22,"inla_spde_st",4,"count",5,12.5798865981967,12.4647355163728
"mistletoe",22,"inla_spde_st",4,"count",14,13.2172371197379,12.4647355163728
"mistletoe",22,"inla_spde_st",4,"count",2,13.2172371197379,12.4647355163728
"mistletoe",22,"inla_spde_st",4,"count",5,12.7703927346352,12.4647355163728
"mistletoe",22,"inla_spde_st",4,"count",6,12.7703927346352,12.4647355163728
"mistletoe",22,"inla_spde_st",4,"count",19,14.5715937111243,12.4647355163728
"mistletoe",22,"inla_spde_st",4,"count",16,14.3891338581044,12.4647355163728
"mistletoe",22,"inla_spde_st",4,"count",13,14.3891338581044,12.4647355163728
"mistletoe",22,"inla_spde_st",4,"count",16,14.2143660519796,12.4647355163728
"mistletoe",22,"inla_spde_st",4,"count",10,13.7196278683307,12.4647355163728
"mistletoe",22,"inla_spde_st",4,"count",13,12.3985274916372,12.4647355163728
"mistletoe",22,"inla_spde_st",4,"count",15,12.3985274916372,12.4647355163728
"mistletoe",22,"inla_spde_st",4,"count",9,12.2047965781611,12.4647355163728
"mistletoe",22,"inla_spde_st",4,"count",11,13.5073433234277,12.4647355163728
"mistletoe",22,"inla_spde_st",4,"count",5,11.3931538831546,12.4647355163728
"mistletoe",22,"inla_spde_st",4,"count",3,11.3931538831546,12.4647355163728
"mistletoe",22,"inla_spde_st",4,"count",6,11.9428667529931,12.4647355163728
"mistletoe",22,"inla_spde_st",4,"count",6,12.6819319635137,12.4647355163728
"mistletoe",22,"inla_spde_st",4,"count",4,11.2348411790092,12.4647355163728
"mistletoe",22,"inla_spde_st",4,"count",11,10.4988023148738,12.4647355163728
"mistletoe",22,"inla_spde_st",4,"count",6,10.4988023148738,12.4647355163728
"mistletoe",22,"inla_spde_st",4,"count",9,11.3914717636524,12.4647355163728
"mistletoe",22,"inla_spde_st",4,"count",13,11.3914717636524,12.4647355163728
"mistletoe",22,"inla_spde_st",4,"count",13,11.508127707822,12.4647355163728
"mistletoe",22,"inla_spde_st",4,"count",6,11.508127707822,12.4647355163728
"mistletoe",22,"inla_spde_st",4,"count",0,11.4834812155027,12.4647355163728
"mistletoe",22,"inla_spde_st",4,"count",12,11.4834812155027,12.4647355163728
"mistletoe",22,"inla_spde_st",4,"count",2,11.3559977305234,12.4647355163728
"mistletoe",22,"inla_spde_st",4,"count",7,11.3559977305234,12.4647355163728
"mistletoe",22,"inla_spde_st",4,"count",9,10.1514452943186,12.4647355163728
"mistletoe",22,"inla_spde_st",4,"count",8,10.4434116869171,12.4647355163728
"mistletoe",22,"inla_spde_st",4,"count",4,10.4434116869171,12.4647355163728
"mistletoe",22,"inla_spde_st",4,"count",1,8.81502482150339,12.4647355163728
"mistletoe",22,"inla_spde_st",4,"count",1,8.81502482150339,12.4647355163728
"mistletoe",22,"inla_spde_st",4,"count",0,11.8800081375204,12.4647355163728
"mistletoe",22,"inla_spde_st",4,"count",3,13.9749933034168,12.4647355163728
"mistletoe",22,"inla_spde_st",4,"count",5,13.9958738741769,12.4647355163728
"mistletoe",22,"inla_spde_st",4,"count",7,14.1770631147458,12.4647355163728
"mistletoe",22,"inla_spde_st",4,"count",6,14.1770631147458,12.4647355163728
"mistletoe",22,"inla_spde_st",4,"count",0,13.9470360758693,12.4647355163728
"mistletoe",22,"inla_spde_st",4,"count",4,13.9470360758693,12.4647355163728
"mistletoe",22,"inla_spde_st",4,"count",7,14.1229445390235,12.4647355163728
"mistletoe",22,"inla_spde_st",4,"count",0,14.1229445390235,12.4647355163728
"mistletoe",22,"inla_spde_st",4,"count",14,10.6088815085343,12.4647355163728
"mistletoe",22,"inla_spde_st",4,"count",0,10.6230064486221,12.4647355163728
"mistletoe",22,"inla_spde_st",4,"count",5,10.7216238861281,12.4647355163728
"mistletoe",22,"inla_spde_st",4,"count",17,12.8535071803566,12.4647355163728
"mistletoe",22,"inla_spde_st",4,"count",12,12.8535071803566,12.4647355163728
"mistletoe",22,"inla_spde_st",4,"count",6,12.8535071803566,12.4647355163728
"mistletoe",22,"inla_spde_st",4,"count",3,12.6565216122416,12.4647355163728
"mistletoe",22,"inla_spde_st",4,"count",45,12.4473281628553,12.4647355163728
"mistletoe",22,"inla_spde_st",4,"count",7,12.5112417072159,12.4647355163728
"mistletoe",22,"inla_spde_st",4,"count",7,12.5112417072159,12.4647355163728
"mistletoe",22,"inla_spde_st",4,"count",5,12.4156600896721,12.4647355163728
"mistletoe",22,"inla_spde_st",4,"count",6,12.4156600896721,12.4647355163728
"mistletoe",22,"inla_spde_st",4,"count",21,12.1039079226873,12.4647355163728
"mistletoe",22,"inla_spde_st",4,"count",20,12.1039079226873,12.4647355163728
"mistletoe",22,"inla_spde_st",4,"count",16,11.8800081375204,12.4647355163728
"mistletoe",22,"inla_spde_st",4,"count",31,10.7624478932319,12.4647355163728
"mistletoe",22,"inla_spde_st",4,"count",7,9.25421343089524,12.4647355163728
"mistletoe",22,"inla_spde_st",4,"count",11,8.59339436463176,12.4647355163728
"mistletoe",22,"inla_spde_st",4,"count",8,11.9264466269407,12.4647355163728
"mistletoe",22,"inla_spde_st",4,"count",11,11.9561078468296,12.4647355163728
"mistletoe",22,"inla_spde_st",4,"count",13,12.0228654829904,12.4647355163728
"mistletoe",22,"inla_spde_st",4,"count",7,12.0228654829904,12.4647355163728
"mistletoe",22,"inla_spde_st",4,"count",16,10.7624478932319,12.4647355163728
"mistletoe",22,"inla_spde_st",4,"count",0,10.5744180147005,12.4647355163728
"mistletoe",22,"inla_spde_st",4,"count",11,10.5744180147005,12.4647355163728
"mistletoe",22,"inla_spde_st",4,"count",19,10.7216238861281,12.4647355163728
"mistletoe",22,"inla_spde_st",4,"count",9,12.6565216122416,12.4647355163728
"mistletoe",22,"inla_spde_st",4,"count",13,12.4473281628553,12.4647355163728
"mistletoe",22,"inla_spde_st",5,"count",20,11.5421096741308,12.1535380507343
"mistletoe",22,"inla_spde_st",5,"count",11,9.95585345196452,12.1535380507343
"mistletoe",22,"inla_spde_st",5,"count",76,11.3318077275177,12.1535380507343
"mistletoe",22,"inla_spde_st",5,"count",42,12.2706534652622,12.1535380507343
"mistletoe",22,"inla_spde_st",5,"count",23,11.0805325961598,12.1535380507343
"mistletoe",22,"inla_spde_st",5,"count",35,11.7318246864779,12.1535380507343
"mistletoe",22,"inla_spde_st",5,"count",17,11.4435284429712,12.1535380507343
"mistletoe",22,"inla_spde_st",5,"count",37,11.8413913493023,12.1535380507343
"mistletoe",22,"inla_spde_st",5,"count",13,11.2863457048159,12.1535380507343
"mistletoe",22,"inla_spde_st",5,"count",45,11.4843833642241,12.1535380507343
"mistletoe",22,"inla_spde_st",5,"count",8,11.6685179897491,12.1535380507343
"mistletoe",22,"inla_spde_st",5,"count",21,11.5143403157747,12.1535380507343
"mistletoe",22,"inla_spde_st",5,"count",8,9.88538071357077,12.1535380507343
"mistletoe",22,"inla_spde_st",5,"count",14,11.3318077275177,12.1535380507343
"mistletoe",22,"inla_spde_st",5,"count",56,8.69954047553367,12.1535380507343
"mistletoe",22,"inla_spde_st",5,"count",5,10.7813031365712,12.1535380507343
"mistletoe",22,"inla_spde_st",5,"count",16,11.7819248787546,12.1535380507343
"mistletoe",22,"inla_spde_st",5,"count",12,11.7819248787546,12.1535380507343
"mistletoe",22,"inla_spde_st",5,"count",15,9.7853650003995,12.1535380507343
"mistletoe",22,"inla_spde_st",5,"count",16,13.0439119440107,12.1535380507343
"mistletoe",22,"inla_spde_st",5,"count",11,11.5726560278227,12.1535380507343
"mistletoe",22,"inla_spde_st",5,"count",47,11.373645865915,12.1535380507343
"mistletoe",22,"inla_spde_st",5,"count",19,12.1175640133301,12.1535380507343
"mistletoe",22,"inla_spde_st",5,"count",7,8.69954047553367,12.1535380507343
"mistletoe",22,"inla_spde_st",5,"count",8,10.0383038712578,12.1535380507343
"mistletoe",22,"inla_spde_st",5,"count",20,10.0383038712578,12.1535380507343
"mistletoe",22,"inla_spde_st",5,"count",8,11.4667168768006,12.1535380507343
"mistletoe",22,"inla_spde_st",5,"count",15,11.1357397712456,12.1535380507343
"mistletoe",22,"inla_spde_st",5,"count",8,9.87018071780397,12.1535380507343
"mistletoe",22,"inla_spde_st",5,"count",24,11.373645865915,12.1535380507343
"mistletoe",22,"inla_spde_st",5,"count",2,11.9482173799461,12.1535380507343
"mistletoe",22,"inla_spde_st",5,"count",4,11.3056590356043,12.1535380507343
"mistletoe",22,"inla_spde_st",5,"count",11,11.3056590356043,12.1535380507343
"mistletoe",22,"inla_spde_st",5,"count",11,10.0383038712578,12.1535380507343
"mistletoe",22,"inla_spde_st",5,"count",2,9.87018071780397,12.1535380507343
"mistletoe",22,"inla_spde_st",5,"count",15,11.5818142525664,12.1535380507343
"mistletoe",22,"inla_spde_st",5,"count",28,11.3968558040089,12.1535380507343
"mistletoe",22,"inla_spde_st",5,"count",17,11.3332152055705,12.1535380507343
"mistletoe",22,"inla_spde_st",5,"count",21,11.3407908938152,12.1535380507343
"mistletoe",22,"inla_spde_st",5,"count",12,11.0909535722117,12.1535380507343
"mistletoe",22,"inla_spde_st",5,"count",5,10.9841772726143,12.1535380507343
"mistletoe",22,"inla_spde_st",5,"count",14,11.028082466517,12.1535380507343
"mistletoe",22,"inla_spde_st",5,"count",9,12.3497293854704,12.1535380507343
"mistletoe",22,"inla_spde_st",5,"count",13,11.5421096741308,12.1535380507343
"mistletoe",22,"inla_spde_st",5,"count",21,9.95585345196452,12.1535380507343
"mistletoe",22,"inla_spde_st",5,"count",7,9.7853650003995,12.1535380507343
"mistletoe",22,"inla_spde_st",5,"count",9,8.55667015778326,12.1535380507343
"mistletoe",22,"inla_spde_st",5,"count",16,11.6205354883279,12.1535380507343
"mistletoe",22,"inla_spde_st",5,"count",9,11.5143403157747,12.1535380507343
"mistletoe",22,"inla_spde_st",5,"count",5,11.3480356993973,12.1535380507343
"mistletoe",22,"inla_spde_st",5,"count",18,11.9684669885795,12.1535380507343
"mistletoe",22,"inla_spde_st",5,"count",24,11.4060107025971,12.1535380507343
"mistletoe",22,"inla_spde_st",5,"count",9,10.7813031365712,12.1535380507343
"mistletoe",22,"inla_spde_st",5,"count",23,12.0163734437037,12.1535380507343
"mistletoe",22,"inla_spde_st",5,"count",4,11.3968558040089,12.1535380507343
"mistletoe",22,"inla_spde_st",5,"count",19,11.3476296991204,12.1535380507343
"mistletoe",22,"inla_spde_st",5,"count",3,11.5818142525664,12.1535380507343
"mistletoe",22,"inla_spde_st",5,"count",12,11.4667168768006,12.1535380507343
"mistletoe",22,"inla_spde_st",5,"count",7,11.5189758203296,12.1535380507343
"mistletoe",22,"inla_spde_st",5,"count",1,11.315354925878,12.1535380507343
"mistletoe",22,"inla_spde_st",5,"count",6,11.315354925878,12.1535380507343
"mistletoe",22,"inla_spde_st",5,"count",10,11.524840646751,12.1535380507343
"mistletoe",22,"inla_spde_st",5,"count",12,11.524840646751,12.1535380507343
"mistletoe",22,"inla_spde_st",5,"count",2,11.3968558040089,12.1535380507343
"mistletoe",22,"inla_spde_st",5,"count",9,11.2863457048159,12.1535380507343
"mistletoe",22,"inla_spde_st",5,"count",20,11.3332152055705,12.1535380507343
"mistletoe",22,"inla_spde_st",5,"count",15,11.1357397712456,12.1535380507343
"mistletoe",22,"inla_spde_st",5,"count",7,11.3407908938152,12.1535380507343
"mistletoe",22,"inla_spde_st",5,"count",1,11.0909535722117,12.1535380507343
"mistletoe",22,"inla_spde_st",5,"count",8,10.9841772726143,12.1535380507343
"mistletoe",22,"inla_spde_st",5,"count",14,11.028082466517,12.1535380507343
"mistletoe",22,"inla_spde_st",5,"count",4,10.8369326764521,12.1535380507343
"mistletoe",22,"inla_spde_st",5,"count",9,11.0362759960458,12.1535380507343
"mistletoe",22,"inla_spde_st",5,"count",8,11.0362759960458,12.1535380507343
"mistletoe",22,"inla_spde_st",5,"count",19,12.296369224412,12.1535380507343
"mistletoe",22,"inla_spde_st",5,"count",14,11.7817526914774,12.1535380507343
"mistletoe",22,"inla_spde_st",5,"count",10,11.7817526914774,12.1535380507343
"mistletoe",22,"inla_spde_st",5,"count",14,11.9521751855203,12.1535380507343
"mistletoe",22,"inla_spde_st",5,"count",10,9.67410164063982,12.1535380507343
"mistletoe",22,"inla_spde_st",5,"count",9,13.3162597355313,12.1535380507343
"mistletoe",22,"inla_spde_st",5,"count",12,14.3321677070705,12.1535380507343
"mistletoe",22,"inla_spde_st",5,"count",8,10.7689813745195,12.1535380507343
"mistletoe",22,"inla_spde_st",5,"count",8,10.7689813745195,12.1535380507343
"mistletoe",22,"inla_spde_st",5,"count",0,8.78596611888127,12.1535380507343
"mistletoe",22,"inla_spde_st",5,"count",9,11.9698404044412,12.1535380507343
"mistletoe",22,"inla_spde_st",5,"count",5,11.3318077275177,12.1535380507343
"mistletoe",22,"inla_spde_st",5,"count",8,12.2706534652622,12.1535380507343
"mistletoe",22,"inla_spde_st",5,"count",3,12.0660460925499,12.1535380507343
"mistletoe",22,"inla_spde_st",5,"count",6,12.0660460925499,12.1535380507343
"mistletoe",22,"inla_spde_st",5,"count",11,11.7318246864779,12.1535380507343
"mistletoe",22,"inla_spde_st",5,"count",7,9.95585345196452,12.1535380507343
"mistletoe",22,"inla_spde_st",5,"count",8,9.93089701290007,12.1535380507343
"mistletoe",22,"inla_spde_st",5,"count",12,9.93089701290007,12.1535380507343
"mistletoe",22,"inla_spde_st",5,"count",5,9.76298851880401,12.1535380507343
"mistletoe",22,"inla_spde_st",5,"count",11,9.76298851880401,12.1535380507343
"mistletoe",22,"inla_spde_st",5,"count",17,9.83708579388044,12.1535380507343
"mistletoe",22,"inla_spde_st",5,"count",15,9.83708579388044,12.1535380507343
"mistletoe",22,"inla_spde_st",5,"count",2,8.69954047553367,12.1535380507343
"mistletoe",22,"inla_spde_st",5,"count",5,8.55667015778326,12.1535380507343
"mistletoe",22,"inla_spde_st",5,"count",7,8.67425915050076,12.1535380507343
"mistletoe",22,"inla_spde_st",5,"count",16,8.67425915050076,12.1535380507343
"mistletoe",22,"inla_spde_st",5,"count",8,8.5305888077534,12.1535380507343
"mistletoe",22,"inla_spde_st",5,"count",4,8.5305888077534,12.1535380507343
"mistletoe",22,"inla_spde_st",5,"count",11,8.59692635350041,12.1535380507343
"mistletoe",22,"inla_spde_st",5,"count",15,8.59692635350041,12.1535380507343
"mistletoe",22,"inla_spde_st",5,"count",6,10.0089357215666,12.1535380507343
"mistletoe",22,"inla_spde_st",5,"count",10,10.0089357215666,12.1535380507343
"mistletoe",22,"inla_spde_st",5,"count",6,9.84374829014336,12.1535380507343
"mistletoe",22,"inla_spde_st",5,"count",5,9.84374829014336,12.1535380507343
"mistletoe",22,"inla_spde_st",5,"count",11,9.92210113618077,12.1535380507343
"mistletoe",22,"inla_spde_st",5,"count",13,9.92210113618077,12.1535380507343
"mistletoe",22,"inla_spde_st",5,"count",6,13.2176336701719,12.1535380507343
"mistletoe",22,"inla_spde_st",5,"count",6,13.2176336701719,12.1535380507343
"mistletoe",22,"inla_spde_st",5,"count",13,13.2176336701719,12.1535380507343
"mistletoe",22,"inla_spde_st",5,"count",9,10.9716744303179,12.1535380507343
"mistletoe",22,"inla_spde_st",5,"count",25,10.6671589531071,12.1535380507343
"mistletoe",22,"inla_spde_st",5,"count",3,13.9288810609406,12.1535380507343
"mistletoe",22,"inla_spde_st",5,"count",13,13.9288810609406,12.1535380507343
"mistletoe",22,"inla_spde_st",5,"count",20,11.2585202889736,12.1535380507343
"mistletoe",22,"inla_spde_st",5,"count",11,14.0610571575145,12.1535380507343
"mistletoe",22,"inla_spde_st",5,"count",16,14.0610571575145,12.1535380507343
"mistletoe",22,"inla_spde_st",5,"count",15,15.7397815697436,12.1535380507343
"mistletoe",22,"inla_spde_st",5,"count",6,11.7113756745127,12.1535380507343
"mistletoe",22,"inla_spde_st",5,"count",5,12.8260412245634,12.1535380507343
"mistletoe",22,"inla_spde_st",5,"count",12,12.8260412245634,12.1535380507343
"mistletoe",22,"inla_spde_st",5,"count",5,11.0369913530987,12.1535380507343
"mistletoe",22,"inla_spde_st",5,"count",7,11.0369913530987,12.1535380507343
"mistletoe",22,"inla_spde_st",5,"count",10,9.25120126550358,12.1535380507343
"mistletoe",22,"inla_spde_st",5,"count",11,9.25120126550358,12.1535380507343
"mistletoe",22,"inla_spde_st",5,"count",14,8.98810108611399,12.1535380507343
"mistletoe",22,"inla_spde_st",5,"count",17,8.98810108611399,12.1535380507343
"mistletoe",22,"inla_spde_st",5,"count",8,9.54124168433538,12.1535380507343
"mistletoe",22,"inla_spde_st",5,"count",7,9.54124168433538,12.1535380507343
"mistletoe",22,"inla_spde_st",5,"count",7,14.0069160085067,12.1535380507343
"mistletoe",22,"inla_spde_st",5,"count",3,14.0069160085067,12.1535380507343
"mistletoe",22,"inla_spde_st",5,"count",12,15.5891100402551,12.1535380507343
"mistletoe",22,"inla_spde_st",5,"count",11,11.728330000908,12.1535380507343
"mistletoe",22,"inla_spde_st",5,"count",11,11.3807870804327,12.1535380507343
"mistletoe",22,"inla_spde_st",5,"count",11,12.109672130383,12.1535380507343
"mistletoe",22,"inla_spde_st",5,"count",9,12.98099313867,12.1535380507343
"mistletoe",22,"inla_spde_st",5,"count",13,12.7126221465146,12.1535380507343
"mistletoe",22,"inla_spde_st",5,"count",3,12.7126221465146,12.1535380507343
"mistletoe",22,"inla_spde_st",5,"count",28,13.0439119440107,12.1535380507343
"mistletoe",22,"inla_spde_st",5,"count",5,11.6205354883279,12.1535380507343
"mistletoe",22,"inla_spde_st",5,"count",9,11.5491787889399,12.1535380507343
"mistletoe",22,"inla_spde_st",5,"count",15,11.5491787889399,12.1535380507343
"mistletoe",22,"inla_spde_st",5,"count",8,11.3480356993973,12.1535380507343
"mistletoe",22,"inla_spde_st",5,"count",9,11.5726560278227,12.1535380507343
"mistletoe",22,"inla_spde_st",5,"count",12,12.258473754115,12.1535380507343
"mistletoe",22,"inla_spde_st",5,"count",10,12.141784253976,12.1535380507343
"mistletoe",22,"inla_spde_st",5,"count",13,12.1809542623458,12.1535380507343
"mistletoe",22,"inla_spde_st",5,"count",22,12.1809542623458,12.1535380507343
"mistletoe",22,"inla_spde_st",5,"count",10,11.9684669885795,12.1535380507343
"mistletoe",22,"inla_spde_st",5,"count",17,12.2105746517427,12.1535380507343
"mistletoe",22,"inla_spde_st",5,"count",15,12.2105746517427,12.1535380507343
"mistletoe",22,"inla_spde_st",5,"count",9,11.4843833642241,12.1535380507343
"mistletoe",22,"inla_spde_st",5,"count",9,11.4060107025971,12.1535380507343
"mistletoe",22,"inla_spde_st",5,"count",8,11.209182093278,12.1535380507343
"mistletoe",22,"inla_spde_st",5,"count",10,11.209182093278,12.1535380507343
"mistletoe",22,"inla_spde_st",5,"count",12,11.4435284429712,12.1535380507343
"mistletoe",22,"inla_spde_st",5,"count",8,10.6493059312184,12.1535380507343
"mistletoe",22,"inla_spde_st",5,"count",8,10.1670402457187,12.1535380507343
"mistletoe",22,"inla_spde_st",5,"count",10,10.1670402457187,12.1535380507343
"mistletoe",22,"inla_spde_st",5,"count",4,9.88538071357077,12.1535380507343
"mistletoe",22,"inla_spde_st",5,"count",6,10.6399860188617,12.1535380507343
"mistletoe",22,"inla_spde_st",5,"count",11,11.0805325961598,12.1535380507343
"mistletoe",22,"inla_spde_st",5,"count",4,10.3432208677233,12.1535380507343
"mistletoe",22,"inla_spde_st",5,"count",6,9.86417798091527,12.1535380507343
"mistletoe",22,"inla_spde_st",5,"count",4,9.86417798091527,12.1535380507343
"mistletoe",22,"inla_spde_st",5,"count",3,9.56561495190554,12.1535380507343
"mistletoe",22,"inla_spde_st",5,"count",8,9.56561495190554,12.1535380507343
"mistletoe",22,"inla_spde_st",5,"count",5,10.348808043026,12.1535380507343
"mistletoe",22,"inla_spde_st",5,"count",7,12.1175640133301,12.1535380507343
"mistletoe",22,"inla_spde_st",5,"count",17,11.8413913493023,12.1535380507343
"mistletoe",22,"inla_spde_st",5,"count",3,12.0047805035046,12.1535380507343
"mistletoe",22,"inla_spde_st",5,"count",9,12.0047805035046,12.1535380507343
"mistletoe",22,"inla_spde_st",5,"count",6,11.9482173799461,12.1535380507343
"mistletoe",22,"inla_spde_st",5,"count",27,12.0163734437037,12.1535380507343
"mistletoe",22,"inla_spde_st",5,"count",12,10.6228378172785,12.1535380507343
"mistletoe",22,"inla_spde_st",5,"count",4,10.5122337037926,12.1535380507343
"mistletoe",22,"inla_spde_st",5,"count",4,10.5649191824696,12.1535380507343
"mistletoe",22,"inla_spde_st",5,"count",14,10.5649191824696,12.1535380507343
"mistletoe",22,"inla_spde_st",5,"count",4,10.3847322188589,12.1535380507343
"mistletoe",22,"inla_spde_st",5,"count",9,10.3847322188589,12.1535380507343
"mistletoe",22,"inla_spde_st",5,"count",5,10.5608790795362,12.1535380507343
"mistletoe",22,"inla_spde_st",5,"count",6,10.5608790795362,12.1535380507343
"mistletoe",22,"inla_spde_st",5,"count",19,13.1264325991378,12.1535380507343
"mistletoe",22,"inla_spde_st",5,"count",10,16.4335806936153,12.1535380507343
"mistletoe",22,"inla_spde_st",5,"count",20,15.9429419997954,12.1535380507343
"mistletoe",22,"inla_spde_st",5,"count",6,13.6453703616501,12.1535380507343
"mistletoe",22,"inla_spde_st",5,"count",15,11.7817526914774,12.1535380507343
"mistletoe",22,"inla_spde_st",5,"count",18,14.3321677070705,12.1535380507343
"mistletoe",22,"inla_spde_st",5,"count",18,11.6998857377115,12.1535380507343
"mistletoe",22,"inla_spde_st",5,"count",25,14.1629886707151,12.1535380507343
"mistletoe",22,"inla_spde_st",5,"count",18,10.8196268605252,12.1535380507343
"mistletoe",22,"inla_spde_st",5,"count",15,10.8196268605252,12.1535380507343
"mistletoe",22,"inla_spde_st",5,"count",9,10.4992150412443,12.1535380507343
"mistletoe",22,"inla_spde_st",5,"count",19,10.4992150412443,12.1535380507343
"mistletoe",22,"inla_spde_st",5,"count",18,10.8369326764521,12.1535380507343
"mistletoe",22,"inla_spde_st",5,"count",8,14.4317492648234,12.1535380507343
"mistletoe",22,"inla_spde_st",5,"count",11,12.296369224412,12.1535380507343
"mistletoe",22,"inla_spde_st",5,"count",18,9.77978462989048,12.1535380507343
"mistletoe",22,"inla_spde_st",5,"count",10,13.6816142267491,12.1535380507343
"mistletoe",22,"inla_spde_st",5,"count",19,9.50493788767423,12.1535380507343
"mistletoe",22,"inla_spde_st",5,"count",11,13.8039535238635,12.1535380507343
"mistletoe",22,"inla_spde_st",5,"count",9,14.8484111581345,12.1535380507343
"mistletoe",22,"inla_spde_st",5,"count",6,14.8484111581345,12.1535380507343
"mistletoe",22,"inla_spde_st",5,"count",7,10.9716744303179,12.1535380507343
"mistletoe",22,"inla_spde_st",5,"count",11,10.6671589531071,12.1535380507343
"mistletoe",22,"inla_spde_st",5,"count",5,15.6067453922155,12.1535380507343
"mistletoe",22,"inla_spde_st",5,"count",10,15.6067453922155,12.1535380507343
"mistletoe",22,"inla_spde_st",5,"count",9,11.5939213214508,12.1535380507343
"mistletoe",22,"inla_spde_st",5,"count",11,11.5939213214508,12.1535380507343
"mistletoe",22,"inla_spde_st",5,"count",8,11.2585202889736,12.1535380507343
"mistletoe",22,"inla_spde_st",5,"count",8,11.9887971295184,12.1535380507343
"mistletoe",22,"inla_spde_st",5,"count",8,11.9887971295184,12.1535380507343
"mistletoe",22,"inla_spde_st",5,"count",9,15.7397815697436,12.1535380507343
"mistletoe",22,"inla_spde_st",5,"count",9,11.7113756745127,12.1535380507343
"mistletoe",22,"inla_spde_st",5,"count",6,11.3707469880851,12.1535380507343
"mistletoe",22,"inla_spde_st",5,"count",47,11.3707469880851,12.1535380507343
"mistletoe",22,"inla_spde_st",5,"count",12,12.1092174305676,12.1535380507343
"mistletoe",22,"inla_spde_st",5,"count",17,12.1092174305676,12.1535380507343
"mistletoe",22,"inla_spde_st",5,"count",13,11.1418073350037,12.1535380507343
"mistletoe",22,"inla_spde_st",5,"count",8,11.1418073350037,12.1535380507343
"mistletoe",22,"inla_spde_st",5,"count",6,12.268486395415,12.1535380507343
"mistletoe",22,"inla_spde_st",5,"count",21,15.5891100402551,12.1535380507343
"mistletoe",22,"inla_spde_st",5,"count",14,11.728330000908,12.1535380507343
"mistletoe",22,"inla_spde_st",5,"count",12,11.3807870804327,12.1535380507343
"mistletoe",22,"inla_spde_st",5,"count",7,12.109672130383,12.1535380507343
"mistletoe",22,"inla_spde_st_group",1,"count",13,16.3367894575495,11.6944801026958
"mistletoe",22,"inla_spde_st_group",1,"count",13,16.3367894575495,11.6944801026958
"mistletoe",22,"inla_spde_st_group",1,"count",29,13.14130630481,11.6944801026958
"mistletoe",22,"inla_spde_st_group",1,"count",20,17.3837411043672,11.6944801026958
"mistletoe",22,"inla_spde_st_group",1,"count",20,8.65963608912841,11.6944801026958
"mistletoe",22,"inla_spde_st_group",1,"count",14,11.5837483587838,11.6944801026958
"mistletoe",22,"inla_spde_st_group",1,"count",15,11.6032854864141,11.6944801026958
"mistletoe",22,"inla_spde_st_group",1,"count",32,13.4871708447049,11.6944801026958
"mistletoe",22,"inla_spde_st_group",1,"count",27,11.5697056056308,11.6944801026958
"mistletoe",22,"inla_spde_st_group",1,"count",23,8.40063578940222,11.6944801026958
"mistletoe",22,"inla_spde_st_group",1,"count",15,8.48982139769085,11.6944801026958
"mistletoe",22,"inla_spde_st_group",1,"count",13,11.5697056056308,11.6944801026958
"mistletoe",22,"inla_spde_st_group",1,"count",8,12.8458182336269,11.6944801026958
"mistletoe",22,"inla_spde_st_group",1,"count",2,14.5990992939249,11.6944801026958
"mistletoe",22,"inla_spde_st_group",1,"count",11,14.025756691054,11.6944801026958
"mistletoe",22,"inla_spde_st_group",1,"count",18,13.14130630481,11.6944801026958
"mistletoe",22,"inla_spde_st_group",1,"count",18,13.14130630481,11.6944801026958
"mistletoe",22,"inla_spde_st_group",1,"count",28,14.0911736184145,11.6944801026958
"mistletoe",22,"inla_spde_st_group",1,"count",28,14.0911736184145,11.6944801026958
"mistletoe",22,"inla_spde_st_group",1,"count",7,8.61873624077999,11.6944801026958
"mistletoe",22,"inla_spde_st_group",1,"count",56,17.3837411043672,11.6944801026958
"mistletoe",22,"inla_spde_st_group",1,"count",14,11.4785141492808,11.6944801026958
"mistletoe",22,"inla_spde_st_group",1,"count",6,12.5309021061082,11.6944801026958
"mistletoe",22,"inla_spde_st_group",1,"count",6,12.5474655474824,11.6944801026958
"mistletoe",22,"inla_spde_st_group",1,"count",8,12.4682961658536,11.6944801026958
"mistletoe",22,"inla_spde_st_group",1,"count",12,11.633428964332,11.6944801026958
"mistletoe",22,"inla_spde_st_group",1,"count",20,11.576157620355,11.6944801026958
"mistletoe",22,"inla_spde_st_group",1,"count",12,11.5584771357038,11.6944801026958
"mistletoe",22,"inla_spde_st_group",1,"count",7,11.577633957199,11.6944801026958
"mistletoe",22,"inla_spde_st_group",1,"count",16,11.550067512731,11.6944801026958
"mistletoe",22,"inla_spde_st_group",1,"count",14,11.4821755062593,11.6944801026958
"mistletoe",22,"inla_spde_st_group",1,"count",14,11.4938484841059,11.6944801026958
"mistletoe",22,"inla_spde_st_group",1,"count",7,11.5021270698591,11.6944801026958
"mistletoe",22,"inla_spde_st_group",1,"count",9,12.5634148497632,11.6944801026958
"mistletoe",22,"inla_spde_st_group",1,"count",12,12.4695884457952,11.6944801026958
"mistletoe",22,"inla_spde_st_group",1,"count",8,12.4853223101013,11.6944801026958
"mistletoe",22,"inla_spde_st_group",1,"count",7,12.3897664241337,11.6944801026958
"mistletoe",22,"inla_spde_st_group",1,"count",12,12.4023273076589,11.6944801026958
"mistletoe",22,"inla_spde_st_group",1,"count",5,11.6032854864141,11.6944801026958
"mistletoe",22,"inla_spde_st_group",1,"count",9,11.616859540895,11.6944801026958
"mistletoe",22,"inla_spde_st_group",1,"count",3,11.5467722564145,11.6944801026958
"mistletoe",22,"inla_spde_st_group",1,"count",18,11.5621895874454,11.6944801026958
"mistletoe",22,"inla_spde_st_group",1,"count",9,8.37728861117376,11.6944801026958
"mistletoe",22,"inla_spde_st_group",1,"count",11,11.4646793805727,11.6944801026958
"mistletoe",22,"inla_spde_st_group",1,"count",7,11.4646793805727,11.6944801026958
"mistletoe",22,"inla_spde_st_group",1,"count",10,11.5795880863764,11.6944801026958
"mistletoe",22,"inla_spde_st_group",1,"count",9,11.8240403846393,11.6944801026958
"mistletoe",22,"inla_spde_st_group",1,"count",11,8.65282113787808,11.6944801026958
"mistletoe",22,"inla_spde_st_group",1,"count",11,11.6445320396306,11.6944801026958
"mistletoe",22,"inla_spde_st_group",1,"count",23,11.6445320396306,11.6944801026958
"mistletoe",22,"inla_spde_st_group",1,"count",4,11.7915360786163,11.6944801026958
"mistletoe",22,"inla_spde_st_group",1,"count",12,11.9450509384933,11.6944801026958
"mistletoe",22,"inla_spde_st_group",1,"count",10,11.7135407185609,11.6944801026958
"mistletoe",22,"inla_spde_st_group",1,"count",13,11.7135407185609,11.6944801026958
"mistletoe",22,"inla_spde_st_group",1,"count",13,11.8422302288038,11.6944801026958
"mistletoe",22,"inla_spde_st_group",1,"count",10,11.998544092729,11.6944801026958
"mistletoe",22,"inla_spde_st_group",1,"count",10,11.4863034801578,11.6944801026958
"mistletoe",22,"inla_spde_st_group",1,"count",12,11.6138724576118,11.6944801026958
"mistletoe",22,"inla_spde_st_group",1,"count",13,11.7739927242751,11.6944801026958
"mistletoe",22,"inla_spde_st_group",1,"count",15,11.2381931723626,11.6944801026958
"mistletoe",22,"inla_spde_st_group",1,"count",17,11.2381931723626,11.6944801026958
"mistletoe",22,"inla_spde_st_group",1,"count",0,11.408801858059,11.6944801026958
"mistletoe",22,"inla_spde_st_group",1,"count",8,11.5472759792726,11.6944801026958
"mistletoe",22,"inla_spde_st_group",1,"count",10,11.7074833903687,11.6944801026958
"mistletoe",22,"inla_spde_st_group",1,"count",10,8.70247968531749,11.6944801026958
"mistletoe",22,"inla_spde_st_group",1,"count",16,11.8739585437715,11.6944801026958
"mistletoe",22,"inla_spde_st_group",1,"count",8,12.0085842112281,11.6944801026958
"mistletoe",22,"inla_spde_st_group",1,"count",23,12.2699610019406,11.6944801026958
"mistletoe",22,"inla_spde_st_group",1,"count",23,8.54984255758567,11.6944801026958
"mistletoe",22,"inla_spde_st_group",1,"count",8,11.5422916827575,11.6944801026958
"mistletoe",22,"inla_spde_st_group",1,"count",5,11.6739213805397,11.6944801026958
"mistletoe",22,"inla_spde_st_group",1,"count",19,11.8211519967512,11.6944801026958
"mistletoe",22,"inla_spde_st_group",1,"count",12,10.6652778914863,11.6944801026958
"mistletoe",22,"inla_spde_st_group",1,"count",10,14.4704961647392,11.6944801026958
"mistletoe",22,"inla_spde_st_group",1,"count",9,14.4704961647392,11.6944801026958
"mistletoe",22,"inla_spde_st_group",1,"count",17,14.6191735437603,11.6944801026958
"mistletoe",22,"inla_spde_st_group",1,"count",10,14.8108642043039,11.6944801026958
"mistletoe",22,"inla_spde_st_group",1,"count",6,14.5990992939249,11.6944801026958
"mistletoe",22,"inla_spde_st_group",1,"count",11,15.6943883354149,11.6944801026958
"mistletoe",22,"inla_spde_st_group",1,"count",26,22.8054894704314,11.6944801026958
"mistletoe",22,"inla_spde_st_group",1,"count",9,22.8054894704314,11.6944801026958
"mistletoe",22,"inla_spde_st_group",1,"count",7,15.7107961734142,11.6944801026958
"mistletoe",22,"inla_spde_st_group",1,"count",10,15.7107961734142,11.6944801026958
"mistletoe",22,"inla_spde_st_group",1,"count",8,16.7387023151675,11.6944801026958
"mistletoe",22,"inla_spde_st_group",1,"count",11,13.0698223734371,11.6944801026958
"mistletoe",22,"inla_spde_st_group",1,"count",12,13.0698223734371,11.6944801026958
"mistletoe",22,"inla_spde_st_group",1,"count",14,11.8625608908933,11.6944801026958
"mistletoe",22,"inla_spde_st_group",1,"count",6,11.8625608908933,11.6944801026958
"mistletoe",22,"inla_spde_st_group",1,"count",15,11.7416111829484,11.6944801026958
"mistletoe",22,"inla_spde_st_group",1,"count",18,11.7416111829484,11.6944801026958
"mistletoe",22,"inla_spde_st_group",1,"count",33,11.576157620355,11.6944801026958
"mistletoe",22,"inla_spde_st_group",1,"count",7,11.5584771357038,11.6944801026958
"mistletoe",22,"inla_spde_st_group",1,"count",4,11.5584771357038,11.6944801026958
"mistletoe",22,"inla_spde_st_group",1,"count",7,11.6060187433811,11.6944801026958
"mistletoe",22,"inla_spde_st_group",1,"count",2,11.6060187433811,11.6944801026958
"mistletoe",22,"inla_spde_st_group",1,"count",10,11.577633957199,11.6944801026958
"mistletoe",22,"inla_spde_st_group",1,"count",10,11.4687733069522,11.6944801026958
"mistletoe",22,"inla_spde_st_group",1,"count",14,11.4687733069522,11.6944801026958
"mistletoe",22,"inla_spde_st_group",1,"count",21,11.4785141492808,11.6944801026958
"mistletoe",22,"inla_spde_st_group",1,"count",10,11.550067512731,11.6944801026958
"mistletoe",22,"inla_spde_st_group",1,"count",4,11.550067512731,11.6944801026958
"mistletoe",22,"inla_spde_st_group",1,"count",12,11.5859286859145,11.6944801026958
"mistletoe",22,"inla_spde_st_group",1,"count",6,11.5859286859145,11.6944801026958
"mistletoe",22,"inla_spde_st_group",1,"count",12,11.5648230360504,11.6944801026958
"mistletoe",22,"inla_spde_st_group",1,"count",30,11.5648230360504,11.6944801026958
"mistletoe",22,"inla_spde_st_group",1,"count",12,11.4761014509566,11.6944801026958
"mistletoe",22,"inla_spde_st_group",1,"count",9,11.4761014509566,11.6944801026958
"mistletoe",22,"inla_spde_st_group",1,"count",28,11.4821755062593,11.6944801026958
"mistletoe",22,"inla_spde_st_group",1,"count",7,11.5697056056308,11.6944801026958
"mistletoe",22,"inla_spde_st_group",1,"count",3,11.6061530408671,11.6944801026958
"mistletoe",22,"inla_spde_st_group",1,"count",8,11.6061530408671,11.6944801026958
"mistletoe",22,"inla_spde_st_group",1,"count",7,11.5837483587838,11.6944801026958
"mistletoe",22,"inla_spde_st_group",1,"count",17,11.4938484841059,11.6944801026958
"mistletoe",22,"inla_spde_st_group",1,"count",15,11.5021270698591,11.6944801026958
"mistletoe",22,"inla_spde_st_group",1,"count",13,10.9325832367489,11.6944801026958
"mistletoe",22,"inla_spde_st_group",1,"count",13,10.9325832367489,11.6944801026958
"mistletoe",22,"inla_spde_st_group",1,"count",23,10.9325832367489,11.6944801026958
"mistletoe",22,"inla_spde_st_group",1,"count",13,10.9325832367489,11.6944801026958
"mistletoe",22,"inla_spde_st_group",1,"count",12,12.5280389095979,11.6944801026958
"mistletoe",22,"inla_spde_st_group",1,"count",10,12.5280389095979,11.6944801026958
"mistletoe",22,"inla_spde_st_group",1,"count",9,15.3919415875821,11.6944801026958
"mistletoe",22,"inla_spde_st_group",1,"count",7,15.3919415875821,11.6944801026958
"mistletoe",22,"inla_spde_st_group",1,"count",18,12.2862070836839,11.6944801026958
"mistletoe",22,"inla_spde_st_group",1,"count",6,12.2862070836839,11.6944801026958
"mistletoe",22,"inla_spde_st_group",1,"count",10,11.0804726646632,11.6944801026958
"mistletoe",22,"inla_spde_st_group",1,"count",13,11.8429340618369,11.6944801026958
"mistletoe",22,"inla_spde_st_group",1,"count",4,11.8429340618369,11.6944801026958
"mistletoe",22,"inla_spde_st_group",1,"count",11,13.4871708447049,11.6944801026958
"mistletoe",22,"inla_spde_st_group",1,"count",11,13.4949374532821,11.6944801026958
"mistletoe",22,"inla_spde_st_group",1,"count",10,10.1295767174532,11.6944801026958
"mistletoe",22,"inla_spde_st_group",1,"count",2,11.9975900348988,11.6944801026958
"mistletoe",22,"inla_spde_st_group",1,"count",8,11.5739212303827,11.6944801026958
"mistletoe",22,"inla_spde_st_group",1,"count",10,11.5739212303827,11.6944801026958
"mistletoe",22,"inla_spde_st_group",1,"count",2,11.5731376720161,11.6944801026958
"mistletoe",22,"inla_spde_st_group",1,"count",5,11.947276605844,11.6944801026958
"mistletoe",22,"inla_spde_st_group",1,"count",6,13.0888965104536,11.6944801026958
"mistletoe",22,"inla_spde_st_group",1,"count",26,11.8551656046865,11.6944801026958
"mistletoe",22,"inla_spde_st_group",1,"count",26,11.8551656046865,11.6944801026958
"mistletoe",22,"inla_spde_st_group",1,"count",4,12.5309021061082,11.6944801026958
"mistletoe",22,"inla_spde_st_group",1,"count",3,12.5634148497632,11.6944801026958
"mistletoe",22,"inla_spde_st_group",1,"count",12,12.5474655474824,11.6944801026958
"mistletoe",22,"inla_spde_st_group",1,"count",10,12.4695884457952,11.6944801026958
"mistletoe",22,"inla_spde_st_group",1,"count",16,12.4766273690611,11.6944801026958
"mistletoe",22,"inla_spde_st_group",1,"count",16,12.4766273690611,11.6944801026958
"mistletoe",22,"inla_spde_st_group",1,"count",8,12.4523152678464,11.6944801026958
"mistletoe",22,"inla_spde_st_group",1,"count",13,12.4523152678464,11.6944801026958
"mistletoe",22,"inla_spde_st_group",1,"count",9,12.4523152678464,11.6944801026958
"mistletoe",22,"inla_spde_st_group",1,"count",19,12.4682961658536,11.6944801026958
"mistletoe",22,"inla_spde_st_group",1,"count",10,12.3897664241337,11.6944801026958
"mistletoe",22,"inla_spde_st_group",1,"count",17,12.4023273076589,11.6944801026958
"mistletoe",22,"inla_spde_st_group",1,"count",10,11.6032854864141,11.6944801026958
"mistletoe",22,"inla_spde_st_group",1,"count",8,11.633428964332,11.6944801026958
"mistletoe",22,"inla_spde_st_group",1,"count",10,11.616859540895,11.6944801026958
"mistletoe",22,"inla_spde_st_group",1,"count",12,11.5467722564145,11.6944801026958
"mistletoe",22,"inla_spde_st_group",1,"count",20,11.5621895874454,11.6944801026958
"mistletoe",22,"inla_spde_st_group",1,"count",20,16.7387023151675,11.6944801026958
"mistletoe",22,"inla_spde_st_group",1,"count",21,14.7758124435359,11.6944801026958
"mistletoe",22,"inla_spde_st_group",1,"count",15,17.2227709017596,11.6944801026958
"mistletoe",22,"inla_spde_st_group",1,"count",21,17.2227709017596,11.6944801026958
"mistletoe",22,"inla_spde_st_group",1,"count",39,21.1804446359324,11.6944801026958
"mistletoe",22,"inla_spde_st_group",1,"count",58,32.0278066860003,11.6944801026958
"mistletoe",22,"inla_spde_st_group",1,"count",21,18.7296741862089,11.6944801026958
"mistletoe",22,"inla_spde_st_group",1,"count",30,19.6141592340842,11.6944801026958
"mistletoe",22,"inla_spde_st_group",1,"count",18,21.2950231334807,11.6944801026958
"mistletoe",22,"inla_spde_st_group",1,"count",21,22.3073487112932,11.6944801026958
"mistletoe",22,"inla_spde_st_group",1,"count",49,32.2381317813039,11.6944801026958
"mistletoe",22,"inla_spde_st_group",1,"count",16,22.1819323217269,11.6944801026958
"mistletoe",22,"inla_spde_st_group",1,"count",18,19.6141592340842,11.6944801026958
"mistletoe",22,"inla_spde_st_group",1,"count",19,26.0228422293793,11.6944801026958
"mistletoe",22,"inla_spde_st_group",1,"count",19,26.0228422293793,11.6944801026958
"mistletoe",22,"inla_spde_st_group",1,"count",18,18.0876998564034,11.6944801026958
"mistletoe",22,"inla_spde_st_group",1,"count",17,18.0876998564034,11.6944801026958
"mistletoe",22,"inla_spde_st_group",1,"count",27,25.1873063642422,11.6944801026958
"mistletoe",22,"inla_spde_st_group",1,"count",14,18.1127958110168,11.6944801026958
"mistletoe",22,"inla_spde_st_group",1,"count",10,13.2342715424003,11.6944801026958
"mistletoe",22,"inla_spde_st_group",1,"count",11,32.2381317813039,11.6944801026958
"mistletoe",22,"inla_spde_st_group",1,"count",31,22.2901881983077,11.6944801026958
"mistletoe",22,"inla_spde_st_group",1,"count",24,22.1678177453921,11.6944801026958
"mistletoe",22,"inla_spde_st_group",1,"count",20,23.7413490960864,11.6944801026958
"mistletoe",22,"inla_spde_st_group",1,"count",20,23.7413490960864,11.6944801026958
"mistletoe",22,"inla_spde_st_group",1,"count",8,13.0111006951426,11.6944801026958
"mistletoe",22,"inla_spde_st_group",1,"count",18,18.7296741862089,11.6944801026958
"mistletoe",22,"inla_spde_st_group",1,"count",8,15.0478337490989,11.6944801026958
"mistletoe",22,"inla_spde_st_group",1,"count",21,15.0478337490989,11.6944801026958
"mistletoe",22,"inla_spde_st_group",1,"count",12,25.1873063642422,11.6944801026958
"mistletoe",22,"inla_spde_st_group",1,"count",13,18.1127958110168,11.6944801026958
"mistletoe",22,"inla_spde_st_group",1,"count",3,11.0036692271696,11.6944801026958
"mistletoe",22,"inla_spde_st_group",1,"count",10,11.0036692271696,11.6944801026958
"mistletoe",22,"inla_spde_st_group",1,"count",0,13.2342715424003,11.6944801026958
"mistletoe",22,"inla_spde_st_group",1,"count",6,11.0804726646632,11.6944801026958
"mistletoe",22,"inla_spde_st_group",1,"count",16,18.1454182825566,11.6944801026958
"mistletoe",22,"inla_spde_st_group",1,"count",23,22.2901881983077,11.6944801026958
"mistletoe",22,"inla_spde_st_group",1,"count",15,18.0528479222611,11.6944801026958
"mistletoe",22,"inla_spde_st_group",1,"count",18,32.0278066860003,11.6944801026958
"mistletoe",22,"inla_spde_st_group",1,"count",29,22.1678177453921,11.6944801026958
"mistletoe",22,"inla_spde_st_group",1,"count",32,17.1058500616594,11.6944801026958
"mistletoe",22,"inla_spde_st_group",1,"count",7,13.0111006951426,11.6944801026958
"mistletoe",22,"inla_spde_st_group",1,"count",5,14.7758124435359,11.6944801026958
"mistletoe",22,"inla_spde_st_group",1,"count",6,13.0888965104536,11.6944801026958
"mistletoe",22,"inla_spde_st_group",2,"count",48,13.9570441074363,12.0306258322237
"mistletoe",22,"inla_spde_st_group",2,"count",8,18.2755486498272,12.0306258322237
"mistletoe",22,"inla_spde_st_group",2,"count",6,19.2730524048792,12.0306258322237
"mistletoe",22,"inla_spde_st_group",2,"count",17,15.3346970514424,12.0306258322237
"mistletoe",22,"inla_spde_st_group",2,"count",8,10.2879460267634,12.0306258322237
"mistletoe",22,"inla_spde_st_group",2,"count",16,11.267003185863,12.0306258322237
"mistletoe",22,"inla_spde_st_group",2,"count",40,13.6097804924625,12.0306258322237
"mistletoe",22,"inla_spde_st_group",2,"count",11,12.3162972081499,12.0306258322237
"mistletoe",22,"inla_spde_st_group",2,"count",31,13.0728118173613,12.0306258322237
"mistletoe",22,"inla_spde_st_group",2,"count",14,13.0728118173613,12.0306258322237
"mistletoe",22,"inla_spde_st_group",2,"count",14,14.7238984362868,12.0306258322237
"mistletoe",22,"inla_spde_st_group",2,"count",19,16.219707974479,12.0306258322237
"mistletoe",22,"inla_spde_st_group",2,"count",13,12.7478245519819,12.0306258322237
"mistletoe",22,"inla_spde_st_group",2,"count",4,12.6148493760242,12.0306258322237
"mistletoe",22,"inla_spde_st_group",2,"count",3,10.330958954727,12.0306258322237
"mistletoe",22,"inla_spde_st_group",2,"count",29,10.1956073476053,12.0306258322237
"mistletoe",22,"inla_spde_st_group",2,"count",10,10.9296001567048,12.0306258322237
"mistletoe",22,"inla_spde_st_group",2,"count",12,11.6445537113142,12.0306258322237
"mistletoe",22,"inla_spde_st_group",2,"count",14,12.1532997612462,12.0306258322237
"mistletoe",22,"inla_spde_st_group",2,"count",0,12.0670457927835,12.0306258322237
"mistletoe",22,"inla_spde_st_group",2,"count",27,15.0762060094214,12.0306258322237
"mistletoe",22,"inla_spde_st_group",2,"count",23,12.824028331727,12.0306258322237
"mistletoe",22,"inla_spde_st_group",2,"count",24,13.3805819883104,12.0306258322237
"mistletoe",22,"inla_spde_st_group",2,"count",5,20.5183120472577,12.0306258322237
"mistletoe",22,"inla_spde_st_group",2,"count",9,7.58975458918639,12.0306258322237
"mistletoe",22,"inla_spde_st_group",2,"count",14,10.8124988362864,12.0306258322237
"mistletoe",22,"inla_spde_st_group",2,"count",13,11.1250747156416,12.0306258322237
"mistletoe",22,"inla_spde_st_group",2,"count",17,10.6449460242728,12.0306258322237
"mistletoe",22,"inla_spde_st_group",2,"count",17,8.49120737902999,12.0306258322237
"mistletoe",22,"inla_spde_st_group",2,"count",11,17.7615038610421,12.0306258322237
"mistletoe",22,"inla_spde_st_group",2,"count",18,13.2859215518103,12.0306258322237
"mistletoe",22,"inla_spde_st_group",2,"count",12,12.7440987386833,12.0306258322237
"mistletoe",22,"inla_spde_st_group",2,"count",33,12.6417821520758,12.0306258322237
"mistletoe",22,"inla_spde_st_group",2,"count",12,10.568351851482,12.0306258322237
"mistletoe",22,"inla_spde_st_group",2,"count",9,19.8760806314705,12.0306258322237
"mistletoe",22,"inla_spde_st_group",2,"count",2,17.3318562079175,12.0306258322237
"mistletoe",22,"inla_spde_st_group",2,"count",6,19.1412915799179,12.0306258322237
"mistletoe",22,"inla_spde_st_group",2,"count",54,14.7238984362868,12.0306258322237
"mistletoe",22,"inla_spde_st_group",2,"count",1,18.1202398608647,12.0306258322237
"mistletoe",22,"inla_spde_st_group",2,"count",19,13.1546149554924,12.0306258322237
"mistletoe",22,"inla_spde_st_group",2,"count",49,13.9570441074363,12.0306258322237
"mistletoe",22,"inla_spde_st_group",2,"count",8,13.6352611504619,12.0306258322237
"mistletoe",22,"inla_spde_st_group",2,"count",4,18.9604388632733,12.0306258322237
"mistletoe",22,"inla_spde_st_group",2,"count",10,13.8276856133467,12.0306258322237
"mistletoe",22,"inla_spde_st_group",2,"count",33,18.2755486498272,12.0306258322237
"mistletoe",22,"inla_spde_st_group",2,"count",9,12.824028331727,12.0306258322237
"mistletoe",22,"inla_spde_st_group",2,"count",23,17.9622436150721,12.0306258322237
"mistletoe",22,"inla_spde_st_group",2,"count",18,14.0260599926081,12.0306258322237
"mistletoe",22,"inla_spde_st_group",2,"count",6,9.77944364939625,12.0306258322237
"mistletoe",22,"inla_spde_st_group",2,"count",2,9.77944364939625,12.0306258322237
"mistletoe",22,"inla_spde_st_group",2,"count",2,9.77944364939625,12.0306258322237
"mistletoe",22,"inla_spde_st_group",2,"count",2,17.6199660832197,12.0306258322237
"mistletoe",22,"inla_spde_st_group",2,"count",13,12.1029090733697,12.0306258322237
"mistletoe",22,"inla_spde_st_group",2,"count",13,12.7478245519819,12.0306258322237
"mistletoe",22,"inla_spde_st_group",2,"count",9,10.0896419493368,12.0306258322237
"mistletoe",22,"inla_spde_st_group",2,"count",5,10.0896419493368,12.0306258322237
"mistletoe",22,"inla_spde_st_group",2,"count",6,10.0896419493368,12.0306258322237
"mistletoe",22,"inla_spde_st_group",2,"count",6,11.0978804310971,12.0306258322237
"mistletoe",22,"inla_spde_st_group",2,"count",4,11.0978804310971,12.0306258322237
"mistletoe",22,"inla_spde_st_group",2,"count",11,11.0978804310971,12.0306258322237
"mistletoe",22,"inla_spde_st_group",2,"count",2,13.7263484215918,12.0306258322237
"mistletoe",22,"inla_spde_st_group",2,"count",6,11.418462217586,12.0306258322237
"mistletoe",22,"inla_spde_st_group",2,"count",13,9.59412244709412,12.0306258322237
"mistletoe",22,"inla_spde_st_group",2,"count",7,9.40000592120469,12.0306258322237
"mistletoe",22,"inla_spde_st_group",2,"count",13,9.40000592120469,12.0306258322237
"mistletoe",22,"inla_spde_st_group",2,"count",8,10.7883611111015,12.0306258322237
"mistletoe",22,"inla_spde_st_group",2,"count",12,10.7883611111015,12.0306258322237
"mistletoe",22,"inla_spde_st_group",2,"count",3,7.58975458918639,12.0306258322237
"mistletoe",22,"inla_spde_st_group",2,"count",23,10.1135694780643,12.0306258322237
"mistletoe",22,"inla_spde_st_group",2,"count",8,10.1135694780643,12.0306258322237
"mistletoe",22,"inla_spde_st_group",2,"count",11,11.1250747156416,12.0306258322237
"mistletoe",22,"inla_spde_st_group",2,"count",7,8.55329621540287,12.0306258322237
"mistletoe",22,"inla_spde_st_group",2,"count",8,8.55329621540287,12.0306258322237
"mistletoe",22,"inla_spde_st_group",2,"count",10,10.1956073476053,12.0306258322237
"mistletoe",22,"inla_spde_st_group",2,"count",18,9.98215394505655,12.0306258322237
"mistletoe",22,"inla_spde_st_group",2,"count",10,9.98215394505655,12.0306258322237
"mistletoe",22,"inla_spde_st_group",2,"count",18,10.9296001567048,12.0306258322237
"mistletoe",22,"inla_spde_st_group",2,"count",13,8.49120737902999,12.0306258322237
"mistletoe",22,"inla_spde_st_group",2,"count",16,11.267003185863,12.0306258322237
"mistletoe",22,"inla_spde_st_group",2,"count",10,10.7805938487666,12.0306258322237
"mistletoe",22,"inla_spde_st_group",2,"count",10,10.5478595512938,12.0306258322237
"mistletoe",22,"inla_spde_st_group",2,"count",13,10.5478595512938,12.0306258322237
"mistletoe",22,"inla_spde_st_group",2,"count",7,11.6445537113142,12.0306258322237
"mistletoe",22,"inla_spde_st_group",2,"count",4,8.9217640796032,12.0306258322237
"mistletoe",22,"inla_spde_st_group",2,"count",5,8.9217640796032,12.0306258322237
"mistletoe",22,"inla_spde_st_group",2,"count",34,11.0900276640264,12.0306258322237
"mistletoe",22,"inla_spde_st_group",2,"count",22,10.8572313387774,12.0306258322237
"mistletoe",22,"inla_spde_st_group",2,"count",34,10.8572313387774,12.0306258322237
"mistletoe",22,"inla_spde_st_group",2,"count",18,12.1532997612462,12.0306258322237
"mistletoe",22,"inla_spde_st_group",2,"count",8,9.00024057053659,12.0306258322237
"mistletoe",22,"inla_spde_st_group",2,"count",7,9.00024057053659,12.0306258322237
"mistletoe",22,"inla_spde_st_group",2,"count",4,15.3833032690997,12.0306258322237
"mistletoe",22,"inla_spde_st_group",2,"count",7,15.3833032690997,12.0306258322237
"mistletoe",22,"inla_spde_st_group",2,"count",2,19.3623132785057,12.0306258322237
"mistletoe",22,"inla_spde_st_group",2,"count",17,19.3623132785057,12.0306258322237
"mistletoe",22,"inla_spde_st_group",2,"count",10,19.9420300028609,12.0306258322237
"mistletoe",22,"inla_spde_st_group",2,"count",10,15.2534301201596,12.0306258322237
"mistletoe",22,"inla_spde_st_group",2,"count",3,11.9142535803989,12.0306258322237
"mistletoe",22,"inla_spde_st_group",2,"count",0,11.9142535803989,12.0306258322237
"mistletoe",22,"inla_spde_st_group",2,"count",2,11.9142535803989,12.0306258322237
"mistletoe",22,"inla_spde_st_group",2,"count",16,14.4401596773353,12.0306258322237
"mistletoe",22,"inla_spde_st_group",2,"count",14,14.4401596773353,12.0306258322237
"mistletoe",22,"inla_spde_st_group",2,"count",5,15.3346970514424,12.0306258322237
"mistletoe",22,"inla_spde_st_group",2,"count",13,12.5499814517179,12.0306258322237
"mistletoe",22,"inla_spde_st_group",2,"count",15,12.5499814517179,12.0306258322237
"mistletoe",22,"inla_spde_st_group",2,"count",2,10.2433291752195,12.0306258322237
"mistletoe",22,"inla_spde_st_group",2,"count",9,10.2433291752195,12.0306258322237
"mistletoe",22,"inla_spde_st_group",2,"count",0,10.2433291752195,12.0306258322237
"mistletoe",22,"inla_spde_st_group",2,"count",2,10.6838243233364,12.0306258322237
"mistletoe",22,"inla_spde_st_group",2,"count",8,10.6838243233364,12.0306258322237
"mistletoe",22,"inla_spde_st_group",2,"count",11,11.6628024411326,12.0306258322237
"mistletoe",22,"inla_spde_st_group",2,"count",10,11.6628024411326,12.0306258322237
"mistletoe",22,"inla_spde_st_group",2,"count",3,11.6628024411326,12.0306258322237
"mistletoe",22,"inla_spde_st_group",2,"count",19,13.8757522649364,12.0306258322237
"mistletoe",22,"inla_spde_st_group",2,"count",22,13.8757522649364,12.0306258322237
"mistletoe",22,"inla_spde_st_group",2,"count",22,12.0705280980507,12.0306258322237
"mistletoe",22,"inla_spde_st_group",2,"count",12,12.0705280980507,12.0306258322237
"mistletoe",22,"inla_spde_st_group",2,"count",8,12.0670457927835,12.0306258322237
"mistletoe",22,"inla_spde_st_group",2,"count",8,12.0670457927835,12.0306258322237
"mistletoe",22,"inla_spde_st_group",2,"count",7,14.2146545066211,12.0306258322237
"mistletoe",22,"inla_spde_st_group",2,"count",13,14.2146545066211,12.0306258322237
"mistletoe",22,"inla_spde_st_group",2,"count",7,15.0762060094214,12.0306258322237
"mistletoe",22,"inla_spde_st_group",2,"count",18,12.389203182028,12.0306258322237
"mistletoe",22,"inla_spde_st_group",2,"count",7,12.389203182028,12.0306258322237
"mistletoe",22,"inla_spde_st_group",2,"count",7,11.9522472692554,12.0306258322237
"mistletoe",22,"inla_spde_st_group",2,"count",5,11.9522472692554,12.0306258322237
"mistletoe",22,"inla_spde_st_group",2,"count",2,11.9522472692554,12.0306258322237
"mistletoe",22,"inla_spde_st_group",2,"count",22,13.8350806209771,12.0306258322237
"mistletoe",22,"inla_spde_st_group",2,"count",17,13.8350806209771,12.0306258322237
"mistletoe",22,"inla_spde_st_group",2,"count",15,14.6694306143345,12.0306258322237
"mistletoe",22,"inla_spde_st_group",2,"count",22,14.6694306143345,12.0306258322237
"mistletoe",22,"inla_spde_st_group",2,"count",14,12.1476960249301,12.0306258322237
"mistletoe",22,"inla_spde_st_group",2,"count",13,12.1476960249301,12.0306258322237
"mistletoe",22,"inla_spde_st_group",2,"count",3,10.4897813154226,12.0306258322237
"mistletoe",22,"inla_spde_st_group",2,"count",8,10.4897813154226,12.0306258322237
"mistletoe",22,"inla_spde_st_group",2,"count",5,13.2859215518103,12.0306258322237
"mistletoe",22,"inla_spde_st_group",2,"count",3,13.2859215518103,12.0306258322237
"mistletoe",22,"inla_spde_st_group",2,"count",8,13.6097804924625,12.0306258322237
"mistletoe",22,"inla_spde_st_group",2,"count",6,10.3516268568881,12.0306258322237
"mistletoe",22,"inla_spde_st_group",2,"count",8,10.3516268568881,12.0306258322237
"mistletoe",22,"inla_spde_st_group",2,"count",13,12.0995805342598,12.0306258322237
"mistletoe",22,"inla_spde_st_group",2,"count",6,12.0995805342598,12.0306258322237
"mistletoe",22,"inla_spde_st_group",2,"count",8,10.3885994027155,12.0306258322237
"mistletoe",22,"inla_spde_st_group",2,"count",9,10.3885994027155,12.0306258322237
"mistletoe",22,"inla_spde_st_group",2,"count",21,12.6273655265215,12.0306258322237
"mistletoe",22,"inla_spde_st_group",2,"count",10,12.6273655265215,12.0306258322237
"mistletoe",22,"inla_spde_st_group",2,"count",8,13.3805819883104,12.0306258322237
"mistletoe",22,"inla_spde_st_group",2,"count",19,10.8397623887413,12.0306258322237
"mistletoe",22,"inla_spde_st_group",2,"count",13,10.8397623887413,12.0306258322237
"mistletoe",22,"inla_spde_st_group",2,"count",24,10.8397623887413,12.0306258322237
"mistletoe",22,"inla_spde_st_group",2,"count",11,12.7440987386833,12.0306258322237
"mistletoe",22,"inla_spde_st_group",2,"count",24,13.5052878445415,12.0306258322237
"mistletoe",22,"inla_spde_st_group",2,"count",14,13.5052878445415,12.0306258322237
"mistletoe",22,"inla_spde_st_group",2,"count",25,10.9383088798188,12.0306258322237
"mistletoe",22,"inla_spde_st_group",2,"count",8,10.9383088798188,12.0306258322237
"mistletoe",22,"inla_spde_st_group",2,"count",23,10.9383088798188,12.0306258322237
"mistletoe",22,"inla_spde_st_group",2,"count",19,11.2603825458879,12.0306258322237
"mistletoe",22,"inla_spde_st_group",2,"count",9,11.0779776241133,12.0306258322237
"mistletoe",22,"inla_spde_st_group",2,"count",15,11.4528769535251,12.0306258322237
"mistletoe",22,"inla_spde_st_group",2,"count",11,11.4528769535251,12.0306258322237
"mistletoe",22,"inla_spde_st_group",2,"count",15,9.90958907033989,12.0306258322237
"mistletoe",22,"inla_spde_st_group",2,"count",5,9.90958907033989,12.0306258322237
"mistletoe",22,"inla_spde_st_group",2,"count",13,9.90958907033989,12.0306258322237
"mistletoe",22,"inla_spde_st_group",2,"count",12,20.5333150142166,12.0306258322237
"mistletoe",22,"inla_spde_st_group",2,"count",12,20.5333150142166,12.0306258322237
"mistletoe",22,"inla_spde_st_group",2,"count",4,20.5333150142166,12.0306258322237
"mistletoe",22,"inla_spde_st_group",2,"count",4,12.8203094195392,12.0306258322237
"mistletoe",22,"inla_spde_st_group",2,"count",21,12.8203094195392,12.0306258322237
"mistletoe",22,"inla_spde_st_group",2,"count",17,13.6352611504619,12.0306258322237
"mistletoe",22,"inla_spde_st_group",2,"count",8,10.985978522712,12.0306258322237
"mistletoe",22,"inla_spde_st_group",2,"count",8,10.985978522712,12.0306258322237
"mistletoe",22,"inla_spde_st_group",2,"count",1,9.18182886541221,12.0306258322237
"mistletoe",22,"inla_spde_st_group",2,"count",6,9.18182886541221,12.0306258322237
"mistletoe",22,"inla_spde_st_group",2,"count",1,9.18182886541221,12.0306258322237
"mistletoe",22,"inla_spde_st_group",2,"count",29,18.9604388632733,12.0306258322237
"mistletoe",22,"inla_spde_st_group",2,"count",29,18.9604388632733,12.0306258322237
"mistletoe",22,"inla_spde_st_group",2,"count",19,11.8611129344498,12.0306258322237
"mistletoe",22,"inla_spde_st_group",2,"count",16,11.8611129344498,12.0306258322237
"mistletoe",22,"inla_spde_st_group",2,"count",24,12.6148493760242,12.0306258322237
"mistletoe",22,"inla_spde_st_group",2,"count",3,10.1615078459945,12.0306258322237
"mistletoe",22,"inla_spde_st_group",2,"count",4,10.1615078459945,12.0306258322237
"mistletoe",22,"inla_spde_st_group",2,"count",12,18.243833178876,12.0306258322237
"mistletoe",22,"inla_spde_st_group",2,"count",9,18.243833178876,12.0306258322237
"mistletoe",22,"inla_spde_st_group",2,"count",7,36.7589211903723,12.0306258322237
"mistletoe",22,"inla_spde_st_group",2,"count",7,36.7589211903723,12.0306258322237
"mistletoe",22,"inla_spde_st_group",2,"count",15,23.3815235633789,12.0306258322237
"mistletoe",22,"inla_spde_st_group",2,"count",13,11.8654470067351,12.0306258322237
"mistletoe",22,"inla_spde_st_group",2,"count",13,11.8654470067351,12.0306258322237
"mistletoe",22,"inla_spde_st_group",2,"count",12,10.568351851482,12.0306258322237
"mistletoe",22,"inla_spde_st_group",2,"count",7,13.274797145964,12.0306258322237
"mistletoe",22,"inla_spde_st_group",2,"count",11,13.274797145964,12.0306258322237
"mistletoe",22,"inla_spde_st_group",2,"count",6,13.8276856133467,12.0306258322237
"mistletoe",22,"inla_spde_st_group",2,"count",8,10.8872352735524,12.0306258322237
"mistletoe",22,"inla_spde_st_group",2,"count",8,10.8872352735524,12.0306258322237
"mistletoe",22,"inla_spde_st_group",2,"count",7,15.9072409076942,12.0306258322237
"mistletoe",22,"inla_spde_st_group",2,"count",11,15.9072409076942,12.0306258322237
"mistletoe",22,"inla_spde_st_group",2,"count",15,16.219707974479,12.0306258322237
"mistletoe",22,"inla_spde_st_group",2,"count",6,12.3732894092256,12.0306258322237
"mistletoe",22,"inla_spde_st_group",2,"count",5,12.3732894092256,12.0306258322237
"mistletoe",22,"inla_spde_st_group",2,"count",18,17.9622436150721,12.0306258322237
"mistletoe",22,"inla_spde_st_group",2,"count",15,14.0260599926081,12.0306258322237
"mistletoe",22,"inla_spde_st_group",2,"count",7,12.7747019896952,12.0306258322237
"mistletoe",22,"inla_spde_st_group",2,"count",24,12.7747019896952,12.0306258322237
"mistletoe",22,"inla_spde_st_group",2,"count",37,13.46102510838,12.0306258322237
"mistletoe",22,"inla_spde_st_group",2,"count",24,13.46102510838,12.0306258322237
"mistletoe",22,"inla_spde_st_group",2,"count",15,10.7697121415213,12.0306258322237
"mistletoe",22,"inla_spde_st_group",2,"count",8,10.7697121415213,12.0306258322237
"mistletoe",22,"inla_spde_st_group",2,"count",18,11.2603825458879,12.0306258322237
"mistletoe",22,"inla_spde_st_group",2,"count",4,15.2534301201596,12.0306258322237
"mistletoe",22,"inla_spde_st_group",2,"count",25,12.9924765324947,12.0306258322237
"mistletoe",22,"inla_spde_st_group",2,"count",20,13.7722172528039,12.0306258322237
"mistletoe",22,"inla_spde_st_group",2,"count",6,20.0354454099551,12.0306258322237
"mistletoe",22,"inla_spde_st_group",2,"count",20,20.0354454099551,12.0306258322237
"mistletoe",22,"inla_spde_st_group",2,"count",8,12.1029090733697,12.0306258322237
"mistletoe",22,"inla_spde_st_group",2,"count",17,13.7263484215918,12.0306258322237
"mistletoe",22,"inla_spde_st_group",2,"count",5,14.4469302378319,12.0306258322237
"mistletoe",22,"inla_spde_st_group",2,"count",17,11.418462217586,12.0306258322237
"mistletoe",22,"inla_spde_st_group",2,"count",3,11.418462217586,12.0306258322237
"mistletoe",22,"inla_spde_st_group",2,"count",5,15.3833032690997,12.0306258322237
"mistletoe",22,"inla_spde_st_group",2,"count",6,19.9420300028609,12.0306258322237
"mistletoe",22,"inla_spde_st_group",2,"count",18,12.9924765324947,12.0306258322237
"mistletoe",22,"inla_spde_st_group",2,"count",15,11.2603825458879,12.0306258322237
"mistletoe",22,"inla_spde_st_group",2,"count",10,23.3815235633789,12.0306258322237
"mistletoe",22,"inla_spde_st_group",2,"count",12,24.8731981257118,12.0306258322237
"mistletoe",22,"inla_spde_st_group",2,"count",30,24.8731981257118,12.0306258322237
"mistletoe",22,"inla_spde_st_group",2,"count",23,13.7722172528039,12.0306258322237
"mistletoe",22,"inla_spde_st_group",2,"count",4,14.4469302378319,12.0306258322237
"mistletoe",22,"inla_spde_st_group",3,"count",21,13.1468441452783,12.3659117997616
"mistletoe",22,"inla_spde_st_group",3,"count",21,10.473959620408,12.3659117997616
"mistletoe",22,"inla_spde_st_group",3,"count",24,12.7067826792241,12.3659117997616
"mistletoe",22,"inla_spde_st_group",3,"count",80,14.5227083841334,12.3659117997616
"mistletoe",22,"inla_spde_st_group",3,"count",12,10.4909680139589,12.3659117997616
"mistletoe",22,"inla_spde_st_group",3,"count",4,12.1131574269983,12.3659117997616
"mistletoe",22,"inla_spde_st_group",3,"count",10,10.8877422020054,12.3659117997616
"mistletoe",22,"inla_spde_st_group",3,"count",31,10.6085544060665,12.3659117997616
"mistletoe",22,"inla_spde_st_group",3,"count",10,9.90222194240689,12.3659117997616
"mistletoe",22,"inla_spde_st_group",3,"count",3,14.0874012557619,12.3659117997616
"mistletoe",22,"inla_spde_st_group",3,"count",12,11.6724027279984,12.3659117997616
"mistletoe",22,"inla_spde_st_group",3,"count",13,14.5227083841334,12.3659117997616
"mistletoe",22,"inla_spde_st_group",3,"count",23,8.70123295450027,12.3659117997616
"mistletoe",22,"inla_spde_st_group",3,"count",11,9.87906356055458,12.3659117997616
"mistletoe",22,"inla_spde_st_group",3,"count",11,12.5209617466453,12.3659117997616
"mistletoe",22,"inla_spde_st_group",3,"count",14,12.451943322197,12.3659117997616
"mistletoe",22,"inla_spde_st_group",3,"count",28,12.0660967539368,12.3659117997616
"mistletoe",22,"inla_spde_st_group",3,"count",12,13.0743454271829,12.3659117997616
"mistletoe",22,"inla_spde_st_group",3,"count",30,9.94000976965117,12.3659117997616
"mistletoe",22,"inla_spde_st_group",3,"count",10,9.94000976965117,12.3659117997616
"mistletoe",22,"inla_spde_st_group",3,"count",18,10.4701954955733,12.3659117997616
"mistletoe",22,"inla_spde_st_group",3,"count",15,13.1237146847288,12.3659117997616
"mistletoe",22,"inla_spde_st_group",3,"count",14,11.3285740650088,12.3659117997616
"mistletoe",22,"inla_spde_st_group",3,"count",14,14.0874012557619,12.3659117997616
"mistletoe",22,"inla_spde_st_group",3,"count",9,11.6724027279984,12.3659117997616
"mistletoe",22,"inla_spde_st_group",3,"count",2,10.6617391888629,12.3659117997616
"mistletoe",22,"inla_spde_st_group",3,"count",7,11.3290769249801,12.3659117997616
"mistletoe",22,"inla_spde_st_group",3,"count",5,11.00840664402,12.3659117997616
"mistletoe",22,"inla_spde_st_group",3,"count",9,13.1220473679825,12.3659117997616
"mistletoe",22,"inla_spde_st_group",3,"count",9,10.4543525200775,12.3659117997616
"mistletoe",22,"inla_spde_st_group",3,"count",53,13.3932234035572,12.3659117997616
"mistletoe",22,"inla_spde_st_group",3,"count",4,9.73682860577914,12.3659117997616
"mistletoe",22,"inla_spde_st_group",3,"count",15,14.4634456227635,12.3659117997616
"mistletoe",22,"inla_spde_st_group",3,"count",7,12.0796001789217,12.3659117997616
"mistletoe",22,"inla_spde_st_group",3,"count",10,9.73682860577914,12.3659117997616
"mistletoe",22,"inla_spde_st_group",3,"count",11,10.6617391888629,12.3659117997616
"mistletoe",22,"inla_spde_st_group",3,"count",13,9.67815175997048,12.3659117997616
"mistletoe",22,"inla_spde_st_group",3,"count",14,10.4909680139589,12.3659117997616
"mistletoe",22,"inla_spde_st_group",3,"count",9,7.74737426595476,12.3659117997616
"mistletoe",22,"inla_spde_st_group",3,"count",7,12.7067826792241,12.3659117997616
"mistletoe",22,"inla_spde_st_group",3,"count",12,7.28715439177122,12.3659117997616
"mistletoe",22,"inla_spde_st_group",3,"count",12,11.8012624501675,12.3659117997616
"mistletoe",22,"inla_spde_st_group",3,"count",11,11.6585145154381,12.3659117997616
"mistletoe",22,"inla_spde_st_group",3,"count",10,13.0743454271829,12.3659117997616
"mistletoe",22,"inla_spde_st_group",3,"count",3,11.6585145154381,12.3659117997616
"mistletoe",22,"inla_spde_st_group",3,"count",3,14.4634456227635,12.3659117997616
"mistletoe",22,"inla_spde_st_group",3,"count",10,12.0796001789217,12.3659117997616
"mistletoe",22,"inla_spde_st_group",3,"count",15,11.8101350969909,12.3659117997616
"mistletoe",22,"inla_spde_st_group",3,"count",6,11.8101350969909,12.3659117997616
"mistletoe",22,"inla_spde_st_group",3,"count",8,13.1237146847288,12.3659117997616
"mistletoe",22,"inla_spde_st_group",3,"count",9,7.8290044838654,12.3659117997616
"mistletoe",22,"inla_spde_st_group",3,"count",12,7.8290044838654,12.3659117997616
"mistletoe",22,"inla_spde_st_group",3,"count",8,11.8218082194396,12.3659117997616
"mistletoe",22,"inla_spde_st_group",3,"count",10,11.8218082194396,12.3659117997616
"mistletoe",22,"inla_spde_st_group",3,"count",4,13.1468441452783,12.3659117997616
"mistletoe",22,"inla_spde_st_group",3,"count",6,7.8301019836958,12.3659117997616
"mistletoe",22,"inla_spde_st_group",3,"count",3,7.8301019836958,12.3659117997616
"mistletoe",22,"inla_spde_st_group",3,"count",7,7.74737426595476,12.3659117997616
"mistletoe",22,"inla_spde_st_group",3,"count",5,7.74737426595476,12.3659117997616
"mistletoe",22,"inla_spde_st_group",3,"count",14,11.2278118569546,12.3659117997616
"mistletoe",22,"inla_spde_st_group",3,"count",14,11.2278118569546,12.3659117997616
"mistletoe",22,"inla_spde_st_group",3,"count",9,7.92130893057361,12.3659117997616
"mistletoe",22,"inla_spde_st_group",3,"count",8,7.28715439177122,12.3659117997616
"mistletoe",22,"inla_spde_st_group",3,"count",17,7.28715439177122,12.3659117997616
"mistletoe",22,"inla_spde_st_group",3,"count",14,10.5159140395417,12.3659117997616
"mistletoe",22,"inla_spde_st_group",3,"count",8,12.0660967539368,12.3659117997616
"mistletoe",22,"inla_spde_st_group",3,"count",10,7.50093941360114,12.3659117997616
"mistletoe",22,"inla_spde_st_group",3,"count",9,7.50093941360114,12.3659117997616
"mistletoe",22,"inla_spde_st_group",3,"count",16,11.6173868124582,12.3659117997616
"mistletoe",22,"inla_spde_st_group",3,"count",4,8.15910305134934,12.3659117997616
"mistletoe",22,"inla_spde_st_group",3,"count",4,8.15910305134934,12.3659117997616
"mistletoe",22,"inla_spde_st_group",3,"count",10,11.3290769249801,12.3659117997616
"mistletoe",22,"inla_spde_st_group",3,"count",7,11.5374512953992,12.3659117997616
"mistletoe",22,"inla_spde_st_group",3,"count",3,11.5374512953992,12.3659117997616
"mistletoe",22,"inla_spde_st_group",3,"count",7,11.4550658046795,12.3659117997616
"mistletoe",22,"inla_spde_st_group",3,"count",6,11.4550658046795,12.3659117997616
"mistletoe",22,"inla_spde_st_group",3,"count",3,11.1894559746586,12.3659117997616
"mistletoe",22,"inla_spde_st_group",3,"count",0,11.1894559746586,12.3659117997616
"mistletoe",22,"inla_spde_st_group",3,"count",10,11.4144282262995,12.3659117997616
"mistletoe",22,"inla_spde_st_group",3,"count",12,11.4144282262995,12.3659117997616
"mistletoe",22,"inla_spde_st_group",3,"count",12,11.6344531830582,12.3659117997616
"mistletoe",22,"inla_spde_st_group",3,"count",3,11.6344531830582,12.3659117997616
"mistletoe",22,"inla_spde_st_group",3,"count",2,11.00840664402,12.3659117997616
"mistletoe",22,"inla_spde_st_group",3,"count",11,11.2147471067164,12.3659117997616
"mistletoe",22,"inla_spde_st_group",3,"count",16,11.2147471067164,12.3659117997616
"mistletoe",22,"inla_spde_st_group",3,"count",4,13.1220473679825,12.3659117997616
"mistletoe",22,"inla_spde_st_group",3,"count",5,10.4543525200775,12.3659117997616
"mistletoe",22,"inla_spde_st_group",3,"count",11,10.8623407649364,12.3659117997616
"mistletoe",22,"inla_spde_st_group",3,"count",8,10.8623407649364,12.3659117997616
"mistletoe",22,"inla_spde_st_group",3,"count",17,13.3932234035572,12.3659117997616
"mistletoe",22,"inla_spde_st_group",3,"count",5,11.2015439323029,12.3659117997616
"mistletoe",22,"inla_spde_st_group",3,"count",11,11.2015439323029,12.3659117997616
"mistletoe",22,"inla_spde_st_group",3,"count",6,11.9046801194329,12.3659117997616
"mistletoe",22,"inla_spde_st_group",3,"count",14,11.9046801194329,12.3659117997616
"mistletoe",22,"inla_spde_st_group",3,"count",9,10.2703175485447,12.3659117997616
"mistletoe",22,"inla_spde_st_group",3,"count",8,10.2703175485447,12.3659117997616
"mistletoe",22,"inla_spde_st_group",3,"count",12,13.8266737397427,12.3659117997616
"mistletoe",22,"inla_spde_st_group",3,"count",12,11.9101301740839,12.3659117997616
"mistletoe",22,"inla_spde_st_group",3,"count",8,7.94887037184578,12.3659117997616
"mistletoe",22,"inla_spde_st_group",3,"count",4,7.94887037184578,12.3659117997616
"mistletoe",22,"inla_spde_st_group",3,"count",9,7.94887037184578,12.3659117997616
"mistletoe",22,"inla_spde_st_group",3,"count",10,11.536214771768,12.3659117997616
"mistletoe",22,"inla_spde_st_group",3,"count",18,11.536214771768,12.3659117997616
"mistletoe",22,"inla_spde_st_group",3,"count",8,12.5209617466453,12.3659117997616
"mistletoe",22,"inla_spde_st_group",3,"count",28,7.957509265287,12.3659117997616
"mistletoe",22,"inla_spde_st_group",3,"count",14,7.957509265287,12.3659117997616
"mistletoe",22,"inla_spde_st_group",3,"count",10,11.9939350560329,12.3659117997616
"mistletoe",22,"inla_spde_st_group",3,"count",9,11.9939350560329,12.3659117997616
"mistletoe",22,"inla_spde_st_group",3,"count",6,8.70123295450027,12.3659117997616
"mistletoe",22,"inla_spde_st_group",3,"count",4,9.48869072372119,12.3659117997616
"mistletoe",22,"inla_spde_st_group",3,"count",3,9.48869072372119,12.3659117997616
"mistletoe",22,"inla_spde_st_group",3,"count",6,11.8012624501675,12.3659117997616
"mistletoe",22,"inla_spde_st_group",3,"count",9,11.9162209534813,12.3659117997616
"mistletoe",22,"inla_spde_st_group",3,"count",11,11.9162209534813,12.3659117997616
"mistletoe",22,"inla_spde_st_group",3,"count",14,14.4634456227635,12.3659117997616
"mistletoe",22,"inla_spde_st_group",3,"count",7,12.451943322197,12.3659117997616
"mistletoe",22,"inla_spde_st_group",3,"count",6,12.253235188237,12.3659117997616
"mistletoe",22,"inla_spde_st_group",3,"count",7,12.253235188237,12.3659117997616
"mistletoe",22,"inla_spde_st_group",3,"count",7,10.6749784185764,12.3659117997616
"mistletoe",22,"inla_spde_st_group",3,"count",5,10.6749784185764,12.3659117997616
"mistletoe",22,"inla_spde_st_group",3,"count",4,10.8070943217906,12.3659117997616
"mistletoe",22,"inla_spde_st_group",3,"count",13,10.8070943217906,12.3659117997616
"mistletoe",22,"inla_spde_st_group",3,"count",6,11.9319190554831,12.3659117997616
"mistletoe",22,"inla_spde_st_group",3,"count",7,11.9319190554831,12.3659117997616
"mistletoe",22,"inla_spde_st_group",3,"count",14,10.3843082962738,12.3659117997616
"mistletoe",22,"inla_spde_st_group",3,"count",12,10.3843082962738,12.3659117997616
"mistletoe",22,"inla_spde_st_group",3,"count",7,10.5174496241334,12.3659117997616
"mistletoe",22,"inla_spde_st_group",3,"count",12,10.5174496241334,12.3659117997616
"mistletoe",22,"inla_spde_st_group",3,"count",5,11.1409627310639,12.3659117997616
"mistletoe",22,"inla_spde_st_group",3,"count",8,11.1409627310639,12.3659117997616
"mistletoe",22,"inla_spde_st_group",3,"count",6,9.69463715915484,12.3659117997616
"mistletoe",22,"inla_spde_st_group",3,"count",5,9.69463715915484,12.3659117997616
"mistletoe",22,"inla_spde_st_group",3,"count",5,9.8197946436538,12.3659117997616
"mistletoe",22,"inla_spde_st_group",3,"count",3,9.8197946436538,12.3659117997616
"mistletoe",22,"inla_spde_st_group",3,"count",12,7.92130893057361,12.3659117997616
"mistletoe",22,"inla_spde_st_group",3,"count",11,10.5159140395417,12.3659117997616
"mistletoe",22,"inla_spde_st_group",3,"count",19,13.8266737397427,12.3659117997616
"mistletoe",22,"inla_spde_st_group",3,"count",13,9.24359136479733,12.3659117997616
"mistletoe",22,"inla_spde_st_group",3,"count",10,9.24359136479733,12.3659117997616
"mistletoe",22,"inla_spde_st_group",4,"count",17,14.2657607361174,12.4647355163728
"mistletoe",22,"inla_spde_st_group",4,"count",29,12.7641093576066,12.4647355163728
"mistletoe",22,"inla_spde_st_group",4,"count",16,12.1318479831524,12.4647355163728
"mistletoe",22,"inla_spde_st_group",4,"count",0,12.7525252330907,12.4647355163728
"mistletoe",22,"inla_spde_st_group",4,"count",21,11.9679380177245,12.4647355163728
"mistletoe",22,"inla_spde_st_group",4,"count",3,11.9679380177245,12.4647355163728
"mistletoe",22,"inla_spde_st_group",4,"count",12,15.2239511359665,12.4647355163728
"mistletoe",22,"inla_spde_st_group",4,"count",8,10.572185047723,12.4647355163728
"mistletoe",22,"inla_spde_st_group",4,"count",17,14.3119187486195,12.4647355163728
"mistletoe",22,"inla_spde_st_group",4,"count",18,12.3776535381482,12.4647355163728
"mistletoe",22,"inla_spde_st_group",4,"count",6,12.4055766040812,12.4647355163728
"mistletoe",22,"inla_spde_st_group",4,"count",10,12.697368892556,12.4647355163728
"mistletoe",22,"inla_spde_st_group",4,"count",5,11.8906311632037,12.4647355163728
"mistletoe",22,"inla_spde_st_group",4,"count",12,16.1250666999861,12.4647355163728
"mistletoe",22,"inla_spde_st_group",4,"count",27,13.0520844222741,12.4647355163728
"mistletoe",22,"inla_spde_st_group",4,"count",13,11.6492934460535,12.4647355163728
"mistletoe",22,"inla_spde_st_group",4,"count",9,12.3419225443877,12.4647355163728
"mistletoe",22,"inla_spde_st_group",4,"count",41,12.3686810473399,12.4647355163728
"mistletoe",22,"inla_spde_st_group",4,"count",12,15.3536853070366,12.4647355163728
"mistletoe",22,"inla_spde_st_group",4,"count",17,12.3639539406199,12.4647355163728
"mistletoe",22,"inla_spde_st_group",4,"count",18,12.3639539406199,12.4647355163728
"mistletoe",22,"inla_spde_st_group",4,"count",7,13.0631111261224,12.4647355163728
"mistletoe",22,"inla_spde_st_group",4,"count",15,13.0520844222741,12.4647355163728
"mistletoe",22,"inla_spde_st_group",4,"count",46,11.895827180252,12.4647355163728
"mistletoe",22,"inla_spde_st_group",4,"count",14,11.6045966427319,12.4647355163728
"mistletoe",22,"inla_spde_st_group",4,"count",5,12.8313645310879,12.4647355163728
"mistletoe",22,"inla_spde_st_group",4,"count",24,11.9720779648543,12.4647355163728
"mistletoe",22,"inla_spde_st_group",4,"count",13,11.9720779648543,12.4647355163728
"mistletoe",22,"inla_spde_st_group",4,"count",5,10.5774579732682,12.4647355163728
"mistletoe",22,"inla_spde_st_group",4,"count",12,12.7641093576066,12.4647355163728
"mistletoe",22,"inla_spde_st_group",4,"count",16,11.8906311632037,12.4647355163728
"mistletoe",22,"inla_spde_st_group",4,"count",10,11.8779898379042,12.4647355163728
"mistletoe",22,"inla_spde_st_group",4,"count",5,10.8628112403599,12.4647355163728
"mistletoe",22,"inla_spde_st_group",4,"count",7,16.9187043882606,12.4647355163728
"mistletoe",22,"inla_spde_st_group",4,"count",7,15.2239511359665,12.4647355163728
"mistletoe",22,"inla_spde_st_group",4,"count",14,11.6076590397039,12.4647355163728
"mistletoe",22,"inla_spde_st_group",4,"count",5,11.6076590397039,12.4647355163728
"mistletoe",22,"inla_spde_st_group",4,"count",19,10.8628112403599,12.4647355163728
"mistletoe",22,"inla_spde_st_group",4,"count",6,16.0137451947472,12.4647355163728
"mistletoe",22,"inla_spde_st_group",4,"count",7,9.47730494535554,12.4647355163728
"mistletoe",22,"inla_spde_st_group",4,"count",4,11.9720779648543,12.4647355163728
"mistletoe",22,"inla_spde_st_group",4,"count",8,11.3902800434178,12.4647355163728
"mistletoe",22,"inla_spde_st_group",4,"count",21,11.3902800434178,12.4647355163728
"mistletoe",22,"inla_spde_st_group",4,"count",7,12.4285387125311,12.4647355163728
"mistletoe",22,"inla_spde_st_group",4,"count",4,12.4285387125311,12.4647355163728
"mistletoe",22,"inla_spde_st_group",4,"count",5,13.3999862116652,12.4647355163728
"mistletoe",22,"inla_spde_st_group",4,"count",5,13.3999862116652,12.4647355163728
"mistletoe",22,"inla_spde_st_group",4,"count",15,12.3686810473399,12.4647355163728
"mistletoe",22,"inla_spde_st_group",4,"count",18,12.3686810473399,12.4647355163728
"mistletoe",22,"inla_spde_st_group",4,"count",13,12.3686810473399,12.4647355163728
"mistletoe",22,"inla_spde_st_group",4,"count",9,10.4794480055596,12.4647355163728
"mistletoe",22,"inla_spde_st_group",4,"count",5,10.4794480055596,12.4647355163728
"mistletoe",22,"inla_spde_st_group",4,"count",9,11.1525058142329,12.4647355163728
"mistletoe",22,"inla_spde_st_group",4,"count",10,11.1525058142329,12.4647355163728
"mistletoe",22,"inla_spde_st_group",4,"count",3,12.0673193148468,12.4647355163728
"mistletoe",22,"inla_spde_st_group",4,"count",5,12.0673193148468,12.4647355163728
"mistletoe",22,"inla_spde_st_group",4,"count",10,12.5769830030945,12.4647355163728
"mistletoe",22,"inla_spde_st_group",4,"count",8,12.5769830030945,12.4647355163728
"mistletoe",22,"inla_spde_st_group",4,"count",12,13.1556051336877,12.4647355163728
"mistletoe",22,"inla_spde_st_group",4,"count",19,13.1556051336877,12.4647355163728
"mistletoe",22,"inla_spde_st_group",4,"count",26,10.5774579732682,12.4647355163728
"mistletoe",22,"inla_spde_st_group",4,"count",13,10.5774579732682,12.4647355163728
"mistletoe",22,"inla_spde_st_group",4,"count",13,11.0075238236853,12.4647355163728
"mistletoe",22,"inla_spde_st_group",4,"count",24,11.0075238236853,12.4647355163728
"mistletoe",22,"inla_spde_st_group",4,"count",18,11.7489524274538,12.4647355163728
"mistletoe",22,"inla_spde_st_group",4,"count",11,11.7489524274538,12.4647355163728
"mistletoe",22,"inla_spde_st_group",4,"count",16,11.6037615508872,12.4647355163728
"mistletoe",22,"inla_spde_st_group",4,"count",15,11.6037615508872,12.4647355163728
"mistletoe",22,"inla_spde_st_group",4,"count",6,16.1250666999861,12.4647355163728
"mistletoe",22,"inla_spde_st_group",4,"count",15,14.3119187486195,12.4647355163728
"mistletoe",22,"inla_spde_st_group",4,"count",2,10.3324334922399,12.4647355163728
"mistletoe",22,"inla_spde_st_group",4,"count",3,10.3324334922399,12.4647355163728
"mistletoe",22,"inla_spde_st_group",4,"count",11,9.52756741749466,12.4647355163728
"mistletoe",22,"inla_spde_st_group",4,"count",13,9.52756741749466,12.4647355163728
"mistletoe",22,"inla_spde_st_group",4,"count",12,14.6405980030546,12.4647355163728
"mistletoe",22,"inla_spde_st_group",4,"count",8,14.6405980030546,12.4647355163728
"mistletoe",22,"inla_spde_st_group",4,"count",7,15.3536853070366,12.4647355163728
"mistletoe",22,"inla_spde_st_group",4,"count",11,16.03108041855,12.4647355163728
"mistletoe",22,"inla_spde_st_group",4,"count",18,16.03108041855,12.4647355163728
"mistletoe",22,"inla_spde_st_group",4,"count",18,11.9771154714408,12.4647355163728
"mistletoe",22,"inla_spde_st_group",4,"count",17,11.9771154714408,12.4647355163728
"mistletoe",22,"inla_spde_st_group",4,"count",6,11.9771154714408,12.4647355163728
"mistletoe",22,"inla_spde_st_group",4,"count",8,11.4352326026317,12.4647355163728
"mistletoe",22,"inla_spde_st_group",4,"count",18,11.4352326026317,12.4647355163728
"mistletoe",22,"inla_spde_st_group",4,"count",11,11.3849845324855,12.4647355163728
"mistletoe",22,"inla_spde_st_group",4,"count",13,11.3849845324855,12.4647355163728
"mistletoe",22,"inla_spde_st_group",4,"count",15,11.9006396284095,12.4647355163728
"mistletoe",22,"inla_spde_st_group",4,"count",13,11.9006396284095,12.4647355163728
"mistletoe",22,"inla_spde_st_group",4,"count",12,12.0290787467497,12.4647355163728
"mistletoe",22,"inla_spde_st_group",4,"count",13,12.0290787467497,12.4647355163728
"mistletoe",22,"inla_spde_st_group",4,"count",14,12.3639539406199,12.4647355163728
"mistletoe",22,"inla_spde_st_group",4,"count",8,11.6501701174631,12.4647355163728
"mistletoe",22,"inla_spde_st_group",4,"count",12,11.6501701174631,12.4647355163728
"mistletoe",22,"inla_spde_st_group",4,"count",6,12.2013306189978,12.4647355163728
"mistletoe",22,"inla_spde_st_group",4,"count",12,12.2013306189978,12.4647355163728
"mistletoe",22,"inla_spde_st_group",4,"count",4,12.3070726714019,12.4647355163728
"mistletoe",22,"inla_spde_st_group",4,"count",9,12.3070726714019,12.4647355163728
"mistletoe",22,"inla_spde_st_group",4,"count",13,13.0631111261224,12.4647355163728
"mistletoe",22,"inla_spde_st_group",4,"count",15,13.0631111261224,12.4647355163728
"mistletoe",22,"inla_spde_st_group",4,"count",7,12.3776535381482,12.4647355163728
"mistletoe",22,"inla_spde_st_group",4,"count",5,12.3419225443877,12.4647355163728
"mistletoe",22,"inla_spde_st_group",4,"count",10,12.917532346485,12.4647355163728
"mistletoe",22,"inla_spde_st_group",4,"count",8,12.917532346485,12.4647355163728
"mistletoe",22,"inla_spde_st_group",4,"count",20,13.038840530086,12.4647355163728
"mistletoe",22,"inla_spde_st_group",4,"count",5,13.038840530086,12.4647355163728
"mistletoe",22,"inla_spde_st_group",4,"count",4,13.0520844222741,12.4647355163728
"mistletoe",22,"inla_spde_st_group",4,"count",10,12.1318479831524,12.4647355163728
"mistletoe",22,"inla_spde_st_group",4,"count",3,12.1466722517028,12.4647355163728
"mistletoe",22,"inla_spde_st_group",4,"count",6,12.1466722517028,12.4647355163728
"mistletoe",22,"inla_spde_st_group",4,"count",12,12.7525252330907,12.4647355163728
"mistletoe",22,"inla_spde_st_group",4,"count",2,12.8272915012093,12.4647355163728
"mistletoe",22,"inla_spde_st_group",4,"count",9,12.8272915012093,12.4647355163728
"mistletoe",22,"inla_spde_st_group",4,"count",13,12.6811704669087,12.4647355163728
"mistletoe",22,"inla_spde_st_group",4,"count",5,12.6811704669087,12.4647355163728
"mistletoe",22,"inla_spde_st_group",4,"count",14,13.5490606750985,12.4647355163728
"mistletoe",22,"inla_spde_st_group",4,"count",2,13.5490606750985,12.4647355163728
"mistletoe",22,"inla_spde_st_group",4,"count",5,13.4111674902848,12.4647355163728
"mistletoe",22,"inla_spde_st_group",4,"count",6,13.4111674902848,12.4647355163728
"mistletoe",22,"inla_spde_st_group",4,"count",19,11.770566366806,12.4647355163728
"mistletoe",22,"inla_spde_st_group",4,"count",16,11.7551463439265,12.4647355163728
"mistletoe",22,"inla_spde_st_group",4,"count",13,11.7551463439265,12.4647355163728
"mistletoe",22,"inla_spde_st_group",4,"count",16,11.895827180252,12.4647355163728
"mistletoe",22,"inla_spde_st_group",4,"count",10,11.6045966427319,12.4647355163728
"mistletoe",22,"inla_spde_st_group",4,"count",13,11.514677163802,12.4647355163728
"mistletoe",22,"inla_spde_st_group",4,"count",15,11.514677163802,12.4647355163728
"mistletoe",22,"inla_spde_st_group",4,"count",9,11.6492934460535,12.4647355163728
"mistletoe",22,"inla_spde_st_group",4,"count",11,13.8700165308485,12.4647355163728
"mistletoe",22,"inla_spde_st_group",4,"count",5,11.9634505294569,12.4647355163728
"mistletoe",22,"inla_spde_st_group",4,"count",3,11.9634505294569,12.4647355163728
"mistletoe",22,"inla_spde_st_group",4,"count",6,12.4055766040812,12.4647355163728
"mistletoe",22,"inla_spde_st_group",4,"count",6,14.1447697898534,12.4647355163728
"mistletoe",22,"inla_spde_st_group",4,"count",4,12.697368892556,12.4647355163728
"mistletoe",22,"inla_spde_st_group",4,"count",11,11.9847668776614,12.4647355163728
"mistletoe",22,"inla_spde_st_group",4,"count",6,11.9847668776614,12.4647355163728
"mistletoe",22,"inla_spde_st_group",4,"count",9,12.7024798180074,12.4647355163728
"mistletoe",22,"inla_spde_st_group",4,"count",13,12.7024798180074,12.4647355163728
"mistletoe",22,"inla_spde_st_group",4,"count",13,11.6357622915939,12.4647355163728
"mistletoe",22,"inla_spde_st_group",4,"count",6,11.6357622915939,12.4647355163728
"mistletoe",22,"inla_spde_st_group",4,"count",0,11.7533191043984,12.4647355163728
"mistletoe",22,"inla_spde_st_group",4,"count",12,11.7533191043984,12.4647355163728
"mistletoe",22,"inla_spde_st_group",4,"count",2,11.8944045852378,12.4647355163728
"mistletoe",22,"inla_spde_st_group",4,"count",7,11.8944045852378,12.4647355163728
"mistletoe",22,"inla_spde_st_group",4,"count",9,12.321553067022,12.4647355163728
"mistletoe",22,"inla_spde_st_group",4,"count",8,12.7929866769857,12.4647355163728
"mistletoe",22,"inla_spde_st_group",4,"count",4,12.7929866769857,12.4647355163728
"mistletoe",22,"inla_spde_st_group",4,"count",1,10.715669639658,12.4647355163728
"mistletoe",22,"inla_spde_st_group",4,"count",1,10.715669639658,12.4647355163728
"mistletoe",22,"inla_spde_st_group",4,"count",0,11.9221963512305,12.4647355163728
"mistletoe",22,"inla_spde_st_group",4,"count",3,11.5906282938276,12.4647355163728
"mistletoe",22,"inla_spde_st_group",4,"count",5,11.619597795977,12.4647355163728
"mistletoe",22,"inla_spde_st_group",4,"count",7,11.3605597026149,12.4647355163728
"mistletoe",22,"inla_spde_st_group",4,"count",6,11.3605597026149,12.4647355163728
"mistletoe",22,"inla_spde_st_group",4,"count",0,11.411386555196,12.4647355163728
"mistletoe",22,"inla_spde_st_group",4,"count",4,11.411386555196,12.4647355163728
"mistletoe",22,"inla_spde_st_group",4,"count",7,11.5161571595631,12.4647355163728
"mistletoe",22,"inla_spde_st_group",4,"count",0,11.5161571595631,12.4647355163728
"mistletoe",22,"inla_spde_st_group",4,"count",14,11.9505444656704,12.4647355163728
"mistletoe",22,"inla_spde_st_group",4,"count",0,11.9819172443634,12.4647355163728
"mistletoe",22,"inla_spde_st_group",4,"count",5,11.8702963077924,12.4647355163728
"mistletoe",22,"inla_spde_st_group",4,"count",17,11.9689018081791,12.4647355163728
"mistletoe",22,"inla_spde_st_group",4,"count",12,11.9689018081791,12.4647355163728
"mistletoe",22,"inla_spde_st_group",4,"count",6,11.9689018081791,12.4647355163728
"mistletoe",22,"inla_spde_st_group",4,"count",3,11.5223178641401,12.4647355163728
"mistletoe",22,"inla_spde_st_group",4,"count",45,11.4538054878466,12.4647355163728
"mistletoe",22,"inla_spde_st_group",4,"count",7,11.9011891921309,12.4647355163728
"mistletoe",22,"inla_spde_st_group",4,"count",7,11.9011891921309,12.4647355163728
"mistletoe",22,"inla_spde_st_group",4,"count",5,12.0037792546164,12.4647355163728
"mistletoe",22,"inla_spde_st_group",4,"count",6,12.0037792546164,12.4647355163728
"mistletoe",22,"inla_spde_st_group",4,"count",21,11.8779898379042,12.4647355163728
"mistletoe",22,"inla_spde_st_group",4,"count",20,11.8779898379042,12.4647355163728
"mistletoe",22,"inla_spde_st_group",4,"count",16,11.9221963512305,12.4647355163728
"mistletoe",22,"inla_spde_st_group",4,"count",31,11.7162130411949,12.4647355163728
"mistletoe",22,"inla_spde_st_group",4,"count",7,10.3661568045288,12.4647355163728
"mistletoe",22,"inla_spde_st_group",4,"count",11,9.47730494535554,12.4647355163728
"mistletoe",22,"inla_spde_st_group",4,"count",8,12.1147465286897,12.4647355163728
"mistletoe",22,"inla_spde_st_group",4,"count",11,12.1464424176135,12.4647355163728
"mistletoe",22,"inla_spde_st_group",4,"count",13,12.0480337597686,12.4647355163728
"mistletoe",22,"inla_spde_st_group",4,"count",7,12.0480337597686,12.4647355163728
"mistletoe",22,"inla_spde_st_group",4,"count",16,11.7162130411949,12.4647355163728
"mistletoe",22,"inla_spde_st_group",4,"count",0,11.7625710572795,12.4647355163728
"mistletoe",22,"inla_spde_st_group",4,"count",11,11.7625710572795,12.4647355163728
"mistletoe",22,"inla_spde_st_group",4,"count",19,11.8702963077924,12.4647355163728
"mistletoe",22,"inla_spde_st_group",4,"count",9,11.5223178641401,12.4647355163728
"mistletoe",22,"inla_spde_st_group",4,"count",13,11.4538054878466,12.4647355163728
"mistletoe",22,"inla_spde_st_group",5,"count",20,11.0935451644001,12.1535380507343
"mistletoe",22,"inla_spde_st_group",5,"count",11,11.1182922349724,12.1535380507343
"mistletoe",22,"inla_spde_st_group",5,"count",76,10.9957198243021,12.1535380507343
"mistletoe",22,"inla_spde_st_group",5,"count",42,11.4852489405692,12.1535380507343
"mistletoe",22,"inla_spde_st_group",5,"count",23,11.070654477404,12.1535380507343
"mistletoe",22,"inla_spde_st_group",5,"count",35,11.2280123444583,12.1535380507343
"mistletoe",22,"inla_spde_st_group",5,"count",17,10.7783873329934,12.1535380507343
"mistletoe",22,"inla_spde_st_group",5,"count",37,11.0126767409167,12.1535380507343
"mistletoe",22,"inla_spde_st_group",5,"count",13,10.6286894498988,12.1535380507343
"mistletoe",22,"inla_spde_st_group",5,"count",45,10.7711358557799,12.1535380507343
"mistletoe",22,"inla_spde_st_group",5,"count",8,11.1389032951786,12.1535380507343
"mistletoe",22,"inla_spde_st_group",5,"count",21,10.9788917118852,12.1535380507343
"mistletoe",22,"inla_spde_st_group",5,"count",8,9.79138609675387,12.1535380507343
"mistletoe",22,"inla_spde_st_group",5,"count",14,10.9957198243021,12.1535380507343
"mistletoe",22,"inla_spde_st_group",5,"count",56,11.3738173674354,12.1535380507343
"mistletoe",22,"inla_spde_st_group",5,"count",5,11.142527159315,12.1535380507343
"mistletoe",22,"inla_spde_st_group",5,"count",16,11.2483788626909,12.1535380507343
"mistletoe",22,"inla_spde_st_group",5,"count",12,11.2483788626909,12.1535380507343
"mistletoe",22,"inla_spde_st_group",5,"count",15,11.0301696880096,12.1535380507343
"mistletoe",22,"inla_spde_st_group",5,"count",16,11.688651697093,12.1535380507343
"mistletoe",22,"inla_spde_st_group",5,"count",11,11.0741616582532,12.1535380507343
"mistletoe",22,"inla_spde_st_group",5,"count",47,10.6817868710377,12.1535380507343
"mistletoe",22,"inla_spde_st_group",5,"count",19,11.154012474569,12.1535380507343
"mistletoe",22,"inla_spde_st_group",5,"count",7,11.3738173674354,12.1535380507343
"mistletoe",22,"inla_spde_st_group",5,"count",8,11.1749627686302,12.1535380507343
"mistletoe",22,"inla_spde_st_group",5,"count",20,11.1749627686302,12.1535380507343
"mistletoe",22,"inla_spde_st_group",5,"count",8,10.9464366680374,12.1535380507343
"mistletoe",22,"inla_spde_st_group",5,"count",15,10.5503755534844,12.1535380507343
"mistletoe",22,"inla_spde_st_group",5,"count",8,11.0857474128088,12.1535380507343
"mistletoe",22,"inla_spde_st_group",5,"count",24,10.6817868710377,12.1535380507343
"mistletoe",22,"inla_spde_st_group",5,"count",2,10.9218377569019,12.1535380507343
"mistletoe",22,"inla_spde_st_group",5,"count",4,10.845794503436,12.1535380507343
"mistletoe",22,"inla_spde_st_group",5,"count",11,10.845794503436,12.1535380507343
"mistletoe",22,"inla_spde_st_group",5,"count",11,11.1749627686302,12.1535380507343
"mistletoe",22,"inla_spde_st_group",5,"count",2,11.0857474128088,12.1535380507343
"mistletoe",22,"inla_spde_st_group",5,"count",15,11.0324638226855,12.1535380507343
"mistletoe",22,"inla_spde_st_group",5,"count",28,10.713443287196,12.1535380507343
"mistletoe",22,"inla_spde_st_group",5,"count",17,10.7214513932953,12.1535380507343
"mistletoe",22,"inla_spde_st_group",5,"count",21,10.714806295273,12.1535380507343
"mistletoe",22,"inla_spde_st_group",5,"count",12,10.7885309723569,12.1535380507343
"mistletoe",22,"inla_spde_st_group",5,"count",5,10.7027419581949,12.1535380507343
"mistletoe",22,"inla_spde_st_group",5,"count",14,10.7961428694798,12.1535380507343
"mistletoe",22,"inla_spde_st_group",5,"count",9,12.745649578544,12.1535380507343
"mistletoe",22,"inla_spde_st_group",5,"count",13,11.0935451644001,12.1535380507343
"mistletoe",22,"inla_spde_st_group",5,"count",21,11.1182922349724,12.1535380507343
"mistletoe",22,"inla_spde_st_group",5,"count",7,11.0301696880096,12.1535380507343
"mistletoe",22,"inla_spde_st_group",5,"count",9,11.2836742341883,12.1535380507343
"mistletoe",22,"inla_spde_st_group",5,"count",16,11.0681795920755,12.1535380507343
"mistletoe",22,"inla_spde_st_group",5,"count",9,10.9788917118852,12.1535380507343
"mistletoe",22,"inla_spde_st_group",5,"count",5,10.9085888448239,12.1535380507343
"mistletoe",22,"inla_spde_st_group",5,"count",18,10.9283137530101,12.1535380507343
"mistletoe",22,"inla_spde_st_group",5,"count",24,10.7669896534221,12.1535380507343
"mistletoe",22,"inla_spde_st_group",5,"count",9,11.142527159315,12.1535380507343
"mistletoe",22,"inla_spde_st_group",5,"count",23,11.1554771960775,12.1535380507343
"mistletoe",22,"inla_spde_st_group",5,"count",4,10.713443287196,12.1535380507343
"mistletoe",22,"inla_spde_st_group",5,"count",19,10.0573709653098,12.1535380507343
"mistletoe",22,"inla_spde_st_group",5,"count",3,11.0324638226855,12.1535380507343
"mistletoe",22,"inla_spde_st_group",5,"count",12,10.9464366680374,12.1535380507343
"mistletoe",22,"inla_spde_st_group",5,"count",7,11.0429100034396,12.1535380507343
"mistletoe",22,"inla_spde_st_group",5,"count",1,10.8641886180189,12.1535380507343
"mistletoe",22,"inla_spde_st_group",5,"count",6,10.8641886180189,12.1535380507343
"mistletoe",22,"inla_spde_st_group",5,"count",10,11.0344677295132,12.1535380507343
"mistletoe",22,"inla_spde_st_group",5,"count",12,11.0344677295132,12.1535380507343
"mistletoe",22,"inla_spde_st_group",5,"count",2,10.713443287196,12.1535380507343
"mistletoe",22,"inla_spde_st_group",5,"count",9,10.6286894498988,12.1535380507343
"mistletoe",22,"inla_spde_st_group",5,"count",20,10.7214513932953,12.1535380507343
"mistletoe",22,"inla_spde_st_group",5,"count",15,10.5503755534844,12.1535380507343
"mistletoe",22,"inla_spde_st_group",5,"count",7,10.714806295273,12.1535380507343
"mistletoe",22,"inla_spde_st_group",5,"count",1,10.7885309723569,12.1535380507343
"mistletoe",22,"inla_spde_st_group",5,"count",8,10.7027419581949,12.1535380507343
"mistletoe",22,"inla_spde_st_group",5,"count",14,10.7961428694798,12.1535380507343
"mistletoe",22,"inla_spde_st_group",5,"count",4,10.6248589264879,12.1535380507343
"mistletoe",22,"inla_spde_st_group",5,"count",9,10.7900328817439,12.1535380507343
"mistletoe",22,"inla_spde_st_group",5,"count",8,10.7900328817439,12.1535380507343
"mistletoe",22,"inla_spde_st_group",5,"count",19,12.3281695778211,12.1535380507343
"mistletoe",22,"inla_spde_st_group",5,"count",14,12.3646403387261,12.1535380507343
"mistletoe",22,"inla_spde_st_group",5,"count",10,12.3646403387261,12.1535380507343
"mistletoe",22,"inla_spde_st_group",5,"count",14,11.7696958937161,12.1535380507343
"mistletoe",22,"inla_spde_st_group",5,"count",10,9.57998385799459,12.1535380507343
"mistletoe",22,"inla_spde_st_group",5,"count",9,13.2116493003573,12.1535380507343
"mistletoe",22,"inla_spde_st_group",5,"count",12,14.6517920381593,12.1535380507343
"mistletoe",22,"inla_spde_st_group",5,"count",8,11.1630583953157,12.1535380507343
"mistletoe",22,"inla_spde_st_group",5,"count",8,11.1630583953157,12.1535380507343
"mistletoe",22,"inla_spde_st_group",5,"count",0,9.15312519674863,12.1535380507343
"mistletoe",22,"inla_spde_st_group",5,"count",9,12.4936801914925,12.1535380507343
"mistletoe",22,"inla_spde_st_group",5,"count",5,10.9957198243021,12.1535380507343
"mistletoe",22,"inla_spde_st_group",5,"count",8,11.4852489405692,12.1535380507343
"mistletoe",22,"inla_spde_st_group",5,"count",3,11.3229060426189,12.1535380507343
"mistletoe",22,"inla_spde_st_group",5,"count",6,11.3229060426189,12.1535380507343
"mistletoe",22,"inla_spde_st_group",5,"count",11,11.2280123444583,12.1535380507343
"mistletoe",22,"inla_spde_st_group",5,"count",7,11.1182922349724,12.1535380507343
"mistletoe",22,"inla_spde_st_group",5,"count",8,11.1722299058338,12.1535380507343
"mistletoe",22,"inla_spde_st_group",5,"count",12,11.1722299058338,12.1535380507343
"mistletoe",22,"inla_spde_st_group",5,"count",5,10.872326749194,12.1535380507343
"mistletoe",22,"inla_spde_st_group",5,"count",11,10.872326749194,12.1535380507343
"mistletoe",22,"inla_spde_st_group",5,"count",17,11.0623930639186,12.1535380507343
"mistletoe",22,"inla_spde_st_group",5,"count",15,11.0623930639186,12.1535380507343
"mistletoe",22,"inla_spde_st_group",5,"count",2,11.3738173674354,12.1535380507343
"mistletoe",22,"inla_spde_st_group",5,"count",5,11.2836742341883,12.1535380507343
"mistletoe",22,"inla_spde_st_group",5,"count",7,11.4280326363819,12.1535380507343
"mistletoe",22,"inla_spde_st_group",5,"count",16,11.4280326363819,12.1535380507343
"mistletoe",22,"inla_spde_st_group",5,"count",8,11.1252612225098,12.1535380507343
"mistletoe",22,"inla_spde_st_group",5,"count",4,11.1252612225098,12.1535380507343
"mistletoe",22,"inla_spde_st_group",5,"count",11,11.3188840048135,12.1535380507343
"mistletoe",22,"inla_spde_st_group",5,"count",15,11.3188840048135,12.1535380507343
"mistletoe",22,"inla_spde_st_group",5,"count",6,11.2251549473601,12.1535380507343
"mistletoe",22,"inla_spde_st_group",5,"count",10,11.2251549473601,12.1535380507343
"mistletoe",22,"inla_spde_st_group",5,"count",6,10.9335088986283,12.1535380507343
"mistletoe",22,"inla_spde_st_group",5,"count",5,10.9335088986283,12.1535380507343
"mistletoe",22,"inla_spde_st_group",5,"count",11,11.123163312979,12.1535380507343
"mistletoe",22,"inla_spde_st_group",5,"count",13,11.123163312979,12.1535380507343
"mistletoe",22,"inla_spde_st_group",5,"count",6,11.6423000164843,12.1535380507343
"mistletoe",22,"inla_spde_st_group",5,"count",6,11.6423000164843,12.1535380507343
"mistletoe",22,"inla_spde_st_group",5,"count",13,11.6423000164843,12.1535380507343
"mistletoe",22,"inla_spde_st_group",5,"count",9,9.82946171565836,12.1535380507343
"mistletoe",22,"inla_spde_st_group",5,"count",25,9.41213181869256,12.1535380507343
"mistletoe",22,"inla_spde_st_group",5,"count",3,12.9900277352757,12.1535380507343
"mistletoe",22,"inla_spde_st_group",5,"count",13,12.9900277352757,12.1535380507343
"mistletoe",22,"inla_spde_st_group",5,"count",20,10.5375591202507,12.1535380507343
"mistletoe",22,"inla_spde_st_group",5,"count",11,13.6227201522126,12.1535380507343
"mistletoe",22,"inla_spde_st_group",5,"count",16,13.6227201522126,12.1535380507343
"mistletoe",22,"inla_spde_st_group",5,"count",15,14.9822511080821,12.1535380507343
"mistletoe",22,"inla_spde_st_group",5,"count",6,11.5458512694642,12.1535380507343
"mistletoe",22,"inla_spde_st_group",5,"count",5,12.8832428079831,12.1535380507343
"mistletoe",22,"inla_spde_st_group",5,"count",12,12.8832428079831,12.1535380507343
"mistletoe",22,"inla_spde_st_group",5,"count",5,11.1869751123795,12.1535380507343
"mistletoe",22,"inla_spde_st_group",5,"count",7,11.1869751123795,12.1535380507343
"mistletoe",22,"inla_spde_st_group",5,"count",10,9.55229438058678,12.1535380507343
"mistletoe",22,"inla_spde_st_group",5,"count",11,9.55229438058678,12.1535380507343
"mistletoe",22,"inla_spde_st_group",5,"count",14,9.17145943732648,12.1535380507343
"mistletoe",22,"inla_spde_st_group",5,"count",17,9.17145943732648,12.1535380507343
"mistletoe",22,"inla_spde_st_group",5,"count",8,9.79257468481812,12.1535380507343
"mistletoe",22,"inla_spde_st_group",5,"count",7,9.79257468481812,12.1535380507343
"mistletoe",22,"inla_spde_st_group",5,"count",7,12.1665697321469,12.1535380507343
"mistletoe",22,"inla_spde_st_group",5,"count",3,12.1665697321469,12.1535380507343
"mistletoe",22,"inla_spde_st_group",5,"count",12,13.3146275261346,12.1535380507343
"mistletoe",22,"inla_spde_st_group",5,"count",11,10.377670959719,12.1535380507343
"mistletoe",22,"inla_spde_st_group",5,"count",11,9.95831659473865,12.1535380507343
"mistletoe",22,"inla_spde_st_group",5,"count",11,10.6518853365954,12.1535380507343
"mistletoe",22,"inla_spde_st_group",5,"count",9,11.6556827453656,12.1535380507343
"mistletoe",22,"inla_spde_st_group",5,"count",13,11.5232076755193,12.1535380507343
"mistletoe",22,"inla_spde_st_group",5,"count",3,11.5232076755193,12.1535380507343
"mistletoe",22,"inla_spde_st_group",5,"count",28,11.688651697093,12.1535380507343
"mistletoe",22,"inla_spde_st_group",5,"count",5,11.0681795920755,12.1535380507343
"mistletoe",22,"inla_spde_st_group",5,"count",9,11.0704033652757,12.1535380507343
"mistletoe",22,"inla_spde_st_group",5,"count",15,11.0704033652757,12.1535380507343
"mistletoe",22,"inla_spde_st_group",5,"count",8,10.9085888448239,12.1535380507343
"mistletoe",22,"inla_spde_st_group",5,"count",9,11.0741616582532,12.1535380507343
"mistletoe",22,"inla_spde_st_group",5,"count",12,11.0862014160251,12.1535380507343
"mistletoe",22,"inla_spde_st_group",5,"count",10,10.9963323041787,12.1535380507343
"mistletoe",22,"inla_spde_st_group",5,"count",13,11.0867610789819,12.1535380507343
"mistletoe",22,"inla_spde_st_group",5,"count",22,11.0867610789819,12.1535380507343
"mistletoe",22,"inla_spde_st_group",5,"count",10,10.9283137530101,12.1535380507343
"mistletoe",22,"inla_spde_st_group",5,"count",17,11.0929964376959,12.1535380507343
"mistletoe",22,"inla_spde_st_group",5,"count",15,11.0929964376959,12.1535380507343
"mistletoe",22,"inla_spde_st_group",5,"count",9,10.7711358557799,12.1535380507343
"mistletoe",22,"inla_spde_st_group",5,"count",9,10.7669896534221,12.1535380507343
"mistletoe",22,"inla_spde_st_group",5,"count",8,10.621227056718,12.1535380507343
"mistletoe",22,"inla_spde_st_group",5,"count",10,10.621227056718,12.1535380507343
"mistletoe",22,"inla_spde_st_group",5,"count",12,10.7783873329934,12.1535380507343
"mistletoe",22,"inla_spde_st_group",5,"count",8,10.3690075062756,12.1535380507343
"mistletoe",22,"inla_spde_st_group",5,"count",8,9.98000031879013,12.1535380507343
"mistletoe",22,"inla_spde_st_group",5,"count",10,9.98000031879013,12.1535380507343
"mistletoe",22,"inla_spde_st_group",5,"count",4,9.79138609675387,12.1535380507343
"mistletoe",22,"inla_spde_st_group",5,"count",6,10.6577995926518,12.1535380507343
"mistletoe",22,"inla_spde_st_group",5,"count",11,11.070654477404,12.1535380507343
"mistletoe",22,"inla_spde_st_group",5,"count",4,10.40579066951,12.1535380507343
"mistletoe",22,"inla_spde_st_group",5,"count",6,9.99810981042938,12.1535380507343
"mistletoe",22,"inla_spde_st_group",5,"count",4,9.99810981042938,12.1535380507343
"mistletoe",22,"inla_spde_st_group",5,"count",3,9.79739963713215,12.1535380507343
"mistletoe",22,"inla_spde_st_group",5,"count",8,9.79739963713215,12.1535380507343
"mistletoe",22,"inla_spde_st_group",5,"count",5,10.7043146125247,12.1535380507343
"mistletoe",22,"inla_spde_st_group",5,"count",7,11.154012474569,12.1535380507343
"mistletoe",22,"inla_spde_st_group",5,"count",17,11.0126767409167,12.1535380507343
"mistletoe",22,"inla_spde_st_group",5,"count",3,11.1253378606833,12.1535380507343
"mistletoe",22,"inla_spde_st_group",5,"count",9,11.1253378606833,12.1535380507343
"mistletoe",22,"inla_spde_st_group",5,"count",6,10.9218377569019,12.1535380507343
"mistletoe",22,"inla_spde_st_group",5,"count",27,11.1554771960775,12.1535380507343
"mistletoe",22,"inla_spde_st_group",5,"count",12,10.7631505127402,12.1535380507343
"mistletoe",22,"inla_spde_st_group",5,"count",4,10.6788966338205,12.1535380507343
"mistletoe",22,"inla_spde_st_group",5,"count",4,10.7770081744404,12.1535380507343
"mistletoe",22,"inla_spde_st_group",5,"count",14,10.7770081744404,12.1535380507343
"mistletoe",22,"inla_spde_st_group",5,"count",4,10.5913445533278,12.1535380507343
"mistletoe",22,"inla_spde_st_group",5,"count",9,10.5913445533278,12.1535380507343
"mistletoe",22,"inla_spde_st_group",5,"count",5,10.759842725809,12.1535380507343
"mistletoe",22,"inla_spde_st_group",5,"count",6,10.759842725809,12.1535380507343
"mistletoe",22,"inla_spde_st_group",5,"count",19,13.8818605603872,12.1535380507343
"mistletoe",22,"inla_spde_st_group",5,"count",10,16.7247008854863,12.1535380507343
"mistletoe",22,"inla_spde_st_group",5,"count",20,16.4161891546258,12.1535380507343
"mistletoe",22,"inla_spde_st_group",5,"count",6,14.2694335128046,12.1535380507343
"mistletoe",22,"inla_spde_st_group",5,"count",15,12.3646403387261,12.1535380507343
"mistletoe",22,"inla_spde_st_group",5,"count",18,14.6517920381593,12.1535380507343
"mistletoe",22,"inla_spde_st_group",5,"count",18,12.0210422639922,12.1535380507343
"mistletoe",22,"inla_spde_st_group",5,"count",25,14.0202828254862,12.1535380507343
"mistletoe",22,"inla_spde_st_group",5,"count",18,11.0803305323291,12.1535380507343
"mistletoe",22,"inla_spde_st_group",5,"count",15,11.0803305323291,12.1535380507343
"mistletoe",22,"inla_spde_st_group",5,"count",9,10.6532397838054,12.1535380507343
"mistletoe",22,"inla_spde_st_group",5,"count",19,10.6532397838054,12.1535380507343
"mistletoe",22,"inla_spde_st_group",5,"count",18,10.6248589264879,12.1535380507343
"mistletoe",22,"inla_spde_st_group",5,"count",8,14.4295562476465,12.1535380507343
"mistletoe",22,"inla_spde_st_group",5,"count",11,12.3281695778211,12.1535380507343
"mistletoe",22,"inla_spde_st_group",5,"count",18,9.86568719181377,12.1535380507343
"mistletoe",22,"inla_spde_st_group",5,"count",10,13.8388003811814,12.1535380507343
"mistletoe",22,"inla_spde_st_group",5,"count",19,10.033551009022,12.1535380507343
"mistletoe",22,"inla_spde_st_group",5,"count",11,13.5430656533024,12.1535380507343
"mistletoe",22,"inla_spde_st_group",5,"count",9,12.8609060339598,12.1535380507343
"mistletoe",22,"inla_spde_st_group",5,"count",6,12.8609060339598,12.1535380507343
"mistletoe",22,"inla_spde_st_group",5,"count",7,9.82946171565836,12.1535380507343
"mistletoe",22,"inla_spde_st_group",5,"count",11,9.41213181869256,12.1535380507343
"mistletoe",22,"inla_spde_st_group",5,"count",5,14.2993629039645,12.1535380507343
"mistletoe",22,"inla_spde_st_group",5,"count",10,14.2993629039645,12.1535380507343
"mistletoe",22,"inla_spde_st_group",5,"count",9,10.9997880766923,12.1535380507343
"mistletoe",22,"inla_spde_st_group",5,"count",11,10.9997880766923,12.1535380507343
"mistletoe",22,"inla_spde_st_group",5,"count",8,10.5375591202507,12.1535380507343
"mistletoe",22,"inla_spde_st_group",5,"count",8,11.2696993249752,12.1535380507343
"mistletoe",22,"inla_spde_st_group",5,"count",8,11.2696993249752,12.1535380507343
"mistletoe",22,"inla_spde_st_group",5,"count",9,14.9822511080821,12.1535380507343
"mistletoe",22,"inla_spde_st_group",5,"count",9,11.5458512694642,12.1535380507343
"mistletoe",22,"inla_spde_st_group",5,"count",6,11.0617841924318,12.1535380507343
"mistletoe",22,"inla_spde_st_group",5,"count",47,11.0617841924318,12.1535380507343
"mistletoe",22,"inla_spde_st_group",5,"count",12,11.8304698048437,12.1535380507343
"mistletoe",22,"inla_spde_st_group",5,"count",17,11.8304698048437,12.1535380507343
"mistletoe",22,"inla_spde_st_group",5,"count",13,11.3742427266391,12.1535380507343
"mistletoe",22,"inla_spde_st_group",5,"count",8,11.3742427266391,12.1535380507343
"mistletoe",22,"inla_spde_st_group",5,"count",6,12.2529402885252,12.1535380507343
"mistletoe",22,"inla_spde_st_group",5,"count",21,13.3146275261346,12.1535380507343
"mistletoe",22,"inla_spde_st_group",5,"count",14,10.377670959719,12.1535380507343
"mistletoe",22,"inla_spde_st_group",5,"count",12,9.95831659473865,12.1535380507343
"mistletoe",22,"inla_spde_st_group",5,"count",7,10.6518853365954,12.1535380507343
